# gpu    pwr  gtemp  mtemp     sm    mem    enc    dec    jpg    ofa   mclk   pclk     fb   bar1   ccpm 
# Idx      W      C      C      %      %      %      %      %      %    MHz    MHz     MB     MB     MB 
    0     77     55     59      0      0      0      0      0      0   1512   1410      0      1      0 
    1    275     66     69     99     40      0      0      0      0   1512   1410   1889      4      0 
    0    210     57     59     89     18      0      0      0      0   1512   1410   1577      4      0 
    1    279     66     69     99     40      0      0      0      0   1512   1410   1889      4      0 
    0    205     57     59     88     18      0      0      0      0   1512   1410   1577      4      0 
    1    266     65     69     99     41      0      0      0      0   1512   1410   1889      4      0 
    0    207     57     59     88     18      0      0      0      0   1512   1410   1577      4      0 
    1    269     65     69     99     40      0      0      0      0   1512   1410   1889      4      0 
    0    208     57     59     88     18      0      0      0      0   1512   1410   1577      4      0 
    1    272     65     69     99     41      0      0      0      0   1512   1410   1889      4      0 
    0    207     57     59     88     18      0      0      0      0   1512   1410   1577      4      0 
    1    276     65     69     99     40      0      0      0      0   1512   1410   1889      4      0 
    0    205     57     59     88     18      0      0      0      0   1512   1410   1577      4      0 
    1    276     65     69     99     41      0      0      0      0   1512   1410   1889      4      0 
    0    204     57     59     88     18      0      0      0      0   1512   1410   1577      4      0 
    1    280     65     69     99     41      0      0      0      0   1512   1410   1889      4      0 
    0    209     57     59     88     18      0      0      0      0   1512   1410   1577      4      0 
    1    275     65     69     99     41      0      0      0      0   1512   1410   1889      4      0 
    0    207     57     59     88     18      0      0      0      0   1512   1410   1577      4      0 
    1    275     65     69     99     41      0      0      0      0   1512   1410   1889      4      0 
    0    213     57     59     88     18      0      0      0      0   1512   1410   1577      4      0 
    1    279     65     69     99     41      0      0      0      0   1512   1410   1889      4      0 
    0    206     57     59     88     18      0      0      0      0   1512   1410   1577      4      0 
    1    271     65     69     99     41      0      0      0      0   1512   1410   1889      4      0 
    0    210     57     59     88     18      0      0      0      0   1512   1410   1577      4      0 
    1    269     66     69     99     41      0      0      0      0   1512   1410   1889      4      0 
    0    205     57     59     88     18      0      0      0      0   1512   1410   1577      4      0 
    1    281     66     71     99     42      0      0      0      0   1512   1410   1889      4      0 
    0    207     57     59     88     18      0      0      0      0   1512   1410   1577      4      0 
    1    277     65     69     99     41      0      0      0      0   1512   1410   1889      4      0 
    0    210     57     59     88     18      0      0      0      0   1512   1410   1577      4      0 
    1    277     65     69     99     40      0      0      0      0   1512   1410   1889      4      0 
    0    205     57     59     88     18      0      0      0      0   1512   1410   1577      4      0 
    1    276     65     69     99     41      0      0      0      0   1512   1410   1889      4      0 
    0    210     57     59     88     18      0      0      0      0   1512   1410   1577      4      0 
    1    273     65     69     99     41      0      0      0      0   1512   1410   1889      4      0 
    0    207     56     59     88     18      0      0      0      0   1512   1410   1577      4      0 
    1    263     64     69     99     41      0      0      0      0   1512   1410   1889      4      0 
    0    207     57     59     88     18      0      0      0      0   1512   1410   1577      4      0 
    1    279     65     69     99     41      0      0      0      0   1512   1410   1889      4      0 
    0    210     57     59     88     18      0      0      0      0   1512   1410   1577      4      0 
    1    273     65     69     99     41      0      0      0      0   1512   1410   1889      4      0 
    0    209     57     59     88     18      0      0      0      0   1512   1410   1577      4      0 
    1    274     65     69     99     40      0      0      0      0   1512   1410   1889      4      0 
# gpu    pwr  gtemp  mtemp     sm    mem    enc    dec    jpg    ofa   mclk   pclk     fb   bar1   ccpm 
# Idx      W      C      C      %      %      %      %      %      %    MHz    MHz     MB     MB     MB 
    0    208     56     59     88     18      0      0      0      0   1512   1410   1577      4      0 
    1    272     65     69     99     40      0      0      0      0   1512   1410   1889      4      0 
    0    208     56     59     88     18      0      0      0      0   1512   1410   1575      4      0 
    1    281     65     69     99     41      0      0      0      0   1512   1410   1889      4      0 
    0    207     57     59     88     18      0      0      0      0   1512   1410   1577      4      0 
    1    273     65     69     99     41      0      0      0      0   1512   1410   1889      4      0 
    0    212     57     59     88     18      0      0      0      0   1512   1410   1577      4      0 
    1    267     66     71     99     41      0      0      0      0   1512   1410   1889      4      0 
    0    207     57     59     88     18      0      0      0      0   1512   1410   1577      4      0 
    1    281     66     69     99     41      0      0      0      0   1512   1410   1889      4      0 
    0    208     57     59     88     18      0      0      0      0   1512   1410   1575      4      0 
    1    275     65     69     99     40      0      0      0      0   1512   1410   1889      4      0 
    0    212     57     59     88     18      0      0      0      0   1512   1410   1577      4      0 
    1    279     65     69     99     40      0      0      0      0   1512   1410   1889      4      0 
    0    212     56     59     88     18      0      0      0      0   1512   1410   1577      4      0 
    1    274     65     69     99     41      0      0      0      0   1512   1410   1889      4      0 
    0    208     56     59     88     18      0      0      0      0   1512   1410   1577      4      0 
    1    278     64     69     99     41      0      0      0      0   1512   1410   1889      4      0 
    0    212     56     59     88     18      0      0      0      0   1512   1410   1577      4      0 
    1    269     65     69     99     40      0      0      0      0   1512   1410   1889      4      0 
    0    209     57     59     88     18      0      0      0      0   1512   1410   1577      4      0 
    1    273     66     71     99     41      0      0      0      0   1512   1410   1889      4      0 
    0    206     57     59     88     18      0      0      0      0   1512   1410   1575      4      0 
    1    284     66     71     99     41      0      0      0      0   1512   1410   1889      4      0 
    0    207     57     59     88     18      0      0      0      0   1512   1410   1577      4      0 
    1    276     66     69     99     41      0      0      0      0   1512   1410   1889      4      0 
    0    208     57     59     88     18      0      0      0      0   1512   1410   1577      4      0 
    1    276     65     69     99     41      0      0      0      0   1512   1410   1889      4      0 
    0    211     56     59     88     18      0      0      0      0   1512   1410   1577      4      0 
    1    277     65     69     99     40      0      0      0      0   1512   1410   1889      4      0 
    0    206     56     59     88     18      0      0      0      0   1512   1410   1577      4      0 
    1    271     65     69     99     41      0      0      0      0   1512   1410   1889      4      0 
    0    209     56     59     88     18      0      0      0      0   1512   1410   1577      4      0 
    1    273     65     69     99     41      0      0      0      0   1512   1410   1889      4      0 
    0    210     56     59     88     18      0      0      0      0   1512   1410   1577      4      0 
    1    274     65     69     99     41      0      0      0      0   1512   1410   1889      4      0 
    0    207     56     59     88     18      0      0      0      0   1512   1410   1577      4      0 
    1    278     65     69     99     41      0      0      0      0   1512   1410   1889      4      0 
    0    209     57     59     88     18      0      0      0      0   1512   1410   1577      4      0 
    1    277     66     69     99     40      0      0      0      0   1512   1410   1889      4      0 
    0    204     57     59     88     18      0      0      0      0   1512   1410   1577      4      0 
    1    270     66     71     99     41      0      0      0      0   1512   1410   1889      4      0 
    0    210     57     59     88     18      0      0      0      0   1512   1410   1577      4      0 
    1    276     65     69     99     41      0      0      0      0   1512   1410   1889      4      0 
# gpu    pwr  gtemp  mtemp     sm    mem    enc    dec    jpg    ofa   mclk   pclk     fb   bar1   ccpm 
# Idx      W      C      C      %      %      %      %      %      %    MHz    MHz     MB     MB     MB 
    0    207     57     59     88     18      0      0      0      0   1512   1410   1577      4      0 
    1    281     65     69     99     40      0      0      0      0   1512   1410   1889      4      0 
    0    208     56     59     88     18      0      0      0      0   1512   1410   1577      4      0 
    1    273     65     69     99     41      0      0      0      0   1512   1410   1889      4      0 
    0    202     56     59     88     18      0      0      0      0   1512   1410   1577      4      0 
    1    276     64     69     99     41      0      0      0      0   1512   1410   1889      4      0 
    0    212     56     59     88     18      0      0      0      0   1512   1410   1577      4      0 
    1    273     64     69     99     40      0      0      0      0   1512   1410   1889      4      0 
    0    236     57     59     99     22      0      0      0      0   1512   1410   1571      4      0 
    1    280     66     69     98     40      0      0      0      0   1512   1410   1889      4      0 
    0    234     58     61     99     22      0      0      0      0   1512   1410   1571      4      0 
    1    276     65     69     99     40      0      0      0      0   1512   1410   1889      4      0 
    0    238     58     61     99     22      0      0      0      0   1512   1410   1571      4      0 
    1    275     65     69     99     41      0      0      0      0   1512   1410   1889      4      0 
    0    234     58     61     99     22      0      0      0      0   1512   1410   1571      4      0 
    1    274     65     69     99     40      0      0      0      0   1512   1410   1889      4      0 
    0    237     58     61     99     22      0      0      0      0   1512   1410   1571      4      0 
    1    274     64     69     99     41      0      0      0      0   1512   1410   1889      4      0 
    0    234     58     61     99     22      0      0      0      0   1512   1410   1571      4      0 
    1    274     65     69     99     40      0      0      0      0   1512   1410   1889      4      0 
    0    236     59     61     99     22      0      0      0      0   1512   1410   1571      4      0 
    1    272     65     69     99     40      0      0      0      0   1512   1410   1889      4      0 
    0    242     59     61     99     22      0      0      0      0   1512   1410   1571      4      0 
    1    280     65     69     73     30      0      0      0      0   1512   1410   1889      4      0 
    0    237     59     61     99     22      0      0      0      0   1512   1410   1571      4      0 
    1    275     65     69     99     40      0      0      0      0   1512   1410   1889      4      0 
    0    238     59     61     99     22      0      0      0      0   1512   1410   1571      4      0 
    1    277     65     69     99     40      0      0      0      0   1512   1410   1889      4      0 
    0    241     59     61     99     22      0      0      0      0   1512   1410   1571      4      0 
    1    271     64     69     99     41      0      0      0      0   1512   1410   1889      4      0 
    0    241     59     61     99     22      0      0      0      0   1512   1410   1571      4      0 
    1    279     64     69     99     41      0      0      0      0   1512   1410   1889      4      0 
    0    238     60     63     99     22      0      0      0      0   1512   1410   1571      4      0 
    1    270     66     69     99     40      0      0      0      0   1512   1410   1889      4      0 
    0    242     60     63     99     22      0      0      0      0   1512   1410   1571      4      0 
    1    273     66     71     99     41      0      0      0      0   1512   1410   1889      4      0 
    0    238     60     63     99     22      0      0      0      0   1512   1410   1571      4      0 
    1    274     65     69     99     41      0      0      0      0   1512   1410   1889      4      0 
    0    240     60     63     99     22      0      0      0      0   1512   1410   1571      4      0 
    1    272     61     65      8      3      0      0      0      0   1512   1410   1889      4      0 
    0    242     61     63     99     22      0      0      0      0   1512   1410   1571      4      0 
    1    275     65     69     99     41      0      0      0      0   1512   1410   1889      4      0 
    0    242     61     63     99     22      0      0      0      0   1512   1410   1571      4      0 
    1    280     65     69     99     41      0      0      0      0   1512   1410   1889      4      0 
# gpu    pwr  gtemp  mtemp     sm    mem    enc    dec    jpg    ofa   mclk   pclk     fb   bar1   ccpm 
# Idx      W      C      C      %      %      %      %      %      %    MHz    MHz     MB     MB     MB 
    0    238     61     63     99     22      0      0      0      0   1512   1410   1571      4      0 
    1    277     65     69     99     41      0      0      0      0   1512   1410   1889      4      0 
    0    239     61     63     99     22      0      0      0      0   1512   1410   1571      4      0 
    1    268     65     69     99     41      0      0      0      0   1512   1410   1889      4      0 
    0    243     60     63     99     22      0      0      0      0   1512   1410   1571      4      0 
    1    276     65     69     99     41      0      0      0      0   1512   1410   1889      4      0 
    0    241     60     63     99     22      0      0      0      0   1512   1410   1571      4      0 
    1    280     64     69     99     41      0      0      0      0   1512   1410   1889      4      0 
    0    241     60     63     99     22      0      0      0      0   1512   1410   1571      4      0 
    1    271     64     69     99     41      0      0      0      0   1512   1410   1889      4      0 
    0    239     61     63     99     22      0      0      0      0   1512   1410   1571      4      0 
    1    277     65     69     99     41      0      0      0      0   1512   1410   1889      4      0 
    0    241     61     65     99     22      0      0      0      0   1512   1410   1571      4      0 
    1    271     66     71     99     41      0      0      0      0   1512   1410   1889      4      0 
    0    238     61     63     99     22      0      0      0      0   1512   1410   1571      4      0 
    1    278     66     69     99     41      0      0      0      0   1512   1410   1889      4      0 
    0    241     61     63     99     22      0      0      0      0   1512   1410   1571      4      0 
    1    279     65     69     99     41      0      0      0      0   1512   1410   1889      4      0 
    0    239     61     63     99     22      0      0      0      0   1512   1410   1571      4      0 
    1    275     65     69     99     41      0      0      0      0   1512   1410   1889      4      0 
    0    242     61     63     99     22      0      0      0      0   1512   1410   1571      4      0 
    1    274     65     69     99     41      0      0      0      0   1512   1410   1889      4      0 
    0    242     61     63     99     22      0      0      0      0   1512   1410   1571      4      0 
    1    273     64     69     99     41      0      0      0      0   1512   1410   1889      4      0 
    0    242     61     63     99     22      0      0      0      0   1512   1410   1571      4      0 
    1    278     64     69     99     41      0      0      0      0   1512   1410   1889      4      0 
    0    243     61     63     99     22      0      0      0      0   1512   1410   1571      4      0 
    1    274     65     69     99     41      0      0      0      0   1512   1410   1889      4      0 
    0    243     61     63     99     22      0      0      0      0   1512   1410   1571      4      0 
    1    271     65     69     99     41      0      0      0      0   1512   1410   1889      4      0 
    0    239     61     63     99     22      0      0      0      0   1512   1410   1571      4      0 
    1    277     65     69     99     41      0      0      0      0   1512   1410   1889      4      0 
    0    243     61     63     99     22      0      0      0      0   1512   1410   1571      4      0 
    1    261     65     69     99     40      0      0      0      0   1512   1410   1889      4      0 
    0    242     61     63     99     22      0      0      0      0   1512   1410   1571      4      0 
    1    266     65     69     99     40      0      0      0      0   1512   1410   1889      4      0 
    0    240     61     65     99     22      0      0      0      0   1512   1410   1571      4      0 
    1    276     65     69     99     41      0      0      0      0   1512   1410   1889      4      0 
    0    241     61     65     99     22      0      0      0      0   1512   1410   1571      4      0 
    1    276     65     69     99     41      0      0      0      0   1512   1410   1889      4      0 
    0    242     61     63     99     22      0      0      0      0   1512   1410   1571      4      0 
    1    274     65     69     99     41      0      0      0      0   1512   1410   1889      4      0 
    0    241     61     63     99     22      0      0      0      0   1512   1410   1571      4      0 
    1    275     65     69     99     40      0      0      0      0   1512   1410   1889      4      0 
# gpu    pwr  gtemp  mtemp     sm    mem    enc    dec    jpg    ofa   mclk   pclk     fb   bar1   ccpm 
# Idx      W      C      C      %      %      %      %      %      %    MHz    MHz     MB     MB     MB 
    0    241     62     65     99     22      0      0      0      0   1512   1410   1571      4      0 
    1    276     65     69     99     41      0      0      0      0   1512   1410   1889      4      0 
    0    237     62     65     99     22      0      0      0      0   1512   1410   1571      4      0 
    1    280     66     71     99     40      0      0      0      0   1512   1410   1889      4      0 
    0    243     62     65     99     22      0      0      0      0   1512   1410   1571      4      0 
    1    283     65     69     99     41      0      0      0      0   1512   1410   1889      4      0 
    0    243     62     65     99     22      0      0      0      0   1512   1410   1571      4      0 
    1    272     65     69     99     41      0      0      0      0   1512   1410   1889      4      0 
    0    239     61     65     99     22      0      0      0      0   1512   1410   1571      4      0 
    1    279     65     69     99     41      0      0      0      0   1512   1410   1889      4      0 
    0    240     61     63     99     22      0      0      0      0   1512   1410   1571      4      0 
    1    272     65     69     99     41      0      0      0      0   1512   1410   1889      4      0 
    0    242     61     63     99     22      0      0      0      0   1512   1410   1571      4      0 
    1    276     64     69     99     41      0      0      0      0   1512   1410   1889      4      0 
    0    244     61     63     99     22      0      0      0      0   1512   1410   1571      4      0 
    1    275     65     69     99     41      0      0      0      0   1512   1410   1889      4      0 
    0    240     61     65     99     22      0      0      0      0   1512   1410   1571      4      0 
    1    281     65     69     99     41      0      0      0      0   1512   1410   1889      4      0 
    0    241     61     63     99     22      0      0      0      0   1512   1410   1571      4      0 
    1    272     64     69     99     42      0      0      0      0   1512   1410   1889      4      0 
    0    237     61     63     99     22      0      0      0      0   1512   1410   1571      4      0 
    1    275     65     69     99     41      0      0      0      0   1512   1410   1889      4      0 
    0    241     62     65     99     22      0      0      0      0   1512   1410   1571      4      0 
    1    271     66     69     99     40      0      0      0      0   1512   1410   1889      4      0 
    0    241     62     65     99     22      0      0      0      0   1512   1410   1571      4      0 
    1    271     66     71     99     40      0      0      0      0   1512   1410   1889      4      0 
    0    243     62     65     99     22      0      0      0      0   1512   1410   1571      4      0 
    1    281     65     69     99     41      0      0      0      0   1512   1410   1889      4      0 
    0    241     61     65     99     22      0      0      0      0   1512   1410   1571      4      0 
    1    273     65     69     99     41      0      0      0      0   1512   1410   1889      4      0 
    0    242     61     65     99     22      0      0      0      0   1512   1410   1571      4      0 
    1    272     65     69     99     40      0      0      0      0   1512   1410   1889      4      0 
    0    242     61     63     99     22      0      0      0      0   1512   1410   1571      4      0 
    1    277     64     69     99     40      0      0      0      0   1512   1410   1889      4      0 
    0    242     61     65     99     22      0      0      0      0   1512   1410   1571      4      0 
    1    275     65     69     99     41      0      0      0      0   1512   1410   1889      4      0 
    0    243     62     65     99     22      0      0      0      0   1512   1410   1571      4      0 
    1    275     65     69     99     41      0      0      0      0   1512   1410   1889      4      0 
    0    242     61     65     99     22      0      0      0      0   1512   1410   1571      4      0 
    1    272     65     69     99     40      0      0      0      0   1512   1410   1889      4      0 
    0    237     61     63     99     22      0      0      0      0   1512   1410   1571      4      0 
    1    279     65     69     99     41      0      0      0      0   1512   1410   1889      4      0 
    0    242     61     63     99     22      0      0      0      0   1512   1410   1571      4      0 
    1    270     64     69     99     40      0      0      0      0   1512   1410   1889      4      0 
# gpu    pwr  gtemp  mtemp     sm    mem    enc    dec    jpg    ofa   mclk   pclk     fb   bar1   ccpm 
# Idx      W      C      C      %      %      %      %      %      %    MHz    MHz     MB     MB     MB 
    0    242     61     63     99     22      0      0      0      0   1512   1410   1571      4      0 
    1    277     64     69     99     41      0      0      0      0   1512   1410   1889      4      0 
    0    244     62     65     99     22      0      0      0      0   1512   1410   1571      4      0 
    1    271     65     69     99     41      0      0      0      0   1512   1410   1889      4      0 
    0    242     62     65     99     22      0      0      0      0   1512   1410   1571      4      0 
    1    278     66     71     99     41      0      0      0      0   1512   1410   1889      4      0 
    0    242     62     65     99     22      0      0      0      0   1512   1410   1571      4      0 
    1    275     65     69     99     41      0      0      0      0   1512   1410   1889      4      0 
    0    242     61     65     99     22      0      0      0      0   1512   1410   1571      4      0 
    1    276     65     69     99     40      0      0      0      0   1512   1410   1889      4      0 
    0    241     61     63     99     22      0      0      0      0   1512   1410   1571      4      0 
    1    272     65     69     99     40      0      0      0      0   1512   1410   1889      4      0 
    0    240     61     63     99     22      0      0      0      0   1512   1410   1571      4      0 
    1    270     65     69     99     41      0      0      0      0   1512   1410   1889      4      0 
    0    240     61     63     99     22      0      0      0      0   1512   1410   1571      4      0 
    1    271     64     69     99     41      0      0      0      0   1512   1410   1889      4      0 
    0    243     62     65     99     22      0      0      0      0   1512   1410   1571      4      0 
    1    281     65     69     99     40      0      0      0      0   1512   1410   1889      4      0 
    0    243     62     65     99     22      0      0      0      0   1512   1410   1571      4      0 
    1    274     66     71     99     41      0      0      0      0   1512   1410   1889      4      0 
    0    241     62     65     99     22      0      0      0      0   1512   1410   1571      4      0 
    1    275     66     71     99     40      0      0      0      0   1512   1410   1889      4      0 
    0    241     62     65     99     22      0      0      0      0   1512   1410   1571      4      0 
    1    272     65     69     99     40      0      0      0      0   1512   1410   1889      4      0 
    0    242     62     65     99     22      0      0      0      0   1512   1410   1571      4      0 
    1    277     65     69     99     41      0      0      0      0   1512   1410   1889      4      0 
    0    243     61     65     99     22      0      0      0      0   1512   1410   1571      4      0 
    1    278     65     69     99     41      0      0      0      0   1512   1410   1889      4      0 
    0    239     61     63     99     22      0      0      0      0   1512   1410   1571      4      0 
    1    274     65     69     99     41      0      0      0      0   1512   1410   1889      4      0 
    0    241     61     63     99     22      0      0      0      0   1512   1410   1571      4      0 
    1    277     65     69     99     41      0      0      0      0   1512   1410   1889      4      0 
    0    243     62     65     99     22      0      0      0      0   1512   1410   1571      4      0 
    1    275     64     69     99     40      0      0      0      0   1512   1410   1889      4      0 
    0    240     62     65     99     22      0      0      0      0   1512   1410   1571      4      0 
    1    278     66     69     99     41      0      0      0      0   1512   1410   1889      4      0 
    0    242     62     65     99     22      0      0      0      0   1512   1410   1571      4      0 
    1    277     65     69     99     41      0      0      0      0   1512   1410   1889      4      0 
    0    243     62     65     99     22      0      0      0      0   1512   1410   1571      4      0 
    1    272     65     69     99     41      0      0      0      0   1512   1410   1889      4      0 
    0    242     61     65     99     22      0      0      0      0   1512   1410   1571      4      0 
    1    269     65     69     99     41      0      0      0      0   1512   1410   1889      4      0 
    0    244     61     63     99     22      0      0      0      0   1512   1410   1571      4      0 
    1    277     65     69     99     41      0      0      0      0   1512   1410   1889      4      0 
# gpu    pwr  gtemp  mtemp     sm    mem    enc    dec    jpg    ofa   mclk   pclk     fb   bar1   ccpm 
# Idx      W      C      C      %      %      %      %      %      %    MHz    MHz     MB     MB     MB 
    0    242     61     63     99     22      0      0      0      0   1512   1410   1571      4      0 
    1    273     64     69     99     41      0      0      0      0   1512   1410   1889      4      0 
    0    240     62     65     99     22      0      0      0      0   1512   1410   1571      4      0 
    1    272     65     69     99     41      0      0      0      0   1512   1410   1889      4      0 
    0    241     62     65     99     22      0      0      0      0   1512   1410   1571      4      0 
    1    274     65     69     99     41      0      0      0      0   1512   1410   1889      4      0 
    0    243     62     65     99     22      0      0      0      0   1512   1410   1571      4      0 
    1    281     65     69     99     41      0      0      0      0   1512   1410   1889      4      0 
    0    243     62     65     99     22      0      0      0      0   1512   1410   1571      4      0 
    1    276     65     69     99     41      0      0      0      0   1512   1410   1889      4      0 
    0    242     61     65     99     22      0      0      0      0   1512   1410   1571      4      0 
    1    273     65     69     99     41      0      0      0      0   1512   1410   1889      4      0 
    0    241     61     63     99     22      0      0      0      0   1512   1410   1571      4      0 
    1    271     65     69     99     41      0      0      0      0   1512   1410   1889      4      0 
    0    244     61     63     99     22      0      0      0      0   1512   1410   1571      4      0 
    1    279     65     69     99     41      0      0      0      0   1512   1410   1889      4      0 
    0    242     61     65     99     22      0      0      0      0   1512   1410   1571      4      0 
    1    281     65     69     99     41      0      0      0      0   1512   1410   1889      4      0 
    0    243     61     63     99     22      0      0      0      0   1512   1410   1571      4      0 
    1    275     65     69     99     41      0      0      0      0   1512   1410   1889      4      0 
    0    240     61     63     99     22      0      0      0      0   1512   1410   1571      4      0 
    1    279     64     67     99     41      0      0      0      0   1512   1410   1889      4      0 
    0    242     62     65     99     22      0      0      0      0   1512   1410   1571      4      0 
    1    271     65     69     99     41      0      0      0      0   1512   1410   1889      4      0 
    0    238     62     65     99     22      0      0      0      0   1512   1410   1571      4      0 
    1    268     65     69     99     41      0      0      0      0   1512   1410   1889      4      0 
    0    243     62     65     99     22      0      0      0      0   1512   1410   1571      4      0 
    1    272     65     69     99     41      0      0      0      0   1512   1410   1889      4      0 
    0    240     62     65     99     22      0      0      0      0   1512   1410   1571      4      0 
    1    268     65     69     99     40      0      0      0      0   1512   1410   1889      4      0 
    0    243     61     63     99     22      0      0      0      0   1512   1410   1571      4      0 
    1    269     64     69     99     41      0      0      0      0   1512   1410   1889      4      0 
    0    239     62     65     99     22      0      0      0      0   1512   1410   1571      4      0 
    1    274     65     69     99     40      0      0      0      0   1512   1410   1889      4      0 
    0    243     62     65     99     22      0      0      0      0   1512   1410   1571      4      0 
    1    277     66     71     99     42      0      0      0      0   1512   1410   1889      4      0 
    0    240     62     65     99     22      0      0      0      0   1512   1410   1571      4      0 
    1    277     65     69     99     40      0      0      0      0   1512   1410   1889      4      0 
    0    242     62     65     99     22      0      0      0      0   1512   1410   1571      4      0 
    1    277     65     69     99     41      0      0      0      0   1512   1410   1889      4      0 
    0    242     61     65     99     22      0      0      0      0   1512   1410   1571      4      0 
    1    276     65     69     99     41      0      0      0      0   1512   1410   1889      4      0 
    0    244     61     63     99     22      0      0      0      0   1512   1410   1571      4      0 
    1    274     64     69     99     41      0      0      0      0   1512   1410   1889      4      0 
# gpu    pwr  gtemp  mtemp     sm    mem    enc    dec    jpg    ofa   mclk   pclk     fb   bar1   ccpm 
# Idx      W      C      C      %      %      %      %      %      %    MHz    MHz     MB     MB     MB 
    0    242     61     65     99     22      0      0      0      0   1512   1410   1571      4      0 
    1    272     65     69     99     41      0      0      0      0   1512   1410   1889      4      0 
    0    242     62     65     99     22      0      0      0      0   1512   1410   1571      4      0 
    1    276     66     71     99     41      0      0      0      0   1512   1410   1889      4      0 
    0    244     62     65     99     22      0      0      0      0   1512   1410   1571      4      0 
    1    273     65     69     99     41      0      0      0      0   1512   1410   1889      4      0 
    0    243     62     65     99     22      0      0      0      0   1512   1410   1571      4      0 
    1    281     65     69     99     41      0      0      0      0   1512   1410   1889      4      0 
    0    240     62     65     99     22      0      0      0      0   1512   1410   1571      4      0 
    1    274     65     69     99     41      0      0      0      0   1512   1410   1889      4      0 
    0    240     61     65     99     22      0      0      0      0   1512   1410   1571      4      0 
    1    274     65     69     99     40      0      0      0      0   1512   1410   1889      4      0 
    0    242     61     63     99     22      0      0      0      0   1512   1410   1571      4      0 
    1    276     64     69     99     41      0      0      0      0   1512   1410   1889      4      0 
    0    241     61     63     99     22      0      0      0      0   1512   1410   1571      4      0 
    1    277     65     69     99     41      0      0      0      0   1512   1410   1889      4      0 
    0    246     62     65     99     22      0      0      0      0   1512   1410   1571      4      0 
    1    271     66     71     99     40      0      0      0      0   1512   1410   1889      4      0 
    0    244     62     65     99     22      0      0      0      0   1512   1410   1571      4      0 
    1    280     66     69     99     40      0      0      0      0   1512   1410   1889      4      0 
    0    243     62     65     99     22      0      0      0      0   1512   1410   1571      4      0 
    1    269     65     69     99     41      0      0      0      0   1512   1410   1889      4      0 
    0    245     62     65     99     22      0      0      0      0   1512   1410   1571      4      0 
    1    282     65     69     99     42      0      0      0      0   1512   1410   1889      4      0 
    0    244     61     65     99     22      0      0      0      0   1512   1410   1571      4      0 
    1    275     65     69     99     41      0      0      0      0   1512   1410   1889      4      0 
    0    244     61     65     99     22      0      0      0      0   1512   1410   1571      4      0 
    1    277     65     69     99     40      0      0      0      0   1512   1410   1889      4      0 
    0    242     61     63     99     22      0      0      0      0   1512   1410   1571      4      0 
    1    276     65     69     99     41      0      0      0      0   1512   1410   1889      4      0 
    0    242     62     65     99     22      0      0      0      0   1512   1410   1571      4      0 
    1    272     66     69     99     41      0      0      0      0   1512   1410   1889      4      0 
    0    244     62     65     99     22      0      0      0      0   1512   1410   1571      4      0 
    1    275     66     71     99     41      0      0      0      0   1512   1410   1889      4      0 
    0    243     62     65     99     22      0      0      0      0   1512   1410   1571      4      0 
    1    279     65     69     99     41      0      0      0      0   1512   1410   1889      4      0 
    0    243     62     65     99     22      0      0      0      0   1512   1410   1571      4      0 
    1    279     65     69     99     40      0      0      0      0   1512   1410   1889      4      0 
    0    243     62     65     99     22      0      0      0      0   1512   1410   1571      4      0 
    1    280     65     69     99     41      0      0      0      0   1512   1410   1889      4      0 
    0    242     61     63     99     22      0      0      0      0   1512   1410   1571      4      0 
    1    278     65     69     99     41      0      0      0      0   1512   1410   1889      4      0 
    0    239     62     65     99     22      0      0      0      0   1512   1410   1571      4      0 
    1    275     65     69     99     41      0      0      0      0   1512   1410   1889      4      0 
# gpu    pwr  gtemp  mtemp     sm    mem    enc    dec    jpg    ofa   mclk   pclk     fb   bar1   ccpm 
# Idx      W      C      C      %      %      %      %      %      %    MHz    MHz     MB     MB     MB 
    0    239     62     65     99     22      0      0      0      0   1512   1410   1571      4      0 
    1    266     66     69     99     41      0      0      0      0   1512   1410   1889      4      0 
    0    239     62     65     99     22      0      0      0      0   1512   1410   1571      4      0 
    1    269     65     69     99     41      0      0      0      0   1512   1410   1889      4      0 
    0    236     62     65     99     22      0      0      0      0   1512   1410   1571      4      0 
    1    275     65     69     99     40      0      0      0      0   1512   1410   1889      4      0 
    0    243     61     65     99     22      0      0      0      0   1512   1410   1571      4      0 
    1    276     65     69     99     41      0      0      0      0   1512   1410   1889      4      0 
    0    243     61     63     99     22      0      0      0      0   1512   1410   1571      4      0 
    1    280     64     69     99     41      0      0      0      0   1512   1410   1889      4      0 
    0    244     61     63     99     22      0      0      0      0   1512   1410   1571      4      0 
    1    273     64     69     99     41      0      0      0      0   1512   1410   1889      4      0 
    0    244     62     65     99     22      0      0      0      0   1512   1410   1571      4      0 
    1    278     65     69     99     41      0      0      0      0   1512   1410   1889      4      0 
    0    245     62     65     99     22      0      0      0      0   1512   1410   1571      4      0 
    1    281     66     71     99     41      0      0      0      0   1512   1410   1889      4      0 
    0    243     62     65     99     22      0      0      0      0   1512   1410   1571      4      0 
    1    275     65     69     99     41      0      0      0      0   1512   1410   1889      4      0 
    0    243     62     65     99     22      0      0      0      0   1512   1410   1571      4      0 
    1    273     65     69     99     41      0      0      0      0   1512   1410   1889      4      0 
    0    242     61     65     99     22      0      0      0      0   1512   1410   1571      4      0 
    1    278     65     69     99     41      0      0      0      0   1512   1410   1889      4      0 
    0    242     61     63     99     22      0      0      0      0   1512   1410   1571      4      0 
    1    280     64     69     99     41      0      0      0      0   1512   1410   1889      4      0 
    0    243     61     65     99     22      0      0      0      0   1512   1410   1571      4      0 
    1    273     65     69     99     41      0      0      0      0   1512   1410   1889      4      0 
    0    243     62     65     99     22      0      0      0      0   1512   1410   1571      4      0 
    1    275     65     69     99     40      0      0      0      0   1512   1410   1889      4      0 
    0    243     62     65     99     22      0      0      0      0   1512   1410   1571      4      0 
    1    278     65     69     99     41      0      0      0      0   1512   1410   1889      4      0 
    0    240     62     65     99     22      0      0      0      0   1512   1410   1571      4      0 
    1    283     65     69     99     40      0      0      0      0   1512   1410   1889      4      0 
    0    244     61     65     99     22      0      0      0      0   1512   1410   1571      4      0 
    1    276     65     69     99     41      0      0      0      0   1512   1410   1889      4      0 
    0    240     61     63     99     22      0      0      0      0   1512   1410   1571      4      0 
    1    277     65     69     99     40      0      0      0      0   1512   1410   1889      4      0 
    0    241     61     63     99     22      0      0      0      0   1512   1410   1571      4      0 
    1    275     64     69     99     40      0      0      0      0   1512   1410   1889      4      0 
    0    241     62     65     99     22      0      0      0      0   1512   1410   1571      4      0 
    1    272     65     69     99     41      0      0      0      0   1512   1410   1889      4      0 
    0    241     62     65     99     22      0      0      0      0   1512   1410   1571      4      0 
    1    273     65     69     99     41      0      0      0      0   1512   1410   1889      4      0 
    0    241     61     65     99     22      0      0      0      0   1512   1410   1571      4      0 
    1    275     65     69     99     41      0      0      0      0   1512   1410   1889      4      0 
# gpu    pwr  gtemp  mtemp     sm    mem    enc    dec    jpg    ofa   mclk   pclk     fb   bar1   ccpm 
# Idx      W      C      C      %      %      %      %      %      %    MHz    MHz     MB     MB     MB 
    0    238     61     63     99     22      0      0      0      0   1512   1410   1571      4      0 
    1    273     65     69     99     41      0      0      0      0   1512   1410   1889      4      0 
    0    241     61     63     99     22      0      0      0      0   1512   1410   1571      4      0 
    1    270     64     69     99     40      0      0      0      0   1512   1410   1889      4      0 
    0    240     62     65     99     22      0      0      0      0   1512   1410   1571      4      0 
    1    277     65     69     99     41      0      0      0      0   1512   1410   1889      4      0 
    0    242     62     65     99     22      0      0      0      0   1512   1410   1571      4      0 
    1    269     66     71     99     41      0      0      0      0   1512   1410   1889      4      0 
    0    239     62     65     99     22      0      0      0      0   1512   1410   1571      4      0 
    1    278     65     69     99     41      0      0      0      0   1512   1410   1889      4      0 
    0    244     62     65     99     22      0      0      0      0   1512   1410   1571      4      0 
    1    272     65     69     99     41      0      0      0      0   1512   1410   1889      4      0 
    0    242     61     63     99     22      0      0      0      0   1512   1410   1571      4      0 
    1    270     65     69     99     40      0      0      0      0   1512   1410   1889      4      0 
    0    242     61     63     99     22      0      0      0      0   1512   1410   1571      4      0 
    1     83     63     67     43     18      0      0      0      0   1512   1410   1889      4      0 
    0    238     61     63     99     22      0      0      0      0   1512   1410   1571      4      0 
    1    282     65     69     99     41      0      0      0      0   1512   1410   1889      4      0 
    0    245     62     65     99     22      0      0      0      0   1512   1410   1571      4      0 
    1    274     66     71     99     40      0      0      0      0   1512   1410   1889      4      0 
    0    245     62     65     99     22      0      0      0      0   1512   1410   1571      4      0 
    1    279     66     69     99     40      0      0      0      0   1512   1410   1889      4      0 
    0    242     62     65     99     22      0      0      0      0   1512   1410   1571      4      0 
    1    273     65     69     99     40      0      0      0      0   1512   1410   1889      4      0 
    0    244     62     65     99     22      0      0      0      0   1512   1410   1571      4      0 
    1    274     65     69     99     41      0      0      0      0   1512   1410   1889      4      0 
    0    242     61     65     99     22      0      0      0      0   1512   1410   1571      4      0 
    1    273     65     69     99     41      0      0      0      0   1512   1410   1889      4      0 
    0    239     61     63     99     22      0      0      0      0   1512   1410   1571      4      0 
    1    270     65     69     99     40      0      0      0      0   1512   1410   1889      4      0 
    0    243     61     65     99     22      0      0      0      0   1512   1410   1571      4      0 
    1    273     65     69     99     42      0      0      0      0   1512   1410   1889      4      0 
    0    245     62     65     99     22      0      0      0      0   1512   1410   1571      4      0 
    1    282     65     69     99     40      0      0      0      0   1512   1410   1889      4      0 
    0    239     62     65     99     22      0      0      0      0   1512   1410   1571      4      0 
    1    268     65     69     99     41      0      0      0      0   1512   1410   1889      4      0 
    0    239     62     65     99     22      0      0      0      0   1512   1410   1571      4      0 
    1    277     65     69     99     41      0      0      0      0   1512   1410   1889      4      0 
    0    242     61     63     99     22      0      0      0      0   1512   1410   1571      4      0 
    1    278     65     69     99     41      0      0      0      0   1512   1410   1889      4      0 
    0    241     61     63     99     22      0      0      0      0   1512   1410   1571      4      0 
    1    271     64     69     99     41      0      0      0      0   1512   1410   1889      4      0 
    0    242     62     65     99     22      0      0      0      0   1512   1410   1571      4      0 
    1    280     65     69     99     41      0      0      0      0   1512   1410   1889      4      0 
# gpu    pwr  gtemp  mtemp     sm    mem    enc    dec    jpg    ofa   mclk   pclk     fb   bar1   ccpm 
# Idx      W      C      C      %      %      %      %      %      %    MHz    MHz     MB     MB     MB 
    0    239     62     65     99     22      0      0      0      0   1512   1410   1571      4      0 
    1    272     65     69     99     40      0      0      0      0   1512   1410   1889      4      0 
    0    239     61     65     99     22      0      0      0      0   1512   1410   1571      4      0 
    1    275     64     67     99     41      0      0      0      0   1512   1410   1889      4      0 
    0    243     62     65     99     22      0      0      0      0   1512   1410   1571      4      0 
    1    271     65     69     99     41      0      0      0      0   1512   1410   1889      4      0 
    0    240     62     65     99     22      0      0      0      0   1512   1410   1571      4      0 
    1    272     66     71     99     41      0      0      0      0   1512   1410   1889      4      0 
    0    242     62     65     99     22      0      0      0      0   1512   1410   1571      4      0 
    1    281     65     69     99     41      0      0      0      0   1512   1410   1889      4      0 
    0    240     62     65     99     22      0      0      0      0   1512   1410   1571      4      0 
    1    274     65     69     99     41      0      0      0      0   1512   1410   1889      4      0 
    0    236     62     65     99     22      0      0      0      0   1512   1410   1571      4      0 
    1    277     65     69     99     41      0      0      0      0   1512   1410   1889      4      0 
    0    237     61     65     99     22      0      0      0      0   1512   1410   1571      4      0 
    1    273     65     69     99     40      0      0      0      0   1512   1410   1889      4      0 
    0    245     62     65     99     22      0      0      0      0   1512   1410   1571      4      0 
    1    271     65     69     99     41      0      0      0      0   1512   1410   1889      4      0 
    0    240     62     65     99     22      0      0      0      0   1512   1410   1571      4      0 
    1    272     65     69     99     41      0      0      0      0   1512   1410   1889      4      0 
    0    241     61     63     99     22      0      0      0      0   1512   1410   1571      4      0 
    1    269     65     69     99     41      0      0      0      0   1512   1410   1889      4      0 
    0    242     61     63     99     22      0      0      0      0   1512   1410   1571      4      0 
    1    271     65     69     99     41      0      0      0      0   1512   1410   1889      4      0 
    0    239     61     63     99     22      0      0      0      0   1512   1410   1571      4      0 
    1    268     65     69     99     41      0      0      0      0   1512   1410   1889      4      0 
    0    243     61     63     99     22      0      0      0      0   1512   1410   1571      4      0 
    1    276     66     69     99     41      0      0      0      0   1512   1410   1889      4      0 
    0    239     61     65     99     22      0      0      0      0   1512   1410   1571      4      0 
    1    280     66     71     99     41      0      0      0      0   1512   1410   1889      4      0 
    0    237     61     63     99     22      0      0      0      0   1512   1410   1571      4      0 
    1    275     65     69     99     41      0      0      0      0   1512   1410   1889      4      0 
    0    244     61     63     99     22      0      0      0      0   1512   1410   1571      4      0 
    1    280     65     69     99     40      0      0      0      0   1512   1410   1889      4      0 
    0    242     61     63     99     22      0      0      0      0   1512   1410   1571      4      0 
    1    281     65     69     99     41      0      0      0      0   1512   1410   1889      4      0 
    0    241     60     63     99     22      0      0      0      0   1512   1410   1571      4      0 
    1    272     65     69     99     41      0      0      0      0   1512   1410   1889      4      0 
    0    239     60     63     99     22      0      0      0      0   1512   1410   1571      4      0 
    1    271     65     69     99     40      0      0      0      0   1512   1410   1889      4      0 
    0    241     61     63     99     22      0      0      0      0   1512   1410   1571      4      0 
    1    276     66     71     99     40      0      0      0      0   1512   1410   1889      4      0 
    0    243     61     63     99     22      0      0      0      0   1512   1410   1571      4      0 
    1    265     66     71     99     41      0      0      0      0   1512   1410   1889      4      0 
# gpu    pwr  gtemp  mtemp     sm    mem    enc    dec    jpg    ofa   mclk   pclk     fb   bar1   ccpm 
# Idx      W      C      C      %      %      %      %      %      %    MHz    MHz     MB     MB     MB 
    0    242     61     63     99     22      0      0      0      0   1512   1410   1571      4      0 
    1    278     65     69     99     41      0      0      0      0   1512   1410   1889      4      0 
    0    238     60     63     99     22      0      0      0      0   1512   1410   1571      4      0 
    1    279     65     69     99     40      0      0      0      0   1512   1410   1889      4      0 
    0    241     60     63     99     22      0      0      0      0   1512   1410   1571      4      0 
    1    278     65     69     99     41      0      0      0      0   1512   1410   1889      4      0 
    0    237     60     63     99     22      0      0      0      0   1512   1410   1571      4      0 
    1    271     64     69     99     40      0      0      0      0   1512   1410   1889      4      0 
    0    238     60     63     99     22      0      0      0      0   1512   1410   1571      4      0 
    1    280     65     69     99     41      0      0      0      0   1512   1410   1889      4      0 
    0    242     60     63     99     22      0      0      0      0   1512   1410   1571      4      0 
    1    274     64     69     99     41      0      0      0      0   1512   1410   1889      4      0 
    0    242     60     63     99     22      0      0      0      0   1512   1410   1571      4      0 
    1    276     65     69     99     41      0      0      0      0   1512   1410   1889      4      0 
    0    238     60     63     99     22      0      0      0      0   1512   1410   1571      4      0 
    1    273     65     69     99     41      0      0      0      0   1512   1410   1889      4      0 
    0    242     60     63     99     22      0      0      0      0   1512   1410   1571      4      0 
    1    268     65     69     99     41      0      0      0      0   1512   1410   1889      4      0 
    0    237     61     63     99     22      0      0      0      0   1512   1410   1571      4      0 
    1    274     66     71     99     41      0      0      0      0   1512   1410   1889      4      0 
    0    239     61     63     99     22      0      0      0      0   1512   1410   1571      4      0 
    1    272     66     71     99     41      0      0      0      0   1512   1410   1889      4      0 
    0    239     60     63     99     22      0      0      0      0   1512   1410   1571      4      0 
    1    280     65     69     99     40      0      0      0      0   1512   1410   1889      4      0 
    0    240     60     63     99     22      0      0      0      0   1512   1410   1571      4      0 
    1    282     65     69     99     41      0      0      0      0   1512   1410   1889      4      0 
    0    240     60     63     99     22      0      0      0      0   1512   1410   1571      4      0 
    1    266     65     69     99     41      0      0      0      0   1512   1410   1889      4      0 
    0    239     60     63     99     22      0      0      0      0   1512   1410   1571      4      0 
    1    279     64     69     99     41      0      0      0      0   1512   1410   1889      4      0 
    0    237     60     63     99     22      0      0      0      0   1512   1410   1571      4      0 
    1    266     65     69     99     41      0      0      0      0   1512   1410   1889      4      0 
    0    242     61     63     99     22      0      0      0      0   1512   1410   1571      4      0 
    1    275     66     71     99     41      0      0      0      0   1512   1410   1889      4      0 
    0    241     61     63     99     22      0      0      0      0   1512   1410   1571      4      0 
    1    280     66     71     99     41      0      0      0      0   1512   1410   1889      4      0 
    0    241     60     63     99     22      0      0      0      0   1512   1410   1571      4      0 
    1    270     65     69     99     40      0      0      0      0   1512   1410   1889      4      0 
    0    240     60     63     99     22      0      0      0      0   1512   1410   1571      4      0 
    1    272     65     69     99     41      0      0      0      0   1512   1410   1889      4      0 
    0    240     60     63     99     22      0      0      0      0   1512   1410   1571      4      0 
    1    268     65     69     99     40      0      0      0      0   1512   1410   1889      4      0 
    0    241     60     63     99     22      0      0      0      0   1512   1410   1571      4      0 
    1    277     65     69     99     40      0      0      0      0   1512   1410   1889      4      0 
# gpu    pwr  gtemp  mtemp     sm    mem    enc    dec    jpg    ofa   mclk   pclk     fb   bar1   ccpm 
# Idx      W      C      C      %      %      %      %      %      %    MHz    MHz     MB     MB     MB 
    0    241     60     63     99     22      0      0      0      0   1512   1410   1571      4      0 
    1    273     64     69     99     40      0      0      0      0   1512   1410   1889      4      0 
    0    239     61     63     99     22      0      0      0      0   1512   1410   1571      4      0 
    1    273     66     69     99     42      0      0      0      0   1512   1410   1889      4      0 
    0    242     61     63     99     22      0      0      0      0   1512   1410   1571      4      0 
    1    281     66     71     99     41      0      0      0      0   1512   1410   1889      4      0 
    0    243     60     63     99     22      0      0      0      0   1512   1410   1571      4      0 
    1    272     66     69     99     40      0      0      0      0   1512   1410   1889      4      0 
    0    241     60     63     99     22      0      0      0      0   1512   1410   1571      4      0 
    1    271     65     69     99     41      0      0      0      0   1512   1410   1889      4      0 
    0    239     60     63     99     22      0      0      0      0   1512   1410   1571      4      0 
    1    273     65     69     99     41      0      0      0      0   1512   1410   1889      4      0 
    0    243     60     63     99     22      0      0      0      0   1512   1410   1571      4      0 
    1    277     65     69     99     41      0      0      0      0   1512   1410   1889      4      0 
    0    237     60     63     99     22      0      0      0      0   1512   1410   1571      4      0 
    1    268     64     69     99     41      0      0      0      0   1512   1410   1889      4      0 
    0    241     60     63     99     22      0      0      0      0   1512   1410   1571      4      0 
    1    272     65     69     99     41      0      0      0      0   1512   1410   1889      4      0 
    0    241     60     63     99     22      0      0      0      0   1512   1410   1571      4      0 
    1    272     65     69     99     41      0      0      0      0   1512   1410   1889      4      0 
    0    241     60     63     99     22      0      0      0      0   1512   1410   1571      4      0 
    1    274     65     69     99     41      0      0      0      0   1512   1410   1889      4      0 
    0    240     60     63     99     22      0      0      0      0   1512   1410   1571      4      0 
    1    274     65     69     99     41      0      0      0      0   1512   1410   1889      4      0 
    0    240     60     63     99     22      0      0      0      0   1512   1410   1571      4      0 
    1    274     65     69     99     41      0      0      0      0   1512   1410   1889      4      0 
    0    238     61     63     99     22      0      0      0      0   1512   1410   1571      4      0 
    1    270     66     69     99     40      0      0      0      0   1512   1410   1889      4      0 
    0    238     61     63     99     22      0      0      0      0   1512   1410   1571      4      0 
    1    276     66     71     99     41      0      0      0      0   1512   1410   1889      4      0 
    0    243     60     63     99     22      0      0      0      0   1512   1410   1571      4      0 
    1    268     65     69     99     41      0      0      0      0   1512   1410   1889      4      0 
    0    241     60     63     99     22      0      0      0      0   1512   1410   1571      4      0 
    1    276     65     69     99     41      0      0      0      0   1512   1410   1889      4      0 
    0    239     60     63     99     22      0      0      0      0   1512   1410   1571      4      0 
    1    278     65     69     99     41      0      0      0      0   1512   1410   1889      4      0 
    0    240     60     63     99     22      0      0      0      0   1512   1410   1571      4      0 
    1    271     65     69     99     41      0      0      0      0   1512   1410   1889      4      0 
    0    239     60     63     99     22      0      0      0      0   1512   1410   1571      4      0 
    1    276     65     69     99     40      0      0      0      0   1512   1410   1889      4      0 
    0    240     60     63     99     22      0      0      0      0   1512   1410   1571      4      0 
    1    279     66     69     84     35      0      0      0      0   1512   1410   1889      4      0 
    0    239     60     63     99     22      0      0      0      0   1512   1410   1571      4      0 
    1    269     66     69     99     41      0      0      0      0   1512   1410   1889      4      0 
# gpu    pwr  gtemp  mtemp     sm    mem    enc    dec    jpg    ofa   mclk   pclk     fb   bar1   ccpm 
# Idx      W      C      C      %      %      %      %      %      %    MHz    MHz     MB     MB     MB 
    0    239     60     63     99     22      0      0      0      0   1512   1410   1571      4      0 
    1    276     65     69     99     41      0      0      0      0   1512   1410   1889      4      0 
    0    241     60     63     99     22      0      0      0      0   1512   1410   1571      4      0 
    1    273     65     69     99     41      0      0      0      0   1512   1410   1889      4      0 
    0    241     60     63     99     22      0      0      0      0   1512   1410   1571      4      0 
    1    273     65     69     99     40      0      0      0      0   1512   1410   1889      4      0 
    0    238     60     63     99     22      0      0      0      0   1512   1410   1571      4      0 
    1    270     65     69     99     41      0      0      0      0   1512   1410   1889      4      0 
    0    242     60     63     99     22      0      0      0      0   1512   1410   1571      4      0 
    1    276     65     69     99     40      0      0      0      0   1512   1410   1889      4      0 
    0    242     60     63     99     22      0      0      0      0   1512   1410   1571      4      0 
    1    279     65     69     99     41      0      0      0      0   1512   1410   1889      4      0 
    0    236     60     63     99     22      0      0      0      0   1512   1410   1571      4      0 
    1    273     64     69     99     41      0      0      0      0   1512   1410   1889      4      0 
    0    241     60     63     99     22      0      0      0      0   1512   1410   1571      4      0 
    1    276     65     69     99     41      0      0      0      0   1512   1410   1889      4      0 
    0    240     60     63     99     22      0      0      0      0   1512   1410   1571      4      0 
    1    270     65     69     99     41      0      0      0      0   1512   1410   1889      4      0 
    0    239     60     63     99     22      0      0      0      0   1512   1410   1571      4      0 
    1    273     65     69     99     41      0      0      0      0   1512   1410   1889      4      0 
    0    240     60     63     99     22      0      0      0      0   1512   1410   1571      4      0 
    1    281     65     69     99     41      0      0      0      0   1512   1410   1889      4      0 
    0    235     60     63     99     22      0      0      0      0   1512   1410   1571      4      0 
    1    276     64     69     99     42      0      0      0      0   1512   1410   1889      4      0 
    0    241     60     63     99     22      0      0      0      0   1512   1410   1571      4      0 
    1    279     65     69     99     41      0      0      0      0   1512   1410   1889      4      0 
    0    239     60     63     99     22      0      0      0      0   1512   1410   1571      4      0 
    1    279     65     69     99     41      0      0      0      0   1512   1410   1889      4      0 
    0    240     60     63     99     22      0      0      0      0   1512   1410   1571      4      0 
    1    276     64     69     99     41      0      0      0      0   1512   1410   1889      4      0 
    0    241     60     63     99     22      0      0      0      0   1512   1410   1571      4      0 
    1    278     65     69     99     41      0      0      0      0   1512   1410   1889      4      0 
    0    244     61     63     99     22      0      0      0      0   1512   1410   1571      4      0 
    1    280     66     71     99     40      0      0      0      0   1512   1410   1889      4      0 
    0    242     61     63     99     22      0      0      0      0   1512   1410   1571      4      0 
    1    267     65     69     99     41      0      0      0      0   1512   1410   1889      4      0 
    0    241     60     63     99     22      0      0      0      0   1512   1410   1571      4      0 
    1    274     65     69     99     41      0      0      0      0   1512   1410   1889      4      0 
    0    242     60     63     99     22      0      0      0      0   1512   1410   1571      4      0 
    1    274     65     69     99     41      0      0      0      0   1512   1410   1889      4      0 
    0    238     60     63     99     22      0      0      0      0   1512   1410   1571      4      0 
    1    273     65     69     99     41      0      0      0      0   1512   1410   1889      4      0 
    0    242     60     63     99     22      0      0      0      0   1512   1410   1571      4      0 
    1    277     65     69     99     41      0      0      0      0   1512   1410   1889      4      0 
# gpu    pwr  gtemp  mtemp     sm    mem    enc    dec    jpg    ofa   mclk   pclk     fb   bar1   ccpm 
# Idx      W      C      C      %      %      %      %      %      %    MHz    MHz     MB     MB     MB 
    0    241     60     63     99     22      0      0      0      0   1512   1410   1571      4      0 
    1    277     65     69     99     41      0      0      0      0   1512   1410   1889      4      0 
    0    238     60     63     99     22      0      0      0      0   1512   1410   1571      4      0 
    1    273     65     69     99     41      0      0      0      0   1512   1410   1889      4      0 
    0    239     60     63     99     22      0      0      0      0   1512   1410   1571      4      0 
    1    281     65     69     99     41      0      0      0      0   1512   1410   1889      4      0 
    0    241     60     63     99     22      0      0      0      0   1512   1410   1571      4      0 
    1    275     65     69     99     41      0      0      0      0   1512   1410   1889      4      0 
    0    241     60     63     99     22      0      0      0      0   1512   1410   1571      4      0 
    1    274     65     69     99     42      0      0      0      0   1512   1410   1889      4      0 
    0    241     60     63     99     22      0      0      0      0   1512   1410   1571      4      0 
    1    273     64     69     99     41      0      0      0      0   1512   1410   1889      4      0 
    0    241     60     63     99     22      0      0      0      0   1512   1410   1571      4      0 
    1    274     65     69     99     40      0      0      0      0   1512   1410   1889      4      0 
    0    239     61     63     99     22      0      0      0      0   1512   1410   1571      4      0 
    1    279     66     71     99     40      0      0      0      0   1512   1410   1889      4      0 
    0    242     60     63     99     22      0      0      0      0   1512   1410   1571      4      0 
    1    268     65     69     99     40      0      0      0      0   1512   1410   1889      4      0 
    0    242     60     63     99     22      0      0      0      0   1512   1410   1571      4      0 
    1    277     65     69     99     41      0      0      0      0   1512   1410   1889      4      0 
    0    242     60     63     99     22      0      0      0      0   1512   1410   1571      4      0 
    1    272     65     69     99     40      0      0      0      0   1512   1410   1889      4      0 
    0    243     60     63     99     22      0      0      0      0   1512   1410   1571      4      0 
    1    275     65     69     99     40      0      0      0      0   1512   1410   1889      4      0 
    0    239     60     63     99     22      0      0      0      0   1512   1410   1571      4      0 
    1    269     64     69     99     40      0      0      0      0   1512   1410   1889      4      0 
    0    239     60     63     99     22      0      0      0      0   1512   1410   1571      4      0 
    1    274     65     69     99     41      0      0      0      0   1512   1410   1889      4      0 
    0    239     60     63     99     22      0      0      0      0   1512   1410   1571      4      0 
    1    274     65     69     99     41      0      0      0      0   1512   1410   1889      4      0 
    0    242     60     63     99     22      0      0      0      0   1512   1410   1571      4      0 
    1    275     64     69     99     41      0      0      0      0   1512   1410   1889      4      0 
    0    241     60     63     99     22      0      0      0      0   1512   1410   1571      4      0 
    1    279     65     69     99     40      0      0      0      0   1512   1410   1889      4      0 
    0    241     61     63     99     22      0      0      0      0   1512   1410   1571      4      0 
    1    274     66     69     99     41      0      0      0      0   1512   1410   1889      4      0 
    0    241     61     63     99     22      0      0      0      0   1512   1410   1571      4      0 
    1    275     66     71     99     41      0      0      0      0   1512   1410   1889      4      0 
    0    237     60     63     99     22      0      0      0      0   1512   1410   1571      4      0 
    1    273     65     69     99     40      0      0      0      0   1512   1410   1889      4      0 
    0    240     60     63     99     22      0      0      0      0   1512   1410   1571      4      0 
    1    273     65     69     99     41      0      0      0      0   1512   1410   1889      4      0 
    0    242     60     63     99     22      0      0      0      0   1512   1410   1571      4      0 
    1    277     65     69     99     41      0      0      0      0   1512   1410   1889      4      0 
# gpu    pwr  gtemp  mtemp     sm    mem    enc    dec    jpg    ofa   mclk   pclk     fb   bar1   ccpm 
# Idx      W      C      C      %      %      %      %      %      %    MHz    MHz     MB     MB     MB 
    0    240     60     63     99     22      0      0      0      0   1512   1410   1571      4      0 
    1    270     65     69     99     41      0      0      0      0   1512   1410   1889      4      0 
    0    238     60     63     99     22      0      0      0      0   1512   1410   1571      4      0 
    1    272     65     69     99     41      0      0      0      0   1512   1410   1889      4      0 
    0    242     60     63     99     22      0      0      0      0   1512   1410   1571      4      0 
    1    274     65     69     99     41      0      0      0      0   1512   1410   1889      4      0 
    0    238     60     63     99     22      0      0      0      0   1512   1410   1571      4      0 
    1    269     65     69     99     42      0      0      0      0   1512   1410   1889      4      0 
    0    240     60     63     99     22      0      0      0      0   1512   1410   1571      4      0 
    1    271     65     69     99     41      0      0      0      0   1512   1410   1889      4      0 
    0    240     60     63     99     22      0      0      0      0   1512   1410   1571      4      0 
    1    275     65     69     99     40      0      0      0      0   1512   1410   1889      4      0 
    0    242     60     63     99     22      0      0      0      0   1512   1410   1571      4      0 
    1    280     65     69     99     42      0      0      0      0   1512   1410   1889      4      0 
    0    236     60     63     99     22      0      0      0      0   1512   1410   1571      4      0 
    1    269     65     69     99     41      0      0      0      0   1512   1410   1889      4      0 
    0    241     60     63     99     22      0      0      0      0   1512   1410   1571      4      0 
    1    272     65     69     99     40      0      0      0      0   1512   1410   1889      4      0 
    0    243     60     63     99     22      0      0      0      0   1512   1410   1571      4      0 
    1    275     66     69     99     41      0      0      0      0   1512   1410   1889      4      0 
    0    240     60     63     99     22      0      0      0      0   1512   1410   1571      4      0 
    1    277     65     69     99     40      0      0      0      0   1512   1410   1889      4      0 
    0    237     60     63     99     22      0      0      0      0   1512   1410   1571      4      0 
    1    278     65     69     99     41      0      0      0      0   1512   1410   1889      4      0 
    0    241     60     63     99     22      0      0      0      0   1512   1410   1571      4      0 
    1    274     65     69     99     41      0      0      0      0   1512   1410   1889      4      0 
    0    241     60     63     99     22      0      0      0      0   1512   1410   1571      4      0 
    1    280     65     69     99     41      0      0      0      0   1512   1410   1889      4      0 
    0    240     60     63     99     22      0      0      0      0   1512   1410   1571      4      0 
    1    279     65     69     99     41      0      0      0      0   1512   1410   1889      4      0 
    0    240     60     63     99     22      0      0      0      0   1512   1410   1571      4      0 
    1    274     65     69     99     40      0      0      0      0   1512   1410   1889      4      0 
    0    235     60     63     99     22      0      0      0      0   1512   1410   1571      4      0 
    1    269     65     69     99     40      0      0      0      0   1512   1410   1889      4      0 
    0    240     60     63     99     22      0      0      0      0   1512   1410   1571      4      0 
    1    278     64     69     99     41      0      0      0      0   1512   1410   1889      4      0 
    0    241     60     63     99     22      0      0      0      0   1512   1410   1571      4      0 
    1    278     64     69     99     41      0      0      0      0   1512   1410   1889      4      0 
    0    241     60     63     99     22      0      0      0      0   1512   1410   1571      4      0 
    1    281     65     69     99     41      0      0      0      0   1512   1410   1889      4      0 
    0    239     60     63     99     22      0      0      0      0   1512   1410   1571      4      0 
    1    275     65     69     99     40      0      0      0      0   1512   1410   1889      4      0 
    0    240     60     63     99     22      0      0      0      0   1512   1410   1571      4      0 
    1    276     65     69     99     41      0      0      0      0   1512   1410   1889      4      0 
# gpu    pwr  gtemp  mtemp     sm    mem    enc    dec    jpg    ofa   mclk   pclk     fb   bar1   ccpm 
# Idx      W      C      C      %      %      %      %      %      %    MHz    MHz     MB     MB     MB 
    0    242     60     63     99     22      0      0      0      0   1512   1410   1571      4      0 
    1    278     65     69     99     41      0      0      0      0   1512   1410   1889      4      0 
    0    240     60     63     99     22      0      0      0      0   1512   1410   1571      4      0 
    1    280     65     69     99     41      0      0      0      0   1512   1410   1889      4      0 
    0    239     60     63     99     22      0      0      0      0   1512   1410   1571      4      0 
    1    278     65     69     99     41      0      0      0      0   1512   1410   1889      4      0 
    0    239     60     63     99     22      0      0      0      0   1512   1410   1571      4      0 
    1     96     63     69     57     23      0      0      0      0   1512   1410   1889      4      0 
    0    239     60     63     99     22      0      0      0      0   1512   1410   1571      4      0 
    1    270     65     69     99     40      0      0      0      0   1512   1410   1889      4      0 
    0    240     60     63     99     22      0      0      0      0   1512   1410   1571      4      0 
    1    278     65     69     99     41      0      0      0      0   1512   1410   1889      4      0 
    0    238     60     63     99     22      0      0      0      0   1512   1410   1571      4      0 
    1    279     65     69     99     41      0      0      0      0   1512   1410   1889      4      0 
    0    238     60     63     99     22      0      0      0      0   1512   1410   1571      4      0 
    1    275     64     69     99     41      0      0      0      0   1512   1410   1889      4      0 
    0    242     60     63     99     22      0      0      0      0   1512   1410   1571      4      0 
    1    277     65     69     99     41      0      0      0      0   1512   1410   1889      4      0 
    0    240     60     63     99     22      0      0      0      0   1512   1410   1571      4      0 
    1    275     65     69     99     41      0      0      0      0   1512   1410   1889      4      0 
    0    242     60     63     99     22      0      0      0      0   1512   1410   1571      4      0 
    1    280     65     69     99     41      0      0      0      0   1512   1410   1889      4      0 
    0    241     60     63     99     22      0      0      0      0   1512   1410   1571      4      0 
    1    270     65     69     99     41      0      0      0      0   1512   1410   1889      4      0 
    0    242     60     63     99     22      0      0      0      0   1512   1410   1571      4      0 
    1    272     65     69     99     40      0      0      0      0   1512   1410   1889      4      0 
    0    240     60     63     99     22      0      0      0      0   1512   1410   1571      4      0 
    1    278     64     69     99     41      0      0      0      0   1512   1410   1889      4      0 
    0    236     60     63     99     22      0      0      0      0   1512   1410   1571      4      0 
    1    274     65     69     99     41      0      0      0      0   1512   1410   1889      4      0 
    0    240     60     63     99     22      0      0      0      0   1512   1410   1571      4      0 
    1    277     65     69     99     40      0      0      0      0   1512   1410   1889      4      0 
    0    240     60     63     99     22      0      0      0      0   1512   1410   1571      4      0 
    1    267     65     69     99     41      0      0      0      0   1512   1410   1889      4      0 
    0    240     60     63     99     22      0      0      0      0   1512   1410   1571      4      0 
    1    273     65     69     99     41      0      0      0      0   1512   1410   1889      4      0 
    0    241     60     63     99     22      0      0      0      0   1512   1410   1571      4      0 
    1    274     65     69     99     40      0      0      0      0   1512   1410   1889      4      0 
    0    237     60     63     99     22      0      0      0      0   1512   1410   1571      4      0 
    1    277     64     69     99     41      0      0      0      0   1512   1410   1889      4      0 
    0    241     60     63     99     22      0      0      0      0   1512   1410   1571      4      0 
    1    273     65     69     99     40      0      0      0      0   1512   1410   1889      4      0 
    0    239     60     63     99     22      0      0      0      0   1512   1410   1571      4      0 
    1    273     65     69     99     40      0      0      0      0   1512   1410   1889      4      0 
# gpu    pwr  gtemp  mtemp     sm    mem    enc    dec    jpg    ofa   mclk   pclk     fb   bar1   ccpm 
# Idx      W      C      C      %      %      %      %      %      %    MHz    MHz     MB     MB     MB 
    0    239     60     63     99     22      0      0      0      0   1512   1410   1571      4      0 
    1    281     65     69     99     40      0      0      0      0   1512   1410   1889      4      0 
    0    240     60     63     99     22      0      0      0      0   1512   1410   1571      4      0 
    1    276     65     69     99     41      0      0      0      0   1512   1410   1889      4      0 
    0    240     60     63     99     22      0      0      0      0   1512   1410   1571      4      0 
    1    272     65     69     99     41      0      0      0      0   1512   1410   1889      4      0 
    0    241     60     63     99     22      0      0      0      0   1512   1410   1571      4      0 
    1    274     65     69     99     41      0      0      0      0   1512   1410   1889      4      0 
    0    240     60     63     99     22      0      0      0      0   1512   1410   1571      4      0 
    1    266     65     69     99     41      0      0      0      0   1512   1410   1889      4      0 
    0    241     60     63     99     22      0      0      0      0   1512   1410   1571      4      0 
    1    277     64     69     99     41      0      0      0      0   1512   1410   1889      4      0 
    0    242     61     63     99     22      0      0      0      0   1512   1410   1571      4      0 
    1    279     66     69     99     41      0      0      0      0   1512   1410   1889      4      0 
    0    244     61     63     99     22      0      0      0      0   1512   1410   1571      4      0 
    1    277     66     71     99     41      0      0      0      0   1512   1410   1889      4      0 
    0    242     60     63     99     22      0      0      0      0   1512   1410   1571      4      0 
    1    276     66     69     99     41      0      0      0      0   1512   1410   1889      4      0 
    0    240     60     63     99     22      0      0      0      0   1512   1410   1571      4      0 
    1    276     65     69     99     40      0      0      0      0   1512   1410   1889      4      0 
    0    241     60     63     99     22      0      0      0      0   1512   1410   1571      4      0 
    1    269     65     69     99     40      0      0      0      0   1512   1410   1889      4      0 
    0    240     60     63     99     22      0      0      0      0   1512   1410   1571      4      0 
    1    279     65     69     99     41      0      0      0      0   1512   1410   1889      4      0 
    0    242     60     63     99     22      0      0      0      0   1512   1410   1571      4      0 
    1    280     64     69     99     41      0      0      0      0   1512   1410   1889      4      0 
    0    242     60     63     99     22      0      0      0      0   1512   1410   1571      4      0 
    1    269     65     69     99     40      0      0      0      0   1512   1410   1889      4      0 
    0    239     61     63     99     22      0      0      0      0   1512   1410   1571      4      0 
    1    278     66     71     99     40      0      0      0      0   1512   1410   1889      4      0 
    0    240     60     63     99     22      0      0      0      0   1512   1410   1571      4      0 
    1    273     65     69     99     40      0      0      0      0   1512   1410   1889      4      0 
    0    241     60     63     99     22      0      0      0      0   1512   1410   1571      4      0 
    1    274     65     69     99     41      0      0      0      0   1512   1410   1889      4      0 
    0    241     60     63     99     22      0      0      0      0   1512   1410   1571      4      0 
    1    279     65     69     99     41      0      0      0      0   1512   1410   1889      4      0 
    0    240     60     63     99     22      0      0      0      0   1512   1410   1571      4      0 
    1    276     65     69     99     40      0      0      0      0   1512   1410   1889      4      0 
    0    242     60     63     99     22      0      0      0      0   1512   1410   1571      4      0 
    1    264     64     69     99     41      0      0      0      0   1512   1410   1889      4      0 
    0    240     60     63     99     22      0      0      0      0   1512   1410   1571      4      0 
    1    270     65     69     99     40      0      0      0      0   1512   1410   1889      4      0 
    0    242     60     63     99     22      0      0      0      0   1512   1410   1571      4      0 
    1    274     65     69     99     41      0      0      0      0   1512   1410   1889      4      0 
# gpu    pwr  gtemp  mtemp     sm    mem    enc    dec    jpg    ofa   mclk   pclk     fb   bar1   ccpm 
# Idx      W      C      C      %      %      %      %      %      %    MHz    MHz     MB     MB     MB 
    0    240     60     63     99     22      0      0      0      0   1512   1410   1571      4      0 
    1    273     65     69     99     41      0      0      0      0   1512   1410   1889      4      0 
    0    238     60     63     99     22      0      0      0      0   1512   1410   1571      4      0 
    1    276     65     69     99     40      0      0      0      0   1512   1410   1889      4      0 
    0    240     60     63     99     22      0      0      0      0   1512   1410   1571      4      0 
    1    275     65     69     99     40      0      0      0      0   1512   1410   1889      4      0 
    0    240     60     63     99     22      0      0      0      0   1512   1410   1571      4      0 
    1    280     65     69     99     40      0      0      0      0   1512   1410   1889      4      0 
    0    241     60     63     99     22      0      0      0      0   1512   1410   1571      4      0 
    1    268     64     69     99     41      0      0      0      0   1512   1410   1889      4      0 
    0    242     60     63     99     22      0      0      0      0   1512   1410   1571      4      0 
    1    281     65     69     99     41      0      0      0      0   1512   1410   1889      4      0 
    0    238     60     63     99     22      0      0      0      0   1512   1410   1571      4      0 
    1    273     65     69     99     41      0      0      0      0   1512   1410   1889      4      0 
    0    242     60     63     99     22      0      0      0      0   1512   1410   1571      4      0 
    1    273     64     69     99     41      0      0      0      0   1512   1410   1889      4      0 
    0    242     60     63     99     22      0      0      0      0   1512   1410   1571      4      0 
    1    274     65     69     99     41      0      0      0      0   1512   1410   1889      4      0 
    0    242     61     63     99     22      0      0      0      0   1512   1410   1571      4      0 
    1    279     66     71     99     40      0      0      0      0   1512   1410   1889      4      0 
    0    241     60     63     99     22      0      0      0      0   1512   1410   1571      4      0 
    1    275     65     69     99     41      0      0      0      0   1512   1410   1889      4      0 
    0    242     60     63     99     22      0      0      0      0   1512   1410   1571      4      0 
    1    280     65     69     99     41      0      0      0      0   1512   1410   1889      4      0 
    0    237     60     63     99     22      0      0      0      0   1512   1410   1571      4      0 
    1    278     65     69     99     41      0      0      0      0   1512   1410   1889      4      0 
    0    239     60     63     99     22      0      0      0      0   1512   1410   1571      4      0 
    1    274     65     69     99     40      0      0      0      0   1512   1410   1889      4      0 
    0    243     60     63     99     22      0      0      0      0   1512   1410   1571      4      0 
    1    270     64     69     99     40      0      0      0      0   1512   1410   1889      4      0 
    0    242     60     63     99     22      0      0      0      0   1512   1410   1571      4      0 
    1    270     65     69     99     40      0      0      0      0   1512   1410   1889      4      0 
    0    241     60     63     99     22      0      0      0      0   1512   1410   1571      4      0 
    1    282     65     69     99     41      0      0      0      0   1512   1410   1889      4      0 
    0    238     60     63     99     22      0      0      0      0   1512   1410   1571      4      0 
    1    275     65     69     99     40      0      0      0      0   1512   1410   1889      4      0 
    0    242     60     63     99     22      0      0      0      0   1512   1410   1571      4      0 
    1    267     65     69     99     41      0      0      0      0   1512   1410   1889      4      0 
    0    241     60     63     99     22      0      0      0      0   1512   1410   1571      4      0 
    1    277     65     69     99     41      0      0      0      0   1512   1410   1889      4      0 
    0    240     60     63     99     22      0      0      0      0   1512   1410   1571      4      0 
    1    272     65     69     99     40      0      0      0      0   1512   1410   1889      4      0 
    0    241     60     63     99     22      0      0      0      0   1512   1410   1571      4      0 
    1    277     65     69     99     41      0      0      0      0   1512   1410   1889      4      0 
# gpu    pwr  gtemp  mtemp     sm    mem    enc    dec    jpg    ofa   mclk   pclk     fb   bar1   ccpm 
# Idx      W      C      C      %      %      %      %      %      %    MHz    MHz     MB     MB     MB 
    0    243     61     63     99     22      0      0      0      0   1512   1410   1571      4      0 
    1    274     66     71     99     41      0      0      0      0   1512   1410   1889      4      0 
    0    240     61     63     99     22      0      0      0      0   1512   1410   1571      4      0 
    1    278     65     69     99     41      0      0      0      0   1512   1410   1889      4      0 
    0    241     60     63     99     22      0      0      0      0   1512   1410   1571      4      0 
    1    276     65     69     99     41      0      0      0      0   1512   1410   1889      4      0 
    0    238     60     63     99     22      0      0      0      0   1512   1410   1571      4      0 
    1    279     65     69     99     41      0      0      0      0   1512   1410   1889      4      0 
    0    240     60     63     99     22      0      0      0      0   1512   1410   1571      4      0 
    1    268     65     69     99     41      0      0      0      0   1512   1410   1889      4      0 
    0    241     60     63     99     22      0      0      0      0   1512   1410   1571      4      0 
    1    276     65     69     99     41      0      0      0      0   1512   1410   1889      4      0 
    0    241     60     63     99     22      0      0      0      0   1512   1410   1571      4      0 
    1    275     65     69     99     40      0      0      0      0   1512   1410   1889      4      0 
    0    238     60     63     99     22      0      0      0      0   1512   1410   1571      4      0 
    1    276     65     69     99     41      0      0      0      0   1512   1410   1889      4      0 
    0    241     60     63     99     22      0      0      0      0   1512   1410   1571      4      0 
    1    272     65     69     99     41      0      0      0      0   1512   1410   1889      4      0 
    0    242     60     63     99     22      0      0      0      0   1512   1410   1571      4      0 
    1    270     64     69     99     41      0      0      0      0   1512   1410   1889      4      0 
    0    241     60     63     99     22      0      0      0      0   1512   1410   1571      4      0 
    1    273     65     69     99     41      0      0      0      0   1512   1410   1889      4      0 
    0    239     60     63     99     22      0      0      0      0   1512   1410   1571      4      0 
    1    274     65     69     99     41      0      0      0      0   1512   1410   1889      4      0 
    0    240     60     63     99     22      0      0      0      0   1512   1410   1571      4      0 
    1    267     65     69     99     41      0      0      0      0   1512   1410   1889      4      0 
    0    241     60     63     99     22      0      0      0      0   1512   1410   1571      4      0 
    1    280     65     69     99     40      0      0      0      0   1512   1410   1889      4      0 
    0    241     60     63     99     22      0      0      0      0   1512   1410   1571      4      0 
    1    273     66     69     99     41      0      0      0      0   1512   1410   1889      4      0 
    0    243     61     63     99     22      0      0      0      0   1512   1410   1571      4      0 
    1    283     66     71     99     41      0      0      0      0   1512   1410   1889      4      0 
    0    238     60     63     99     22      0      0      0      0   1512   1410   1571      4      0 
    1    282     65     69     38     15      0      0      0      0   1512   1410   1889      4      0 
    0    241     60     63     99     22      0      0      0      0   1512   1410   1571      4      0 
    1    275     65     69     99     41      0      0      0      0   1512   1410   1889      4      0 
    0    240     60     63     99     22      0      0      0      0   1512   1410   1571      4      0 
    1    270     65     69     99     41      0      0      0      0   1512   1410   1889      4      0 
    0    238     60     63     99     22      0      0      0      0   1512   1410   1571      4      0 
    1    270     65     69     99     41      0      0      0      0   1512   1410   1889      4      0 
    0    240     60     63     99     22      0      0      0      0   1512   1410   1571      4      0 
    1    274     65     69     99     41      0      0      0      0   1512   1410   1889      4      0 
    0    240     60     63     99     22      0      0      0      0   1512   1410   1571      4      0 
    1    277     65     69     99     41      0      0      0      0   1512   1410   1889      4      0 
# gpu    pwr  gtemp  mtemp     sm    mem    enc    dec    jpg    ofa   mclk   pclk     fb   bar1   ccpm 
# Idx      W      C      C      %      %      %      %      %      %    MHz    MHz     MB     MB     MB 
    0    242     61     63     99     22      0      0      0      0   1512   1410   1571      4      0 
    1    269     66     71     99     40      0      0      0      0   1512   1410   1889      4      0 
    0    244     61     63     99     22      0      0      0      0   1512   1410   1571      4      0 
    1    278     66     71     99     41      0      0      0      0   1512   1410   1889      4      0 
    0    244     60     63     99     22      0      0      0      0   1512   1410   1571      4      0 
    1    274     65     69     99     41      0      0      0      0   1512   1410   1889      4      0 
    0    242     60     63     99     22      0      0      0      0   1512   1410   1571      4      0 
    1    280     65     69     99     41      0      0      0      0   1512   1410   1889      4      0 
    0    238     60     63     99     22      0      0      0      0   1512   1410   1571      4      0 
    1    274     65     69     99     40      0      0      0      0   1512   1410   1889      4      0 
    0    240     60     63     99     22      0      0      0      0   1512   1410   1571      4      0 
    1    268     65     69     99     41      0      0      0      0   1512   1410   1889      4      0 
    0    238     60     63     99     22      0      0      0      0   1512   1410   1571      4      0 
    1    279     64     69     99     40      0      0      0      0   1512   1410   1889      4      0 
    0    241     60     63     99     22      0      0      0      0   1512   1410   1571      4      0 
    1    275     65     69     99     41      0      0      0      0   1512   1410   1889      4      0 
    0    240     60     63     99     22      0      0      0      0   1512   1410   1571      4      0 
    1    278     65     69     99     40      0      0      0      0   1512   1410   1889      4      0 
    0    242     60     63     99     22      0      0      0      0   1512   1410   1571      4      0 
    1    274     65     69     99     41      0      0      0      0   1512   1410   1889      4      0 
    0    239     60     63     99     22      0      0      0      0   1512   1410   1571      4      0 
    1    273     65     69     99     41      0      0      0      0   1512   1410   1889      4      0 
    0    237     60     63     99     22      0      0      0      0   1512   1410   1571      4      0 
    1    274     65     69     99     40      0      0      0      0   1512   1410   1889      4      0 
    0    241     60     63     99     22      0      0      0      0   1512   1410   1571      4      0 
    1    279     65     69     99     40      0      0      0      0   1512   1410   1889      4      0 
    0    239     60     63     99     22      0      0      0      0   1512   1410   1571      4      0 
    1    281     65     69     99     41      0      0      0      0   1512   1410   1889      4      0 
    0    239     60     63     99     22      0      0      0      0   1512   1410   1571      4      0 
    1    276     64     69     99     42      0      0      0      0   1512   1410   1889      4      0 
    0    242     60     63     99     22      0      0      0      0   1512   1410   1571      4      0 
    1    278     65     69     99     41      0      0      0      0   1512   1410   1889      4      0 
    0    240     61     63     99     22      0      0      0      0   1512   1410   1571      4      0 
    1    269     66     69     99     40      0      0      0      0   1512   1410   1889      4      0 
    0    242     61     63     99     22      0      0      0      0   1512   1410   1571      4      0 
    1    270     66     71     99     41      0      0      0      0   1512   1410   1889      4      0 
    0    237     60     63     99     22      0      0      0      0   1512   1410   1571      4      0 
    1    274     65     69     99     41      0      0      0      0   1512   1410   1889      4      0 
    0    241     60     63     99     22      0      0      0      0   1512   1410   1571      4      0 
    1    274     65     69     99     40      0      0      0      0   1512   1410   1889      4      0 
    0    240     60     63     99     22      0      0      0      0   1512   1410   1571      4      0 
    1    274     65     69     99     40      0      0      0      0   1512   1410   1889      4      0 
    0    240     60     63     99     22      0      0      0      0   1512   1410   1571      4      0 
    1    275     65     69     99     41      0      0      0      0   1512   1410   1889      4      0 
# gpu    pwr  gtemp  mtemp     sm    mem    enc    dec    jpg    ofa   mclk   pclk     fb   bar1   ccpm 
# Idx      W      C      C      %      %      %      %      %      %    MHz    MHz     MB     MB     MB 
    0    241     60     63     99     22      0      0      0      0   1512   1410   1571      4      0 
    1    281     65     69     99     41      0      0      0      0   1512   1410   1889      4      0 
    0    238     60     63     99     22      0      0      0      0   1512   1410   1571      4      0 
    1    277     65     69     99     41      0      0      0      0   1512   1410   1889      4      0 
    0    241     60     63     99     22      0      0      0      0   1512   1410   1571      4      0 
    1    268     65     69     99     41      0      0      0      0   1512   1410   1889      4      0 
    0    242     60     63     99     22      0      0      0      0   1512   1410   1571      4      0 
    1    271     65     69     99     41      0      0      0      0   1512   1410   1889      4      0 
    0    238     60     63     99     22      0      0      0      0   1512   1410   1571      4      0 
    1    277     64     69     99     40      0      0      0      0   1512   1410   1889      4      0 
    0    241     60     63     99     22      0      0      0      0   1512   1410   1571      4      0 
    1    274     65     69     99     40      0      0      0      0   1512   1410   1889      4      0 
    0    242     61     63     99     22      0      0      0      0   1512   1410   1571      4      0 
    1    281     66     71     99     40      0      0      0      0   1512   1410   1889      4      0 
    0    243     60     63     99     22      0      0      0      0   1512   1410   1571      4      0 
    1    280     65     69     99     41      0      0      0      0   1512   1410   1889      4      0 
    0    241     60     63     99     22      0      0      0      0   1512   1410   1571      4      0 
    1    273     65     69     99     41      0      0      0      0   1512   1410   1889      4      0 
    0    242     60     63     99     22      0      0      0      0   1512   1410   1571      4      0 
    1    279     65     69     99     40      0      0      0      0   1512   1410   1889      4      0 
    0    241     60     63     99     22      0      0      0      0   1512   1410   1571      4      0 
    1    277     65     69     99     41      0      0      0      0   1512   1410   1889      4      0 
    0    238     60     63     99     22      0      0      0      0   1512   1410   1571      4      0 
    1    281     64     69     99     41      0      0      0      0   1512   1410   1889      4      0 
    0    240     60     63     99     22      0      0      0      0   1512   1410   1571      4      0 
    1    272     65     69     99     41      0      0      0      0   1512   1410   1889      4      0 
    0    241     60     63     99     22      0      0      0      0   1512   1410   1571      4      0 
    1    272     65     69     99     40      0      0      0      0   1512   1410   1889      4      0 
    0    238     60     63     99     22      0      0      0      0   1512   1410   1571      4      0 
    1    271     64     69     99     41      0      0      0      0   1512   1410   1889      4      0 
    0    241     60     63     99     22      0      0      0      0   1512   1410   1571      4      0 
    1    273     65     69     99     41      0      0      0      0   1512   1410   1889      4      0 
    0    239     60     63     99     22      0      0      0      0   1512   1410   1571      4      0 
    1    272     65     69     99     41      0      0      0      0   1512   1410   1889      4      0 
    0    240     60     63     99     22      0      0      0      0   1512   1410   1571      4      0 
    1    277     65     69     99     40      0      0      0      0   1512   1410   1889      4      0 
    0    236     60     63     99     22      0      0      0      0   1512   1410   1571      4      0 
    1    276     65     69     99     41      0      0      0      0   1512   1410   1889      4      0 
    0    241     60     63     99     22      0      0      0      0   1512   1410   1571      4      0 
    1    274     65     69     99     41      0      0      0      0   1512   1410   1889      4      0 
    0    241     61     63     99     22      0      0      0      0   1512   1410   1571      4      0 
    1    273     66     71     99     41      0      0      0      0   1512   1410   1889      4      0 
    0    242     60     63     99     22      0      0      0      0   1512   1410   1571      4      0 
    1    270     66     71     99     41      0      0      0      0   1512   1410   1889      4      0 
# gpu    pwr  gtemp  mtemp     sm    mem    enc    dec    jpg    ofa   mclk   pclk     fb   bar1   ccpm 
# Idx      W      C      C      %      %      %      %      %      %    MHz    MHz     MB     MB     MB 
    0    242     60     63     99     22      0      0      0      0   1512   1410   1571      4      0 
    1    281     65     69     99     41      0      0      0      0   1512   1410   1889      4      0 
    0    238     60     63     99     22      0      0      0      0   1512   1410   1571      4      0 
    1    269     65     69     99     41      0      0      0      0   1512   1410   1889      4      0 
    0    239     60     63     99     22      0      0      0      0   1512   1410   1571      4      0 
    1    277     65     69     99     41      0      0      0      0   1512   1410   1889      4      0 
    0    238     60     63     99     22      0      0      0      0   1512   1410   1571      4      0 
    1    271     65     69     99     41      0      0      0      0   1512   1410   1889      4      0 
    0    241     60     63     99     22      0      0      0      0   1512   1410   1571      4      0 
    1    268     65     69     99     41      0      0      0      0   1512   1410   1889      4      0 
    0    237     60     63     97     21      0      0      0      0   1512   1410   1645      4      0 
    1    271     65     69     99     40      0      0      0      0   1512   1410   1889      4      0 
    0    230     60     63     97     22      0      0      0      0   1512   1410   1645      4      0 
    1    272     65     69     99     41      0      0      0      0   1512   1410   1889      4      0 
    0    236     60     63     97     22      0      0      0      0   1512   1410   1645      4      0 
    1    275     65     69     99     41      0      0      0      0   1512   1410   1889      4      0 
    0    227     60     63     97     22      0      0      0      0   1512   1410   1645      4      0 
    1    277     65     69     99     41      0      0      0      0   1512   1410   1889      4      0 
    0    236     59     63     97     22      0      0      0      0   1512   1410   1645      4      0 
    1    271     65     69     99     41      0      0      0      0   1512   1410   1889      4      0 
    0    231     59     61     97     22      0      0      0      0   1512   1410   1645      4      0 
    1    270     64     69     99     41      0      0      0      0   1512   1410   1889      4      0 
    0    238     59     61     97     22      0      0      0      0   1512   1410   1645      4      0 
    1    274     65     69     99     41      0      0      0      0   1512   1410   1889      4      0 
    0    238     60     63     97     22      0      0      0      0   1512   1410   1645      4      0 
    1    281     65     69     99     41      0      0      0      0   1512   1410   1889      4      0 
    0    235     60     63     97     22      0      0      0      0   1512   1410   1645      4      0 
    1    276     65     69     99     40      0      0      0      0   1512   1410   1889      4      0 
    0    234     59     63     97     22      0      0      0      0   1512   1410   1645      4      0 
    1    273     65     69     99     41      0      0      0      0   1512   1410   1889      4      0 
    0    233     59     61     97     22      0      0      0      0   1512   1410   1645      4      0 
    1    272     65     69     99     41      0      0      0      0   1512   1410   1889      4      0 
    0    229     59     61     97     22      0      0      0      0   1512   1410   1645      4      0 
    1    273     65     69     99     41      0      0      0      0   1512   1410   1889      4      0 
    0    237     59     61     97     22      0      0      0      0   1512   1410   1645      4      0 
    1    280     65     69     99     41      0      0      0      0   1512   1410   1889      4      0 
    0    235     59     61     97     22      0      0      0      0   1512   1410   1645      4      0 
    1    272     64     69     99     40      0      0      0      0   1512   1410   1889      4      0 
    0    228     59     61     97     22      0      0      0      0   1512   1410   1645      4      0 
    1    278     65     69     99     40      0      0      0      0   1512   1410   1889      4      0 
    0    236     59     61     97     22      0      0      0      0   1512   1410   1645      4      0 
    1    265     65     69     99     41      0      0      0      0   1512   1410   1889      4      0 
    0    231     59     61     97     22      0      0      0      0   1512   1410   1645      4      0 
    1    281     65     69     99     41      0      0      0      0   1512   1410   1889      4      0 
# gpu    pwr  gtemp  mtemp     sm    mem    enc    dec    jpg    ofa   mclk   pclk     fb   bar1   ccpm 
# Idx      W      C      C      %      %      %      %      %      %    MHz    MHz     MB     MB     MB 
    0    227     59     61     97     22      0      0      0      0   1512   1410   1645      4      0 
    1    277     65     69     99     41      0      0      0      0   1512   1410   1889      4      0 
    0    235     59     61     97     22      0      0      0      0   1512   1410   1645      4      0 
    1    268     64     69     99     41      0      0      0      0   1512   1410   1889      4      0 
    0    231     59     61     97     22      0      0      0      0   1512   1410   1645      4      0 
    1    271     65     69     99     41      0      0      0      0   1512   1410   1889      4      0 
    0    229     60     63     97     22      0      0      0      0   1512   1410   1645      4      0 
    1    275     66     69     99     40      0      0      0      0   1512   1410   1889      4      0 
    0    231     59     63     97     22      0      0      0      0   1512   1410   1645      4      0 
    1    279     66     69     99     40      0      0      0      0   1512   1410   1889      4      0 
    0    234     59     63     97     22      0      0      0      0   1512   1410   1645      4      0 
    1    273     65     69     99     41      0      0      0      0   1512   1410   1889      4      0 
    0    231     59     61     97     22      0      0      0      0   1512   1410   1645      4      0 
    1    278     65     69     99     41      0      0      0      0   1512   1410   1889      4      0 
    0    232     59     61     97     22      0      0      0      0   1512   1410   1645      4      0 
    1    276     65     69     77     31      0      0      0      0   1512   1410   1889      4      0 
    0    233     59     61     97     22      0      0      0      0   1512   1410   1645      4      0 
    1    273     65     69     99     41      0      0      0      0   1512   1410   1889      4      0 
    0    233     59     61     97     22      0      0      0      0   1512   1410   1645      4      0 
    1    274     64     69     99     41      0      0      0      0   1512   1410   1889      4      0 
    0    230     59     61     97     22      0      0      0      0   1512   1410   1645      4      0 
    1    271     65     69     99     41      0      0      0      0   1512   1410   1889      4      0 
    0    237     59     61     97     22      0      0      0      0   1512   1410   1645      4      0 
    1    272     65     69     99     41      0      0      0      0   1512   1410   1889      4      0 
    0    237     59     61     97     22      0      0      0      0   1512   1410   1645      4      0 
    1    276     65     69     99     41      0      0      0      0   1512   1410   1889      4      0 
    0    235     59     61     97     22      0      0      0      0   1512   1410   1645      4      0 
    1    281     65     69     99     40      0      0      0      0   1512   1410   1889      4      0 
    0    231     59     61     97     22      0      0      0      0   1512   1410   1645      4      0 
    1    274     65     69     99     41      0      0      0      0   1512   1410   1889      4      0 
    0    226     59     61     97     22      0      0      0      0   1512   1410   1645      4      0 
    1    270     65     69     99     41      0      0      0      0   1512   1410   1889      4      0 
    0    237     59     61     97     22      0      0      0      0   1512   1410   1645      4      0 
    1    282     65     69     99     41      0      0      0      0   1512   1410   1889      4      0 
    0    236     59     61     97     22      0      0      0      0   1512   1410   1645      4      0 
    1    275     65     69     99     40      0      0      0      0   1512   1410   1889      4      0 
    0    232     59     61     97     22      0      0      0      0   1512   1410   1645      4      0 
    1    267     65     69     99     40      0      0      0      0   1512   1410   1889      4      0 
    0    231     59     61     97     22      0      0      0      0   1512   1410   1645      4      0 
    1    270     64     69     99     40      0      0      0      0   1512   1410   1889      4      0 
    0    236     59     61     97     22      0      0      0      0   1512   1410   1645      4      0 
    1    272     65     69     99     40      0      0      0      0   1512   1410   1889      4      0 
    0    232     59     63     97     22      0      0      0      0   1512   1410   1645      4      0 
    1    278     66     71     99     41      0      0      0      0   1512   1410   1889      4      0 
# gpu    pwr  gtemp  mtemp     sm    mem    enc    dec    jpg    ofa   mclk   pclk     fb   bar1   ccpm 
# Idx      W      C      C      %      %      %      %      %      %    MHz    MHz     MB     MB     MB 
    0    238     59     61     97     22      0      0      0      0   1512   1410   1645      4      0 
    1    272     66     69     99     41      0      0      0      0   1512   1410   1889      4      0 
    0    236     59     61     97     22      0      0      0      0   1512   1410   1645      4      0 
    1    274     65     69     99     40      0      0      0      0   1512   1410   1889      4      0 
    0    233     59     61     97     22      0      0      0      0   1512   1410   1645      4      0 
    1    274     65     69     99     40      0      0      0      0   1512   1410   1889      4      0 
    0    234     59     61     97     22      0      0      0      0   1512   1410   1645      4      0 
    1    278     65     69     99     41      0      0      0      0   1512   1410   1889      4      0 
    0    233     59     61     97     22      0      0      0      0   1512   1410   1645      4      0 
    1    277     64     69     99     41      0      0      0      0   1512   1410   1889      4      0 
    0    230     59     61     97     22      0      0      0      0   1512   1410   1645      4      0 
    1    279     65     69     99     41      0      0      0      0   1512   1410   1889      4      0 
    0    229     60     63     97     22      0      0      0      0   1512   1410   1645      4      0 
    1    279     66     69     99     40      0      0      0      0   1512   1410   1889      4      0 
    0    236     60     63     97     22      0      0      0      0   1512   1410   1645      4      0 
    1    278     66     69     99     41      0      0      0      0   1512   1410   1889      4      0 
    0    234     59     63     97     22      0      0      0      0   1512   1410   1645      4      0 
    1    271     65     69     99     40      0      0      0      0   1512   1410   1889      4      0 
    0    235     59     61     97     22      0      0      0      0   1512   1410   1645      4      0 
    1    276     65     69     99     41      0      0      0      0   1512   1410   1889      4      0 
    0    235     59     61     97     22      0      0      0      0   1512   1410   1645      4      0 
    1    281     65     69     99     40      0      0      0      0   1512   1410   1889      4      0 
    0    233     59     61     97     22      0      0      0      0   1512   1410   1645      4      0 
    1    274     64     69     99     41      0      0      0      0   1512   1410   1889      4      0 
    0    237     59     61     97     22      0      0      0      0   1512   1410   1645      4      0 
    1    276     65     69     99     40      0      0      0      0   1512   1410   1889      4      0 
    0    230     59     63     97     22      0      0      0      0   1512   1410   1645      4      0 
    1    271     65     69     99     41      0      0      0      0   1512   1410   1889      4      0 
    0    235     59     61     97     22      0      0      0      0   1512   1410   1645      4      0 
    1    271     65     69     99     41      0      0      0      0   1512   1410   1889      4      0 
    0    234     59     61     97     22      0      0      0      0   1512   1410   1645      4      0 
    1    269     65     69     99     41      0      0      0      0   1512   1410   1889      4      0 
    0    234     59     61     97     22      0      0      0      0   1512   1410   1645      4      0 
    1    279     65     69     99     41      0      0      0      0   1512   1410   1889      4      0 
    0    227     59     61     97     22      0      0      0      0   1512   1410   1645      4      0 
    1    273     64     69     99     41      0      0      0      0   1512   1410   1889      4      0 
    0    234     59     61     97     22      0      0      0      0   1512   1410   1645      4      0 
    1    276     65     69     99     41      0      0      0      0   1512   1410   1889      4      0 
    0    236     60     63     97     22      0      0      0      0   1512   1410   1645      4      0 
    1    279     66     71     99     41      0      0      0      0   1512   1410   1889      4      0 
    0    237     59     63     97     22      0      0      0      0   1512   1410   1645      4      0 
    1    273     66     69     99     41      0      0      0      0   1512   1410   1889      4      0 
    0    236     59     63     97     22      0      0      0      0   1512   1410   1645      4      0 
    1    281     65     69     99     40      0      0      0      0   1512   1410   1889      4      0 
# gpu    pwr  gtemp  mtemp     sm    mem    enc    dec    jpg    ofa   mclk   pclk     fb   bar1   ccpm 
# Idx      W      C      C      %      %      %      %      %      %    MHz    MHz     MB     MB     MB 
    0    237     59     61     97     22      0      0      0      0   1512   1410   1645      4      0 
    1    273     65     69     99     41      0      0      0      0   1512   1410   1889      4      0 
    0    234     59     61     97     22      0      0      0      0   1512   1410   1645      4      0 
    1    271     65     69     99     41      0      0      0      0   1512   1410   1889      4      0 
    0    229     59     61     97     22      0      0      0      0   1512   1410   1645      4      0 
    1    274     65     69     99     41      0      0      0      0   1512   1410   1889      4      0 
    0    234     59     61     97     22      0      0      0      0   1512   1410   1645      4      0 
    1    272     64     69     99     41      0      0      0      0   1512   1410   1889      4      0 
    0    236     60     63     97     22      0      0      0      0   1512   1410   1645      4      0 
    1    275     65     69     99     41      0      0      0      0   1512   1410   1889      4      0 
    0    231     59     63     97     22      0      0      0      0   1512   1410   1645      4      0 
    1    271     66     69     99     40      0      0      0      0   1512   1410   1889      4      0 
    0    233     59     61     97     22      0      0      0      0   1512   1410   1645      4      0 
    1    274     65     69     99     41      0      0      0      0   1512   1410   1889      4      0 
    0    236     59     61     97     22      0      0      0      0   1512   1410   1645      4      0 
    1    268     65     69     99     40      0      0      0      0   1512   1410   1889      4      0 
    0    237     59     61     97     22      0      0      0      0   1512   1410   1645      4      0 
    1    278     65     69     99     41      0      0      0      0   1512   1410   1889      4      0 
    0    229     59     61     97     22      0      0      0      0   1512   1410   1645      4      0 
    1    267     65     69     99     40      0      0      0      0   1512   1410   1889      4      0 
    0    227     59     61     97     22      0      0      0      0   1512   1410   1645      4      0 
    1    272     64     69     99     41      0      0      0      0   1512   1410   1889      4      0 
    0    227     59     61     97     22      0      0      0      0   1512   1410   1645      4      0 
    1    279     65     69     99     41      0      0      0      0   1512   1410   1889      4      0 
    0    233     59     63     97     22      0      0      0      0   1512   1410   1645      4      0 
    1    277     66     69     99     40      0      0      0      0   1512   1410   1889      4      0 
    0    227     60     63     97     22      0      0      0      0   1512   1410   1645      4      0 
    1    280     66     71     99     40      0      0      0      0   1512   1410   1889      4      0 
    0    232     59     61     97     22      0      0      0      0   1512   1410   1645      4      0 
    1    277     66     69     99     41      0      0      0      0   1512   1410   1889      4      0 
    0    236     59     61     97     22      0      0      0      0   1512   1410   1645      4      0 
    1    273     65     69     99     41      0      0      0      0   1512   1410   1889      4      0 
    0    236     59     61     97     22      0      0      0      0   1512   1410   1645      4      0 
    1    276     65     69     99     40      0      0      0      0   1512   1410   1889      4      0 
    0    228     59     61     97     22      0      0      0      0   1512   1410   1645      4      0 
    1    276     65     69     99     41      0      0      0      0   1512   1410   1889      4      0 
    0    231     59     61     97     22      0      0      0      0   1512   1410   1645      4      0 
    1    278     65     69     99     41      0      0      0      0   1512   1410   1889      4      0 
    0    236     59     61     97     22      0      0      0      0   1512   1410   1645      4      0 
    1    280     65     69     99     41      0      0      0      0   1512   1410   1889      4      0 
    0    232     60     63     97     22      0      0      0      0   1512   1410   1645      4      0 
    1    275     66     69     99     40      0      0      0      0   1512   1410   1889      4      0 
    0    231     59     63     97     22      0      0      0      0   1512   1410   1645      4      0 
    1    277     66     69     99     41      0      0      0      0   1512   1410   1889      4      0 
# gpu    pwr  gtemp  mtemp     sm    mem    enc    dec    jpg    ofa   mclk   pclk     fb   bar1   ccpm 
# Idx      W      C      C      %      %      %      %      %      %    MHz    MHz     MB     MB     MB 
    0    237     59     61     97     22      0      0      0      0   1512   1410   1645      4      0 
    1    275     65     69     99     41      0      0      0      0   1512   1410   1889      4      0 
    0    232     59     61     97     22      0      0      0      0   1512   1410   1645      4      0 
    1    276     65     69     99     41      0      0      0      0   1512   1410   1889      4      0 
    0    236     59     61     97     22      0      0      0      0   1512   1410   1645      4      0 
    1    271     65     69     99     40      0      0      0      0   1512   1410   1889      4      0 
    0    230     59     61     97     22      0      0      0      0   1512   1410   1645      4      0 
    1    272     65     69     99     41      0      0      0      0   1512   1410   1889      4      0 
    0    235     59     61     97     22      0      0      0      0   1512   1410   1645      4      0 
    1    276     65     69     99     41      0      0      0      0   1512   1410   1889      4      0 
    0    234     59     61     97     22      0      0      0      0   1512   1410   1645      4      0 
    1    272     65     69     99     40      0      0      0      0   1512   1410   1889      4      0 
    0    231     59     61     97     22      0      0      0      0   1512   1410   1645      4      0 
    1    272     65     69     99     40      0      0      0      0   1512   1410   1889      4      0 
    0    235     59     61     97     22      0      0      0      0   1512   1410   1645      4      0 
    1    274     65     69     99     41      0      0      0      0   1512   1410   1889      4      0 
    0    234     59     61     97     22      0      0      0      0   1512   1410   1645      4      0 
    1    280     64     69     99     41      0      0      0      0   1512   1410   1889      4      0 
    0    234     59     61     97     22      0      0      0      0   1512   1410   1645      4      0 
    1    273     65     69     99     41      0      0      0      0   1512   1410   1889      4      0 
    0    236     59     61     97     22      0      0      0      0   1512   1410   1645      4      0 
    1    269     65     69     99     40      0      0      0      0   1512   1410   1889      4      0 
    0    231     59     61     97     22      0      0      0      0   1512   1410   1645      4      0 
    1    272     65     69     99     41      0      0      0      0   1512   1410   1889      4      0 
    0    236     59     61     97     22      0      0      0      0   1512   1410   1645      4      0 
    1     84     62     69     54     22      0      0      0      0   1512   1410   1889      4      0 
    0    230     59     61     97     22      0      0      0      0   1512   1410   1645      4      0 
    1    279     64     69     99     42      0      0      0      0   1512   1410   1889      4      0 
    0    236     59     61     97     22      0      0      0      0   1512   1410   1645      4      0 
    1    282     65     69     99     41      0      0      0      0   1512   1410   1889      4      0 
    0    229     59     61     97     22      0      0      0      0   1512   1410   1645      4      0 
    1    277     65     69     99     40      0      0      0      0   1512   1410   1889      4      0 
    0    235     59     61     97     22      0      0      0      0   1512   1410   1645      4      0 
    1    272     65     69     99     41      0      0      0      0   1512   1410   1889      4      0 
    0    232     59     61     97     22      0      0      0      0   1512   1410   1645      4      0 
    1    270     65     69     99     41      0      0      0      0   1512   1410   1889      4      0 
    0    238     59     61     97     22      0      0      0      0   1512   1410   1645      4      0 
    1    277     65     69     99     41      0      0      0      0   1512   1410   1889      4      0 
    0    233     59     61     97     22      0      0      0      0   1512   1410   1645      4      0 
    1    274     64     69     99     41      0      0      0      0   1512   1410   1889      4      0 
    0    233     59     61     97     22      0      0      0      0   1512   1410   1645      4      0 
    1    273     65     69     99     40      0      0      0      0   1512   1410   1889      4      0 
    0    235     60     63     97     22      0      0      0      0   1512   1410   1645      4      0 
    1    270     66     71     99     41      0      0      0      0   1512   1410   1889      4      0 
# gpu    pwr  gtemp  mtemp     sm    mem    enc    dec    jpg    ofa   mclk   pclk     fb   bar1   ccpm 
# Idx      W      C      C      %      %      %      %      %      %    MHz    MHz     MB     MB     MB 
    0    230     59     63     97     22      0      0      0      0   1512   1410   1645      4      0 
    1    276     65     69     99     41      0      0      0      0   1512   1410   1889      4      0 
    0    231     59     61     97     22      0      0      0      0   1512   1410   1645      4      0 
    1    270     65     69     99     41      0      0      0      0   1512   1410   1889      4      0 
    0    233     59     61     97     22      0      0      0      0   1512   1410   1645      4      0 
    1    279     65     69     99     41      0      0      0      0   1512   1410   1889      4      0 
    0    226     59     61     97     22      0      0      0      0   1512   1410   1645      4      0 
    1    270     65     69     99     41      0      0      0      0   1512   1410   1889      4      0 
    0    233     59     61     97     22      0      0      0      0   1512   1410   1645      4      0 
    1    266     65     69     99     41      0      0      0      0   1512   1410   1889      4      0 
    0    235     59     61     97     22      0      0      0      0   1512   1410   1645      4      0 
    1    271     65     69     99     41      0      0      0      0   1512   1410   1889      4      0 
    0    234     59     61     97     22      0      0      0      0   1512   1410   1645      4      0 
    1    267     64     69     99     41      0      0      0      0   1512   1410   1889      4      0 
    0    237     59     61     97     22      0      0      0      0   1512   1410   1645      4      0 
    1    271     65     69     99     41      0      0      0      0   1512   1410   1889      4      0 
    0    232     59     63     97     22      0      0      0      0   1512   1410   1645      4      0 
    1    281     65     69     99     40      0      0      0      0   1512   1410   1889      4      0 
    0    230     59     61     97     22      0      0      0      0   1512   1410   1645      4      0 
    1    271     65     69     99     41      0      0      0      0   1512   1410   1889      4      0 
    0    229     59     61     97     22      0      0      0      0   1512   1410   1645      4      0 
    1    281     65     69     99     41      0      0      0      0   1512   1410   1889      4      0 
    0    229     59     61     97     22      0      0      0      0   1512   1410   1645      4      0 
    1    275     65     69     99     40      0      0      0      0   1512   1410   1889      4      0 
    0    235     59     61     97     22      0      0      0      0   1512   1410   1645      4      0 
    1    273     64     69     99     41      0      0      0      0   1512   1410   1889      4      0 
    0    233     59     61     97     22      0      0      0      0   1512   1410   1645      4      0 
    1    274     64     69     99     41      0      0      0      0   1512   1410   1889      4      0 
    0    230     59     63     97     22      0      0      0      0   1512   1410   1645      4      0 
    1    279     66     69     99     41      0      0      0      0   1512   1410   1889      4      0 
    0    235     60     63     97     22      0      0      0      0   1512   1410   1645      4      0 
    1    273     66     71     99     41      0      0      0      0   1512   1410   1889      4      0 
    0    235     59     63     97     22      0      0      0      0   1512   1410   1645      4      0 
    1    278     66     69     99     41      0      0      0      0   1512   1410   1889      4      0 
    0    234     59     61     97     22      0      0      0      0   1512   1410   1645      4      0 
    1    269     65     69     99     40      0      0      0      0   1512   1410   1889      4      0 
    0    233     59     61     97     22      0      0      0      0   1512   1410   1645      4      0 
    1    272     65     69     99     40      0      0      0      0   1512   1410   1889      4      0 
    0    231     59     61     97     22      0      0      0      0   1512   1410   1645      4      0 
    1    280     65     69     99     40      0      0      0      0   1512   1410   1889      4      0 
    0    232     59     61     97     22      0      0      0      0   1512   1410   1645      4      0 
    1    272     65     69     99     41      0      0      0      0   1512   1410   1889      4      0 
    0    230     59     61     97     22      0      0      0      0   1512   1410   1645      4      0 
    1    273     64     69     99     41      0      0      0      0   1512   1410   1889      4      0 
# gpu    pwr  gtemp  mtemp     sm    mem    enc    dec    jpg    ofa   mclk   pclk     fb   bar1   ccpm 
# Idx      W      C      C      %      %      %      %      %      %    MHz    MHz     MB     MB     MB 
    0    229     59     61     97     22      0      0      0      0   1512   1410   1645      4      0 
    1    280     65     69     99     41      0      0      0      0   1512   1410   1889      4      0 
    0    233     60     63     97     22      0      0      0      0   1512   1410   1645      4      0 
    1    274     66     71     99     40      0      0      0      0   1512   1410   1889      4      0 
    0    235     60     63     97     22      0      0      0      0   1512   1410   1645      4      0 
    1    270     66     71     99     40      0      0      0      0   1512   1410   1889      4      0 
    0    236     59     63     97     22      0      0      0      0   1512   1410   1645      4      0 
    1    281     65     69     99     41      0      0      0      0   1512   1410   1889      4      0 
    0    236     59     63     97     22      0      0      0      0   1512   1410   1645      4      0 
    1    269     65     69     99     41      0      0      0      0   1512   1410   1889      4      0 
    0    235     59     61     97     22      0      0      0      0   1512   1410   1645      4      0 
    1    274     65     69     99     41      0      0      0      0   1512   1410   1889      4      0 
    0    230     59     61     97     22      0      0      0      0   1512   1410   1645      4      0 
    1    273     65     69     99     40      0      0      0      0   1512   1410   1889      4      0 
    0    235     59     61     97     22      0      0      0      0   1512   1410   1645      4      0 
    1    277     64     69     99     41      0      0      0      0   1512   1410   1889      4      0 
    0    229     59     61     97     22      0      0      0      0   1512   1410   1645      4      0 
    1    278     65     69     99     40      0      0      0      0   1512   1410   1889      4      0 
    0    234     59     63     97     22      0      0      0      0   1512   1410   1645      4      0 
    1    282     66     69     99     41      0      0      0      0   1512   1410   1889      4      0 
    0    237     59     61     97     22      0      0      0      0   1512   1410   1645      4      0 
    1    279     65     69     99     41      0      0      0      0   1512   1410   1889      4      0 
    0    230     59     61     97     22      0      0      0      0   1512   1410   1645      4      0 
    1    275     65     69     99     41      0      0      0      0   1512   1410   1889      4      0 
    0    231     59     61     97     22      0      0      0      0   1512   1410   1645      4      0 
    1    278     65     69     99     40      0      0      0      0   1512   1410   1889      4      0 
    0    235     59     61     97     22      0      0      0      0   1512   1410   1645      4      0 
    1    271     65     69     99     41      0      0      0      0   1512   1410   1889      4      0 
    0    226     59     61     97     22      0      0      0      0   1512   1410   1645      4      0 
    1    274     65     69     99     40      0      0      0      0   1512   1410   1889      4      0 
    0    233     59     61     97     22      0      0      0      0   1512   1410   1645      4      0 
    1    275     65     69     99     41      0      0      0      0   1512   1410   1889      4      0 
    0    235     60     63     97     22      0      0      0      0   1512   1410   1645      4      0 
    1    277     66     69     99     41      0      0      0      0   1512   1410   1889      4      0 
    0    235     59     63     97     22      0      0      0      0   1512   1410   1645      4      0 
    1    269     66     69     99     41      0      0      0      0   1512   1410   1889      4      0 
    0    236     59     61     97     22      0      0      0      0   1512   1410   1645      4      0 
    1    278     65     69     99     41      0      0      0      0   1512   1410   1889      4      0 
    0    230     59     61     97     22      0      0      0      0   1512   1410   1645      4      0 
    1    281     65     69     99     40      0      0      0      0   1512   1410   1889      4      0 
    0    231     59     61     97     22      0      0      0      0   1512   1410   1645      4      0 
    1    275     65     69     99     41      0      0      0      0   1512   1410   1889      4      0 
    0    234     59     61     97     22      0      0      0      0   1512   1410   1645      4      0 
    1    275     65     69     99     42      0      0      0      0   1512   1410   1889      4      0 
# gpu    pwr  gtemp  mtemp     sm    mem    enc    dec    jpg    ofa   mclk   pclk     fb   bar1   ccpm 
# Idx      W      C      C      %      %      %      %      %      %    MHz    MHz     MB     MB     MB 
    0    224     59     61     97     22      0      0      0      0   1512   1410   1645      4      0 
    1    276     65     69     99     41      0      0      0      0   1512   1410   1889      4      0 
    0    232     59     61     97     22      0      0      0      0   1512   1410   1645      4      0 
    1    272     65     69     99     40      0      0      0      0   1512   1410   1889      4      0 
    0    238     59     61     97     22      0      0      0      0   1512   1410   1645      4      0 
    1    269     65     69     99     40      0      0      0      0   1512   1410   1889      4      0 
    0    237     59     61     97     22      0      0      0      0   1512   1410   1645      4      0 
    1    277     65     69     99     40      0      0      0      0   1512   1410   1889      4      0 
    0    229     59     61     97     22      0      0      0      0   1512   1410   1645      4      0 
    1    272     65     69     99     41      0      0      0      0   1512   1410   1889      4      0 
    0    230     59     61     97     22      0      0      0      0   1512   1410   1645      4      0 
    1    271     65     69     99     41      0      0      0      0   1512   1410   1889      4      0 
    0    235     59     61     97     22      0      0      0      0   1512   1410   1645      4      0 
    1    278     65     69     99     41      0      0      0      0   1512   1410   1889      4      0 
    0    232     59     61     97     22      0      0      0      0   1512   1410   1645      4      0 
    1    272     65     69     99     41      0      0      0      0   1512   1410   1889      4      0 
    0    233     60     63     97     22      0      0      0      0   1512   1410   1645      4      0 
    1    272     66     71     99     41      0      0      0      0   1512   1410   1889      4      0 
    0    236     59     61     97     22      0      0      0      0   1512   1410   1645      4      0 
    1    271     65     69     99     41      0      0      0      0   1512   1410   1889      4      0 
    0    234     59     61     97     22      0      0      0      0   1512   1410   1645      4      0 
    1    277     65     69     99     41      0      0      0      0   1512   1410   1889      4      0 
    0    235     59     61     97     22      0      0      0      0   1512   1410   1645      4      0 
    1    277     65     69     99     40      0      0      0      0   1512   1410   1889      4      0 
    0    235     59     61     97     22      0      0      0      0   1512   1410   1645      4      0 
    1    273     65     69     99     41      0      0      0      0   1512   1410   1889      4      0 
    0    232     59     61     97     22      0      0      0      0   1512   1410   1645      4      0 
    1    275     65     69     99     41      0      0      0      0   1512   1410   1889      4      0 
    0    235     59     61     97     22      0      0      0      0   1512   1410   1645      4      0 
    1    268     65     69     99     40      0      0      0      0   1512   1410   1889      4      0 
    0    236     59     61     97     22      0      0      0      0   1512   1410   1645      4      0 
    1    272     64     69     99     42      0      0      0      0   1512   1410   1889      4      0 
    0    232     59     61     97     22      0      0      0      0   1512   1410   1645      4      0 
    1    281     64     69     99     40      0      0      0      0   1512   1410   1889      4      0 
    0    232     59     61     97     22      0      0      0      0   1512   1410   1645      4      0 
    1    276     66     69     99     41      0      0      0      0   1512   1410   1889      4      0 
    0    236     59     63     97     22      0      0      0      0   1512   1410   1645      4      0 
    1    280     66     71     99     40      0      0      0      0   1512   1410   1889      4      0 
    0    233     59     61     97     22      0      0      0      0   1512   1410   1645      4      0 
    1    273     65     69     99     40      0      0      0      0   1512   1410   1889      4      0 
    0    228     59     61     97     22      0      0      0      0   1512   1410   1645      4      0 
    1    269     65     69     99     41      0      0      0      0   1512   1410   1889      4      0 
    0    233     59     61     97     22      0      0      0      0   1512   1410   1645      4      0 
    1    273     65     69     99     41      0      0      0      0   1512   1410   1889      4      0 
# gpu    pwr  gtemp  mtemp     sm    mem    enc    dec    jpg    ofa   mclk   pclk     fb   bar1   ccpm 
# Idx      W      C      C      %      %      %      %      %      %    MHz    MHz     MB     MB     MB 
    0    225     59     61     97     22      0      0      0      0   1512   1410   1645      4      0 
    1    269     65     69     99     41      0      0      0      0   1512   1410   1889      4      0 
    0    227     59     61     97     22      0      0      0      0   1512   1410   1645      4      0 
    1    274     65     69     99     40      0      0      0      0   1512   1410   1889      4      0 
    0    235     59     61     97     22      0      0      0      0   1512   1410   1645      4      0 
    1    271     65     69     99     40      0      0      0      0   1512   1410   1889      4      0 
    0    235     59     61     97     22      0      0      0      0   1512   1410   1645      4      0 
    1    260     64     67     76     31      0      0      0      0   1512   1410   1889      4      0 
    0    237     59     61     97     22      0      0      0      0   1512   1410   1645      4      0 
    1    276     65     69     99     41      0      0      0      0   1512   1410   1889      4      0 
    0    228     59     61     97     22      0      0      0      0   1512   1410   1645      4      0 
    1    268     65     69     99     40      0      0      0      0   1512   1410   1889      4      0 
    0    235     59     61     97     22      0      0      0      0   1512   1410   1645      4      0 
    1    276     65     69     99     41      0      0      0      0   1512   1410   1889      4      0 
    0    232     59     61     97     22      0      0      0      0   1512   1410   1645      4      0 
    1    277     65     69     99     41      0      0      0      0   1512   1410   1889      4      0 
    0    231     59     61     97     22      0      0      0      0   1512   1410   1645      4      0 
    1    280     65     69     99     40      0      0      0      0   1512   1410   1889      4      0 
    0    237     59     61     97     22      0      0      0      0   1512   1410   1645      4      0 
    1    273     65     69     99     41      0      0      0      0   1512   1410   1889      4      0 
    0    232     59     61     97     22      0      0      0      0   1512   1410   1645      4      0 
    1    282     65     69     99     41      0      0      0      0   1512   1410   1889      4      0 
    0    235     59     61     97     22      0      0      0      0   1512   1410   1645      4      0 
    1    276     65     69     99     41      0      0      0      0   1512   1410   1889      4      0 
    0    234     59     61     97     22      0      0      0      0   1512   1410   1645      4      0 
    1    276     65     69     99     41      0      0      0      0   1512   1410   1889      4      0 
    0    226     59     61     97     22      0      0      0      0   1512   1410   1645      4      0 
    1    273     65     69     99     41      0      0      0      0   1512   1410   1889      4      0 
    0    231     59     61     97     22      0      0      0      0   1512   1410   1645      4      0 
    1    272     64     69     99     41      0      0      0      0   1512   1410   1889      4      0 
    0    232     59     61     97     22      0      0      0      0   1512   1410   1645      4      0 
    1    270     64     69     99     41      0      0      0      0   1512   1410   1889      4      0 
    0    228     59     61     97     22      0      0      0      0   1512   1410   1645      4      0 
    1    275     65     69     99     41      0      0      0      0   1512   1410   1889      4      0 
    0    233     59     61     97     22      0      0      0      0   1512   1410   1645      4      0 
    1    276     64     69     99     41      0      0      0      0   1512   1410   1889      4      0 
    0    230     59     61     97     22      0      0      0      0   1512   1410   1645      4      0 
    1    270     65     69     99     41      0      0      0      0   1512   1410   1889      4      0 
    0    226     59     61     97     22      0      0      0      0   1512   1410   1645      4      0 
    1    274     66     69     99     41      0      0      0      0   1512   1410   1889      4      0 
    0    233     59     61     97     22      0      0      0      0   1512   1410   1645      4      0 
    1    280     65     69     99     41      0      0      0      0   1512   1410   1889      4      0 
    0    227     59     61     97     22      0      0      0      0   1512   1410   1645      4      0 
    1    274     65     69     99     41      0      0      0      0   1512   1410   1889      4      0 
# gpu    pwr  gtemp  mtemp     sm    mem    enc    dec    jpg    ofa   mclk   pclk     fb   bar1   ccpm 
# Idx      W      C      C      %      %      %      %      %      %    MHz    MHz     MB     MB     MB 
    0    235     59     61     97     22      0      0      0      0   1512   1410   1645      4      0 
    1    277     65     69     99     40      0      0      0      0   1512   1410   1889      4      0 
    0    233     59     61     97     22      0      0      0      0   1512   1410   1645      4      0 
    1    273     65     69     99     41      0      0      0      0   1512   1410   1889      4      0 
    0    230     59     61     97     22      0      0      0      0   1512   1410   1645      4      0 
    1    275     64     69     99     41      0      0      0      0   1512   1410   1889      4      0 
    0    232     59     61     97     22      0      0      0      0   1512   1410   1645      4      0 
    1    269     64     69     99     41      0      0      0      0   1512   1410   1889      4      0 
    0    234     59     61     97     22      0      0      0      0   1512   1410   1645      4      0 
    1    277     64     69     99     41      0      0      0      0   1512   1410   1889      4      0 
    0    236     59     61     97     22      0      0      0      0   1512   1410   1645      4      0 
    1    268     65     69     99     41      0      0      0      0   1512   1410   1889      4      0 
    0    230     59     61     97     22      0      0      0      0   1512   1410   1645      4      0 
    1    272     65     69     99     41      0      0      0      0   1512   1410   1889      4      0 
    0    230     59     61     97     22      0      0      0      0   1512   1410   1645      4      0 
    1    276     65     69     99     41      0      0      0      0   1512   1410   1889      4      0 
    0    227     59     61     97     22      0      0      0      0   1512   1410   1645      4      0 
    1    273     65     69     99     41      0      0      0      0   1512   1410   1889      4      0 
    0    235     59     61     97     22      0      0      0      0   1512   1410   1645      4      0 
    1    264     65     69     99     41      0      0      0      0   1512   1410   1889      4      0 
    0    236     59     61     97     22      0      0      0      0   1512   1410   1645      4      0 
    1    280     64     69     99     40      0      0      0      0   1512   1410   1889      4      0 
    0    236     58     61     97     22      0      0      0      0   1512   1410   1645      4      0 
    1    268     65     69     99     41      0      0      0      0   1512   1410   1889      4      0 
    0    233     59     61     97     22      0      0      0      0   1512   1410   1645      4      0 
    1    273     65     69     99     41      0      0      0      0   1512   1410   1889      4      0 
    0    231     59     61     97     22      0      0      0      0   1512   1410   1645      4      0 
    1    282     65     69     99     40      0      0      0      0   1512   1410   1889      4      0 
    0    239     59     63     97     22      0      0      0      0   1512   1410   1645      4      0 
    1    275     65     69     99     40      0      0      0      0   1512   1410   1889      4      0 
    0    234     59     61     97     22      0      0      0      0   1512   1410   1645      4      0 
    1    267     65     69     99     40      0      0      0      0   1512   1410   1889      4      0 
    0    228     59     61     97     22      0      0      0      0   1512   1410   1645      4      0 
    1    276     65     69     99     41      0      0      0      0   1512   1410   1889      4      0 
    0    237     59     61     97     22      0      0      0      0   1512   1410   1645      4      0 
    1    269     65     69     99     40      0      0      0      0   1512   1410   1889      4      0 
    0    232     59     61     97     22      0      0      0      0   1512   1410   1645      4      0 
    1    270     64     69     99     41      0      0      0      0   1512   1410   1889      4      0 
    0    235     59     61     97     22      0      0      0      0   1512   1410   1645      4      0 
    1    279     65     69     99     41      0      0      0      0   1512   1410   1889      4      0 
    0    233     59     61     97     22      0      0      0      0   1512   1410   1645      4      0 
    1    273     65     69     99     41      0      0      0      0   1512   1410   1889      4      0 
    0    235     59     61     97     22      0      0      0      0   1512   1410   1645      4      0 
    1    272     64     69     99     40      0      0      0      0   1512   1410   1889      4      0 
# gpu    pwr  gtemp  mtemp     sm    mem    enc    dec    jpg    ofa   mclk   pclk     fb   bar1   ccpm 
# Idx      W      C      C      %      %      %      %      %      %    MHz    MHz     MB     MB     MB 
    0    232     59     61     97     22      0      0      0      0   1512   1410   1645      4      0 
    1    278     65     69     99     40      0      0      0      0   1512   1410   1889      4      0 
    0    233     59     61     97     22      0      0      0      0   1512   1410   1645      4      0 
    1    274     65     69     99     41      0      0      0      0   1512   1410   1889      4      0 
    0    237     59     61     97     22      0      0      0      0   1512   1410   1645      4      0 
    1    281     65     69     99     40      0      0      0      0   1512   1410   1889      4      0 
    0    239     59     61     97     22      0      0      0      0   1512   1410   1645      4      0 
    1    271     65     69     99     40      0      0      0      0   1512   1410   1889      4      0 
    0    226     59     61     97     22      0      0      0      0   1512   1410   1645      4      0 
    1    271     65     69     99     41      0      0      0      0   1512   1410   1889      4      0 
    0    234     59     61     97     22      0      0      0      0   1512   1410   1645      4      0 
    1    272     65     69     99     41      0      0      0      0   1512   1410   1889      4      0 
    0    232     59     61     97     22      0      0      0      0   1512   1410   1645      4      0 
    1    281     64     69     99     41      0      0      0      0   1512   1410   1889      4      0 
    0    233     59     61     97     22      0      0      0      0   1512   1410   1645      4      0 
    1    275     65     69     99     41      0      0      0      0   1512   1410   1889      4      0 
    0    238     60     63     97     22      0      0      0      0   1512   1410   1645      4      0 
    1    268     66     71     99     41      0      0      0      0   1512   1410   1889      4      0 
    0    238     59     63     97     22      0      0      0      0   1512   1410   1645      4      0 
    1    280     65     69     99     41      0      0      0      0   1512   1410   1889      4      0 
    0    236     59     61     97     22      0      0      0      0   1512   1410   1645      4      0 
    1    274     65     69     99     41      0      0      0      0   1512   1410   1889      4      0 
    0    237     59     61     97     22      0      0      0      0   1512   1410   1645      4      0 
    1    269     65     69     99     40      0      0      0      0   1512   1410   1889      4      0 
    0    233     59     61     97     22      0      0      0      0   1512   1410   1645      4      0 
    1    276     65     69     99     41      0      0      0      0   1512   1410   1889      4      0 
    0    237     59     61     97     22      0      0      0      0   1512   1410   1645      4      0 
    1    268     65     69     99     40      0      0      0      0   1512   1410   1889      4      0 
    0    236     59     61     97     22      0      0      0      0   1512   1410   1645      4      0 
    1    275     65     69     99     41      0      0      0      0   1512   1410   1889      4      0 
    0    234     59     61     97     22      0      0      0      0   1512   1410   1645      4      0 
    1    277     65     69     99     40      0      0      0      0   1512   1410   1889      4      0 
    0    234     59     61     97     22      0      0      0      0   1512   1410   1645      4      0 
    1    278     65     69     99     40      0      0      0      0   1512   1410   1889      4      0 
    0    234     59     61     97     22      0      0      0      0   1512   1410   1645      4      0 
    1    279     65     69     99     42      0      0      0      0   1512   1410   1889      4      0 
    0    237     59     61     97     22      0      0      0      0   1512   1410   1645      4      0 
    1    272     65     69     99     41      0      0      0      0   1512   1410   1889      4      0 
    0    228     59     61     97     22      0      0      0      0   1512   1410   1645      4      0 
    1    277     65     69     99     40      0      0      0      0   1512   1410   1889      4      0 
    0    233     59     61     97     22      0      0      0      0   1512   1410   1645      4      0 
    1    278     65     69     99     41      0      0      0      0   1512   1410   1889      4      0 
    0    233     59     61     97     22      0      0      0      0   1512   1410   1645      4      0 
    1    275     65     69     99     40      0      0      0      0   1512   1410   1889      4      0 
# gpu    pwr  gtemp  mtemp     sm    mem    enc    dec    jpg    ofa   mclk   pclk     fb   bar1   ccpm 
# Idx      W      C      C      %      %      %      %      %      %    MHz    MHz     MB     MB     MB 
    0    233     59     61     97     22      0      0      0      0   1512   1410   1645      4      0 
    1    269     64     69     99     41      0      0      0      0   1512   1410   1889      4      0 
    0    233     59     61     97     22      0      0      0      0   1512   1410   1645      4      0 
    1    273     65     69     99     41      0      0      0      0   1512   1410   1889      4      0 
    0    232     59     63     97     22      0      0      0      0   1512   1410   1645      4      0 
    1    273     66     69     99     41      0      0      0      0   1512   1410   1889      4      0 
    0    229     59     63     97     22      0      0      0      0   1512   1410   1645      4      0 
    1    268     66     69     99     40      0      0      0      0   1512   1410   1889      4      0 
    0    235     59     61     97     22      0      0      0      0   1512   1410   1645      4      0 
    1    280     65     69     99     40      0      0      0      0   1512   1410   1889      4      0 
    0    227     59     61     97     22      0      0      0      0   1512   1410   1645      4      0 
    1    282     65     69     99     41      0      0      0      0   1512   1410   1889      4      0 
    0    234     59     61     97     22      0      0      0      0   1512   1410   1645      4      0 
    1    281     65     69     99     41      0      0      0      0   1512   1410   1889      4      0 
    0    230     59     61     97     22      0      0      0      0   1512   1410   1645      4      0 
    1    268     65     69     99     40      0      0      0      0   1512   1410   1889      4      0 
    0    236     59     61     97     22      0      0      0      0   1512   1410   1645      4      0 
    1    274     63     69     99     41      0      0      0      0   1512   1410   1889      4      0 
    0    227     59     61     97     22      0      0      0      0   1512   1410   1645      4      0 
    1    275     65     69     99     40      0      0      0      0   1512   1410   1889      4      0 
    0    230     60     63     97     22      0      0      0      0   1512   1410   1645      4      0 
    1    281     66     71     99     40      0      0      0      0   1512   1410   1889      4      0 
    0    232     59     61     97     22      0      0      0      0   1512   1410   1645      4      0 
    1    280     65     69     99     41      0      0      0      0   1512   1410   1889      4      0 
    0    237     59     61     97     22      0      0      0      0   1512   1410   1645      4      0 
    1    277     65     69     99     41      0      0      0      0   1512   1410   1889      4      0 
    0    234     59     61     97     22      0      0      0      0   1512   1410   1645      4      0 
    1    272     65     69     99     40      0      0      0      0   1512   1410   1889      4      0 
    0    231     59     61     97     22      0      0      0      0   1512   1410   1645      4      0 
    1    280     65     69     99     41      0      0      0      0   1512   1410   1889      4      0 
    0    231     59     61     97     22      0      0      0      0   1512   1410   1645      4      0 
    1    279     65     69     99     41      0      0      0      0   1512   1410   1889      4      0 
    0    235     59     61     97     22      0      0      0      0   1512   1410   1645      4      0 
    1    270     64     69     99     41      0      0      0      0   1512   1410   1889      4      0 
    0    232     59     61     97     22      0      0      0      0   1512   1410   1645      4      0 
    1    269     65     69     99     41      0      0      0      0   1512   1410   1889      4      0 
    0    237     60     63     97     22      0      0      0      0   1512   1410   1645      4      0 
    1    271     66     69     99     41      0      0      0      0   1512   1410   1889      4      0 
    0    232     59     63     97     22      0      0      0      0   1512   1410   1645      4      0 
    1    275     66     69     99     40      0      0      0      0   1512   1410   1889      4      0 
    0    236     59     61     97     22      0      0      0      0   1512   1410   1645      4      0 
    1    279     65     69     99     41      0      0      0      0   1512   1410   1889      4      0 
    0    229     59     61     97     22      0      0      0      0   1512   1410   1645      4      0 
    1    269     65     69     99     40      0      0      0      0   1512   1410   1889      4      0 
# gpu    pwr  gtemp  mtemp     sm    mem    enc    dec    jpg    ofa   mclk   pclk     fb   bar1   ccpm 
# Idx      W      C      C      %      %      %      %      %      %    MHz    MHz     MB     MB     MB 
    0    234     59     61     97     22      0      0      0      0   1512   1410   1645      4      0 
    1    273     65     69     99     40      0      0      0      0   1512   1410   1889      4      0 
    0    237     59     61     97     22      0      0      0      0   1512   1410   1645      4      0 
    1    280     65     69     99     40      0      0      0      0   1512   1410   1889      4      0 
    0    235     59     61     97     22      0      0      0      0   1512   1410   1645      4      0 
    1    271     65     69     99     41      0      0      0      0   1512   1410   1889      4      0 
    0    237     59     61     97     22      0      0      0      0   1512   1410   1645      4      0 
    1    277     65     69     99     41      0      0      0      0   1512   1410   1889      4      0 
    0    231     59     61     97     22      0      0      0      0   1512   1410   1645      4      0 
    1    275     65     69     99     41      0      0      0      0   1512   1410   1889      4      0 
    0    229     59     61     97     22      0      0      0      0   1512   1410   1645      4      0 
    1    277     65     69     99     41      0      0      0      0   1512   1410   1889      4      0 
    0    234     59     61     97     22      0      0      0      0   1512   1410   1645      4      0 
    1    274     64     69     99     40      0      0      0      0   1512   1410   1889      4      0 
    0    236     59     63     97     22      0      0      0      0   1512   1410   1645      4      0 
    1    282     66     69     99     40      0      0      0      0   1512   1410   1889      4      0 
    0    227     60     63     97     22      0      0      0      0   1512   1410   1645      4      0 
    1    272     66     71     99     41      0      0      0      0   1512   1410   1889      4      0 
    0    236     59     61     97     22      0      0      0      0   1512   1410   1645      4      0 
    1    274     66     69     99     41      0      0      0      0   1512   1410   1889      4      0 
    0    234     59     61     97     22      0      0      0      0   1512   1410   1645      4      0 
    1    277     65     69     99     41      0      0      0      0   1512   1410   1889      4      0 
    0    236     59     61     97     22      0      0      0      0   1512   1410   1645      4      0 
    1    275     65     69     99     41      0      0      0      0   1512   1410   1889      4      0 
    0    238     59     61     97     22      0      0      0      0   1512   1410   1645      4      0 
    1    268     65     69     99     40      0      0      0      0   1512   1410   1889      4      0 
    0    233     59     61     97     22      0      0      0      0   1512   1410   1645      4      0 
    1    280     65     69     99     41      0      0      0      0   1512   1410   1889      4      0 
    0    232     59     61     97     22      0      0      0      0   1512   1410   1645      4      0 
    1    282     65     69     99     41      0      0      0      0   1512   1410   1889      4      0 
    0    234     59     63     97     22      0      0      0      0   1512   1410   1645      4      0 
    1    273     66     69     99     41      0      0      0      0   1512   1410   1889      4      0 
    0    236     59     63     97     22      0      0      0      0   1512   1410   1645      4      0 
    1    277     66     69     99     41      0      0      0      0   1512   1410   1889      4      0 
    0    231     59     61     97     22      0      0      0      0   1512   1410   1645      4      0 
    1    270     65     69     99     41      0      0      0      0   1512   1410   1889      4      0 
    0    234     59     61     97     22      0      0      0      0   1512   1410   1645      4      0 
    1    274     65     69     99     41      0      0      0      0   1512   1410   1889      4      0 
    0    233     59     61     97     22      0      0      0      0   1512   1410   1645      4      0 
    1    272     65     69     99     41      0      0      0      0   1512   1410   1889      4      0 
    0    237     59     61     97     22      0      0      0      0   1512   1410   1645      4      0 
    1    277     65     69     99     41      0      0      0      0   1512   1410   1889      4      0 
    0    233     59     61     97     22      0      0      0      0   1512   1410   1645      4      0 
    1    280     65     69     99     41      0      0      0      0   1512   1410   1889      4      0 
# gpu    pwr  gtemp  mtemp     sm    mem    enc    dec    jpg    ofa   mclk   pclk     fb   bar1   ccpm 
# Idx      W      C      C      %      %      %      %      %      %    MHz    MHz     MB     MB     MB 
    0    239     59     63     97     22      0      0      0      0   1512   1410   1645      4      0 
    1    273     65     69     99     40      0      0      0      0   1512   1410   1889      4      0 
    0    234     59     61     97     22      0      0      0      0   1512   1410   1645      4      0 
    1    273     65     69     99     41      0      0      0      0   1512   1410   1889      4      0 
    0    231     59     61     97     22      0      0      0      0   1512   1410   1645      4      0 
    1    271     65     69     99     41      0      0      0      0   1512   1410   1889      4      0 
    0    232     59     61     97     22      0      0      0      0   1512   1410   1645      4      0 
    1    270     65     69     99     41      0      0      0      0   1512   1410   1889      4      0 
    0    234     59     61     97     22      0      0      0      0   1512   1410   1645      4      0 
    1    279     64     69     99     41      0      0      0      0   1512   1410   1889      4      0 
    0    234     60     63     97     22      0      0      0      0   1512   1410   1645      4      0 
    1    272     65     69     99     41      0      0      0      0   1512   1410   1889      4      0 
    0    232     60     63     97     22      0      0      0      0   1512   1410   1645      4      0 
    1    279     66     69     99     41      0      0      0      0   1512   1410   1889      4      0 
    0    234     59     63     97     22      0      0      0      0   1512   1410   1645      4      0 
    1    279     65     69     99     41      0      0      0      0   1512   1410   1889      4      0 
    0    236     59     61     97     22      0      0      0      0   1512   1410   1645      4      0 
    1    281     65     69     99     41      0      0      0      0   1512   1410   1889      4      0 
    0    235     59     61     97     22      0      0      0      0   1512   1410   1645      4      0 
    1    276     65     69     99     41      0      0      0      0   1512   1410   1889      4      0 
    0    230     59     61     97     22      0      0      0      0   1512   1410   1645      4      0 
    1    278     65     69     99     41      0      0      0      0   1512   1410   1889      4      0 
    0    231     59     61     97     22      0      0      0      0   1512   1410   1645      4      0 
    1    272     64     69     99     40      0      0      0      0   1512   1410   1889      4      0 
    0    234     60     63     97     22      0      0      0      0   1512   1410   1645      4      0 
    1    283     66     69     99     41      0      0      0      0   1512   1410   1889      4      0 
    0    232     60     63     97     22      0      0      0      0   1512   1410   1645      4      0 
    1    279     66     71     99     41      0      0      0      0   1512   1410   1889      4      0 
    0    234     60     63     97     22      0      0      0      0   1512   1410   1645      4      0 
    1    278     66     69     99     41      0      0      0      0   1512   1410   1889      4      0 
    0    229     59     63     97     22      0      0      0      0   1512   1410   1645      4      0 
    1    273     65     69     99     40      0      0      0      0   1512   1410   1889      4      0 
    0    232     59     63     97     22      0      0      0      0   1512   1410   1645      4      0 
    1    270     65     69     99     41      0      0      0      0   1512   1410   1889      4      0 
    0    234     59     61     97     22      0      0      0      0   1512   1410   1645      4      0 
    1    273     65     69     99     41      0      0      0      0   1512   1410   1889      4      0 
    0    235     59     61     97     22      0      0      0      0   1512   1410   1645      4      0 
    1    281     65     69     99     41      0      0      0      0   1512   1410   1889      4      0 
    0    233     59     61     97     22      0      0      0      0   1512   1410   1645      4      0 
    1    272     65     69     99     41      0      0      0      0   1512   1410   1889      4      0 
    0    234     59     61     97     22      0      0      0      0   1512   1410   1645      4      0 
    1    271     65     69     99     41      0      0      0      0   1512   1410   1889      4      0 
    0    232     59     61     97     22      0      0      0      0   1512   1410   1645      4      0 
    1    275     64     69     99     41      0      0      0      0   1512   1410   1889      4      0 
# gpu    pwr  gtemp  mtemp     sm    mem    enc    dec    jpg    ofa   mclk   pclk     fb   bar1   ccpm 
# Idx      W      C      C      %      %      %      %      %      %    MHz    MHz     MB     MB     MB 
    0    234     59     63     97     22      0      0      0      0   1512   1410   1645      4      0 
    1    278     65     69     99     41      0      0      0      0   1512   1410   1889      4      0 
    0    239     59     61     97     22      0      0      0      0   1512   1410   1645      4      0 
    1    274     65     69     99     40      0      0      0      0   1512   1410   1889      4      0 
    0    235     59     61     97     22      0      0      0      0   1512   1410   1645      4      0 
    1    267     65     69     99     41      0      0      0      0   1512   1410   1889      4      0 
    0    233     59     61     97     22      0      0      0      0   1512   1410   1645      4      0 
    1    282     65     69     99     41      0      0      0      0   1512   1410   1889      4      0 
    0    235     59     61     97     22      0      0      0      0   1512   1410   1645      4      0 
    1    279     64     69     99     40      0      0      0      0   1512   1410   1889      4      0 
    0    237     59     61     97     22      0      0      0      0   1512   1410   1645      4      0 
    1    268     65     69     99     41      0      0      0      0   1512   1410   1889      4      0 
    0    231     59     61     97     22      0      0      0      0   1512   1410   1645      4      0 
    1    280     65     69     99     40      0      0      0      0   1512   1410   1889      4      0 
    0    233     59     61     97     22      0      0      0      0   1512   1410   1645      4      0 
    1    270     65     69     99     41      0      0      0      0   1512   1410   1889      4      0 
    0    235     59     61     97     22      0      0      0      0   1512   1410   1645      4      0 
    1    277     65     69     99     41      0      0      0      0   1512   1410   1889      4      0 
    0    236     59     61     97     22      0      0      0      0   1512   1410   1645      4      0 
    1    273     65     69     99     41      0      0      0      0   1512   1410   1889      4      0 
    0    232     59     61     97     22      0      0      0      0   1512   1410   1645      4      0 
    1    280     65     69     99     41      0      0      0      0   1512   1410   1889      4      0 
    0    229     59     61     97     22      0      0      0      0   1512   1410   1645      4      0 
    1    267     65     69     99     40      0      0      0      0   1512   1410   1889      4      0 
    0    228     59     61     97     22      0      0      0      0   1512   1410   1645      4      0 
    1    274     65     69     99     41      0      0      0      0   1512   1410   1889      4      0 
    0    236     59     61     97     22      0      0      0      0   1512   1410   1645      4      0 
    1    265     64     69     99     41      0      0      0      0   1512   1410   1889      4      0 
    0    228     59     61     97     22      0      0      0      0   1512   1410   1645      4      0 
    1    271     64     69     99     41      0      0      0      0   1512   1410   1889      4      0 
    0    234     59     63     97     22      0      0      0      0   1512   1410   1645      4      0 
    1    274     66     69     99     41      0      0      0      0   1512   1410   1889      4      0 
    0    237     59     63     97     22      0      0      0      0   1512   1410   1645      4      0 
    1    279     66     71     99     41      0      0      0      0   1512   1410   1889      4      0 
    0    235     59     61     97     22      0      0      0      0   1512   1410   1645      4      0 
    1    276     65     69     99     41      0      0      0      0   1512   1410   1889      4      0 
    0    234     59     61     97     22      0      0      0      0   1512   1410   1645      4      0 
    1    282     65     69     99     41      0      0      0      0   1512   1410   1889      4      0 
    0    228     59     61     97     22      0      0      0      0   1512   1410   1645      4      0 
    1    270     65     69     99     41      0      0      0      0   1512   1410   1889      4      0 
    0    235     59     61     97     22      0      0      0      0   1512   1410   1645      4      0 
    1    277     64     69     99     41      0      0      0      0   1512   1410   1889      4      0 
    0    231     59     61     97     22      0      0      0      0   1512   1410   1645      4      0 
    1    272     63     67     58     24      0      0      0      0   1512   1410   1889      4      0 
# gpu    pwr  gtemp  mtemp     sm    mem    enc    dec    jpg    ofa   mclk   pclk     fb   bar1   ccpm 
# Idx      W      C      C      %      %      %      %      %      %    MHz    MHz     MB     MB     MB 
    0    232     59     61     97     22      0      0      0      0   1512   1410   1645      4      0 
    1    275     65     69     99     41      0      0      0      0   1512   1410   1889      4      0 
    0    236     60     63     97     22      0      0      0      0   1512   1410   1645      4      0 
    1    273     66     71     99     40      0      0      0      0   1512   1410   1889      4      0 
    0    237     59     63     97     22      0      0      0      0   1512   1410   1645      4      0 
    1    278     65     69     99     41      0      0      0      0   1512   1410   1889      4      0 
    0    234     59     61     97     22      0      0      0      0   1512   1410   1645      4      0 
    1    273     65     69     99     41      0      0      0      0   1512   1410   1889      4      0 
    0    230     59     61     97     22      0      0      0      0   1512   1410   1645      4      0 
    1    279     65     69     99     40      0      0      0      0   1512   1410   1889      4      0 
    0    235     59     61     97     22      0      0      0      0   1512   1410   1645      4      0 
    1    272     65     69     99     41      0      0      0      0   1512   1410   1889      4      0 
    0    234     59     61     97     22      0      0      0      0   1512   1410   1645      4      0 
    1    267     65     69     99     41      0      0      0      0   1512   1410   1889      4      0 
    0    235     59     61     97     22      0      0      0      0   1512   1410   1645      4      0 
    1    276     64     69     99     42      0      0      0      0   1512   1410   1889      4      0 
    0    234     59     61     97     22      0      0      0      0   1512   1410   1645      4      0 
    1    273     65     69     99     41      0      0      0      0   1512   1410   1889      4      0 
    0    233     59     61     97     22      0      0      0      0   1512   1410   1645      4      0 
    1    275     65     69     99     40      0      0      0      0   1512   1410   1889      4      0 
    0    234     59     61     97     22      0      0      0      0   1512   1410   1645      4      0 
    1    267     65     69     99     41      0      0      0      0   1512   1410   1889      4      0 
    0    235     59     61     97     22      0      0      0      0   1512   1410   1645      4      0 
    1    271     65     69     99     41      0      0      0      0   1512   1410   1889      4      0 
    0    230     59     61     97     22      0      0      0      0   1512   1410   1645      4      0 
    1    275     64     69     99     40      0      0      0      0   1512   1410   1889      4      0 
    0    233     59     63     97     22      0      0      0      0   1512   1410   1645      4      0 
    1    271     65     69     99     41      0      0      0      0   1512   1410   1889      4      0 
    0    236     60     63     97     22      0      0      0      0   1512   1410   1645      4      0 
    1    277     66     71     99     41      0      0      0      0   1512   1410   1889      4      0 
    0    236     59     63     97     22      0      0      0      0   1512   1410   1645      4      0 
    1    279     65     69     99     40      0      0      0      0   1512   1410   1889      4      0 
    0    236     59     61     97     22      0      0      0      0   1512   1410   1645      4      0 
    1    274     65     69     99     41      0      0      0      0   1512   1410   1889      4      0 
    0    230     59     61     97     22      0      0      0      0   1512   1410   1645      4      0 
    1    278     65     69     99     41      0      0      0      0   1512   1410   1889      4      0 
    0    236     59     61     97     22      0      0      0      0   1512   1410   1645      4      0 
    1    282     65     69     99     40      0      0      0      0   1512   1410   1889      4      0 
    0    232     59     61     97     22      0      0      0      0   1512   1410   1645      4      0 
    1    279     65     69     99     40      0      0      0      0   1512   1410   1889      4      0 
    0    236     59     63     97     22      0      0      0      0   1512   1410   1645      4      0 
    1    275     66     69     99     40      0      0      0      0   1512   1410   1889      4      0 
    0    231     59     63     97     22      0      0      0      0   1512   1410   1645      4      0 
    1    267     66     71     99     40      0      0      0      0   1512   1410   1889      4      0 
# gpu    pwr  gtemp  mtemp     sm    mem    enc    dec    jpg    ofa   mclk   pclk     fb   bar1   ccpm 
# Idx      W      C      C      %      %      %      %      %      %    MHz    MHz     MB     MB     MB 
    0    236     59     61     97     22      0      0      0      0   1512   1410   1645      4      0 
    1    275     65     69     99     41      0      0      0      0   1512   1410   1889      4      0 
    0    229     59     61     97     22      0      0      0      0   1512   1410   1645      4      0 
    1    276     65     69     99     42      0      0      0      0   1512   1410   1889      4      0 
    0    233     59     61     97     22      0      0      0      0   1512   1410   1645      4      0 
    1    271     65     69     99     41      0      0      0      0   1512   1410   1889      4      0 
    0    236     59     61     97     22      0      0      0      0   1512   1410   1645      4      0 
    1    277     64     69     99     40      0      0      0      0   1512   1410   1889      4      0 
    0    236     59     61     97     22      0      0      0      0   1512   1410   1645      4      0 
    1    271     65     69     99     41      0      0      0      0   1512   1410   1889      4      0 
    0    235     59     63     97     22      0      0      0      0   1512   1410   1645      4      0 
    1    272     65     69     99     41      0      0      0      0   1512   1410   1889      4      0 
    0    236     59     61     97     22      0      0      0      0   1512   1410   1645      4      0 
    1    283     65     69     99     41      0      0      0      0   1512   1410   1889      4      0 
    0    238     59     61     97     22      0      0      0      0   1512   1410   1645      4      0 
    1    280     65     69     99     40      0      0      0      0   1512   1410   1889      4      0 
    0    237     59     61     97     22      0      0      0      0   1512   1410   1645      4      0 
    1    273     65     69     99     40      0      0      0      0   1512   1410   1889      4      0 
    0    235     59     61     97     22      0      0      0      0   1512   1410   1645      4      0 
    1    273     64     69     99     40      0      0      0      0   1512   1410   1889      4      0 
    0    233     59     61     97     22      0      0      0      0   1512   1410   1645      4      0 
    1    282     65     69     99     40      0      0      0      0   1512   1410   1889      4      0 
    0    230     59     61     97     22      0      0      0      0   1512   1410   1645      4      0 
    1    281     65     69     99     41      0      0      0      0   1512   1410   1889      4      0 
    0    236     59     61     97     22      0      0      0      0   1512   1410   1645      4      0 
    1    274     65     69     99     42      0      0      0      0   1512   1410   1889      4      0 
    0    233     59     61     97     22      0      0      0      0   1512   1410   1645      4      0 
    1    282     65     69     99     41      0      0      0      0   1512   1410   1889      4      0 
    0    228     59     61     97     22      0      0      0      0   1512   1410   1645      4      0 
    1    276     65     69     99     41      0      0      0      0   1512   1410   1889      4      0 
    0    237     59     61     97     22      0      0      0      0   1512   1410   1645      4      0 
    1    280     65     69     99     41      0      0      0      0   1512   1410   1889      4      0 
    0    236     59     61     97     22      0      0      0      0   1512   1410   1645      4      0 
    1    274     66     69     99     41      0      0      0      0   1512   1410   1889      4      0 
    0    236     59     63     97     22      0      0      0      0   1512   1410   1645      4      0 
    1    278     65     69     99     40      0      0      0      0   1512   1410   1889      4      0 
    0    234     59     61     97     22      0      0      0      0   1512   1410   1645      4      0 
    1    276     65     69     99     41      0      0      0      0   1512   1410   1889      4      0 
    0    234     59     61     97     22      0      0      0      0   1512   1410   1645      4      0 
    1    267     65     69     99     41      0      0      0      0   1512   1410   1889      4      0 
    0    236     59     61     97     22      0      0      0      0   1512   1410   1645      4      0 
    1    274     65     69     99     41      0      0      0      0   1512   1410   1889      4      0 
    0    228     59     61     97     22      0      0      0      0   1512   1410   1645      4      0 
    1    272     65     69     99     41      0      0      0      0   1512   1410   1889      4      0 
# gpu    pwr  gtemp  mtemp     sm    mem    enc    dec    jpg    ofa   mclk   pclk     fb   bar1   ccpm 
# Idx      W      C      C      %      %      %      %      %      %    MHz    MHz     MB     MB     MB 
    0    237     59     61     97     22      0      0      0      0   1512   1410   1645      4      0 
    1    278     64     69     99     41      0      0      0      0   1512   1410   1889      4      0 
    0    239     59     61     97     22      0      0      0      0   1512   1410   1645      4      0 
    1    280     65     69     99     40      0      0      0      0   1512   1410   1889      4      0 
    0    234     60     63     97     22      0      0      0      0   1512   1410   1645      4      0 
    1    270     66     71     99     41      0      0      0      0   1512   1410   1889      4      0 
    0    233     59     63     97     22      0      0      0      0   1512   1410   1645      4      0 
    1    273     65     69     99     41      0      0      0      0   1512   1410   1889      4      0 
    0    233     59     61     97     22      0      0      0      0   1512   1410   1645      4      0 
    1    273     65     69     99     41      0      0      0      0   1512   1410   1889      4      0 
    0    231     59     61     97     22      0      0      0      0   1512   1410   1645      4      0 
    1    273     65     69     99     41      0      0      0      0   1512   1410   1889      4      0 
    0    233     59     61     97     22      0      0      0      0   1512   1410   1645      4      0 
    1    272     65     69     99     41      0      0      0      0   1512   1410   1889      4      0 
    0    234     59     61     97     22      0      0      0      0   1512   1410   1645      4      0 
    1    271     65     69     99     41      0      0      0      0   1512   1410   1889      4      0 
    0    237     59     63     97     22      0      0      0      0   1512   1410   1645      4      0 
    1    282     66     69     99     41      0      0      0      0   1512   1410   1889      4      0 
    0    236     60     63     97     22      0      0      0      0   1512   1410   1645      4      0 
    1    276     66     71     99     41      0      0      0      0   1512   1410   1889      4      0 
    0    235     59     61     97     22      0      0      0      0   1512   1410   1645      4      0 
    1    279     65     69     99     41      0      0      0      0   1512   1410   1889      4      0 
    0    233     59     61     97     22      0      0      0      0   1512   1410   1645      4      0 
    1    274     65     69     99     41      0      0      0      0   1512   1410   1889      4      0 
    0    227     59     61     97     22      0      0      0      0   1512   1410   1645      4      0 
    1    276     65     69     99     41      0      0      0      0   1512   1410   1889      4      0 
    0    235     59     61     97     22      0      0      0      0   1512   1410   1645      4      0 
    1    274     65     69     99     41      0      0      0      0   1512   1410   1889      4      0 
    0    232     59     61     97     22      0      0      0      0   1512   1410   1645      4      0 
    1    278     64     69     99     41      0      0      0      0   1512   1410   1889      4      0 
    0    228     59     61     97     22      0      0      0      0   1512   1410   1645      4      0 
    1    282     65     69     99     41      0      0      0      0   1512   1410   1889      4      0 
    0    239     59     61     97     22      0      0      0      0   1512   1410   1645      4      0 
    1    273     65     69     99     41      0      0      0      0   1512   1410   1889      4      0 
    0    230     59     61     97     22      0      0      0      0   1512   1410   1645      4      0 
    1    270     65     69     99     41      0      0      0      0   1512   1410   1889      4      0 
    0    230     59     61     97     22      0      0      0      0   1512   1410   1645      4      0 
    1    271     64     69     99     41      0      0      0      0   1512   1410   1889      4      0 
    0    234     59     61     97     22      0      0      0      0   1512   1410   1645      4      0 
    1    271     65     69     99     41      0      0      0      0   1512   1410   1889      4      0 
    0    237     59     61     97     22      0      0      0      0   1512   1410   1645      4      0 
    1    277     66     69     99     41      0      0      0      0   1512   1410   1889      4      0 
    0    233     59     63     97     22      0      0      0      0   1512   1410   1645      4      0 
    1    279     66     69     99     40      0      0      0      0   1512   1410   1889      4      0 
# gpu    pwr  gtemp  mtemp     sm    mem    enc    dec    jpg    ofa   mclk   pclk     fb   bar1   ccpm 
# Idx      W      C      C      %      %      %      %      %      %    MHz    MHz     MB     MB     MB 
    0    228     59     61     97     22      0      0      0      0   1512   1410   1645      4      0 
    1    279     65     69     99     41      0      0      0      0   1512   1410   1889      4      0 
    0    233     59     61     97     22      0      0      0      0   1512   1410   1645      4      0 
    1    272     65     69     99     41      0      0      0      0   1512   1410   1889      4      0 
    0    234     59     61     97     22      0      0      0      0   1512   1410   1645      4      0 
    1    272     65     69     99     41      0      0      0      0   1512   1410   1889      4      0 
    0    228     59     61     97     22      0      0      0      0   1512   1410   1645      4      0 
    1    270     65     69     99     41      0      0      0      0   1512   1410   1889      4      0 
    0    236     59     61     97     22      0      0      0      0   1512   1410   1645      4      0 
    1    279     64     69     99     41      0      0      0      0   1512   1410   1889      4      0 
    0    233     59     61     97     22      0      0      0      0   1512   1410   1645      4      0 
    1    273     65     69     99     40      0      0      0      0   1512   1410   1889      4      0 
    0    231     59     61     97     22      0      0      0      0   1512   1410   1645      4      0 
    1    281     65     69     99     40      0      0      0      0   1512   1410   1889      4      0 
    0    237     59     61     97     22      0      0      0      0   1512   1410   1645      4      0 
    1    276     65     69     99     40      0      0      0      0   1512   1410   1889      4      0 
    0    235     59     61     97     22      0      0      0      0   1512   1410   1645      4      0 
    1    276     65     69     99     41      0      0      0      0   1512   1410   1889      4      0 
    0    234     59     61     97     22      0      0      0      0   1512   1410   1645      4      0 
    1    276     65     69     99     42      0      0      0      0   1512   1410   1889      4      0 
    0    232     59     61     97     22      0      0      0      0   1512   1410   1645      4      0 
    1    270     65     69     99     40      0      0      0      0   1512   1410   1889      4      0 
    0    235     59     61     97     22      0      0      0      0   1512   1410   1645      4      0 
    1    276     64     69     99     40      0      0      0      0   1512   1410   1889      4      0 
    0    228     59     61     97     22      0      0      0      0   1512   1410   1645      4      0 
    1    273     64     69     99     42      0      0      0      0   1512   1410   1889      4      0 
    0    236     59     61     97     22      0      0      0      0   1512   1410   1645      4      0 
    1    283     65     69     99     41      0      0      0      0   1512   1410   1889      4      0 
    0    231     59     61     97     22      0      0      0      0   1512   1410   1645      4      0 
    1    273     65     69     99     41      0      0      0      0   1512   1410   1889      4      0 
    0    232     59     61     97     22      0      0      0      0   1512   1410   1645      4      0 
    1    276     65     69     99     41      0      0      0      0   1512   1410   1889      4      0 
    0    228     59     61     97     22      0      0      0      0   1512   1410   1645      4      0 
    1    269     65     69     99     41      0      0      0      0   1512   1410   1889      4      0 
    0    225     59     61     97     22      0      0      0      0   1512   1410   1645      4      0 
    1    279     65     69     99     40      0      0      0      0   1512   1410   1889      4      0 
    0    233     59     61     97     22      0      0      0      0   1512   1410   1645      4      0 
    1    277     65     69     99     41      0      0      0      0   1512   1410   1889      4      0 
    0    238     59     63     97     22      0      0      0      0   1512   1410   1645      4      0 
    1    271     66     71     99     41      0      0      0      0   1512   1410   1889      4      0 
    0    237     59     61     97     22      0      0      0      0   1512   1410   1645      4      0 
    1    274     65     69     99     40      0      0      0      0   1512   1410   1889      4      0 
    0    235     59     61     97     22      0      0      0      0   1512   1410   1645      4      0 
    1    276     65     69     99     40      0      0      0      0   1512   1410   1889      4      0 
# gpu    pwr  gtemp  mtemp     sm    mem    enc    dec    jpg    ofa   mclk   pclk     fb   bar1   ccpm 
# Idx      W      C      C      %      %      %      %      %      %    MHz    MHz     MB     MB     MB 
    0    234     59     61     97     22      0      0      0      0   1512   1410   1645      4      0 
    1    273     65     69     99     41      0      0      0      0   1512   1410   1889      4      0 
    0    230     59     61     97     22      0      0      0      0   1512   1410   1645      4      0 
    1    273     65     69     99     41      0      0      0      0   1512   1410   1889      4      0 
    0    232     59     61     97     22      0      0      0      0   1512   1410   1645      4      0 
    1    273     65     69     99     41      0      0      0      0   1512   1410   1889      4      0 
    0    230     59     61     97     22      0      0      0      0   1512   1410   1645      4      0 
    1    274     65     69     99     41      0      0      0      0   1512   1410   1889      4      0 
    0    232     59     61     97     22      0      0      0      0   1512   1410   1645      4      0 
    1    274     65     69     99     41      0      0      0      0   1512   1410   1889      4      0 
    0    232     59     61     97     22      0      0      0      0   1512   1410   1645      4      0 
    1    268     65     69     99     41      0      0      0      0   1512   1410   1889      4      0 
    0    232     59     61     97     22      0      0      0      0   1512   1410   1645      4      0 
    1    272     64     69     99     40      0      0      0      0   1512   1410   1889      4      0 
    0    233     59     61     97     22      0      0      0      0   1512   1410   1645      4      0 
    1    275     65     69     99     41      0      0      0      0   1512   1410   1889      4      0 
    0    231     59     61     97     22      0      0      0      0   1512   1410   1645      4      0 
    1    281     66     71     99     41      0      0      0      0   1512   1410   1889      4      0 
    0    239     59     61     97     22      0      0      0      0   1512   1410   1645      4      0 
    1    275     65     71     99     41      0      0      0      0   1512   1410   1889      4      0 
    0    234     59     61     97     22      0      0      0      0   1512   1410   1645      4      0 
    1    268     65     69     99     40      0      0      0      0   1512   1410   1889      4      0 
    0    231     59     61     97     22      0      0      0      0   1512   1410   1645      4      0 
    1    280     65     69     99     40      0      0      0      0   1512   1410   1889      4      0 
    0    231     59     61     97     22      0      0      0      0   1512   1410   1645      4      0 
    1    280     65     69     99     41      0      0      0      0   1512   1410   1889      4      0 
    0    236     59     61     97     22      0      0      0      0   1512   1410   1645      4      0 
    1    276     65     69     99     41      0      0      0      0   1512   1410   1889      4      0 
    0    228     59     61     97     22      0      0      0      0   1512   1410   1645      4      0 
    1    281     64     69     99     41      0      0      0      0   1512   1410   1889      4      0 
    0    230     59     63     97     22      0      0      0      0   1512   1410   1645      4      0 
    1    270     66     69     99     41      0      0      0      0   1512   1410   1889      4      0 
    0    235     59     63     97     22      0      0      0      0   1512   1410   1645      4      0 
    1    268     66     71     99     40      0      0      0      0   1512   1410   1889      4      0 
    0    233     59     61     97     22      0      0      0      0   1512   1410   1645      4      0 
    1    278     65     69     99     41      0      0      0      0   1512   1410   1889      4      0 
    0    236     59     61     97     22      0      0      0      0   1512   1410   1645      4      0 
    1    272     65     69     99     41      0      0      0      0   1512   1410   1889      4      0 
    0    230     59     61     97     22      0      0      0      0   1512   1410   1645      4      0 
    1    270     65     69     99     41      0      0      0      0   1512   1410   1889      4      0 
    0    228     59     61     97     22      0      0      0      0   1512   1410   1645      4      0 
    1    280     65     69     99     41      0      0      0      0   1512   1410   1889      4      0 
    0    233     59     61     97     22      0      0      0      0   1512   1410   1645      4      0 
    1    270     65     69     99     40      0      0      0      0   1512   1410   1889      4      0 
# gpu    pwr  gtemp  mtemp     sm    mem    enc    dec    jpg    ofa   mclk   pclk     fb   bar1   ccpm 
# Idx      W      C      C      %      %      %      %      %      %    MHz    MHz     MB     MB     MB 
    0    235     59     61     97     22      0      0      0      0   1512   1410   1645      4      0 
    1    274     65     69     99     41      0      0      0      0   1512   1410   1889      4      0 
    0    235     59     61     97     22      0      0      0      0   1512   1410   1645      4      0 
    1    274     64     69     99     41      0      0      0      0   1512   1410   1889      4      0 
    0    231     59     61     97     22      0      0      0      0   1512   1410   1645      4      0 
    1    270     65     69     99     40      0      0      0      0   1512   1410   1889      4      0 
    0    235     59     61     97     22      0      0      0      0   1512   1410   1645      4      0 
    1    277     65     69     99     40      0      0      0      0   1512   1410   1889      4      0 
    0    235     59     61     97     22      0      0      0      0   1512   1410   1645      4      0 
    1    273     65     69     99     41      0      0      0      0   1512   1410   1889      4      0 
    0    235     59     61     97     22      0      0      0      0   1512   1410   1645      4      0 
    1    277     65     69     99     41      0      0      0      0   1512   1410   1889      4      0 
    0    234     59     61     97     22      0      0      0      0   1512   1410   1645      4      0 
    1    277     65     69     99     41      0      0      0      0   1512   1410   1889      4      0 
    0    232     59     61     97     22      0      0      0      0   1512   1410   1645      4      0 
    1    271     65     69     99     40      0      0      0      0   1512   1410   1889      4      0 
    0    232     59     61     97     22      0      0      0      0   1512   1410   1645      4      0 
    1    270     64     69     99     40      0      0      0      0   1512   1410   1889      4      0 
    0    235     59     63     97     22      0      0      0      0   1512   1410   1645      4      0 
    1    274     65     69     99     41      0      0      0      0   1512   1410   1889      4      0 
    0    234     60     63     97     22      0      0      0      0   1512   1410   1645      4      0 
    1    274     66     69     99     41      0      0      0      0   1512   1410   1889      4      0 
    0    233     59     61     97     22      0      0      0      0   1512   1410   1645      4      0 
    1    278     65     69     99     41      0      0      0      0   1512   1410   1889      4      0 
    0    235     59     61     97     22      0      0      0      0   1512   1410   1645      4      0 
    1    275     65     69     99     41      0      0      0      0   1512   1410   1889      4      0 
    0    236     59     61     97     22      0      0      0      0   1512   1410   1645      4      0 
    1    273     65     69     99     40      0      0      0      0   1512   1410   1889      4      0 
    0    227     59     61     97     22      0      0      0      0   1512   1410   1645      4      0 
    1    276     64     69     99     40      0      0      0      0   1512   1410   1889      4      0 
    0    231     59     61     97     22      0      0      0      0   1512   1410   1645      4      0 
    1    274     65     69     99     41      0      0      0      0   1512   1410   1889      4      0 
    0    231     59     61     97     22      0      0      0      0   1512   1410   1645      4      0 
    1    271     64     69     99     41      0      0      0      0   1512   1410   1889      4      0 
    0    235     59     61     97     22      0      0      0      0   1512   1410   1645      4      0 
    1    271     64     69     99     41      0      0      0      0   1512   1410   1889      4      0 
    0    234     60     63     97     22      0      0      0      0   1512   1410   1645      4      0 
    1    277     66     69     99     41      0      0      0      0   1512   1410   1889      4      0 
    0    231     60     63     97     22      0      0      0      0   1512   1410   1645      4      0 
    1    268     66     69     99     40      0      0      0      0   1512   1410   1889      4      0 
    0    235     59     63     97     22      0      0      0      0   1512   1410   1645      4      0 
    1    267     66     69     99     41      0      0      0      0   1512   1410   1889      4      0 
    0    232     59     61     97     22      0      0      0      0   1512   1410   1645      4      0 
    1    278     65     69     99     40      0      0      0      0   1512   1410   1889      4      0 
# gpu    pwr  gtemp  mtemp     sm    mem    enc    dec    jpg    ofa   mclk   pclk     fb   bar1   ccpm 
# Idx      W      C      C      %      %      %      %      %      %    MHz    MHz     MB     MB     MB 
    0    234     59     61     97     22      0      0      0      0   1512   1410   1645      4      0 
    1    271     65     69     99     41      0      0      0      0   1512   1410   1889      4      0 
    0    232     59     61     97     22      0      0      0      0   1512   1410   1645      4      0 
    1    279     65     69     99     41      0      0      0      0   1512   1410   1889      4      0 
    0    235     59     61     97     22      0      0      0      0   1512   1410   1645      4      0 
    1    276     65     69     99     41      0      0      0      0   1512   1410   1889      4      0 
    0    235     59     61     97     22      0      0      0      0   1512   1410   1645      4      0 
    1    272     65     69     99     41      0      0      0      0   1512   1410   1889      4      0 
    0    236     59     61     97     22      0      0      0      0   1512   1410   1645      4      0 
    1    271     65     69     99     41      0      0      0      0   1512   1410   1889      4      0 
    0    235     59     61     97     22      0      0      0      0   1512   1410   1645      4      0 
    1    262     65     69     99     41      0      0      0      0   1512   1410   1889      4      0 
    0    229     59     61     97     22      0      0      0      0   1512   1410   1645      4      0 
    1    274     65     69     99     41      0      0      0      0   1512   1410   1889      4      0 
    0    238     59     61     97     22      0      0      0      0   1512   1410   1645      4      0 
    1    278     65     69     99     40      0      0      0      0   1512   1410   1889      4      0 
    0    235     59     61     97     22      0      0      0      0   1512   1410   1645      4      0 
    1    271     65     69     99     41      0      0      0      0   1512   1410   1889      4      0 
    0    238     60     63     97     22      0      0      0      0   1512   1410   1645      4      0 
    1    272     66     71     99     41      0      0      0      0   1512   1410   1889      4      0 
    0    230     59     63     97     22      0      0      0      0   1512   1410   1645      4      0 
    1    277     66     69     99     41      0      0      0      0   1512   1410   1889      4      0 
    0    232     59     61     97     22      0      0      0      0   1512   1410   1645      4      0 
    1    277     65     69     99     41      0      0      0      0   1512   1410   1889      4      0 
    0    233     59     61     97     22      0      0      0      0   1512   1410   1645      4      0 
    1    267     65     69     99     40      0      0      0      0   1512   1410   1889      4      0 
    0    232     59     61     97     22      0      0      0      0   1512   1410   1645      4      0 
    1    275     65     69     99     40      0      0      0      0   1512   1410   1889      4      0 
    0    233     59     61     97     22      0      0      0      0   1512   1410   1645      4      0 
    1    269     65     69     99     41      0      0      0      0   1512   1410   1889      4      0 
    0    229     59     61     97     22      0      0      0      0   1512   1410   1645      4      0 
    1    274     65     69     99     41      0      0      0      0   1512   1410   1889      4      0 
    0    231     59     61     97     22      0      0      0      0   1512   1410   1645      4      0 
    1    280     65     69     99     41      0      0      0      0   1512   1410   1889      4      0 
    0    234     59     61     97     22      0      0      0      0   1512   1410   1645      4      0 
    1     83     63     67     28     12      0      0      0      0   1512   1410   1889      4      0 
    0    230     59     61     97     22      0      0      0      0   1512   1410   1645      4      0 
    1    274     65     69     99     40      0      0      0      0   1512   1410   1889      4      0 
    0    234     59     61     97     22      0      0      0      0   1512   1410   1645      4      0 
    1    273     65     69     99     40      0      0      0      0   1512   1410   1889      4      0 
    0    235     59     61     97     22      0      0      0      0   1512   1410   1645      4      0 
    1    270     65     69     99     40      0      0      0      0   1512   1410   1889      4      0 
    0    233     59     61     97     22      0      0      0      0   1512   1410   1645      4      0 
    1    277     65     69     99     40      0      0      0      0   1512   1410   1889      4      0 
# gpu    pwr  gtemp  mtemp     sm    mem    enc    dec    jpg    ofa   mclk   pclk     fb   bar1   ccpm 
# Idx      W      C      C      %      %      %      %      %      %    MHz    MHz     MB     MB     MB 
    0    230     59     61     97     22      0      0      0      0   1512   1410   1645      4      0 
    1    269     65     69     99     41      0      0      0      0   1512   1410   1889      4      0 
    0    231     59     61     97     22      0      0      0      0   1512   1410   1645      4      0 
    1    273     65     69     99     41      0      0      0      0   1512   1410   1889      4      0 
    0    232     59     61     97     22      0      0      0      0   1512   1410   1645      4      0 
    1    279     65     69     99     40      0      0      0      0   1512   1410   1889      4      0 
    0    238     59     61     97     22      0      0      0      0   1512   1410   1645      4      0 
    1    268     64     69     99     41      0      0      0      0   1512   1410   1889      4      0 
    0    233     59     61     97     22      0      0      0      0   1512   1410   1645      4      0 
    1    269     65     69     99     41      0      0      0      0   1512   1410   1889      4      0 
    0    234     60     63     97     22      0      0      0      0   1512   1410   1645      4      0 
    1    265     66     71     99     41      0      0      0      0   1512   1410   1889      4      0 
    0    234     59     63     97     22      0      0      0      0   1512   1410   1645      4      0 
    1    276     66     71     99     40      0      0      0      0   1512   1410   1889      4      0 
    0    238     59     63     97     22      0      0      0      0   1512   1410   1645      4      0 
    1    274     65     69     99     41      0      0      0      0   1512   1410   1889      4      0 
    0    233     59     61     97     22      0      0      0      0   1512   1410   1645      4      0 
    1    277     65     69     99     41      0      0      0      0   1512   1410   1889      4      0 
    0    229     59     61     97     22      0      0      0      0   1512   1410   1645      4      0 
    1    270     65     69     99     40      0      0      0      0   1512   1410   1889      4      0 
    0    231     59     61     97     22      0      0      0      0   1512   1410   1645      4      0 
    1    275     65     69     99     41      0      0      0      0   1512   1410   1889      4      0 
    0    233     59     61     97     22      0      0      0      0   1512   1410   1645      4      0 
    1    277     64     69     99     40      0      0      0      0   1512   1410   1889      4      0 
    0    237     59     61     97     22      0      0      0      0   1512   1410   1645      4      0 
    1    274     65     69     99     40      0      0      0      0   1512   1410   1889      4      0 
    0    236     60     63     97     22      0      0      0      0   1512   1410   1645      4      0 
    1    273     66     71     99     41      0      0      0      0   1512   1410   1889      4      0 
    0    235     60     63     97     22      0      0      0      0   1512   1410   1645      4      0 
    1    278     66     71     99     41      0      0      0      0   1512   1410   1889      4      0 
    0    236     59     61     97     22      0      0      0      0   1512   1410   1645      4      0 
    1    277     65     69     99     41      0      0      0      0   1512   1410   1889      4      0 
    0    228     59     61     97     22      0      0      0      0   1512   1410   1645      4      0 
    1    283     65     69     99     41      0      0      0      0   1512   1410   1889      4      0 
    0    235     59     61     97     22      0      0      0      0   1512   1410   1645      4      0 
    1    271     65     69     99     41      0      0      0      0   1512   1410   1889      4      0 
    0    233     59     61     97     22      0      0      0      0   1512   1410   1645      4      0 
    1    279     65     69     99     41      0      0      0      0   1512   1410   1889      4      0 
    0    236     59     61     97     22      0      0      0      0   1512   1410   1645      4      0 
    1    275     64     69     99     40      0      0      0      0   1512   1410   1889      4      0 
    0    237     59     61     97     22      0      0      0      0   1512   1410   1645      4      0 
    1    271     65     69     99     40      0      0      0      0   1512   1410   1889      4      0 
    0    233     59     61     97     22      0      0      0      0   1512   1410   1645      4      0 
    1    278     64     69     99     41      0      0      0      0   1512   1410   1889      4      0 
# gpu    pwr  gtemp  mtemp     sm    mem    enc    dec    jpg    ofa   mclk   pclk     fb   bar1   ccpm 
# Idx      W      C      C      %      %      %      %      %      %    MHz    MHz     MB     MB     MB 
    0    235     59     61     97     22      0      0      0      0   1512   1410   1645      4      0 
    1    270     65     69     99     41      0      0      0      0   1512   1410   1889      4      0 
    0    233     59     61     97     22      0      0      0      0   1512   1410   1645      4      0 
    1    271     65     69     99     41      0      0      0      0   1512   1410   1889      4      0 
    0    235     59     61     97     22      0      0      0      0   1512   1410   1645      4      0 
    1    272     65     69     99     41      0      0      0      0   1512   1410   1889      4      0 
    0    233     59     61     97     22      0      0      0      0   1512   1410   1645      4      0 
    1    275     65     69     99     40      0      0      0      0   1512   1410   1889      4      0 
    0    232     59     61     97     22      0      0      0      0   1512   1410   1645      4      0 
    1    271     65     69     99     41      0      0      0      0   1512   1410   1889      4      0 
    0    230     59     61     97     22      0      0      0      0   1512   1410   1645      4      0 
    1    280     64     69     99     41      0      0      0      0   1512   1410   1889      4      0 
    0    235     59     63     97     22      0      0      0      0   1512   1410   1645      4      0 
    1    280     66     69     99     41      0      0      0      0   1512   1410   1889      4      0 
    0    230     60     63     97     22      0      0      0      0   1512   1410   1645      4      0 
    1    275     66     71     99     40      0      0      0      0   1512   1410   1889      4      0 
    0    235     59     61     97     22      0      0      0      0   1512   1410   1645      4      0 
    1    273     65     69     99     41      0      0      0      0   1512   1410   1889      4      0 
    0    230     59     61     97     22      0      0      0      0   1512   1410   1645      4      0 
    1    280     65     69     99     41      0      0      0      0   1512   1410   1889      4      0 
    0    231     59     61     97     22      0      0      0      0   1512   1410   1645      4      0 
    1    279     65     69     99     41      0      0      0      0   1512   1410   1889      4      0 
    0    234     59     61     97     22      0      0      0      0   1512   1410   1645      4      0 
    1    271     65     69     99     41      0      0      0      0   1512   1410   1889      4      0 
    0    235     59     61     97     22      0      0      0      0   1512   1410   1645      4      0 
    1    274     64     69     99     40      0      0      0      0   1512   1410   1889      4      0 
    0    232     59     61     97     22      0      0      0      0   1512   1410   1645      4      0 
    1    271     65     69     99     41      0      0      0      0   1512   1410   1889      4      0 
    0    236     59     61     97     22      0      0      0      0   1512   1410   1645      4      0 
    1    274     65     69     99     41      0      0      0      0   1512   1410   1889      4      0 
    0    236     59     61     97     22      0      0      0      0   1512   1410   1645      4      0 
    1    266     64     69     99     41      0      0      0      0   1512   1410   1889      4      0 
    0    236     59     61     97     22      0      0      0      0   1512   1410   1645      4      0 
    1    271     65     69     99     41      0      0      0      0   1512   1410   1889      4      0 
    0    231     59     61     97     22      0      0      0      0   1512   1410   1645      4      0 
    1    273     65     69     99     40      0      0      0      0   1512   1410   1889      4      0 
    0    232     59     61     97     22      0      0      0      0   1512   1410   1645      4      0 
    1    276     65     69     99     41      0      0      0      0   1512   1410   1889      4      0 
    0    233     59     61     97     22      0      0      0      0   1512   1410   1645      4      0 
    1    279     65     69     99     40      0      0      0      0   1512   1410   1889      4      0 
    0    235     59     61     97     22      0      0      0      0   1512   1410   1645      4      0 
    1    275     65     69     99     40      0      0      0      0   1512   1410   1889      4      0 
    0    233     59     61     97     22      0      0      0      0   1512   1410   1645      4      0 
    1    272     64     69     99     40      0      0      0      0   1512   1410   1889      4      0 
# gpu    pwr  gtemp  mtemp     sm    mem    enc    dec    jpg    ofa   mclk   pclk     fb   bar1   ccpm 
# Idx      W      C      C      %      %      %      %      %      %    MHz    MHz     MB     MB     MB 
    0    232     60     63     97     22      0      0      0      0   1512   1410   1645      4      0 
    1    273     66     69     99     41      0      0      0      0   1512   1410   1889      4      0 
    0    229     60     63     97     22      0      0      0      0   1512   1410   1645      4      0 
    1    278     66     69     99     41      0      0      0      0   1512   1410   1889      4      0 
    0    235     59     63     97     22      0      0      0      0   1512   1410   1645      4      0 
    1    271     65     69     99     41      0      0      0      0   1512   1410   1889      4      0 
    0    232     59     61     97     22      0      0      0      0   1512   1410   1645      4      0 
    1    275     65     69     99     41      0      0      0      0   1512   1410   1889      4      0 
    0    228     59     61     97     22      0      0      0      0   1512   1410   1645      4      0 
    1    275     65     69     99     40      0      0      0      0   1512   1410   1889      4      0 
    0    234     59     61     97     22      0      0      0      0   1512   1410   1645      4      0 
    1    276     65     69     99     41      0      0      0      0   1512   1410   1889      4      0 
    0    230     59     61     97     22      0      0      0      0   1512   1410   1645      4      0 
    1    274     65     69     99     41      0      0      0      0   1512   1410   1889      4      0 
    0    234     59     61     97     22      0      0      0      0   1512   1410   1645      4      0 
    1    274     65     69     99     40      0      0      0      0   1512   1410   1889      4      0 
    0    235     59     61     97     22      0      0      0      0   1512   1410   1645      4      0 
    1    282     65     69     99     41      0      0      0      0   1512   1410   1889      4      0 
    0    232     59     61     97     22      0      0      0      0   1512   1410   1645      4      0 
    1    272     65     69     99     41      0      0      0      0   1512   1410   1889      4      0 
    0    233     59     61     97     22      0      0      0      0   1512   1410   1645      4      0 
    1    273     65     69     99     41      0      0      0      0   1512   1410   1889      4      0 
    0    227     59     61     97     22      0      0      0      0   1512   1410   1645      4      0 
    1    281     65     69     99     41      0      0      0      0   1512   1410   1889      4      0 
    0    235     59     61     97     22      0      0      0      0   1512   1410   1645      4      0 
    1    273     65     69     99     41      0      0      0      0   1512   1410   1889      4      0 
    0    230     59     61     97     22      0      0      0      0   1512   1410   1645      4      0 
    1    276     65     69     99     42      0      0      0      0   1512   1410   1889      4      0 
    0    236     59     61     97     22      0      0      0      0   1512   1410   1645      4      0 
    1    271     65     69     99     41      0      0      0      0   1512   1410   1889      4      0 
    0    236     59     61     97     22      0      0      0      0   1512   1410   1645      4      0 
    1    278     65     69     99     41      0      0      0      0   1512   1410   1889      4      0 
    0    230     59     63     97     22      0      0      0      0   1512   1410   1645      4      0 
    1    273     66     69     99     41      0      0      0      0   1512   1410   1889      4      0 
    0    236     59     63     97     22      0      0      0      0   1512   1410   1645      4      0 
    1    270     65     69     99     41      0      0      0      0   1512   1410   1889      4      0 
    0    234     59     61     97     22      0      0      0      0   1512   1410   1645      4      0 
    1    279     65     69     99     41      0      0      0      0   1512   1410   1889      4      0 
    0    231     59     61     97     22      0      0      0      0   1512   1410   1645      4      0 
    1    273     65     69     99     41      0      0      0      0   1512   1410   1889      4      0 
    0    232     59     61     97     22      0      0      0      0   1512   1410   1645      4      0 
    1    277     65     69     99     40      0      0      0      0   1512   1410   1889      4      0 
    0    232     59     61     97     22      0      0      0      0   1512   1410   1645      4      0 
    1    274     65     69     99     41      0      0      0      0   1512   1410   1889      4      0 
# gpu    pwr  gtemp  mtemp     sm    mem    enc    dec    jpg    ofa   mclk   pclk     fb   bar1   ccpm 
# Idx      W      C      C      %      %      %      %      %      %    MHz    MHz     MB     MB     MB 
    0    233     59     61     97     22      0      0      0      0   1512   1410   1645      4      0 
    1    273     65     69     99     41      0      0      0      0   1512   1410   1889      4      0 
    0    231     60     63     97     22      0      0      0      0   1512   1410   1645      4      0 
    1    281     66     71     99     41      0      0      0      0   1512   1410   1889      4      0 
    0    232     59     63     97     22      0      0      0      0   1512   1410   1645      4      0 
    1    275     66     69     99     41      0      0      0      0   1512   1410   1889      4      0 
    0    236     59     61     97     22      0      0      0      0   1512   1410   1645      4      0 
    1    276     65     69     99     40      0      0      0      0   1512   1410   1889      4      0 
    0    234     59     61     97     22      0      0      0      0   1512   1410   1645      4      0 
    1    274     65     69     99     40      0      0      0      0   1512   1410   1889      4      0 
    0    237     59     61     97     22      0      0      0      0   1512   1410   1645      4      0 
    1    276     65     69     99     41      0      0      0      0   1512   1410   1889      4      0 
    0    237     59     61     97     22      0      0      0      0   1512   1410   1645      4      0 
    1    272     65     69     99     41      0      0      0      0   1512   1410   1889      4      0 
    0    230     59     61     97     22      0      0      0      0   1512   1410   1645      4      0 
    1    275     65     69     99     41      0      0      0      0   1512   1410   1889      4      0 
    0    231     59     61     97     22      0      0      0      0   1512   1410   1645      4      0 
    1    270     65     69     99     41      0      0      0      0   1512   1410   1889      4      0 
    0    237     59     61     97     22      0      0      0      0   1512   1410   1645      4      0 
    1    275     65     69     99     40      0      0      0      0   1512   1410   1889      4      0 
    0    233     59     61     97     22      0      0      0      0   1512   1410   1645      4      0 
    1    263     64     69     99     41      0      0      0      0   1512   1410   1889      4      0 
    0    233     59     61     97     22      0      0      0      0   1512   1410   1645      4      0 
    1    267     65     69     99     40      0      0      0      0   1512   1410   1889      4      0 
    0    237     59     61     97     22      0      0      0      0   1512   1410   1645      4      0 
    1    269     65     69     99     41      0      0      0      0   1512   1410   1889      4      0 
    0    230     59     61     97     22      0      0      0      0   1512   1410   1645      4      0 
    1    276     65     69     99     40      0      0      0      0   1512   1410   1889      4      0 
    0    235     59     61     97     22      0      0      0      0   1512   1410   1645      4      0 
    1    273     65     69     99     40      0      0      0      0   1512   1410   1889      4      0 
    0    232     59     61     97     22      0      0      0      0   1512   1410   1645      4      0 
    1    271     65     69     99     41      0      0      0      0   1512   1410   1889      4      0 
    0    235     59     61     97     22      0      0      0      0   1512   1410   1645      4      0 
    1    281     65     69     99     41      0      0      0      0   1512   1410   1889      4      0 
    0    233     59     61     97     22      0      0      0      0   1512   1410   1645      4      0 
    1    271     65     69     99     41      0      0      0      0   1512   1410   1889      4      0 
    0    232     59     61     97     22      0      0      0      0   1512   1410   1645      4      0 
    1    274     65     69     99     41      0      0      0      0   1512   1410   1889      4      0 
    0    234     59     61     97     22      0      0      0      0   1512   1410   1645      4      0 
    1    268     65     69     99     40      0      0      0      0   1512   1410   1889      4      0 
    0    236     59     61     97     22      0      0      0      0   1512   1410   1645      4      0 
    1    271     64     69     99     41      0      0      0      0   1512   1410   1889      4      0 
    0    232     59     61     97     22      0      0      0      0   1512   1410   1645      4      0 
    1    272     65     69     99     41      0      0      0      0   1512   1410   1889      4      0 
# gpu    pwr  gtemp  mtemp     sm    mem    enc    dec    jpg    ofa   mclk   pclk     fb   bar1   ccpm 
# Idx      W      C      C      %      %      %      %      %      %    MHz    MHz     MB     MB     MB 
    0    231     60     63     97     22      0      0      0      0   1512   1410   1645      4      0 
    1    275     66     71     99     41      0      0      0      0   1512   1410   1889      4      0 
    0    235     59     63     97     22      0      0      0      0   1512   1410   1645      4      0 
    1    277     66     69     99     41      0      0      0      0   1512   1410   1889      4      0 
    0    231     59     61     97     22      0      0      0      0   1512   1410   1645      4      0 
    1    274     65     69     99     40      0      0      0      0   1512   1410   1889      4      0 
    0    235     59     61     97     22      0      0      0      0   1512   1410   1645      4      0 
    1    267     65     69     99     40      0      0      0      0   1512   1410   1889      4      0 
    0    231     59     61     97     22      0      0      0      0   1512   1410   1645      4      0 
    1    272     65     69     99     40      0      0      0      0   1512   1410   1889      4      0 
    0    234     59     61     97     22      0      0      0      0   1512   1410   1645      4      0 
    1    273     64     69     99     41      0      0      0      0   1512   1410   1889      4      0 
    0    237     59     61     97     22      0      0      0      0   1512   1410   1645      4      0 
    1    273     65     69     99     41      0      0      0      0   1512   1410   1889      4      0 
    0    230     59     61     97     22      0      0      0      0   1512   1410   1645      4      0 
    1    280     65     69     99     41      0      0      0      0   1512   1410   1889      4      0 
    0    231     59     61     97     22      0      0      0      0   1512   1410   1645      4      0 
    1    278     65     69     99     41      0      0      0      0   1512   1410   1889      4      0 
    0    232     59     61     97     22      0      0      0      0   1512   1410   1645      4      0 
    1    275     64     69     99     40      0      0      0      0   1512   1410   1889      4      0 
    0    233     59     61     97     22      0      0      0      0   1512   1410   1645      4      0 
    1    271     65     69     99     41      0      0      0      0   1512   1410   1889      4      0 
    0    230     60     63     97     22      0      0      0      0   1512   1410   1645      4      0 
    1    277     66     71     99     41      0      0      0      0   1512   1410   1889      4      0 
    0    232     59     61     97     22      0      0      0      0   1512   1410   1645      4      0 
    1    275     66     71     99     41      0      0      0      0   1512   1410   1889      4      0 
    0    228     59     61     97     22      0      0      0      0   1512   1410   1645      4      0 
    1    274     65     69     99     40      0      0      0      0   1512   1410   1889      4      0 
    0    228     59     61     97     22      0      0      0      0   1512   1410   1645      4      0 
    1    272     65     69     99     41      0      0      0      0   1512   1410   1889      4      0 
    0    235     59     61     97     22      0      0      0      0   1512   1410   1645      4      0 
    1    278     65     69     99     41      0      0      0      0   1512   1410   1889      4      0 
    0    238     59     61     97     22      0      0      0      0   1512   1410   1645      4      0 
    1    278     65     69     99     41      0      0      0      0   1512   1410   1889      4      0 
    0    232     59     61     97     22      0      0      0      0   1512   1410   1645      4      0 
    1    275     64     69     99     40      0      0      0      0   1512   1410   1889      4      0 
    0    234     59     61     97     22      0      0      0      0   1512   1410   1645      4      0 
    1    275     65     69     99     41      0      0      0      0   1512   1410   1889      4      0 
    0    234     60     63     97     22      0      0      0      0   1512   1410   1645      4      0 
    1    279     66     69     99     40      0      0      0      0   1512   1410   1889      4      0 
    0    228     59     63     97     22      0      0      0      0   1512   1410   1645      4      0 
    1    273     65     69     99     41      0      0      0      0   1512   1410   1889      4      0 
    0    229     59     61     97     22      0      0      0      0   1512   1410   1645      4      0 
    1    278     65     69     99     41      0      0      0      0   1512   1410   1889      4      0 
# gpu    pwr  gtemp  mtemp     sm    mem    enc    dec    jpg    ofa   mclk   pclk     fb   bar1   ccpm 
# Idx      W      C      C      %      %      %      %      %      %    MHz    MHz     MB     MB     MB 
    0    226     59     61     97     22      0      0      0      0   1512   1410   1645      4      0 
    1    278     65     69     99     41      0      0      0      0   1512   1410   1889      4      0 
    0    232     59     61     97     22      0      0      0      0   1512   1410   1645      4      0 
    1    270     65     69     99     41      0      0      0      0   1512   1410   1889      4      0 
    0    236     59     61     97     22      0      0      0      0   1512   1410   1645      4      0 
    1    272     65     69     99     40      0      0      0      0   1512   1410   1889      4      0 
    0    230     59     61     97     22      0      0      0      0   1512   1410   1645      4      0 
    1    274     65     69     99     41      0      0      0      0   1512   1410   1889      4      0 
    0    226     59     61     97     22      0      0      0      0   1512   1410   1645      4      0 
    1    269     64     69     99     40      0      0      0      0   1512   1410   1889      4      0 
    0    228     59     61     97     22      0      0      0      0   1512   1410   1645      4      0 
    1    274     65     69     99     41      0      0      0      0   1512   1410   1889      4      0 
    0    232     59     61     97     22      0      0      0      0   1512   1410   1645      4      0 
    1    281     65     69     99     41      0      0      0      0   1512   1410   1889      4      0 
    0    235     59     61     97     22      0      0      0      0   1512   1410   1645      4      0 
    1    269     65     69     99     41      0      0      0      0   1512   1410   1889      4      0 
    0    235     59     61     97     22      0      0      0      0   1512   1410   1645      4      0 
    1    274     65     69     99     40      0      0      0      0   1512   1410   1889      4      0 
    0    236     59     61     97     22      0      0      0      0   1512   1410   1645      4      0 
    1    270     65     69     99     41      0      0      0      0   1512   1410   1889      4      0 
    0    234     59     61     97     22      0      0      0      0   1512   1410   1645      4      0 
    1    281     65     69     99     40      0      0      0      0   1512   1410   1889      4      0 
    0    235     59     61     97     22      0      0      0      0   1512   1410   1645      4      0 
    1    267     65     69     99     41      0      0      0      0   1512   1410   1889      4      0 
    0    229     59     61     97     22      0      0      0      0   1512   1410   1645      4      0 
    1    278     64     69     99     41      0      0      0      0   1512   1410   1889      4      0 
    0    236     59     61     97     22      0      0      0      0   1512   1410   1645      4      0 
    1    278     65     69     99     40      0      0      0      0   1512   1410   1889      4      0 
    0    236     59     63     97     22      0      0      0      0   1512   1410   1645      4      0 
    1    276     65     69     99     41      0      0      0      0   1512   1410   1889      4      0 
    0    235     59     61     97     22      0      0      0      0   1512   1410   1645      4      0 
    1    270     65     69     99     41      0      0      0      0   1512   1410   1889      4      0 
    0    238     59     61     97     22      0      0      0      0   1512   1410   1645      4      0 
    1    280     65     69     99     41      0      0      0      0   1512   1410   1889      4      0 
    0    236     59     61     97     22      0      0      0      0   1512   1410   1645      4      0 
    1    276     65     69     99     40      0      0      0      0   1512   1410   1889      4      0 
    0    233     59     61     97     22      0      0      0      0   1512   1410   1645      4      0 
    1    270     64     69     99     41      0      0      0      0   1512   1410   1889      4      0 
    0    235     59     61     97     22      0      0      0      0   1512   1410   1645      4      0 
    1    267     65     69     99     41      0      0      0      0   1512   1410   1889      4      0 
    0    233     60     63     97     22      0      0      0      0   1512   1410   1645      4      0 
    1    274     66     71     99     40      0      0      0      0   1512   1410   1889      4      0 
    0    236     60     63     97     22      0      0      0      0   1512   1410   1645      4      0 
    1    278     66     71     99     41      0      0      0      0   1512   1410   1889      4      0 
# gpu    pwr  gtemp  mtemp     sm    mem    enc    dec    jpg    ofa   mclk   pclk     fb   bar1   ccpm 
# Idx      W      C      C      %      %      %      %      %      %    MHz    MHz     MB     MB     MB 
    0    229     59     63     97     22      0      0      0      0   1512   1410   1645      4      0 
    1    274     66     69     99     41      0      0      0      0   1512   1410   1889      4      0 
    0    231     59     61     97     22      0      0      0      0   1512   1410   1645      4      0 
    1    280     65     69     99     41      0      0      0      0   1512   1410   1889      4      0 
    0    233     59     61     97     22      0      0      0      0   1512   1410   1645      4      0 
    1    275     65     69     99     41      0      0      0      0   1512   1410   1889      4      0 
    0    237     59     61     97     22      0      0      0      0   1512   1410   1645      4      0 
    1    273     65     69     99     40      0      0      0      0   1512   1410   1889      4      0 
    0    235     59     61     97     22      0      0      0      0   1512   1410   1645      4      0 
    1    275     65     69     99     42      0      0      0      0   1512   1410   1889      4      0 
    0    235     59     61     97     22      0      0      0      0   1512   1410   1645      4      0 
    1    275     65     69     99     41      0      0      0      0   1512   1410   1889      4      0 
    0    231     59     61     97     22      0      0      0      0   1512   1410   1645      4      0 
    1    273     65     69     99     41      0      0      0      0   1512   1410   1889      4      0 
    0    233     59     61     97     22      0      0      0      0   1512   1410   1645      4      0 
    1    277     65     69     99     40      0      0      0      0   1512   1410   1889      4      0 
    0    230     59     61     97     22      0      0      0      0   1512   1410   1645      4      0 
    1    269     64     69     99     40      0      0      0      0   1512   1410   1889      4      0 
    0    231     59     61     97     22      0      0      0      0   1512   1410   1645      4      0 
    1    275     65     69     99     42      0      0      0      0   1512   1410   1889      4      0 
    0    236     59     61     97     22      0      0      0      0   1512   1410   1645      4      0 
    1    277     65     69     99     41      0      0      0      0   1512   1410   1889      4      0 
    0    231     59     61     97     22      0      0      0      0   1512   1410   1645      4      0 
    1    267     64     69     99     41      0      0      0      0   1512   1410   1889      4      0 
    0    232     59     61     97     22      0      0      0      0   1512   1410   1645      4      0 
    1    271     65     69     99     40      0      0      0      0   1512   1410   1889      4      0 
    0    232     59     61     97     22      0      0      0      0   1512   1410   1645      4      0 
    1    272     65     69     99     40      0      0      0      0   1512   1410   1889      4      0 
    0    234     59     61     97     22      0      0      0      0   1512   1410   1645      4      0 
    1    278     65     69     99     40      0      0      0      0   1512   1410   1889      4      0 
    0    236     59     61     97     22      0      0      0      0   1512   1410   1645      4      0 
    1    275     65     69     99     41      0      0      0      0   1512   1410   1889      4      0 
    0    233     59     61     97     22      0      0      0      0   1512   1410   1645      4      0 
    1    275     65     69     99     40      0      0      0      0   1512   1410   1889      4      0 
    0    230     59     61     97     22      0      0      0      0   1512   1410   1645      4      0 
    1    269     64     69     99     40      0      0      0      0   1512   1410   1889      4      0 
    0    232     59     61     97     22      0      0      0      0   1512   1410   1645      4      0 
    1    275     65     69     99     40      0      0      0      0   1512   1410   1889      4      0 
    0    234     59     61     97     22      0      0      0      0   1512   1410   1645      4      0 
    1    268     65     69     99     41      0      0      0      0   1512   1410   1889      4      0 
    0    231     59     61     97     22      0      0      0      0   1512   1410   1645      4      0 
    1    282     64     69     99     41      0      0      0      0   1512   1410   1889      4      0 
    0    233     59     61     97     22      0      0      0      0   1512   1410   1645      4      0 
    1    276     65     69     99     41      0      0      0      0   1512   1410   1889      4      0 
# gpu    pwr  gtemp  mtemp     sm    mem    enc    dec    jpg    ofa   mclk   pclk     fb   bar1   ccpm 
# Idx      W      C      C      %      %      %      %      %      %    MHz    MHz     MB     MB     MB 
    0    234     60     63     97     22      0      0      0      0   1512   1410   1645      4      0 
    1    279     66     71     99     40      0      0      0      0   1512   1410   1889      4      0 
    0    237     59     63     97     22      0      0      0      0   1512   1410   1645      4      0 
    1    273     66     71     99     40      0      0      0      0   1512   1410   1889      4      0 
    0    235     59     61     97     22      0      0      0      0   1512   1410   1645      4      0 
    1    280     66     69     99     40      0      0      0      0   1512   1410   1889      4      0 
    0    231     59     61     97     22      0      0      0      0   1512   1410   1645      4      0 
    1    269     65     69     99     41      0      0      0      0   1512   1410   1889      4      0 
    0    233     59     61     97     22      0      0      0      0   1512   1410   1645      4      0 
    1    277     65     69     99     41      0      0      0      0   1512   1410   1889      4      0 
    0    231     59     61     97     22      0      0      0      0   1512   1410   1645      4      0 
    1    267     65     69     99     41      0      0      0      0   1512   1410   1889      4      0 
    0    234     59     61     97     22      0      0      0      0   1512   1410   1645      4      0 
    1    278     65     69     99     40      0      0      0      0   1512   1410   1889      4      0 
    0    233     59     61     97     22      0      0      0      0   1512   1410   1645      4      0 
    1    279     64     69     99     40      0      0      0      0   1512   1410   1889      4      0 
    0    233     59     61     97     22      0      0      0      0   1512   1410   1645      4      0 
    1    275     65     69     99     41      0      0      0      0   1512   1410   1889      4      0 
    0    230     59     61     97     22      0      0      0      0   1512   1410   1645      4      0 
    1    278     66     69     99     41      0      0      0      0   1512   1410   1889      4      0 
    0    235     59     61     97     22      0      0      0      0   1512   1410   1645      4      0 
    1    275     65     69     99     41      0      0      0      0   1512   1410   1889      4      0 
    0    230     59     61     97     22      0      0      0      0   1512   1410   1645      4      0 
    1    267     65     69     99     41      0      0      0      0   1512   1410   1889      4      0 
    0    231     59     61     97     22      0      0      0      0   1512   1410   1645      4      0 
    1    277     65     69     99     40      0      0      0      0   1512   1410   1889      4      0 
    0    236     59     61     97     22      0      0      0      0   1512   1410   1645      4      0 
    1    274     65     69     99     41      0      0      0      0   1512   1410   1889      4      0 
    0    230     59     61     97     22      0      0      0      0   1512   1410   1645      4      0 
    1    278     65     69     99     41      0      0      0      0   1512   1410   1889      4      0 
    0    233     59     61     97     22      0      0      0      0   1512   1410   1645      4      0 
    1    276     65     69     99     40      0      0      0      0   1512   1410   1889      4      0 
    0    233     59     61     97     22      0      0      0      0   1512   1410   1645      4      0 
    1    276     66     69     99     41      0      0      0      0   1512   1410   1889      4      0 
    0    233     59     61     97     22      0      0      0      0   1512   1410   1645      4      0 
    1    270     65     69     99     41      0      0      0      0   1512   1410   1889      4      0 
    0    231     59     61     97     22      0      0      0      0   1512   1410   1645      4      0 
    1    278     65     69     99     41      0      0      0      0   1512   1410   1889      4      0 
    0    230     59     61     97     22      0      0      0      0   1512   1410   1645      4      0 
    1    276     65     69     99     41      0      0      0      0   1512   1410   1889      4      0 
    0    233     59     61     97     22      0      0      0      0   1512   1410   1645      4      0 
    1    272     65     69     99     41      0      0      0      0   1512   1410   1889      4      0 
    0    234     59     61     97     22      0      0      0      0   1512   1410   1645      4      0 
    1    276     64     69     99     41      0      0      0      0   1512   1410   1889      4      0 
# gpu    pwr  gtemp  mtemp     sm    mem    enc    dec    jpg    ofa   mclk   pclk     fb   bar1   ccpm 
# Idx      W      C      C      %      %      %      %      %      %    MHz    MHz     MB     MB     MB 
    0    231     59     61     97     22      0      0      0      0   1512   1410   1645      4      0 
    1    276     64     69     99     41      0      0      0      0   1512   1410   1889      4      0 
    0    231     59     61     97     22      0      0      0      0   1512   1410   1645      4      0 
    1    271     65     69     99     41      0      0      0      0   1512   1410   1889      4      0 
    0    230     59     61     97     22      0      0      0      0   1512   1410   1645      4      0 
    1    275     65     69     99     41      0      0      0      0   1512   1410   1889      4      0 
    0    232     59     61     97     22      0      0      0      0   1512   1410   1645      4      0 
    1    277     65     69     99     40      0      0      0      0   1512   1410   1889      4      0 
    0    235     59     61     97     22      0      0      0      0   1512   1410   1645      4      0 
    1    273     65     69     99     40      0      0      0      0   1512   1410   1889      4      0 
    0    235     59     61     97     22      0      0      0      0   1512   1410   1645      4      0 
    1    276     65     69     99     41      0      0      0      0   1512   1410   1889      4      0 
    0    234     59     61     97     22      0      0      0      0   1512   1410   1645      4      0 
    1    269     64     69     99     40      0      0      0      0   1512   1410   1889      4      0 
    0    235     59     61     97     22      0      0      0      0   1512   1410   1645      4      0 
    1    272     65     69     99     41      0      0      0      0   1512   1410   1889      4      0 
    0    232     59     61     97     22      0      0      0      0   1512   1410   1645      4      0 
    1    272     65     69     99     41      0      0      0      0   1512   1410   1889      4      0 
    0    227     59     61     97     22      0      0      0      0   1512   1410   1645      4      0 
    1    271     65     69     99     40      0      0      0      0   1512   1410   1889      4      0 
    0    232     59     61     97     22      0      0      0      0   1512   1410   1645      4      0 
    1    272     65     69     99     41      0      0      0      0   1512   1410   1889      4      0 
    0    235     59     61     97     22      0      0      0      0   1512   1410   1645      4      0 
    1    279     65     69     99     40      0      0      0      0   1512   1410   1889      4      0 
    0    227     59     61     97     22      0      0      0      0   1512   1410   1645      4      0 
    1    268     65     69     99     41      0      0      0      0   1512   1410   1889      4      0 
    0    231     59     61     97     22      0      0      0      0   1512   1410   1645      4      0 
    1    275     65     69     99     42      0      0      0      0   1512   1410   1889      4      0 
    0    231     59     61     97     22      0      0      0      0   1512   1410   1645      4      0 
    1    275     64     69     99     40      0      0      0      0   1512   1410   1889      4      0 
    0    233     59     61     97     22      0      0      0      0   1512   1410   1645      4      0 
    1    276     64     69     99     41      0      0      0      0   1512   1410   1889      4      0 
    0    233     59     61     97     22      0      0      0      0   1512   1410   1645      4      0 
    1    272     65     69     99     40      0      0      0      0   1512   1410   1889      4      0 
    0    234     59     61     97     22      0      0      0      0   1512   1410   1645      4      0 
    1    280     65     69     99     41      0      0      0      0   1512   1410   1889      4      0 
    0    233     59     61     97     22      0      0      0      0   1512   1410   1645      4      0 
    1    273     65     69     99     40      0      0      0      0   1512   1410   1889      4      0 
    0    235     59     61     97     22      0      0      0      0   1512   1410   1645      4      0 
    1    279     65     69     99     41      0      0      0      0   1512   1410   1889      4      0 
    0    229     59     61     97     22      0      0      0      0   1512   1410   1645      4      0 
    1    275     65     69     99     41      0      0      0      0   1512   1410   1889      4      0 
    0    237     59     61     97     22      0      0      0      0   1512   1410   1645      4      0 
    1    272     65     69     99     41      0      0      0      0   1512   1410   1889      4      0 
# gpu    pwr  gtemp  mtemp     sm    mem    enc    dec    jpg    ofa   mclk   pclk     fb   bar1   ccpm 
# Idx      W      C      C      %      %      %      %      %      %    MHz    MHz     MB     MB     MB 
    0    231     59     61     97     22      0      0      0      0   1512   1410   1645      4      0 
    1    272     64     69     99     41      0      0      0      0   1512   1410   1889      4      0 
    0    233     59     61     97     22      0      0      0      0   1512   1410   1645      4      0 
    1    275     65     69     99     40      0      0      0      0   1512   1410   1889      4      0 
    0    234     59     61     97     22      0      0      0      0   1512   1410   1645      4      0 
    1    275     65     69     99     41      0      0      0      0   1512   1410   1889      4      0 
    0    236     59     61     97     22      0      0      0      0   1512   1410   1645      4      0 
    1    279     65     69     99     40      0      0      0      0   1512   1410   1889      4      0 
    0    231     59     61     97     22      0      0      0      0   1512   1410   1645      4      0 
    1    276     65     69     99     41      0      0      0      0   1512   1410   1889      4      0 
    0    231     59     61     97     22      0      0      0      0   1512   1410   1645      4      0 
    1    274     64     69     99     41      0      0      0      0   1512   1410   1889      4      0 
    0    233     59     61     97     22      0      0      0      0   1512   1410   1645      4      0 
    1    273     65     69     99     41      0      0      0      0   1512   1410   1889      4      0 
    0    233     59     63     97     22      0      0      0      0   1512   1410   1645      4      0 
    1    276     65     69     99     40      0      0      0      0   1512   1410   1889      4      0 
    0    227     59     61     97     22      0      0      0      0   1512   1410   1645      4      0 
    1    267     65     69     99     41      0      0      0      0   1512   1410   1889      4      0 
    0    235     59     61     97     22      0      0      0      0   1512   1410   1645      4      0 
    1    280     65     69     99     40      0      0      0      0   1512   1410   1889      4      0 
    0    233     59     61     97     22      0      0      0      0   1512   1410   1645      4      0 
    1    272     64     69     99     41      0      0      0      0   1512   1410   1889      4      0 
    0    231     59     61     97     22      0      0      0      0   1512   1410   1645      4      0 
    1    269     65     69     99     41      0      0      0      0   1512   1410   1889      4      0 
    0    234     59     61     97     22      0      0      0      0   1512   1410   1645      4      0 
    1    278     66     69     99     40      0      0      0      0   1512   1410   1889      4      0 
    0    228     59     61     97     22      0      0      0      0   1512   1410   1645      4      0 
    1    275     65     69     99     40      0      0      0      0   1512   1410   1889      4      0 
    0    237     59     61     97     22      0      0      0      0   1512   1410   1645      4      0 
    1    279     65     69     99     40      0      0      0      0   1512   1410   1889      4      0 
    0    232     59     61     97     22      0      0      0      0   1512   1410   1645      4      0 
    1    275     65     69     99     40      0      0      0      0   1512   1410   1889      4      0 
    0    236     59     61     97     22      0      0      0      0   1512   1410   1645      4      0 
    1    274     64     69     99     41      0      0      0      0   1512   1410   1889      4      0 
    0    234     59     61     97     22      0      0      0      0   1512   1410   1645      4      0 
    1    282     65     69     99     41      0      0      0      0   1512   1410   1889      4      0 
    0    234     59     61     97     22      0      0      0      0   1512   1410   1645      4      0 
    1    274     66     69     99     41      0      0      0      0   1512   1410   1889      4      0 
    0    233     59     61     97     22      0      0      0      0   1512   1410   1645      4      0 
    1    278     65     69     99     41      0      0      0      0   1512   1410   1889      4      0 
    0    238     59     61     97     22      0      0      0      0   1512   1410   1645      4      0 
    1    276     65     69     99     41      0      0      0      0   1512   1410   1889      4      0 
    0    236     59     61     97     22      0      0      0      0   1512   1410   1645      4      0 
    1    273     65     69     99     41      0      0      0      0   1512   1410   1889      4      0 
# gpu    pwr  gtemp  mtemp     sm    mem    enc    dec    jpg    ofa   mclk   pclk     fb   bar1   ccpm 
# Idx      W      C      C      %      %      %      %      %      %    MHz    MHz     MB     MB     MB 
    0    233     59     61     97     22      0      0      0      0   1512   1410   1645      4      0 
    1    276     65     69     99     42      0      0      0      0   1512   1410   1889      4      0 
    0    233     59     61     97     22      0      0      0      0   1512   1410   1645      4      0 
    1    279     64     69     99     41      0      0      0      0   1512   1410   1889      4      0 
    0    233     59     61     97     22      0      0      0      0   1512   1410   1645      4      0 
    1    262     65     69     99     41      0      0      0      0   1512   1410   1889      4      0 
    0    235     59     61     97     22      0      0      0      0   1512   1410   1645      4      0 
    1    276     65     69     99     41      0      0      0      0   1512   1410   1889      4      0 
    0    234     59     61     97     22      0      0      0      0   1512   1410   1645      4      0 
    1    266     63     67     83     34      0      0      0      0   1512   1410   1889      4      0 
    0    236     59     61     97     22      0      0      0      0   1512   1410   1645      4      0 
    1    275     65     69     99     41      0      0      0      0   1512   1410   1889      4      0 
    0    236     59     63     97     22      0      0      0      0   1512   1410   1645      4      0 
    1    282     66     71     99     41      0      0      0      0   1512   1410   1889      4      0 
    0    236     59     61     97     22      0      0      0      0   1512   1410   1645      4      0 
    1    276     66     69     99     40      0      0      0      0   1512   1410   1889      4      0 
    0    232     59     61     97     22      0      0      0      0   1512   1410   1645      4      0 
    1    277     65     69     99     41      0      0      0      0   1512   1410   1889      4      0 
    0    229     59     61     97     22      0      0      0      0   1512   1410   1645      4      0 
    1    272     65     69     99     41      0      0      0      0   1512   1410   1889      4      0 
    0    231     59     61     97     22      0      0      0      0   1512   1410   1645      4      0 
    1    272     65     69     99     41      0      0      0      0   1512   1410   1889      4      0 
    0    228     59     61     97     22      0      0      0      0   1512   1410   1645      4      0 
    1    275     65     69     99     41      0      0      0      0   1512   1410   1889      4      0 
    0    235     59     61     97     22      0      0      0      0   1512   1410   1645      4      0 
    1    276     64     69     99     40      0      0      0      0   1512   1410   1889      4      0 
    0    233     59     61     97     22      0      0      0      0   1512   1410   1645      4      0 
    1    271     65     69     99     41      0      0      0      0   1512   1410   1889      4      0 
    0    237     60     63     97     22      0      0      0      0   1512   1410   1645      4      0 
    1    274     66     71     99     41      0      0      0      0   1512   1410   1889      4      0 
    0    230     59     63     97     22      0      0      0      0   1512   1410   1645      4      0 
    1    279     66     71     99     41      0      0      0      0   1512   1410   1889      4      0 
    0    235     59     61     97     22      0      0      0      0   1512   1410   1645      4      0 
    1    275     65     69     99     41      0      0      0      0   1512   1410   1889      4      0 
    0    238     59     61     97     22      0      0      0      0   1512   1410   1645      4      0 
    1    274     65     69     99     40      0      0      0      0   1512   1410   1889      4      0 
    0    230     59     61     97     22      0      0      0      0   1512   1410   1645      4      0 
    1    271     65     69     99     41      0      0      0      0   1512   1410   1889      4      0 
    0    228     59     61     97     22      0      0      0      0   1512   1410   1645      4      0 
    1    270     65     69     99     41      0      0      0      0   1512   1410   1889      4      0 
    0    230     59     61     97     22      0      0      0      0   1512   1410   1645      4      0 
    1    273     64     69     99     41      0      0      0      0   1512   1410   1889      4      0 
    0    234     59     61     97     22      0      0      0      0   1512   1410   1645      4      0 
    1    275     65     69     99     41      0      0      0      0   1512   1410   1889      4      0 
# gpu    pwr  gtemp  mtemp     sm    mem    enc    dec    jpg    ofa   mclk   pclk     fb   bar1   ccpm 
# Idx      W      C      C      %      %      %      %      %      %    MHz    MHz     MB     MB     MB 
    0    228     60     63     97     22      0      0      0      0   1512   1410   1645      4      0 
    1    278     66     71     99     40      0      0      0      0   1512   1410   1889      4      0 
    0    233     59     63     97     22      0      0      0      0   1512   1410   1645      4      0 
    1    275     65     69     99     41      0      0      0      0   1512   1410   1889      4      0 
    0    233     59     61     97     22      0      0      0      0   1512   1410   1645      4      0 
    1    278     65     69     99     41      0      0      0      0   1512   1410   1889      4      0 
    0    234     59     61     97     22      0      0      0      0   1512   1410   1645      4      0 
    1    268     65     69     99     41      0      0      0      0   1512   1410   1889      4      0 
    0    235     59     61     97     22      0      0      0      0   1512   1410   1645      4      0 
    1    275     65     69     99     41      0      0      0      0   1512   1410   1889      4      0 
    0    234     59     61     97     22      0      0      0      0   1512   1410   1645      4      0 
    1    270     65     69     99     41      0      0      0      0   1512   1410   1889      4      0 
    0    235     59     61     97     22      0      0      0      0   1512   1410   1645      4      0 
    1    273     64     69     99     40      0      0      0      0   1512   1410   1889      4      0 
    0    233     59     61     97     22      0      0      0      0   1512   1410   1645      4      0 
    1    280     65     69     99     40      0      0      0      0   1512   1410   1889      4      0 
    0    236     59     61     97     22      0      0      0      0   1512   1410   1645      4      0 
    1    282     65     69     99     41      0      0      0      0   1512   1410   1889      4      0 
    0    231     59     61     97     22      0      0      0      0   1512   1410   1645      4      0 
    1    270     65     69     99     41      0      0      0      0   1512   1410   1889      4      0 
    0    229     59     61     97     22      0      0      0      0   1512   1410   1645      4      0 
    1    282     65     69     99     41      0      0      0      0   1512   1410   1889      4      0 
    0    233     59     63     97     22      0      0      0      0   1512   1410   1645      4      0 
    1    278     66     71     99     40      0      0      0      0   1512   1410   1889      4      0 
    0    235     59     63     97     22      0      0      0      0   1512   1410   1645      4      0 
    1    280     66     71     99     41      0      0      0      0   1512   1410   1889      4      0 
    0    228     59     63     97     22      0      0      0      0   1512   1410   1645      4      0 
    1    279     65     69     99     41      0      0      0      0   1512   1410   1889      4      0 
    0    234     59     61     97     22      0      0      0      0   1512   1410   1645      4      0 
    1    278     65     69     99     41      0      0      0      0   1512   1410   1889      4      0 
    0    235     59     61     97     22      0      0      0      0   1512   1410   1645      4      0 
    1    280     65     69     99     41      0      0      0      0   1512   1410   1889      4      0 
    0    231     59     61     97     22      0      0      0      0   1512   1410   1645      4      0 
    1    272     65     69     99     41      0      0      0      0   1512   1410   1889      4      0 
    0    234     59     61     97     22      0      0      0      0   1512   1410   1645      4      0 
    1    271     65     69     99     40      0      0      0      0   1512   1410   1889      4      0 
    0    225     59     61     97     22      0      0      0      0   1512   1410   1645      4      0 
    1    266     65     69     99     41      0      0      0      0   1512   1410   1889      4      0 
    0    234     59     61     97     22      0      0      0      0   1512   1410   1645      4      0 
    1    274     65     69     99     41      0      0      0      0   1512   1410   1889      4      0 
    0    233     59     61     97     22      0      0      0      0   1512   1410   1645      4      0 
    1    272     65     69     99     41      0      0      0      0   1512   1410   1889      4      0 
    0    234     59     61     97     22      0      0      0      0   1512   1410   1645      4      0 
    1    275     65     69     99     41      0      0      0      0   1512   1410   1889      4      0 
# gpu    pwr  gtemp  mtemp     sm    mem    enc    dec    jpg    ofa   mclk   pclk     fb   bar1   ccpm 
# Idx      W      C      C      %      %      %      %      %      %    MHz    MHz     MB     MB     MB 
    0    233     59     61     97     22      0      0      0      0   1512   1410   1645      4      0 
    1    267     65     69     99     40      0      0      0      0   1512   1410   1889      4      0 
    0    229     59     61     97     22      0      0      0      0   1512   1410   1645      4      0 
    1    272     64     69     99     41      0      0      0      0   1512   1410   1889      4      0 
    0    231     59     61     97     22      0      0      0      0   1512   1410   1645      4      0 
    1    274     65     69     99     41      0      0      0      0   1512   1410   1889      4      0 
    0    237     59     61     97     22      0      0      0      0   1512   1410   1645      4      0 
    1    271     65     69     99     41      0      0      0      0   1512   1410   1889      4      0 
    0    232     59     61     97     22      0      0      0      0   1512   1410   1645      4      0 
    1    278     65     69     99     41      0      0      0      0   1512   1410   1889      4      0 
    0    232     59     61     97     22      0      0      0      0   1512   1410   1645      4      0 
    1    275     66     69     99     40      0      0      0      0   1512   1410   1889      4      0 
    0    235     59     63     97     22      0      0      0      0   1512   1410   1645      4      0 
    1    275     65     69     99     41      0      0      0      0   1512   1410   1889      4      0 
    0    230     59     61     97     22      0      0      0      0   1512   1410   1645      4      0 
    1    281     65     69     99     41      0      0      0      0   1512   1410   1889      4      0 
    0    235     59     61     97     22      0      0      0      0   1512   1410   1645      4      0 
    1    279     65     69     99     40      0      0      0      0   1512   1410   1889      4      0 
    0    234     59     61     97     22      0      0      0      0   1512   1410   1645      4      0 
    1    273     65     69     99     41      0      0      0      0   1512   1410   1889      4      0 
    0    233     59     61     97     22      0      0      0      0   1512   1410   1645      4      0 
    1    275     65     69     99     41      0      0      0      0   1512   1410   1889      4      0 
    0    228     59     61     97     22      0      0      0      0   1512   1410   1645      4      0 
    1    271     65     69     99     40      0      0      0      0   1512   1410   1889      4      0 
    0    230     59     61     97     22      0      0      0      0   1512   1410   1645      4      0 
    1    276     65     69     99     41      0      0      0      0   1512   1410   1889      4      0 
    0    228     59     61     97     22      0      0      0      0   1512   1410   1645      4      0 
    1    272     64     69     99     41      0      0      0      0   1512   1410   1889      4      0 
    0    236     59     61     97     22      0      0      0      0   1512   1410   1645      4      0 
    1    273     65     69     99     41      0      0      0      0   1512   1410   1889      4      0 
    0    235     59     63     97     22      0      0      0      0   1512   1410   1645      4      0 
    1    282     66     71     99     41      0      0      0      0   1512   1410   1889      4      0 
    0    227     59     63     97     22      0      0      0      0   1512   1410   1645      4      0 
    1    279     65     69     99     41      0      0      0      0   1512   1410   1889      4      0 
    0    235     59     61     97     22      0      0      0      0   1512   1410   1645      4      0 
    1    279     65     69     99     41      0      0      0      0   1512   1410   1889      4      0 
    0    233     59     61     97     22      0      0      0      0   1512   1410   1645      4      0 
    1    274     65     69     99     41      0      0      0      0   1512   1410   1889      4      0 
    0    226     59     61     97     22      0      0      0      0   1512   1410   1645      4      0 
    1    268     65     69     99     41      0      0      0      0   1512   1410   1889      4      0 
    0    233     59     61     97     22      0      0      0      0   1512   1410   1645      4      0 
    1    269     65     69     99     40      0      0      0      0   1512   1410   1889      4      0 
    0    235     59     61     97     22      0      0      0      0   1512   1410   1645      4      0 
    1    269     65     69     99     40      0      0      0      0   1512   1410   1889      4      0 
# gpu    pwr  gtemp  mtemp     sm    mem    enc    dec    jpg    ofa   mclk   pclk     fb   bar1   ccpm 
# Idx      W      C      C      %      %      %      %      %      %    MHz    MHz     MB     MB     MB 
    0    235     59     61     97     22      0      0      0      0   1512   1410   1645      4      0 
    1    278     65     69     99     41      0      0      0      0   1512   1410   1889      4      0 
    0    233     59     61     97     22      0      0      0      0   1512   1410   1645      4      0 
    1    273     64     69     99     40      0      0      0      0   1512   1410   1889      4      0 
    0    235     59     61     97     22      0      0      0      0   1512   1410   1645      4      0 
    1    272     65     69     99     41      0      0      0      0   1512   1410   1889      4      0 
    0    230     59     63     97     22      0      0      0      0   1512   1410   1645      4      0 
    1    277     66     69     99     40      0      0      0      0   1512   1410   1889      4      0 
    0    229     59     63     97     22      0      0      0      0   1512   1410   1645      4      0 
    1    268     66     69     99     41      0      0      0      0   1512   1410   1889      4      0 
    0    228     59     61     97     22      0      0      0      0   1512   1410   1645      4      0 
    1    273     65     69     99     40      0      0      0      0   1512   1410   1889      4      0 
    0    233     59     61     97     22      0      0      0      0   1512   1410   1645      4      0 
    1    278     65     69     99     40      0      0      0      0   1512   1410   1889      4      0 
    0    234     59     61     97     22      0      0      0      0   1512   1410   1645      4      0 
    1    269     65     69     99     42      0      0      0      0   1512   1410   1889      4      0 
    0    232     59     61     97     22      0      0      0      0   1512   1410   1645      4      0 
    1    279     65     69     99     40      0      0      0      0   1512   1410   1889      4      0 
    0    237     59     61     97     22      0      0      0      0   1512   1410   1645      4      0 
    1    270     65     69     99     41      0      0      0      0   1512   1410   1889      4      0 
    0    232     60     63     97     22      0      0      0      0   1512   1410   1645      4      0 
    1    272     66     69     99     40      0      0      0      0   1512   1410   1889      4      0 
    0    232     60     63     97     22      0      0      0      0   1512   1410   1645      4      0 
    1    280     66     71     99     40      0      0      0      0   1512   1410   1889      4      0 
    0    236     59     63     97     22      0      0      0      0   1512   1410   1645      4      0 
    1    279     66     71     99     41      0      0      0      0   1512   1410   1889      4      0 
    0    235     59     63     97     22      0      0      0      0   1512   1410   1645      4      0 
    1    275     66     69     99     41      0      0      0      0   1512   1410   1889      4      0 
    0    234     59     61     97     22      0      0      0      0   1512   1410   1645      4      0 
    1    270     65     69     99     40      0      0      0      0   1512   1410   1889      4      0 
    0    229     59     61     97     22      0      0      0      0   1512   1410   1645      4      0 
    1    271     65     69     99     41      0      0      0      0   1512   1410   1889      4      0 
    0    231     59     61     97     22      0      0      0      0   1512   1410   1645      4      0 
    1    277     65     69     99     41      0      0      0      0   1512   1410   1889      4      0 
    0    230     59     61     97     22      0      0      0      0   1512   1410   1645      4      0 
    1    267     64     69     60     25      0      0      0      0   1512   1410   1889      4      0 
    0    230     59     61     97     22      0      0      0      0   1512   1410   1645      4      0 
    1    277     65     69     99     41      0      0      0      0   1512   1410   1889      4      0 
    0    232     59     63     97     22      0      0      0      0   1512   1410   1645      4      0 
    1    279     65     69     99     41      0      0      0      0   1512   1410   1889      4      0 
    0    235     59     61     97     22      0      0      0      0   1512   1410   1645      4      0 
    1    271     65     69     99     40      0      0      0      0   1512   1410   1889      4      0 
    0    233     59     61     97     22      0      0      0      0   1512   1410   1645      4      0 
    1    277     65     69     99     41      0      0      0      0   1512   1410   1889      4      0 
# gpu    pwr  gtemp  mtemp     sm    mem    enc    dec    jpg    ofa   mclk   pclk     fb   bar1   ccpm 
# Idx      W      C      C      %      %      %      %      %      %    MHz    MHz     MB     MB     MB 
    0    236     59     61     97     22      0      0      0      0   1512   1410   1645      4      0 
    1    270     65     69     99     40      0      0      0      0   1512   1410   1889      4      0 
    0    231     59     61     97     22      0      0      0      0   1512   1410   1645      4      0 
    1    277     64     69     99     42      0      0      0      0   1512   1410   1889      4      0 
    0    235     59     61     97     22      0      0      0      0   1512   1410   1645      4      0 
    1    277     65     69     99     41      0      0      0      0   1512   1410   1889      4      0 
    0    235     59     63     97     22      0      0      0      0   1512   1410   1645      4      0 
    1    281     65     69     99     40      0      0      0      0   1512   1410   1889      4      0 
    0    235     59     63     97     22      0      0      0      0   1512   1410   1645      4      0 
    1    274     66     71     99     41      0      0      0      0   1512   1410   1889      4      0 
    0    232     59     61     97     22      0      0      0      0   1512   1410   1645      4      0 
    1    275     65     69     99     41      0      0      0      0   1512   1410   1889      4      0 
    0    235     59     61     97     22      0      0      0      0   1512   1410   1645      4      0 
    1    276     65     69     99     41      0      0      0      0   1512   1410   1889      4      0 
    0    228     59     61     97     22      0      0      0      0   1512   1410   1645      4      0 
    1    278     65     69     99     40      0      0      0      0   1512   1410   1889      4      0 
    0    231     59     61     97     22      0      0      0      0   1512   1410   1645      4      0 
    1    274     65     69     99     40      0      0      0      0   1512   1410   1889      4      0 
    0    229     59     61     97     22      0      0      0      0   1512   1410   1645      4      0 
    1    275     64     69     99     41      0      0      0      0   1512   1410   1889      4      0 
    0    231     59     61     97     22      0      0      0      0   1512   1410   1645      4      0 
    1    273     64     69     99     41      0      0      0      0   1512   1410   1889      4      0 
    0    234     59     61     97     22      0      0      0      0   1512   1410   1645      4      0 
    1    270     65     69     99     40      0      0      0      0   1512   1410   1889      4      0 
    0    236     60     63     97     22      0      0      0      0   1512   1410   1645      4      0 
    1    278     66     71     99     41      0      0      0      0   1512   1410   1889      4      0 
    0    233     59     63     97     22      0      0      0      0   1512   1410   1645      4      0 
    1    282     66     69     99     41      0      0      0      0   1512   1410   1889      4      0 
    0    234     59     61     97     22      0      0      0      0   1512   1410   1645      4      0 
    1    273     65     69     99     40      0      0      0      0   1512   1410   1889      4      0 
    0    236     59     61     97     22      0      0      0      0   1512   1410   1645      4      0 
    1    277     65     69     99     40      0      0      0      0   1512   1410   1889      4      0 
    0    232     59     61     97     22      0      0      0      0   1512   1410   1645      4      0 
    1    282     65     69     99     40      0      0      0      0   1512   1410   1889      4      0 
    0    231     59     61     97     22      0      0      0      0   1512   1410   1645      4      0 
    1    277     65     69     99     41      0      0      0      0   1512   1410   1889      4      0 
    0    233     59     61     97     22      0      0      0      0   1512   1410   1645      4      0 
    1    268     65     69     99     41      0      0      0      0   1512   1410   1889      4      0 
    0    231     59     61     97     22      0      0      0      0   1512   1410   1645      4      0 
    1    275     65     69     99     41      0      0      0      0   1512   1410   1889      4      0 
    0    232     59     61     97     22      0      0      0      0   1512   1410   1645      4      0 
    1    276     65     69     99     41      0      0      0      0   1512   1410   1889      4      0 
    0    236     59     63     97     22      0      0      0      0   1512   1410   1645      4      0 
    1    276     65     69     99     40      0      0      0      0   1512   1410   1889      4      0 
# gpu    pwr  gtemp  mtemp     sm    mem    enc    dec    jpg    ofa   mclk   pclk     fb   bar1   ccpm 
# Idx      W      C      C      %      %      %      %      %      %    MHz    MHz     MB     MB     MB 
    0    231     59     61     97     22      0      0      0      0   1512   1410   1645      4      0 
    1    276     65     69     99     41      0      0      0      0   1512   1410   1889      4      0 
    0    236     59     61     97     22      0      0      0      0   1512   1410   1645      4      0 
    1    276     65     69     99     41      0      0      0      0   1512   1410   1889      4      0 
    0    225     59     61     97     22      0      0      0      0   1512   1410   1645      4      0 
    1    275     65     69     99     40      0      0      0      0   1512   1410   1889      4      0 
    0    232     59     61     97     22      0      0      0      0   1512   1410   1645      4      0 
    1    268     65     69     99     41      0      0      0      0   1512   1410   1889      4      0 
    0    236     59     61     97     22      0      0      0      0   1512   1410   1645      4      0 
    1    270     65     69     99     41      0      0      0      0   1512   1410   1889      4      0 
    0    231     59     61     97     22      0      0      0      0   1512   1410   1645      4      0 
    1    278     64     69     99     41      0      0      0      0   1512   1410   1889      4      0 
    0    234     59     61     97     22      0      0      0      0   1512   1410   1645      4      0 
    1    272     65     69     99     41      0      0      0      0   1512   1410   1889      4      0 
    0    234     59     61     97     22      0      0      0      0   1512   1410   1645      4      0 
    1    276     65     69     99     41      0      0      0      0   1512   1410   1889      4      0 
    0    226     59     61     97     22      0      0      0      0   1512   1410   1645      4      0 
    1    274     65     69     99     41      0      0      0      0   1512   1410   1889      4      0 
    0    227     59     61     97     22      0      0      0      0   1512   1410   1645      4      0 
    1    274     65     69     99     41      0      0      0      0   1512   1410   1889      4      0 
    0    229     59     61     97     22      0      0      0      0   1512   1410   1645      4      0 
    1    283     66     69     99     41      0      0      0      0   1512   1410   1889      4      0 
    0    234     59     63     97     22      0      0      0      0   1512   1410   1645      4      0 
    1    278     66     69     99     41      0      0      0      0   1512   1410   1889      4      0 
    0    235     59     61     97     22      0      0      0      0   1512   1410   1645      4      0 
    1    277     65     69     99     41      0      0      0      0   1512   1410   1889      4      0 
    0    234     59     61     97     22      0      0      0      0   1512   1410   1645      4      0 
    1    270     65     69     99     41      0      0      0      0   1512   1410   1889      4      0 
    0    231     59     61     97     22      0      0      0      0   1512   1410   1645      4      0 
    1    279     65     69     99     41      0      0      0      0   1512   1410   1889      4      0 
    0    234     59     61     97     22      0      0      0      0   1512   1410   1645      4      0 
    1    281     65     69     99     40      0      0      0      0   1512   1410   1889      4      0 
    0    233     59     61     97     22      0      0      0      0   1512   1410   1645      4      0 
    1    275     64     69     99     41      0      0      0      0   1512   1410   1889      4      0 
    0    236     59     61     97     22      0      0      0      0   1512   1410   1645      4      0 
    1    278     65     69     99     40      0      0      0      0   1512   1410   1889      4      0 
    0    227     59     61     97     22      0      0      0      0   1512   1410   1645      4      0 
    1    275     65     69     99     40      0      0      0      0   1512   1410   1889      4      0 
    0    237     59     61     97     22      0      0      0      0   1512   1410   1645      4      0 
    1    273     65     69     99     41      0      0      0      0   1512   1410   1889      4      0 
    0    234     59     61     97     22      0      0      0      0   1512   1410   1645      4      0 
    1    272     65     69     99     41      0      0      0      0   1512   1410   1889      4      0 
    0    237     59     61     97     22      0      0      0      0   1512   1410   1645      4      0 
    1    278     65     69     99     41      0      0      0      0   1512   1410   1889      4      0 
# gpu    pwr  gtemp  mtemp     sm    mem    enc    dec    jpg    ofa   mclk   pclk     fb   bar1   ccpm 
# Idx      W      C      C      %      %      %      %      %      %    MHz    MHz     MB     MB     MB 
    0    235     59     63     97     22      0      0      0      0   1512   1410   1645      4      0 
    1    273     66     71     99     40      0      0      0      0   1512   1410   1889      4      0 
    0    236     59     63     97     22      0      0      0      0   1512   1410   1645      4      0 
    1    277     66     69     99     41      0      0      0      0   1512   1410   1889      4      0 
    0    236     59     61     97     22      0      0      0      0   1512   1410   1645      4      0 
    1    268     65     69     99     41      0      0      0      0   1512   1410   1889      4      0 
    0    237     59     61     97     22      0      0      0      0   1512   1410   1645      4      0 
    1    279     65     69     99     41      0      0      0      0   1512   1410   1889      4      0 
    0    236     59     61     97     22      0      0      0      0   1512   1410   1645      4      0 
    1    270     65     69     99     41      0      0      0      0   1512   1410   1889      4      0 
    0    232     59     61     97     22      0      0      0      0   1512   1410   1645      4      0 
    1    274     65     69     99     41      0      0      0      0   1512   1410   1889      4      0 
    0    235     59     61     97     22      0      0      0      0   1512   1410   1645      4      0 
    1    277     64     69     99     41      0      0      0      0   1512   1410   1889      4      0 
    0    225     59     61     97     22      0      0      0      0   1512   1410   1645      4      0 
    1    269     65     69     99     41      0      0      0      0   1512   1410   1889      4      0 
    0    237     60     63     97     22      0      0      0      0   1512   1410   1645      4      0 
    1    274     66     69     99     41      0      0      0      0   1512   1410   1889      4      0 
    0    232     60     63     97     22      0      0      0      0   1512   1410   1645      4      0 
    1    276     66     71     99     41      0      0      0      0   1512   1410   1889      4      0 
    0    234     59     63     97     22      0      0      0      0   1512   1410   1645      4      0 
    1    277     65     69     99     41      0      0      0      0   1512   1410   1889      4      0 
    0    231     59     61     97     22      0      0      0      0   1512   1410   1645      4      0 
    1    279     65     69     99     41      0      0      0      0   1512   1410   1889      4      0 
    0    233     59     61     97     22      0      0      0      0   1512   1410   1645      4      0 
    1    272     65     69     99     41      0      0      0      0   1512   1410   1889      4      0 
    0    231     59     61     97     22      0      0      0      0   1512   1410   1645      4      0 
    1    276     65     69     99     41      0      0      0      0   1512   1410   1889      4      0 
    0    236     59     61     97     22      0      0      0      0   1512   1410   1645      4      0 
    1    272     65     69     99     41      0      0      0      0   1512   1410   1889      4      0 
    0    232     59     63     97     22      0      0      0      0   1512   1410   1645      4      0 
    1    277     65     69     99     41      0      0      0      0   1512   1410   1889      4      0 
    0    227     60     63     97     22      0      0      0      0   1512   1410   1645      4      0 
    1    272     66     69     99     40      0      0      0      0   1512   1410   1889      4      0 
    0    233     59     61     97     22      0      0      0      0   1512   1410   1645      4      0 
    1    272     65     69     99     40      0      0      0      0   1512   1410   1889      4      0 
    0    233     59     61     97     22      0      0      0      0   1512   1410   1645      4      0 
    1    277     65     69     99     41      0      0      0      0   1512   1410   1889      4      0 
    0    238     59     61     97     22      0      0      0      0   1512   1410   1645      4      0 
    1    276     65     69     99     41      0      0      0      0   1512   1410   1889      4      0 
    0    231     59     61     97     22      0      0      0      0   1512   1410   1645      4      0 
    1    274     65     69     99     41      0      0      0      0   1512   1410   1889      4      0 
    0    231     59     61     97     22      0      0      0      0   1512   1410   1645      4      0 
    1    277     64     69     99     40      0      0      0      0   1512   1410   1889      4      0 
# gpu    pwr  gtemp  mtemp     sm    mem    enc    dec    jpg    ofa   mclk   pclk     fb   bar1   ccpm 
# Idx      W      C      C      %      %      %      %      %      %    MHz    MHz     MB     MB     MB 
    0    232     59     61     97     22      0      0      0      0   1512   1410   1645      4      0 
    1    277     63     69     67     27      0      0      0      0   1512   1410   1889      4      0 
    0    232     59     63     97     22      0      0      0      0   1512   1410   1645      4      0 
    1    273     65     69     99     41      0      0      0      0   1512   1410   1889      4      0 
    0    231     59     61     97     22      0      0      0      0   1512   1410   1645      4      0 
    1    273     65     69     99     41      0      0      0      0   1512   1410   1889      4      0 
    0    233     59     61     97     22      0      0      0      0   1512   1410   1645      4      0 
    1    273     65     69     99     41      0      0      0      0   1512   1410   1889      4      0 
    0    233     59     61     97     22      0      0      0      0   1512   1410   1645      4      0 
    1    270     65     69     99     40      0      0      0      0   1512   1410   1889      4      0 
    0    236     59     61     97     22      0      0      0      0   1512   1410   1645      4      0 
    1    278     64     69     99     41      0      0      0      0   1512   1410   1889      4      0 
    0    239     59     61     97     22      0      0      0      0   1512   1410   1645      4      0 
    1    271     65     69     99     41      0      0      0      0   1512   1410   1889      4      0 
    0    234     60     63     97     22      0      0      0      0   1512   1410   1645      4      0 
    1    271     66     71     99     40      0      0      0      0   1512   1410   1889      4      0 
    0    234     59     63     97     22      0      0      0      0   1512   1410   1645      4      0 
    1    273     65     69     99     41      0      0      0      0   1512   1410   1889      4      0 
    0    235     59     63     97     22      0      0      0      0   1512   1410   1645      4      0 
    1    273     65     69     99     41      0      0      0      0   1512   1410   1889      4      0 
    0    234     59     61     97     22      0      0      0      0   1512   1410   1645      4      0 
    1    271     65     69     99     40      0      0      0      0   1512   1410   1889      4      0 
    0    232     59     61     97     22      0      0      0      0   1512   1410   1645      4      0 
    1    274     65     69     99     41      0      0      0      0   1512   1410   1889      4      0 
    0    230     59     61     97     22      0      0      0      0   1512   1410   1645      4      0 
    1    274     65     69     99     41      0      0      0      0   1512   1410   1889      4      0 
    0    234     59     61     97     22      0      0      0      0   1512   1410   1645      4      0 
    1    272     65     69     99     40      0      0      0      0   1512   1410   1889      4      0 
    0    235     59     63     97     22      0      0      0      0   1512   1410   1645      4      0 
    1    275     65     69     99     42      0      0      0      0   1512   1410   1889      4      0 
    0    233     59     61     97     22      0      0      0      0   1512   1410   1645      4      0 
    1    273     65     69     99     41      0      0      0      0   1512   1410   1889      4      0 
    0    237     59     61     97     22      0      0      0      0   1512   1410   1645      4      0 
    1    271     65     69     99     40      0      0      0      0   1512   1410   1889      4      0 
    0    230     59     61     97     22      0      0      0      0   1512   1410   1645      4      0 
    1    275     65     69     99     41      0      0      0      0   1512   1410   1889      4      0 
    0    235     59     61     97     22      0      0      0      0   1512   1410   1645      4      0 
    1    273     65     69     99     41      0      0      0      0   1512   1410   1889      4      0 
    0    229     59     61     97     22      0      0      0      0   1512   1410   1645      4      0 
    1    274     65     69     99     41      0      0      0      0   1512   1410   1889      4      0 
    0    237     60     63     97     22      0      0      0      0   1512   1410   1645      4      0 
    1    276     66     69     99     41      0      0      0      0   1512   1410   1889      4      0 
    0    231     59     63     97     22      0      0      0      0   1512   1410   1645      4      0 
    1    269     65     69     99     40      0      0      0      0   1512   1410   1889      4      0 
# gpu    pwr  gtemp  mtemp     sm    mem    enc    dec    jpg    ofa   mclk   pclk     fb   bar1   ccpm 
# Idx      W      C      C      %      %      %      %      %      %    MHz    MHz     MB     MB     MB 
    0    232     59     61     97     22      0      0      0      0   1512   1410   1645      4      0 
    1    276     65     69     99     41      0      0      0      0   1512   1410   1889      4      0 
    0    229     59     61     97     22      0      0      0      0   1512   1410   1645      4      0 
    1    272     65     69     99     40      0      0      0      0   1512   1410   1889      4      0 
    0    229     59     61     97     22      0      0      0      0   1512   1410   1645      4      0 
    1    280     65     69     99     41      0      0      0      0   1512   1410   1889      4      0 
    0    231     59     61     97     22      0      0      0      0   1512   1410   1645      4      0 
    1    273     65     69     99     41      0      0      0      0   1512   1410   1889      4      0 
    0    233     59     61     97     22      0      0      0      0   1512   1410   1645      4      0 
    1    268     65     69     99     40      0      0      0      0   1512   1410   1889      4      0 
    0    234     59     61     97     22      0      0      0      0   1512   1410   1645      4      0 
    1    276     65     69     99     41      0      0      0      0   1512   1410   1889      4      0 
    0    229     59     61     97     22      0      0      0      0   1512   1410   1645      4      0 
    1    270     65     69     99     41      0      0      0      0   1512   1410   1889      4      0 
    0    230     59     61     97     22      0      0      0      0   1512   1410   1645      4      0 
    1    272     64     69     99     40      0      0      0      0   1512   1410   1889      4      0 
    0    234     59     61     97     22      0      0      0      0   1512   1410   1645      4      0 
    1    274     64     69     99     41      0      0      0      0   1512   1410   1889      4      0 
    0    235     59     61     97     22      0      0      0      0   1512   1410   1645      4      0 
    1    275     65     69     99     41      0      0      0      0   1512   1410   1889      4      0 
    0    235     59     61     97     22      0      0      0      0   1512   1410   1645      4      0 
    1    277     65     69     99     41      0      0      0      0   1512   1410   1889      4      0 
    0    231     59     61     97     22      0      0      0      0   1512   1410   1645      4      0 
    1    273     65     69     99     40      0      0      0      0   1512   1410   1889      4      0 
    0    230     59     61     97     22      0      0      0      0   1512   1410   1645      4      0 
    1    274     65     69     99     41      0      0      0      0   1512   1410   1889      4      0 
    0    228     59     61     97     22      0      0      0      0   1512   1410   1645      4      0 
    1    272     65     69     99     41      0      0      0      0   1512   1410   1889      4      0 
    0    234     59     61     97     22      0      0      0      0   1512   1410   1645      4      0 
    1    270     65     69     99     41      0      0      0      0   1512   1410   1889      4      0 
    0    230     59     61     97     22      0      0      0      0   1512   1410   1645      4      0 
    1    275     66     69     99     41      0      0      0      0   1512   1410   1889      4      0 
    0    231     59     61     97     22      0      0      0      0   1512   1410   1645      4      0 
    1    268     65     69     99     41      0      0      0      0   1512   1410   1889      4      0 
    0    234     59     61     97     22      0      0      0      0   1512   1410   1645      4      0 
    1    281     65     69     99     40      0      0      0      0   1512   1410   1889      4      0 
    0    234     59     61     97     22      0      0      0      0   1512   1410   1645      4      0 
    1    275     65     69     99     41      0      0      0      0   1512   1410   1889      4      0 
    0    236     59     61     97     22      0      0      0      0   1512   1410   1645      4      0 
    1    276     65     69     99     41      0      0      0      0   1512   1410   1889      4      0 
    0    232     59     61     97     22      0      0      0      0   1512   1410   1645      4      0 
    1    274     64     69     99     41      0      0      0      0   1512   1410   1889      4      0 
    0    227     59     61     97     22      0      0      0      0   1512   1410   1645      4      0 
    1    274     65     69     99     40      0      0      0      0   1512   1410   1889      4      0 
# gpu    pwr  gtemp  mtemp     sm    mem    enc    dec    jpg    ofa   mclk   pclk     fb   bar1   ccpm 
# Idx      W      C      C      %      %      %      %      %      %    MHz    MHz     MB     MB     MB 
    0    232     59     61     97     22      0      0      0      0   1512   1410   1645      4      0 
    1    279     65     69     99     41      0      0      0      0   1512   1410   1889      4      0 
    0    235     59     61     97     22      0      0      0      0   1512   1410   1645      4      0 
    1    273     65     69     99     41      0      0      0      0   1512   1410   1889      4      0 
    0    235     59     61     97     22      0      0      0      0   1512   1410   1645      4      0 
    1    274     65     69     99     41      0      0      0      0   1512   1410   1889      4      0 
    0    234     59     61     97     22      0      0      0      0   1512   1410   1645      4      0 
    1    277     65     69     99     41      0      0      0      0   1512   1410   1889      4      0 
    0    236     59     61     97     22      0      0      0      0   1512   1410   1645      4      0 
    1    274     64     69     99     41      0      0      0      0   1512   1410   1889      4      0 
    0    230     59     61     97     22      0      0      0      0   1512   1410   1645      4      0 
    1    272     65     69     99     41      0      0      0      0   1512   1410   1889      4      0 
    0    231     59     61     97     22      0      0      0      0   1512   1410   1645      4      0 
    1    277     65     69     99     40      0      0      0      0   1512   1410   1889      4      0 
    0    234     59     61     97     22      0      0      0      0   1512   1410   1645      4      0 
    1    267     64     69     99     41      0      0      0      0   1512   1410   1889      4      0 
    0    234     59     61     97     22      0      0      0      0   1512   1410   1645      4      0 
    1    274     65     69     99     40      0      0      0      0   1512   1410   1889      4      0 
    0    234     59     61     97     22      0      0      0      0   1512   1410   1645      4      0 
    1    271     66     69     99     40      0      0      0      0   1512   1410   1889      4      0 
    0    233     59     61     97     22      0      0      0      0   1512   1410   1645      4      0 
    1    281     65     69     99     41      0      0      0      0   1512   1410   1889      4      0 
    0    229     59     61     97     22      0      0      0      0   1512   1410   1645      4      0 
    1    268     65     69     99     41      0      0      0      0   1512   1410   1889      4      0 
    0    232     59     61     97     22      0      0      0      0   1512   1410   1645      4      0 
    1    274     65     69     99     40      0      0      0      0   1512   1410   1889      4      0 
    0    233     59     61     97     22      0      0      0      0   1512   1410   1645      4      0 
    1    279     65     69     99     40      0      0      0      0   1512   1410   1889      4      0 
    0    236     59     61     97     22      0      0      0      0   1512   1410   1645      4      0 
    1    278     64     69     99     41      0      0      0      0   1512   1410   1889      4      0 
    0    230     59     61     97     22      0      0      0      0   1512   1410   1645      4      0 
    1    267     65     69     99     41      0      0      0      0   1512   1410   1889      4      0 
    0    231     59     61     97     22      0      0      0      0   1512   1410   1645      4      0 
    1    270     65     69     99     40      0      0      0      0   1512   1410   1889      4      0 
    0    232     59     61     97     22      0      0      0      0   1512   1410   1645      4      0 
    1    272     65     69     99     41      0      0      0      0   1512   1410   1889      4      0 
    0    233     59     61     97     22      0      0      0      0   1512   1410   1645      4      0 
    1    270     65     69     99     42      0      0      0      0   1512   1410   1889      4      0 
    0    233     59     61     97     22      0      0      0      0   1512   1410   1645      4      0 
    1    273     65     69     99     41      0      0      0      0   1512   1410   1889      4      0 
    0    230     59     61     97     22      0      0      0      0   1512   1410   1645      4      0 
    1    278     65     69     99     41      0      0      0      0   1512   1410   1889      4      0 
    0    237     60     63     97     22      0      0      0      0   1512   1410   1645      4      0 
    1    277     66     69     99     40      0      0      0      0   1512   1410   1889      4      0 
# gpu    pwr  gtemp  mtemp     sm    mem    enc    dec    jpg    ofa   mclk   pclk     fb   bar1   ccpm 
# Idx      W      C      C      %      %      %      %      %      %    MHz    MHz     MB     MB     MB 
    0    235     59     63     97     22      0      0      0      0   1512   1410   1645      4      0 
    1    278     65     69     99     41      0      0      0      0   1512   1410   1889      4      0 
    0    231     59     61     97     22      0      0      0      0   1512   1410   1645      4      0 
    1    276     65     69     99     40      0      0      0      0   1512   1410   1889      4      0 
    0    225     59     61     97     22      0      0      0      0   1512   1410   1645      4      0 
    1    278     65     69     99     41      0      0      0      0   1512   1410   1889      4      0 
    0    232     59     61     97     22      0      0      0      0   1512   1410   1645      4      0 
    1    267     64     69     99     41      0      0      0      0   1512   1410   1889      4      0 
    0    238     59     61     97     22      0      0      0      0   1512   1410   1645      4      0 
    1    281     65     69     99     40      0      0      0      0   1512   1410   1889      4      0 
    0    237     60     63     97     22      0      0      0      0   1512   1410   1645      4      0 
    1    280     66     71     99     41      0      0      0      0   1512   1410   1889      4      0 
    0    236     59     61     97     22      0      0      0      0   1512   1410   1645      4      0 
    1    281     65     69     99     40      0      0      0      0   1512   1410   1889      4      0 
    0    229     59     61     97     22      0      0      0      0   1512   1410   1645      4      0 
    1    271     65     69     99     41      0      0      0      0   1512   1410   1889      4      0 
    0    234     59     61     97     22      0      0      0      0   1512   1410   1645      4      0 
    1    274     65     69     99     41      0      0      0      0   1512   1410   1889      4      0 
    0    231     59     61     97     22      0      0      0      0   1512   1410   1645      4      0 
    1    273     65     69     99     41      0      0      0      0   1512   1410   1889      4      0 
    0    229     59     61     97     22      0      0      0      0   1512   1410   1645      4      0 
    1    272     65     69     99     41      0      0      0      0   1512   1410   1889      4      0 
    0    233     59     61     97     22      0      0      0      0   1512   1410   1645      4      0 
    1    281     65     69     99     41      0      0      0      0   1512   1410   1889      4      0 
    0    235     59     61     97     22      0      0      0      0   1512   1410   1645      4      0 
    1    270     65     69     99     41      0      0      0      0   1512   1410   1889      4      0 
    0    235     59     61     97     22      0      0      0      0   1512   1410   1645      4      0 
    1    270     64     67     37     15      0      0      0      0   1512   1410   1889      4      0 
    0    230     59     61     97     22      0      0      0      0   1512   1410   1645      4      0 
    1    271     65     69     99     41      0      0      0      0   1512   1410   1889      4      0 
    0    234     60     63     97     22      0      0      0      0   1512   1410   1645      4      0 
    1    270     66     71     99     41      0      0      0      0   1512   1410   1889      4      0 
    0    232     59     63     97     22      0      0      0      0   1512   1410   1645      4      0 
    1    277     66     69     99     40      0      0      0      0   1512   1410   1889      4      0 
    0    233     59     61     97     22      0      0      0      0   1512   1410   1645      4      0 
    1    274     65     69     99     40      0      0      0      0   1512   1410   1889      4      0 
    0    228     59     61     97     22      0      0      0      0   1512   1410   1645      4      0 
    1    275     65     69     99     41      0      0      0      0   1512   1410   1889      4      0 
    0    237     59     61     97     22      0      0      0      0   1512   1410   1645      4      0 
    1    268     65     69     99     41      0      0      0      0   1512   1410   1889      4      0 
    0    235     59     61     97     22      0      0      0      0   1512   1410   1645      4      0 
    1    274     65     69     99     41      0      0      0      0   1512   1410   1889      4      0 
    0    232     59     61     97     22      0      0      0      0   1512   1410   1645      4      0 
    1    275     64     69     99     42      0      0      0      0   1512   1410   1889      4      0 
# gpu    pwr  gtemp  mtemp     sm    mem    enc    dec    jpg    ofa   mclk   pclk     fb   bar1   ccpm 
# Idx      W      C      C      %      %      %      %      %      %    MHz    MHz     MB     MB     MB 
    0    233     59     61     97     22      0      0      0      0   1512   1410   1645      4      0 
    1    280     65     69     99     41      0      0      0      0   1512   1410   1889      4      0 
    0    232     60     63     97     22      0      0      0      0   1512   1410   1645      4      0 
    1    276     66     71     99     40      0      0      0      0   1512   1410   1889      4      0 
    0    232     59     63     97     22      0      0      0      0   1512   1410   1645      4      0 
    1    273     65     71     99     41      0      0      0      0   1512   1410   1889      4      0 
    0    235     59     61     97     22      0      0      0      0   1512   1410   1645      4      0 
    1    273     65     69     99     41      0      0      0      0   1512   1410   1889      4      0 
    0    235     59     61     97     22      0      0      0      0   1512   1410   1645      4      0 
    1    277     65     69     99     40      0      0      0      0   1512   1410   1889      4      0 
    0    235     59     61     97     22      0      0      0      0   1512   1410   1645      4      0 
    1    271     65     69     99     40      0      0      0      0   1512   1410   1889      4      0 
    0    230     59     61     97     22      0      0      0      0   1512   1410   1645      4      0 
    1    267     65     69     99     41      0      0      0      0   1512   1410   1889      4      0 
    0    230     59     61     97     22      0      0      0      0   1512   1410   1645      4      0 
    1    273     64     69     99     41      0      0      0      0   1512   1410   1889      4      0 
    0    233     60     63     97     22      0      0      0      0   1512   1410   1645      4      0 
    1    279     66     69     99     40      0      0      0      0   1512   1410   1889      4      0 
    0    235     60     63     97     22      0      0      0      0   1512   1410   1645      4      0 
    1    274     66     71     99     41      0      0      0      0   1512   1410   1889      4      0 
    0    232     59     63     97     22      0      0      0      0   1512   1410   1645      4      0 
    1    284     65     69     99     41      0      0      0      0   1512   1410   1889      4      0 
    0    234     59     61     97     22      0      0      0      0   1512   1410   1645      4      0 
    1    277     65     69     99     41      0      0      0      0   1512   1410   1889      4      0 
    0    238     59     61     97     22      0      0      0      0   1512   1410   1645      4      0 
    1    271     65     69     99     41      0      0      0      0   1512   1410   1889      4      0 
    0    233     59     61     97     22      0      0      0      0   1512   1410   1645      4      0 
    1    270     65     69     99     41      0      0      0      0   1512   1410   1889      4      0 
    0    227     59     61     97     22      0      0      0      0   1512   1410   1645      4      0 
    1    275     65     69     99     40      0      0      0      0   1512   1410   1889      4      0 
    0    230     59     61     97     22      0      0      0      0   1512   1410   1645      4      0 
    1    281     65     69     99     41      0      0      0      0   1512   1410   1889      4      0 
    0    228     60     63     97     22      0      0      0      0   1512   1410   1645      4      0 
    1    275     66     71     99     41      0      0      0      0   1512   1410   1889      4      0 
    0    238     60     63     97     22      0      0      0      0   1512   1410   1645      4      0 
    1    276     66     71     99     40      0      0      0      0   1512   1410   1889      4      0 
    0    231     59     63     97     22      0      0      0      0   1512   1410   1645      4      0 
    1    279     66     71     99     41      0      0      0      0   1512   1410   1889      4      0 
    0    229     59     61     97     22      0      0      0      0   1512   1410   1645      4      0 
    1    271     65     69     99     40      0      0      0      0   1512   1410   1889      4      0 
    0    230     59     61     97     22      0      0      0      0   1512   1410   1645      4      0 
    1    274     65     69     99     41      0      0      0      0   1512   1410   1889      4      0 
    0    237     59     61     97     22      0      0      0      0   1512   1410   1645      4      0 
    1    270     65     69     99     41      0      0      0      0   1512   1410   1889      4      0 
# gpu    pwr  gtemp  mtemp     sm    mem    enc    dec    jpg    ofa   mclk   pclk     fb   bar1   ccpm 
# Idx      W      C      C      %      %      %      %      %      %    MHz    MHz     MB     MB     MB 
    0    235     59     61     97     22      0      0      0      0   1512   1410   1645      4      0 
    1    275     65     69     99     40      0      0      0      0   1512   1410   1889      4      0 
    0    234     59     61     97     22      0      0      0      0   1512   1410   1645      4      0 
    1    277     65     69     99     41      0      0      0      0   1512   1410   1889      4      0 
    0    236     59     61     97     22      0      0      0      0   1512   1410   1645      4      0 
    1    282     65     69     99     41      0      0      0      0   1512   1410   1889      4      0 
    0    227     59     61     97     22      0      0      0      0   1512   1410   1645      4      0 
    1    278     65     69     99     41      0      0      0      0   1512   1410   1889      4      0 
    0    227     59     61     97     22      0      0      0      0   1512   1410   1645      4      0 
    1    275     65     69     99     41      0      0      0      0   1512   1410   1889      4      0 
    0    234     59     61     97     22      0      0      0      0   1512   1410   1645      4      0 
    1    276     65     69     99     40      0      0      0      0   1512   1410   1889      4      0 
    0    234     59     61     97     22      0      0      0      0   1512   1410   1645      4      0 
    1    272     65     69     99     41      0      0      0      0   1512   1410   1889      4      0 
    0    236     59     61     97     22      0      0      0      0   1512   1410   1645      4      0 
    1    274     65     69     99     40      0      0      0      0   1512   1410   1889      4      0 
    0    228     59     61     97     22      0      0      0      0   1512   1410   1645      4      0 
    1    280     65     69     99     40      0      0      0      0   1512   1410   1889      4      0 
    0    236     59     61     97     22      0      0      0      0   1512   1410   1645      4      0 
    1    274     65     69     99     42      0      0      0      0   1512   1410   1889      4      0 
    0    238     59     61     97     22      0      0      0      0   1512   1410   1645      4      0 
    1    280     65     69     99     41      0      0      0      0   1512   1410   1889      4      0 
    0    231     59     61     97     22      0      0      0      0   1512   1410   1645      4      0 
    1    276     65     69     99     40      0      0      0      0   1512   1410   1889      4      0 
    0    231     59     61     97     22      0      0      0      0   1512   1410   1645      4      0 
    1    268     65     69     99     41      0      0      0      0   1512   1410   1889      4      0 
    0    236     59     61     97     22      0      0      0      0   1512   1410   1645      4      0 
    1    275     65     69     99     41      0      0      0      0   1512   1410   1889      4      0 
    0    233     59     61     97     22      0      0      0      0   1512   1410   1645      4      0 
    1    278     65     69     99     40      0      0      0      0   1512   1410   1889      4      0 
    0    233     59     61     97     22      0      0      0      0   1512   1410   1645      4      0 
    1    277     65     69     99     41      0      0      0      0   1512   1410   1889      4      0 
    0    232     59     61     97     22      0      0      0      0   1512   1410   1645      4      0 
    1    275     65     69     99     41      0      0      0      0   1512   1410   1889      4      0 
    0    236     59     61     97     22      0      0      0      0   1512   1410   1645      4      0 
    1    278     65     69     99     41      0      0      0      0   1512   1410   1889      4      0 
    0    233     59     61     97     22      0      0      0      0   1512   1410   1645      4      0 
    1    280     65     69     99     41      0      0      0      0   1512   1410   1889      4      0 
    0    232     59     61     97     22      0      0      0      0   1512   1410   1645      4      0 
    1    271     64     69     99     41      0      0      0      0   1512   1410   1889      4      0 
    0    235     59     61     97     22      0      0      0      0   1512   1410   1645      4      0 
    1    282     65     69     99     41      0      0      0      0   1512   1410   1889      4      0 
    0    236     59     63     97     22      0      0      0      0   1512   1410   1645      4      0 
    1    274     66     71     99     41      0      0      0      0   1512   1410   1889      4      0 
# gpu    pwr  gtemp  mtemp     sm    mem    enc    dec    jpg    ofa   mclk   pclk     fb   bar1   ccpm 
# Idx      W      C      C      %      %      %      %      %      %    MHz    MHz     MB     MB     MB 
    0    234     59     61     97     22      0      0      0      0   1512   1410   1645      4      0 
    1    271     65     69     99     41      0      0      0      0   1512   1410   1889      4      0 
    0    236     59     61     97     22      0      0      0      0   1512   1410   1645      4      0 
    1    274     65     69     99     40      0      0      0      0   1512   1410   1889      4      0 
    0    234     59     61     97     22      0      0      0      0   1512   1410   1645      4      0 
    1    271     65     69     99     41      0      0      0      0   1512   1410   1889      4      0 
    0    228     59     61     97     22      0      0      0      0   1512   1410   1645      4      0 
    1    272     65     69     99     41      0      0      0      0   1512   1410   1889      4      0 
    0    233     59     61     97     22      0      0      0      0   1512   1410   1645      4      0 
    1    269     65     69     99     41      0      0      0      0   1512   1410   1889      4      0 
    0    232     59     61     97     22      0      0      0      0   1512   1410   1645      4      0 
    1    273     65     69     99     41      0      0      0      0   1512   1410   1889      4      0 
    0    233     59     61     97     22      0      0      0      0   1512   1410   1645      4      0 
    1    267     65     69     99     40      0      0      0      0   1512   1410   1889      4      0 
    0    237     59     61     97     22      0      0      0      0   1512   1410   1645      4      0 
    1    262     65     69     99     40      0      0      0      0   1512   1410   1889      4      0 
    0    233     59     61     97     22      0      0      0      0   1512   1410   1645      4      0 
    1    272     65     69     99     41      0      0      0      0   1512   1410   1889      4      0 
    0    235     59     61     97     22      0      0      0      0   1512   1410   1645      4      0 
    1    283     65     69     99     41      0      0      0      0   1512   1410   1889      4      0 
    0    237     59     61     97     22      0      0      0      0   1512   1410   1645      4      0 
    1    116     62     67     85     35      0      0      0      0   1512   1410   1889      4      0 
    0    236     59     61     97     22      0      0      0      0   1512   1410   1645      4      0 
    1    268     64     69     99     40      0      0      0      0   1512   1410   1889      4      0 
    0    238     60     63     97     22      0      0      0      0   1512   1410   1645      4      0 
    1    276     66     69     99     40      0      0      0      0   1512   1410   1889      4      0 
    0    233     59     63     97     22      0      0      0      0   1512   1410   1645      4      0 
    1    270     65     69     99     41      0      0      0      0   1512   1410   1889      4      0 
    0    235     59     61     97     22      0      0      0      0   1512   1410   1645      4      0 
    1    275     65     69     99     41      0      0      0      0   1512   1410   1889      4      0 
    0    226     59     61     97     22      0      0      0      0   1512   1410   1645      4      0 
    1    273     65     69     99     40      0      0      0      0   1512   1410   1889      4      0 
    0    235     59     61     97     22      0      0      0      0   1512   1410   1645      4      0 
    1    276     65     69     99     41      0      0      0      0   1512   1410   1889      4      0 
    0    227     59     61     97     22      0      0      0      0   1512   1410   1645      4      0 
    1    273     64     69     99     41      0      0      0      0   1512   1410   1889      4      0 
    0    231     59     61     97     22      0      0      0      0   1512   1410   1645      4      0 
    1    275     65     69     99     41      0      0      0      0   1512   1410   1889      4      0 
    0    234     59     61     97     22      0      0      0      0   1512   1410   1645      4      0 
    1    275     65     69     99     40      0      0      0      0   1512   1410   1889      4      0 
    0    232     59     61     97     22      0      0      0      0   1512   1410   1645      4      0 
    1    279     65     69     99     40      0      0      0      0   1512   1410   1889      4      0 
    0    237     59     61     97     22      0      0      0      0   1512   1410   1645      4      0 
    1    282     65     69     99     41      0      0      0      0   1512   1410   1889      4      0 
# gpu    pwr  gtemp  mtemp     sm    mem    enc    dec    jpg    ofa   mclk   pclk     fb   bar1   ccpm 
# Idx      W      C      C      %      %      %      %      %      %    MHz    MHz     MB     MB     MB 
    0    235     59     61     97     22      0      0      0      0   1512   1410   1645      4      0 
    1    276     65     69     99     41      0      0      0      0   1512   1410   1889      4      0 
    0    232     59     61     97     22      0      0      0      0   1512   1410   1645      4      0 
    1    275     65     69     99     41      0      0      0      0   1512   1410   1889      4      0 
    0    233     59     61     97     22      0      0      0      0   1512   1410   1645      4      0 
    1    276     65     69     99     41      0      0      0      0   1512   1410   1889      4      0 
    0    232     59     61     97     22      0      0      0      0   1512   1410   1645      4      0 
    1    271     65     69     99     40      0      0      0      0   1512   1410   1889      4      0 
    0    229     59     61     97     22      0      0      0      0   1512   1410   1645      4      0 
    1    273     64     69     99     41      0      0      0      0   1512   1410   1889      4      0 
    0    231     59     61     97     22      0      0      0      0   1512   1410   1645      4      0 
    1    278     65     69     99     41      0      0      0      0   1512   1410   1889      4      0 
    0    236     59     61     97     22      0      0      0      0   1512   1410   1645      4      0 
    1    279     64     69     99     41      0      0      0      0   1512   1410   1889      4      0 
    0    233     59     61     97     22      0      0      0      0   1512   1410   1645      4      0 
    1    269     64     69     99     40      0      0      0      0   1512   1410   1889      4      0 
    0    233     59     61     97     22      0      0      0      0   1512   1410   1645      4      0 
    1    272     65     69     99     40      0      0      0      0   1512   1410   1889      4      0 
    0    234     59     61     97     22      0      0      0      0   1512   1410   1645      4      0 
    1    272     65     69     99     41      0      0      0      0   1512   1410   1889      4      0 
    0    237     59     61     97     22      0      0      0      0   1512   1410   1645      4      0 
    1    267     65     69     99     41      0      0      0      0   1512   1410   1889      4      0 
    0    231     59     61     97     22      0      0      0      0   1512   1410   1645      4      0 
    1    274     65     69     99     41      0      0      0      0   1512   1410   1889      4      0 
    0    231     59     61     97     22      0      0      0      0   1512   1410   1645      4      0 
    1    278     65     69     99     41      0      0      0      0   1512   1410   1889      4      0 
    0    238     59     61     97     22      0      0      0      0   1512   1410   1645      4      0 
    1    273     65     69     99     40      0      0      0      0   1512   1410   1889      4      0 
    0    235     59     61     97     22      0      0      0      0   1512   1410   1645      4      0 
    1    272     65     69     99     41      0      0      0      0   1512   1410   1889      4      0 
    0    234     59     61     97     22      0      0      0      0   1512   1410   1645      4      0 
    1    270     65     69     99     41      0      0      0      0   1512   1410   1889      4      0 
    0    234     59     61     97     22      0      0      0      0   1512   1410   1645      4      0 
    1    277     64     69     99     41      0      0      0      0   1512   1410   1889      4      0 
    0    234     59     61     97     22      0      0      0      0   1512   1410   1645      4      0 
    1    273     64     69     99     41      0      0      0      0   1512   1410   1889      4      0 
    0    236     59     61     97     22      0      0      0      0   1512   1410   1645      4      0 
    1    272     65     69     99     40      0      0      0      0   1512   1410   1889      4      0 
    0    234     59     61     97     22      0      0      0      0   1512   1410   1645      4      0 
    1    272     65     69     99     41      0      0      0      0   1512   1410   1889      4      0 
    0    234     59     61     97     22      0      0      0      0   1512   1410   1645      4      0 
    1    277     65     69     99     40      0      0      0      0   1512   1410   1889      4      0 
    0    233     59     61     97     22      0      0      0      0   1512   1410   1645      4      0 
    1    275     65     69     99     41      0      0      0      0   1512   1410   1889      4      0 
# gpu    pwr  gtemp  mtemp     sm    mem    enc    dec    jpg    ofa   mclk   pclk     fb   bar1   ccpm 
# Idx      W      C      C      %      %      %      %      %      %    MHz    MHz     MB     MB     MB 
    0    235     59     61     97     22      0      0      0      0   1512   1410   1645      4      0 
    1    273     65     69     99     41      0      0      0      0   1512   1410   1889      4      0 
    0    225     59     61     97     22      0      0      0      0   1512   1410   1645      4      0 
    1    275     65     69     99     41      0      0      0      0   1512   1410   1889      4      0 
    0    237     59     61     97     22      0      0      0      0   1512   1410   1645      4      0 
    1    273     65     69     99     41      0      0      0      0   1512   1410   1889      4      0 
    0    225     59     61     97     22      0      0      0      0   1512   1410   1645      4      0 
    1    276     65     69     99     41      0      0      0      0   1512   1410   1889      4      0 
    0    234     59     61     97     22      0      0      0      0   1512   1410   1645      4      0 
    1    273     65     69     99     41      0      0      0      0   1512   1410   1889      4      0 
    0    237     59     61     97     22      0      0      0      0   1512   1410   1645      4      0 
    1    276     65     69     99     41      0      0      0      0   1512   1410   1889      4      0 
    0    236     60     63     97     22      0      0      0      0   1512   1410   1645      4      0 
    1    270     66     69     99     41      0      0      0      0   1512   1410   1889      4      0 
    0    228     59     63     97     22      0      0      0      0   1512   1410   1645      4      0 
    1    272     65     71     99     41      0      0      0      0   1512   1410   1889      4      0 
    0    235     59     61     97     22      0      0      0      0   1512   1410   1645      4      0 
    1    272     65     69     99     40      0      0      0      0   1512   1410   1889      4      0 
    0    234     59     61     97     22      0      0      0      0   1512   1410   1645      4      0 
    1    281     65     69     99     41      0      0      0      0   1512   1410   1889      4      0 
    0    234     59     61     97     22      0      0      0      0   1512   1410   1645      4      0 
    1    271     65     69     99     40      0      0      0      0   1512   1410   1889      4      0 
    0    231     59     61     97     22      0      0      0      0   1512   1410   1645      4      0 
    1    271     65     69     99     41      0      0      0      0   1512   1410   1889      4      0 
    0    231     59     61     97     22      0      0      0      0   1512   1410   1645      4      0 
    1    270     64     69     99     40      0      0      0      0   1512   1410   1889      4      0 
    0    231     59     61     97     22      0      0      0      0   1512   1410   1645      4      0 
    1    280     65     69     99     41      0      0      0      0   1512   1410   1889      4      0 
    0    231     59     61     97     22      0      0      0      0   1512   1410   1645      4      0 
    1    277     65     69     99     41      0      0      0      0   1512   1410   1889      4      0 
    0    233     59     61     97     22      0      0      0      0   1512   1410   1645      4      0 
    1    279     65     69     99     41      0      0      0      0   1512   1410   1889      4      0 
    0    232     59     61     97     22      0      0      0      0   1512   1410   1645      4      0 
    1    269     64     69     99     41      0      0      0      0   1512   1410   1889      4      0 
    0    227     59     61     97     22      0      0      0      0   1512   1410   1645      4      0 
    1    276     64     69     99     41      0      0      0      0   1512   1410   1889      4      0 
    0    230     59     61     97     22      0      0      0      0   1512   1410   1645      4      0 
    1    273     65     69     99     40      0      0      0      0   1512   1410   1889      4      0 
    0    232     60     63     97     22      0      0      0      0   1512   1410   1645      4      0 
    1    276     66     71     99     41      0      0      0      0   1512   1410   1889      4      0 
    0    233     59     61     97     22      0      0      0      0   1512   1410   1645      4      0 
    1    271     65     69     99     41      0      0      0      0   1512   1410   1889      4      0 
    0    231     59     61     97     22      0      0      0      0   1512   1410   1645      4      0 
    1    277     65     69     99     41      0      0      0      0   1512   1410   1889      4      0 
# gpu    pwr  gtemp  mtemp     sm    mem    enc    dec    jpg    ofa   mclk   pclk     fb   bar1   ccpm 
# Idx      W      C      C      %      %      %      %      %      %    MHz    MHz     MB     MB     MB 
    0    230     59     61     97     22      0      0      0      0   1512   1410   1645      4      0 
    1    282     65     69     99     41      0      0      0      0   1512   1410   1889      4      0 
    0    235     59     61     97     22      0      0      0      0   1512   1410   1645      4      0 
    1    279     65     69     99     40      0      0      0      0   1512   1410   1889      4      0 
    0    236     59     61     97     22      0      0      0      0   1512   1410   1645      4      0 
    1    271     65     69     99     40      0      0      0      0   1512   1410   1889      4      0 
    0    235     59     61     97     22      0      0      0      0   1512   1410   1645      4      0 
    1    275     64     69     99     41      0      0      0      0   1512   1410   1889      4      0 
    0    231     59     61     97     22      0      0      0      0   1512   1410   1645      4      0 
    1    273     65     69     99     40      0      0      0      0   1512   1410   1889      4      0 
    0    233     60     63     97     22      0      0      0      0   1512   1410   1645      4      0 
    1    279     66     71     99     41      0      0      0      0   1512   1410   1889      4      0 
    0    235     59     63     97     22      0      0      0      0   1512   1410   1645      4      0 
    1    273     65     69     99     41      0      0      0      0   1512   1410   1889      4      0 
    0    234     59     63     97     22      0      0      0      0   1512   1410   1645      4      0 
    1    272     65     69     99     41      0      0      0      0   1512   1410   1889      4      0 
    0    238     59     61     97     22      0      0      0      0   1512   1410   1645      4      0 
    1    273     65     69     99     41      0      0      0      0   1512   1410   1889      4      0 
    0    234     59     61     97     22      0      0      0      0   1512   1410   1645      4      0 
    1    271     65     69     99     41      0      0      0      0   1512   1410   1889      4      0 
    0    235     59     61     97     22      0      0      0      0   1512   1410   1645      4      0 
    1    278     65     69     99     41      0      0      0      0   1512   1410   1889      4      0 
    0    237     59     61     97     22      0      0      0      0   1512   1410   1645      4      0 
    1    280     65     69     99     41      0      0      0      0   1512   1410   1889      4      0 
    0    237     59     63     97     22      0      0      0      0   1512   1410   1645      4      0 
    1    271     65     69     99     40      0      0      0      0   1512   1410   1889      4      0 
    0    237     59     61     97     22      0      0      0      0   1512   1410   1645      4      0 
    1    275     65     69     99     40      0      0      0      0   1512   1410   1889      4      0 
    0    234     59     61     97     22      0      0      0      0   1512   1410   1645      4      0 
    1    275     65     69     99     41      0      0      0      0   1512   1410   1889      4      0 
    0    228     59     61     97     22      0      0      0      0   1512   1410   1645      4      0 
    1    278     65     69     99     41      0      0      0      0   1512   1410   1889      4      0 
    0    234     59     61     97     22      0      0      0      0   1512   1410   1645      4      0 
    1    275     65     69     99     41      0      0      0      0   1512   1410   1889      4      0 
    0    230     59     61     97     22      0      0      0      0   1512   1410   1645      4      0 
    1    271     65     69     99     40      0      0      0      0   1512   1410   1889      4      0 
    0    231     59     61     97     22      0      0      0      0   1512   1410   1645      4      0 
    1    263     64     69     99     40      0      0      0      0   1512   1410   1889      4      0 
    0    232     59     61     97     22      0      0      0      0   1512   1410   1645      4      0 
    1    280     64     69     99     41      0      0      0      0   1512   1410   1889      4      0 
    0    233     59     61     97     22      0      0      0      0   1512   1410   1645      4      0 
    1    280     65     69     99     41      0      0      0      0   1512   1410   1889      4      0 
    0    229     60     63     97     22      0      0      0      0   1512   1410   1645      4      0 
    1    282     66     71     99     41      0      0      0      0   1512   1410   1889      4      0 
# gpu    pwr  gtemp  mtemp     sm    mem    enc    dec    jpg    ofa   mclk   pclk     fb   bar1   ccpm 
# Idx      W      C      C      %      %      %      %      %      %    MHz    MHz     MB     MB     MB 
    0    234     59     61     97     22      0      0      0      0   1512   1410   1645      4      0 
    1    269     65     69     99     41      0      0      0      0   1512   1410   1889      4      0 
    0    233     59     61     97     22      0      0      0      0   1512   1410   1645      4      0 
    1     87     62     67      4      2      0      0      0      0   1512   1410   1889      4      0 
    0    237     59     61     97     22      0      0      0      0   1512   1410   1645      4      0 
    1    277     65     69     99     41      0      0      0      0   1512   1410   1889      4      0 
    0    230     59     61     97     22      0      0      0      0   1512   1410   1645      4      0 
    1    273     65     69     99     42      0      0      0      0   1512   1410   1889      4      0 
    0    226     59     61     97     22      0      0      0      0   1512   1410   1645      4      0 
    1    275     65     69     99     40      0      0      0      0   1512   1410   1889      4      0 
    0    236     59     61     97     22      0      0      0      0   1512   1410   1645      4      0 
    1    268     65     69     99     40      0      0      0      0   1512   1410   1889      4      0 
    0    231     59     61     97     22      0      0      0      0   1512   1410   1645      4      0 
    1    267     65     69     99     41      0      0      0      0   1512   1410   1889      4      0 
    0    235     59     61     97     22      0      0      0      0   1512   1410   1645      4      0 
    1    279     65     69     99     40      0      0      0      0   1512   1410   1889      4      0 
    0    226     59     61     97     22      0      0      0      0   1512   1410   1645      4      0 
    1    280     65     69     99     41      0      0      0      0   1512   1410   1889      4      0 
    0    231     59     61     97     22      0      0      0      0   1512   1410   1645      4      0 
    1    113     62     69     99     41      0      0      0      0   1512   1410   1889      4      0 
    0    230     59     61     97     22      0      0      0      0   1512   1410   1645      4      0 
    1    269     65     69     99     41      0      0      0      0   1512   1410   1889      4      0 
    0    232     59     61     97     22      0      0      0      0   1512   1410   1645      4      0 
    1    275     65     69     99     40      0      0      0      0   1512   1410   1889      4      0 
    0    232     59     61     97     22      0      0      0      0   1512   1410   1645      4      0 
    1    274     65     69     99     41      0      0      0      0   1512   1410   1889      4      0 
    0    231     59     61     97     22      0      0      0      0   1512   1410   1645      4      0 
    1    268     65     69     99     40      0      0      0      0   1512   1410   1889      4      0 
    0    234     60     63     97     22      0      0      0      0   1512   1410   1645      4      0 
    1    277     66     69     99     41      0      0      0      0   1512   1410   1889      4      0 
    0    235     59     63     97     22      0      0      0      0   1512   1410   1645      4      0 
    1    271     66     69     99     40      0      0      0      0   1512   1410   1889      4      0 
    0    225     59     61     97     22      0      0      0      0   1512   1410   1645      4      0 
    1    280     65     69     99     41      0      0      0      0   1512   1410   1889      4      0 
    0    232     59     61     97     22      0      0      0      0   1512   1410   1645      4      0 
    1    274     65     69     99     41      0      0      0      0   1512   1410   1889      4      0 
    0    233     59     61     97     22      0      0      0      0   1512   1410   1645      4      0 
    1    276     65     69     99     41      0      0      0      0   1512   1410   1889      4      0 
    0    234     59     61     97     22      0      0      0      0   1512   1410   1645      4      0 
    1    273     65     69     99     41      0      0      0      0   1512   1410   1889      4      0 
    0    234     59     61     97     22      0      0      0      0   1512   1410   1645      4      0 
    1    272     64     69     99     41      0      0      0      0   1512   1410   1889      4      0 
    0    226     59     61     97     22      0      0      0      0   1512   1410   1645      4      0 
    1    270     65     69     99     41      0      0      0      0   1512   1410   1889      4      0 
# gpu    pwr  gtemp  mtemp     sm    mem    enc    dec    jpg    ofa   mclk   pclk     fb   bar1   ccpm 
# Idx      W      C      C      %      %      %      %      %      %    MHz    MHz     MB     MB     MB 
    0    231     59     61     97     22      0      0      0      0   1512   1410   1645      4      0 
    1    271     65     69     99     41      0      0      0      0   1512   1410   1889      4      0 
    0    231     59     63     97     22      0      0      0      0   1512   1410   1645      4      0 
    1    282     66     69     99     41      0      0      0      0   1512   1410   1889      4      0 
    0    237     59     61     97     22      0      0      0      0   1512   1410   1645      4      0 
    1    277     65     69     99     41      0      0      0      0   1512   1410   1889      4      0 
    0    234     59     61     97     22      0      0      0      0   1512   1410   1645      4      0 
    1    279     65     69     99     41      0      0      0      0   1512   1410   1889      4      0 
    0    232     59     61     97     22      0      0      0      0   1512   1410   1645      4      0 
    1    281     65     69     99     40      0      0      0      0   1512   1410   1889      4      0 
    0    231     59     61     97     22      0      0      0      0   1512   1410   1645      4      0 
    1    269     65     69     99     41      0      0      0      0   1512   1410   1889      4      0 
    0    232     59     61     97     22      0      0      0      0   1512   1410   1645      4      0 
    1    271     64     69     99     41      0      0      0      0   1512   1410   1889      4      0 
    0    233     59     61     97     22      0      0      0      0   1512   1410   1645      4      0 
    1    275     65     69     99     41      0      0      0      0   1512   1410   1889      4      0 
    0    234     60     63     97     22      0      0      0      0   1512   1410   1645      4      0 
    1    269     66     71     99     41      0      0      0      0   1512   1410   1889      4      0 
    0    228     59     63     97     22      0      0      0      0   1512   1410   1645      4      0 
    1    273     65     69     99     41      0      0      0      0   1512   1410   1889      4      0 
    0    232     59     61     97     22      0      0      0      0   1512   1410   1645      4      0 
    1    273     65     69     99     40      0      0      0      0   1512   1410   1889      4      0 
    0    232     59     61     97     22      0      0      0      0   1512   1410   1645      4      0 
    1    274     65     69     99     41      0      0      0      0   1512   1410   1889      4      0 
    0    233     59     61     97     22      0      0      0      0   1512   1410   1645      4      0 
    1    273     65     69     99     40      0      0      0      0   1512   1410   1889      4      0 
    0    230     59     61     97     22      0      0      0      0   1512   1410   1645      4      0 
    1    271     65     69     99     42      0      0      0      0   1512   1410   1889      4      0 
    0    227     59     61     97     22      0      0      0      0   1512   1410   1645      4      0 
    1    275     65     69     99     40      0      0      0      0   1512   1410   1889      4      0 
    0    231     59     61     97     22      0      0      0      0   1512   1410   1645      4      0 
    1    275     65     69     99     40      0      0      0      0   1512   1410   1889      4      0 
    0    237     60     63     97     22      0      0      0      0   1512   1410   1645      4      0 
    1    278     66     71     99     40      0      0      0      0   1512   1410   1889      4      0 
    0    233     59     63     97     22      0      0      0      0   1512   1410   1645      4      0 
    1    282     66     71     99     41      0      0      0      0   1512   1410   1889      4      0 
    0    237     59     61     97     22      0      0      0      0   1512   1410   1645      4      0 
    1    271     65     69     99     41      0      0      0      0   1512   1410   1889      4      0 
    0    234     59     61     97     22      0      0      0      0   1512   1410   1645      4      0 
    1    275     65     69     99     41      0      0      0      0   1512   1410   1889      4      0 
    0    236     59     61     97     22      0      0      0      0   1512   1410   1645      4      0 
    1    275     65     69     99     40      0      0      0      0   1512   1410   1889      4      0 
    0    236     59     61     97     22      0      0      0      0   1512   1410   1645      4      0 
    1    271     65     69     99     41      0      0      0      0   1512   1410   1889      4      0 
# gpu    pwr  gtemp  mtemp     sm    mem    enc    dec    jpg    ofa   mclk   pclk     fb   bar1   ccpm 
# Idx      W      C      C      %      %      %      %      %      %    MHz    MHz     MB     MB     MB 
    0    236     59     61     97     22      0      0      0      0   1512   1410   1645      4      0 
    1    276     64     69     99     41      0      0      0      0   1512   1410   1889      4      0 
    0    235     59     61     97     22      0      0      0      0   1512   1410   1645      4      0 
    1    274     65     69     99     40      0      0      0      0   1512   1410   1889      4      0 
    0    225     60     63     97     22      0      0      0      0   1512   1410   1645      4      0 
    1    278     66     69     99     41      0      0      0      0   1512   1410   1889      4      0 
    0    235     60     63     97     22      0      0      0      0   1512   1410   1645      4      0 
    1    273     66     71     99     41      0      0      0      0   1512   1410   1889      4      0 
    0    229     59     63     97     22      0      0      0      0   1512   1410   1645      4      0 
    1    270     65     69     99     41      0      0      0      0   1512   1410   1889      4      0 
    0    234     59     61     97     22      0      0      0      0   1512   1410   1645      4      0 
    1    277     65     69     99     40      0      0      0      0   1512   1410   1889      4      0 
    0    227     59     61     97     22      0      0      0      0   1512   1410   1645      4      0 
    1    276     65     69     99     40      0      0      0      0   1512   1410   1889      4      0 
    0    230     59     61     97     22      0      0      0      0   1512   1410   1645      4      0 
    1    277     65     69     99     42      0      0      0      0   1512   1410   1889      4      0 
    0    235     59     61     97     22      0      0      0      0   1512   1410   1645      4      0 
    1    281     65     69     99     41      0      0      0      0   1512   1410   1889      4      0 
    0    234     59     61     97     22      0      0      0      0   1512   1410   1645      4      0 
    1    273     64     69     99     40      0      0      0      0   1512   1410   1889      4      0 
    0    230     59     63     97     22      0      0      0      0   1512   1410   1645      4      0 
    1    275     65     69     99     41      0      0      0      0   1512   1410   1889      4      0 
    0    232     59     63     97     22      0      0      0      0   1512   1410   1645      4      0 
    1    282     65     69     99     41      0      0      0      0   1512   1410   1889      4      0 
    0    233     59     61     97     22      0      0      0      0   1512   1410   1645      4      0 
    1    272     65     69     99     41      0      0      0      0   1512   1410   1889      4      0 
    0    233     59     61     97     22      0      0      0      0   1512   1410   1645      4      0 
    1    278     65     69     99     41      0      0      0      0   1512   1410   1889      4      0 
    0    231     59     61     97     22      0      0      0      0   1512   1410   1645      4      0 
    1    268     65     69     99     40      0      0      0      0   1512   1410   1889      4      0 
    0    233     59     61     97     22      0      0      0      0   1512   1410   1645      4      0 
    1    271     65     69     99     41      0      0      0      0   1512   1410   1889      4      0 
    0    234     59     61     97     22      0      0      0      0   1512   1410   1645      4      0 
    1    272     64     69     99     40      0      0      0      0   1512   1410   1889      4      0 
    0    231     59     61     97     22      0      0      0      0   1512   1410   1645      4      0 
    1    274     65     69     99     41      0      0      0      0   1512   1410   1889      4      0 
    0    234     60     63     97     22      0      0      0      0   1512   1410   1645      4      0 
    1    279     66     71     99     41      0      0      0      0   1512   1410   1889      4      0 
    0    236     59     63     97     22      0      0      0      0   1512   1410   1645      4      0 
    1    280     66     71     99     40      0      0      0      0   1512   1410   1889      4      0 
    0    235     59     63     97     22      0      0      0      0   1512   1410   1645      4      0 
    1    276     65     69     99     41      0      0      0      0   1512   1410   1889      4      0 
    0    231     59     61     97     22      0      0      0      0   1512   1410   1645      4      0 
    1    270     65     69     99     41      0      0      0      0   1512   1410   1889      4      0 
# gpu    pwr  gtemp  mtemp     sm    mem    enc    dec    jpg    ofa   mclk   pclk     fb   bar1   ccpm 
# Idx      W      C      C      %      %      %      %      %      %    MHz    MHz     MB     MB     MB 
    0    236     59     61     97     22      0      0      0      0   1512   1410   1645      4      0 
    1    274     65     69     99     41      0      0      0      0   1512   1410   1889      4      0 
    0    236     59     61     97     22      0      0      0      0   1512   1410   1645      4      0 
    1    271     65     69     99     41      0      0      0      0   1512   1410   1889      4      0 
    0    230     59     61     97     22      0      0      0      0   1512   1410   1645      4      0 
    1    282     64     69     99     40      0      0      0      0   1512   1410   1889      4      0 
    0    230     59     61     97     22      0      0      0      0   1512   1410   1645      4      0 
    1    279     64     69     99     40      0      0      0      0   1512   1410   1889      4      0 
    0    234     59     61     97     22      0      0      0      0   1512   1410   1645      4      0 
    1    277     65     69     99     40      0      0      0      0   1512   1410   1889      4      0 
    0    227     60     63     97     22      0      0      0      0   1512   1410   1645      4      0 
    1    275     66     71     99     41      0      0      0      0   1512   1410   1889      4      0 
    0    223     59     63     97     22      0      0      0      0   1512   1410   1645      4      0 
    1    276     66     69     99     41      0      0      0      0   1512   1410   1889      4      0 
    0    232     59     61     97     22      0      0      0      0   1512   1410   1645      4      0 
    1    263     65     69     99     41      0      0      0      0   1512   1410   1889      4      0 
    0    237     59     61     97     22      0      0      0      0   1512   1410   1645      4      0 
    1    273     65     69     99     41      0      0      0      0   1512   1410   1889      4      0 
    0    228     59     61     97     22      0      0      0      0   1512   1410   1645      4      0 
    1    273     65     69     99     41      0      0      0      0   1512   1410   1889      4      0 
    0    237     59     61     97     22      0      0      0      0   1512   1410   1645      4      0 
    1    278     65     69     99     41      0      0      0      0   1512   1410   1889      4      0 
    0    229     59     61     97     22      0      0      0      0   1512   1410   1645      4      0 
    1    270     65     69     99     40      0      0      0      0   1512   1410   1889      4      0 
    0    231     59     61     97     22      0      0      0      0   1512   1410   1645      4      0 
    1    279     65     69     99     41      0      0      0      0   1512   1410   1889      4      0 
    0    232     59     61     97     22      0      0      0      0   1512   1410   1645      4      0 
    1    280     65     69     99     40      0      0      0      0   1512   1410   1889      4      0 
    0    230     59     61     97     22      0      0      0      0   1512   1410   1645      4      0 
    1     85     61     65      8      3      0      0      0      0   1512   1410   1889      4      0 
    0    235     59     61     97     22      0      0      0      0   1512   1410   1645      4      0 
    1    272     64     69     99     41      0      0      0      0   1512   1410   1889      4      0 
    0    235     60     63     97     22      0      0      0      0   1512   1410   1645      4      0 
    1    275     66     69     99     41      0      0      0      0   1512   1410   1889      4      0 
    0    235     59     63     97     22      0      0      0      0   1512   1410   1645      4      0 
    1    269     66     69     99     40      0      0      0      0   1512   1410   1889      4      0 
    0    234     59     61     97     22      0      0      0      0   1512   1410   1645      4      0 
    1    270     65     69     99     40      0      0      0      0   1512   1410   1889      4      0 
    0    235     59     61     97     22      0      0      0      0   1512   1410   1645      4      0 
    1    270     65     69     99     41      0      0      0      0   1512   1410   1889      4      0 
    0    234     59     61     97     22      0      0      0      0   1512   1410   1645      4      0 
    1    279     65     69     99     41      0      0      0      0   1512   1410   1889      4      0 
    0    236     59     61     97     22      0      0      0      0   1512   1410   1645      4      0 
    1    275     65     69     99     41      0      0      0      0   1512   1410   1889      4      0 
# gpu    pwr  gtemp  mtemp     sm    mem    enc    dec    jpg    ofa   mclk   pclk     fb   bar1   ccpm 
# Idx      W      C      C      %      %      %      %      %      %    MHz    MHz     MB     MB     MB 
    0    231     59     61     97     22      0      0      0      0   1512   1410   1645      4      0 
    1    269     64     67     27     11      0      0      0      0   1512   1410   1889      4      0 
    0    230     59     61     97     22      0      0      0      0   1512   1410   1645      4      0 
    1    267     64     69     99     41      0      0      0      0   1512   1410   1889      4      0 
    0    232     59     61     97     22      0      0      0      0   1512   1410   1645      4      0 
    1    281     65     69     99     41      0      0      0      0   1512   1410   1889      4      0 
    0    230     59     61     97     22      0      0      0      0   1512   1410   1645      4      0 
    1    275     65     69     99     41      0      0      0      0   1512   1410   1889      4      0 
    0    233     59     61     97     22      0      0      0      0   1512   1410   1645      4      0 
    1    277     65     69     99     41      0      0      0      0   1512   1410   1889      4      0 
    0    236     59     61     97     22      0      0      0      0   1512   1410   1645      4      0 
    1    277     65     69     99     41      0      0      0      0   1512   1410   1889      4      0 
    0    233     59     61     97     22      0      0      0      0   1512   1410   1645      4      0 
    1    278     65     69     99     41      0      0      0      0   1512   1410   1889      4      0 
    0    236     59     61     97     22      0      0      0      0   1512   1410   1645      4      0 
    1    269     65     69     99     41      0      0      0      0   1512   1410   1889      4      0 
    0    232     59     61     97     22      0      0      0      0   1512   1410   1645      4      0 
    1    280     64     69     99     41      0      0      0      0   1512   1410   1889      4      0 
    0    228     59     61     97     22      0      0      0      0   1512   1410   1645      4      0 
    1    273     65     69     99     41      0      0      0      0   1512   1410   1889      4      0 
    0    233     60     63     97     22      0      0      0      0   1512   1410   1645      4      0 
    1    278     66     69     99     40      0      0      0      0   1512   1410   1889      4      0 
    0    233     60     63     97     22      0      0      0      0   1512   1410   1645      4      0 
    1    272     66     69     99     40      0      0      0      0   1512   1410   1889      4      0 
    0    230     59     61     97     22      0      0      0      0   1512   1410   1645      4      0 
    1    275     65     69     99     41      0      0      0      0   1512   1410   1889      4      0 
    0    232     59     61     97     22      0      0      0      0   1512   1410   1645      4      0 
    1    271     65     69     99     41      0      0      0      0   1512   1410   1889      4      0 
    0    231     59     61     97     22      0      0      0      0   1512   1410   1645      4      0 
    1    278     65     69     99     41      0      0      0      0   1512   1410   1889      4      0 
    0    234     59     61     97     22      0      0      0      0   1512   1410   1645      4      0 
    1    268     65     69     99     41      0      0      0      0   1512   1410   1889      4      0 
    0    235     59     61     97     22      0      0      0      0   1512   1410   1645      4      0 
    1    278     64     69     99     41      0      0      0      0   1512   1410   1889      4      0 
    0    235     59     63     97     22      0      0      0      0   1512   1410   1645      4      0 
    1    269     66     69     99     41      0      0      0      0   1512   1410   1889      4      0 
    0    233     59     63     97     22      0      0      0      0   1512   1410   1645      4      0 
    1    276     66     71     99     41      0      0      0      0   1512   1410   1889      4      0 
    0    234     59     61     97     22      0      0      0      0   1512   1410   1645      4      0 
    1    280     65     69     99     41      0      0      0      0   1512   1410   1889      4      0 
    0    237     59     61     97     22      0      0      0      0   1512   1410   1645      4      0 
    1    276     65     69     99     41      0      0      0      0   1512   1410   1889      4      0 
    0    233     59     61     97     22      0      0      0      0   1512   1410   1645      4      0 
    1    279     65     69     99     41      0      0      0      0   1512   1410   1889      4      0 
# gpu    pwr  gtemp  mtemp     sm    mem    enc    dec    jpg    ofa   mclk   pclk     fb   bar1   ccpm 
# Idx      W      C      C      %      %      %      %      %      %    MHz    MHz     MB     MB     MB 
    0    232     59     61     97     22      0      0      0      0   1512   1410   1645      4      0 
    1    276     65     69     99     41      0      0      0      0   1512   1410   1889      4      0 
    0    229     59     61     97     22      0      0      0      0   1512   1410   1645      4      0 
    1    271     65     69     99     40      0      0      0      0   1512   1410   1889      4      0 
    0    231     59     61     97     22      0      0      0      0   1512   1410   1645      4      0 
    1    271     64     69     99     41      0      0      0      0   1512   1410   1889      4      0 
    0    234     59     63     97     22      0      0      0      0   1512   1410   1645      4      0 
    1    275     65     69     99     40      0      0      0      0   1512   1410   1889      4      0 
    0    231     59     61     97     22      0      0      0      0   1512   1410   1645      4      0 
    1    272     65     69     99     41      0      0      0      0   1512   1410   1889      4      0 
    0    238     59     61     97     22      0      0      0      0   1512   1410   1645      4      0 
    1    279     65     69     99     41      0      0      0      0   1512   1410   1889      4      0 
    0    231     59     61     97     22      0      0      0      0   1512   1410   1645      4      0 
    1    281     65     69     99     40      0      0      0      0   1512   1410   1889      4      0 
    0    234     59     61     97     22      0      0      0      0   1512   1410   1645      4      0 
    1    271     65     69     99     41      0      0      0      0   1512   1410   1889      4      0 
    0    236     59     61     97     22      0      0      0      0   1512   1410   1645      4      0 
    1    273     64     69     99     41      0      0      0      0   1512   1410   1889      4      0 
    0    234     59     61     97     22      0      0      0      0   1512   1410   1645      4      0 
    1    279     65     69     99     41      0      0      0      0   1512   1410   1889      4      0 
    0    234     59     61     97     22      0      0      0      0   1512   1410   1645      4      0 
    1    272     65     69     99     41      0      0      0      0   1512   1410   1889      4      0 
    0    225     59     61     97     22      0      0      0      0   1512   1410   1645      4      0 
    1    278     65     69     99     40      0      0      0      0   1512   1410   1889      4      0 
    0    230     59     61     97     22      0      0      0      0   1512   1410   1645      4      0 
    1    275     65     69     99     41      0      0      0      0   1512   1410   1889      4      0 
    0    235     59     61     97     22      0      0      0      0   1512   1410   1645      4      0 
    1    279     65     69     99     41      0      0      0      0   1512   1410   1889      4      0 
    0    232     59     63     97     22      0      0      0      0   1512   1410   1645      4      0 
    1    273     66     69     99     41      0      0      0      0   1512   1410   1889      4      0 
    0    232     59     63     97     22      0      0      0      0   1512   1410   1645      4      0 
    1    277     65     69     99     41      0      0      0      0   1512   1410   1889      4      0 
    0    234     59     61     97     22      0      0      0      0   1512   1410   1645      4      0 
    1    278     65     69     99     40      0      0      0      0   1512   1410   1889      4      0 
    0    235     59     61     97     22      0      0      0      0   1512   1410   1645      4      0 
    1    275     65     69     99     41      0      0      0      0   1512   1410   1889      4      0 
    0    231     59     61     97     22      0      0      0      0   1512   1410   1645      4      0 
    1    268     65     69     99     41      0      0      0      0   1512   1410   1889      4      0 
    0    236     59     61     97     22      0      0      0      0   1512   1410   1645      4      0 
    1    278     65     69     99     40      0      0      0      0   1512   1410   1889      4      0 
    0    234     59     61     97     22      0      0      0      0   1512   1410   1645      4      0 
    1    271     65     69     99     41      0      0      0      0   1512   1410   1889      4      0 
    0    231     59     61     97     22      0      0      0      0   1512   1410   1645      4      0 
    1    275     65     69     99     41      0      0      0      0   1512   1410   1889      4      0 
# gpu    pwr  gtemp  mtemp     sm    mem    enc    dec    jpg    ofa   mclk   pclk     fb   bar1   ccpm 
# Idx      W      C      C      %      %      %      %      %      %    MHz    MHz     MB     MB     MB 
    0    232     59     61     97     22      0      0      0      0   1512   1410   1645      4      0 
    1    278     65     69     99     41      0      0      0      0   1512   1410   1889      4      0 
    0    234     59     61     97     22      0      0      0      0   1512   1410   1645      4      0 
    1    269     65     69     99     41      0      0      0      0   1512   1410   1889      4      0 
    0    236     59     61     97     22      0      0      0      0   1512   1410   1645      4      0 
    1    276     65     69     99     41      0      0      0      0   1512   1410   1889      4      0 
    0    234     59     61     97     22      0      0      0      0   1512   1410   1645      4      0 
    1    273     64     69     99     41      0      0      0      0   1512   1410   1889      4      0 
    0    235     59     61     97     22      0      0      0      0   1512   1410   1645      4      0 
    1    272     65     69     99     41      0      0      0      0   1512   1410   1889      4      0 
    0    232     60     63     97     22      0      0      0      0   1512   1410   1645      4      0 
    1    269     66     69     99     41      0      0      0      0   1512   1410   1889      4      0 
    0    237     59     63     97     22      0      0      0      0   1512   1410   1645      4      0 
    1    274     66     69     99     41      0      0      0      0   1512   1410   1889      4      0 
    0    231     59     63     97     22      0      0      0      0   1512   1410   1645      4      0 
    1    271     65     69     99     41      0      0      0      0   1512   1410   1889      4      0 
    0    229     59     61     97     22      0      0      0      0   1512   1410   1645      4      0 
    1    279     65     69     99     41      0      0      0      0   1512   1410   1889      4      0 
    0    233     59     61     97     22      0      0      0      0   1512   1410   1645      4      0 
    1    274     65     69     99     41      0      0      0      0   1512   1410   1889      4      0 
    0    231     59     61     97     22      0      0      0      0   1512   1410   1645      4      0 
    1    278     65     69     99     41      0      0      0      0   1512   1410   1889      4      0 
    0    232     59     61     97     22      0      0      0      0   1512   1410   1645      4      0 
    1    269     65     69     99     40      0      0      0      0   1512   1410   1889      4      0 
    0    235     60     63     97     22      0      0      0      0   1512   1410   1645      4      0 
    1    269     66     69     99     41      0      0      0      0   1512   1410   1889      4      0 
    0    235     60     63     97     22      0      0      0      0   1512   1410   1645      4      0 
    1    278     66     69     99     41      0      0      0      0   1512   1410   1889      4      0 
    0    235     59     63     97     22      0      0      0      0   1512   1410   1645      4      0 
    1    276     65     69     99     41      0      0      0      0   1512   1410   1889      4      0 
    0    234     59     61     97     22      0      0      0      0   1512   1410   1645      4      0 
    1    275     65     69     99     40      0      0      0      0   1512   1410   1889      4      0 
    0    228     59     61     97     22      0      0      0      0   1512   1410   1645      4      0 
    1    272     65     69     99     41      0      0      0      0   1512   1410   1889      4      0 
    0    234     59     61     97     22      0      0      0      0   1512   1410   1645      4      0 
    1    271     65     69     99     41      0      0      0      0   1512   1410   1889      4      0 
    0    237     59     61     97     22      0      0      0      0   1512   1410   1645      4      0 
    1    270     64     69     99     41      0      0      0      0   1512   1410   1889      4      0 
    0    228     59     61     97     22      0      0      0      0   1512   1410   1645      4      0 
    1     86     63     67     52     22      0      0      0      0   1512   1410   1889      4      0 
    0    238     60     63     97     22      0      0      0      0   1512   1410   1645      4      0 
    1    280     66     69     99     41      0      0      0      0   1512   1410   1889      4      0 
    0    227     59     63     97     22      0      0      0      0   1512   1410   1645      4      0 
    1    273     66     69     99     41      0      0      0      0   1512   1410   1889      4      0 
# gpu    pwr  gtemp  mtemp     sm    mem    enc    dec    jpg    ofa   mclk   pclk     fb   bar1   ccpm 
# Idx      W      C      C      %      %      %      %      %      %    MHz    MHz     MB     MB     MB 
    0    229     59     63     97     22      0      0      0      0   1512   1410   1645      4      0 
    1    275     65     69     99     41      0      0      0      0   1512   1410   1889      4      0 
    0    236     59     61     97     22      0      0      0      0   1512   1410   1645      4      0 
    1    273     65     69     99     41      0      0      0      0   1512   1410   1889      4      0 
    0    232     59     61     97     22      0      0      0      0   1512   1410   1645      4      0 
    1    269     65     69     99     40      0      0      0      0   1512   1410   1889      4      0 
    0    234     59     61     97     22      0      0      0      0   1512   1410   1645      4      0 
    1    276     65     69     99     41      0      0      0      0   1512   1410   1889      4      0 
    0    230     59     61     97     22      0      0      0      0   1512   1410   1645      4      0 
    1    277     65     69     99     41      0      0      0      0   1512   1410   1889      4      0 
    0    227     59     61     97     22      0      0      0      0   1512   1410   1645      4      0 
    1    117     61     65      8      3      0      0      0      0   1512   1410   1889      4      0 
    0    236     59     61     97     22      0      0      0      0   1512   1410   1645      4      0 
    1    276     65     69     99     41      0      0      0      0   1512   1410   1889      4      0 
    0    229     60     63     97     22      0      0      0      0   1512   1410   1645      4      0 
    1    266     65     69     99     41      0      0      0      0   1512   1410   1889      4      0 
    0    236     60     63     97     22      0      0      0      0   1512   1410   1645      4      0 
    1    277     65     69     99     41      0      0      0      0   1512   1410   1889      4      0 
    0    237     59     63     97     22      0      0      0      0   1512   1410   1645      4      0 
    1    277     65     69     99     41      0      0      0      0   1512   1410   1889      4      0 
    0    235     59     61     97     22      0      0      0      0   1512   1410   1645      4      0 
    1    275     65     69     99     41      0      0      0      0   1512   1410   1889      4      0 
    0    227     59     61     97     22      0      0      0      0   1512   1410   1645      4      0 
    1    274     64     69     99     40      0      0      0      0   1512   1410   1889      4      0 
    0    234     59     61     97     22      0      0      0      0   1512   1410   1645      4      0 
    1    273     65     69     99     41      0      0      0      0   1512   1410   1889      4      0 
    0    232     59     63     97     22      0      0      0      0   1512   1410   1645      4      0 
    1    276     65     69     99     40      0      0      0      0   1512   1410   1889      4      0 
    0    236     59     63     97     22      0      0      0      0   1512   1410   1645      4      0 
    1    276     65     69     99     40      0      0      0      0   1512   1410   1889      4      0 
    0    237     59     61     97     22      0      0      0      0   1512   1410   1645      4      0 
    1    276     65     69     99     40      0      0      0      0   1512   1410   1889      4      0 
    0    229     59     61     97     22      0      0      0      0   1512   1410   1645      4      0 
    1    272     65     69     99     40      0      0      0      0   1512   1410   1889      4      0 
    0    235     59     61     97     22      0      0      0      0   1512   1410   1645      4      0 
    1    273     65     69     99     41      0      0      0      0   1512   1410   1889      4      0 
    0    234     59     61     97     22      0      0      0      0   1512   1410   1645      4      0 
    1    274     65     69     99     41      0      0      0      0   1512   1410   1889      4      0 
    0    229     59     61     97     22      0      0      0      0   1512   1410   1645      4      0 
    1    268     65     69     99     40      0      0      0      0   1512   1410   1889      4      0 
    0    235     59     61     97     22      0      0      0      0   1512   1410   1645      4      0 
    1    273     64     69     99     41      0      0      0      0   1512   1410   1889      4      0 
    0    230     59     61     97     22      0      0      0      0   1512   1410   1645      4      0 
    1    281     64     69     99     41      0      0      0      0   1512   1410   1889      4      0 
# gpu    pwr  gtemp  mtemp     sm    mem    enc    dec    jpg    ofa   mclk   pclk     fb   bar1   ccpm 
# Idx      W      C      C      %      %      %      %      %      %    MHz    MHz     MB     MB     MB 
    0    236     60     63     97     22      0      0      0      0   1512   1410   1645      4      0 
    1    274     66     69     99     41      0      0      0      0   1512   1410   1889      4      0 
    0    237     60     63     97     22      0      0      0      0   1512   1410   1645      4      0 
    1    275     66     71     99     41      0      0      0      0   1512   1410   1889      4      0 
    0    232     59     63     97     22      0      0      0      0   1512   1410   1645      4      0 
    1    275     65     69     99     40      0      0      0      0   1512   1410   1889      4      0 
    0    234     59     61     97     22      0      0      0      0   1512   1410   1645      4      0 
    1    270     65     69     99     41      0      0      0      0   1512   1410   1889      4      0 
    0    233     59     61     97     22      0      0      0      0   1512   1410   1645      4      0 
    1    270     65     69     99     41      0      0      0      0   1512   1410   1889      4      0 
    0    233     59     61     97     22      0      0      0      0   1512   1410   1645      4      0 
    1    280     65     69     99     40      0      0      0      0   1512   1410   1889      4      0 
    0    233     59     61     97     22      0      0      0      0   1512   1410   1645      4      0 
    1    277     65     69     99     41      0      0      0      0   1512   1410   1889      4      0 
    0    232     59     61     97     22      0      0      0      0   1512   1410   1645      4      0 
    1    273     65     69     99     41      0      0      0      0   1512   1410   1889      4      0 
    0    237     59     61     97     22      0      0      0      0   1512   1410   1645      4      0 
    1    274     64     69     99     41      0      0      0      0   1512   1410   1889      4      0 
    0    232     59     61     97     22      0      0      0      0   1512   1410   1645      4      0 
    1    273     65     69     99     41      0      0      0      0   1512   1410   1889      4      0 
    0    232     59     61     97     22      0      0      0      0   1512   1410   1645      4      0 
    1    280     65     69     99     41      0      0      0      0   1512   1410   1889      4      0 
    0    233     59     61     97     22      0      0      0      0   1512   1410   1645      4      0 
    1    274     65     69     99     41      0      0      0      0   1512   1410   1889      4      0 
    0    235     59     61     97     22      0      0      0      0   1512   1410   1645      4      0 
    1    268     65     69     99     41      0      0      0      0   1512   1410   1889      4      0 
    0    231     59     61     97     22      0      0      0      0   1512   1410   1645      4      0 
    1    272     64     69     99     41      0      0      0      0   1512   1410   1889      4      0 
    0    230     59     61     97     22      0      0      0      0   1512   1410   1645      4      0 
    1    271     65     69     99     40      0      0      0      0   1512   1410   1889      4      0 
    0    229     59     61     97     22      0      0      0      0   1512   1410   1645      4      0 
    1    274     65     69     99     41      0      0      0      0   1512   1410   1889      4      0 
    0    229     59     61     97     22      0      0      0      0   1512   1410   1645      4      0 
    1    273     65     69     99     41      0      0      0      0   1512   1410   1889      4      0 
    0    234     59     61     97     22      0      0      0      0   1512   1410   1645      4      0 
    1    276     65     69     99     41      0      0      0      0   1512   1410   1889      4      0 
    0    230     59     61     97     22      0      0      0      0   1512   1410   1645      4      0 
    1    274     64     69     99     40      0      0      0      0   1512   1410   1889      4      0 
    0    235     59     61     97     22      0      0      0      0   1512   1410   1645      4      0 
    1    279     65     69     99     41      0      0      0      0   1512   1410   1889      4      0 
    0    232     59     61     97     22      0      0      0      0   1512   1410   1645      4      0 
    1    275     65     69     99     41      0      0      0      0   1512   1410   1889      4      0 
    0    233     59     61     97     22      0      0      0      0   1512   1410   1645      4      0 
    1    278     65     69     99     41      0      0      0      0   1512   1410   1889      4      0 
# gpu    pwr  gtemp  mtemp     sm    mem    enc    dec    jpg    ofa   mclk   pclk     fb   bar1   ccpm 
# Idx      W      C      C      %      %      %      %      %      %    MHz    MHz     MB     MB     MB 
    0    236     59     61     97     22      0      0      0      0   1512   1410   1645      4      0 
    1    269     65     69     99     41      0      0      0      0   1512   1410   1889      4      0 
    0    232     59     61     97     22      0      0      0      0   1512   1410   1645      4      0 
    1    265     65     69     99     41      0      0      0      0   1512   1410   1889      4      0 
    0    237     60     63     97     22      0      0      0      0   1512   1410   1645      4      0 
    1    276     66     69     99     40      0      0      0      0   1512   1410   1889      4      0 
    0    233     59     63     97     22      0      0      0      0   1512   1410   1645      4      0 
    1    277     66     69     99     40      0      0      0      0   1512   1410   1889      4      0 
    0    234     59     61     97     22      0      0      0      0   1512   1410   1645      4      0 
    1    273     65     69     99     41      0      0      0      0   1512   1410   1889      4      0 
    0    236     59     61     97     22      0      0      0      0   1512   1410   1645      4      0 
    1    280     65     69     99     41      0      0      0      0   1512   1410   1889      4      0 
    0    232     59     61     97     22      0      0      0      0   1512   1410   1645      4      0 
    1    281     65     69     99     41      0      0      0      0   1512   1410   1889      4      0 
    0    235     59     61     97     22      0      0      0      0   1512   1410   1645      4      0 
    1    270     65     69     99     40      0      0      0      0   1512   1410   1889      4      0 
    0    230     59     61     97     22      0      0      0      0   1512   1410   1645      4      0 
    1    276     65     69     99     41      0      0      0      0   1512   1410   1889      4      0 
    0    235     59     61     97     22      0      0      0      0   1512   1410   1645      4      0 
    1    274     65     69     99     41      0      0      0      0   1512   1410   1889      4      0 
    0    236     59     61     97     22      0      0      0      0   1512   1410   1645      4      0 
    1    267     65     69     99     40      0      0      0      0   1512   1410   1889      4      0 
    0    236     59     61     97     22      0      0      0      0   1512   1410   1645      4      0 
    1    277     65     69     99     41      0      0      0      0   1512   1410   1889      4      0 
    0    230     59     61     97     22      0      0      0      0   1512   1410   1645      4      0 
    1    267     65     69     99     41      0      0      0      0   1512   1410   1889      4      0 
    0    231     59     61     97     22      0      0      0      0   1512   1410   1645      4      0 
    1    273     65     69     99     40      0      0      0      0   1512   1410   1889      4      0 
    0    236     59     61     97     22      0      0      0      0   1512   1410   1645      4      0 
    1    274     64     69     99     41      0      0      0      0   1512   1410   1889      4      0 
    0    236     59     61     97     22      0      0      0      0   1512   1410   1645      4      0 
    1    278     65     69     99     40      0      0      0      0   1512   1410   1889      4      0 
    0    233     60     63     97     22      0      0      0      0   1512   1410   1645      4      0 
    1    279     66     71     99     41      0      0      0      0   1512   1410   1889      4      0 
    0    233     60     63     97     22      0      0      0      0   1512   1410   1645      4      0 
    1    271     66     69     99     40      0      0      0      0   1512   1410   1889      4      0 
    0    229     59     63     97     22      0      0      0      0   1512   1410   1645      4      0 
    1    282     66     69     99     41      0      0      0      0   1512   1410   1889      4      0 
    0    236     59     63     97     22      0      0      0      0   1512   1410   1645      4      0 
    1    272     65     69     99     41      0      0      0      0   1512   1410   1889      4      0 
    0    233     59     61     97     22      0      0      0      0   1512   1410   1645      4      0 
    1    271     65     69     99     41      0      0      0      0   1512   1410   1889      4      0 
    0    232     59     61     97     22      0      0      0      0   1512   1410   1645      4      0 
    1    282     65     69     99     41      0      0      0      0   1512   1410   1889      4      0 
# gpu    pwr  gtemp  mtemp     sm    mem    enc    dec    jpg    ofa   mclk   pclk     fb   bar1   ccpm 
# Idx      W      C      C      %      %      %      %      %      %    MHz    MHz     MB     MB     MB 
    0    230     59     61     97     22      0      0      0      0   1512   1410   1645      4      0 
    1    271     65     69     99     41      0      0      0      0   1512   1410   1889      4      0 
    0    230     59     61     97     22      0      0      0      0   1512   1410   1645      4      0 
    1    271     64     69     99     40      0      0      0      0   1512   1410   1889      4      0 
    0    229     59     61     97     22      0      0      0      0   1512   1410   1645      4      0 
    1    273     64     69     99     41      0      0      0      0   1512   1410   1889      4      0 
    0    231     59     61     97     22      0      0      0      0   1512   1410   1645      4      0 
    1    280     65     69     99     40      0      0      0      0   1512   1410   1889      4      0 
    0    235     60     63     97     22      0      0      0      0   1512   1410   1645      4      0 
    1    270     66     71     99     41      0      0      0      0   1512   1410   1889      4      0 
    0    236     59     63     97     22      0      0      0      0   1512   1410   1645      4      0 
    1    269     65     69     99     41      0      0      0      0   1512   1410   1889      4      0 
    0    232     59     63     97     22      0      0      0      0   1512   1410   1645      4      0 
    1    271     65     69     99     40      0      0      0      0   1512   1410   1889      4      0 
    0    233     59     61     97     22      0      0      0      0   1512   1410   1645      4      0 
    1    275     65     69     99     41      0      0      0      0   1512   1410   1889      4      0 
    0    233     59     61     97     22      0      0      0      0   1512   1410   1645      4      0 
    1    273     65     69     99     41      0      0      0      0   1512   1410   1889      4      0 
    0    236     59     61     97     22      0      0      0      0   1512   1410   1645      4      0 
    1    279     65     69     99     41      0      0      0      0   1512   1410   1889      4      0 
    0    235     60     63     97     22      0      0      0      0   1512   1410   1645      4      0 
    1    277     65     69     23     10      0      0      0      0   1512   1410   1889      4      0 
    0    236     60     63     97     22      0      0      0      0   1512   1410   1645      4      0 
    1    279     66     71     99     41      0      0      0      0   1512   1410   1889      4      0 
    0    234     60     63     97     22      0      0      0      0   1512   1410   1645      4      0 
    1    269     66     71     99     40      0      0      0      0   1512   1410   1889      4      0 
    0    234     59     63     97     22      0      0      0      0   1512   1410   1645      4      0 
    1    277     65     69     99     41      0      0      0      0   1512   1410   1889      4      0 
    0    232     59     61     97     22      0      0      0      0   1512   1410   1645      4      0 
    1    274     65     69     99     40      0      0      0      0   1512   1410   1889      4      0 
    0    235     59     61     97     22      0      0      0      0   1512   1410   1645      4      0 
    1    279     65     69     99     41      0      0      0      0   1512   1410   1889      4      0 
    0    234     59     61     97     22      0      0      0      0   1512   1410   1645      4      0 
    1    280     65     69     99     41      0      0      0      0   1512   1410   1889      4      0 
    0    233     59     61     97     22      0      0      0      0   1512   1410   1645      4      0 
    1    272     65     69     99     41      0      0      0      0   1512   1410   1889      4      0 
    0    233     59     61     97     22      0      0      0      0   1512   1410   1645      4      0 
    1     97     60     65      4      2      0      0      0      0   1512   1410   1889      4      0 
    0    237     59     63     97     22      0      0      0      0   1512   1410   1645      4      0 
    1    275     65     69     99     41      0      0      0      0   1512   1410   1889      4      0 
    0    236     60     63     97     22      0      0      0      0   1512   1410   1645      4      0 
    1    275     66     69     99     40      0      0      0      0   1512   1410   1889      4      0 
    0    234     60     63     97     22      0      0      0      0   1512   1410   1645      4      0 
    1    275     65     69     99     41      0      0      0      0   1512   1410   1889      4      0 
# gpu    pwr  gtemp  mtemp     sm    mem    enc    dec    jpg    ofa   mclk   pclk     fb   bar1   ccpm 
# Idx      W      C      C      %      %      %      %      %      %    MHz    MHz     MB     MB     MB 
    0    229     59     63     97     22      0      0      0      0   1512   1410   1645      4      0 
    1    274     65     69     99     41      0      0      0      0   1512   1410   1889      4      0 
    0    227     59     61     97     22      0      0      0      0   1512   1410   1645      4      0 
    1    270     65     69     99     40      0      0      0      0   1512   1410   1889      4      0 
    0    232     59     61     97     22      0      0      0      0   1512   1410   1645      4      0 
    1    281     65     69     99     40      0      0      0      0   1512   1410   1889      4      0 
    0    235     59     61     97     22      0      0      0      0   1512   1410   1645      4      0 
    1    277     65     69     99     41      0      0      0      0   1512   1410   1889      4      0 
    0    230     59     61     97     22      0      0      0      0   1512   1410   1645      4      0 
    1    268     64     69     99     40      0      0      0      0   1512   1410   1889      4      0 
    0    232     59     61     97     22      0      0      0      0   1512   1410   1645      4      0 
    1    280     65     69     99     41      0      0      0      0   1512   1410   1889      4      0 
    0    236     59     61     97     22      0      0      0      0   1512   1410   1645      4      0 
    1    273     65     69     99     41      0      0      0      0   1512   1410   1889      4      0 
    0    231     59     61     97     22      0      0      0      0   1512   1410   1645      4      0 
    1    274     64     69     99     41      0      0      0      0   1512   1410   1889      4      0 
    0    233     59     61     97     22      0      0      0      0   1512   1410   1645      4      0 
    1    280     65     69     99     41      0      0      0      0   1512   1410   1889      4      0 
    0    232     59     63     97     22      0      0      0      0   1512   1410   1645      4      0 
    1    273     65     69     99     41      0      0      0      0   1512   1410   1889      4      0 
    0    234     59     61     97     22      0      0      0      0   1512   1410   1645      4      0 
    1    271     65     69     99     41      0      0      0      0   1512   1410   1889      4      0 
    0    231     59     61     97     22      0      0      0      0   1512   1410   1645      4      0 
    1    282     65     69     99     41      0      0      0      0   1512   1410   1889      4      0 
    0    235     59     61     97     22      0      0      0      0   1512   1410   1645      4      0 
    1    270     65     69     99     41      0      0      0      0   1512   1410   1889      4      0 
    0    232     59     61     97     22      0      0      0      0   1512   1410   1645      4      0 
    1    273     65     69     99     41      0      0      0      0   1512   1410   1889      4      0 
    0    233     59     61     97     22      0      0      0      0   1512   1410   1645      4      0 
    1    272     65     69     99     40      0      0      0      0   1512   1410   1889      4      0 
    0    233     59     61     97     22      0      0      0      0   1512   1410   1645      4      0 
    1    272     65     69     99     40      0      0      0      0   1512   1410   1889      4      0 
    0    234     59     61     97     22      0      0      0      0   1512   1410   1645      4      0 
    1    274     65     69     99     41      0      0      0      0   1512   1410   1889      4      0 
    0    228     59     61     97     22      0      0      0      0   1512   1410   1645      4      0 
    1    274     65     69     99     41      0      0      0      0   1512   1410   1889      4      0 
    0    236     59     61     97     22      0      0      0      0   1512   1410   1645      4      0 
    1    277     65     69     99     41      0      0      0      0   1512   1410   1889      4      0 
    0    236     59     61     97     22      0      0      0      0   1512   1410   1645      4      0 
    1    272     65     69     99     41      0      0      0      0   1512   1410   1889      4      0 
    0    230     59     61     97     22      0      0      0      0   1512   1410   1645      4      0 
    1    268     65     69     99     40      0      0      0      0   1512   1410   1889      4      0 
    0    231     59     61     97     22      0      0      0      0   1512   1410   1645      4      0 
    1    275     65     69     99     41      0      0      0      0   1512   1410   1889      4      0 
# gpu    pwr  gtemp  mtemp     sm    mem    enc    dec    jpg    ofa   mclk   pclk     fb   bar1   ccpm 
# Idx      W      C      C      %      %      %      %      %      %    MHz    MHz     MB     MB     MB 
    0    229     59     61     97     22      0      0      0      0   1512   1410   1645      4      0 
    1    273     65     69     99     41      0      0      0      0   1512   1410   1889      4      0 
    0    232     59     61     97     22      0      0      0      0   1512   1410   1645      4      0 
    1    276     65     69     99     41      0      0      0      0   1512   1410   1889      4      0 
    0    234     59     61     97     22      0      0      0      0   1512   1410   1645      4      0 
    1    275     64     69     99     41      0      0      0      0   1512   1410   1889      4      0 
    0    227     59     61     97     22      0      0      0      0   1512   1410   1645      4      0 
    1    274     65     69     99     40      0      0      0      0   1512   1410   1889      4      0 
    0    231     59     61     97     22      0      0      0      0   1512   1410   1645      4      0 
    1    270     65     69     99     40      0      0      0      0   1512   1410   1889      4      0 
    0    237     59     61     97     22      0      0      0      0   1512   1410   1645      4      0 
    1    282     65     69     99     41      0      0      0      0   1512   1410   1889      4      0 
    0    235     59     61     97     22      0      0      0      0   1512   1410   1645      4      0 
    1    269     64     69     99     41      0      0      0      0   1512   1410   1889      4      0 
    0    237     59     61     97     22      0      0      0      0   1512   1410   1645      4      0 
    1    269     65     69     99     42      0      0      0      0   1512   1410   1889      4      0 
    0    232     59     61     97     22      0      0      0      0   1512   1410   1645      4      0 
    1    275     65     69     99     41      0      0      0      0   1512   1410   1889      4      0 
    0    236     59     61     97     22      0      0      0      0   1512   1410   1645      4      0 
    1    268     65     69     99     41      0      0      0      0   1512   1410   1889      4      0 
    0    231     59     61     97     22      0      0      0      0   1512   1410   1645      4      0 
    1    278     65     69     99     40      0      0      0      0   1512   1410   1889      4      0 
    0    230     59     61     97     22      0      0      0      0   1512   1410   1645      4      0 
    1    273     65     69     99     41      0      0      0      0   1512   1410   1889      4      0 
    0    231     59     61     97     22      0      0      0      0   1512   1410   1645      4      0 
    1    270     65     69     99     40      0      0      0      0   1512   1410   1889      4      0 
    0    236     59     61     97     22      0      0      0      0   1512   1410   1645      4      0 
    1    276     65     69     99     41      0      0      0      0   1512   1410   1889      4      0 
    0    231     59     61     97     22      0      0      0      0   1512   1410   1645      4      0 
    1    273     65     69     99     40      0      0      0      0   1512   1410   1889      4      0 
    0    237     59     61     97     22      0      0      0      0   1512   1410   1645      4      0 
    1    272     64     69     99     40      0      0      0      0   1512   1410   1889      4      0 
    0    229     59     61     97     22      0      0      0      0   1512   1410   1645      4      0 
    1    270     65     69     99     40      0      0      0      0   1512   1410   1889      4      0 
    0    231     59     61     97     22      0      0      0      0   1512   1410   1645      4      0 
    1    278     65     69     99     41      0      0      0      0   1512   1410   1889      4      0 
    0    234     59     61     97     22      0      0      0      0   1512   1410   1645      4      0 
    1    281     65     69     99     42      0      0      0      0   1512   1410   1889      4      0 
    0    237     59     61     97     22      0      0      0      0   1512   1410   1645      4      0 
    1    274     65     69     99     41      0      0      0      0   1512   1410   1889      4      0 
    0    234     59     61     97     22      0      0      0      0   1512   1410   1645      4      0 
    1    271     65     69     99     40      0      0      0      0   1512   1410   1889      4      0 
    0    231     59     61     97     22      0      0      0      0   1512   1410   1645      4      0 
    1    266     65     69     99     41      0      0      0      0   1512   1410   1889      4      0 
# gpu    pwr  gtemp  mtemp     sm    mem    enc    dec    jpg    ofa   mclk   pclk     fb   bar1   ccpm 
# Idx      W      C      C      %      %      %      %      %      %    MHz    MHz     MB     MB     MB 
    0    236     59     61     97     22      0      0      0      0   1512   1410   1645      4      0 
    1    279     65     69     99     40      0      0      0      0   1512   1410   1889      4      0 
    0    232     59     61     97     22      0      0      0      0   1512   1410   1645      4      0 
    1    280     65     69     99     41      0      0      0      0   1512   1410   1889      4      0 
    0    238     59     61     97     22      0      0      0      0   1512   1410   1645      4      0 
    1    269     65     69     99     41      0      0      0      0   1512   1410   1889      4      0 
    0    230     59     61     97     22      0      0      0      0   1512   1410   1645      4      0 
    1    268     65     69     99     40      0      0      0      0   1512   1410   1889      4      0 
    0    235     59     63     97     22      0      0      0      0   1512   1410   1645      4      0 
    1    275     65     69     99     41      0      0      0      0   1512   1410   1889      4      0 
    0    234     59     63     97     22      0      0      0      0   1512   1410   1645      4      0 
    1    277     66     71     99     41      0      0      0      0   1512   1410   1889      4      0 
    0    233     59     61     97     22      0      0      0      0   1512   1410   1645      4      0 
    1    271     65     69     99     41      0      0      0      0   1512   1410   1889      4      0 
    0    237     59     61     97     22      0      0      0      0   1512   1410   1645      4      0 
    1    274     65     69     99     41      0      0      0      0   1512   1410   1889      4      0 
    0    235     59     61     97     22      0      0      0      0   1512   1410   1645      4      0 
    1    276     65     69     99     40      0      0      0      0   1512   1410   1889      4      0 
    0    230     59     61     97     22      0      0      0      0   1512   1410   1645      4      0 
    1    267     65     69     99     41      0      0      0      0   1512   1410   1889      4      0 
    0    234     59     61     97     22      0      0      0      0   1512   1410   1645      4      0 
    1    274     65     69     99     41      0      0      0      0   1512   1410   1889      4      0 
    0    228     59     61     97     22      0      0      0      0   1512   1410   1645      4      0 
    1    271     65     69     99     41      0      0      0      0   1512   1410   1889      4      0 
    0    227     59     61     97     22      0      0      0      0   1512   1410   1645      4      0 
    1    272     65     69     99     41      0      0      0      0   1512   1410   1889      4      0 
    0    232     59     61     97     22      0      0      0      0   1512   1410   1645      4      0 
    1    273     65     69     99     40      0      0      0      0   1512   1410   1889      4      0 
    0    232     59     61     97     22      0      0      0      0   1512   1410   1645      4      0 
    1    270     65     69     99     40      0      0      0      0   1512   1410   1889      4      0 
    0    228     59     61     97     22      0      0      0      0   1512   1410   1645      4      0 
    1    280     64     69     99     41      0      0      0      0   1512   1410   1889      4      0 
    0    235     59     61     97     22      0      0      0      0   1512   1410   1645      4      0 
    1    278     65     69     99     40      0      0      0      0   1512   1410   1889      4      0 
    0    232     60     63     97     22      0      0      0      0   1512   1410   1645      4      0 
    1    273     66     71     99     41      0      0      0      0   1512   1410   1889      4      0 
    0    237     59     63     97     22      0      0      0      0   1512   1410   1645      4      0 
    1    275     66     71     99     40      0      0      0      0   1512   1410   1889      4      0 
    0    233     59     63     97     22      0      0      0      0   1512   1410   1645      4      0 
    1    273     65     69     99     41      0      0      0      0   1512   1410   1889      4      0 
    0    234     59     61     97     22      0      0      0      0   1512   1410   1645      4      0 
    1    270     65     69     99     41      0      0      0      0   1512   1410   1889      4      0 
    0    232     59     61     97     22      0      0      0      0   1512   1410   1645      4      0 
    1    266     65     69     99     40      0      0      0      0   1512   1410   1889      4      0 
# gpu    pwr  gtemp  mtemp     sm    mem    enc    dec    jpg    ofa   mclk   pclk     fb   bar1   ccpm 
# Idx      W      C      C      %      %      %      %      %      %    MHz    MHz     MB     MB     MB 
    0    239     59     61     97     22      0      0      0      0   1512   1410   1645      4      0 
    1    280     65     69     99     40      0      0      0      0   1512   1410   1889      4      0 
    0    223     59     61     97     22      0      0      0      0   1512   1410   1645      4      0 
    1    280     64     69     99     40      0      0      0      0   1512   1410   1889      4      0 
    0    232     59     61     97     22      0      0      0      0   1512   1410   1645      4      0 
    1    271     65     69     99     41      0      0      0      0   1512   1410   1889      4      0 
    0    234     59     61     97     22      0      0      0      0   1512   1410   1645      4      0 
    1    272     65     69     99     40      0      0      0      0   1512   1410   1889      4      0 
    0    234     59     61     97     22      0      0      0      0   1512   1410   1645      4      0 
    1    271     65     69     99     40      0      0      0      0   1512   1410   1889      4      0 
    0    232     59     61     97     22      0      0      0      0   1512   1410   1645      4      0 
    1    278     65     69     99     41      0      0      0      0   1512   1410   1889      4      0 
    0    234     59     61     97     22      0      0      0      0   1512   1410   1645      4      0 
    1    269     65     69     99     41      0      0      0      0   1512   1410   1889      4      0 
    0    233     59     61     97     22      0      0      0      0   1512   1410   1645      4      0 
    1    277     65     69     99     40      0      0      0      0   1512   1410   1889      4      0 
    0    227     59     61     97     22      0      0      0      0   1512   1410   1645      4      0 
    1    274     65     69     99     40      0      0      0      0   1512   1410   1889      4      0 
    0    234     59     61     97     22      0      0      0      0   1512   1410   1645      4      0 
    1    268     64     67     72     30      0      0      0      0   1512   1410   1889      4      0 
    0    225     59     61     97     22      0      0      0      0   1512   1410   1645      4      0 
    1    281     65     69     99     41      0      0      0      0   1512   1410   1889      4      0 
    0    231     60     63     97     22      0      0      0      0   1512   1410   1645      4      0 
    1    271     66     71     99     41      0      0      0      0   1512   1410   1889      4      0 
    0    236     60     63     97     22      0      0      0      0   1512   1410   1645      4      0 
    1    276     66     71     99     41      0      0      0      0   1512   1410   1889      4      0 
    0    232     59     61     97     22      0      0      0      0   1512   1410   1645      4      0 
    1    282     65     69     99     41      0      0      0      0   1512   1410   1889      4      0 
    0    234     59     61     97     22      0      0      0      0   1512   1410   1645      4      0 
    1    280     65     69     99     40      0      0      0      0   1512   1410   1889      4      0 
    0    234     59     61     97     22      0      0      0      0   1512   1410   1645      4      0 
    1    263     65     69     99     41      0      0      0      0   1512   1410   1889      4      0 
    0    230     59     61     97     22      0      0      0      0   1512   1410   1645      4      0 
    1    273     65     69     99     40      0      0      0      0   1512   1410   1889      4      0 
    0    228     59     61     97     22      0      0      0      0   1512   1410   1645      4      0 
    1    268     64     69     99     40      0      0      0      0   1512   1410   1889      4      0 
    0    227     59     61     97     22      0      0      0      0   1512   1410   1645      4      0 
    1    274     65     69     99     41      0      0      0      0   1512   1410   1889      4      0 
    0    228     60     63     97     22      0      0      0      0   1512   1410   1645      4      0 
    1    272     66     71     99     41      0      0      0      0   1512   1410   1889      4      0 
    0    235     59     63     97     22      0      0      0      0   1512   1410   1645      4      0 
    1    274     66     71     99     41      0      0      0      0   1512   1410   1889      4      0 
    0    236     59     61     97     22      0      0      0      0   1512   1410   1645      4      0 
    1    272     65     69     99     41      0      0      0      0   1512   1410   1889      4      0 
# gpu    pwr  gtemp  mtemp     sm    mem    enc    dec    jpg    ofa   mclk   pclk     fb   bar1   ccpm 
# Idx      W      C      C      %      %      %      %      %      %    MHz    MHz     MB     MB     MB 
    0    233     59     61     97     22      0      0      0      0   1512   1410   1645      4      0 
    1    276     65     69     99     40      0      0      0      0   1512   1410   1889      4      0 
    0    231     59     61     97     22      0      0      0      0   1512   1410   1645      4      0 
    1    270     65     69     99     41      0      0      0      0   1512   1410   1889      4      0 
    0    235     59     61     97     22      0      0      0      0   1512   1410   1645      4      0 
    1    279     65     69     99     41      0      0      0      0   1512   1410   1889      4      0 
    0    235     59     61     97     22      0      0      0      0   1512   1410   1645      4      0 
    1    272     64     69     99     41      0      0      0      0   1512   1410   1889      4      0 
    0    235     59     61     97     22      0      0      0      0   1512   1410   1645      4      0 
    1    272     65     69     99     40      0      0      0      0   1512   1410   1889      4      0 
    0    230     59     61     97     22      0      0      0      0   1512   1410   1645      4      0 
    1    278     65     69     99     40      0      0      0      0   1512   1410   1889      4      0 
    0    234     59     61     97     22      0      0      0      0   1512   1410   1645      4      0 
    1    275     65     69     99     41      0      0      0      0   1512   1410   1889      4      0 
    0    229     59     61     97     22      0      0      0      0   1512   1410   1645      4      0 
    1    273     65     69     99     40      0      0      0      0   1512   1410   1889      4      0 
    0    230     59     61     97     22      0      0      0      0   1512   1410   1645      4      0 
    1    271     64     69     99     40      0      0      0      0   1512   1410   1889      4      0 
    0    233     59     61     97     22      0      0      0      0   1512   1410   1645      4      0 
    1    273     65     69     99     41      0      0      0      0   1512   1410   1889      4      0 
    0    230     59     61     97     22      0      0      0      0   1512   1410   1645      4      0 
    1    273     65     69     99     41      0      0      0      0   1512   1410   1889      4      0 
    0    230     59     61     97     22      0      0      0      0   1512   1410   1645      4      0 
    1    280     65     69     99     40      0      0      0      0   1512   1410   1889      4      0 
    0    228     59     61     97     22      0      0      0      0   1512   1410   1645      4      0 
    1    273     64     69     99     41      0      0      0      0   1512   1410   1889      4      0 
    0    232     59     61     97     22      0      0      0      0   1512   1410   1645      4      0 
    1    279     65     69     99     41      0      0      0      0   1512   1410   1889      4      0 
    0    234     59     61     97     22      0      0      0      0   1512   1410   1645      4      0 
    1    272     65     69     99     41      0      0      0      0   1512   1410   1889      4      0 
    0    234     59     61     97     22      0      0      0      0   1512   1410   1645      4      0 
    1    273     65     69     99     41      0      0      0      0   1512   1410   1889      4      0 
    0    226     59     61     97     22      0      0      0      0   1512   1410   1645      4      0 
    1    272     65     69     99     41      0      0      0      0   1512   1410   1889      4      0 
    0    236     59     61     97     22      0      0      0      0   1512   1410   1645      4      0 
    1    278     65     69     99     40      0      0      0      0   1512   1410   1889      4      0 
    0    227     59     61     97     22      0      0      0      0   1512   1410   1645      4      0 
    1    278     65     69     99     41      0      0      0      0   1512   1410   1889      4      0 
    0    234     59     61     97     22      0      0      0      0   1512   1410   1645      4      0 
    1    272     66     69     99     41      0      0      0      0   1512   1410   1889      4      0 
    0    238     59     61     97     22      0      0      0      0   1512   1410   1645      4      0 
    1    274     65     69     99     41      0      0      0      0   1512   1410   1889      4      0 
    0    230     59     61     97     22      0      0      0      0   1512   1410   1645      4      0 
    1    274     65     69     99     41      0      0      0      0   1512   1410   1889      4      0 
# gpu    pwr  gtemp  mtemp     sm    mem    enc    dec    jpg    ofa   mclk   pclk     fb   bar1   ccpm 
# Idx      W      C      C      %      %      %      %      %      %    MHz    MHz     MB     MB     MB 
    0    235     59     61     97     22      0      0      0      0   1512   1410   1645      4      0 
    1    266     65     69     99     41      0      0      0      0   1512   1410   1889      4      0 
    0    228     59     61     97     22      0      0      0      0   1512   1410   1645      4      0 
    1    274     65     69     99     41      0      0      0      0   1512   1410   1889      4      0 
    0    230     59     61     97     22      0      0      0      0   1512   1410   1645      4      0 
    1    278     64     69     99     41      0      0      0      0   1512   1410   1889      4      0 
    0    229     59     61     97     22      0      0      0      0   1512   1410   1645      4      0 
    1    273     65     69     99     41      0      0      0      0   1512   1410   1889      4      0 
    0    230     59     61     97     22      0      0      0      0   1512   1410   1645      4      0 
    1    275     65     69     99     41      0      0      0      0   1512   1410   1889      4      0 
    0    234     59     61     97     22      0      0      0      0   1512   1410   1645      4      0 
    1    275     65     69     99     40      0      0      0      0   1512   1410   1889      4      0 
    0    233     59     61     97     22      0      0      0      0   1512   1410   1645      4      0 
    1    275     64     69     99     40      0      0      0      0   1512   1410   1889      4      0 
    0    230     59     61     97     22      0      0      0      0   1512   1410   1645      4      0 
    1    273     65     69     99     40      0      0      0      0   1512   1410   1889      4      0 
    0    233     59     63     97     22      0      0      0      0   1512   1410   1645      4      0 
    1    270     66     71     99     40      0      0      0      0   1512   1410   1889      4      0 
    0    234     59     61     97     22      0      0      0      0   1512   1410   1645      4      0 
    1    283     65     69     99     41      0      0      0      0   1512   1410   1889      4      0 
    0    230     59     61     97     22      0      0      0      0   1512   1410   1645      4      0 
    1    272     65     69     99     41      0      0      0      0   1512   1410   1889      4      0 
    0    236     59     61     97     22      0      0      0      0   1512   1410   1645      4      0 
    1    280     65     69     99     41      0      0      0      0   1512   1410   1889      4      0 
    0    235     59     61     97     22      0      0      0      0   1512   1410   1645      4      0 
    1    273     65     69     99     40      0      0      0      0   1512   1410   1889      4      0 
    0    235     59     61     97     22      0      0      0      0   1512   1410   1645      4      0 
    1    275     65     69     99     41      0      0      0      0   1512   1410   1889      4      0 
    0    230     59     61     97     22      0      0      0      0   1512   1410   1645      4      0 
    1    280     65     69     99     41      0      0      0      0   1512   1410   1889      4      0 
    0    231     59     61     97     22      0      0      0      0   1512   1410   1645      4      0 
    1    276     64     69     99     41      0      0      0      0   1512   1410   1889      4      0 
    0    228     59     61     97     22      0      0      0      0   1512   1410   1645      4      0 
    1    272     66     69     99     40      0      0      0      0   1512   1410   1889      4      0 
    0    236     60     63     97     22      0      0      0      0   1512   1410   1645      4      0 
    1    278     66     71     99     40      0      0      0      0   1512   1410   1889      4      0 
    0    235     59     61     97     22      0      0      0      0   1512   1410   1645      4      0 
    1    273     65     69     99     41      0      0      0      0   1512   1410   1889      4      0 
    0    235     59     61     97     22      0      0      0      0   1512   1410   1645      4      0 
    1    269     65     69     99     41      0      0      0      0   1512   1410   1889      4      0 
    0    233     59     61     97     22      0      0      0      0   1512   1410   1645      4      0 
    1    274     65     69     99     40      0      0      0      0   1512   1410   1889      4      0 
    0    234     59     61     97     22      0      0      0      0   1512   1410   1645      4      0 
    1    279     65     69     99     40      0      0      0      0   1512   1410   1889      4      0 
# gpu    pwr  gtemp  mtemp     sm    mem    enc    dec    jpg    ofa   mclk   pclk     fb   bar1   ccpm 
# Idx      W      C      C      %      %      %      %      %      %    MHz    MHz     MB     MB     MB 
    0    232     59     61     97     22      0      0      0      0   1512   1410   1645      4      0 
    1    272     64     69     99     41      0      0      0      0   1512   1410   1889      4      0 
    0    229     59     61     97     22      0      0      0      0   1512   1410   1645      4      0 
    1    272     65     69     99     41      0      0      0      0   1512   1410   1889      4      0 
    0    231     59     61     97     22      0      0      0      0   1512   1410   1645      4      0 
    1    278     64     69     99     40      0      0      0      0   1512   1410   1889      4      0 
    0    234     59     61     97     22      0      0      0      0   1512   1410   1645      4      0 
    1    275     64     69     99     41      0      0      0      0   1512   1410   1889      4      0 
    0    236     59     61     97     22      0      0      0      0   1512   1410   1645      4      0 
    1    274     64     69     99     41      0      0      0      0   1512   1410   1889      4      0 
    0    231     59     61     97     22      0      0      0      0   1512   1410   1645      4      0 
    1    272     65     69     99     41      0      0      0      0   1512   1410   1889      4      0 
    0    232     59     61     97     22      0      0      0      0   1512   1410   1645      4      0 
    1    275     62     67     15      6      0      0      0      0   1512   1410   1889      4      0 
    0    237     59     61     97     22      0      0      0      0   1512   1410   1645      4      0 
    1    270     65     69     99     40      0      0      0      0   1512   1410   1889      4      0 
    0    234     59     61     97     22      0      0      0      0   1512   1410   1645      4      0 
    1    276     65     69     99     41      0      0      0      0   1512   1410   1889      4      0 
    0    232     59     61     97     22      0      0      0      0   1512   1410   1645      4      0 
    1    272     65     69     99     41      0      0      0      0   1512   1410   1889      4      0 
    0    235     59     61     97     22      0      0      0      0   1512   1410   1645      4      0 
    1    268     66     69     99     40      0      0      0      0   1512   1410   1889      4      0 
    0    237     59     61     97     22      0      0      0      0   1512   1410   1645      4      0 
    1    267     65     69     99     41      0      0      0      0   1512   1410   1889      4      0 
    0    233     59     61     97     22      0      0      0      0   1512   1410   1645      4      0 
    1    274     65     69     99     40      0      0      0      0   1512   1410   1889      4      0 
    0    237     59     61     97     22      0      0      0      0   1512   1410   1645      4      0 
    1    280     65     69     99     41      0      0      0      0   1512   1410   1889      4      0 
    0    233     59     61     97     22      0      0      0      0   1512   1410   1645      4      0 
    1    279     64     69     99     41      0      0      0      0   1512   1410   1889      4      0 
    0    228     59     61     97     22      0      0      0      0   1512   1410   1645      4      0 
    1    269     65     69     99     41      0      0      0      0   1512   1410   1889      4      0 
    0    236     59     61     97     22      0      0      0      0   1512   1410   1645      4      0 
    1    280     65     69     99     41      0      0      0      0   1512   1410   1889      4      0 
    0    230     59     61     97     22      0      0      0      0   1512   1410   1645      4      0 
    1    274     65     69     99     41      0      0      0      0   1512   1410   1889      4      0 
    0    235     59     61     97     22      0      0      0      0   1512   1410   1645      4      0 
    1    278     64     69     99     41      0      0      0      0   1512   1410   1889      4      0 
    0    233     59     61     97     22      0      0      0      0   1512   1410   1645      4      0 
    1    277     65     69     99     41      0      0      0      0   1512   1410   1889      4      0 
    0    233     59     61     97     22      0      0      0      0   1512   1410   1645      4      0 
    1    268     65     69     99     40      0      0      0      0   1512   1410   1889      4      0 
    0    234     59     61     97     22      0      0      0      0   1512   1410   1645      4      0 
    1    271     65     69     99     41      0      0      0      0   1512   1410   1889      4      0 
# gpu    pwr  gtemp  mtemp     sm    mem    enc    dec    jpg    ofa   mclk   pclk     fb   bar1   ccpm 
# Idx      W      C      C      %      %      %      %      %      %    MHz    MHz     MB     MB     MB 
    0    237     59     61     97     22      0      0      0      0   1512   1410   1645      4      0 
    1    270     64     67     99     41      0      0      0      0   1512   1410   1889      4      0 
    0    231     59     61     97     22      0      0      0      0   1512   1410   1645      4      0 
    1    278     65     69     99     41      0      0      0      0   1512   1410   1889      4      0 
    0    228     60     63     97     22      0      0      0      0   1512   1410   1645      4      0 
    1    271     66     71     99     40      0      0      0      0   1512   1410   1889      4      0 
    0    232     60     63     97     22      0      0      0      0   1512   1410   1645      4      0 
    1    278     65     69     99     41      0      0      0      0   1512   1410   1889      4      0 
    0    232     59     63     97     22      0      0      0      0   1512   1410   1645      4      0 
    1    271     65     69     99     40      0      0      0      0   1512   1410   1889      4      0 
    0    231     59     61     97     22      0      0      0      0   1512   1410   1645      4      0 
    1    271     65     69     99     40      0      0      0      0   1512   1410   1889      4      0 
    0    230     59     61     97     22      0      0      0      0   1512   1410   1645      4      0 
    1    279     65     69     99     41      0      0      0      0   1512   1410   1889      4      0 
    0    237     59     61     97     22      0      0      0      0   1512   1410   1645      4      0 
    1    276     65     69     99     41      0      0      0      0   1512   1410   1889      4      0 
    0    235     59     61     97     22      0      0      0      0   1512   1410   1645      4      0 
    1    270     64     69     99     41      0      0      0      0   1512   1410   1889      4      0 
    0    234     59     61     97     22      0      0      0      0   1512   1410   1645      4      0 
    1    279     65     69     99     41      0      0      0      0   1512   1410   1889      4      0 
    0    231     60     63     97     22      0      0      0      0   1512   1410   1645      4      0 
    1    275     66     71     99     40      0      0      0      0   1512   1410   1889      4      0 
    0    232     59     63     97     22      0      0      0      0   1512   1410   1645      4      0 
    1    273     66     69     99     41      0      0      0      0   1512   1410   1889      4      0 
    0    225     59     63     97     22      0      0      0      0   1512   1410   1645      4      0 
    1    271     65     69     99     41      0      0      0      0   1512   1410   1889      4      0 
    0    232     59     61     97     22      0      0      0      0   1512   1410   1645      4      0 
    1    276     65     69     99     40      0      0      0      0   1512   1410   1889      4      0 
    0    233     59     61     97     22      0      0      0      0   1512   1410   1645      4      0 
    1    276     65     69     99     41      0      0      0      0   1512   1410   1889      4      0 
    0    235     59     61     97     22      0      0      0      0   1512   1410   1645      4      0 
    1    278     65     69     99     42      0      0      0      0   1512   1410   1889      4      0 
    0    233     59     61     97     22      0      0      0      0   1512   1410   1645      4      0 
    1    275     64     69     99     42      0      0      0      0   1512   1410   1889      4      0 
    0    237     59     61     97     22      0      0      0      0   1512   1410   1645      4      0 
    1    278     65     69     99     41      0      0      0      0   1512   1410   1889      4      0 
    0    235     59     61     97     22      0      0      0      0   1512   1410   1645      4      0 
    1    278     65     69     99     41      0      0      0      0   1512   1410   1889      4      0 
    0    237     59     61     97     22      0      0      0      0   1512   1410   1645      4      0 
    1    273     65     69     99     41      0      0      0      0   1512   1410   1889      4      0 
    0    233     59     61     97     22      0      0      0      0   1512   1410   1645      4      0 
    1    270     65     69     99     41      0      0      0      0   1512   1410   1889      4      0 
    0    230     59     61     97     22      0      0      0      0   1512   1410   1645      4      0 
    1    269     64     69     99     40      0      0      0      0   1512   1410   1889      4      0 
# gpu    pwr  gtemp  mtemp     sm    mem    enc    dec    jpg    ofa   mclk   pclk     fb   bar1   ccpm 
# Idx      W      C      C      %      %      %      %      %      %    MHz    MHz     MB     MB     MB 
    0    232     59     61     97     22      0      0      0      0   1512   1410   1645      4      0 
    1    271     65     69     99     41      0      0      0      0   1512   1410   1889      4      0 
    0    233     59     61     97     22      0      0      0      0   1512   1410   1645      4      0 
    1    272     64     69     99     41      0      0      0      0   1512   1410   1889      4      0 
    0    235     59     61     97     22      0      0      0      0   1512   1410   1645      4      0 
    1    279     64     69     99     41      0      0      0      0   1512   1410   1889      4      0 
    0    236     59     61     97     22      0      0      0      0   1512   1410   1645      4      0 
    1    280     65     69     99     41      0      0      0      0   1512   1410   1889      4      0 
    0    233     60     63     97     22      0      0      0      0   1512   1410   1645      4      0 
    1    279     66     71     99     41      0      0      0      0   1512   1410   1889      4      0 
    0    229     59     63     97     22      0      0      0      0   1512   1410   1645      4      0 
    1    275     65     69     99     41      0      0      0      0   1512   1410   1889      4      0 
    0    235     59     61     97     22      0      0      0      0   1512   1410   1645      4      0 
    1    271     65     69     99     41      0      0      0      0   1512   1410   1889      4      0 
    0    236     59     61     97     22      0      0      0      0   1512   1410   1645      4      0 
    1    271     65     69     99     41      0      0      0      0   1512   1410   1889      4      0 
    0    234     59     61     97     22      0      0      0      0   1512   1410   1645      4      0 
    1    273     65     69     99     41      0      0      0      0   1512   1410   1889      4      0 
    0    231     59     61     97     22      0      0      0      0   1512   1410   1645      4      0 
    1    274     65     69     99     40      0      0      0      0   1512   1410   1889      4      0 
    0    235     59     61     97     22      0      0      0      0   1512   1410   1645      4      0 
    1    273     65     69     99     42      0      0      0      0   1512   1410   1889      4      0 
    0    230     59     61     97     22      0      0      0      0   1512   1410   1645      4      0 
    1    279     65     69     99     41      0      0      0      0   1512   1410   1889      4      0 
    0    236     59     61     97     22      0      0      0      0   1512   1410   1645      4      0 
    1    276     64     69     99     41      0      0      0      0   1512   1410   1889      4      0 
    0    235     59     61     97     22      0      0      0      0   1512   1410   1645      4      0 
    1    270     65     69     99     40      0      0      0      0   1512   1410   1889      4      0 
    0    235     59     61     97     22      0      0      0      0   1512   1410   1645      4      0 
    1    275     65     69     99     40      0      0      0      0   1512   1410   1889      4      0 
    0    231     60     63     97     22      0      0      0      0   1512   1410   1645      4      0 
    1    273     66     71     99     41      0      0      0      0   1512   1410   1889      4      0 
    0    231     59     63     97     22      0      0      0      0   1512   1410   1645      4      0 
    1    279     66     69     99     42      0      0      0      0   1512   1410   1889      4      0 
    0    233     59     61     97     22      0      0      0      0   1512   1410   1645      4      0 
    1    273     65     69     99     40      0      0      0      0   1512   1410   1889      4      0 
    0    229     59     61     97     22      0      0      0      0   1512   1410   1645      4      0 
    1    271     65     69     99     41      0      0      0      0   1512   1410   1889      4      0 
    0    234     59     61     97     22      0      0      0      0   1512   1410   1645      4      0 
    1    278     65     69     99     41      0      0      0      0   1512   1410   1889      4      0 
    0    235     59     61     97     22      0      0      0      0   1512   1410   1645      4      0 
    1    272     64     69     99     41      0      0      0      0   1512   1410   1889      4      0 
    0    236     59     61     97     22      0      0      0      0   1512   1410   1645      4      0 
    1    270     64     69     99     41      0      0      0      0   1512   1410   1889      4      0 
# gpu    pwr  gtemp  mtemp     sm    mem    enc    dec    jpg    ofa   mclk   pclk     fb   bar1   ccpm 
# Idx      W      C      C      %      %      %      %      %      %    MHz    MHz     MB     MB     MB 
    0    227     59     61     97     22      0      0      0      0   1512   1410   1645      4      0 
    1    281     65     69     99     41      0      0      0      0   1512   1410   1889      4      0 
    0    239     60     63     97     22      0      0      0      0   1512   1410   1645      4      0 
    1    279     66     71     99     41      0      0      0      0   1512   1410   1889      4      0 
    0    232     59     63     97     22      0      0      0      0   1512   1410   1645      4      0 
    1    268     66     71     99     41      0      0      0      0   1512   1410   1889      4      0 
    0    232     59     63     97     22      0      0      0      0   1512   1410   1645      4      0 
    1    271     65     69     99     41      0      0      0      0   1512   1410   1889      4      0 
    0    235     59     61     97     22      0      0      0      0   1512   1410   1645      4      0 
    1    283     65     69     99     41      0      0      0      0   1512   1410   1889      4      0 
    0    225     59     61     97     22      0      0      0      0   1512   1410   1645      4      0 
    1    281     65     69     99     41      0      0      0      0   1512   1410   1889      4      0 
    0    231     59     61     97     22      0      0      0      0   1512   1410   1645      4      0 
    1    268     65     69     99     41      0      0      0      0   1512   1410   1889      4      0 
    0    231     59     61     97     22      0      0      0      0   1512   1410   1645      4      0 
    1    277     65     69     99     40      0      0      0      0   1512   1410   1889      4      0 
    0    231     59     61     97     22      0      0      0      0   1512   1410   1645      4      0 
    1    279     65     69     99     40      0      0      0      0   1512   1410   1889      4      0 
    0    232     59     61     97     22      0      0      0      0   1512   1410   1645      4      0 
    1    274     65     69     99     41      0      0      0      0   1512   1410   1889      4      0 
    0    237     59     61     97     22      0      0      0      0   1512   1410   1645      4      0 
    1    272     65     69     99     42      0      0      0      0   1512   1410   1889      4      0 
    0    231     59     61     97     22      0      0      0      0   1512   1410   1645      4      0 
    1    273     65     69     99     41      0      0      0      0   1512   1410   1889      4      0 
    0    225     59     61     97     22      0      0      0      0   1512   1410   1645      4      0 
    1    276     65     69     99     41      0      0      0      0   1512   1410   1889      4      0 
    0    231     59     61     97     22      0      0      0      0   1512   1410   1645      4      0 
    1    268     65     69     99     41      0      0      0      0   1512   1410   1889      4      0 
    0    233     59     61     97     22      0      0      0      0   1512   1410   1645      4      0 
    1    274     65     69     99     41      0      0      0      0   1512   1410   1889      4      0 
    0    237     59     61     97     22      0      0      0      0   1512   1410   1645      4      0 
    1    278     64     69     99     41      0      0      0      0   1512   1410   1889      4      0 
    0    229     59     61     97     22      0      0      0      0   1512   1410   1645      4      0 
    1    269     65     69     99     41      0      0      0      0   1512   1410   1889      4      0 
    0    234     59     61     97     22      0      0      0      0   1512   1410   1645      4      0 
    1    274     65     69     99     41      0      0      0      0   1512   1410   1889      4      0 
    0    236     59     61     97     22      0      0      0      0   1512   1410   1645      4      0 
    1    275     65     69     99     40      0      0      0      0   1512   1410   1889      4      0 
    0    237     59     61     97     22      0      0      0      0   1512   1410   1645      4      0 
    1    275     64     69     99     40      0      0      0      0   1512   1410   1889      4      0 
    0    232     59     61     97     22      0      0      0      0   1512   1410   1645      4      0 
    1    269     65     69     99     41      0      0      0      0   1512   1410   1889      4      0 
    0    235     59     61     97     22      0      0      0      0   1512   1410   1645      4      0 
    1    277     65     69     99     40      0      0      0      0   1512   1410   1889      4      0 
# gpu    pwr  gtemp  mtemp     sm    mem    enc    dec    jpg    ofa   mclk   pclk     fb   bar1   ccpm 
# Idx      W      C      C      %      %      %      %      %      %    MHz    MHz     MB     MB     MB 
    0    234     59     61     97     22      0      0      0      0   1512   1410   1645      4      0 
    1    272     65     69     99     41      0      0      0      0   1512   1410   1889      4      0 
    0    233     59     61     97     22      0      0      0      0   1512   1410   1645      4      0 
    1    271     64     69     99     41      0      0      0      0   1512   1410   1889      4      0 
    0    236     59     61     97     22      0      0      0      0   1512   1410   1645      4      0 
    1    279     65     69     99     41      0      0      0      0   1512   1410   1889      4      0 
    0    234     59     61     97     22      0      0      0      0   1512   1410   1645      4      0 
    1    274     65     69     99     41      0      0      0      0   1512   1410   1889      4      0 
    0    232     59     61     97     22      0      0      0      0   1512   1410   1645      4      0 
    1    270     65     69     99     41      0      0      0      0   1512   1410   1889      4      0 
    0    232     59     61     97     22      0      0      0      0   1512   1410   1645      4      0 
    1    271     65     69     99     40      0      0      0      0   1512   1410   1889      4      0 
    0    233     59     61     97     22      0      0      0      0   1512   1410   1645      4      0 
    1    266     65     69     99     41      0      0      0      0   1512   1410   1889      4      0 
    0    234     59     61     97     22      0      0      0      0   1512   1410   1645      4      0 
    1    280     65     69     99     40      0      0      0      0   1512   1410   1889      4      0 
    0    232     59     61     97     22      0      0      0      0   1512   1410   1645      4      0 
    1    271     64     69     99     41      0      0      0      0   1512   1410   1889      4      0 
    0    234     59     61     97     22      0      0      0      0   1512   1410   1645      4      0 
    1    277     65     69     99     41      0      0      0      0   1512   1410   1889      4      0 
    0    231     59     61     97     22      0      0      0      0   1512   1410   1645      4      0 
    1    280     65     69     99     41      0      0      0      0   1512   1410   1889      4      0 
    0    235     59     61     97     22      0      0      0      0   1512   1410   1645      4      0 
    1    270     65     69     99     40      0      0      0      0   1512   1410   1889      4      0 
    0    232     59     61     97     22      0      0      0      0   1512   1410   1645      4      0 
    1    271     65     69     99     41      0      0      0      0   1512   1410   1889      4      0 
    0    230     59     61     97     22      0      0      0      0   1512   1410   1645      4      0 
    1    280     64     67     99     42      0      0      0      0   1512   1410   1889      4      0 
    0    234     59     61     97     22      0      0      0      0   1512   1410   1645      4      0 
    1    273     65     69     99     41      0      0      0      0   1512   1410   1889      4      0 
    0    228     60     63     97     22      0      0      0      0   1512   1410   1645      4      0 
    1    275     66     69     99     40      0      0      0      0   1512   1410   1889      4      0 
    0    234     59     63     97     22      0      0      0      0   1512   1410   1645      4      0 
    1    273     65     69     99     41      0      0      0      0   1512   1410   1889      4      0 
    0    229     59     61     97     22      0      0      0      0   1512   1410   1645      4      0 
    1    280     65     69     99     41      0      0      0      0   1512   1410   1889      4      0 
    0    232     59     61     97     22      0      0      0      0   1512   1410   1645      4      0 
    1    279     65     69     99     40      0      0      0      0   1512   1410   1889      4      0 
    0    233     59     61     97     22      0      0      0      0   1512   1410   1645      4      0 
    1    281     65     69     99     40      0      0      0      0   1512   1410   1889      4      0 
    0    232     59     61     97     22      0      0      0      0   1512   1410   1645      4      0 
    1    267     65     69     99     40      0      0      0      0   1512   1410   1889      4      0 
    0    230     59     61     97     22      0      0      0      0   1512   1410   1645      4      0 
    1    270     64     69     99     41      0      0      0      0   1512   1410   1889      4      0 
# gpu    pwr  gtemp  mtemp     sm    mem    enc    dec    jpg    ofa   mclk   pclk     fb   bar1   ccpm 
# Idx      W      C      C      %      %      %      %      %      %    MHz    MHz     MB     MB     MB 
    0    233     59     61     97     22      0      0      0      0   1512   1410   1645      4      0 
    1    282     65     69     99     41      0      0      0      0   1512   1410   1889      4      0 
    0    237     59     61     97     22      0      0      0      0   1512   1410   1645      4      0 
    1    267     64     69     99     41      0      0      0      0   1512   1410   1889      4      0 
    0    232     59     61     97     22      0      0      0      0   1512   1410   1645      4      0 
    1    271     64     69     99     41      0      0      0      0   1512   1410   1889      4      0 
    0    233     59     61     97     22      0      0      0      0   1512   1410   1645      4      0 
    1    275     65     69     99     40      0      0      0      0   1512   1410   1889      4      0 
    0    226     59     61     97     22      0      0      0      0   1512   1410   1645      4      0 
    1    269     65     69     99     41      0      0      0      0   1512   1410   1889      4      0 
    0    232     59     61     97     22      0      0      0      0   1512   1410   1645      4      0 
    1    279     65     69     99     41      0      0      0      0   1512   1410   1889      4      0 
    0    234     59     61     97     22      0      0      0      0   1512   1410   1645      4      0 
    1    271     64     69     99     40      0      0      0      0   1512   1410   1889      4      0 
    0    232     59     61     97     22      0      0      0      0   1512   1410   1645      4      0 
    1    274     64     69     99     41      0      0      0      0   1512   1410   1889      4      0 
    0    235     59     61     97     22      0      0      0      0   1512   1410   1645      4      0 
    1    273     65     69     99     41      0      0      0      0   1512   1410   1889      4      0 
    0    233     60     63     97     22      0      0      0      0   1512   1410   1645      4      0 
    1    282     66     71     99     41      0      0      0      0   1512   1410   1889      4      0 
    0    232     59     63     97     22      0      0      0      0   1512   1410   1645      4      0 
    1    278     65     69     99     41      0      0      0      0   1512   1410   1889      4      0 
    0    234     59     61     97     22      0      0      0      0   1512   1410   1645      4      0 
    1    274     65     69     99     41      0      0      0      0   1512   1410   1889      4      0 
    0    235     59     61     97     22      0      0      0      0   1512   1410   1645      4      0 
    1    270     65     69     99     40      0      0      0      0   1512   1410   1889      4      0 
    0    236     59     61     97     22      0      0      0      0   1512   1410   1645      4      0 
    1    278     65     69     99     41      0      0      0      0   1512   1410   1889      4      0 
    0    236     59     61     97     22      0      0      0      0   1512   1410   1645      4      0 
    1    272     65     69     99     40      0      0      0      0   1512   1410   1889      4      0 
    0    233     59     61     97     22      0      0      0      0   1512   1410   1645      4      0 
    1    280     64     69     99     40      0      0      0      0   1512   1410   1889      4      0 
    0    232     59     61     97     22      0      0      0      0   1512   1410   1645      4      0 
    1    275     65     69     99     41      0      0      0      0   1512   1410   1889      4      0 
    0    236     60     63     97     22      0      0      0      0   1512   1410   1645      4      0 
    1    280     66     71     99     40      0      0      0      0   1512   1410   1889      4      0 
    0    233     59     63     97     22      0      0      0      0   1512   1410   1645      4      0 
    1    279     66     69     99     40      0      0      0      0   1512   1410   1889      4      0 
    0    236     59     61     97     22      0      0      0      0   1512   1410   1645      4      0 
    1    277     65     69     99     40      0      0      0      0   1512   1410   1889      4      0 
    0    231     59     61     97     22      0      0      0      0   1512   1410   1645      4      0 
    1    274     65     69     99     41      0      0      0      0   1512   1410   1889      4      0 
    0    225     59     61     97     22      0      0      0      0   1512   1410   1645      4      0 
    1    277     65     69     99     41      0      0      0      0   1512   1410   1889      4      0 
# gpu    pwr  gtemp  mtemp     sm    mem    enc    dec    jpg    ofa   mclk   pclk     fb   bar1   ccpm 
# Idx      W      C      C      %      %      %      %      %      %    MHz    MHz     MB     MB     MB 
    0    227     59     61     97     22      0      0      0      0   1512   1410   1645      4      0 
    1    274     65     69     99     41      0      0      0      0   1512   1410   1889      4      0 
    0    233     59     61     97     22      0      0      0      0   1512   1410   1645      4      0 
    1    269     64     69     99     42      0      0      0      0   1512   1410   1889      4      0 
    0    231     59     61     97     22      0      0      0      0   1512   1410   1645      4      0 
    1    272     65     69     99     41      0      0      0      0   1512   1410   1889      4      0 
    0    231     59     61     97     22      0      0      0      0   1512   1410   1645      4      0 
    1    277     65     69     99     40      0      0      0      0   1512   1410   1889      4      0 
    0    233     59     61     97     22      0      0      0      0   1512   1410   1645      4      0 
    1    271     64     69     99     41      0      0      0      0   1512   1410   1889      4      0 
    0    228     59     61     97     22      0      0      0      0   1512   1410   1645      4      0 
    1    269     64     69     99     41      0      0      0      0   1512   1410   1889      4      0 
    0    236     59     61     97     22      0      0      0      0   1512   1410   1645      4      0 
    1    276     65     69     99     40      0      0      0      0   1512   1410   1889      4      0 
    0    233     59     61     97     22      0      0      0      0   1512   1410   1645      4      0 
    1    278     66     69     99     41      0      0      0      0   1512   1410   1889      4      0 
    0    231     59     61     97     22      0      0      0      0   1512   1410   1645      4      0 
    1    275     66     69     99     41      0      0      0      0   1512   1410   1889      4      0 
    0    228     59     61     97     22      0      0      0      0   1512   1410   1645      4      0 
    1    269     65     69     99     41      0      0      0      0   1512   1410   1889      4      0 
    0    231     59     61     97     22      0      0      0      0   1512   1410   1645      4      0 
    1    278     65     69     99     41      0      0      0      0   1512   1410   1889      4      0 
    0    232     59     61     97     22      0      0      0      0   1512   1410   1645      4      0 
    1    273     65     69     99     41      0      0      0      0   1512   1410   1889      4      0 
    0    236     59     61     97     22      0      0      0      0   1512   1410   1645      4      0 
    1    268     65     69     99     41      0      0      0      0   1512   1410   1889      4      0 
    0    234     59     61     97     22      0      0      0      0   1512   1410   1645      4      0 
    1    278     65     69     99     41      0      0      0      0   1512   1410   1889      4      0 
    0    226     59     61     97     22      0      0      0      0   1512   1410   1645      4      0 
    1    274     65     69     99     41      0      0      0      0   1512   1410   1889      4      0 
    0    235     59     61     97     22      0      0      0      0   1512   1410   1645      4      0 
    1    271     64     69     99     41      0      0      0      0   1512   1410   1889      4      0 
    0    234     59     61     97     22      0      0      0      0   1512   1410   1645      4      0 
    1    275     65     69     99     41      0      0      0      0   1512   1410   1889      4      0 
    0    231     59     61     97     22      0      0      0      0   1512   1410   1645      4      0 
    1    273     65     69     99     41      0      0      0      0   1512   1410   1889      4      0 
    0    236     59     61     97     22      0      0      0      0   1512   1410   1645      4      0 
    1    275     65     69     99     41      0      0      0      0   1512   1410   1889      4      0 
    0    228     59     61     97     22      0      0      0      0   1512   1410   1645      4      0 
    1    271     65     69     99     41      0      0      0      0   1512   1410   1889      4      0 
    0    232     59     61     97     22      0      0      0      0   1512   1410   1645      4      0 
    1    272     65     69     99     41      0      0      0      0   1512   1410   1889      4      0 
    0    229     59     61     97     22      0      0      0      0   1512   1410   1645      4      0 
    1    273     65     69     99     41      0      0      0      0   1512   1410   1889      4      0 
# gpu    pwr  gtemp  mtemp     sm    mem    enc    dec    jpg    ofa   mclk   pclk     fb   bar1   ccpm 
# Idx      W      C      C      %      %      %      %      %      %    MHz    MHz     MB     MB     MB 
    0    233     59     61     97     22      0      0      0      0   1512   1410   1645      4      0 
    1    272     64     69     99     41      0      0      0      0   1512   1410   1889      4      0 
    0    236     59     61     97     22      0      0      0      0   1512   1410   1645      4      0 
    1    280     65     69     99     41      0      0      0      0   1512   1410   1889      4      0 
    0    228     59     61     97     22      0      0      0      0   1512   1410   1645      4      0 
    1    214     62     67     82     34      0      0      0      0   1512   1410   1889      4      0 
    0    231     59     61     97     22      0      0      0      0   1512   1410   1645      4      0 
    1    274     65     69     99     41      0      0      0      0   1512   1410   1889      4      0 
    0    237     59     61     97     22      0      0      0      0   1512   1410   1645      4      0 
    1    277     65     69     99     41      0      0      0      0   1512   1410   1889      4      0 
    0    233     59     61     97     22      0      0      0      0   1512   1410   1645      4      0 
    1    274     65     69     99     41      0      0      0      0   1512   1410   1889      4      0 
    0    226     59     61     97     22      0      0      0      0   1512   1410   1645      4      0 
    1    279     65     69     99     41      0      0      0      0   1512   1410   1889      4      0 
    0    228     58     61     97     22      0      0      0      0   1512   1410   1645      4      0 
    1    279     64     69     99     41      0      0      0      0   1512   1410   1889      4      0 
    0    235     59     61     97     22      0      0      0      0   1512   1410   1645      4      0 
    1    276     65     69     99     41      0      0      0      0   1512   1410   1889      4      0 
    0    236     59     63     97     22      0      0      0      0   1512   1410   1645      4      0 
    1    273     66     69     99     41      0      0      0      0   1512   1410   1889      4      0 
    0    235     59     61     97     22      0      0      0      0   1512   1410   1645      4      0 
    1    272     65     69     99     41      0      0      0      0   1512   1410   1889      4      0 
    0    232     59     61     97     22      0      0      0      0   1512   1410   1645      4      0 
    1    280     65     69     99     41      0      0      0      0   1512   1410   1889      4      0 
    0    233     59     61     97     22      0      0      0      0   1512   1410   1645      4      0 
    1    271     65     69     99     41      0      0      0      0   1512   1410   1889      4      0 
    0    233     59     61     97     22      0      0      0      0   1512   1410   1645      4      0 
    1    274     65     69     99     41      0      0      0      0   1512   1410   1889      4      0 
    0    226     59     61     97     22      0      0      0      0   1512   1410   1645      4      0 
    1    276     65     69     99     41      0      0      0      0   1512   1410   1889      4      0 
    0    233     59     61     97     22      0      0      0      0   1512   1410   1645      4      0 
    1    274     65     69     99     40      0      0      0      0   1512   1410   1889      4      0 
    0    232     59     61     97     22      0      0      0      0   1512   1410   1645      4      0 
    1    277     65     69     99     41      0      0      0      0   1512   1410   1889      4      0 
    0    228     59     61     97     22      0      0      0      0   1512   1410   1645      4      0 
    1    276     64     69     99     41      0      0      0      0   1512   1410   1889      4      0 
    0    232     59     61     97     22      0      0      0      0   1512   1410   1645      4      0 
    1    276     65     69     99     40      0      0      0      0   1512   1410   1889      4      0 
    0    229     59     61     97     22      0      0      0      0   1512   1410   1645      4      0 
    1    272     65     69     99     40      0      0      0      0   1512   1410   1889      4      0 
    0    232     59     61     97     22      0      0      0      0   1512   1410   1645      4      0 
    1    281     65     69     99     41      0      0      0      0   1512   1410   1889      4      0 
    0    230     59     61     97     22      0      0      0      0   1512   1410   1645      4      0 
    1    273     65     69     99     40      0      0      0      0   1512   1410   1889      4      0 
# gpu    pwr  gtemp  mtemp     sm    mem    enc    dec    jpg    ofa   mclk   pclk     fb   bar1   ccpm 
# Idx      W      C      C      %      %      %      %      %      %    MHz    MHz     MB     MB     MB 
    0    226     59     61     97     22      0      0      0      0   1512   1410   1645      4      0 
    1    276     65     69     99     41      0      0      0      0   1512   1410   1889      4      0 
    0    231     59     61     97     22      0      0      0      0   1512   1410   1645      4      0 
    1    273     65     69     99     41      0      0      0      0   1512   1410   1889      4      0 
    0    230     59     61     97     22      0      0      0      0   1512   1410   1645      4      0 
    1    275     64     69     99     40      0      0      0      0   1512   1410   1889      4      0 
    0    237     59     61     97     22      0      0      0      0   1512   1410   1645      4      0 
    1    273     65     69     99     41      0      0      0      0   1512   1410   1889      4      0 
    0    239     59     61     97     22      0      0      0      0   1512   1410   1645      4      0 
    1    270     64     69     99     41      0      0      0      0   1512   1410   1889      4      0 
    0    237     59     63     97     22      0      0      0      0   1512   1410   1645      4      0 
    1    271     66     69     99     40      0      0      0      0   1512   1410   1889      4      0 
    0    235     60     63     97     22      0      0      0      0   1512   1410   1645      4      0 
    1    279     66     69     99     41      0      0      0      0   1512   1410   1889      4      0 
    0    232     59     63     97     22      0      0      0      0   1512   1410   1645      4      0 
    1    275     65     69     99     41      0      0      0      0   1512   1410   1889      4      0 
    0    232     59     61     97     22      0      0      0      0   1512   1410   1645      4      0 
    1    277     65     69     99     40      0      0      0      0   1512   1410   1889      4      0 
    0    228     59     61     97     22      0      0      0      0   1512   1410   1645      4      0 
    1    269     65     69     99     40      0      0      0      0   1512   1410   1889      4      0 
    0    236     59     61     97     22      0      0      0      0   1512   1410   1645      4      0 
    1    274     65     69     99     41      0      0      0      0   1512   1410   1889      4      0 
    0    231     59     61     97     22      0      0      0      0   1512   1410   1645      4      0 
    1    277     64     69     99     41      0      0      0      0   1512   1410   1889      4      0 
    0    234     59     61     97     22      0      0      0      0   1512   1410   1645      4      0 
    1    264     64     69     99     41      0      0      0      0   1512   1410   1889      4      0 
    0    233     59     61     97     22      0      0      0      0   1512   1410   1645      4      0 
    1    273     65     69     99     40      0      0      0      0   1512   1410   1889      4      0 
    0    232     59     61     97     22      0      0      0      0   1512   1410   1645      4      0 
    1    279     65     69     99     41      0      0      0      0   1512   1410   1889      4      0 
    0    234     59     61     97     22      0      0      0      0   1512   1410   1645      4      0 
    1    274     64     69     99     41      0      0      0      0   1512   1410   1889      4      0 
    0    236     59     61     97     22      0      0      0      0   1512   1410   1645      4      0 
    1    278     65     69     99     41      0      0      0      0   1512   1410   1889      4      0 
    0    238     59     61     97     22      0      0      0      0   1512   1410   1645      4      0 
    1    273     65     69     99     41      0      0      0      0   1512   1410   1889      4      0 
    0    234     59     61     97     22      0      0      0      0   1512   1410   1645      4      0 
    1    272     65     69     99     40      0      0      0      0   1512   1410   1889      4      0 
    0    230     59     61     97     22      0      0      0      0   1512   1410   1645      4      0 
    1    269     65     69     99     40      0      0      0      0   1512   1410   1889      4      0 
    0    232     59     61     97     22      0      0      0      0   1512   1410   1645      4      0 
    1    280     65     69     99     41      0      0      0      0   1512   1410   1889      4      0 
    0    232     59     61     97     22      0      0      0      0   1512   1410   1645      4      0 
    1    276     65     69     99     40      0      0      0      0   1512   1410   1889      4      0 
# gpu    pwr  gtemp  mtemp     sm    mem    enc    dec    jpg    ofa   mclk   pclk     fb   bar1   ccpm 
# Idx      W      C      C      %      %      %      %      %      %    MHz    MHz     MB     MB     MB 
    0    235     59     61     97     22      0      0      0      0   1512   1410   1645      4      0 
    1    272     65     69     99     41      0      0      0      0   1512   1410   1889      4      0 
    0    234     59     61     97     22      0      0      0      0   1512   1410   1645      4      0 
    1    277     65     69     99     40      0      0      0      0   1512   1410   1889      4      0 
    0    234     59     61     97     22      0      0      0      0   1512   1410   1645      4      0 
    1    275     65     69     99     41      0      0      0      0   1512   1410   1889      4      0 
    0    233     59     61     97     22      0      0      0      0   1512   1410   1645      4      0 
    1    272     65     69     99     41      0      0      0      0   1512   1410   1889      4      0 
    0    235     59     61     97     22      0      0      0      0   1512   1410   1645      4      0 
    1    274     65     69     99     41      0      0      0      0   1512   1410   1889      4      0 
    0    235     59     61     97     22      0      0      0      0   1512   1410   1645      4      0 
    1    275     65     69     99     41      0      0      0      0   1512   1410   1889      4      0 
    0    230     59     61     97     22      0      0      0      0   1512   1410   1645      4      0 
    1    271     65     69     99     41      0      0      0      0   1512   1410   1889      4      0 
    0    235     59     61     97     22      0      0      0      0   1512   1410   1645      4      0 
    1    274     65     69     99     41      0      0      0      0   1512   1410   1889      4      0 
    0    235     59     61     97     22      0      0      0      0   1512   1410   1645      4      0 
    1    280     65     69     99     40      0      0      0      0   1512   1410   1889      4      0 
    0    226     59     61     97     22      0      0      0      0   1512   1410   1645      4      0 
    1    275     65     69     99     41      0      0      0      0   1512   1410   1889      4      0 
    0    235     59     61     97     22      0      0      0      0   1512   1410   1645      4      0 
    1    274     65     69     99     41      0      0      0      0   1512   1410   1889      4      0 
    0    228     59     61     97     22      0      0      0      0   1512   1410   1645      4      0 
    1    279     65     69     99     41      0      0      0      0   1512   1410   1889      4      0 
    0    230     59     61     97     22      0      0      0      0   1512   1410   1645      4      0 
    1    270     65     69     99     41      0      0      0      0   1512   1410   1889      4      0 
    0    234     59     61     97     22      0      0      0      0   1512   1410   1645      4      0 
    1    279     65     69     99     40      0      0      0      0   1512   1410   1889      4      0 
    0    232     59     61     97     22      0      0      0      0   1512   1410   1645      4      0 
    1    274     65     69     99     42      0      0      0      0   1512   1410   1889      4      0 
    0    234     59     61     97     22      0      0      0      0   1512   1410   1645      4      0 
    1    273     65     69     99     40      0      0      0      0   1512   1410   1889      4      0 
    0    233     59     61     97     22      0      0      0      0   1512   1410   1645      4      0 
    1    276     65     69     99     41      0      0      0      0   1512   1410   1889      4      0 
    0    233     59     61     97     22      0      0      0      0   1512   1410   1645      4      0 
    1    268     64     69     99     41      0      0      0      0   1512   1410   1889      4      0 
    0    234     59     61     97     22      0      0      0      0   1512   1410   1645      4      0 
    1    282     65     69     99     41      0      0      0      0   1512   1410   1889      4      0 
    0    226     60     63     97     22      0      0      0      0   1512   1410   1645      4      0 
    1    271     66     71     99     41      0      0      0      0   1512   1410   1889      4      0 
    0    233     59     63     97     22      0      0      0      0   1512   1410   1645      4      0 
    1    282     66     69     99     41      0      0      0      0   1512   1410   1889      4      0 
    0    227     59     61     97     22      0      0      0      0   1512   1410   1645      4      0 
    1    268     65     69     99     41      0      0      0      0   1512   1410   1889      4      0 
# gpu    pwr  gtemp  mtemp     sm    mem    enc    dec    jpg    ofa   mclk   pclk     fb   bar1   ccpm 
# Idx      W      C      C      %      %      %      %      %      %    MHz    MHz     MB     MB     MB 
    0    224     59     61     97     22      0      0      0      0   1512   1410   1645      4      0 
    1    276     65     69     99     41      0      0      0      0   1512   1410   1889      4      0 
    0    234     59     61     97     22      0      0      0      0   1512   1410   1645      4      0 
    1    270     65     69     99     40      0      0      0      0   1512   1410   1889      4      0 
    0    232     59     61     97     22      0      0      0      0   1512   1410   1645      4      0 
    1    275     65     69     99     41      0      0      0      0   1512   1410   1889      4      0 
    0    231     59     61     97     22      0      0      0      0   1512   1410   1645      4      0 
    1    276     65     69     99     41      0      0      0      0   1512   1410   1889      4      0 
    0    232     59     61     97     22      0      0      0      0   1512   1410   1645      4      0 
    1    274     65     69     99     41      0      0      0      0   1512   1410   1889      4      0 
    0    234     59     61     97     22      0      0      0      0   1512   1410   1645      4      0 
    1    266     65     69     99     41      0      0      0      0   1512   1410   1889      4      0 
    0    229     59     61     97     22      0      0      0      0   1512   1410   1645      4      0 
    1    280     65     69     99     41      0      0      0      0   1512   1410   1889      4      0 
    0    235     59     61     97     22      0      0      0      0   1512   1410   1645      4      0 
    1    274     65     69     99     41      0      0      0      0   1512   1410   1889      4      0 
    0    226     59     61     97     22      0      0      0      0   1512   1410   1645      4      0 
    1    278     65     69     99     41      0      0      0      0   1512   1410   1889      4      0 
    0    226     59     61     97     22      0      0      0      0   1512   1410   1645      4      0 
    1    273     65     69     99     41      0      0      0      0   1512   1410   1889      4      0 
    0    238     59     61     97     22      0      0      0      0   1512   1410   1645      4      0 
    1    272     65     69     99     40      0      0      0      0   1512   1410   1889      4      0 
    0    231     59     61     97     22      0      0      0      0   1512   1410   1645      4      0 
    1    277     65     69     99     41      0      0      0      0   1512   1410   1889      4      0 
    0    233     59     61     97     22      0      0      0      0   1512   1410   1645      4      0 
    1    272     65     69     99     41      0      0      0      0   1512   1410   1889      4      0 
    0    228     59     61     97     22      0      0      0      0   1512   1410   1645      4      0 
    1    278     65     69     99     41      0      0      0      0   1512   1410   1889      4      0 
    0    235     59     61     97     22      0      0      0      0   1512   1410   1645      4      0 
    1    274     64     69     99     41      0      0      0      0   1512   1410   1889      4      0 
    0    233     59     61     97     22      0      0      0      0   1512   1410   1645      4      0 
    1    269     64     69     62     25      0      0      0      0   1512   1410   1889      4      0 
    0    236     59     61     97     22      0      0      0      0   1512   1410   1645      4      0 
    1    272     65     69     99     41      0      0      0      0   1512   1410   1889      4      0 
    0    228     59     61     97     22      0      0      0      0   1512   1410   1645      4      0 
    1    274     65     69     99     41      0      0      0      0   1512   1410   1889      4      0 
    0    234     59     61     97     22      0      0      0      0   1512   1410   1645      4      0 
    1    280     65     69     99     41      0      0      0      0   1512   1410   1889      4      0 
    0    233     59     61     97     22      0      0      0      0   1512   1410   1645      4      0 
    1    275     65     69     99     41      0      0      0      0   1512   1410   1889      4      0 
    0    231     59     61     97     22      0      0      0      0   1512   1410   1645      4      0 
    1    280     65     69     99     40      0      0      0      0   1512   1410   1889      4      0 
    0    233     59     61     97     22      0      0      0      0   1512   1410   1645      4      0 
    1    271     65     69     99     41      0      0      0      0   1512   1410   1889      4      0 
# gpu    pwr  gtemp  mtemp     sm    mem    enc    dec    jpg    ofa   mclk   pclk     fb   bar1   ccpm 
# Idx      W      C      C      %      %      %      %      %      %    MHz    MHz     MB     MB     MB 
    0    236     59     61     97     22      0      0      0      0   1512   1410   1645      4      0 
    1    274     65     69     99     41      0      0      0      0   1512   1410   1889      4      0 
    0    232     59     61     97     22      0      0      0      0   1512   1410   1645      4      0 
    1    272     65     69     99     41      0      0      0      0   1512   1410   1889      4      0 
    0    231     59     61     97     22      0      0      0      0   1512   1410   1645      4      0 
    1    281     64     69     99     41      0      0      0      0   1512   1410   1889      4      0 
    0    231     59     61     97     22      0      0      0      0   1512   1410   1645      4      0 
    1    274     64     69     99     41      0      0      0      0   1512   1410   1889      4      0 
    0    235     59     61     97     22      0      0      0      0   1512   1410   1645      4      0 
    1    268     64     69     99     41      0      0      0      0   1512   1410   1889      4      0 
    0    238     59     61     97     22      0      0      0      0   1512   1410   1645      4      0 
    1    278     65     69     99     41      0      0      0      0   1512   1410   1889      4      0 
    0    235     59     61     97     22      0      0      0      0   1512   1410   1645      4      0 
    1    276     65     69     99     41      0      0      0      0   1512   1410   1889      4      0 
    0    232     59     61     97     22      0      0      0      0   1512   1410   1645      4      0 
    1    282     65     69     99     40      0      0      0      0   1512   1410   1889      4      0 
    0    233     59     61     97     22      0      0      0      0   1512   1410   1645      4      0 
    1    279     65     69     99     41      0      0      0      0   1512   1410   1889      4      0 
    0    234     59     61     97     22      0      0      0      0   1512   1410   1645      4      0 
    1    277     65     69     99     41      0      0      0      0   1512   1410   1889      4      0 
    0    237     59     61     97     22      0      0      0      0   1512   1410   1645      4      0 
    1    267     65     69     99     40      0      0      0      0   1512   1410   1889      4      0 
    0    235     59     61     97     22      0      0      0      0   1512   1410   1645      4      0 
    1    279     65     69     99     41      0      0      0      0   1512   1410   1889      4      0 
    0    227     59     61     97     22      0      0      0      0   1512   1410   1645      4      0 
    1    267     65     69     99     41      0      0      0      0   1512   1410   1889      4      0 
    0    232     59     61     97     22      0      0      0      0   1512   1410   1645      4      0 
    1    273     65     69     99     41      0      0      0      0   1512   1410   1889      4      0 
    0    228     59     61     97     22      0      0      0      0   1512   1410   1645      4      0 
    1    275     65     69     99     41      0      0      0      0   1512   1410   1889      4      0 
    0    233     59     61     97     22      0      0      0      0   1512   1410   1645      4      0 
    1    274     65     69     99     40      0      0      0      0   1512   1410   1889      4      0 
    0    233     59     61     97     22      0      0      0      0   1512   1410   1645      4      0 
    1    274     65     69     99     41      0      0      0      0   1512   1410   1889      4      0 
    0    236     59     61     97     22      0      0      0      0   1512   1410   1645      4      0 
    1    268     64     69     99     41      0      0      0      0   1512   1410   1889      4      0 
    0    228     59     61     97     22      0      0      0      0   1512   1410   1645      4      0 
    1    271     65     69     99     41      0      0      0      0   1512   1410   1889      4      0 
    0    229     60     63     97     22      0      0      0      0   1512   1410   1645      4      0 
    1    281     65     69     99     41      0      0      0      0   1512   1410   1889      4      0 
    0    236     59     63     97     22      0      0      0      0   1512   1410   1645      4      0 
    1    271     65     69     99     41      0      0      0      0   1512   1410   1889      4      0 
    0    237     59     63     97     22      0      0      0      0   1512   1410   1645      4      0 
    1    277     65     69     99     41      0      0      0      0   1512   1410   1889      4      0 
# gpu    pwr  gtemp  mtemp     sm    mem    enc    dec    jpg    ofa   mclk   pclk     fb   bar1   ccpm 
# Idx      W      C      C      %      %      %      %      %      %    MHz    MHz     MB     MB     MB 
    0    234     59     61     97     22      0      0      0      0   1512   1410   1645      4      0 
    1    277     65     69     99     41      0      0      0      0   1512   1410   1889      4      0 
    0    237     59     61     97     22      0      0      0      0   1512   1410   1645      4      0 
    1    281     65     69     99     40      0      0      0      0   1512   1410   1889      4      0 
    0    236     59     61     97     22      0      0      0      0   1512   1410   1645      4      0 
    1    271     65     69     99     41      0      0      0      0   1512   1410   1889      4      0 
    0    235     59     61     97     22      0      0      0      0   1512   1410   1645      4      0 
    1    275     64     69     99     40      0      0      0      0   1512   1410   1889      4      0 
    0    235     60     63     97     22      0      0      0      0   1512   1410   1645      4      0 
    1    274     66     69     99     41      0      0      0      0   1512   1410   1889      4      0 
    0    235     60     63     97     22      0      0      0      0   1512   1410   1645      4      0 
    1    276     66     71     99     41      0      0      0      0   1512   1410   1889      4      0 
    0    234     59     63     97     22      0      0      0      0   1512   1410   1645      4      0 
    1    277     65     69     99     41      0      0      0      0   1512   1410   1889      4      0 
    0    234     59     63     97     22      0      0      0      0   1512   1410   1645      4      0 
    1    279     65     69     99     40      0      0      0      0   1512   1410   1889      4      0 
    0    234     59     61     97     22      0      0      0      0   1512   1410   1645      4      0 
    1    269     65     69     99     40      0      0      0      0   1512   1410   1889      4      0 
    0    235     59     61     97     22      0      0      0      0   1512   1410   1645      4      0 
    1    272     65     69     99     41      0      0      0      0   1512   1410   1889      4      0 
    0    233     59     61     97     22      0      0      0      0   1512   1410   1645      4      0 
    1    277     65     69     99     41      0      0      0      0   1512   1410   1889      4      0 
    0    235     59     61     97     22      0      0      0      0   1512   1410   1645      4      0 
    1    273     65     69     99     40      0      0      0      0   1512   1410   1889      4      0 
    0    232     59     61     97     22      0      0      0      0   1512   1410   1645      4      0 
    1    272     65     69     99     41      0      0      0      0   1512   1410   1889      4      0 
    0    231     59     61     97     22      0      0      0      0   1512   1410   1645      4      0 
    1    275     65     69     99     40      0      0      0      0   1512   1410   1889      4      0 
    0    226     59     63     97     22      0      0      0      0   1512   1410   1645      4      0 
    1    280     65     69     99     40      0      0      0      0   1512   1410   1889      4      0 
    0    234     59     63     97     22      0      0      0      0   1512   1410   1645      4      0 
    1    279     65     69     99     40      0      0      0      0   1512   1410   1889      4      0 
    0    232     59     61     97     22      0      0      0      0   1512   1410   1645      4      0 
    1    277     65     69     99     41      0      0      0      0   1512   1410   1889      4      0 
    0    236     59     61     97     22      0      0      0      0   1512   1410   1645      4      0 
    1    277     65     69     99     41      0      0      0      0   1512   1410   1889      4      0 
    0    233     59     61     97     22      0      0      0      0   1512   1410   1645      4      0 
    1    279     64     69     99     41      0      0      0      0   1512   1410   1889      4      0 
    0    234     59     61     97     22      0      0      0      0   1512   1410   1645      4      0 
    1    273     65     69     99     41      0      0      0      0   1512   1410   1889      4      0 
    0    227     59     61     97     22      0      0      0      0   1512   1410   1645      4      0 
    1    270     65     69     99     40      0      0      0      0   1512   1410   1889      4      0 
    0    226     59     61     97     22      0      0      0      0   1512   1410   1645      4      0 
    1    282     65     69     99     41      0      0      0      0   1512   1410   1889      4      0 
# gpu    pwr  gtemp  mtemp     sm    mem    enc    dec    jpg    ofa   mclk   pclk     fb   bar1   ccpm 
# Idx      W      C      C      %      %      %      %      %      %    MHz    MHz     MB     MB     MB 
    0    233     59     61     97     22      0      0      0      0   1512   1410   1645      4      0 
    1    269     64     69     99     41      0      0      0      0   1512   1410   1889      4      0 
    0    229     59     61     97     22      0      0      0      0   1512   1410   1645      4      0 
    1    279     65     69     99     40      0      0      0      0   1512   1410   1889      4      0 
    0    236     60     63     97     22      0      0      0      0   1512   1410   1645      4      0 
    1    274     66     69     99     41      0      0      0      0   1512   1410   1889      4      0 
    0    236     59     63     97     22      0      0      0      0   1512   1410   1645      4      0 
    1    277     66     69     99     41      0      0      0      0   1512   1410   1889      4      0 
    0    234     59     63     97     22      0      0      0      0   1512   1410   1645      4      0 
    1    282     65     69     99     40      0      0      0      0   1512   1410   1889      4      0 
    0    233     59     61     97     22      0      0      0      0   1512   1410   1645      4      0 
    1    282     65     69     99     40      0      0      0      0   1512   1410   1889      4      0 
    0    234     59     61     97     22      0      0      0      0   1512   1410   1645      4      0 
    1    272     65     69     99     40      0      0      0      0   1512   1410   1889      4      0 
    0    235     59     61     97     22      0      0      0      0   1512   1410   1645      4      0 
    1    272     65     69     99     40      0      0      0      0   1512   1410   1889      4      0 
    0    231     59     61     97     22      0      0      0      0   1512   1410   1645      4      0 
    1    275     65     69     99     41      0      0      0      0   1512   1410   1889      4      0 
    0    233     59     61     97     22      0      0      0      0   1512   1410   1645      4      0 
    1    278     65     69     99     41      0      0      0      0   1512   1410   1889      4      0 
    0    232     59     61     97     22      0      0      0      0   1512   1410   1645      4      0 
    1    272     64     69     99     41      0      0      0      0   1512   1410   1889      4      0 
    0    234     59     61     97     22      0      0      0      0   1512   1410   1645      4      0 
    1    274     65     69     99     41      0      0      0      0   1512   1410   1889      4      0 
    0    229     59     61     97     22      0      0      0      0   1512   1410   1645      4      0 
    1    276     65     69     99     41      0      0      0      0   1512   1410   1889      4      0 
    0    234     59     61     97     22      0      0      0      0   1512   1410   1645      4      0 
    1    269     65     69     99     41      0      0      0      0   1512   1410   1889      4      0 
    0    234     59     61     97     22      0      0      0      0   1512   1410   1645      4      0 
    1    273     64     69     99     41      0      0      0      0   1512   1410   1889      4      0 
    0    233     59     61     97     22      0      0      0      0   1512   1410   1645      4      0 
    1    278     65     69     99     40      0      0      0      0   1512   1410   1889      4      0 
    0    233     59     61     97     22      0      0      0      0   1512   1410   1645      4      0 
    1    281     65     69     99     41      0      0      0      0   1512   1410   1889      4      0 
    0    233     59     61     97     22      0      0      0      0   1512   1410   1645      4      0 
    1    275     65     69     99     41      0      0      0      0   1512   1410   1889      4      0 
    0    235     59     61     97     22      0      0      0      0   1512   1410   1645      4      0 
    1    269     65     69     99     40      0      0      0      0   1512   1410   1889      4      0 
    0    233     59     61     97     22      0      0      0      0   1512   1410   1645      4      0 
    1    275     65     69     99     40      0      0      0      0   1512   1410   1889      4      0 
    0    233     59     61     97     22      0      0      0      0   1512   1410   1645      4      0 
    1     83     63     67     60     25      0      0      0      0   1512   1410   1889      4      0 
    0    233     59     61     97     22      0      0      0      0   1512   1410   1645      4      0 
    1    273     65     69     99     41      0      0      0      0   1512   1410   1889      4      0 
# gpu    pwr  gtemp  mtemp     sm    mem    enc    dec    jpg    ofa   mclk   pclk     fb   bar1   ccpm 
# Idx      W      C      C      %      %      %      %      %      %    MHz    MHz     MB     MB     MB 
    0    228     59     61     97     22      0      0      0      0   1512   1410   1645      4      0 
    1    277     64     69     99     41      0      0      0      0   1512   1410   1889      4      0 
    0    232     59     61     97     22      0      0      0      0   1512   1410   1645      4      0 
    1    280     65     69     99     40      0      0      0      0   1512   1410   1889      4      0 
    0    226     59     61     97     22      0      0      0      0   1512   1410   1645      4      0 
    1    272     65     69     99     41      0      0      0      0   1512   1410   1889      4      0 
    0    235     59     61     97     22      0      0      0      0   1512   1410   1645      4      0 
    1    279     65     69     99     41      0      0      0      0   1512   1410   1889      4      0 
    0    235     59     61     97     22      0      0      0      0   1512   1410   1645      4      0 
    1    267     64     69     99     40      0      0      0      0   1512   1410   1889      4      0 
    0    234     59     61     97     22      0      0      0      0   1512   1410   1645      4      0 
    1    271     65     69     99     41      0      0      0      0   1512   1410   1889      4      0 
    0    233     59     61     97     22      0      0      0      0   1512   1410   1645      4      0 
    1    274     66     69     99     41      0      0      0      0   1512   1410   1889      4      0 
    0    230     59     63     97     22      0      0      0      0   1512   1410   1645      4      0 
    1    273     65     69     99     41      0      0      0      0   1512   1410   1889      4      0 
    0    227     59     61     97     22      0      0      0      0   1512   1410   1645      4      0 
    1    271     65     69     99     40      0      0      0      0   1512   1410   1889      4      0 
    0    230     59     61     97     22      0      0      0      0   1512   1410   1645      4      0 
    1    275     65     69     99     41      0      0      0      0   1512   1410   1889      4      0 
    0    234     59     61     97     22      0      0      0      0   1512   1410   1645      4      0 
    1    275     65     69     99     42      0      0      0      0   1512   1410   1889      4      0 
    0    233     59     61     97     22      0      0      0      0   1512   1410   1645      4      0 
    1    269     65     69     99     40      0      0      0      0   1512   1410   1889      4      0 
    0    228     59     61     97     22      0      0      0      0   1512   1410   1645      4      0 
    1    272     65     69     99     40      0      0      0      0   1512   1410   1889      4      0 
    0    235     59     61     97     22      0      0      0      0   1512   1410   1645      4      0 
    1    271     65     69     99     41      0      0      0      0   1512   1410   1889      4      0 
    0    235     59     61     97     22      0      0      0      0   1512   1410   1645      4      0 
    1    274     65     69     99     41      0      0      0      0   1512   1410   1889      4      0 
    0    234     59     61     97     22      0      0      0      0   1512   1410   1645      4      0 
    1    269     65     69     99     41      0      0      0      0   1512   1410   1889      4      0 
    0    234     59     61     97     22      0      0      0      0   1512   1410   1645      4      0 
    1    266     65     69     99     41      0      0      0      0   1512   1410   1889      4      0 
    0    231     59     61     97     22      0      0      0      0   1512   1410   1645      4      0 
    1    272     65     69     99     40      0      0      0      0   1512   1410   1889      4      0 
    0    230     59     61     97     22      0      0      0      0   1512   1410   1645      4      0 
    1    272     65     69     99     41      0      0      0      0   1512   1410   1889      4      0 
    0    231     59     61     97     22      0      0      0      0   1512   1410   1645      4      0 
    1    279     65     69     99     41      0      0      0      0   1512   1410   1889      4      0 
    0    233     59     61     97     22      0      0      0      0   1512   1410   1645      4      0 
    1    277     65     69     99     41      0      0      0      0   1512   1410   1889      4      0 
    0    233     59     61     97     22      0      0      0      0   1512   1410   1645      4      0 
    1    273     65     69     99     41      0      0      0      0   1512   1410   1889      4      0 
# gpu    pwr  gtemp  mtemp     sm    mem    enc    dec    jpg    ofa   mclk   pclk     fb   bar1   ccpm 
# Idx      W      C      C      %      %      %      %      %      %    MHz    MHz     MB     MB     MB 
    0    236     59     61     97     22      0      0      0      0   1512   1410   1645      4      0 
    1    271     64     69     99     40      0      0      0      0   1512   1410   1889      4      0 
    0    233     59     61     97     22      0      0      0      0   1512   1410   1645      4      0 
    1    269     65     69     99     41      0      0      0      0   1512   1410   1889      4      0 
    0    235     59     61     97     22      0      0      0      0   1512   1410   1645      4      0 
    1    272     66     69     99     41      0      0      0      0   1512   1410   1889      4      0 
    0    227     59     61     97     22      0      0      0      0   1512   1410   1645      4      0 
    1    272     65     69     99     41      0      0      0      0   1512   1410   1889      4      0 
    0    233     59     61     97     22      0      0      0      0   1512   1410   1645      4      0 
    1    275     65     69     99     41      0      0      0      0   1512   1410   1889      4      0 
    0    232     59     61     97     22      0      0      0      0   1512   1410   1645      4      0 
    1    278     65     69     99     40      0      0      0      0   1512   1410   1889      4      0 
    0    229     59     61     97     22      0      0      0      0   1512   1410   1645      4      0 
    1    268     65     69     99     41      0      0      0      0   1512   1410   1889      4      0 
    0    232     59     61     97     22      0      0      0      0   1512   1410   1645      4      0 
    1    276     65     69     99     41      0      0      0      0   1512   1410   1889      4      0 
    0    232     59     61     97     22      0      0      0      0   1512   1410   1645      4      0 
    1    273     64     69     99     41      0      0      0      0   1512   1410   1889      4      0 
    0    233     59     63     97     22      0      0      0      0   1512   1410   1645      4      0 
    1    273     65     69     99     41      0      0      0      0   1512   1410   1889      4      0 
    0    234     59     63     97     22      0      0      0      0   1512   1410   1645      4      0 
    1    273     65     69     99     41      0      0      0      0   1512   1410   1889      4      0 
    0    227     59     63     97     22      0      0      0      0   1512   1410   1645      4      0 
    1    270     65     69     99     41      0      0      0      0   1512   1410   1889      4      0 
    0    230     59     61     97     22      0      0      0      0   1512   1410   1645      4      0 
    1    269     65     69     99     41      0      0      0      0   1512   1410   1889      4      0 
    0    237     59     61     97     22      0      0      0      0   1512   1410   1645      4      0 
    1    280     65     69     99     40      0      0      0      0   1512   1410   1889      4      0 
    0    233     59     61     97     22      0      0      0      0   1512   1410   1645      4      0 
    1    270     65     69     99     41      0      0      0      0   1512   1410   1889      4      0 
    0    235     59     61     97     22      0      0      0      0   1512   1410   1645      4      0 
    1    279     65     69     99     41      0      0      0      0   1512   1410   1889      4      0 
    0    234     59     61     97     22      0      0      0      0   1512   1410   1645      4      0 
    1    274     65     69     99     40      0      0      0      0   1512   1410   1889      4      0 
    0    233     59     61     97     22      0      0      0      0   1512   1410   1645      4      0 
    1    271     65     69     99     41      0      0      0      0   1512   1410   1889      4      0 
    0    233     59     61     97     22      0      0      0      0   1512   1410   1645      4      0 
    1    281     65     69     99     41      0      0      0      0   1512   1410   1889      4      0 
    0    235     59     61     97     22      0      0      0      0   1512   1410   1645      4      0 
    1    281     65     69     99     41      0      0      0      0   1512   1410   1889      4      0 
    0    233     59     61     97     22      0      0      0      0   1512   1410   1645      4      0 
    1    282     65     69     99     41      0      0      0      0   1512   1410   1889      4      0 
    0    234     60     63     97     22      0      0      0      0   1512   1410   1645      4      0 
    1    278     66     71     99     40      0      0      0      0   1512   1410   1889      4      0 
# gpu    pwr  gtemp  mtemp     sm    mem    enc    dec    jpg    ofa   mclk   pclk     fb   bar1   ccpm 
# Idx      W      C      C      %      %      %      %      %      %    MHz    MHz     MB     MB     MB 
    0    237     59     63     97     22      0      0      0      0   1512   1410   1645      4      0 
    1    272     66     69     99     41      0      0      0      0   1512   1410   1889      4      0 
    0    233     59     61     97     22      0      0      0      0   1512   1410   1645      4      0 
    1    282     65     69     99     41      0      0      0      0   1512   1410   1889      4      0 
    0    232     59     61     97     22      0      0      0      0   1512   1410   1645      4      0 
    1    278     65     69     99     40      0      0      0      0   1512   1410   1889      4      0 
    0    234     59     61     97     22      0      0      0      0   1512   1410   1645      4      0 
    1    269     65     69     99     41      0      0      0      0   1512   1410   1889      4      0 
    0    232     59     61     97     22      0      0      0      0   1512   1410   1645      4      0 
    1    275     64     69     99     40      0      0      0      0   1512   1410   1889      4      0 
    0    237     59     61     97     22      0      0      0      0   1512   1410   1645      4      0 
    1    273     65     69     99     41      0      0      0      0   1512   1410   1889      4      0 
    0    230     60     63     97     22      0      0      0      0   1512   1410   1645      4      0 
    1    277     66     71     99     41      0      0      0      0   1512   1410   1889      4      0 
    0    228     59     63     97     22      0      0      0      0   1512   1410   1645      4      0 
    1    278     65     69     99     41      0      0      0      0   1512   1410   1889      4      0 
    0    236     59     61     97     22      0      0      0      0   1512   1410   1645      4      0 
    1    280     65     69     99     41      0      0      0      0   1512   1410   1889      4      0 
    0    233     59     61     97     22      0      0      0      0   1512   1410   1645      4      0 
    1    274     65     69     99     41      0      0      0      0   1512   1410   1889      4      0 
    0    234     59     61     97     22      0      0      0      0   1512   1410   1645      4      0 
    1    269     65     69     99     40      0      0      0      0   1512   1410   1889      4      0 
    0    233     59     61     97     22      0      0      0      0   1512   1410   1645      4      0 
    1    281     64     69     99     41      0      0      0      0   1512   1410   1889      4      0 
    0    230     59     61     97     22      0      0      0      0   1512   1410   1645      4      0 
    1    274     65     69     99     41      0      0      0      0   1512   1410   1889      4      0 
    0    233     59     61     97     22      0      0      0      0   1512   1410   1645      4      0 
    1    280     65     69     99     40      0      0      0      0   1512   1410   1889      4      0 
    0    226     59     61     97     22      0      0      0      0   1512   1410   1645      4      0 
    1    273     65     69     99     41      0      0      0      0   1512   1410   1889      4      0 
    0    235     59     61     97     22      0      0      0      0   1512   1410   1645      4      0 
    1    276     65     69     99     41      0      0      0      0   1512   1410   1889      4      0 
    0    231     59     61     97     22      0      0      0      0   1512   1410   1645      4      0 
    1    280     65     69     99     40      0      0      0      0   1512   1410   1889      4      0 
    0    234     59     61     97     22      0      0      0      0   1512   1410   1645      4      0 
    1    270     65     69     99     41      0      0      0      0   1512   1410   1889      4      0 
    0    229     59     61     97     22      0      0      0      0   1512   1410   1645      4      0 
    1    278     65     69     99     41      0      0      0      0   1512   1410   1889      4      0 
    0    233     59     61     97     22      0      0      0      0   1512   1410   1645      4      0 
    1    276     65     69     99     41      0      0      0      0   1512   1410   1889      4      0 
    0    235     59     61     97     22      0      0      0      0   1512   1410   1645      4      0 
    1    280     64     69     99     40      0      0      0      0   1512   1410   1889      4      0 
    0    237     59     61     97     22      0      0      0      0   1512   1410   1645      4      0 
    1    268     65     69     99     41      0      0      0      0   1512   1410   1889      4      0 
# gpu    pwr  gtemp  mtemp     sm    mem    enc    dec    jpg    ofa   mclk   pclk     fb   bar1   ccpm 
# Idx      W      C      C      %      %      %      %      %      %    MHz    MHz     MB     MB     MB 
    0    236     59     61     97     22      0      0      0      0   1512   1410   1645      4      0 
    1    277     64     69     99     40      0      0      0      0   1512   1410   1889      4      0 
    0    234     59     61     97     22      0      0      0      0   1512   1410   1645      4      0 
    1    280     65     69     99     40      0      0      0      0   1512   1410   1889      4      0 
    0    231     59     61     97     22      0      0      0      0   1512   1410   1645      4      0 
    1    270     66     69     99     40      0      0      0      0   1512   1410   1889      4      0 
    0    236     60     63     97     22      0      0      0      0   1512   1410   1645      4      0 
    1    275     65     69     99     41      0      0      0      0   1512   1410   1889      4      0 
    0    237     59     63     97     22      0      0      0      0   1512   1410   1645      4      0 
    1    276     66     69     99     40      0      0      0      0   1512   1410   1889      4      0 
    0    235     59     61     97     22      0      0      0      0   1512   1410   1645      4      0 
    1    273     65     69     99     40      0      0      0      0   1512   1410   1889      4      0 
    0    233     59     61     97     22      0      0      0      0   1512   1410   1645      4      0 
    1    274     65     69     99     40      0      0      0      0   1512   1410   1889      4      0 
    0    235     59     61     97     22      0      0      0      0   1512   1410   1645      4      0 
    1    273     65     69     99     40      0      0      0      0   1512   1410   1889      4      0 
    0    229     59     61     97     22      0      0      0      0   1512   1410   1645      4      0 
    1    279     65     69     99     42      0      0      0      0   1512   1410   1889      4      0 
    0    231     59     61     97     22      0      0      0      0   1512   1410   1645      4      0 
    1    275     65     69     99     40      0      0      0      0   1512   1410   1889      4      0 
    0    235     59     61     97     22      0      0      0      0   1512   1410   1645      4      0 
    1    275     65     69     99     40      0      0      0      0   1512   1410   1889      4      0 
    0    233     59     61     97     22      0      0      0      0   1512   1410   1645      4      0 
    1    277     64     69     99     41      0      0      0      0   1512   1410   1889      4      0 
    0    235     59     61     97     22      0      0      0      0   1512   1410   1645      4      0 
    1    281     65     69     99     40      0      0      0      0   1512   1410   1889      4      0 
    0    233     60     63     97     22      0      0      0      0   1512   1410   1645      4      0 
    1    278     66     71     99     41      0      0      0      0   1512   1410   1889      4      0 
    0    239     60     63     97     22      0      0      0      0   1512   1410   1645      4      0 
    1    277     66     71     99     41      0      0      0      0   1512   1410   1889      4      0 
    0    239     59     61     97     22      0      0      0      0   1512   1410   1645      4      0 
    1    274     66     69     99     40      0      0      0      0   1512   1410   1889      4      0 
    0    233     59     61     97     22      0      0      0      0   1512   1410   1645      4      0 
    1    271     65     69     99     41      0      0      0      0   1512   1410   1889      4      0 
    0    233     59     61     97     22      0      0      0      0   1512   1410   1645      4      0 
    1    276     65     69     99     41      0      0      0      0   1512   1410   1889      4      0 
    0    231     59     61     97     22      0      0      0      0   1512   1410   1645      4      0 
    1    273     65     69     99     41      0      0      0      0   1512   1410   1889      4      0 
    0    233     59     61     97     22      0      0      0      0   1512   1410   1645      4      0 
    1    274     64     69     99     41      0      0      0      0   1512   1410   1889      4      0 
    0    233     59     61     97     22      0      0      0      0   1512   1410   1645      4      0 
    1    276     65     69     99     40      0      0      0      0   1512   1410   1889      4      0 
    0    230     59     63     97     22      0      0      0      0   1512   1410   1645      4      0 
    1    277     65     69     99     41      0      0      0      0   1512   1410   1889      4      0 
# gpu    pwr  gtemp  mtemp     sm    mem    enc    dec    jpg    ofa   mclk   pclk     fb   bar1   ccpm 
# Idx      W      C      C      %      %      %      %      %      %    MHz    MHz     MB     MB     MB 
    0    230     59     61     97     22      0      0      0      0   1512   1410   1645      4      0 
    1    277     65     69     99     41      0      0      0      0   1512   1410   1889      4      0 
    0    232     59     61     97     22      0      0      0      0   1512   1410   1645      4      0 
    1    282     65     69     99     41      0      0      0      0   1512   1410   1889      4      0 
    0    238     59     61     97     22      0      0      0      0   1512   1410   1645      4      0 
    1    271     65     69     99     41      0      0      0      0   1512   1410   1889      4      0 
    0    232     59     61     97     22      0      0      0      0   1512   1410   1645      4      0 
    1    270     65     69     99     41      0      0      0      0   1512   1410   1889      4      0 
    0    229     59     61     97     22      0      0      0      0   1512   1410   1645      4      0 
    1    273     64     69     99     40      0      0      0      0   1512   1410   1889      4      0 
    0    235     59     61     97     22      0      0      0      0   1512   1410   1645      4      0 
    1    270     65     69     99     41      0      0      0      0   1512   1410   1889      4      0 
    0    236     59     61     97     22      0      0      0      0   1512   1410   1645      4      0 
    1    272     65     69     99     41      0      0      0      0   1512   1410   1889      4      0 
    0    235     59     61     97     22      0      0      0      0   1512   1410   1645      4      0 
    1    275     65     69     99     41      0      0      0      0   1512   1410   1889      4      0 
    0    234     59     61     97     22      0      0      0      0   1512   1410   1645      4      0 
    1    274     65     69     99     41      0      0      0      0   1512   1410   1889      4      0 
    0    231     59     61     97     22      0      0      0      0   1512   1410   1645      4      0 
    1    280     65     69     99     40      0      0      0      0   1512   1410   1889      4      0 
    0    226     59     61     97     22      0      0      0      0   1512   1410   1645      4      0 
    1    276     65     69     99     41      0      0      0      0   1512   1410   1889      4      0 
    0    229     59     61     97     22      0      0      0      0   1512   1410   1645      4      0 
    1    280     65     69     99     40      0      0      0      0   1512   1410   1889      4      0 
    0    232     59     61     97     22      0      0      0      0   1512   1410   1645      4      0 
    1    275     65     69     99     40      0      0      0      0   1512   1410   1889      4      0 
    0    234     60     63     97     22      0      0      0      0   1512   1410   1645      4      0 
    1    276     66     69     99     41      0      0      0      0   1512   1410   1889      4      0 
    0    233     59     63     97     22      0      0      0      0   1512   1410   1645      4      0 
    1    275     65     69     99     41      0      0      0      0   1512   1410   1889      4      0 
    0    234     59     61     97     22      0      0      0      0   1512   1410   1645      4      0 
    1    278     65     69     99     40      0      0      0      0   1512   1410   1889      4      0 
    0    234     59     61     97     22      0      0      0      0   1512   1410   1645      4      0 
    1    278     65     69     99     40      0      0      0      0   1512   1410   1889      4      0 
    0    235     59     61     97     22      0      0      0      0   1512   1410   1645      4      0 
    1    271     65     69     99     40      0      0      0      0   1512   1410   1889      4      0 
    0    232     59     61     97     22      0      0      0      0   1512   1410   1645      4      0 
    1    276     64     69     99     40      0      0      0      0   1512   1410   1889      4      0 
    0    237     59     61     97     22      0      0      0      0   1512   1410   1645      4      0 
    1    269     65     69     99     41      0      0      0      0   1512   1410   1889      4      0 
    0    233     59     63     97     22      0      0      0      0   1512   1410   1645      4      0 
    1    277     66     69     99     41      0      0      0      0   1512   1410   1889      4      0 
    0    234     59     63     97     22      0      0      0      0   1512   1410   1645      4      0 
    1    273     65     69     99     41      0      0      0      0   1512   1410   1889      4      0 
# gpu    pwr  gtemp  mtemp     sm    mem    enc    dec    jpg    ofa   mclk   pclk     fb   bar1   ccpm 
# Idx      W      C      C      %      %      %      %      %      %    MHz    MHz     MB     MB     MB 
    0    239     59     61     97     22      0      0      0      0   1512   1410   1645      4      0 
    1    279     65     69     99     41      0      0      0      0   1512   1410   1889      4      0 
    0    234     59     61     97     22      0      0      0      0   1512   1410   1645      4      0 
    1    280     64     69     99     41      0      0      0      0   1512   1410   1889      4      0 
    0    229     59     61     97     22      0      0      0      0   1512   1410   1645      4      0 
    1    274     65     69     99     41      0      0      0      0   1512   1410   1889      4      0 
    0    234     59     61     97     22      0      0      0      0   1512   1410   1645      4      0 
    1    277     65     69     99     41      0      0      0      0   1512   1410   1889      4      0 
    0    232     59     61     97     22      0      0      0      0   1512   1410   1645      4      0 
    1    276     65     69     99     41      0      0      0      0   1512   1410   1889      4      0 
    0    231     59     61     97     22      0      0      0      0   1512   1410   1645      4      0 
    1    280     64     69     99     40      0      0      0      0   1512   1410   1889      4      0 
    0    235     59     63     97     22      0      0      0      0   1512   1410   1645      4      0 
    1    272     65     69     99     41      0      0      0      0   1512   1410   1889      4      0 
    0    235     60     63     97     22      0      0      0      0   1512   1410   1645      4      0 
    1    270     66     71     99     41      0      0      0      0   1512   1410   1889      4      0 
    0    232     59     63     97     22      0      0      0      0   1512   1410   1645      4      0 
    1    276     65     69     99     41      0      0      0      0   1512   1410   1889      4      0 
    0    231     59     61     97     22      0      0      0      0   1512   1410   1645      4      0 
    1    272     65     69     99     40      0      0      0      0   1512   1410   1889      4      0 
    0    233     59     61     97     22      0      0      0      0   1512   1410   1645      4      0 
    1    270     65     69     99     40      0      0      0      0   1512   1410   1889      4      0 
    0    228     59     61     97     22      0      0      0      0   1512   1410   1645      4      0 
    1    275     65     69     99     41      0      0      0      0   1512   1410   1889      4      0 
    0    233     59     61     97     22      0      0      0      0   1512   1410   1645      4      0 
    1    282     65     69     99     41      0      0      0      0   1512   1410   1889      4      0 
    0    232     59     61     97     22      0      0      0      0   1512   1410   1645      4      0 
    1    261     64     69     99     40      0      0      0      0   1512   1410   1889      4      0 
    0    235     59     61     97     22      0      0      0      0   1512   1410   1645      4      0 
    1    276     65     69     99     41      0      0      0      0   1512   1410   1889      4      0 
    0    232     60     63     97     22      0      0      0      0   1512   1410   1645      4      0 
    1    271     66     71     99     41      0      0      0      0   1512   1410   1889      4      0 
    0    235     60     63     97     22      0      0      0      0   1512   1410   1645      4      0 
    1    282     66     71     99     40      0      0      0      0   1512   1410   1889      4      0 
    0    236     59     63     97     22      0      0      0      0   1512   1410   1645      4      0 
    1    271     65     69     99     41      0      0      0      0   1512   1410   1889      4      0 
    0    237     59     61     97     22      0      0      0      0   1512   1410   1645      4      0 
    1    275     65     69     99     41      0      0      0      0   1512   1410   1889      4      0 
    0    232     59     61     97     22      0      0      0      0   1512   1410   1645      4      0 
    1    271     65     69     99     40      0      0      0      0   1512   1410   1889      4      0 
    0    235     59     61     97     22      0      0      0      0   1512   1410   1645      4      0 
    1    274     65     69     99     41      0      0      0      0   1512   1410   1889      4      0 
    0    234     59     61     97     22      0      0      0      0   1512   1410   1645      4      0 
    1    278     65     69     99     41      0      0      0      0   1512   1410   1889      4      0 
# gpu    pwr  gtemp  mtemp     sm    mem    enc    dec    jpg    ofa   mclk   pclk     fb   bar1   ccpm 
# Idx      W      C      C      %      %      %      %      %      %    MHz    MHz     MB     MB     MB 
    0    236     59     61     97     22      0      0      0      0   1512   1410   1645      4      0 
    1    244     64     67     34     14      0      0      0      0   1512   1410   1889      4      0 
    0    233     59     61     97     22      0      0      0      0   1512   1410   1645      4      0 
    1    278     65     69     99     41      0      0      0      0   1512   1410   1889      4      0 
    0    233     59     61     97     22      0      0      0      0   1512   1410   1645      4      0 
    1    273     65     69     99     40      0      0      0      0   1512   1410   1889      4      0 
    0    232     59     61     97     22      0      0      0      0   1512   1410   1645      4      0 
    1    280     64     69     99     40      0      0      0      0   1512   1410   1889      4      0 
    0    234     59     61     97     22      0      0      0      0   1512   1410   1645      4      0 
    1    275     65     69     99     40      0      0      0      0   1512   1410   1889      4      0 
    0    235     59     61     97     22      0      0      0      0   1512   1410   1645      4      0 
    1    273     64     69     99     41      0      0      0      0   1512   1410   1889      4      0 
    0    222     59     61     97     22      0      0      0      0   1512   1410   1645      4      0 
    1    269     65     69     99     41      0      0      0      0   1512   1410   1889      4      0 
    0    231     59     61     97     22      0      0      0      0   1512   1410   1645      4      0 
    1    272     65     69     99     40      0      0      0      0   1512   1410   1889      4      0 
    0    235     59     61     97     22      0      0      0      0   1512   1410   1645      4      0 
    1    273     64     69     99     41      0      0      0      0   1512   1410   1889      4      0 
    0    230     59     61     97     22      0      0      0      0   1512   1410   1645      4      0 
    1    273     65     69     99     41      0      0      0      0   1512   1410   1889      4      0 
    0    232     60     63     97     22      0      0      0      0   1512   1410   1645      4      0 
    1    281     66     71     99     41      0      0      0      0   1512   1410   1889      4      0 
    0    236     60     63     97     22      0      0      0      0   1512   1410   1645      4      0 
    1    284     66     71     99     41      0      0      0      0   1512   1410   1889      4      0 
    0    231     59     61     97     22      0      0      0      0   1512   1410   1645      4      0 
    1    281     65     69     99     41      0      0      0      0   1512   1410   1889      4      0 
    0    235     59     61     97     22      0      0      0      0   1512   1410   1645      4      0 
    1    278     65     69     99     40      0      0      0      0   1512   1410   1889      4      0 
    0    230     59     61     97     22      0      0      0      0   1512   1410   1645      4      0 
    1    273     65     69     99     40      0      0      0      0   1512   1410   1889      4      0 
    0    232     59     61     97     22      0      0      0      0   1512   1410   1645      4      0 
    1    275     65     69     99     40      0      0      0      0   1512   1410   1889      4      0 
    0    229     59     61     97     22      0      0      0      0   1512   1410   1645      4      0 
    1    276     64     69     99     41      0      0      0      0   1512   1410   1889      4      0 
    0    234     59     61     97     22      0      0      0      0   1512   1410   1645      4      0 
    1    281     65     69     99     41      0      0      0      0   1512   1410   1889      4      0 
    0    238     59     61     97     22      0      0      0      0   1512   1410   1645      4      0 
    1    279     65     69     99     40      0      0      0      0   1512   1410   1889      4      0 
    0    233     59     61     97     22      0      0      0      0   1512   1410   1645      4      0 
    1    276     64     69     99     41      0      0      0      0   1512   1410   1889      4      0 
    0    231     59     61     97     22      0      0      0      0   1512   1410   1645      4      0 
    1    273     65     69     99     41      0      0      0      0   1512   1410   1889      4      0 
    0    235     59     61     97     22      0      0      0      0   1512   1410   1645      4      0 
    1    274     65     69     99     41      0      0      0      0   1512   1410   1889      4      0 
# gpu    pwr  gtemp  mtemp     sm    mem    enc    dec    jpg    ofa   mclk   pclk     fb   bar1   ccpm 
# Idx      W      C      C      %      %      %      %      %      %    MHz    MHz     MB     MB     MB 
    0    234     59     61     97     22      0      0      0      0   1512   1410   1645      4      0 
    1    278     65     69     99     41      0      0      0      0   1512   1410   1889      4      0 
    0    234     59     61     97     22      0      0      0      0   1512   1410   1645      4      0 
    1    275     65     69     99     41      0      0      0      0   1512   1410   1889      4      0 
    0    232     59     61     97     22      0      0      0      0   1512   1410   1645      4      0 
    1    276     65     69     99     40      0      0      0      0   1512   1410   1889      4      0 
    0    234     59     61     97     22      0      0      0      0   1512   1410   1645      4      0 
    1    268     65     69     99     41      0      0      0      0   1512   1410   1889      4      0 
    0    233     59     61     97     22      0      0      0      0   1512   1410   1645      4      0 
    1    271     64     69     99     41      0      0      0      0   1512   1410   1889      4      0 
    0    237     59     61     97     22      0      0      0      0   1512   1410   1645      4      0 
    1    279     65     69     99     41      0      0      0      0   1512   1410   1889      4      0 
    0    229     59     61     97     22      0      0      0      0   1512   1410   1645      4      0 
    1    281     65     69     99     40      0      0      0      0   1512   1410   1889      4      0 
    0    233     59     61     97     22      0      0      0      0   1512   1410   1645      4      0 
    1    271     65     69     99     40      0      0      0      0   1512   1410   1889      4      0 
    0    228     59     61     97     22      0      0      0      0   1512   1410   1645      4      0 
    1    275     65     69     99     41      0      0      0      0   1512   1410   1889      4      0 
    0    233     59     61     97     22      0      0      0      0   1512   1410   1645      4      0 
    1    277     65     69     99     41      0      0      0      0   1512   1410   1889      4      0 
    0    234     59     61     97     22      0      0      0      0   1512   1410   1645      4      0 
    1    278     64     69     99     41      0      0      0      0   1512   1410   1889      4      0 
    0    231     59     61     97     22      0      0      0      0   1512   1410   1645      4      0 
    1    283     65     69     99     41      0      0      0      0   1512   1410   1889      4      0 
    0    236     59     63     97     22      0      0      0      0   1512   1410   1645      4      0 
    1    280     66     69     99     41      0      0      0      0   1512   1410   1889      4      0 
    0    237     59     63     97     22      0      0      0      0   1512   1410   1645      4      0 
    1    278     66     69     99     40      0      0      0      0   1512   1410   1889      4      0 
    0    235     59     61     97     22      0      0      0      0   1512   1410   1645      4      0 
    1    270     65     69     99     41      0      0      0      0   1512   1410   1889      4      0 
    0    231     59     61     97     22      0      0      0      0   1512   1410   1645      4      0 
    1    277     65     69     99     41      0      0      0      0   1512   1410   1889      4      0 
    0    232     59     61     97     22      0      0      0      0   1512   1410   1645      4      0 
    1    273     65     69     99     40      0      0      0      0   1512   1410   1889      4      0 
    0    236     59     61     97     22      0      0      0      0   1512   1410   1645      4      0 
    1    275     65     69     99     41      0      0      0      0   1512   1410   1889      4      0 
    0    230     59     61     97     22      0      0      0      0   1512   1410   1645      4      0 
    1    268     65     69     99     40      0      0      0      0   1512   1410   1889      4      0 
    0    237     59     61     97     22      0      0      0      0   1512   1410   1645      4      0 
    1    279     65     69     99     41      0      0      0      0   1512   1410   1889      4      0 
    0    234     59     61     97     22      0      0      0      0   1512   1410   1645      4      0 
    1    279     65     69     99     41      0      0      0      0   1512   1410   1889      4      0 
    0    233     59     61     97     22      0      0      0      0   1512   1410   1645      4      0 
    1    278     65     69     99     41      0      0      0      0   1512   1410   1889      4      0 
# gpu    pwr  gtemp  mtemp     sm    mem    enc    dec    jpg    ofa   mclk   pclk     fb   bar1   ccpm 
# Idx      W      C      C      %      %      %      %      %      %    MHz    MHz     MB     MB     MB 
    0    234     59     61     97     22      0      0      0      0   1512   1410   1645      4      0 
    1    276     65     69     99     41      0      0      0      0   1512   1410   1889      4      0 
    0    231     59     61     97     22      0      0      0      0   1512   1410   1645      4      0 
    1    273     65     69     99     41      0      0      0      0   1512   1410   1889      4      0 
    0    237     59     63     97     22      0      0      0      0   1512   1410   1645      4      0 
    1    274     66     71     99     40      0      0      0      0   1512   1410   1889      4      0 
    0    236     59     63     97     22      0      0      0      0   1512   1410   1645      4      0 
    1    281     66     71     99     41      0      0      0      0   1512   1410   1889      4      0 
    0    233     59     63     97     22      0      0      0      0   1512   1410   1645      4      0 
    1    276     66     71     99     40      0      0      0      0   1512   1410   1889      4      0 
    0    233     59     61     97     22      0      0      0      0   1512   1410   1645      4      0 
    1    276     65     69     99     41      0      0      0      0   1512   1410   1889      4      0 
    0    234     59     61     97     22      0      0      0      0   1512   1410   1645      4      0 
    1    269     65     69     99     40      0      0      0      0   1512   1410   1889      4      0 
    0    237     59     61     97     22      0      0      0      0   1512   1410   1645      4      0 
    1    280     65     69     99     40      0      0      0      0   1512   1410   1889      4      0 
    0    236     59     61     97     22      0      0      0      0   1512   1410   1645      4      0 
    1    270     65     69     99     41      0      0      0      0   1512   1410   1889      4      0 
    0    230     59     61     97     22      0      0      0      0   1512   1410   1645      4      0 
    1    271     64     69     99     41      0      0      0      0   1512   1410   1889      4      0 
    0    233     59     61     97     22      0      0      0      0   1512   1410   1645      4      0 
    1    280     65     69     99     41      0      0      0      0   1512   1410   1889      4      0 
    0    227     59     61     97     22      0      0      0      0   1512   1410   1645      4      0 
    1    280     63     69     99     41      0      0      0      0   1512   1410   1889      4      0 
    0    230     59     61     97     22      0      0      0      0   1512   1410   1645      4      0 
    1    270     64     69     99     41      0      0      0      0   1512   1410   1889      4      0 
    0    238     60     63     97     22      0      0      0      0   1512   1410   1645      4      0 
    1    261     66     69     99     41      0      0      0      0   1512   1410   1889      4      0 
    0    229     59     63     97     22      0      0      0      0   1512   1410   1645      4      0 
    1    273     66     71     99     41      0      0      0      0   1512   1410   1889      4      0 
    0    229     59     61     97     22      0      0      0      0   1512   1410   1645      4      0 
    1    271     65     69     99     41      0      0      0      0   1512   1410   1889      4      0 
    0    234     59     61     97     22      0      0      0      0   1512   1410   1645      4      0 
    1    273     65     69     99     41      0      0      0      0   1512   1410   1889      4      0 
    0    228     59     61     97     22      0      0      0      0   1512   1410   1645      4      0 
    1    272     65     69     99     40      0      0      0      0   1512   1410   1889      4      0 
    0    225     59     61     97     22      0      0      0      0   1512   1410   1645      4      0 
    1    268     65     69     99     41      0      0      0      0   1512   1410   1889      4      0 
    0    232     59     61     97     22      0      0      0      0   1512   1410   1645      4      0 
    1    271     64     69     99     41      0      0      0      0   1512   1410   1889      4      0 
    0    231     59     61     97     22      0      0      0      0   1512   1410   1645      4      0 
    1    276     65     69     99     41      0      0      0      0   1512   1410   1889      4      0 
    0    231     59     63     97     22      0      0      0      0   1512   1410   1645      4      0 
    1    279     66     71     99     41      0      0      0      0   1512   1410   1889      4      0 
# gpu    pwr  gtemp  mtemp     sm    mem    enc    dec    jpg    ofa   mclk   pclk     fb   bar1   ccpm 
# Idx      W      C      C      %      %      %      %      %      %    MHz    MHz     MB     MB     MB 
    0    233     59     63     97     22      0      0      0      0   1512   1410   1645      4      0 
    1    270     65     69     99     40      0      0      0      0   1512   1410   1889      4      0 
    0    236     59     61     97     22      0      0      0      0   1512   1410   1645      4      0 
    1    271     65     69     99     41      0      0      0      0   1512   1410   1889      4      0 
    0    234     59     61     97     22      0      0      0      0   1512   1410   1645      4      0 
    1    274     65     69     99     41      0      0      0      0   1512   1410   1889      4      0 
    0    231     59     61     97     22      0      0      0      0   1512   1410   1645      4      0 
    1    275     65     69     99     41      0      0      0      0   1512   1410   1889      4      0 
    0    232     59     61     97     22      0      0      0      0   1512   1410   1645      4      0 
    1    272     65     69     99     41      0      0      0      0   1512   1410   1889      4      0 
    0    231     59     61     97     22      0      0      0      0   1512   1410   1645      4      0 
    1    269     64     69     99     40      0      0      0      0   1512   1410   1889      4      0 
    0    226     59     61     97     22      0      0      0      0   1512   1410   1645      4      0 
    1    281     65     69     99     41      0      0      0      0   1512   1410   1889      4      0 
    0    234     59     63     97     22      0      0      0      0   1512   1410   1645      4      0 
    1    272     66     71     99     41      0      0      0      0   1512   1410   1889      4      0 
    0    238     59     61     97     22      0      0      0      0   1512   1410   1645      4      0 
    1    271     66     69     99     40      0      0      0      0   1512   1410   1889      4      0 
    0    232     59     61     97     22      0      0      0      0   1512   1410   1645      4      0 
    1    280     65     69     99     41      0      0      0      0   1512   1410   1889      4      0 
    0    230     59     61     97     22      0      0      0      0   1512   1410   1645      4      0 
    1    274     65     69     99     41      0      0      0      0   1512   1410   1889      4      0 
    0    228     59     61     97     22      0      0      0      0   1512   1410   1645      4      0 
    1    276     65     69     99     41      0      0      0      0   1512   1410   1889      4      0 
    0    232     59     61     97     22      0      0      0      0   1512   1410   1645      4      0 
    1    267     65     69     99     40      0      0      0      0   1512   1410   1889      4      0 
    0    230     58     61     97     22      0      0      0      0   1512   1410   1645      4      0 
    1    276     64     69     99     41      0      0      0      0   1512   1410   1889      4      0 
    0    224     59     61     97     22      0      0      0      0   1512   1410   1645      4      0 
    1    279     65     69     99     41      0      0      0      0   1512   1410   1889      4      0 
    0    232     59     61     97     22      0      0      0      0   1512   1410   1645      4      0 
    1    277     66     71     99     41      0      0      0      0   1512   1410   1889      4      0 
    0    227     59     61     97     22      0      0      0      0   1512   1410   1645      4      0 
    1    278     65     69     99     40      0      0      0      0   1512   1410   1889      4      0 
    0    234     59     61     97     22      0      0      0      0   1512   1410   1645      4      0 
    1    269     65     69     99     41      0      0      0      0   1512   1410   1889      4      0 
    0    234     59     61     97     22      0      0      0      0   1512   1410   1645      4      0 
    1    277     65     69     99     41      0      0      0      0   1512   1410   1889      4      0 
    0    229     59     61     97     22      0      0      0      0   1512   1410   1645      4      0 
    1    278     65     69     99     41      0      0      0      0   1512   1410   1889      4      0 
    0    227     58     61     97     22      0      0      0      0   1512   1410   1645      4      0 
    1    278     65     69     99     41      0      0      0      0   1512   1410   1889      4      0 
    0    227     58     61     97     22      0      0      0      0   1512   1410   1645      4      0 
    1    272     64     69     99     41      0      0      0      0   1512   1410   1889      4      0 
# gpu    pwr  gtemp  mtemp     sm    mem    enc    dec    jpg    ofa   mclk   pclk     fb   bar1   ccpm 
# Idx      W      C      C      %      %      %      %      %      %    MHz    MHz     MB     MB     MB 
    0    229     58     61     97     22      0      0      0      0   1512   1410   1645      4      0 
    1    276     65     69     99     41      0      0      0      0   1512   1410   1889      4      0 
    0    230     59     61     97     22      0      0      0      0   1512   1410   1645      4      0 
    1    273     65     69     99     40      0      0      0      0   1512   1410   1889      4      0 
    0    228     59     61     97     22      0      0      0      0   1512   1410   1645      4      0 
    1    272     65     69     99     41      0      0      0      0   1512   1410   1889      4      0 
    0    226     58     61     97     22      0      0      0      0   1512   1410   1645      4      0 
    1    273     65     69     99     41      0      0      0      0   1512   1410   1889      4      0 
    0    226     58     61     97     22      0      0      0      0   1512   1410   1645      4      0 
    1    277     64     69     99     41      0      0      0      0   1512   1410   1889      4      0 
    0    232     59     61     97     22      0      0      0      0   1512   1410   1645      4      0 
    1    279     65     69     99     41      0      0      0      0   1512   1410   1889      4      0 
    0    226     59     61     97     22      0      0      0      0   1512   1410   1645      4      0 
    1    277     65     69     99     41      0      0      0      0   1512   1410   1889      4      0 
    0    230     59     61     97     22      0      0      0      0   1512   1410   1645      4      0 
    1    277     65     69     99     41      0      0      0      0   1512   1410   1889      4      0 
    0    233     58     61     97     22      0      0      0      0   1512   1410   1645      4      0 
    1    277     65     69     99     41      0      0      0      0   1512   1410   1889      4      0 
    0    232     58     61     97     22      0      0      0      0   1512   1410   1645      4      0 
    1    276     65     69     99     41      0      0      0      0   1512   1410   1889      4      0 
    0    231     59     61     97     22      0      0      0      0   1512   1410   1645      4      0 
    1    276     66     69     99     41      0      0      0      0   1512   1410   1889      4      0 
    0    223     59     61     97     22      0      0      0      0   1512   1410   1645      4      0 
    1    273     66     69     99     40      0      0      0      0   1512   1410   1889      4      0 
    0    228     59     61     97     22      0      0      0      0   1512   1410   1645      4      0 
    1    275     65     69     99     41      0      0      0      0   1512   1410   1889      4      0 
    0    228     59     61     97     22      0      0      0      0   1512   1410   1645      4      0 
    1    278     65     69     99     41      0      0      0      0   1512   1410   1889      4      0 
    0    228     58     61     97     22      0      0      0      0   1512   1410   1645      4      0 
    1    272     65     69     99     40      0      0      0      0   1512   1410   1889      4      0 
    0    231     58     61     97     22      0      0      0      0   1512   1410   1645      4      0 
    1    277     65     69     99     41      0      0      0      0   1512   1410   1889      4      0 
    0    233     58     61     97     22      0      0      0      0   1512   1410   1645      4      0 
    1    272     64     69     99     41      0      0      0      0   1512   1410   1889      4      0 
    0    232     59     61     97     22      0      0      0      0   1512   1410   1645      4      0 
    1    280     65     69     99     41      0      0      0      0   1512   1410   1889      4      0 
    0    228     59     61     97     22      0      0      0      0   1512   1410   1645      4      0 
    1    273     65     69     99     41      0      0      0      0   1512   1410   1889      4      0 
    0    232     59     61     97     22      0      0      0      0   1512   1410   1645      4      0 
    1    283     65     69     99     40      0      0      0      0   1512   1410   1889      4      0 
    0    234     59     61     97     22      0      0      0      0   1512   1410   1645      4      0 
    1    276     65     69     99     41      0      0      0      0   1512   1410   1889      4      0 
    0    228     59     61     97     22      0      0      0      0   1512   1410   1645      4      0 
    1    278     65     69     99     41      0      0      0      0   1512   1410   1889      4      0 
# gpu    pwr  gtemp  mtemp     sm    mem    enc    dec    jpg    ofa   mclk   pclk     fb   bar1   ccpm 
# Idx      W      C      C      %      %      %      %      %      %    MHz    MHz     MB     MB     MB 
    0    230     59     61     97     22      0      0      0      0   1512   1410   1645      4      0 
    1    274     65     69     99     41      0      0      0      0   1512   1410   1889      4      0 
    0    233     59     61     97     22      0      0      0      0   1512   1410   1645      4      0 
    1    278     65     69     99     41      0      0      0      0   1512   1410   1889      4      0 
    0    232     59     61     97     22      0      0      0      0   1512   1410   1645      4      0 
    1    281     65     69     99     41      0      0      0      0   1512   1410   1889      4      0 
    0    231     59     61     97     22      0      0      0      0   1512   1410   1645      4      0 
    1    273     65     69     99     40      0      0      0      0   1512   1410   1889      4      0 
    0    236     58     61     97     22      0      0      0      0   1512   1410   1645      4      0 
    1    281     65     69     99     41      0      0      0      0   1512   1410   1889      4      0 
    0    232     58     61     97     22      0      0      0      0   1512   1410   1645      4      0 
    1    268     64     69     99     41      0      0      0      0   1512   1410   1889      4      0 
    0    229     58     61     97     22      0      0      0      0   1512   1410   1645      4      0 
    1    267     65     69     99     41      0      0      0      0   1512   1410   1889      4      0 
    0    229     58     61     97     22      0      0      0      0   1512   1410   1645      4      0 
    1    271     64     69     99     41      0      0      0      0   1512   1410   1889      4      0 
    0    234     59     61     97     22      0      0      0      0   1512   1410   1645      4      0 
    1    275     65     69     99     40      0      0      0      0   1512   1410   1889      4      0 
    0    234     59     61     97     22      0      0      0      0   1512   1410   1645      4      0 
    1    274     65     69     99     41      0      0      0      0   1512   1410   1889      4      0 
    0    233     59     61     97     22      0      0      0      0   1512   1410   1645      4      0 
    1    274     65     69     99     41      0      0      0      0   1512   1410   1889      4      0 
    0    234     59     61     97     22      0      0      0      0   1512   1410   1645      4      0 
    1    274     64     69     99     40      0      0      0      0   1512   1410   1889      4      0 
    0    231     59     61     97     22      0      0      0      0   1512   1410   1645      4      0 
    1    274     65     69     99     41      0      0      0      0   1512   1410   1889      4      0 
    0    234     59     61     97     22      0      0      0      0   1512   1410   1645      4      0 
    1    277     65     69     99     41      0      0      0      0   1512   1410   1889      4      0 
    0    231     59     61     97     22      0      0      0      0   1512   1410   1645      4      0 
    1    269     65     69     99     40      0      0      0      0   1512   1410   1889      4      0 
    0    233     59     61     97     22      0      0      0      0   1512   1410   1645      4      0 
    1    268     64     69     99     41      0      0      0      0   1512   1410   1889      4      0 
    0    227     59     61     97     22      0      0      0      0   1512   1410   1645      4      0 
    1    275     64     67     82     34      0      0      0      0   1512   1410   1889      4      0 
    0    233     59     61     97     22      0      0      0      0   1512   1410   1645      4      0 
    1    271     65     69     99     41      0      0      0      0   1512   1410   1889      4      0 
    0    232     59     61     97     22      0      0      0      0   1512   1410   1645      4      0 
    1    276     64     69     99     41      0      0      0      0   1512   1410   1889      4      0 
    0    230     59     61     97     22      0      0      0      0   1512   1410   1645      4      0 
    1    279     65     69     99     41      0      0      0      0   1512   1410   1889      4      0 
    0    231     59     61     97     22      0      0      0      0   1512   1410   1645      4      0 
    1    276     65     69     99     41      0      0      0      0   1512   1410   1889      4      0 
    0    229     59     61     97     22      0      0      0      0   1512   1410   1645      4      0 
    1    270     65     69     99     41      0      0      0      0   1512   1410   1889      4      0 
# gpu    pwr  gtemp  mtemp     sm    mem    enc    dec    jpg    ofa   mclk   pclk     fb   bar1   ccpm 
# Idx      W      C      C      %      %      %      %      %      %    MHz    MHz     MB     MB     MB 
    0    226     59     61     97     22      0      0      0      0   1512   1410   1645      4      0 
    1    275     65     69     99     40      0      0      0      0   1512   1410   1889      4      0 
    0    232     59     61     97     22      0      0      0      0   1512   1410   1645      4      0 
    1    273     65     69     99     41      0      0      0      0   1512   1410   1889      4      0 
    0    230     59     61     97     22      0      0      0      0   1512   1410   1645      4      0 
    1    254     63     67     38     16      0      0      0      0   1512   1410   1889      4      0 
    0    236     59     61     97     22      0      0      0      0   1512   1410   1645      4      0 
    1    277     65     69     99     40      0      0      0      0   1512   1410   1889      4      0 
    0    230     60     63     97     22      0      0      0      0   1512   1410   1645      4      0 
    1    271     66     69     99     40      0      0      0      0   1512   1410   1889      4      0 
    0    236     59     61     97     22      0      0      0      0   1512   1410   1645      4      0 
    1    275     66     69     99     40      0      0      0      0   1512   1410   1889      4      0 
    0    236     59     61     97     22      0      0      0      0   1512   1410   1645      4      0 
    1    282     65     69     99     41      0      0      0      0   1512   1410   1889      4      0 
    0    232     59     61     97     22      0      0      0      0   1512   1410   1645      4      0 
    1    272     65     69     99     42      0      0      0      0   1512   1410   1889      4      0 
    0    235     59     61     97     22      0      0      0      0   1512   1410   1645      4      0 
    1    270     65     69     99     41      0      0      0      0   1512   1410   1889      4      0 
    0    233     59     61     97     22      0      0      0      0   1512   1410   1645      4      0 
    1    272     65     69     99     40      0      0      0      0   1512   1410   1889      4      0 
    0    236     59     61     97     22      0      0      0      0   1512   1410   1645      4      0 
    1    274     64     69     99     41      0      0      0      0   1512   1410   1889      4      0 
    0    233     59     61     97     22      0      0      0      0   1512   1410   1645      4      0 
    1    277     66     69     99     41      0      0      0      0   1512   1410   1889      4      0 
    0    232     60     63     97     22      0      0      0      0   1512   1410   1645      4      0 
    1    277     66     71     99     40      0      0      0      0   1512   1410   1889      4      0 
    0    229     59     63     97     22      0      0      0      0   1512   1410   1645      4      0 
    1    273     65     69     99     41      0      0      0      0   1512   1410   1889      4      0 
    0    238     59     61     97     22      0      0      0      0   1512   1410   1645      4      0 
    1    273     65     69     99     40      0      0      0      0   1512   1410   1889      4      0 
    0    235     59     61     97     22      0      0      0      0   1512   1410   1645      4      0 
    1    269     65     69     99     41      0      0      0      0   1512   1410   1889      4      0 
    0    230     59     61     97     22      0      0      0      0   1512   1410   1645      4      0 
    1    274     65     69     99     40      0      0      0      0   1512   1410   1889      4      0 
    0    232     59     61     97     22      0      0      0      0   1512   1410   1645      4      0 
    1    271     64     69     99     41      0      0      0      0   1512   1410   1889      4      0 
    0    231     59     61     97     22      0      0      0      0   1512   1410   1645      4      0 
    1    276     65     69     99     40      0      0      0      0   1512   1410   1889      4      0 
    0    233     59     61     97     22      0      0      0      0   1512   1410   1645      4      0 
    1    282     65     69     99     41      0      0      0      0   1512   1410   1889      4      0 
    0    235     59     63     97     22      0      0      0      0   1512   1410   1645      4      0 
    1    272     66     71     99     41      0      0      0      0   1512   1410   1889      4      0 
    0    236     59     61     97     22      0      0      0      0   1512   1410   1645      4      0 
    1    271     65     69     99     41      0      0      0      0   1512   1410   1889      4      0 
# gpu    pwr  gtemp  mtemp     sm    mem    enc    dec    jpg    ofa   mclk   pclk     fb   bar1   ccpm 
# Idx      W      C      C      %      %      %      %      %      %    MHz    MHz     MB     MB     MB 
    0    229     59     61     97     22      0      0      0      0   1512   1410   1645      4      0 
    1    273     65     69     99     41      0      0      0      0   1512   1410   1889      4      0 
    0    230     59     61     97     22      0      0      0      0   1512   1410   1645      4      0 
    1    281     65     69     99     41      0      0      0      0   1512   1410   1889      4      0 
    0    234     59     61     97     22      0      0      0      0   1512   1410   1645      4      0 
    1    268     65     69     99     41      0      0      0      0   1512   1410   1889      4      0 
    0    227     59     61     97     22      0      0      0      0   1512   1410   1645      4      0 
    1    279     65     69     99     40      0      0      0      0   1512   1410   1889      4      0 
    0    230     59     61     97     22      0      0      0      0   1512   1410   1645      4      0 
    1    268     64     69     99     40      0      0      0      0   1512   1410   1889      4      0 
    0    237     59     61     97     22      0      0      0      0   1512   1410   1645      4      0 
    1    281     65     69     99     41      0      0      0      0   1512   1410   1889      4      0 
    0    234     60     63     97     22      0      0      0      0   1512   1410   1645      4      0 
    1    270     66     71     99     40      0      0      0      0   1512   1410   1889      4      0 
    0    234     59     61     97     22      0      0      0      0   1512   1410   1645      4      0 
    1    270     66     69     99     41      0      0      0      0   1512   1410   1889      4      0 
    0    233     59     61     97     22      0      0      0      0   1512   1410   1645      4      0 
    1    281     65     69     99     41      0      0      0      0   1512   1410   1889      4      0 
    0    236     59     61     97     22      0      0      0      0   1512   1410   1645      4      0 
    1    275     65     69     99     40      0      0      0      0   1512   1410   1889      4      0 
    0    234     59     61     97     22      0      0      0      0   1512   1410   1645      4      0 
    1    274     65     69     99     41      0      0      0      0   1512   1410   1889      4      0 
    0    233     59     61     97     22      0      0      0      0   1512   1410   1645      4      0 
    1    270     65     69     99     41      0      0      0      0   1512   1410   1889      4      0 
    0    236     59     61     97     22      0      0      0      0   1512   1410   1645      4      0 
    1    271     64     69     99     41      0      0      0      0   1512   1410   1889      4      0 
    0    236     60     61     97     22      0      0      0      0   1512   1410   1645      4      0 
    1    271     66     69     99     41      0      0      0      0   1512   1410   1889      4      0 
    0    231     60     63     97     22      0      0      0      0   1512   1410   1645      4      0 
    1    270     66     71     99     41      0      0      0      0   1512   1410   1889      4      0 
    0    238     59     63     97     22      0      0      0      0   1512   1410   1645      4      0 
    1    270     66     69     99     41      0      0      0      0   1512   1410   1889      4      0 
    0    234     59     61     97     22      0      0      0      0   1512   1410   1645      4      0 
    1    273     65     69     99     40      0      0      0      0   1512   1410   1889      4      0 
    0    237     59     61     97     22      0      0      0      0   1512   1410   1645      4      0 
    1    268     65     69     99     41      0      0      0      0   1512   1410   1889      4      0 
    0    230     59     61     97     22      0      0      0      0   1512   1410   1645      4      0 
    1    269     65     69     99     42      0      0      0      0   1512   1410   1889      4      0 
    0    228     59     61     97     22      0      0      0      0   1512   1410   1645      4      0 
    1    273     65     69     99     41      0      0      0      0   1512   1410   1889      4      0 
    0    233     59     61     97     22      0      0      0      0   1512   1410   1645      4      0 
    1    270     65     69     99     40      0      0      0      0   1512   1410   1889      4      0 
    0    231     59     61     97     22      0      0      0      0   1512   1410   1645      4      0 
    1    275     65     69     99     41      0      0      0      0   1512   1410   1889      4      0 
# gpu    pwr  gtemp  mtemp     sm    mem    enc    dec    jpg    ofa   mclk   pclk     fb   bar1   ccpm 
# Idx      W      C      C      %      %      %      %      %      %    MHz    MHz     MB     MB     MB 
    0    234     59     61     97     22      0      0      0      0   1512   1410   1645      4      0 
    1    276     65     69     99     41      0      0      0      0   1512   1410   1889      4      0 
    0    233     59     61     97     22      0      0      0      0   1512   1410   1645      4      0 
    1    273     65     69     99     41      0      0      0      0   1512   1410   1889      4      0 
    0    230     59     63     97     22      0      0      0      0   1512   1410   1645      4      0 
    1    276     65     69     99     40      0      0      0      0   1512   1410   1889      4      0 
    0    234     59     61     97     22      0      0      0      0   1512   1410   1645      4      0 
    1    274     65     69     99     41      0      0      0      0   1512   1410   1889      4      0 
    0    227     59     61     97     22      0      0      0      0   1512   1410   1645      4      0 
    1    269     65     69     99     41      0      0      0      0   1512   1410   1889      4      0 
    0    236     59     61     97     22      0      0      0      0   1512   1410   1645      4      0 
    1    274     65     69     99     41      0      0      0      0   1512   1410   1889      4      0 
    0    234     59     61     97     22      0      0      0      0   1512   1410   1645      4      0 
    1    268     65     69     99     41      0      0      0      0   1512   1410   1889      4      0 
    0    236     59     61     97     22      0      0      0      0   1512   1410   1645      4      0 
    1    274     65     69     99     41      0      0      0      0   1512   1410   1889      4      0 
    0    232     59     61     97     22      0      0      0      0   1512   1410   1645      4      0 
    1    263     65     69     99     40      0      0      0      0   1512   1410   1889      4      0 
    0    230     59     61     97     22      0      0      0      0   1512   1410   1645      4      0 
    1    273     65     69     99     40      0      0      0      0   1512   1410   1889      4      0 
    0    231     59     61     97     22      0      0      0      0   1512   1410   1645      4      0 
    1    271     65     69     99     41      0      0      0      0   1512   1410   1889      4      0 
    0    233     59     61     97     22      0      0      0      0   1512   1410   1645      4      0 
    1    270     65     69     99     41      0      0      0      0   1512   1410   1889      4      0 
    0    235     59     61     97     22      0      0      0      0   1512   1410   1645      4      0 
    1    269     65     69     99     41      0      0      0      0   1512   1410   1889      4      0 
    0    229     59     61     97     22      0      0      0      0   1512   1410   1645      4      0 
    1    273     65     69     99     41      0      0      0      0   1512   1410   1889      4      0 
    0    228     59     61     97     22      0      0      0      0   1512   1410   1645      4      0 
    1    276     65     69     99     41      0      0      0      0   1512   1410   1889      4      0 
    0    235     59     61     97     22      0      0      0      0   1512   1410   1645      4      0 
    1    274     65     69     99     41      0      0      0      0   1512   1410   1889      4      0 
    0    231     59     61     97     22      0      0      0      0   1512   1410   1645      4      0 
    1    276     65     69     99     41      0      0      0      0   1512   1410   1889      4      0 
    0    230     59     61     97     22      0      0      0      0   1512   1410   1645      4      0 
    1    273     65     69     99     41      0      0      0      0   1512   1410   1889      4      0 
    0    229     59     61     97     22      0      0      0      0   1512   1410   1645      4      0 
    1    280     64     69     99     41      0      0      0      0   1512   1410   1889      4      0 
    0    237     59     61     97     22      0      0      0      0   1512   1410   1645      4      0 
    1    278     65     69     99     41      0      0      0      0   1512   1410   1889      4      0 
    0    230     59     61     97     22      0      0      0      0   1512   1410   1645      4      0 
    1    273     65     69     99     40      0      0      0      0   1512   1410   1889      4      0 
    0    236     59     61     97     22      0      0      0      0   1512   1410   1645      4      0 
    1    275     64     69     99     41      0      0      0      0   1512   1410   1889      4      0 
# gpu    pwr  gtemp  mtemp     sm    mem    enc    dec    jpg    ofa   mclk   pclk     fb   bar1   ccpm 
# Idx      W      C      C      %      %      %      %      %      %    MHz    MHz     MB     MB     MB 
    0    228     59     61     97     22      0      0      0      0   1512   1410   1645      4      0 
    1    273     65     69     99     41      0      0      0      0   1512   1410   1889      4      0 
    0    234     59     63     97     22      0      0      0      0   1512   1410   1645      4      0 
    1    274     66     69     99     41      0      0      0      0   1512   1410   1889      4      0 
    0    232     59     63     97     22      0      0      0      0   1512   1410   1645      4      0 
    1    272     66     71     99     41      0      0      0      0   1512   1410   1889      4      0 
    0    229     59     61     97     22      0      0      0      0   1512   1410   1645      4      0 
    1    278     65     69     99     40      0      0      0      0   1512   1410   1889      4      0 
    0    232     59     61     97     22      0      0      0      0   1512   1410   1645      4      0 
    1    280     65     69     99     41      0      0      0      0   1512   1410   1889      4      0 
    0    234     59     61     97     22      0      0      0      0   1512   1410   1645      4      0 
    1    272     65     69     99     41      0      0      0      0   1512   1410   1889      4      0 
    0    232     59     61     97     22      0      0      0      0   1512   1410   1645      4      0 
    1    281     65     69     99     41      0      0      0      0   1512   1410   1889      4      0 
    0    237     59     61     97     22      0      0      0      0   1512   1410   1645      4      0 
    1    272     65     69     99     40      0      0      0      0   1512   1410   1889      4      0 
    0    236     59     61     97     22      0      0      0      0   1512   1410   1645      4      0 
    1    272     65     69     99     41      0      0      0      0   1512   1410   1889      4      0 
    0    227     59     61     97     22      0      0      0      0   1512   1410   1645      4      0 
    1    267     65     69     99     41      0      0      0      0   1512   1410   1889      4      0 
    0    231     59     61     97     22      0      0      0      0   1512   1410   1645      4      0 
    1    270     65     69     99     41      0      0      0      0   1512   1410   1889      4      0 
    0    238     59     61     97     22      0      0      0      0   1512   1410   1645      4      0 
    1    278     65     69     99     40      0      0      0      0   1512   1410   1889      4      0 
    0    234     59     63     97     22      0      0      0      0   1512   1410   1645      4      0 
    1    273     66     71     99     42      0      0      0      0   1512   1410   1889      4      0 
    0    232     59     61     97     22      0      0      0      0   1512   1410   1645      4      0 
    1    277     65     69     99     41      0      0      0      0   1512   1410   1889      4      0 
    0    233     59     61     97     22      0      0      0      0   1512   1410   1645      4      0 
    1    276     65     69     99     40      0      0      0      0   1512   1410   1889      4      0 
    0    227     59     61     97     22      0      0      0      0   1512   1410   1645      4      0 
    1    273     64     69     99     41      0      0      0      0   1512   1410   1889      4      0 
    0    231     59     61     97     22      0      0      0      0   1512   1410   1645      4      0 
    1    281     65     69     99     40      0      0      0      0   1512   1410   1889      4      0 
    0    229     59     63     97     22      0      0      0      0   1512   1410   1645      4      0 
    1    274     66     69     99     41      0      0      0      0   1512   1410   1889      4      0 
    0    231     59     61     97     22      0      0      0      0   1512   1410   1645      4      0 
    1    267     65     69     99     40      0      0      0      0   1512   1410   1889      4      0 
    0    233     59     61     97     22      0      0      0      0   1512   1410   1645      4      0 
    1    271     65     69     99     41      0      0      0      0   1512   1410   1889      4      0 
    0    229     59     61     97     22      0      0      0      0   1512   1410   1645      4      0 
    1    280     65     69     99     41      0      0      0      0   1512   1410   1889      4      0 
    0    228     59     61     97     22      0      0      0      0   1512   1410   1645      4      0 
    1    272     65     69     99     41      0      0      0      0   1512   1410   1889      4      0 
# gpu    pwr  gtemp  mtemp     sm    mem    enc    dec    jpg    ofa   mclk   pclk     fb   bar1   ccpm 
# Idx      W      C      C      %      %      %      %      %      %    MHz    MHz     MB     MB     MB 
    0    231     59     61     97     22      0      0      0      0   1512   1410   1645      4      0 
    1    273     65     69     99     40      0      0      0      0   1512   1410   1889      4      0 
    0    228     59     61     97     22      0      0      0      0   1512   1410   1645      4      0 
    1    271     64     69     99     40      0      0      0      0   1512   1410   1889      4      0 
    0    225     59     61     97     22      0      0      0      0   1512   1410   1645      4      0 
    1    273     66     71     99     41      0      0      0      0   1512   1410   1889      4      0 
    0    232     59     63     97     22      0      0      0      0   1512   1410   1645      4      0 
    1    281     66     71     99     41      0      0      0      0   1512   1410   1889      4      0 
    0    226     59     61     97     22      0      0      0      0   1512   1410   1645      4      0 
    1    280     66     69     99     40      0      0      0      0   1512   1410   1889      4      0 
    0    226     59     61     97     22      0      0      0      0   1512   1410   1645      4      0 
    1    277     65     69     99     41      0      0      0      0   1512   1410   1889      4      0 
    0    234     59     61     97     22      0      0      0      0   1512   1410   1645      4      0 
    1    280     65     69     99     40      0      0      0      0   1512   1410   1889      4      0 
    0    230     59     61     97     22      0      0      0      0   1512   1410   1645      4      0 
    1    267     65     69     99     41      0      0      0      0   1512   1410   1889      4      0 
    0    229     59     61     97     22      0      0      0      0   1512   1410   1645      4      0 
    1    276     65     69     99     41      0      0      0      0   1512   1410   1889      4      0 
    0    233     59     61     97     22      0      0      0      0   1512   1410   1645      4      0 
    1    271     65     69     99     41      0      0      0      0   1512   1410   1889      4      0 
    0    234     59     61     97     22      0      0      0      0   1512   1410   1645      4      0 
    1    275     66     69     99     41      0      0      0      0   1512   1410   1889      4      0 
    0    233     59     63     97     22      0      0      0      0   1512   1410   1645      4      0 
    1    283     66     71     99     40      0      0      0      0   1512   1410   1889      4      0 
    0    231     59     63     97     22      0      0      0      0   1512   1410   1645      4      0 
    1    277     66     71     99     41      0      0      0      0   1512   1410   1889      4      0 
    0    227     59     61     97     22      0      0      0      0   1512   1410   1645      4      0 
    1    271     66     69     99     41      0      0      0      0   1512   1410   1889      4      0 
    0    233     59     61     97     22      0      0      0      0   1512   1410   1645      4      0 
    1    273     65     69     99     41      0      0      0      0   1512   1410   1889      4      0 
    0    229     59     61     97     22      0      0      0      0   1512   1410   1645      4      0 
    1    271     65     69     99     41      0      0      0      0   1512   1410   1889      4      0 
    0    236     59     61     97     22      0      0      0      0   1512   1410   1645      4      0 
    1    280     65     69     99     41      0      0      0      0   1512   1410   1889      4      0 
    0    227     59     61     97     22      0      0      0      0   1512   1410   1645      4      0 
    1    271     65     69     99     40      0      0      0      0   1512   1410   1889      4      0 
    0    234     59     61     97     22      0      0      0      0   1512   1410   1645      4      0 
    1    279     65     69     99     40      0      0      0      0   1512   1410   1889      4      0 
    0    229     59     61     97     22      0      0      0      0   1512   1410   1645      4      0 
    1    280     65     69     99     40      0      0      0      0   1512   1410   1889      4      0 
    0    232     59     61     97     22      0      0      0      0   1512   1410   1645      4      0 
    1    268     64     69     99     41      0      0      0      0   1512   1410   1889      4      0 
    0    235     59     61     97     22      0      0      0      0   1512   1410   1645      4      0 
    1    273     65     69     99     41      0      0      0      0   1512   1410   1889      4      0 
# gpu    pwr  gtemp  mtemp     sm    mem    enc    dec    jpg    ofa   mclk   pclk     fb   bar1   ccpm 
# Idx      W      C      C      %      %      %      %      %      %    MHz    MHz     MB     MB     MB 
    0    232     59     61     97     22      0      0      0      0   1512   1410   1645      4      0 
    1    273     65     69     99     41      0      0      0      0   1512   1410   1889      4      0 
    0    233     59     61     97     22      0      0      0      0   1512   1410   1645      4      0 
    1    270     65     69     99     40      0      0      0      0   1512   1410   1889      4      0 
    0    233     59     61     97     22      0      0      0      0   1512   1410   1645      4      0 
    1    275     64     69     99     41      0      0      0      0   1512   1410   1889      4      0 
    0    231     59     61     97     22      0      0      0      0   1512   1410   1645      4      0 
    1    269     65     69     99     41      0      0      0      0   1512   1410   1889      4      0 
    0    234     59     61     97     22      0      0      0      0   1512   1410   1645      4      0 
    1    278     65     69     99     41      0      0      0      0   1512   1410   1889      4      0 
    0    226     59     61     97     22      0      0      0      0   1512   1410   1645      4      0 
    1    271     65     69     99     41      0      0      0      0   1512   1410   1889      4      0 
    0    235     59     61     97     22      0      0      0      0   1512   1410   1645      4      0 
    1    273     65     69     99     40      0      0      0      0   1512   1410   1889      4      0 
    0    236     59     61     97     22      0      0      0      0   1512   1410   1645      4      0 
    1    271     64     69     99     41      0      0      0      0   1512   1410   1889      4      0 
    0    225     59     61     97     22      0      0      0      0   1512   1410   1645      4      0 
    1    282     65     69     99     41      0      0      0      0   1512   1410   1889      4      0 
    0    233     59     61     97     22      0      0      0      0   1512   1410   1645      4      0 
    1    269     66     71     99     41      0      0      0      0   1512   1410   1889      4      0 
    0    232     59     61     97     22      0      0      0      0   1512   1410   1645      4      0 
    1    279     66     69     99     41      0      0      0      0   1512   1410   1889      4      0 
    0    237     59     61     97     22      0      0      0      0   1512   1410   1645      4      0 
    1    281     65     69     99     41      0      0      0      0   1512   1410   1889      4      0 
    0    234     59     61     97     22      0      0      0      0   1512   1410   1645      4      0 
    1    275     65     69     99     41      0      0      0      0   1512   1410   1889      4      0 
    0    235     59     61     97     22      0      0      0      0   1512   1410   1645      4      0 
    1    272     65     69     99     41      0      0      0      0   1512   1410   1889      4      0 
    0    233     59     61     97     22      0      0      0      0   1512   1410   1645      4      0 
    1    279     64     69     99     41      0      0      0      0   1512   1410   1889      4      0 
    0    231     58     61     97     22      0      0      0      0   1512   1410   1645      4      0 
    1    271     64     69     99     40      0      0      0      0   1512   1410   1889      4      0 
    0    229     59     61     97     22      0      0      0      0   1512   1410   1645      4      0 
    1    276     65     69     99     41      0      0      0      0   1512   1410   1889      4      0 
    0    237     59     63     97     22      0      0      0      0   1512   1410   1645      4      0 
    1    269     66     69     99     41      0      0      0      0   1512   1410   1889      4      0 
    0    237     59     61     97     22      0      0      0      0   1512   1410   1645      4      0 
    1    278     65     69     99     41      0      0      0      0   1512   1410   1889      4      0 
    0    235     59     61     97     22      0      0      0      0   1512   1410   1645      4      0 
    1    269     65     69     99     40      0      0      0      0   1512   1410   1889      4      0 
    0    235     59     61     97     22      0      0      0      0   1512   1410   1645      4      0 
    1    273     65     69     99     41      0      0      0      0   1512   1410   1889      4      0 
    0    234     59     61     97     22      0      0      0      0   1512   1410   1645      4      0 
    1    271     65     69     99     41      0      0      0      0   1512   1410   1889      4      0 
# gpu    pwr  gtemp  mtemp     sm    mem    enc    dec    jpg    ofa   mclk   pclk     fb   bar1   ccpm 
# Idx      W      C      C      %      %      %      %      %      %    MHz    MHz     MB     MB     MB 
    0    229     59     61     97     22      0      0      0      0   1512   1410   1645      4      0 
    1    275     65     69     99     41      0      0      0      0   1512   1410   1889      4      0 
    0    225     58     61     97     22      0      0      0      0   1512   1410   1645      4      0 
    1    280     64     69     99     41      0      0      0      0   1512   1410   1889      4      0 
    0    234     59     61     97     22      0      0      0      0   1512   1410   1645      4      0 
    1    280     65     69     99     41      0      0      0      0   1512   1410   1889      4      0 
    0    235     59     61     97     22      0      0      0      0   1512   1410   1645      4      0 
    1    276     65     69     99     41      0      0      0      0   1512   1410   1889      4      0 
    0    228     59     61     97     22      0      0      0      0   1512   1410   1645      4      0 
    1    272     65     69     99     41      0      0      0      0   1512   1410   1889      4      0 
    0    231     59     61     97     22      0      0      0      0   1512   1410   1645      4      0 
    1    277     65     69     99     41      0      0      0      0   1512   1410   1889      4      0 
    0    229     59     61     97     22      0      0      0      0   1512   1410   1645      4      0 
    1    272     65     69     99     40      0      0      0      0   1512   1410   1889      4      0 
    0    232     58     61     97     22      0      0      0      0   1512   1410   1645      4      0 
    1    271     65     69     99     40      0      0      0      0   1512   1410   1889      4      0 
    0    233     58     61     97     22      0      0      0      0   1512   1410   1645      4      0 
    1    279     65     69     99     41      0      0      0      0   1512   1410   1889      4      0 
    0    230     58     61     97     22      0      0      0      0   1512   1410   1645      4      0 
    1    271     64     69     99     40      0      0      0      0   1512   1410   1889      4      0 
    0    233     58     61     97     22      0      0      0      0   1512   1410   1645      4      0 
    1    276     65     69     99     41      0      0      0      0   1512   1410   1889      4      0 
    0    229     58     61     97     22      0      0      0      0   1512   1410   1645      4      0 
    1    271     64     69     99     41      0      0      0      0   1512   1410   1889      4      0 
    0    231     59     61     97     22      0      0      0      0   1512   1410   1645      4      0 
    1    277     65     69     99     41      0      0      0      0   1512   1410   1889      4      0 
    0    231     59     61     97     22      0      0      0      0   1512   1410   1645      4      0 
    1    280     65     69     99     41      0      0      0      0   1512   1410   1889      4      0 
    0    227     59     61     97     22      0      0      0      0   1512   1410   1645      4      0 
    1    281     65     69     99     41      0      0      0      0   1512   1410   1889      4      0 
    0    235     59     61     97     22      0      0      0      0   1512   1410   1645      4      0 
    1    274     65     69     99     41      0      0      0      0   1512   1410   1889      4      0 
    0    229     58     61     97     22      0      0      0      0   1512   1410   1645      4      0 
    1    281     65     69     99     40      0      0      0      0   1512   1410   1889      4      0 
    0    232     58     61     97     22      0      0      0      0   1512   1410   1645      4      0 
    1    272     64     69     99     41      0      0      0      0   1512   1410   1889      4      0 
    0    235     58     61     97     22      0      0      0      0   1512   1410   1645      4      0 
    1    269     64     69     99     41      0      0      0      0   1512   1410   1889      4      0 
    0    231     59     61     97     22      0      0      0      0   1512   1410   1645      4      0 
    1    274     65     69     99     41      0      0      0      0   1512   1410   1889      4      0 
    0    234     59     61     97     22      0      0      0      0   1512   1410   1645      4      0 
    1    273     66     69     99     41      0      0      0      0   1512   1410   1889      4      0 
    0    238     59     61     97     22      0      0      0      0   1512   1410   1645      4      0 
    1    276     65     69     99     41      0      0      0      0   1512   1410   1889      4      0 
# gpu    pwr  gtemp  mtemp     sm    mem    enc    dec    jpg    ofa   mclk   pclk     fb   bar1   ccpm 
# Idx      W      C      C      %      %      %      %      %      %    MHz    MHz     MB     MB     MB 
    0    232     59     61     97     22      0      0      0      0   1512   1410   1645      4      0 
    1    277     65     69     99     41      0      0      0      0   1512   1410   1889      4      0 
    0    233     59     61     97     22      0      0      0      0   1512   1410   1645      4      0 
    1    268     65     69     99     41      0      0      0      0   1512   1410   1889      4      0 
    0    231     58     61     97     22      0      0      0      0   1512   1410   1645      4      0 
    1    269     65     69     99     40      0      0      0      0   1512   1410   1889      4      0 
    0    233     58     61     97     22      0      0      0      0   1512   1410   1645      4      0 
    1    271     65     69     99     41      0      0      0      0   1512   1410   1889      4      0 
    0    228     59     61     97     22      0      0      0      0   1512   1410   1645      4      0 
    1    274     65     69     99     41      0      0      0      0   1512   1410   1889      4      0 
    0    231     59     61     97     22      0      0      0      0   1512   1410   1645      4      0 
    1    270     66     71     99     41      0      0      0      0   1512   1410   1889      4      0 
    0    230     59     61     97     22      0      0      0      0   1512   1410   1645      4      0 
    1    276     65     69     99     40      0      0      0      0   1512   1410   1889      4      0 
    0    234     59     61     97     22      0      0      0      0   1512   1410   1645      4      0 
    1    274     65     69     99     40      0      0      0      0   1512   1410   1889      4      0 
    0    229     59     61     97     22      0      0      0      0   1512   1410   1645      4      0 
    1    273     65     69     99     41      0      0      0      0   1512   1410   1889      4      0 
    0    228     58     61     97     22      0      0      0      0   1512   1410   1645      4      0 
    1    278     65     69     99     40      0      0      0      0   1512   1410   1889      4      0 
    0    232     58     61     97     22      0      0      0      0   1512   1410   1645      4      0 
    1    278     65     69     99     41      0      0      0      0   1512   1410   1889      4      0 
    0    232     58     61     97     22      0      0      0      0   1512   1410   1645      4      0 
    1    271     65     69     99     41      0      0      0      0   1512   1410   1889      4      0 
    0    229     58     61     97     22      0      0      0      0   1512   1410   1645      4      0 
    1    275     65     69     99     41      0      0      0      0   1512   1410   1889      4      0 
    0    233     59     61     97     22      0      0      0      0   1512   1410   1645      4      0 
    1    273     65     69     99     41      0      0      0      0   1512   1410   1889      4      0 
    0    232     59     61     97     22      0      0      0      0   1512   1410   1645      4      0 
    1    278     65     69     99     41      0      0      0      0   1512   1410   1889      4      0 
    0    226     58     61     97     22      0      0      0      0   1512   1410   1645      4      0 
    1    272     64     69     99     41      0      0      0      0   1512   1410   1889      4      0 
    0    233     59     61     97     22      0      0      0      0   1512   1410   1645      4      0 
    1    279     65     69     99     41      0      0      0      0   1512   1410   1889      4      0 
    0    232     59     61     97     22      0      0      0      0   1512   1410   1645      4      0 
    1    278     66     71     99     40      0      0      0      0   1512   1410   1889      4      0 
    0    234     59     61     97     22      0      0      0      0   1512   1410   1645      4      0 
    1    269     66     71     99     41      0      0      0      0   1512   1410   1889      4      0 
    0    236     59     61     97     22      0      0      0      0   1512   1410   1645      4      0 
    1    279     65     71     99     41      0      0      0      0   1512   1410   1889      4      0 
    0    236     59     61     97     22      0      0      0      0   1512   1410   1645      4      0 
    1    279     65     69     99     41      0      0      0      0   1512   1410   1889      4      0 
    0    226     59     61     97     22      0      0      0      0   1512   1410   1645      4      0 
    1    269     65     69     99     40      0      0      0      0   1512   1410   1889      4      0 
# gpu    pwr  gtemp  mtemp     sm    mem    enc    dec    jpg    ofa   mclk   pclk     fb   bar1   ccpm 
# Idx      W      C      C      %      %      %      %      %      %    MHz    MHz     MB     MB     MB 
    0    231     59     61     97     22      0      0      0      0   1512   1410   1645      4      0 
    1    266     65     69     99     41      0      0      0      0   1512   1410   1889      4      0 
    0    226     58     61     97     22      0      0      0      0   1512   1410   1645      4      0 
    1    278     65     69     99     41      0      0      0      0   1512   1410   1889      4      0 
    0    227     58     61     97     22      0      0      0      0   1512   1410   1645      4      0 
    1    278     65     69     99     41      0      0      0      0   1512   1410   1889      4      0 
    0    232     58     61     97     22      0      0      0      0   1512   1410   1645      4      0 
    1    275     64     69     99     40      0      0      0      0   1512   1410   1889      4      0 
    0    229     59     61     97     22      0      0      0      0   1512   1410   1645      4      0 
    1    279     66     69     99     41      0      0      0      0   1512   1410   1889      4      0 
    0    231     59     61     97     22      0      0      0      0   1512   1410   1645      4      0 
    1    273     66     71     99     40      0      0      0      0   1512   1410   1889      4      0 
    0    229     59     61     97     22      0      0      0      0   1512   1410   1645      4      0 
    1    274     66     69     99     41      0      0      0      0   1512   1410   1889      4      0 
    0    227     59     61     97     22      0      0      0      0   1512   1410   1645      4      0 
    1    277     65     69     99     41      0      0      0      0   1512   1410   1889      4      0 
    0    233     59     61     97     22      0      0      0      0   1512   1410   1645      4      0 
    1    269     65     69     99     41      0      0      0      0   1512   1410   1889      4      0 
    0    235     59     61     97     22      0      0      0      0   1512   1410   1645      4      0 
    1    281     65     69     99     41      0      0      0      0   1512   1410   1889      4      0 
    0    232     58     61     97     22      0      0      0      0   1512   1410   1645      4      0 
    1    274     65     69     99     40      0      0      0      0   1512   1410   1889      4      0 
    0    230     59     61     97     22      0      0      0      0   1512   1410   1645      4      0 
    1    270     65     69     99     41      0      0      0      0   1512   1410   1889      4      0 
    0    233     59     61     97     22      0      0      0      0   1512   1410   1645      4      0 
    1    275     65     69     99     41      0      0      0      0   1512   1410   1889      4      0 
    0    229     59     61     97     22      0      0      0      0   1512   1410   1645      4      0 
    1    269     65     69     99     41      0      0      0      0   1512   1410   1889      4      0 
    0    232     59     61     97     22      0      0      0      0   1512   1410   1645      4      0 
    1    281     65     69     99     41      0      0      0      0   1512   1410   1889      4      0 
    0    227     59     61     97     22      0      0      0      0   1512   1410   1645      4      0 
    1    199     64     69     99     41      0      0      0      0   1512   1410   1889      4      0 
    0    235     58     61     97     22      0      0      0      0   1512   1410   1645      4      0 
    1    272     64     69     99     41      0      0      0      0   1512   1410   1889      4      0 
    0    236     59     61     97     22      0      0      0      0   1512   1410   1645      4      0 
    1    276     65     69     99     41      0      0      0      0   1512   1410   1889      4      0 
    0    233     59     61     97     22      0      0      0      0   1512   1410   1645      4      0 
    1    274     65     69     99     41      0      0      0      0   1512   1410   1889      4      0 
    0    231     59     61     97     22      0      0      0      0   1512   1410   1645      4      0 
    1    280     65     69     99     41      0      0      0      0   1512   1410   1889      4      0 
    0    236     58     61     97     22      0      0      0      0   1512   1410   1645      4      0 
    1    273     64     69     99     40      0      0      0      0   1512   1410   1889      4      0 
    0    231     59     61     97     22      0      0      0      0   1512   1410   1645      4      0 
    1    273     65     69     99     41      0      0      0      0   1512   1410   1889      4      0 
# gpu    pwr  gtemp  mtemp     sm    mem    enc    dec    jpg    ofa   mclk   pclk     fb   bar1   ccpm 
# Idx      W      C      C      %      %      %      %      %      %    MHz    MHz     MB     MB     MB 
    0    230     59     61     97     22      0      0      0      0   1512   1410   1645      4      0 
    1    275     65     69     99     41      0      0      0      0   1512   1410   1889      4      0 
    0    232     58     61     97     22      0      0      0      0   1512   1410   1645      4      0 
    1    267     65     69     99     40      0      0      0      0   1512   1410   1889      4      0 
    0    232     59     61     97     22      0      0      0      0   1512   1410   1645      4      0 
    1    277     65     69     99     41      0      0      0      0   1512   1410   1889      4      0 
    0    234     59     63     97     22      0      0      0      0   1512   1410   1645      4      0 
    1    279     66     71     99     41      0      0      0      0   1512   1410   1889      4      0 
    0    232     59     63     97     22      0      0      0      0   1512   1410   1645      4      0 
    1    279     66     69     99     41      0      0      0      0   1512   1410   1889      4      0 
    0    226     59     61     97     22      0      0      0      0   1512   1410   1645      4      0 
    1    271     66     69     99     41      0      0      0      0   1512   1410   1889      4      0 
    0    234     59     61     97     22      0      0      0      0   1512   1410   1645      4      0 
    1    275     65     69     99     41      0      0      0      0   1512   1410   1889      4      0 
    0    232     59     61     97     22      0      0      0      0   1512   1410   1645      4      0 
    1    269     65     69     99     41      0      0      0      0   1512   1410   1889      4      0 
    0    233     59     61     97     22      0      0      0      0   1512   1410   1645      4      0 
    1    274     65     69     99     41      0      0      0      0   1512   1410   1889      4      0 
    0    236     59     61     97     22      0      0      0      0   1512   1410   1645      4      0 
    1    276     64     69     99     41      0      0      0      0   1512   1410   1889      4      0 
    0    233     59     61     97     22      0      0      0      0   1512   1410   1645      4      0 
    1    271     65     69     99     41      0      0      0      0   1512   1410   1889      4      0 
    0    235     59     61     97     22      0      0      0      0   1512   1410   1645      4      0 
    1    274     65     69     99     41      0      0      0      0   1512   1410   1889      4      0 
    0    230     59     61     97     22      0      0      0      0   1512   1410   1645      4      0 
    1    274     65     69     99     40      0      0      0      0   1512   1410   1889      4      0 
    0    233     59     61     97     22      0      0      0      0   1512   1410   1645      4      0 
    1    277     65     69     99     41      0      0      0      0   1512   1410   1889      4      0 
    0    232     59     61     97     22      0      0      0      0   1512   1410   1645      4      0 
    1    279     65     69     99     41      0      0      0      0   1512   1410   1889      4      0 
    0    232     59     61     97     22      0      0      0      0   1512   1410   1645      4      0 
    1    280     64     69     99     41      0      0      0      0   1512   1410   1889      4      0 
    0    229     59     61     97     22      0      0      0      0   1512   1410   1645      4      0 
    1    272     65     69     99     40      0      0      0      0   1512   1410   1889      4      0 
    0    230     59     61     97     22      0      0      0      0   1512   1410   1645      4      0 
    1    278     65     69     99     41      0      0      0      0   1512   1410   1889      4      0 
    0    230     59     61     97     22      0      0      0      0   1512   1410   1645      4      0 
    1    276     65     69     99     40      0      0      0      0   1512   1410   1889      4      0 
    0    227     59     61     97     22      0      0      0      0   1512   1410   1645      4      0 
    1    273     65     69     99     41      0      0      0      0   1512   1410   1889      4      0 
    0    234     59     61     97     22      0      0      0      0   1512   1410   1645      4      0 
    1    280     64     69     99     41      0      0      0      0   1512   1410   1889      4      0 
    0    236     59     61     97     22      0      0      0      0   1512   1410   1645      4      0 
    1    266     65     69     99     41      0      0      0      0   1512   1410   1889      4      0 
# gpu    pwr  gtemp  mtemp     sm    mem    enc    dec    jpg    ofa   mclk   pclk     fb   bar1   ccpm 
# Idx      W      C      C      %      %      %      %      %      %    MHz    MHz     MB     MB     MB 
    0    230     59     61     97     22      0      0      0      0   1512   1410   1645      4      0 
    1    277     65     69     99     41      0      0      0      0   1512   1410   1889      4      0 
    0    235     59     61     97     22      0      0      0      0   1512   1410   1645      4      0 
    1    270     65     69     99     41      0      0      0      0   1512   1410   1889      4      0 
    0    234     59     61     97     22      0      0      0      0   1512   1410   1645      4      0 
    1    272     65     69     99     41      0      0      0      0   1512   1410   1889      4      0 
    0    229     59     61     97     22      0      0      0      0   1512   1410   1645      4      0 
    1    278     65     69     99     40      0      0      0      0   1512   1410   1889      4      0 
    0    233     59     61     97     22      0      0      0      0   1512   1410   1645      4      0 
    1    272     65     69     99     40      0      0      0      0   1512   1410   1889      4      0 
    0    233     59     61     97     22      0      0      0      0   1512   1410   1645      4      0 
    1    276     64     69     99     41      0      0      0      0   1512   1410   1889      4      0 
    0    237     59     61     97     22      0      0      0      0   1512   1410   1645      4      0 
    1    281     65     69     99     41      0      0      0      0   1512   1410   1889      4      0 
    0    234     59     63     97     22      0      0      0      0   1512   1410   1645      4      0 
    1    274     66     71     99     40      0      0      0      0   1512   1410   1889      4      0 
    0    237     59     61     97     22      0      0      0      0   1512   1410   1645      4      0 
    1    274     65     69     99     41      0      0      0      0   1512   1410   1889      4      0 
    0    233     59     61     97     22      0      0      0      0   1512   1410   1645      4      0 
    1    280     65     69     99     40      0      0      0      0   1512   1410   1889      4      0 
    0    232     59     61     97     22      0      0      0      0   1512   1410   1645      4      0 
    1    277     65     69     99     41      0      0      0      0   1512   1410   1889      4      0 
    0    231     59     61     97     22      0      0      0      0   1512   1410   1645      4      0 
    1    274     65     69     99     40      0      0      0      0   1512   1410   1889      4      0 
    0    228     59     61     97     22      0      0      0      0   1512   1410   1645      4      0 
    1    278     65     69     99     41      0      0      0      0   1512   1410   1889      4      0 
    0    231     59     61     97     22      0      0      0      0   1512   1410   1645      4      0 
    1    276     65     69     99     41      0      0      0      0   1512   1410   1889      4      0 
    0    235     59     61     97     22      0      0      0      0   1512   1410   1645      4      0 
    1    269     65     69     99     40      0      0      0      0   1512   1410   1889      4      0 
    0    230     58     61     97     22      0      0      0      0   1512   1410   1645      4      0 
    1    279     64     69     99     41      0      0      0      0   1512   1410   1889      4      0 
    0    236     59     61     97     22      0      0      0      0   1512   1410   1645      4      0 
    1    276     65     69     99     41      0      0      0      0   1512   1410   1889      4      0 
    0    233     59     63     97     22      0      0      0      0   1512   1410   1645      4      0 
    1    275     66     71     99     41      0      0      0      0   1512   1410   1889      4      0 
    0    236     59     63     97     22      0      0      0      0   1512   1410   1645      4      0 
    1    269     66     71     99     41      0      0      0      0   1512   1410   1889      4      0 
    0    235     59     61     97     22      0      0      0      0   1512   1410   1645      4      0 
    1    276     65     69     99     41      0      0      0      0   1512   1410   1889      4      0 
    0    237     59     61     97     22      0      0      0      0   1512   1410   1645      4      0 
    1    280     65     69     99     40      0      0      0      0   1512   1410   1889      4      0 
    0    237     59     61     97     22      0      0      0      0   1512   1410   1645      4      0 
    1    270     65     69     99     40      0      0      0      0   1512   1410   1889      4      0 
# gpu    pwr  gtemp  mtemp     sm    mem    enc    dec    jpg    ofa   mclk   pclk     fb   bar1   ccpm 
# Idx      W      C      C      %      %      %      %      %      %    MHz    MHz     MB     MB     MB 
    0    232     59     61     97     22      0      0      0      0   1512   1410   1645      4      0 
    1    279     65     69     99     40      0      0      0      0   1512   1410   1889      4      0 
    0    234     59     61     97     22      0      0      0      0   1512   1410   1645      4      0 
    1    275     65     69     99     41      0      0      0      0   1512   1410   1889      4      0 
    0    234     59     61     97     22      0      0      0      0   1512   1410   1645      4      0 
    1    271     65     69     99     41      0      0      0      0   1512   1410   1889      4      0 
    0    234     59     61     97     22      0      0      0      0   1512   1410   1645      4      0 
    1    277     65     69     99     41      0      0      0      0   1512   1410   1889      4      0 
    0    233     59     61     97     22      0      0      0      0   1512   1410   1645      4      0 
    1    268     65     69     99     41      0      0      0      0   1512   1410   1889      4      0 
    0    232     59     61     97     22      0      0      0      0   1512   1410   1645      4      0 
    1    274     65     69     99     40      0      0      0      0   1512   1410   1889      4      0 
    0    236     59     61     97     22      0      0      0      0   1512   1410   1645      4      0 
    1    276     65     69     99     41      0      0      0      0   1512   1410   1889      4      0 
    0    232     59     61     97     22      0      0      0      0   1512   1410   1645      4      0 
    1    277     65     69     99     41      0      0      0      0   1512   1410   1889      4      0 
    0    235     59     61     97     22      0      0      0      0   1512   1410   1645      4      0 
    1    273     65     69     99     41      0      0      0      0   1512   1410   1889      4      0 
    0    232     59     61     97     22      0      0      0      0   1512   1410   1645      4      0 
    1    270     65     69     99     41      0      0      0      0   1512   1410   1889      4      0 
    0    231     59     61     97     22      0      0      0      0   1512   1410   1645      4      0 
    1    274     65     69     99     41      0      0      0      0   1512   1410   1889      4      0 
    0    230     59     61     97     22      0      0      0      0   1512   1410   1645      4      0 
    1    274     64     69     99     40      0      0      0      0   1512   1410   1889      4      0 
    0    231     59     61     97     22      0      0      0      0   1512   1410   1645      4      0 
    1    275     65     69     99     41      0      0      0      0   1512   1410   1889      4      0 
    0    227     59     61     97     22      0      0      0      0   1512   1410   1645      4      0 
    1    273     64     69     99     41      0      0      0      0   1512   1410   1889      4      0 
    0    232     59     61     97     22      0      0      0      0   1512   1410   1645      4      0 
    1    278     65     69     99     41      0      0      0      0   1512   1410   1889      4      0 
    0    233     59     61     97     22      0      0      0      0   1512   1410   1645      4      0 
    1    278     65     69     99     40      0      0      0      0   1512   1410   1889      4      0 
    0    236     59     61     97     22      0      0      0      0   1512   1410   1645      4      0 
    1    275     66     69     99     40      0      0      0      0   1512   1410   1889      4      0 
    0    234     59     61     97     22      0      0      0      0   1512   1410   1645      4      0 
    1    279     65     69     99     41      0      0      0      0   1512   1410   1889      4      0 
    0    235     59     61     97     22      0      0      0      0   1512   1410   1645      4      0 
    1    268     65     69     99     41      0      0      0      0   1512   1410   1889      4      0 
    0    236     59     61     97     22      0      0      0      0   1512   1410   1645      4      0 
    1    269     65     69     99     41      0      0      0      0   1512   1410   1889      4      0 
    0    234     59     61     97     22      0      0      0      0   1512   1410   1645      4      0 
    1    278     64     69     48     20      0      0      0      0   1512   1410   1889      4      0 
    0    231     59     61     97     22      0      0      0      0   1512   1410   1645      4      0 
    1    277     65     69     99     41      0      0      0      0   1512   1410   1889      4      0 
# gpu    pwr  gtemp  mtemp     sm    mem    enc    dec    jpg    ofa   mclk   pclk     fb   bar1   ccpm 
# Idx      W      C      C      %      %      %      %      %      %    MHz    MHz     MB     MB     MB 
    0    234     59     61     97     22      0      0      0      0   1512   1410   1645      4      0 
    1    282     65     69     99     41      0      0      0      0   1512   1410   1889      4      0 
    0    238     59     61     97     22      0      0      0      0   1512   1410   1645      4      0 
    1    279     65     69     99     41      0      0      0      0   1512   1410   1889      4      0 
    0    235     59     61     97     22      0      0      0      0   1512   1410   1645      4      0 
    1    274     65     69     99     41      0      0      0      0   1512   1410   1889      4      0 
    0    237     59     61     97     22      0      0      0      0   1512   1410   1645      4      0 
    1    267     64     69     99     41      0      0      0      0   1512   1410   1889      4      0 
    0    230     59     61     97     22      0      0      0      0   1512   1410   1645      4      0 
    1    271     65     69     99     41      0      0      0      0   1512   1410   1889      4      0 
    0    237     59     61     97     22      0      0      0      0   1512   1410   1645      4      0 
    1    275     65     69     99     40      0      0      0      0   1512   1410   1889      4      0 
    0    231     59     61     97     22      0      0      0      0   1512   1410   1645      4      0 
    1    279     65     69     99     41      0      0      0      0   1512   1410   1889      4      0 
    0    231     59     61     97     22      0      0      0      0   1512   1410   1645      4      0 
    1    268     64     69     99     40      0      0      0      0   1512   1410   1889      4      0 
    0    233     59     61     97     22      0      0      0      0   1512   1410   1645      4      0 
    1    274     65     69     99     41      0      0      0      0   1512   1410   1889      4      0 
    0    234     59     61     97     22      0      0      0      0   1512   1410   1645      4      0 
    1    273     65     69     99     41      0      0      0      0   1512   1410   1889      4      0 
    0    233     58     61     97     22      0      0      0      0   1512   1410   1645      4      0 
    1    270     64     69     99     41      0      0      0      0   1512   1410   1889      4      0 
    0    233     59     61     97     22      0      0      0      0   1512   1410   1645      4      0 
    1    272     65     69     99     41      0      0      0      0   1512   1410   1889      4      0 
    0    226     59     61     97     22      0      0      0      0   1512   1410   1645      4      0 
    1    274     65     69     99     41      0      0      0      0   1512   1410   1889      4      0 
    0    226     58     61     97     22      0      0      0      0   1512   1410   1645      4      0 
    1    272     64     69     99     40      0      0      0      0   1512   1410   1889      4      0 
    0    234     59     61     97     22      0      0      0      0   1512   1410   1645      4      0 
    1    278     65     69     99     41      0      0      0      0   1512   1410   1889      4      0 
    0    232     59     61     97     22      0      0      0      0   1512   1410   1645      4      0 
    1    273     66     71     99     41      0      0      0      0   1512   1410   1889      4      0 
    0    227     59     61     97     22      0      0      0      0   1512   1410   1645      4      0 
    1    270     66     71     99     41      0      0      0      0   1512   1410   1889      4      0 
    0    230     59     61     97     22      0      0      0      0   1512   1410   1645      4      0 
    1    278     65     69     99     40      0      0      0      0   1512   1410   1889      4      0 
    0    230     59     61     97     22      0      0      0      0   1512   1410   1645      4      0 
    1    272     65     69     99     41      0      0      0      0   1512   1410   1889      4      0 
    0    233     59     61     97     22      0      0      0      0   1512   1410   1645      4      0 
    1    279     65     69     99     40      0      0      0      0   1512   1410   1889      4      0 
    0    235     59     61     97     22      0      0      0      0   1512   1410   1645      4      0 
    1    278     65     69     99     41      0      0      0      0   1512   1410   1889      4      0 
    0    235     59     61     97     22      0      0      0      0   1512   1410   1645      4      0 
    1    281     65     69     99     40      0      0      0      0   1512   1410   1889      4      0 
# gpu    pwr  gtemp  mtemp     sm    mem    enc    dec    jpg    ofa   mclk   pclk     fb   bar1   ccpm 
# Idx      W      C      C      %      %      %      %      %      %    MHz    MHz     MB     MB     MB 
    0    233     59     61     97     22      0      0      0      0   1512   1410   1645      4      0 
    1    273     65     69     99     41      0      0      0      0   1512   1410   1889      4      0 
    0    228     59     61     97     22      0      0      0      0   1512   1410   1645      4      0 
    1    282     65     69     99     41      0      0      0      0   1512   1410   1889      4      0 
    0    231     59     61     97     22      0      0      0      0   1512   1410   1645      4      0 
    1    274     65     69     99     40      0      0      0      0   1512   1410   1889      4      0 
    0    232     59     61     97     22      0      0      0      0   1512   1410   1645      4      0 
    1    268     65     69     99     41      0      0      0      0   1512   1410   1889      4      0 
    0    227     59     61     97     22      0      0      0      0   1512   1410   1645      4      0 
    1    274     65     69     99     40      0      0      0      0   1512   1410   1889      4      0 
    0    231     59     61     97     22      0      0      0      0   1512   1410   1645      4      0 
    1    277     65     69     99     41      0      0      0      0   1512   1410   1889      4      0 
    0    236     59     61     97     22      0      0      0      0   1512   1410   1645      4      0 
    1    270     65     69     99     41      0      0      0      0   1512   1410   1889      4      0 
    0    231     59     61     97     22      0      0      0      0   1512   1410   1645      4      0 
    1    276     65     69     99     41      0      0      0      0   1512   1410   1889      4      0 
    0    234     59     61     97     22      0      0      0      0   1512   1410   1645      4      0 
    1    275     65     69     99     41      0      0      0      0   1512   1410   1889      4      0 
    0    235     59     61     97     22      0      0      0      0   1512   1410   1645      4      0 
    1    273     65     69     99     41      0      0      0      0   1512   1410   1889      4      0 
    0    231     59     61     97     22      0      0      0      0   1512   1410   1645      4      0 
    1    269     64     69     99     41      0      0      0      0   1512   1410   1889      4      0 
    0    237     59     61     97     22      0      0      0      0   1512   1410   1645      4      0 
    1    272     65     69     99     41      0      0      0      0   1512   1410   1889      4      0 
    0    233     59     61     97     22      0      0      0      0   1512   1410   1645      4      0 
    1    268     65     69     99     40      0      0      0      0   1512   1410   1889      4      0 
    0    231     59     61     97     22      0      0      0      0   1512   1410   1645      4      0 
    1    269     65     69     99     41      0      0      0      0   1512   1410   1889      4      0 
    0    230     59     61     97     22      0      0      0      0   1512   1410   1645      4      0 
    1    273     65     69     99     41      0      0      0      0   1512   1410   1889      4      0 
    0    234     59     61     97     22      0      0      0      0   1512   1410   1645      4      0 
    1    272     65     69     99     41      0      0      0      0   1512   1410   1889      4      0 
    0    232     59     61     97     22      0      0      0      0   1512   1410   1645      4      0 
    1    271     65     69     99     41      0      0      0      0   1512   1410   1889      4      0 
    0    229     59     61     97     22      0      0      0      0   1512   1410   1645      4      0 
    1    275     65     69     99     40      0      0      0      0   1512   1410   1889      4      0 
    0    235     59     61     97     22      0      0      0      0   1512   1410   1645      4      0 
    1    280     64     69     99     41      0      0      0      0   1512   1410   1889      4      0 
    0    235     59     61     97     22      0      0      0      0   1512   1410   1645      4      0 
    1    278     65     69     99     41      0      0      0      0   1512   1410   1889      4      0 
    0    234     59     61     97     22      0      0      0      0   1512   1410   1645      4      0 
    1    281     65     69     99     41      0      0      0      0   1512   1410   1889      4      0 
    0    234     59     61     97     22      0      0      0      0   1512   1410   1645      4      0 
    1    278     64     69     99     41      0      0      0      0   1512   1410   1889      4      0 
# gpu    pwr  gtemp  mtemp     sm    mem    enc    dec    jpg    ofa   mclk   pclk     fb   bar1   ccpm 
# Idx      W      C      C      %      %      %      %      %      %    MHz    MHz     MB     MB     MB 
    0    236     58     61     97     22      0      0      0      0   1512   1410   1645      4      0 
    1    276     65     69     99     41      0      0      0      0   1512   1410   1889      4      0 
