# gpu    pwr  gtemp  mtemp     sm    mem    enc    dec    jpg    ofa   mclk   pclk     fb   bar1   ccpm 
# Idx      W      C      C      %      %      %      %      %      %    MHz    MHz     MB     MB     MB 
    0     58     38     41      -      -      -      -      -      -   1512   1410      0      1      0 
    1    177     65     65     43      1      0      0      0      0   1512   1410    529      4      0 
    0     63     37     41      -      -      -      -      -      -   1512   1410      0      1      0 
    1    224     66     67     93     13      0      0      0      0   1512   1410   2102      6      0 
    0     62     37     41      -      -      -      -      -      -   1512   1410      0      1      0 
    1    221     66     69     92     13      0      0      0      0   1512   1410   2102      6      0 
    0     43     36     39      -      -      -      -      -      -   1512    210      0      1      0 
    1    222     65     67     93     13      0      0      0      0   1512   1410   2102      6      0 
    0     43     36     39      -      -      -      -      -      -   1512    210      0      1      0 
    1    221     65     67     93     13      0      0      0      0   1512   1410   2102      6      0 
    0     43     35     39      -      -      -      -      -      -   1512    210      0      1      0 
    1    223     64     67     93     13      0      0      0      0   1512   1410   2102      6      0 
    0     43     35     39      -      -      -      -      -      -   1512    210      0      1      0 
    1    225     65     67     93     13      0      0      0      0   1512   1410   2102      6      0 
    0     43     35     39      -      -      -      -      -      -   1512    210      0      1      0 
    1    220     65     67     93     13      0      0      0      0   1512   1410   2102      6      0 
    0     42     35     39      -      -      -      -      -      -   1512    210      0      1      0 
    1    224     64     67     93     13      0      0      0      0   1512   1410   2102      6      0 
    0     42     35     39      -      -      -      -      -      -   1512    210      0      1      0 
    1    214     65     67     92     13      0      0      0      0   1512   1410   2102      6      0 
    0     42     34     39      -      -      -      -      -      -   1512    210      0      1      0 
    1    211     65     67     93     13      0      0      0      0   1512   1410   2102      6      0 
    0     43     34     37      -      -      -      -      -      -   1512    210      0      1      0 
    1    219     64     67     93     13      0      0      0      0   1512   1410   2102      6      0 
    0     42     34     37      -      -      -      -      -      -   1512    210      0      1      0 
    1    223     65     67     93     13      0      0      0      0   1512   1410   2102      6      0 
    0     42     34     37      -      -      -      -      -      -   1512    210      0      1      0 
    1    222     65     67     92     13      0      0      0      0   1512   1410   2102      6      0 
    0     41     34     37      -      -      -      -      -      -   1512    210      0      1      0 
    1    225     64     67     93     13      0      0      0      0   1512   1410   2102      6      0 
    0     42     34     37      -      -      -      -      -      -   1512    210      0      1      0 
    1    224     65     67     93     13      0      0      0      0   1512   1410   2102      6      0 
    0     42     34     37      -      -      -      -      -      -   1512    210      0      1      0 
    1    223     65     67     93     13      0      0      0      0   1512   1410   2100      6      0 
    0     42     34     37      -      -      -      -      -      -   1512    210      0      1      0 
    1    231     65     67     93     13      0      0      0      0   1512   1410   2102      6      0 
    0     42     33     37      -      -      -      -      -      -   1512    210      0      1      0 
    1    227     64     67     92     13      0      0      0      0   1512   1410   2102      6      0 
    0     42     33     37      -      -      -      -      -      -   1512    210      0      1      0 
    1    220     65     67     93     13      0      0      0      0   1512   1410   2102      6      0 
    0     42     33     37      -      -      -      -      -      -   1512    210      0      1      0 
    1    226     65     67     93     13      0      0      0      0   1512   1410   2100      6      0 
    0     42     33     37      -      -      -      -      -      -   1512    210      0      1      0 
    1    224     64     67     93     13      0      0      0      0   1512   1410   2102      6      0 
# gpu    pwr  gtemp  mtemp     sm    mem    enc    dec    jpg    ofa   mclk   pclk     fb   bar1   ccpm 
# Idx      W      C      C      %      %      %      %      %      %    MHz    MHz     MB     MB     MB 
    0     42     33     37      -      -      -      -      -      -   1512    210      0      1      0 
    1    224     64     67     92     13      0      0      0      0   1512   1410   2102      6      0 
    0     42     33     37      -      -      -      -      -      -   1512    210      0      1      0 
    1    220     65     67     92     13      0      0      0      0   1512   1410   2102      6      0 
    0     41     33     37      -      -      -      -      -      -   1512    210      0      1      0 
    1    222     65     67     93     13      0      0      0      0   1512   1410   2102      6      0 
    0     42     33     37      -      -      -      -      -      -   1512    210      0      1      0 
    1    225     64     67     93     13      0      0      0      0   1512   1410   2102      6      0 
    0     41     33     37      -      -      -      -      -      -   1512    210      0      1      0 
    1    223     65     67     93     13      0      0      0      0   1512   1410   2102      6      0 
    0     42     33     37      -      -      -      -      -      -   1512    210      0      1      0 
    1    228     65     67     93     13      0      0      0      0   1512   1410   2100      6      0 
    0     41     33     37      -      -      -      -      -      -   1512    210      0      1      0 
    1    220     64     67     92     13      0      0      0      0   1512   1410   2102      6      0 
    0     42     33     37      -      -      -      -      -      -   1512    210      0      1      0 
    1    216     64     67     93     13      0      0      0      0   1512   1410   2100      6      0 
    0     43     33     37      -      -      -      -      -      -   1512    210      0      1      0 
    1    226     65     67     93     13      0      0      0      0   1512   1410   2102      6      0 
    0     42     33     37      -      -      -      -      -      -   1512    210      0      1      0 
    1    226     65     67     93     13      0      0      0      0   1512   1410   2102      6      0 
    0     42     33     37      -      -      -      -      -      -   1512    210      0      1      0 
    1    217     64     67     93     13      0      0      0      0   1512   1410   2102      6      0 
    0     42     33     37      -      -      -      -      -      -   1512    210      0      1      0 
    1    222     65     67     92     13      0      0      0      0   1512   1410   2102      6      0 
    0     42     33     37      -      -      -      -      -      -   1512    210      0      1      0 
    1    227     65     67     92     13      0      0      0      0   1512   1410   2102      6      0 
    0     42     33     37      -      -      -      -      -      -   1512    210      0      1      0 
    1    224     65     67     93     13      0      0      0      0   1512   1410   2102      6      0 
    0     42     33     37      -      -      -      -      -      -   1512    210      0      1      0 
    1    223     64     67     92     13      0      0      0      0   1512   1410   2102      6      0 
    0     42     33     37      -      -      -      -      -      -   1512    210      0      1      0 
    1    223     65     67     93     13      0      0      0      0   1512   1410   2102      6      0 
    0     42     33     37      -      -      -      -      -      -   1512    210      0      1      0 
    1    225     65     67     93     13      0      0      0      0   1512   1410   2102      6      0 
    0     42     33     37      -      -      -      -      -      -   1512    210      0      1      0 
    1    219     64     67     93     13      0      0      0      0   1512   1410   2102      6      0 
    0     42     33     37      -      -      -      -      -      -   1512    210      0      1      0 
    1    219     65     67     92     13      0      0      0      0   1512   1410   2102      6      0 
    0     41     33     37      -      -      -      -      -      -   1512    210      0      1      0 
    1    225     65     67     93     13      0      0      0      0   1512   1410   2102      6      0 
    0     42     33     37      -      -      -      -      -      -   1512    210      0      1      0 
    1    219     65     67     93     13      0      0      0      0   1512   1410   2102      6      0 
    0     42     32     37      -      -      -      -      -      -   1512    210      0      1      0 
    1    215     64     67     93     13      0      0      0      0   1512   1410   2102      6      0 
# gpu    pwr  gtemp  mtemp     sm    mem    enc    dec    jpg    ofa   mclk   pclk     fb   bar1   ccpm 
# Idx      W      C      C      %      %      %      %      %      %    MHz    MHz     MB     MB     MB 
    0     42     33     37      -      -      -      -      -      -   1512    210      0      1      0 
    1    223     65     67     93     13      0      0      0      0   1512   1410   2102      6      0 
    0     42     33     37      -      -      -      -      -      -   1512    210      0      1      0 
    1    225     65     67     92     13      0      0      0      0   1512   1410   2102      6      0 
    0     42     33     37      -      -      -      -      -      -   1512    210      0      1      0 
    1    227     65     67     93     13      0      0      0      0   1512   1410   2102      6      0 
    0     41     32     37      -      -      -      -      -      -   1512    210      0      1      0 
    1    220     64     67     93     13      0      0      0      0   1512   1410   2102      6      0 
    0     41     33     37      -      -      -      -      -      -   1512    210      0      1      0 
    1    217     65     67     92     13      0      0      0      0   1512   1410   2102      6      0 
    0     41     33     37      -      -      -      -      -      -   1512    210      0      1      0 
    1    227     65     67     93     13      0      0      0      0   1512   1410   2102      6      0 
    0     42     32     37      -      -      -      -      -      -   1512    210      0      1      0 
    1    224     64     67     93     13      0      0      0      0   1512   1410   2100      6      0 
    0     41     32     37      -      -      -      -      -      -   1512    210      0      1      0 
    1    217     64     67     93     13      0      0      0      0   1512   1410   2102      6      0 
    0     41     33     37      -      -      -      -      -      -   1512    210      0      1      0 
    1    221     65     67     93     13      0      0      0      0   1512   1410   2102      6      0 
    0     42     32     37      -      -      -      -      -      -   1512    210      0      1      0 
    1    229     64     67     93     13      0      0      0      0   1512   1410   2102      6      0 
    0     42     32     37      -      -      -      -      -      -   1512    210      0      1      0 
    1    224     64     65     93     13      0      0      0      0   1512   1410   2100      6      0 
    0     42     33     37      -      -      -      -      -      -   1512    210      0      1      0 
    1    227     65     67     92     13      0      0      0      0   1512   1410   2102      6      0 
    0     41     32     35      -      -      -      -      -      -   1512    210      0      1      0 
    1    224     65     67     93     13      0      0      0      0   1512   1410   2102      6      0 
    0     41     32     35      -      -      -      -      -      -   1512    210      0      1      0 
    1    214     64     67     93     13      0      0      0      0   1512   1410   2102      6      0 
    0     42     32     37      -      -      -      -      -      -   1512    210      0      1      0 
    1    217     65     67     93     13      0      0      0      0   1512   1410   2102      6      0 
    0     41     32     37      -      -      -      -      -      -   1512    210      0      1      0 
    1    225     65     67     93     13      0      0      0      0   1512   1410   2102      6      0 
    0     42     32     35      -      -      -      -      -      -   1512    210      0      1      0 
    1    219     64     67     93     13      0      0      0      0   1512   1410   2102      6      0 
    0     42     32     37      -      -      -      -      -      -   1512    210      0      1      0 
    1    219     65     67     92     13      0      0      0      0   1512   1410   2102      6      0 
    0     42     33     37      -      -      -      -      -      -   1512    210      0      1      0 
    1    227     65     67     93     13      0      0      0      0   1512   1410   2102      6      0 
    0     41     32     37      -      -      -      -      -      -   1512    210      0      1      0 
    1    211     65     67     93     13      0      0      0      0   1512   1410   2102      6      0 
    0     42     32     37      -      -      -      -      -      -   1512    210      0      1      0 
    1    230     64     67     92     13      0      0      0      0   1512   1410   2102      6      0 
    0     42     32     37      -      -      -      -      -      -   1512    210      0      1      0 
    1    220     65     67     93     13      0      0      0      0   1512   1410   2100      6      0 
# gpu    pwr  gtemp  mtemp     sm    mem    enc    dec    jpg    ofa   mclk   pclk     fb   bar1   ccpm 
# Idx      W      C      C      %      %      %      %      %      %    MHz    MHz     MB     MB     MB 
    0     41     32     37      -      -      -      -      -      -   1512    210      0      1      0 
    1    218     65     67     93     13      0      0      0      0   1512   1410   2102      6      0 
    0     42     32     35      -      -      -      -      -      -   1512    210      0      1      0 
    1    223     64     67     93     13      0      0      0      0   1512   1410   2102      6      0 
    0     42     32     37      -      -      -      -      -      -   1512    210      0      1      0 
    1    226     65     67     93     13      0      0      0      0   1512   1410   2100      6      0 
    0     42     32     35      -      -      -      -      -      -   1512    210      0      1      0 
    1    224     64     67     93     13      0      0      0      0   1512   1410   2102      6      0 
    0     41     32     37      -      -      -      -      -      -   1512    210      0      1      0 
    1    223     64     67     92     13      0      0      0      0   1512   1410   2102      6      0 
    0     41     32     37      -      -      -      -      -      -   1512    210      0      1      0 
    1    253     66     67     99     16      0      0      0      0   1512   1410   2096      6      0 
    0     41     32     37      -      -      -      -      -      -   1512    210      0      1      0 
    1    241     66     67     99     16      0      0      0      0   1512   1410   2096      6      0 
    0     41     32     35      -      -      -      -      -      -   1512    210      0      1      0 
    1    243     65     67     99     16      0      0      0      0   1512   1410   2096      6      0 
    0     42     32     35      -      -      -      -      -      -   1512    210      0      1      0 
    1    238     65     67     99     16      0      0      0      0   1512   1410   2096      6      0 
    0     42     32     35      -      -      -      -      -      -   1512    210      0      1      0 
    1    244     64     67     99     16      0      0      0      0   1512   1410   2096      6      0 
    0     42     32     35      -      -      -      -      -      -   1512    210      0      1      0 
    1    242     64     67     99     16      0      0      0      0   1512   1410   2096      6      0 
    0     42     32     35      -      -      -      -      -      -   1512    210      0      1      0 
    1    244     65     67     99     16      0      0      0      0   1512   1410   2096      6      0 
    0     42     32     35      -      -      -      -      -      -   1512    210      0      1      0 
    1    242     65     67     99     16      0      0      0      0   1512   1410   2096      6      0 
    0     42     32     35      -      -      -      -      -      -   1512    210      0      1      0 
    1    233     65     67     99     16      0      0      0      0   1512   1410   2096      6      0 
    0     41     32     35      -      -      -      -      -      -   1512    210      0      1      0 
    1    238     64     67     99     16      0      0      0      0   1512   1410   2096      6      0 
    0     41     32     35      -      -      -      -      -      -   1512    210      0      1      0 
    1    239     65     67     99     16      0      0      0      0   1512   1410   2096      6      0 
    0     42     32     35      -      -      -      -      -      -   1512    210      0      1      0 
    1    236     65     67     99     16      0      0      0      0   1512   1410   2096      6      0 
    0     41     32     35      -      -      -      -      -      -   1512    210      0      1      0 
    1    247     65     67     99     16      0      0      0      0   1512   1410   2096      6      0 
    0     42     32     35      -      -      -      -      -      -   1512    210      0      1      0 
    1    234     64     67     99     16      0      0      0      0   1512   1410   2096      6      0 
    0     41     32     35      -      -      -      -      -      -   1512    210      0      1      0 
    1    236     65     67     99     16      0      0      0      0   1512   1410   2096      6      0 
    0     42     32     35      -      -      -      -      -      -   1512    210      0      1      0 
    1    233     65     67     99     16      0      0      0      0   1512   1410   2096      6      0 
    0     41     32     35      -      -      -      -      -      -   1512    210      0      1      0 
    1    238     65     67     99     16      0      0      0      0   1512   1410   2096      6      0 
# gpu    pwr  gtemp  mtemp     sm    mem    enc    dec    jpg    ofa   mclk   pclk     fb   bar1   ccpm 
# Idx      W      C      C      %      %      %      %      %      %    MHz    MHz     MB     MB     MB 
    0     42     32     35      -      -      -      -      -      -   1512    210      0      1      0 
    1    237     64     67     99     17      0      0      0      0   1512   1410   2096      6      0 
    0     42     32     35      -      -      -      -      -      -   1512    210      0      1      0 
    1    237     65     67     99     16      0      0      0      0   1512   1410   2096      6      0 
    0     41     32     35      -      -      -      -      -      -   1512    210      0      1      0 
    1    237     65     67     99     16      0      0      0      0   1512   1410   2096      6      0 
    0     42     32     35      -      -      -      -      -      -   1512    210      0      1      0 
    1    240     65     67     99     16      0      0      0      0   1512   1410   2096      6      0 
    0     42     32     35      -      -      -      -      -      -   1512    210      0      1      0 
    1    236     65     67     99     16      0      0      0      0   1512   1410   2096      6      0 
    0     41     32     35      -      -      -      -      -      -   1512    210      0      1      0 
    1    244     64     67     99     16      0      0      0      0   1512   1410   2096      6      0 
    0     42     32     35      -      -      -      -      -      -   1512    210      0      1      0 
    1    238     65     67     99     16      0      0      0      0   1512   1410   2096      6      0 
    0     41     32     35      -      -      -      -      -      -   1512    210      0      1      0 
    1    240     65     67     99     16      0      0      0      0   1512   1410   2096      6      0 
    0     41     32     35      -      -      -      -      -      -   1512    210      0      1      0 
    1    238     65     67     99     16      0      0      0      0   1512   1410   2096      6      0 
    0     41     32     35      -      -      -      -      -      -   1512    210      0      1      0 
    1    246     65     67     99     16      0      0      0      0   1512   1410   2096      6      0 
    0     42     32     35      -      -      -      -      -      -   1512    210      0      1      0 
    1    246     65     67     99     16      0      0      0      0   1512   1410   2096      6      0 
    0     41     32     35      -      -      -      -      -      -   1512    210      0      1      0 
    1    242     65     67     99     16      0      0      0      0   1512   1410   2096      6      0 
    0     42     32     35      -      -      -      -      -      -   1512    210      0      1      0 
    1    235     65     67     99     16      0      0      0      0   1512   1410   2096      6      0 
    0     41     32     35      -      -      -      -      -      -   1512    210      0      1      0 
    1    239     65     67     99     16      0      0      0      0   1512   1410   2096      6      0 
    0     42     32     35      -      -      -      -      -      -   1512    210      0      1      0 
    1    237     64     67     99     17      0      0      0      0   1512   1410   2096      6      0 
    0     41     32     35      -      -      -      -      -      -   1512    210      0      1      0 
    1    246     65     67     99     16      0      0      0      0   1512   1410   2096      6      0 
    0     42     32     35      -      -      -      -      -      -   1512    210      0      1      0 
    1    242     65     67     99     16      0      0      0      0   1512   1410   2096      6      0 
    0     42     32     35      -      -      -      -      -      -   1512    210      0      1      0 
    1    240     65     67     99     16      0      0      0      0   1512   1410   2096      6      0 
    0     41     32     35      -      -      -      -      -      -   1512    210      0      1      0 
    1    240     64     67     99     16      0      0      0      0   1512   1410   2096      6      0 
    0     41     32     35      -      -      -      -      -      -   1512    210      0      1      0 
    1    243     65     67     99     16      0      0      0      0   1512   1410   2096      6      0 
    0     42     32     35      -      -      -      -      -      -   1512    210      0      1      0 
    1    244     65     67     99     16      0      0      0      0   1512   1410   2096      6      0 
    0     42     32     35      -      -      -      -      -      -   1512    210      0      1      0 
    1    238     65     67     99     16      0      0      0      0   1512   1410   2096      6      0 
# gpu    pwr  gtemp  mtemp     sm    mem    enc    dec    jpg    ofa   mclk   pclk     fb   bar1   ccpm 
# Idx      W      C      C      %      %      %      %      %      %    MHz    MHz     MB     MB     MB 
    0     41     32     35      -      -      -      -      -      -   1512    210      0      1      0 
    1    240     65     67     99     16      0      0      0      0   1512   1410   2096      6      0 
    0     41     32     35      -      -      -      -      -      -   1512    210      0      1      0 
    1    245     64     67     99     16      0      0      0      0   1512   1410   2096      6      0 
    0     42     32     35      -      -      -      -      -      -   1512    210      0      1      0 
    1    243     65     67     99     16      0      0      0      0   1512   1410   2096      6      0 
    0     41     32     35      -      -      -      -      -      -   1512    210      0      1      0 
    1    241     65     67     99     16      0      0      0      0   1512   1410   2096      6      0 
    0     42     32     35      -      -      -      -      -      -   1512    210      0      1      0 
    1    243     65     67     99     16      0      0      0      0   1512   1410   2096      6      0 
    0     41     32     35      -      -      -      -      -      -   1512    210      0      1      0 
    1    244     65     67     99     16      0      0      0      0   1512   1410   2096      6      0 
    0     42     32     35      -      -      -      -      -      -   1512    210      0      1      0 
    1    238     65     67     99     16      0      0      0      0   1512   1410   2096      6      0 
    0     42     32     35      -      -      -      -      -      -   1512    210      0      1      0 
    1    246     65     67     99     16      0      0      0      0   1512   1410   2096      6      0 
    0     42     32     35      -      -      -      -      -      -   1512    210      0      1      0 
    1    235     65     67     99     16      0      0      0      0   1512   1410   2096      6      0 
    0     42     32     35      -      -      -      -      -      -   1512    210      0      1      0 
    1    242     65     67     99     16      0      0      0      0   1512   1410   2096      6      0 
    0     42     32     35      -      -      -      -      -      -   1512    210      0      1      0 
    1    245     64     67     99     16      0      0      0      0   1512   1410   2096      6      0 
    0     41     32     35      -      -      -      -      -      -   1512    210      0      1      0 
    1    242     65     67     99     16      0      0      0      0   1512   1410   2096      6      0 
    0     41     32     35      -      -      -      -      -      -   1512    210      0      1      0 
    1    245     65     67     99     16      0      0      0      0   1512   1410   2096      6      0 
    0     42     32     35      -      -      -      -      -      -   1512    210      0      1      0 
    1    242     65     67     99     16      0      0      0      0   1512   1410   2096      6      0 
    0     41     32     35      -      -      -      -      -      -   1512    210      0      1      0 
    1    245     64     67     99     16      0      0      0      0   1512   1410   2096      6      0 
    0     41     32     35      -      -      -      -      -      -   1512    210      0      1      0 
    1    239     64     67     99     16      0      0      0      0   1512   1410   2096      6      0 
    0     41     32     35      -      -      -      -      -      -   1512    210      0      1      0 
    1    243     65     67     99     16      0      0      0      0   1512   1410   2096      6      0 
    0     42     32     35      -      -      -      -      -      -   1512    210      0      1      0 
    1    238     65     67     99     16      0      0      0      0   1512   1410   2096      6      0 
    0     41     32     35      -      -      -      -      -      -   1512    210      0      1      0 
    1    239     65     67     99     16      0      0      0      0   1512   1410   2096      6      0 
    0     42     32     35      -      -      -      -      -      -   1512    210      0      1      0 
    1    236     64     67     99     17      0      0      0      0   1512   1410   2096      6      0 
    0     42     32     35      -      -      -      -      -      -   1512    210      0      1      0 
    1    240     65     67     99     16      0      0      0      0   1512   1410   2096      6      0 
    0     42     32     35      -      -      -      -      -      -   1512    210      0      1      0 
    1    239     65     67     99     16      0      0      0      0   1512   1410   2096      6      0 
# gpu    pwr  gtemp  mtemp     sm    mem    enc    dec    jpg    ofa   mclk   pclk     fb   bar1   ccpm 
# Idx      W      C      C      %      %      %      %      %      %    MHz    MHz     MB     MB     MB 
    0     42     32     35      -      -      -      -      -      -   1512    210      0      1      0 
    1    230     65     67     99     17      0      0      0      0   1512   1410   2096      6      0 
    0     42     32     35      -      -      -      -      -      -   1512    210      0      1      0 
    1    229     65     67     99     16      0      0      0      0   1512   1410   2096      6      0 
    0     42     32     35      -      -      -      -      -      -   1512    210      0      1      0 
    1    244     64     67     99     16      0      0      0      0   1512   1410   2096      6      0 
    0     42     32     35      -      -      -      -      -      -   1512    210      0      1      0 
    1    240     65     67     99     16      0      0      0      0   1512   1410   2096      6      0 
    0     42     32     35      -      -      -      -      -      -   1512    210      0      1      0 
    1    244     65     67     99     16      0      0      0      0   1512   1410   2096      6      0 
    0     42     32     35      -      -      -      -      -      -   1512    210      0      1      0 
    1    236     65     67     99     16      0      0      0      0   1512   1410   2096      6      0 
    0     42     32     35      -      -      -      -      -      -   1512    210      0      1      0 
    1    240     64     67     99     16      0      0      0      0   1512   1410   2096      6      0 
    0     41     32     35      -      -      -      -      -      -   1512    210      0      1      0 
    1    236     65     67     99     16      0      0      0      0   1512   1410   2096      6      0 
    0     41     32     35      -      -      -      -      -      -   1512    210      0      1      0 
    1    238     65     67     99     16      0      0      0      0   1512   1410   2096      6      0 
    0     41     32     35      -      -      -      -      -      -   1512    210      0      1      0 
    1    240     65     67     99     16      0      0      0      0   1512   1410   2096      6      0 
    0     42     32     35      -      -      -      -      -      -   1512    210      0      1      0 
    1    249     65     67     99     16      0      0      0      0   1512   1410   2096      6      0 
    0     41     32     35      -      -      -      -      -      -   1512    210      0      1      0 
    1    239     64     67     99     16      0      0      0      0   1512   1410   2096      6      0 
    0     42     32     35      -      -      -      -      -      -   1512    210      0      1      0 
    1    235     65     67     99     16      0      0      0      0   1512   1410   2096      6      0 
    0     42     32     35      -      -      -      -      -      -   1512    210      0      1      0 
    1    234     65     67     99     16      0      0      0      0   1512   1410   2096      6      0 
    0     42     32     35      -      -      -      -      -      -   1512    210      0      1      0 
    1    235     65     67     99     16      0      0      0      0   1512   1410   2096      6      0 
    0     42     32     35      -      -      -      -      -      -   1512    210      0      1      0 
    1    239     64     67     99     16      0      0      0      0   1512   1410   2096      6      0 
    0     42     32     35      -      -      -      -      -      -   1512    210      0      1      0 
    1    240     65     67     99     16      0      0      0      0   1512   1410   2096      6      0 
    0     42     32     35      -      -      -      -      -      -   1512    210      0      1      0 
    1    239     64     67     99     16      0      0      0      0   1512   1410   2096      6      0 
    0     41     32     35      -      -      -      -      -      -   1512    210      0      1      0 
    1    244     64     67     99     16      0      0      0      0   1512   1410   2096      6      0 
    0     42     32     35      -      -      -      -      -      -   1512    210      0      1      0 
    1    240     65     67     99     16      0      0      0      0   1512   1410   2096      6      0 
    0     41     32     35      -      -      -      -      -      -   1512    210      0      1      0 
    1    241     65     67     99     16      0      0      0      0   1512   1410   2096      6      0 
    0     41     32     35      -      -      -      -      -      -   1512    210      0      1      0 
    1    234     65     67     99     16      0      0      0      0   1512   1410   2096      6      0 
# gpu    pwr  gtemp  mtemp     sm    mem    enc    dec    jpg    ofa   mclk   pclk     fb   bar1   ccpm 
# Idx      W      C      C      %      %      %      %      %      %    MHz    MHz     MB     MB     MB 
    0     41     32     35      -      -      -      -      -      -   1512    210      0      1      0 
    1    242     64     67     99     16      0      0      0      0   1512   1410   2096      6      0 
    0     41     32     35      -      -      -      -      -      -   1512    210      0      1      0 
    1    233     65     67     99     16      0      0      0      0   1512   1410   2096      6      0 
    0     41     32     35      -      -      -      -      -      -   1512    210      0      1      0 
    1    241     65     67     99     16      0      0      0      0   1512   1410   2096      6      0 
    0     41     32     35      -      -      -      -      -      -   1512    210      0      1      0 
    1    241     65     67     99     16      0      0      0      0   1512   1410   2096      6      0 
    0     41     32     35      -      -      -      -      -      -   1512    210      0      1      0 
    1    239     65     67     99     16      0      0      0      0   1512   1410   2096      6      0 
    0     41     32     35      -      -      -      -      -      -   1512    210      0      1      0 
    1    237     64     67     99     16      0      0      0      0   1512   1410   2096      6      0 
    0     41     32     35      -      -      -      -      -      -   1512    210      0      1      0 
    1    235     65     67     99     16      0      0      0      0   1512   1410   2096      6      0 
    0     41     32     35      -      -      -      -      -      -   1512    210      0      1      0 
    1    239     65     67     99     16      0      0      0      0   1512   1410   2096      6      0 
    0     41     32     35      -      -      -      -      -      -   1512    210      0      1      0 
    1    240     65     67     99     16      0      0      0      0   1512   1410   2096      6      0 
    0     42     32     35      -      -      -      -      -      -   1512    210      0      1      0 
    1    239     64     67     99     16      0      0      0      0   1512   1410   2096      6      0 
    0     42     32     35      -      -      -      -      -      -   1512    210      0      1      0 
    1    235     65     67     99     16      0      0      0      0   1512   1410   2096      6      0 
    0     41     32     35      -      -      -      -      -      -   1512    210      0      1      0 
    1    242     65     67     99     16      0      0      0      0   1512   1410   2096      6      0 
    0     42     32     35      -      -      -      -      -      -   1512    210      0      1      0 
    1    246     65     67     99     16      0      0      0      0   1512   1410   2096      6      0 
    0     42     32     35      -      -      -      -      -      -   1512    210      0      1      0 
    1    244     65     67     99     16      0      0      0      0   1512   1410   2096      6      0 
    0     42     32     35      -      -      -      -      -      -   1512    210      0      1      0 
    1    239     64     67     99     16      0      0      0      0   1512   1410   2096      6      0 
    0     42     32     35      -      -      -      -      -      -   1512    210      0      1      0 
    1    238     65     67     99     16      0      0      0      0   1512   1410   2096      6      0 
    0     42     32     35      -      -      -      -      -      -   1512    210      0      1      0 
    1    242     65     67     99     16      0      0      0      0   1512   1410   2096      6      0 
    0     42     32     35      -      -      -      -      -      -   1512    210      0      1      0 
    1    240     65     67     99     16      0      0      0      0   1512   1410   2096      6      0 
    0     42     32     35      -      -      -      -      -      -   1512    210      0      1      0 
    1    234     64     67     99     16      0      0      0      0   1512   1410   2096      6      0 
    0     42     32     35      -      -      -      -      -      -   1512    210      0      1      0 
    1    235     65     67     99     16      0      0      0      0   1512   1410   2096      6      0 
    0     41     32     35      -      -      -      -      -      -   1512    210      0      1      0 
    1    243     65     67     99     16      0      0      0      0   1512   1410   2096      6      0 
    0     41     32     35      -      -      -      -      -      -   1512    210      0      1      0 
    1    244     65     67     99     16      0      0      0      0   1512   1410   2096      6      0 
# gpu    pwr  gtemp  mtemp     sm    mem    enc    dec    jpg    ofa   mclk   pclk     fb   bar1   ccpm 
# Idx      W      C      C      %      %      %      %      %      %    MHz    MHz     MB     MB     MB 
    0     41     32     35      -      -      -      -      -      -   1512    210      0      1      0 
    1    242     64     67     99     16      0      0      0      0   1512   1410   2096      6      0 
    0     41     32     35      -      -      -      -      -      -   1512    210      0      1      0 
    1    238     65     67     99     16      0      0      0      0   1512   1410   2096      6      0 
    0     42     32     35      -      -      -      -      -      -   1512    210      0      1      0 
    1    244     65     67     99     16      0      0      0      0   1512   1410   2096      6      0 
    0     41     32     35      -      -      -      -      -      -   1512    210      0      1      0 
    1    243     65     67     99     17      0      0      0      0   1512   1410   2096      6      0 
    0     42     32     35      -      -      -      -      -      -   1512    210      0      1      0 
    1    246     65     67     99     16      0      0      0      0   1512   1410   2096      6      0 
    0     41     32     35      -      -      -      -      -      -   1512    210      0      1      0 
    1    238     64     67     99     16      0      0      0      0   1512   1410   2096      6      0 
    0     42     32     35      -      -      -      -      -      -   1512    210      0      1      0 
    1    239     65     67     99     16      0      0      0      0   1512   1410   2096      6      0 
    0     41     32     35      -      -      -      -      -      -   1512    210      0      1      0 
    1    240     65     67     99     16      0      0      0      0   1512   1410   2096      6      0 
    0     41     32     35      -      -      -      -      -      -   1512    210      0      1      0 
    1    242     65     67     99     16      0      0      0      0   1512   1410   2096      6      0 
    0     41     32     35      -      -      -      -      -      -   1512    210      0      1      0 
    1    236     65     67     99     16      0      0      0      0   1512   1410   2096      6      0 
    0     42     32     35      -      -      -      -      -      -   1512    210      0      1      0 
    1    239     65     67     99     16      0      0      0      0   1512   1410   2096      6      0 
    0     42     32     35      -      -      -      -      -      -   1512    210      0      1      0 
    1    242     65     67     99     16      0      0      0      0   1512   1410   2096      6      0 
    0     42     32     35      -      -      -      -      -      -   1512    210      0      1      0 
    1    240     65     67     99     16      0      0      0      0   1512   1410   2096      6      0 
    0     42     32     35      -      -      -      -      -      -   1512    210      0      1      0 
    1    231     65     67     99     17      0      0      0      0   1512   1410   2096      6      0 
    0     42     32     35      -      -      -      -      -      -   1512    210      0      1      0 
    1    238     64     67     99     16      0      0      0      0   1512   1410   2096      6      0 
    0     41     32     35      -      -      -      -      -      -   1512    210      0      1      0 
    1    239     65     67     99     16      0      0      0      0   1512   1410   2096      6      0 
    0     42     32     35      -      -      -      -      -      -   1512    210      0      1      0 
    1    233     65     67     99     16      0      0      0      0   1512   1410   2096      6      0 
    0     41     32     35      -      -      -      -      -      -   1512    210      0      1      0 
    1    237     65     67     99     16      0      0      0      0   1512   1410   2096      6      0 
    0     41     32     35      -      -      -      -      -      -   1512    210      0      1      0 
    1    240     65     67     99     16      0      0      0      0   1512   1410   2096      6      0 
    0     42     32     35      -      -      -      -      -      -   1512    210      0      1      0 
    1    239     64     67     99     16      0      0      0      0   1512   1410   2096      6      0 
    0     41     32     35      -      -      -      -      -      -   1512    210      0      1      0 
    1    240     65     67     99     16      0      0      0      0   1512   1410   2096      6      0 
    0     42     32     35      -      -      -      -      -      -   1512    210      0      1      0 
    1    239     65     67     99     16      0      0      0      0   1512   1410   2096      6      0 
# gpu    pwr  gtemp  mtemp     sm    mem    enc    dec    jpg    ofa   mclk   pclk     fb   bar1   ccpm 
# Idx      W      C      C      %      %      %      %      %      %    MHz    MHz     MB     MB     MB 
    0     41     32     35      -      -      -      -      -      -   1512    210      0      1      0 
    1    241     65     67     99     16      0      0      0      0   1512   1410   2096      6      0 
    0     41     32     35      -      -      -      -      -      -   1512    210      0      1      0 
    1    240     65     67     99     16      0      0      0      0   1512   1410   2096      6      0 
    0     41     32     35      -      -      -      -      -      -   1512    210      0      1      0 
    1    235     65     67     99     16      0      0      0      0   1512   1410   2096      6      0 
    0     41     32     35      -      -      -      -      -      -   1512    210      0      1      0 
    1    244     65     67     99     16      0      0      0      0   1512   1410   2096      6      0 
    0     42     32     35      -      -      -      -      -      -   1512    210      0      1      0 
    1    238     65     67     99     16      0      0      0      0   1512   1410   2096      6      0 
    0     41     32     35      -      -      -      -      -      -   1512    210      0      1      0 
    1    239     64     67     99     16      0      0      0      0   1512   1410   2096      6      0 
    0     42     32     35      -      -      -      -      -      -   1512    210      0      1      0 
    1    240     65     67     99     16      0      0      0      0   1512   1410   2096      6      0 
    0     42     32     35      -      -      -      -      -      -   1512    210      0      1      0 
    1    240     65     67     99     17      0      0      0      0   1512   1410   2096      6      0 
    0     41     32     35      -      -      -      -      -      -   1512    210      0      1      0 
    1    242     65     67     99     16      0      0      0      0   1512   1410   2096      6      0 
    0     42     32     35      -      -      -      -      -      -   1512    210      0      1      0 
    1    242     64     67     99     16      0      0      0      0   1512   1410   2096      6      0 
    0     41     32     35      -      -      -      -      -      -   1512    210      0      1      0 
    1    243     65     67     99     17      0      0      0      0   1512   1410   2096      6      0 
    0     41     32     35      -      -      -      -      -      -   1512    210      0      1      0 
    1    240     65     67     99     16      0      0      0      0   1512   1410   2096      6      0 
    0     42     32     35      -      -      -      -      -      -   1512    210      0      1      0 
    1    241     65     67     99     16      0      0      0      0   1512   1410   2096      6      0 
    0     42     32     35      -      -      -      -      -      -   1512    210      0      1      0 
    1    239     65     67     99     16      0      0      0      0   1512   1410   2096      6      0 
    0     42     32     35      -      -      -      -      -      -   1512    210      0      1      0 
    1    233     64     67     99     16      0      0      0      0   1512   1410   2096      6      0 
    0     42     32     35      -      -      -      -      -      -   1512    210      0      1      0 
    1    232     65     67     99     16      0      0      0      0   1512   1410   2096      6      0 
    0     41     32     35      -      -      -      -      -      -   1512    210      0      1      0 
    1    244     65     67     99     16      0      0      0      0   1512   1410   2096      6      0 
    0     42     32     35      -      -      -      -      -      -   1512    210      0      1      0 
    1    235     65     67     99     16      0      0      0      0   1512   1410   2096      6      0 
    0     42     32     35      -      -      -      -      -      -   1512    210      0      1      0 
    1    239     64     67     99     16      0      0      0      0   1512   1410   2096      6      0 
    0     41     32     35      -      -      -      -      -      -   1512    210      0      1      0 
    1    241     65     67     99     16      0      0      0      0   1512   1410   2096      6      0 
    0     41     32     35      -      -      -      -      -      -   1512    210      0      1      0 
    1    246     65     67     99     16      0      0      0      0   1512   1410   2096      6      0 
    0     42     32     35      -      -      -      -      -      -   1512    210      0      1      0 
    1    242     65     67     99     16      0      0      0      0   1512   1410   2096      6      0 
# gpu    pwr  gtemp  mtemp     sm    mem    enc    dec    jpg    ofa   mclk   pclk     fb   bar1   ccpm 
# Idx      W      C      C      %      %      %      %      %      %    MHz    MHz     MB     MB     MB 
    0     41     32     35      -      -      -      -      -      -   1512    210      0      1      0 
    1    243     64     67     99     16      0      0      0      0   1512   1410   2096      6      0 
    0     41     32     35      -      -      -      -      -      -   1512    210      0      1      0 
    1    242     65     67     99     16      0      0      0      0   1512   1410   2096      6      0 
    0     42     32     35      -      -      -      -      -      -   1512    210      0      1      0 
    1    235     65     67     99     16      0      0      0      0   1512   1410   2096      6      0 
    0     42     32     35      -      -      -      -      -      -   1512    210      0      1      0 
    1    236     65     67     99     16      0      0      0      0   1512   1410   2096      6      0 
    0     41     32     35      -      -      -      -      -      -   1512    210      0      1      0 
    1    240     65     67     99     16      0      0      0      0   1512   1410   2096      6      0 
    0     42     32     35      -      -      -      -      -      -   1512    210      0      1      0 
    1    234     64     67     99     16      0      0      0      0   1512   1410   2096      6      0 
    0     42     32     35      -      -      -      -      -      -   1512    210      0      1      0 
    1    240     65     67     99     16      0      0      0      0   1512   1410   2096      6      0 
    0     41     32     35      -      -      -      -      -      -   1512    210      0      1      0 
    1    238     65     67     99     16      0      0      0      0   1512   1410   2096      6      0 
    0     42     32     35      -      -      -      -      -      -   1512    210      0      1      0 
    1    240     65     67     99     16      0      0      0      0   1512   1410   2096      6      0 
    0     42     32     35      -      -      -      -      -      -   1512    210      0      1      0 
    1    242     65     67     99     16      0      0      0      0   1512   1410   2096      6      0 
    0     42     32     35      -      -      -      -      -      -   1512    210      0      1      0 
    1    240     64     67     99     16      0      0      0      0   1512   1410   2096      6      0 
    0     41     32     35      -      -      -      -      -      -   1512    210      0      1      0 
    1    245     65     67     99     16      0      0      0      0   1512   1410   2096      6      0 
    0     41     32     35      -      -      -      -      -      -   1512    210      0      1      0 
    1    240     65     67    100     16      0      0      0      0   1512   1410   2096      6      0 
    0     41     32     35      -      -      -      -      -      -   1512    210      0      1      0 
    1    238     65     67     99     16      0      0      0      0   1512   1410   2096      6      0 
    0     41     32     35      -      -      -      -      -      -   1512    210      0      1      0 
    1    244     64     67     99     16      0      0      0      0   1512   1410   2096      6      0 
    0     41     32     35      -      -      -      -      -      -   1512    210      0      1      0 
    1    243     65     67     99     16      0      0      0      0   1512   1410   2096      6      0 
    0     41     32     35      -      -      -      -      -      -   1512    210      0      1      0 
    1    246     65     67     99     17      0      0      0      0   1512   1410   2096      6      0 
    0     41     32     35      -      -      -      -      -      -   1512    210      0      1      0 
    1    240     65     67     99     17      0      0      0      0   1512   1410   2096      6      0 
    0     41     32     35      -      -      -      -      -      -   1512    210      0      1      0 
    1    234     65     67     99     16      0      0      0      0   1512   1410   2096      6      0 
    0     42     32     35      -      -      -      -      -      -   1512    210      0      1      0 
    1    237     65     67     99     16      0      0      0      0   1512   1410   2096      6      0 
    0     41     32     35      -      -      -      -      -      -   1512    210      0      1      0 
    1    245     65     67     99     16      0      0      0      0   1512   1410   2096      6      0 
    0     42     32     35      -      -      -      -      -      -   1512    210      0      1      0 
    1    241     65     67     99     16      0      0      0      0   1512   1410   2096      6      0 
# gpu    pwr  gtemp  mtemp     sm    mem    enc    dec    jpg    ofa   mclk   pclk     fb   bar1   ccpm 
# Idx      W      C      C      %      %      %      %      %      %    MHz    MHz     MB     MB     MB 
    0     42     32     35      -      -      -      -      -      -   1512    210      0      1      0 
    1    239     65     67     99     16      0      0      0      0   1512   1410   2096      6      0 
    0     41     32     35      -      -      -      -      -      -   1512    210      0      1      0 
    1    240     64     67     99     16      0      0      0      0   1512   1410   2096      6      0 
    0     42     32     35      -      -      -      -      -      -   1512    210      0      1      0 
    1    234     65     67     99     17      0      0      0      0   1512   1410   2096      6      0 
    0     41     32     35      -      -      -      -      -      -   1512    210      0      1      0 
    1    237     65     67     99     16      0      0      0      0   1512   1410   2096      6      0 
    0     41     32     35      -      -      -      -      -      -   1512    210      0      1      0 
    1    241     65     67     99     16      0      0      0      0   1512   1410   2096      6      0 
    0     41     32     35      -      -      -      -      -      -   1512    210      0      1      0 
    1    238     64     67     99     16      0      0      0      0   1512   1410   2096      6      0 
    0     42     32     35      -      -      -      -      -      -   1512    210      0      1      0 
    1    242     65     67     99     16      0      0      0      0   1512   1410   2096      6      0 
    0     42     32     35      -      -      -      -      -      -   1512    210      0      1      0 
    1    238     65     67     99     16      0      0      0      0   1512   1410   2096      6      0 
    0     42     32     35      -      -      -      -      -      -   1512    210      0      1      0 
    1    242     65     67     99     16      0      0      0      0   1512   1410   2096      6      0 
    0     41     32     35      -      -      -      -      -      -   1512    210      0      1      0 
    1    240     65     67     99     16      0      0      0      0   1512   1410   2096      6      0 
    0     41     32     35      -      -      -      -      -      -   1512    210      0      1      0 
    1    236     65     67     99     16      0      0      0      0   1512   1410   2096      6      0 
    0     42     32     35      -      -      -      -      -      -   1512    210      0      1      0 
    1    238     65     67     99     16      0      0      0      0   1512   1410   2096      6      0 
    0     41     32     35      -      -      -      -      -      -   1512    210      0      1      0 
    1    246     65     67     99     16      0      0      0      0   1512   1410   2096      6      0 
    0     41     32     35      -      -      -      -      -      -   1512    210      0      1      0 
    1    243     65     67     99     16      0      0      0      0   1512   1410   2096      6      0 
    0     41     32     35      -      -      -      -      -      -   1512    210      0      1      0 
    1    239     64     67     99     16      0      0      0      0   1512   1410   2096      6      0 
    0     41     32     35      -      -      -      -      -      -   1512    210      0      1      0 
    1    239     65     67     99     16      0      0      0      0   1512   1410   2096      6      0 
    0     42     32     35      -      -      -      -      -      -   1512    210      0      1      0 
    1    241     65     67     99     16      0      0      0      0   1512   1410   2096      6      0 
    0     42     32     35      -      -      -      -      -      -   1512    210      0      1      0 
    1    238     65     67     99     16      0      0      0      0   1512   1410   2096      6      0 
    0     41     32     35      -      -      -      -      -      -   1512    210      0      1      0 
    1    241     65     67     99     16      0      0      0      0   1512   1410   2096      6      0 
    0     41     32     35      -      -      -      -      -      -   1512    210      0      1      0 
    1    241     64     67     99     16      0      0      0      0   1512   1410   2096      6      0 
    0     41     32     35      -      -      -      -      -      -   1512    210      0      1      0 
    1    237     65     67     99     16      0      0      0      0   1512   1410   2096      6      0 
    0     42     32     35      -      -      -      -      -      -   1512    210      0      1      0 
    1    240     65     67     99     16      0      0      0      0   1512   1410   2096      6      0 
# gpu    pwr  gtemp  mtemp     sm    mem    enc    dec    jpg    ofa   mclk   pclk     fb   bar1   ccpm 
# Idx      W      C      C      %      %      %      %      %      %    MHz    MHz     MB     MB     MB 
    0     41     32     35      -      -      -      -      -      -   1512    210      0      1      0 
    1    230     65     67     99     16      0      0      0      0   1512   1410   2096      6      0 
    0     41     32     35      -      -      -      -      -      -   1512    210      0      1      0 
    1    244     64     67     99     16      0      0      0      0   1512   1410   2096      6      0 
    0     42     32     35      -      -      -      -      -      -   1512    210      0      1      0 
    1    238     65     67     99     17      0      0      0      0   1512   1410   2096      6      0 
    0     41     32     35      -      -      -      -      -      -   1512    210      0      1      0 
    1    242     65     67     99     16      0      0      0      0   1512   1410   2096      6      0 
    0     41     32     35      -      -      -      -      -      -   1512    210      0      1      0 
    1    237     65     67     99     16      0      0      0      0   1512   1410   2096      6      0 
    0     42     32     35      -      -      -      -      -      -   1512    210      0      1      0 
    1    240     64     67     99     16      0      0      0      0   1512   1410   2096      6      0 
    0     41     32     35      -      -      -      -      -      -   1512    210      0      1      0 
    1    241     65     67     99     16      0      0      0      0   1512   1410   2096      6      0 
    0     42     32     35      -      -      -      -      -      -   1512    210      0      1      0 
    1    238     65     67     99     16      0      0      0      0   1512   1410   2096      6      0 
    0     41     32     35      -      -      -      -      -      -   1512    210      0      1      0 
    1    236     65     67     99     16      0      0      0      0   1512   1410   2096      6      0 
    0     41     32     35      -      -      -      -      -      -   1512    210      0      1      0 
    1    239     65     67     99     16      0      0      0      0   1512   1410   2096      6      0 
    0     41     32     35      -      -      -      -      -      -   1512    210      0      1      0 
    1    246     64     67     99     17      0      0      0      0   1512   1410   2096      6      0 
    0     41     32     35      -      -      -      -      -      -   1512    210      0      1      0 
    1    242     65     67     99     17      0      0      0      0   1512   1410   2096      6      0 
    0     42     32     35      -      -      -      -      -      -   1512    210      0      1      0 
    1    239     65     67     99     17      0      0      0      0   1512   1410   2096      6      0 
    0     41     32     35      -      -      -      -      -      -   1512    210      0      1      0 
    1    239     65     67     99     16      0      0      0      0   1512   1410   2096      6      0 
    0     41     32     35      -      -      -      -      -      -   1512    210      0      1      0 
    1    244     64     67     99     16      0      0      0      0   1512   1410   2096      6      0 
    0     42     32     35      -      -      -      -      -      -   1512    210      0      1      0 
    1    239     65     67     99     16      0      0      0      0   1512   1410   2096      6      0 
    0     42     32     35      -      -      -      -      -      -   1512    210      0      1      0 
    1    242     65     67     99     16      0      0      0      0   1512   1410   2096      6      0 
    0     42     32     35      -      -      -      -      -      -   1512    210      0      1      0 
    1    234     65     67     99     16      0      0      0      0   1512   1410   2096      6      0 
    0     41     32     35      -      -      -      -      -      -   1512    210      0      1      0 
    1    242     64     67    100     16      0      0      0      0   1512   1410   2096      6      0 
    0     42     32     35      -      -      -      -      -      -   1512    210      0      1      0 
    1    239     65     67     99     17      0      0      0      0   1512   1410   2096      6      0 
    0     42     32     35      -      -      -      -      -      -   1512    210      0      1      0 
    1    242     65     67    100     16      0      0      0      0   1512   1410   2096      6      0 
    0     41     32     35      -      -      -      -      -      -   1512    210      0      1      0 
    1    236     65     67     99     16      0      0      0      0   1512   1410   2096      6      0 
# gpu    pwr  gtemp  mtemp     sm    mem    enc    dec    jpg    ofa   mclk   pclk     fb   bar1   ccpm 
# Idx      W      C      C      %      %      %      %      %      %    MHz    MHz     MB     MB     MB 
    0     41     32     35      -      -      -      -      -      -   1512    210      0      1      0 
    1    241     65     67     99     16      0      0      0      0   1512   1410   2096      6      0 
    0     42     32     35      -      -      -      -      -      -   1512    210      0      1      0 
    1    239     64     67     99     16      0      0      0      0   1512   1410   2096      6      0 
    0     41     32     35      -      -      -      -      -      -   1512    210      0      1      0 
    1    240     65     67     99     16      0      0      0      0   1512   1410   2096      6      0 
    0     42     32     35      -      -      -      -      -      -   1512    210      0      1      0 
    1    238     65     67     99     16      0      0      0      0   1512   1410   2096      6      0 
    0     42     32     35      -      -      -      -      -      -   1512    210      0      1      0 
    1    238     65     67     99     16      0      0      0      0   1512   1410   2096      6      0 
    0     41     32     35      -      -      -      -      -      -   1512    210      0      1      0 
    1    237     64     67     99     16      0      0      0      0   1512   1410   2096      6      0 
    0     42     32     35      -      -      -      -      -      -   1512    210      0      1      0 
    1    242     65     67     99     16      0      0      0      0   1512   1410   2096      6      0 
    0     41     32     35      -      -      -      -      -      -   1512    210      0      1      0 
    1    229     65     67     99     16      0      0      0      0   1512   1410   2096      6      0 
    0     41     32     35      -      -      -      -      -      -   1512    210      0      1      0 
    1    237     65     67     99     16      0      0      0      0   1512   1410   2096      6      0 
    0     42     32     35      -      -      -      -      -      -   1512    210      0      1      0 
    1    237     64     67    100     16      0      0      0      0   1512   1410   2096      6      0 
    0     41     32     35      -      -      -      -      -      -   1512    210      0      1      0 
    1    239     64     67     99     16      0      0      0      0   1512   1410   2096      6      0 
    0     41     32     35      -      -      -      -      -      -   1512    210      0      1      0 
    1    243     65     67     99     16      0      0      0      0   1512   1410   2096      6      0 
    0     41     32     35      -      -      -      -      -      -   1512    210      0      1      0 
    1    236     65     67     99     16      0      0      0      0   1512   1410   2096      6      0 
    0     41     32     35      -      -      -      -      -      -   1512    210      0      1      0 
    1    240     65     67     99     16      0      0      0      0   1512   1410   2096      6      0 
    0     41     32     35      -      -      -      -      -      -   1512    210      0      1      0 
    1    242     64     67     99     16      0      0      0      0   1512   1410   2096      6      0 
    0     41     32     35      -      -      -      -      -      -   1512    210      0      1      0 
    1    235     65     67     99     16      0      0      0      0   1512   1410   2096      6      0 
    0     41     32     35      -      -      -      -      -      -   1512    210      0      1      0 
    1    245     65     67     99     16      0      0      0      0   1512   1410   2096      6      0 
    0     41     32     35      -      -      -      -      -      -   1512    210      0      1      0 
    1    238     65     67     99     16      0      0      0      0   1512   1410   2096      6      0 
    0     41     32     35      -      -      -      -      -      -   1512    210      0      1      0 
    1    242     64     67     99     16      0      0      0      0   1512   1410   2096      6      0 
    0     41     32     35      -      -      -      -      -      -   1512    210      0      1      0 
    1    243     65     67     99     16      0      0      0      0   1512   1410   2096      6      0 
    0     41     32     35      -      -      -      -      -      -   1512    210      0      1      0 
    1    242     65     67     99     16      0      0      0      0   1512   1410   2096      6      0 
    0     41     32     35      -      -      -      -      -      -   1512    210      0      1      0 
    1    234     65     67     99     16      0      0      0      0   1512   1410   2096      6      0 
# gpu    pwr  gtemp  mtemp     sm    mem    enc    dec    jpg    ofa   mclk   pclk     fb   bar1   ccpm 
# Idx      W      C      C      %      %      %      %      %      %    MHz    MHz     MB     MB     MB 
    0     42     32     35      -      -      -      -      -      -   1512    210      0      1      0 
    1    241     65     67     99     16      0      0      0      0   1512   1410   2096      6      0 
    0     41     32     35      -      -      -      -      -      -   1512    210      0      1      0 
    1    244     65     67     99     16      0      0      0      0   1512   1410   2096      6      0 
    0     41     32     35      -      -      -      -      -      -   1512    210      0      1      0 
    1    240     65     67     99     16      0      0      0      0   1512   1410   2096      6      0 
    0     42     32     35      -      -      -      -      -      -   1512    210      0      1      0 
    1    242     65     67     99     16      0      0      0      0   1512   1410   2096      6      0 
    0     41     32     35      -      -      -      -      -      -   1512    210      0      1      0 
    1    240     65     67     99     17      0      0      0      0   1512   1410   2096      6      0 
    0     41     32     35      -      -      -      -      -      -   1512    210      0      1      0 
    1    242     64     67     99     16      0      0      0      0   1512   1410   2096      6      0 
    0     42     32     35      -      -      -      -      -      -   1512    210      0      1      0 
    1    237     65     67     99     16      0      0      0      0   1512   1410   2096      6      0 
    0     41     32     35      -      -      -      -      -      -   1512    210      0      1      0 
    1    243     65     67     99     16      0      0      0      0   1512   1410   2096      6      0 
    0     41     32     35      -      -      -      -      -      -   1512    210      0      1      0 
    1    246     65     67     99     16      0      0      0      0   1512   1410   2096      6      0 
    0     41     32     35      -      -      -      -      -      -   1512    210      0      1      0 
    1    240     65     67     99     16      0      0      0      0   1512   1410   2096      6      0 
    0     41     32     35      -      -      -      -      -      -   1512    210      0      1      0 
    1    244     64     67     99     17      0      0      0      0   1512   1410   2096      6      0 
    0     42     32     35      -      -      -      -      -      -   1512    210      0      1      0 
    1    242     65     67     99     16      0      0      0      0   1512   1410   2096      6      0 
    0     41     32     35      -      -      -      -      -      -   1512    210      0      1      0 
    1    239     65     67     99     16      0      0      0      0   1512   1410   2096      6      0 
    0     42     32     35      -      -      -      -      -      -   1512    210      0      1      0 
    1    241     65     67     99     16      0      0      0      0   1512   1410   2096      6      0 
    0     42     32     35      -      -      -      -      -      -   1512    210      0      1      0 
    1    235     64     67     99     16      0      0      0      0   1512   1410   2096      6      0 
    0     41     32     35      -      -      -      -      -      -   1512    210      0      1      0 
    1    240     65     67     99     16      0      0      0      0   1512   1410   2096      6      0 
    0     42     32     35      -      -      -      -      -      -   1512    210      0      1      0 
    1    236     65     67     99     16      0      0      0      0   1512   1410   2096      6      0 
    0     41     32     35      -      -      -      -      -      -   1512    210      0      1      0 
    1    246     65     67     99     16      0      0      0      0   1512   1410   2096      6      0 
    0     41     32     35      -      -      -      -      -      -   1512    210      0      1      0 
    1    242     65     67     99     16      0      0      0      0   1512   1410   2096      6      0 
    0     41     32     35      -      -      -      -      -      -   1512    210      0      1      0 
    1    241     64     67     99     16      0      0      0      0   1512   1410   2096      6      0 
    0     41     32     35      -      -      -      -      -      -   1512    210      0      1      0 
    1    243     65     67     99     16      0      0      0      0   1512   1410   2096      6      0 
    0     42     32     35      -      -      -      -      -      -   1512    210      0      1      0 
    1    237     65     67     99     16      0      0      0      0   1512   1410   2096      6      0 
# gpu    pwr  gtemp  mtemp     sm    mem    enc    dec    jpg    ofa   mclk   pclk     fb   bar1   ccpm 
# Idx      W      C      C      %      %      %      %      %      %    MHz    MHz     MB     MB     MB 
    0     42     32     35      -      -      -      -      -      -   1512    210      0      1      0 
    1    242     65     67     99     16      0      0      0      0   1512   1410   2096      6      0 
    0     41     32     35      -      -      -      -      -      -   1512    210      0      1      0 
    1    237     64     67     99     16      0      0      0      0   1512   1410   2096      6      0 
    0     42     32     35      -      -      -      -      -      -   1512    210      0      1      0 
    1    241     65     67     99     16      0      0      0      0   1512   1410   2096      6      0 
    0     42     32     35      -      -      -      -      -      -   1512    210      0      1      0 
    1    234     65     67     99     16      0      0      0      0   1512   1410   2096      6      0 
    0     41     32     35      -      -      -      -      -      -   1512    210      0      1      0 
    1    237     65     67     99     16      0      0      0      0   1512   1410   2096      6      0 
    0     42     32     35      -      -      -      -      -      -   1512    210      0      1      0 
    1    243     64     67     99     16      0      0      0      0   1512   1410   2096      6      0 
    0     42     32     35      -      -      -      -      -      -   1512    210      0      1      0 
    1    241     64     67     99     16      0      0      0      0   1512   1410   2096      6      0 
    0     42     32     35      -      -      -      -      -      -   1512    210      0      1      0 
    1    240     65     67     99     16      0      0      0      0   1512   1410   2096      6      0 
    0     41     32     35      -      -      -      -      -      -   1512    210      0      1      0 
    1    245     65     67     99     16      0      0      0      0   1512   1410   2096      6      0 
    0     42     32     35      -      -      -      -      -      -   1512    210      0      1      0 
    1    245     65     67     99     16      0      0      0      0   1512   1410   2096      6      0 
    0     41     32     35      -      -      -      -      -      -   1512    210      0      1      0 
    1    238     64     67     99     16      0      0      0      0   1512   1410   2096      6      0 
    0     42     32     35      -      -      -      -      -      -   1512    210      0      1      0 
    1    241     65     67     99     16      0      0      0      0   1512   1410   2096      6      0 
    0     41     32     35      -      -      -      -      -      -   1512    210      0      1      0 
    1    246     65     67     99     16      0      0      0      0   1512   1410   2096      6      0 
    0     42     32     35      -      -      -      -      -      -   1512    210      0      1      0 
    1    247     65     67     99     16      0      0      0      0   1512   1410   2096      6      0 
    0     41     32     35      -      -      -      -      -      -   1512    210      0      1      0 
    1    230     64     67     99     16      0      0      0      0   1512   1410   2096      6      0 
    0     42     32     35      -      -      -      -      -      -   1512    210      0      1      0 
    1    245     65     67     99     17      0      0      0      0   1512   1410   2096      6      0 
    0     42     32     35      -      -      -      -      -      -   1512    210      0      1      0 
    1    245     65     67     99     16      0      0      0      0   1512   1410   2096      6      0 
    0     41     32     35      -      -      -      -      -      -   1512    210      0      1      0 
    1    240     65     67     99     16      0      0      0      0   1512   1410   2096      6      0 
    0     41     32     35      -      -      -      -      -      -   1512    210      0      1      0 
    1    237     64     67     99     16      0      0      0      0   1512   1410   2096      6      0 
    0     42     32     35      -      -      -      -      -      -   1512    210      0      1      0 
    1    242     65     67     99     16      0      0      0      0   1512   1410   2096      6      0 
    0     41     32     35      -      -      -      -      -      -   1512    210      0      1      0 
    1    243     65     67     99     16      0      0      0      0   1512   1410   2096      6      0 
    0     42     32     35      -      -      -      -      -      -   1512    210      0      1      0 
    1    240     65     67     99     16      0      0      0      0   1512   1410   2096      6      0 
# gpu    pwr  gtemp  mtemp     sm    mem    enc    dec    jpg    ofa   mclk   pclk     fb   bar1   ccpm 
# Idx      W      C      C      %      %      %      %      %      %    MHz    MHz     MB     MB     MB 
    0     42     32     35      -      -      -      -      -      -   1512    210      0      1      0 
    1    240     65     67     99     16      0      0      0      0   1512   1410   2096      6      0 
    0     42     32     35      -      -      -      -      -      -   1512    210      0      1      0 
    1    242     64     67     99     16      0      0      0      0   1512   1410   2096      6      0 
    0     41     32     35      -      -      -      -      -      -   1512    210      0      1      0 
    1    237     65     67     99     16      0      0      0      0   1512   1410   2096      6      0 
    0     42     32     35      -      -      -      -      -      -   1512    210      0      1      0 
    1    239     65     67     99     16      0      0      0      0   1512   1410   2096      6      0 
    0     41     32     35      -      -      -      -      -      -   1512    210      0      1      0 
    1    241     65     67     99     16      0      0      0      0   1512   1410   2096      6      0 
    0     41     32     35      -      -      -      -      -      -   1512    210      0      1      0 
    1    237     64     67     99     16      0      0      0      0   1512   1410   2096      6      0 
    0     41     32     35      -      -      -      -      -      -   1512    210      0      1      0 
    1    248     65     67     99     16      0      0      0      0   1512   1410   2096      6      0 
    0     42     32     35      -      -      -      -      -      -   1512    210      0      1      0 
    1    241     65     67     99     16      0      0      0      0   1512   1410   2096      6      0 
    0     41     32     35      -      -      -      -      -      -   1512    210      0      1      0 
    1    242     65     67     99     16      0      0      0      0   1512   1410   2096      6      0 
    0     41     32     35      -      -      -      -      -      -   1512    210      0      1      0 
    1    245     64     67     99     16      0      0      0      0   1512   1410   2096      6      0 
    0     41     32     35      -      -      -      -      -      -   1512    210      0      1      0 
    1    232     64     67     99     16      0      0      0      0   1512   1410   2096      6      0 
    0     42     32     35      -      -      -      -      -      -   1512    210      0      1      0 
    1    245     65     67     99     16      0      0      0      0   1512   1410   2096      6      0 
    0     42     32     35      -      -      -      -      -      -   1512    210      0      1      0 
    1    236     65     67     99     16      0      0      0      0   1512   1410   2096      6      0 
    0     41     32     35      -      -      -      -      -      -   1512    210      0      1      0 
    1    236     65     67     99     16      0      0      0      0   1512   1410   2096      6      0 
    0     41     32     35      -      -      -      -      -      -   1512    210      0      1      0 
    1    243     64     67     99     16      0      0      0      0   1512   1410   2096      6      0 
    0     41     32     35      -      -      -      -      -      -   1512    210      0      1      0 
    1    242     65     67     99     16      0      0      0      0   1512   1410   2096      6      0 
    0     42     32     35      -      -      -      -      -      -   1512    210      0      1      0 
    1    245     65     67     99     16      0      0      0      0   1512   1410   2096      6      0 
    0     41     32     35      -      -      -      -      -      -   1512    210      0      1      0 
    1    237     65     67     99     16      0      0      0      0   1512   1410   2096      6      0 
    0     42     32     35      -      -      -      -      -      -   1512    210      0      1      0 
    1    241     65     67     99     16      0      0      0      0   1512   1410   2096      6      0 
    0     41     32     35      -      -      -      -      -      -   1512    210      0      1      0 
    1    239     64     67     99     16      0      0      0      0   1512   1410   2096      6      0 
    0     42     32     35      -      -      -      -      -      -   1512    210      0      1      0 
    1    241     65     67     99     16      0      0      0      0   1512   1410   2096      6      0 
    0     41     32     35      -      -      -      -      -      -   1512    210      0      1      0 
    1    240     65     67     99     16      0      0      0      0   1512   1410   2096      6      0 
# gpu    pwr  gtemp  mtemp     sm    mem    enc    dec    jpg    ofa   mclk   pclk     fb   bar1   ccpm 
# Idx      W      C      C      %      %      %      %      %      %    MHz    MHz     MB     MB     MB 
    0     41     32     35      -      -      -      -      -      -   1512    210      0      1      0 
    1    238     65     67     99     16      0      0      0      0   1512   1410   2096      6      0 
    0     42     32     35      -      -      -      -      -      -   1512    210      0      1      0 
    1    245     64     67     99     16      0      0      0      0   1512   1410   2096      6      0 
    0     41     32     35      -      -      -      -      -      -   1512    210      0      1      0 
    1    243     65     67     99     16      0      0      0      0   1512   1410   2096      6      0 
    0     41     32     35      -      -      -      -      -      -   1512    210      0      1      0 
    1    240     65     67     99     16      0      0      0      0   1512   1410   2096      6      0 
    0     42     32     35      -      -      -      -      -      -   1512    210      0      1      0 
    1    234     65     67     99     16      0      0      0      0   1512   1410   2096      6      0 
    0     42     32     35      -      -      -      -      -      -   1512    210      0      1      0 
    1    243     65     67     99     16      0      0      0      0   1512   1410   2096      6      0 
    0     41     32     35      -      -      -      -      -      -   1512    210      0      1      0 
    1    235     65     67     99     17      0      0      0      0   1512   1410   2096      6      0 
    0     41     32     35      -      -      -      -      -      -   1512    210      0      1      0 
    1    240     65     67     99     16      0      0      0      0   1512   1410   2096      6      0 
    0     41     32     35      -      -      -      -      -      -   1512    210      0      1      0 
    1    238     65     67     99     16      0      0      0      0   1512   1410   2096      6      0 
    0     42     32     35      -      -      -      -      -      -   1512    210      0      1      0 
    1    240     65     67     99     16      0      0      0      0   1512   1410   2096      6      0 
    0     42     32     35      -      -      -      -      -      -   1512    210      0      1      0 
    1    236     64     67     99     16      0      0      0      0   1512   1410   2096      6      0 
    0     42     32     35      -      -      -      -      -      -   1512    210      0      1      0 
    1    233     65     67     99     16      0      0      0      0   1512   1410   2096      6      0 
    0     41     32     35      -      -      -      -      -      -   1512    210      0      1      0 
    1    242     65     67     99     16      0      0      0      0   1512   1410   2096      6      0 
    0     41     32     35      -      -      -      -      -      -   1512    210      0      1      0 
    1    240     65     67     99     16      0      0      0      0   1512   1410   2096      6      0 
    0     42     32     35      -      -      -      -      -      -   1512    210      0      1      0 
    1    239     65     67     99     16      0      0      0      0   1512   1410   2096      6      0 
    0     42     32     35      -      -      -      -      -      -   1512    210      0      1      0 
    1    234     64     67    100     16      0      0      0      0   1512   1410   2096      6      0 
    0     42     32     35      -      -      -      -      -      -   1512    210      0      1      0 
    1    244     65     67     99     16      0      0      0      0   1512   1410   2096      6      0 
    0     42     32     35      -      -      -      -      -      -   1512    210      0      1      0 
    1    236     65     67     99     16      0      0      0      0   1512   1410   2096      6      0 
    0     41     32     35      -      -      -      -      -      -   1512    210      0      1      0 
    1    243     65     67     99     16      0      0      0      0   1512   1410   2096      6      0 
    0     41     32     35      -      -      -      -      -      -   1512    210      0      1      0 
    1    243     64     67     99     16      0      0      0      0   1512   1410   2096      6      0 
    0     41     32     35      -      -      -      -      -      -   1512    210      0      1      0 
    1    236     65     67     99     16      0      0      0      0   1512   1410   2096      6      0 
    0     42     32     35      -      -      -      -      -      -   1512    210      0      1      0 
    1    230     65     67     99     16      0      0      0      0   1512   1410   2096      6      0 
# gpu    pwr  gtemp  mtemp     sm    mem    enc    dec    jpg    ofa   mclk   pclk     fb   bar1   ccpm 
# Idx      W      C      C      %      %      %      %      %      %    MHz    MHz     MB     MB     MB 
    0     41     32     35      -      -      -      -      -      -   1512    210      0      1      0 
    1    238     65     67     99     16      0      0      0      0   1512   1410   2096      6      0 
    0     41     32     35      -      -      -      -      -      -   1512    210      0      1      0 
    1    241     65     67     99     16      0      0      0      0   1512   1410   2096      6      0 
    0     42     32     35      -      -      -      -      -      -   1512    210      0      1      0 
    1    243     65     67     99     16      0      0      0      0   1512   1410   2096      6      0 
    0     41     32     35      -      -      -      -      -      -   1512    210      0      1      0 
    1    243     65     67     99     16      0      0      0      0   1512   1410   2096      6      0 
    0     42     32     35      -      -      -      -      -      -   1512    210      0      1      0 
    1    235     65     67     99     16      0      0      0      0   1512   1410   2096      6      0 
    0     42     32     35      -      -      -      -      -      -   1512    210      0      1      0 
    1    244     65     67     99     16      0      0      0      0   1512   1410   2096      6      0 
    0     42     32     35      -      -      -      -      -      -   1512    210      0      1      0 
    1    246     64     67     99     16      0      0      0      0   1512   1410   2096      6      0 
    0     41     32     35      -      -      -      -      -      -   1512    210      0      1      0 
    1    238     65     67     99     16      0      0      0      0   1512   1410   2096      6      0 
    0     42     32     35      -      -      -      -      -      -   1512    210      0      1      0 
    1    238     65     67     99     16      0      0      0      0   1512   1410   2096      6      0 
    0     41     32     35      -      -      -      -      -      -   1512    210      0      1      0 
    1    239     65     67     99     16      0      0      0      0   1512   1410   2096      6      0 
    0     42     32     35      -      -      -      -      -      -   1512    210      0      1      0 
    1    241     65     67     99     16      0      0      0      0   1512   1410   2096      6      0 
    0     41     32     35      -      -      -      -      -      -   1512    210      0      1      0 
    1    243     65     67     99     16      0      0      0      0   1512   1410   2096      6      0 
    0     41     32     35      -      -      -      -      -      -   1512    210      0      1      0 
    1    239     65     67     99     16      0      0      0      0   1512   1410   2096      6      0 
    0     41     32     35      -      -      -      -      -      -   1512    210      0      1      0 
    1    238     65     67     99     16      0      0      0      0   1512   1410   2096      6      0 
    0     41     32     35      -      -      -      -      -      -   1512    210      0      1      0 
    1    240     65     67     99     16      0      0      0      0   1512   1410   2096      6      0 
    0     42     32     35      -      -      -      -      -      -   1512    210      0      1      0 
    1    237     64     67     99     16      0      0      0      0   1512   1410   2096      6      0 
    0     41     32     35      -      -      -      -      -      -   1512    210      0      1      0 
    1    245     65     67     99     16      0      0      0      0   1512   1410   2096      6      0 
    0     42     32     35      -      -      -      -      -      -   1512    210      0      1      0 
    1    241     65     67     99     16      0      0      0      0   1512   1410   2096      6      0 
    0     41     32     35      -      -      -      -      -      -   1512    210      0      1      0 
    1    244     65     67     99     16      0      0      0      0   1512   1410   2096      6      0 
    0     41     32     35      -      -      -      -      -      -   1512    210      0      1      0 
    1    239     64     67     99     16      0      0      0      0   1512   1410   2096      6      0 
    0     41     32     35      -      -      -      -      -      -   1512    210      0      1      0 
    1    240     65     67     99     16      0      0      0      0   1512   1410   2096      6      0 
    0     41     32     35      -      -      -      -      -      -   1512    210      0      1      0 
    1    240     65     67     99     16      0      0      0      0   1512   1410   2096      6      0 
# gpu    pwr  gtemp  mtemp     sm    mem    enc    dec    jpg    ofa   mclk   pclk     fb   bar1   ccpm 
# Idx      W      C      C      %      %      %      %      %      %    MHz    MHz     MB     MB     MB 
    0     42     32     35      -      -      -      -      -      -   1512    210      0      1      0 
    1    238     65     67     99     16      0      0      0      0   1512   1410   2096      6      0 
    0     42     32     35      -      -      -      -      -      -   1512    210      0      1      0 
    1    245     65     67     99     17      0      0      0      0   1512   1410   2096      6      0 
    0     41     32     35      -      -      -      -      -      -   1512    210      0      1      0 
    1    239     64     67     99     16      0      0      0      0   1512   1410   2096      6      0 
    0     42     32     35      -      -      -      -      -      -   1512    210      0      1      0 
    1    236     65     67     99     16      0      0      0      0   1512   1410   2096      6      0 
    0     41     32     35      -      -      -      -      -      -   1512    210      0      1      0 
    1    240     65     67     99     16      0      0      0      0   1512   1410   2096      6      0 
    0     42     32     35      -      -      -      -      -      -   1512    210      0      1      0 
    1    244     65     67     99     16      0      0      0      0   1512   1410   2096      6      0 
    0     41     32     35      -      -      -      -      -      -   1512    210      0      1      0 
    1    230     64     67     99     16      0      0      0      0   1512   1410   2096      6      0 
    0     42     32     35      -      -      -      -      -      -   1512    210      0      1      0 
    1    234     65     67     99     16      0      0      0      0   1512   1410   2096      6      0 
    0     41     32     35      -      -      -      -      -      -   1512    210      0      1      0 
    1    246     65     67     99     16      0      0      0      0   1512   1410   2096      6      0 
    0     41     32     35      -      -      -      -      -      -   1512    210      0      1      0 
    1    237     65     67     99     16      0      0      0      0   1512   1410   2096      6      0 
    0     41     32     35      -      -      -      -      -      -   1512    210      0      1      0 
    1    235     65     67     99     16      0      0      0      0   1512   1410   2096      6      0 
    0     41     32     35      -      -      -      -      -      -   1512    210      0      1      0 
    1    243     65     67     99     16      0      0      0      0   1512   1410   2096      6      0 
    0     42     32     35      -      -      -      -      -      -   1512    210      0      1      0 
    1    239     65     67     99     17      0      0      0      0   1512   1410   2096      6      0 
    0     42     32     35      -      -      -      -      -      -   1512    210      0      1      0 
    1    238     65     67     99     16      0      0      0      0   1512   1410   2096      6      0 
    0     42     32     35      -      -      -      -      -      -   1512    210      0      1      0 
    1    240     65     67     99     16      0      0      0      0   1512   1410   2096      6      0 
    0     41     32     35      -      -      -      -      -      -   1512    210      0      1      0 
    1    247     64     67     99     16      0      0      0      0   1512   1410   2096      6      0 
    0     41     32     35      -      -      -      -      -      -   1512    210      0      1      0 
    1    236     65     67     99     16      0      0      0      0   1512   1410   2096      6      0 
    0     42     32     35      -      -      -      -      -      -   1512    210      0      1      0 
    1    242     65     67     99     16      0      0      0      0   1512   1410   2096      6      0 
    0     42     32     35      -      -      -      -      -      -   1512    210      0      1      0 
    1    241     65     67     99     16      0      0      0      0   1512   1410   2096      6      0 
    0     41     32     35      -      -      -      -      -      -   1512    210      0      1      0 
    1    241     64     67     99     16      0      0      0      0   1512   1410   2096      6      0 
    0     41     32     35      -      -      -      -      -      -   1512    210      0      1      0 
    1    242     65     67     99     16      0      0      0      0   1512   1410   2096      6      0 
    0     42     32     35      -      -      -      -      -      -   1512    210      0      1      0 
    1    244     65     67     99     16      0      0      0      0   1512   1410   2096      6      0 
# gpu    pwr  gtemp  mtemp     sm    mem    enc    dec    jpg    ofa   mclk   pclk     fb   bar1   ccpm 
# Idx      W      C      C      %      %      %      %      %      %    MHz    MHz     MB     MB     MB 
    0     41     32     35      -      -      -      -      -      -   1512    210      0      1      0 
    1    240     65     67     99     16      0      0      0      0   1512   1410   2096      6      0 
    0     42     32     35      -      -      -      -      -      -   1512    210      0      1      0 
    1    243     65     67     99     16      0      0      0      0   1512   1410   2096      6      0 
    0     42     32     35      -      -      -      -      -      -   1512    210      0      1      0 
    1    247     64     67     99     16      0      0      0      0   1512   1410   2096      6      0 
    0     41     32     35      -      -      -      -      -      -   1512    210      0      1      0 
    1    238     65     67     99     16      0      0      0      0   1512   1410   2096      6      0 
    0     41     32     35      -      -      -      -      -      -   1512    210      0      1      0 
    1    240     65     67     99     16      0      0      0      0   1512   1410   2096      6      0 
    0     42     32     35      -      -      -      -      -      -   1512    210      0      1      0 
    1    241     65     67     99     16      0      0      0      0   1512   1410   2096      6      0 
    0     42     32     35      -      -      -      -      -      -   1512    210      0      1      0 
    1    244     64     67     99     16      0      0      0      0   1512   1410   2096      6      0 
    0     41     32     35      -      -      -      -      -      -   1512    210      0      1      0 
    1    238     64     67     99     16      0      0      0      0   1512   1410   2096      6      0 
    0     42     32     35      -      -      -      -      -      -   1512    210      0      1      0 
    1    241     65     67     99     16      0      0      0      0   1512   1410   2096      6      0 
    0     42     32     35      -      -      -      -      -      -   1512    210      0      1      0 
    1    243     65     67     99     16      0      0      0      0   1512   1410   2096      6      0 
    0     41     32     35      -      -      -      -      -      -   1512    210      0      1      0 
    1    237     65     67     99     16      0      0      0      0   1512   1410   2096      6      0 
    0     41     32     35      -      -      -      -      -      -   1512    210      0      1      0 
    1    244     64     67     99     16      0      0      0      0   1512   1410   2096      6      0 
    0     42     32     35      -      -      -      -      -      -   1512    210      0      1      0 
    1    242     65     67     99     16      0      0      0      0   1512   1410   2096      6      0 
    0     41     32     35      -      -      -      -      -      -   1512    210      0      1      0 
    1    240     65     67     99     16      0      0      0      0   1512   1410   2096      6      0 
    0     41     32     35      -      -      -      -      -      -   1512    210      0      1      0 
    1    240     65     67     99     16      0      0      0      0   1512   1410   2096      6      0 
    0     41     32     35      -      -      -      -      -      -   1512    210      0      1      0 
    1    234     64     67     99     16      0      0      0      0   1512   1410   2096      6      0 
    0     41     32     35      -      -      -      -      -      -   1512    210      0      1      0 
    1    242     65     67     99     16      0      0      0      0   1512   1410   2096      6      0 
    0     41     32     35      -      -      -      -      -      -   1512    210      0      1      0 
    1    237     65     67     99     16      0      0      0      0   1512   1410   2096      6      0 
    0     41     32     35      -      -      -      -      -      -   1512    210      0      1      0 
    1    245     65     67     99     16      0      0      0      0   1512   1410   2096      6      0 
    0     42     32     35      -      -      -      -      -      -   1512    210      0      1      0 
    1    242     65     67     99     16      0      0      0      0   1512   1410   2096      6      0 
    0     42     32     35      -      -      -      -      -      -   1512    210      0      1      0 
    1    233     64     67     99     17      0      0      0      0   1512   1410   2096      6      0 
    0     41     32     35      -      -      -      -      -      -   1512    210      0      1      0 
    1    242     65     67     99     16      0      0      0      0   1512   1410   2096      6      0 
# gpu    pwr  gtemp  mtemp     sm    mem    enc    dec    jpg    ofa   mclk   pclk     fb   bar1   ccpm 
# Idx      W      C      C      %      %      %      %      %      %    MHz    MHz     MB     MB     MB 
    0     42     32     35      -      -      -      -      -      -   1512    210      0      1      0 
    1    241     65     67    100     16      0      0      0      0   1512   1410   2096      6      0 
    0     41     32     35      -      -      -      -      -      -   1512    210      0      1      0 
    1    234     65     67     99     16      0      0      0      0   1512   1410   2096      6      0 
    0     42     32     35      -      -      -      -      -      -   1512    210      0      1      0 
    1    243     64     67     99     16      0      0      0      0   1512   1410   2096      6      0 
    0     42     32     35      -      -      -      -      -      -   1512    210      0      1      0 
    1    239     65     67     99     16      0      0      0      0   1512   1410   2096      6      0 
    0     42     32     35      -      -      -      -      -      -   1512    210      0      1      0 
    1    242     65     67     99     16      0      0      0      0   1512   1410   2096      6      0 
    0     42     32     35      -      -      -      -      -      -   1512    210      0      1      0 
    1    240     65     67     99     16      0      0      0      0   1512   1410   2096      6      0 
    0     42     32     35      -      -      -      -      -      -   1512    210      0      1      0 
    1    240     65     67     99     16      0      0      0      0   1512   1410   2096      6      0 
    0     41     32     35      -      -      -      -      -      -   1512    210      0      1      0 
    1    240     64     67     99     16      0      0      0      0   1512   1410   2096      6      0 
    0     41     32     35      -      -      -      -      -      -   1512    210      0      1      0 
    1    236     65     67     99     16      0      0      0      0   1512   1410   2096      6      0 
    0     41     32     35      -      -      -      -      -      -   1512    210      0      1      0 
    1    241     65     67     99     16      0      0      0      0   1512   1410   2096      6      0 
    0     42     32     35      -      -      -      -      -      -   1512    210      0      1      0 
    1    243     65     67     99     16      0      0      0      0   1512   1410   2096      6      0 
    0     42     32     35      -      -      -      -      -      -   1512    210      0      1      0 
    1    234     64     67     99     16      0      0      0      0   1512   1410   2096      6      0 
    0     42     32     35      -      -      -      -      -      -   1512    210      0      1      0 
    1    240     65     67     99     16      0      0      0      0   1512   1410   2096      6      0 
    0     41     32     35      -      -      -      -      -      -   1512    210      0      1      0 
    1    234     65     67     99     16      0      0      0      0   1512   1410   2096      6      0 
    0     42     32     35      -      -      -      -      -      -   1512    210      0      1      0 
    1    239     65     67     99     16      0      0      0      0   1512   1410   2096      6      0 
    0     42     32     35      -      -      -      -      -      -   1512    210      0      1      0 
    1    242     64     67     99     16      0      0      0      0   1512   1410   2096      6      0 
    0     42     32     35      -      -      -      -      -      -   1512    210      0      1      0 
    1    242     65     67     99     16      0      0      0      0   1512   1410   2096      6      0 
    0     42     32     35      -      -      -      -      -      -   1512    210      0      1      0 
    1    239     65     67     99     16      0      0      0      0   1512   1410   2096      6      0 
    0     42     32     35      -      -      -      -      -      -   1512    210      0      1      0 
    1    235     65     67     99     16      0      0      0      0   1512   1410   2096      6      0 
    0     41     32     35      -      -      -      -      -      -   1512    210      0      1      0 
    1    244     65     67     99     16      0      0      0      0   1512   1410   2096      6      0 
    0     41     32     35      -      -      -      -      -      -   1512    210      0      1      0 
    1    239     64     67     99     16      0      0      0      0   1512   1410   2096      6      0 
    0     41     32     35      -      -      -      -      -      -   1512    210      0      1      0 
    1    244     65     67     99     16      0      0      0      0   1512   1410   2096      6      0 
# gpu    pwr  gtemp  mtemp     sm    mem    enc    dec    jpg    ofa   mclk   pclk     fb   bar1   ccpm 
# Idx      W      C      C      %      %      %      %      %      %    MHz    MHz     MB     MB     MB 
    0     42     32     35      -      -      -      -      -      -   1512    210      0      1      0 
    1    242     65     67     99     16      0      0      0      0   1512   1410   2096      6      0 
    0     41     32     35      -      -      -      -      -      -   1512    210      0      1      0 
    1    233     65     67     99     16      0      0      0      0   1512   1410   2096      6      0 
    0     41     32     35      -      -      -      -      -      -   1512    210      0      1      0 
    1    241     64     67     99     16      0      0      0      0   1512   1410   2096      6      0 
    0     41     32     35      -      -      -      -      -      -   1512    210      0      1      0 
    1    240     65     67     99     16      0      0      0      0   1512   1410   2096      6      0 
    0     42     32     35      -      -      -      -      -      -   1512    210      0      1      0 
    1    239     65     67     99     16      0      0      0      0   1512   1410   2096      6      0 
    0     42     32     35      -      -      -      -      -      -   1512    210      0      1      0 
    1    237     65     67     99     16      0      0      0      0   1512   1410   2096      6      0 
    0     42     32     35      -      -      -      -      -      -   1512    210      0      1      0 
    1    240     65     67     99     16      0      0      0      0   1512   1410   2096      6      0 
    0     40     32     35      -      -      -      -      -      -   1512    210      0      1      0 
    1    236     64     67     99     17      0      0      0      0   1512   1410   2096      6      0 
    0     41     32     35      -      -      -      -      -      -   1512    210      0      1      0 
    1    244     65     67     99     16      0      0      0      0   1512   1410   2096      6      0 
    0     42     32     35      -      -      -      -      -      -   1512    210      0      1      0 
    1    240     65     67     99     17      0      0      0      0   1512   1410   2096      6      0 
    0     42     32     35      -      -      -      -      -      -   1512    210      0      1      0 
    1    243     65     67     99     16      0      0      0      0   1512   1410   2096      6      0 
    0     41     32     35      -      -      -      -      -      -   1512    210      0      1      0 
    1    242     64     67     99     16      0      0      0      0   1512   1410   2096      6      0 
    0     41     32     35      -      -      -      -      -      -   1512    210      0      1      0 
    1    236     65     67     99     17      0      0      0      0   1512   1410   2096      6      0 
    0     42     32     35      -      -      -      -      -      -   1512    210      0      1      0 
    1    246     65     67     99     16      0      0      0      0   1512   1410   2096      6      0 
    0     41     32     35      -      -      -      -      -      -   1512    210      0      1      0 
    1    236     65     67     99     16      0      0      0      0   1512   1410   2096      6      0 
    0     41     32     35      -      -      -      -      -      -   1512    210      0      1      0 
    1    232     65     67     99     16      0      0      0      0   1512   1410   2096      6      0 
    0     42     32     35      -      -      -      -      -      -   1512    210      0      1      0 
    1    243     64     67     99     16      0      0      0      0   1512   1410   2096      6      0 
    0     41     32     35      -      -      -      -      -      -   1512    210      0      1      0 
    1    247     65     67     99     16      0      0      0      0   1512   1410   2096      6      0 
    0     41     32     35      -      -      -      -      -      -   1512    210      0      1      0 
    1    242     65     67     99     16      0      0      0      0   1512   1410   2096      6      0 
    0     42     32     35      -      -      -      -      -      -   1512    210      0      1      0 
    1    235     65     67     99     17      0      0      0      0   1512   1410   2096      6      0 
    0     42     32     35      -      -      -      -      -      -   1512    210      0      1      0 
    1    239     64     67     99     16      0      0      0      0   1512   1410   2096      6      0 
    0     42     32     35      -      -      -      -      -      -   1512    210      0      1      0 
    1    236     65     67     99     16      0      0      0      0   1512   1410   2096      6      0 
# gpu    pwr  gtemp  mtemp     sm    mem    enc    dec    jpg    ofa   mclk   pclk     fb   bar1   ccpm 
# Idx      W      C      C      %      %      %      %      %      %    MHz    MHz     MB     MB     MB 
    0     42     32     35      -      -      -      -      -      -   1512    210      0      1      0 
    1    236     65     67     99     16      0      0      0      0   1512   1410   2096      6      0 
    0     42     32     35      -      -      -      -      -      -   1512    210      0      1      0 
    1    243     65     67     99     16      0      0      0      0   1512   1410   2096      6      0 
    0     42     32     35      -      -      -      -      -      -   1512    210      0      1      0 
    1    236     65     67     99     16      0      0      0      0   1512   1410   2096      6      0 
    0     42     32     35      -      -      -      -      -      -   1512    210      0      1      0 
    1    243     65     67     99     16      0      0      0      0   1512   1410   2096      6      0 
    0     42     32     35      -      -      -      -      -      -   1512    210      0      1      0 
    1    244     65     67     99     16      0      0      0      0   1512   1410   2096      6      0 
    0     42     32     35      -      -      -      -      -      -   1512    210      0      1      0 
    1    240     65     67     99     16      0      0      0      0   1512   1410   2096      6      0 
    0     42     32     35      -      -      -      -      -      -   1512    210      0      1      0 
    1    242     65     67     99     16      0      0      0      0   1512   1410   2096      6      0 
    0     41     32     35      -      -      -      -      -      -   1512    210      0      1      0 
    1    241     64     67     99     16      0      0      0      0   1512   1410   2096      6      0 
    0     42     32     35      -      -      -      -      -      -   1512    210      0      1      0 
    1    245     65     67     99     16      0      0      0      0   1512   1410   2096      6      0 
    0     42     32     35      -      -      -      -      -      -   1512    210      0      1      0 
    1    241     65     67     99     16      0      0      0      0   1512   1410   2096      6      0 
    0     42     32     35      -      -      -      -      -      -   1512    210      0      1      0 
    1    231     65     67     99     16      0      0      0      0   1512   1410   2096      6      0 
    0     42     32     35      -      -      -      -      -      -   1512    210      0      1      0 
    1    248     64     67     99     16      0      0      0      0   1512   1410   2096      6      0 
    0     42     32     35      -      -      -      -      -      -   1512    210      0      1      0 
    1    233     65     67     99     16      0      0      0      0   1512   1410   2096      6      0 
    0     42     32     35      -      -      -      -      -      -   1512    210      0      1      0 
    1    242     65     67     99     16      0      0      0      0   1512   1410   2096      6      0 
    0     42     32     35      -      -      -      -      -      -   1512    210      0      1      0 
    1    242     65     67     99     16      0      0      0      0   1512   1410   2096      6      0 
    0     42     32     35      -      -      -      -      -      -   1512    210      0      1      0 
    1    239     64     67     99     16      0      0      0      0   1512   1410   2096      6      0 
    0     42     32     35      -      -      -      -      -      -   1512    210      0      1      0 
    1    237     65     67     99     16      0      0      0      0   1512   1410   2096      6      0 
    0     41     32     35      -      -      -      -      -      -   1512    210      0      1      0 
    1    237     65     67     99     16      0      0      0      0   1512   1410   2096      6      0 
    0     41     32     35      -      -      -      -      -      -   1512    210      0      1      0 
    1    238     65     67     99     16      0      0      0      0   1512   1410   2096      6      0 
    0     41     32     35      -      -      -      -      -      -   1512    210      0      1      0 
    1    243     65     67     99     16      0      0      0      0   1512   1410   2096      6      0 
    0     41     32     35      -      -      -      -      -      -   1512    210      0      1      0 
    1    238     64     67     99     16      0      0      0      0   1512   1410   2096      6      0 
    0     41     32     35      -      -      -      -      -      -   1512    210      0      1      0 
    1    243     65     67     99     17      0      0      0      0   1512   1410   2096      6      0 
# gpu    pwr  gtemp  mtemp     sm    mem    enc    dec    jpg    ofa   mclk   pclk     fb   bar1   ccpm 
# Idx      W      C      C      %      %      %      %      %      %    MHz    MHz     MB     MB     MB 
    0     41     32     35      -      -      -      -      -      -   1512    210      0      1      0 
    1    243     65     67     99     16      0      0      0      0   1512   1410   2096      6      0 
    0     42     32     35      -      -      -      -      -      -   1512    210      0      1      0 
    1    241     65     67     99     16      0      0      0      0   1512   1410   2096      6      0 
    0     42     32     35      -      -      -      -      -      -   1512    210      0      1      0 
    1    237     64     67     99     17      0      0      0      0   1512   1410   2096      6      0 
    0     42     32     35      -      -      -      -      -      -   1512    210      0      1      0 
    1    236     65     67     99     16      0      0      0      0   1512   1410   2096      6      0 
    0     42     32     35      -      -      -      -      -      -   1512    210      0      1      0 
    1    240     65     67     99     16      0      0      0      0   1512   1410   2096      6      0 
    0     41     32     35      -      -      -      -      -      -   1512    210      0      1      0 
    1    239     65     67     99     16      0      0      0      0   1512   1410   2096      6      0 
    0     42     32     35      -      -      -      -      -      -   1512    210      0      1      0 
    1    239     64     67     99     16      0      0      0      0   1512   1410   2096      6      0 
    0     41     32     35      -      -      -      -      -      -   1512    210      0      1      0 
    1    243     65     67     99     17      0      0      0      0   1512   1410   2096      6      0 
    0     42     32     35      -      -      -      -      -      -   1512    210      0      1      0 
    1    241     65     67     99     16      0      0      0      0   1512   1410   2096      6      0 
    0     42     32     35      -      -      -      -      -      -   1512    210      0      1      0 
    1    241     65     67     99     16      0      0      0      0   1512   1410   2096      6      0 
    0     42     32     35      -      -      -      -      -      -   1512    210      0      1      0 
    1    241     65     67     99     16      0      0      0      0   1512   1410   2096      6      0 
    0     41     32     35      -      -      -      -      -      -   1512    210      0      1      0 
    1    240     64     67     99     16      0      0      0      0   1512   1410   2096      6      0 
    0     41     32     35      -      -      -      -      -      -   1512    210      0      1      0 
    1    242     65     67     99     16      0      0      0      0   1512   1410   2096      6      0 
    0     42     32     35      -      -      -      -      -      -   1512    210      0      1      0 
    1    240     65     67     99     16      0      0      0      0   1512   1410   2096      6      0 
    0     42     32     35      -      -      -      -      -      -   1512    210      0      1      0 
    1    242     65     67     99     16      0      0      0      0   1512   1410   2096      6      0 
    0     42     32     35      -      -      -      -      -      -   1512    210      0      1      0 
    1    240     65     67     99     16      0      0      0      0   1512   1410   2096      6      0 
    0     42     32     35      -      -      -      -      -      -   1512    210      0      1      0 
    1    245     64     67     99     16      0      0      0      0   1512   1410   2096      6      0 
    0     42     32     35      -      -      -      -      -      -   1512    210      0      1      0 
    1    244     65     67     99     16      0      0      0      0   1512   1410   2096      6      0 
    0     41     32     35      -      -      -      -      -      -   1512    210      0      1      0 
    1    241     65     67     99     16      0      0      0      0   1512   1410   2096      6      0 
    0     41     32     35      -      -      -      -      -      -   1512    210      0      1      0 
    1    237     65     67     99     17      0      0      0      0   1512   1410   2096      6      0 
    0     41     32     35      -      -      -      -      -      -   1512    210      0      1      0 
    1    237     64     67     99     16      0      0      0      0   1512   1410   2096      6      0 
    0     41     32     35      -      -      -      -      -      -   1512    210      0      1      0 
    1    242     65     67     99     16      0      0      0      0   1512   1410   2096      6      0 
# gpu    pwr  gtemp  mtemp     sm    mem    enc    dec    jpg    ofa   mclk   pclk     fb   bar1   ccpm 
# Idx      W      C      C      %      %      %      %      %      %    MHz    MHz     MB     MB     MB 
    0     42     32     35      -      -      -      -      -      -   1512    210      0      1      0 
    1    235     65     67     99     16      0      0      0      0   1512   1410   2096      6      0 
    0     41     32     35      -      -      -      -      -      -   1512    210      0      1      0 
    1    238     65     67     99     16      0      0      0      0   1512   1410   2096      6      0 
    0     41     32     35      -      -      -      -      -      -   1512    210      0      1      0 
    1    243     64     67     99     16      0      0      0      0   1512   1410   2096      6      0 
    0     42     32     35      -      -      -      -      -      -   1512    210      0      1      0 
    1    240     64     67     99     16      0      0      0      0   1512   1410   2096      6      0 
    0     41     32     35      -      -      -      -      -      -   1512    210      0      1      0 
    1    240     65     67     99     16      0      0      0      0   1512   1410   2096      6      0 
    0     42     32     35      -      -      -      -      -      -   1512    210      0      1      0 
    1    242     65     67     99     16      0      0      0      0   1512   1410   2096      6      0 
    0     41     32     35      -      -      -      -      -      -   1512    210      0      1      0 
    1    235     65     67     99     16      0      0      0      0   1512   1410   2096      6      0 
    0     41     32     35      -      -      -      -      -      -   1512    210      0      1      0 
    1    232     64     67     99     16      0      0      0      0   1512   1410   2096      6      0 
    0     42     32     35      -      -      -      -      -      -   1512    210      0      1      0 
    1    240     65     67     99     16      0      0      0      0   1512   1410   2096      6      0 
    0     41     32     35      -      -      -      -      -      -   1512    210      0      1      0 
    1    235     65     67     99     17      0      0      0      0   1512   1410   2096      6      0 
    0     41     32     35      -      -      -      -      -      -   1512    210      0      1      0 
    1    242     65     67     99     16      0      0      0      0   1512   1410   2096      6      0 
    0     42     32     35      -      -      -      -      -      -   1512    210      0      1      0 
    1    239     64     67     99     16      0      0      0      0   1512   1410   2096      6      0 
    0     42     32     35      -      -      -      -      -      -   1512    210      0      1      0 
    1    244     65     67     99     16      0      0      0      0   1512   1410   2096      6      0 
    0     42     32     35      -      -      -      -      -      -   1512    210      0      1      0 
    1    241     65     67     99     16      0      0      0      0   1512   1410   2096      6      0 
    0     42     32     35      -      -      -      -      -      -   1512    210      0      1      0 
    1    240     65     67     99     16      0      0      0      0   1512   1410   2096      6      0 
    0     41     32     35      -      -      -      -      -      -   1512    210      0      1      0 
    1    238     65     67     99     16      0      0      0      0   1512   1410   2096      6      0 
    0     41     32     35      -      -      -      -      -      -   1512    210      0      1      0 
    1    241     64     67     99     16      0      0      0      0   1512   1410   2096      6      0 
    0     42     32     35      -      -      -      -      -      -   1512    210      0      1      0 
    1    243     65     67     99     16      0      0      0      0   1512   1410   2096      6      0 
    0     41     32     35      -      -      -      -      -      -   1512    210      0      1      0 
    1    236     65     67     99     16      0      0      0      0   1512   1410   2096      6      0 
    0     42     32     35      -      -      -      -      -      -   1512    210      0      1      0 
    1    238     65     67     99     17      0      0      0      0   1512   1410   2096      6      0 
    0     42     32     35      -      -      -      -      -      -   1512    210      0      1      0 
    1    245     64     67     99     16      0      0      0      0   1512   1410   2096      6      0 
    0     41     32     35      -      -      -      -      -      -   1512    210      0      1      0 
    1    240     64     67     99     16      0      0      0      0   1512   1410   2096      6      0 
# gpu    pwr  gtemp  mtemp     sm    mem    enc    dec    jpg    ofa   mclk   pclk     fb   bar1   ccpm 
# Idx      W      C      C      %      %      %      %      %      %    MHz    MHz     MB     MB     MB 
    0     41     32     35      -      -      -      -      -      -   1512    210      0      1      0 
    1    242     65     67     99     16      0      0      0      0   1512   1410   2096      6      0 
    0     41     32     35      -      -      -      -      -      -   1512    210      0      1      0 
    1    244     65     67     99     16      0      0      0      0   1512   1410   2096      6      0 
    0     42     32     35      -      -      -      -      -      -   1512    210      0      1      0 
    1    241     65     67     99     16      0      0      0      0   1512   1410   2096      6      0 
    0     42     32     35      -      -      -      -      -      -   1512    210      0      1      0 
    1    238     64     67     99     16      0      0      0      0   1512   1410   2096      6      0 
    0     42     32     35      -      -      -      -      -      -   1512    210      0      1      0 
    1    235     65     67     99     16      0      0      0      0   1512   1410   2096      6      0 
    0     41     32     35      -      -      -      -      -      -   1512    210      0      1      0 
    1    240     65     67     99     16      0      0      0      0   1512   1410   2096      6      0 
    0     41     32     35      -      -      -      -      -      -   1512    210      0      1      0 
    1    232     65     67     99     16      0      0      0      0   1512   1410   2096      6      0 
    0     42     32     35      -      -      -      -      -      -   1512    210      0      1      0 
    1    240     64     67     99     16      0      0      0      0   1512   1410   2096      6      0 
    0     41     32     35      -      -      -      -      -      -   1512    210      0      1      0 
    1    239     64     67     99     16      0      0      0      0   1512   1410   2096      6      0 
    0     41     32     35      -      -      -      -      -      -   1512    210      0      1      0 
    1    240     65     67     99     16      0      0      0      0   1512   1410   2096      6      0 
    0     42     32     35      -      -      -      -      -      -   1512    210      0      1      0 
    1    237     65     67     99     16      0      0      0      0   1512   1410   2096      6      0 
    0     41     32     35      -      -      -      -      -      -   1512    210      0      1      0 
    1    238     65     67     99     16      0      0      0      0   1512   1410   2096      6      0 
    0     41     32     35      -      -      -      -      -      -   1512    210      0      1      0 
    1    239     64     67     99     16      0      0      0      0   1512   1410   2096      6      0 
    0     42     32     35      -      -      -      -      -      -   1512    210      0      1      0 
    1    244     65     67     99     16      0      0      0      0   1512   1410   2096      6      0 
    0     41     32     35      -      -      -      -      -      -   1512    210      0      1      0 
    1    236     65     67     99     16      0      0      0      0   1512   1410   2096      6      0 
    0     42     32     35      -      -      -      -      -      -   1512    210      0      1      0 
    1    235     65     67     99     16      0      0      0      0   1512   1410   2096      6      0 
    0     42     32     35      -      -      -      -      -      -   1512    210      0      1      0 
    1    239     64     67     99     16      0      0      0      0   1512   1410   2096      6      0 
    0     42     32     35      -      -      -      -      -      -   1512    210      0      1      0 
    1    239     65     67     99     16      0      0      0      0   1512   1410   2096      6      0 
    0     41     32     35      -      -      -      -      -      -   1512    210      0      1      0 
    1    240     65     67     99     16      0      0      0      0   1512   1410   2096      6      0 
    0     41     32     35      -      -      -      -      -      -   1512    210      0      1      0 
    1    242     65     67     99     16      0      0      0      0   1512   1410   2096      6      0 
    0     41     32     35      -      -      -      -      -      -   1512    210      0      1      0 
    1    235     65     67     99     16      0      0      0      0   1512   1410   2096      6      0 
    0     42     32     35      -      -      -      -      -      -   1512    210      0      1      0 
    1    238     64     67     99     16      0      0      0      0   1512   1410   2096      6      0 
# gpu    pwr  gtemp  mtemp     sm    mem    enc    dec    jpg    ofa   mclk   pclk     fb   bar1   ccpm 
# Idx      W      C      C      %      %      %      %      %      %    MHz    MHz     MB     MB     MB 
    0     42     32     35      -      -      -      -      -      -   1512    210      0      1      0 
    1    241     65     67     99     16      0      0      0      0   1512   1410   2096      6      0 
    0     41     32     35      -      -      -      -      -      -   1512    210      0      1      0 
    1    241     65     67     99     16      0      0      0      0   1512   1410   2096      6      0 
    0     42     32     35      -      -      -      -      -      -   1512    210      0      1      0 
    1    239     65     67     99     16      0      0      0      0   1512   1410   2096      6      0 
    0     41     32     35      -      -      -      -      -      -   1512    210      0      1      0 
    1    237     64     67     99     16      0      0      0      0   1512   1410   2096      6      0 
    0     42     32     35      -      -      -      -      -      -   1512    210      0      1      0 
    1    235     64     67     99     17      0      0      0      0   1512   1410   2096      6      0 
    0     41     32     35      -      -      -      -      -      -   1512    210      0      1      0 
    1    243     65     67     99     16      0      0      0      0   1512   1410   2096      6      0 
    0     42     32     35      -      -      -      -      -      -   1512    210      0      1      0 
    1    240     65     67     99     17      0      0      0      0   1512   1410   2096      6      0 
    0     41     32     35      -      -      -      -      -      -   1512    210      0      1      0 
    1    237     65     67     99     16      0      0      0      0   1512   1410   2096      6      0 
    0     41     32     35      -      -      -      -      -      -   1512    210      0      1      0 
    1    238     65     67     99     16      0      0      0      0   1512   1410   2096      6      0 
    0     41     32     35      -      -      -      -      -      -   1512    210      0      1      0 
    1    236     65     67     99     16      0      0      0      0   1512   1410   2096      6      0 
    0     41     32     35      -      -      -      -      -      -   1512    210      0      1      0 
    1    244     65     67     99     17      0      0      0      0   1512   1410   2096      6      0 
    0     42     32     35      -      -      -      -      -      -   1512    210      0      1      0 
    1    241     65     67     99     16      0      0      0      0   1512   1410   2096      6      0 
    0     41     32     35      -      -      -      -      -      -   1512    210      0      1      0 
    1    235     64     67     99     16      0      0      0      0   1512   1410   2096      6      0 
    0     42     32     35      -      -      -      -      -      -   1512    210      0      1      0 
    1    239     65     67     99     16      0      0      0      0   1512   1410   2096      6      0 
    0     42     32     35      -      -      -      -      -      -   1512    210      0      1      0 
    1    247     65     67     99     16      0      0      0      0   1512   1410   2096      6      0 
    0     42     32     35      -      -      -      -      -      -   1512    210      0      1      0 
    1    234     65     67     99     16      0      0      0      0   1512   1410   2096      6      0 
    0     42     32     35      -      -      -      -      -      -   1512    210      0      1      0 
    1    240     65     67     99     16      0      0      0      0   1512   1410   2096      6      0 
    0     41     32     35      -      -      -      -      -      -   1512    210      0      1      0 
    1    239     64     67     99     16      0      0      0      0   1512   1410   2096      6      0 
    0     42     32     35      -      -      -      -      -      -   1512    210      0      1      0 
    1    239     65     67     99     16      0      0      0      0   1512   1410   2096      6      0 
    0     41     32     35      -      -      -      -      -      -   1512    210      0      1      0 
    1    239     65     67     99     16      0      0      0      0   1512   1410   2096      6      0 
    0     41     32     35      -      -      -      -      -      -   1512    210      0      1      0 
    1    240     65     67     99     16      0      0      0      0   1512   1410   2096      6      0 
    0     41     32     35      -      -      -      -      -      -   1512    210      0      1      0 
    1    238     64     67     99     17      0      0      0      0   1512   1410   2096      6      0 
# gpu    pwr  gtemp  mtemp     sm    mem    enc    dec    jpg    ofa   mclk   pclk     fb   bar1   ccpm 
# Idx      W      C      C      %      %      %      %      %      %    MHz    MHz     MB     MB     MB 
    0     42     32     35      -      -      -      -      -      -   1512    210      0      1      0 
    1    237     65     67     99     16      0      0      0      0   1512   1410   2096      6      0 
    0     41     32     35      -      -      -      -      -      -   1512    210      0      1      0 
    1    239     65     67     99     16      0      0      0      0   1512   1410   2096      6      0 
    0     41     32     35      -      -      -      -      -      -   1512    210      0      1      0 
    1    233     65     67     99     16      0      0      0      0   1512   1410   2096      6      0 
    0     41     32     35      -      -      -      -      -      -   1512    210      0      1      0 
    1    238     65     67     99     16      0      0      0      0   1512   1410   2096      6      0 
    0     42     32     35      -      -      -      -      -      -   1512    210      0      1      0 
    1    238     65     67     99     16      0      0      0      0   1512   1410   2096      6      0 
    0     41     32     35      -      -      -      -      -      -   1512    210      0      1      0 
    1    242     65     67     99     16      0      0      0      0   1512   1410   2096      6      0 
    0     41     32     35      -      -      -      -      -      -   1512    210      0      1      0 
    1    241     65     67     99     16      0      0      0      0   1512   1410   2096      6      0 
    0     42     32     35      -      -      -      -      -      -   1512    210      0      1      0 
    1    243     65     67     99     16      0      0      0      0   1512   1410   2096      6      0 
    0     41     32     35      -      -      -      -      -      -   1512    210      0      1      0 
    1    239     64     67     99     16      0      0      0      0   1512   1410   2096      6      0 
    0     41     32     35      -      -      -      -      -      -   1512    210      0      1      0 
    1    243     65     67    100     16      0      0      0      0   1512   1410   2096      6      0 
    0     42     32     35      -      -      -      -      -      -   1512    210      0      1      0 
    1    240     65     67     99     16      0      0      0      0   1512   1410   2096      6      0 
    0     42     32     35      -      -      -      -      -      -   1512    210      0      1      0 
    1    242     65     67     99     16      0      0      0      0   1512   1410   2096      6      0 
    0     42     32     35      -      -      -      -      -      -   1512    210      0      1      0 
    1    238     65     67     99     16      0      0      0      0   1512   1410   2096      6      0 
    0     42     32     35      -      -      -      -      -      -   1512    210      0      1      0 
    1    244     64     67     99     16      0      0      0      0   1512   1410   2096      6      0 
    0     42     32     35      -      -      -      -      -      -   1512    210      0      1      0 
    1    237     65     67     99     16      0      0      0      0   1512   1410   2096      6      0 
    0     42     32     35      -      -      -      -      -      -   1512    210      0      1      0 
    1    245     65     67     99     16      0      0      0      0   1512   1410   2096      6      0 
    0     42     32     35      -      -      -      -      -      -   1512    210      0      1      0 
    1    234     65     67     99     16      0      0      0      0   1512   1410   2096      6      0 
    0     42     32     35      -      -      -      -      -      -   1512    210      0      1      0 
    1    238     64     67     99     16      0      0      0      0   1512   1410   2096      6      0 
    0     42     32     35      -      -      -      -      -      -   1512    210      0      1      0 
    1    235     65     67     99     16      0      0      0      0   1512   1410   2096      6      0 
    0     42     32     35      -      -      -      -      -      -   1512    210      0      1      0 
    1    240     65     67     99     16      0      0      0      0   1512   1410   2096      6      0 
    0     41     32     35      -      -      -      -      -      -   1512    210      0      1      0 
    1    244     65     67     99     16      0      0      0      0   1512   1410   2096      6      0 
    0     41     32     35      -      -      -      -      -      -   1512    210      0      1      0 
    1    240     64     67     99     17      0      0      0      0   1512   1410   2096      6      0 
# gpu    pwr  gtemp  mtemp     sm    mem    enc    dec    jpg    ofa   mclk   pclk     fb   bar1   ccpm 
# Idx      W      C      C      %      %      %      %      %      %    MHz    MHz     MB     MB     MB 
    0     41     32     35      -      -      -      -      -      -   1512    210      0      1      0 
    1    233     65     67     99     16      0      0      0      0   1512   1410   2096      6      0 
    0     42     32     35      -      -      -      -      -      -   1512    210      0      1      0 
    1    244     65     67     99     16      0      0      0      0   1512   1410   2096      6      0 
    0     42     32     35      -      -      -      -      -      -   1512    210      0      1      0 
    1    238     65     67     99     17      0      0      0      0   1512   1410   2096      6      0 
    0     42     32     35      -      -      -      -      -      -   1512    210      0      1      0 
    1    246     65     67     99     17      0      0      0      0   1512   1410   2096      6      0 
    0     41     32     35      -      -      -      -      -      -   1512    210      0      1      0 
    1    241     64     67     99     17      0      0      0      0   1512   1410   2096      6      0 
    0     42     32     35      -      -      -      -      -      -   1512    210      0      1      0 
    1    239     65     67     99     16      0      0      0      0   1512   1410   2096      6      0 
    0     42     32     35      -      -      -      -      -      -   1512    210      0      1      0 
    1    238     65     67     99     16      0      0      0      0   1512   1410   2096      6      0 
    0     41     32     35      -      -      -      -      -      -   1512    210      0      1      0 
    1    244     65     67     99     16      0      0      0      0   1512   1410   2096      6      0 
    0     42     32     35      -      -      -      -      -      -   1512    210      0      1      0 
    1    238     64     67     99     17      0      0      0      0   1512   1410   2096      6      0 
    0     42     32     35      -      -      -      -      -      -   1512    210      0      1      0 
    1    243     65     67     99     16      0      0      0      0   1512   1410   2096      6      0 
    0     42     32     35      -      -      -      -      -      -   1512    210      0      1      0 
    1    239     65     67     99     16      0      0      0      0   1512   1410   2096      6      0 
    0     41     32     35      -      -      -      -      -      -   1512    210      0      1      0 
    1    239     65     67     99     16      0      0      0      0   1512   1410   2096      6      0 
    0     42     32     35      -      -      -      -      -      -   1512    210      0      1      0 
    1    234     65     67     99     16      0      0      0      0   1512   1410   2096      6      0 
    0     42     32     35      -      -      -      -      -      -   1512    210      0      1      0 
    1    240     64     67     99     16      0      0      0      0   1512   1410   2096      6      0 
    0     42     32     35      -      -      -      -      -      -   1512    210      0      1      0 
    1    242     65     67     99     16      0      0      0      0   1512   1410   2096      6      0 
    0     42     32     35      -      -      -      -      -      -   1512    210      0      1      0 
    1    237     65     67     99     16      0      0      0      0   1512   1410   2096      6      0 
    0     42     32     35      -      -      -      -      -      -   1512    210      0      1      0 
    1    238     65     67     99     16      0      0      0      0   1512   1410   2096      6      0 
    0     42     32     35      -      -      -      -      -      -   1512    210      0      1      0 
    1    238     64     67     99     16      0      0      0      0   1512   1410   2096      6      0 
    0     41     32     35      -      -      -      -      -      -   1512    210      0      1      0 
    1    237     64     67     99     16      0      0      0      0   1512   1410   2096      6      0 
    0     42     32     35      -      -      -      -      -      -   1512    210      0      1      0 
    1    246     65     67     99     16      0      0      0      0   1512   1410   2096      6      0 
    0     42     32     35      -      -      -      -      -      -   1512    210      0      1      0 
    1    238     65     67     99     16      0      0      0      0   1512   1410   2096      6      0 
    0     42     32     35      -      -      -      -      -      -   1512    210      0      1      0 
    1    236     65     67     99     16      0      0      0      0   1512   1410   2096      6      0 
# gpu    pwr  gtemp  mtemp     sm    mem    enc    dec    jpg    ofa   mclk   pclk     fb   bar1   ccpm 
# Idx      W      C      C      %      %      %      %      %      %    MHz    MHz     MB     MB     MB 
    0     41     32     35      -      -      -      -      -      -   1512    210      0      1      0 
    1    239     64     67     99     16      0      0      0      0   1512   1410   2096      6      0 
    0     40     32     35      -      -      -      -      -      -   1512    210      0      1      0 
    1    246     65     67     99     16      0      0      0      0   1512   1410   2096      6      0 
    0     42     32     35      -      -      -      -      -      -   1512    210      0      1      0 
    1    243     65     67     99     16      0      0      0      0   1512   1410   2096      6      0 
    0     42     32     35      -      -      -      -      -      -   1512    210      0      1      0 
    1    238     65     67     99     16      0      0      0      0   1512   1410   2096      6      0 
    0     41     32     35      -      -      -      -      -      -   1512    210      0      1      0 
    1    240     64     67     99     16      0      0      0      0   1512   1410   2096      6      0 
    0     41     32     35      -      -      -      -      -      -   1512    210      0      1      0 
    1    244     65     67     99     16      0      0      0      0   1512   1410   2096      6      0 
    0     41     32     35      -      -      -      -      -      -   1512    210      0      1      0 
    1    241     65     67     99     16      0      0      0      0   1512   1410   2096      6      0 
    0     42     32     35      -      -      -      -      -      -   1512    210      0      1      0 
    1    244     65     67     99     16      0      0      0      0   1512   1410   2096      6      0 
    0     41     32     35      -      -      -      -      -      -   1512    210      0      1      0 
    1    237     64     67     99     16      0      0      0      0   1512   1410   2096      6      0 
    0     42     32     35      -      -      -      -      -      -   1512    210      0      1      0 
    1    229     64     67     99     16      0      0      0      0   1512   1410   2096      6      0 
    0     41     32     35      -      -      -      -      -      -   1512    210      0      1      0 
    1    235     65     67     99     16      0      0      0      0   1512   1410   2096      6      0 
    0     41     32     35      -      -      -      -      -      -   1512    210      0      1      0 
    1    245     65     67     99     16      0      0      0      0   1512   1410   2096      6      0 
    0     42     32     35      -      -      -      -      -      -   1512    210      0      1      0 
    1    239     65     67    100     16      0      0      0      0   1512   1410   2096      6      0 
    0     41     32     35      -      -      -      -      -      -   1512    210      0      1      0 
    1    244     64     67     99     16      0      0      0      0   1512   1410   2096      6      0 
    0     42     32     35      -      -      -      -      -      -   1512    210      0      1      0 
    1    246     65     67     99     17      0      0      0      0   1512   1410   2096      6      0 
    0     42     32     35      -      -      -      -      -      -   1512    210      0      1      0 
    1    241     65     67     99     16      0      0      0      0   1512   1410   2096      6      0 
    0     41     32     35      -      -      -      -      -      -   1512    210      0      1      0 
    1    242     65     67     99     16      0      0      0      0   1512   1410   2096      6      0 
    0     42     32     35      -      -      -      -      -      -   1512    210      0      1      0 
    1    229     65     67     99     16      0      0      0      0   1512   1410   2096      6      0 
    0     42     32     35      -      -      -      -      -      -   1512    210      0      1      0 
    1    240     64     67     99     16      0      0      0      0   1512   1410   2096      6      0 
    0     41     32     35      -      -      -      -      -      -   1512    210      0      1      0 
    1    243     65     67     99     16      0      0      0      0   1512   1410   2096      6      0 
    0     42     32     35      -      -      -      -      -      -   1512    210      0      1      0 
    1    246     66     67     99     17      0      0      0      0   1512   1410   2096      6      0 
    0     41     32     35      -      -      -      -      -      -   1512    210      0      1      0 
    1    247     65     67     99     16      0      0      0      0   1512   1410   2096      6      0 
# gpu    pwr  gtemp  mtemp     sm    mem    enc    dec    jpg    ofa   mclk   pclk     fb   bar1   ccpm 
# Idx      W      C      C      %      %      %      %      %      %    MHz    MHz     MB     MB     MB 
    0     41     32     35      -      -      -      -      -      -   1512    210      0      1      0 
    1    242     65     67     99     16      0      0      0      0   1512   1410   2096      6      0 
    0     42     32     35      -      -      -      -      -      -   1512    210      0      1      0 
    1    241     64     67     99     17      0      0      0      0   1512   1410   2096      6      0 
    0     42     32     35      -      -      -      -      -      -   1512    210      0      1      0 
    1    241     65     67     99     16      0      0      0      0   1512   1410   2096      6      0 
    0     42     32     35      -      -      -      -      -      -   1512    210      0      1      0 
    1    241     65     67     99     16      0      0      0      0   1512   1410   2096      6      0 
    0     41     32     35      -      -      -      -      -      -   1512    210      0      1      0 
    1    244     65     67     99     16      0      0      0      0   1512   1410   2096      6      0 
    0     42     32     35      -      -      -      -      -      -   1512    210      0      1      0 
    1    242     65     67     99     16      0      0      0      0   1512   1410   2096      6      0 
    0     41     32     35      -      -      -      -      -      -   1512    210      0      1      0 
    1    233     64     67     99     16      0      0      0      0   1512   1410   2096      6      0 
    0     42     32     35      -      -      -      -      -      -   1512    210      0      1      0 
    1    241     65     67     99     16      0      0      0      0   1512   1410   2096      6      0 
    0     41     32     35      -      -      -      -      -      -   1512    210      0      1      0 
    1    245     65     67     99     16      0      0      0      0   1512   1410   2096      6      0 
    0     42     32     35      -      -      -      -      -      -   1512    210      0      1      0 
    1    241     65     67     99     16      0      0      0      0   1512   1410   2096      6      0 
    0     42     32     35      -      -      -      -      -      -   1512    210      0      1      0 
    1    233     64     67     99     16      0      0      0      0   1512   1410   2096      6      0 
    0     42     32     35      -      -      -      -      -      -   1512    210      0      1      0 
    1    235     65     67     99     16      0      0      0      0   1512   1410   2096      6      0 
    0     42     32     35      -      -      -      -      -      -   1512    210      0      1      0 
    1    241     65     67     99     16      0      0      0      0   1512   1410   2096      6      0 
    0     41     32     35      -      -      -      -      -      -   1512    210      0      1      0 
    1    242     65     67     99     16      0      0      0      0   1512   1410   2096      6      0 
    0     41     32     35      -      -      -      -      -      -   1512    210      0      1      0 
    1    239     65     67     99     16      0      0      0      0   1512   1410   2096      6      0 
    0     42     32     35      -      -      -      -      -      -   1512    210      0      1      0 
    1    240     64     67     99     16      0      0      0      0   1512   1410   2096      6      0 
    0     42     32     35      -      -      -      -      -      -   1512    210      0      1      0 
    1    241     65     67     99     16      0      0      0      0   1512   1410   2096      6      0 
    0     42     32     35      -      -      -      -      -      -   1512    210      0      1      0 
    1    243     65     67     99     16      0      0      0      0   1512   1410   2096      6      0 
    0     41     32     35      -      -      -      -      -      -   1512    210      0      1      0 
    1    235     65     67     99     16      0      0      0      0   1512   1410   2096      6      0 
    0     42     32     35      -      -      -      -      -      -   1512    210      0      1      0 
    1    243     64     67     99     16      0      0      0      0   1512   1410   2096      6      0 
    0     42     32     35      -      -      -      -      -      -   1512    210      0      1      0 
    1    239     65     67     99     16      0      0      0      0   1512   1410   2096      6      0 
    0     41     32     35      -      -      -      -      -      -   1512    210      0      1      0 
    1    240     65     67     99     16      0      0      0      0   1512   1410   2096      6      0 
# gpu    pwr  gtemp  mtemp     sm    mem    enc    dec    jpg    ofa   mclk   pclk     fb   bar1   ccpm 
# Idx      W      C      C      %      %      %      %      %      %    MHz    MHz     MB     MB     MB 
    0     42     32     35      -      -      -      -      -      -   1512    210      0      1      0 
    1    244     65     67     99     16      0      0      0      0   1512   1410   2096      6      0 
    0     42     32     35      -      -      -      -      -      -   1512    210      0      1      0 
    1    244     64     67     99     16      0      0      0      0   1512   1410   2096      6      0 
    0     42     32     35      -      -      -      -      -      -   1512    210      0      1      0 
    1    240     65     67     99     16      0      0      0      0   1512   1410   2096      6      0 
    0     42     32     35      -      -      -      -      -      -   1512    210      0      1      0 
    1    242     65     67     99     16      0      0      0      0   1512   1410   2096      6      0 
    0     42     32     35      -      -      -      -      -      -   1512    210      0      1      0 
    1    238     65     67     99     16      0      0      0      0   1512   1410   2096      6      0 
    0     42     32     35      -      -      -      -      -      -   1512    210      0      1      0 
    1    235     65     67     99     16      0      0      0      0   1512   1410   2096      6      0 
    0     41     32     35      -      -      -      -      -      -   1512    210      0      1      0 
    1    236     64     67     99     16      0      0      0      0   1512   1410   2096      6      0 
    0     41     32     35      -      -      -      -      -      -   1512    210      0      1      0 
    1    243     66     67     99     16      0      0      0      0   1512   1410   2096      6      0 
    0     42     32     35      -      -      -      -      -      -   1512    210      0      1      0 
    1    243     65     67     99     16      0      0      0      0   1512   1410   2096      6      0 
    0     41     32     35      -      -      -      -      -      -   1512    210      0      1      0 
    1    234     65     67     99     17      0      0      0      0   1512   1410   2096      6      0 
    0     42     32     35      -      -      -      -      -      -   1512    210      0      1      0 
    1    239     65     67     99     16      0      0      0      0   1512   1410   2096      6      0 
    0     41     32     35      -      -      -      -      -      -   1512    210      0      1      0 
    1    240     64     67     99     16      0      0      0      0   1512   1410   2096      6      0 
    0     42     32     35      -      -      -      -      -      -   1512    210      0      1      0 
    1    242     65     67     99     16      0      0      0      0   1512   1410   2096      6      0 
    0     42     32     35      -      -      -      -      -      -   1512    210      0      1      0 
    1    244     65     67     99     17      0      0      0      0   1512   1410   2096      6      0 
    0     42     32     35      -      -      -      -      -      -   1512    210      0      1      0 
    1    240     65     67     99     16      0      0      0      0   1512   1410   2096      6      0 
    0     42     32     35      -      -      -      -      -      -   1512    210      0      1      0 
    1    243     64     67     99     16      0      0      0      0   1512   1410   2096      6      0 
    0     42     32     35      -      -      -      -      -      -   1512    210      0      1      0 
    1    243     65     67     99     16      0      0      0      0   1512   1410   2096      6      0 
    0     41     32     35      -      -      -      -      -      -   1512    210      0      1      0 
    1    243     65     67     99     17      0      0      0      0   1512   1410   2096      6      0 
    0     42     32     35      -      -      -      -      -      -   1512    210      0      1      0 
    1    238     65     67     99     16      0      0      0      0   1512   1410   2096      6      0 
    0     42     32     35      -      -      -      -      -      -   1512    210      0      1      0 
    1    243     65     67     99     16      0      0      0      0   1512   1410   2096      6      0 
    0     41     32     35      -      -      -      -      -      -   1512    210      0      1      0 
    1    240     64     67     99     16      0      0      0      0   1512   1410   2096      6      0 
    0     41     32     35      -      -      -      -      -      -   1512    210      0      1      0 
    1    239     65     67     99     17      0      0      0      0   1512   1410   2096      6      0 
# gpu    pwr  gtemp  mtemp     sm    mem    enc    dec    jpg    ofa   mclk   pclk     fb   bar1   ccpm 
# Idx      W      C      C      %      %      %      %      %      %    MHz    MHz     MB     MB     MB 
    0     41     32     35      -      -      -      -      -      -   1512    210      0      1      0 
    1    246     65     67     99     16      0      0      0      0   1512   1410   2096      6      0 
    0     42     32     35      -      -      -      -      -      -   1512    210      0      1      0 
    1    242     65     67     99     16      0      0      0      0   1512   1410   2096      6      0 
    0     41     32     35      -      -      -      -      -      -   1512    210      0      1      0 
    1    238     65     67     99     16      0      0      0      0   1512   1410   2096      6      0 
    0     42     32     35      -      -      -      -      -      -   1512    210      0      1      0 
    1    241     65     67     99     16      0      0      0      0   1512   1410   2096      6      0 
    0     42     32     35      -      -      -      -      -      -   1512    210      0      1      0 
    1    243     65     67     99     16      0      0      0      0   1512   1410   2096      6      0 
    0     42     32     35      -      -      -      -      -      -   1512    210      0      1      0 
    1    238     65     67     99     17      0      0      0      0   1512   1410   2096      6      0 
    0     42     32     35      -      -      -      -      -      -   1512    210      0      1      0 
    1    241     64     67     99     16      0      0      0      0   1512   1410   2096      6      0 
    0     42     32     35      -      -      -      -      -      -   1512    210      0      1      0 
    1    231     64     67     99     16      0      0      0      0   1512   1410   2096      6      0 
    0     42     32     35      -      -      -      -      -      -   1512    210      0      1      0 
    1    239     65     67     99     16      0      0      0      0   1512   1410   2096      6      0 
    0     41     32     35      -      -      -      -      -      -   1512    210      0      1      0 
    1    239     65     67     99     16      0      0      0      0   1512   1410   2096      6      0 
    0     41     32     35      -      -      -      -      -      -   1512    210      0      1      0 
    1    243     65     67    100     16      0      0      0      0   1512   1410   2096      6      0 
    0     42     32     35      -      -      -      -      -      -   1512    210      0      1      0 
    1    239     64     67     99     16      0      0      0      0   1512   1410   2096      6      0 
    0     41     32     35      -      -      -      -      -      -   1512    210      0      1      0 
    1    233     65     67     99     17      0      0      0      0   1512   1410   2096      6      0 
    0     42     32     35      -      -      -      -      -      -   1512    210      0      1      0 
    1    242     65     67     99     16      0      0      0      0   1512   1410   2096      6      0 
    0     41     32     35      -      -      -      -      -      -   1512    210      0      1      0 
    1    240     65     67     99     16      0      0      0      0   1512   1410   2096      6      0 
    0     41     32     35      -      -      -      -      -      -   1512    210      0      1      0 
    1    236     64     67     98     16      0      0      0      0   1512   1410   2170      6      0 
    0     41     32     35      -      -      -      -      -      -   1512    210      0      1      0 
    1    240     65     67     98     16      0      0      0      0   1512   1410   2170      6      0 
    0     41     32     35      -      -      -      -      -      -   1512    210      0      1      0 
    1    235     65     67     98     17      0      0      0      0   1512   1410   2170      6      0 
    0     41     32     35      -      -      -      -      -      -   1512    210      0      1      0 
    1    239     65     67     98     17      0      0      0      0   1512   1410   2170      6      0 
    0     41     32     35      -      -      -      -      -      -   1512    210      0      1      0 
    1    240     64     67     98     16      0      0      0      0   1512   1410   2170      6      0 
    0     42     32     35      -      -      -      -      -      -   1512    210      0      1      0 
    1    234     65     67     98     16      0      0      0      0   1512   1410   2170      6      0 
    0     42     32     35      -      -      -      -      -      -   1512    210      0      1      0 
    1    241     65     67     98     16      0      0      0      0   1512   1410   2170      6      0 
# gpu    pwr  gtemp  mtemp     sm    mem    enc    dec    jpg    ofa   mclk   pclk     fb   bar1   ccpm 
# Idx      W      C      C      %      %      %      %      %      %    MHz    MHz     MB     MB     MB 
    0     41     32     35      -      -      -      -      -      -   1512    210      0      1      0 
    1    227     65     67     98     16      0      0      0      0   1512   1410   2170      6      0 
    0     41     32     35      -      -      -      -      -      -   1512    210      0      1      0 
    1    238     64     67     98     16      0      0      0      0   1512   1410   2170      6      0 
    0     41     32     35      -      -      -      -      -      -   1512    210      0      1      0 
    1    237     65     67     98     17      0      0      0      0   1512   1410   2170      6      0 
    0     41     32     35      -      -      -      -      -      -   1512    210      0      1      0 
    1    240     65     67     98     17      0      0      0      0   1512   1410   2170      6      0 
    0     41     32     35      -      -      -      -      -      -   1512    210      0      1      0 
    1    238     64     67     98     16      0      0      0      0   1512   1410   2170      6      0 
    0     41     32     35      -      -      -      -      -      -   1512    210      0      1      0 
    1    231     64     67     98     16      0      0      0      0   1512   1410   2170      6      0 
    0     41     32     35      -      -      -      -      -      -   1512    210      0      1      0 
    1    238     65     67     98     16      0      0      0      0   1512   1410   2170      6      0 
    0     42     32     35      -      -      -      -      -      -   1512    210      0      1      0 
    1    238     65     67     98     16      0      0      0      0   1512   1410   2170      6      0 
    0     42     32     35      -      -      -      -      -      -   1512    210      0      1      0 
    1    243     65     67     98     17      0      0      0      0   1512   1410   2170      6      0 
    0     41     32     35      -      -      -      -      -      -   1512    210      0      1      0 
    1    243     64     67     98     16      0      0      0      0   1512   1410   2170      6      0 
    0     41     32     35      -      -      -      -      -      -   1512    210      0      1      0 
    1    233     65     67     98     16      0      0      0      0   1512   1410   2170      6      0 
    0     42     32     35      -      -      -      -      -      -   1512    210      0      1      0 
    1    241     65     67     98     16      0      0      0      0   1512   1410   2170      6      0 
    0     42     32     35      -      -      -      -      -      -   1512    210      0      1      0 
    1    234     65     67     98     16      0      0      0      0   1512   1410   2170      6      0 
    0     41     32     35      -      -      -      -      -      -   1512    210      0      1      0 
    1    234     64     67     98     16      0      0      0      0   1512   1410   2170      6      0 
    0     42     32     35      -      -      -      -      -      -   1512    210      0      1      0 
    1    231     65     67     98     16      0      0      0      0   1512   1410   2170      6      0 
    0     42     32     35      -      -      -      -      -      -   1512    210      0      1      0 
    1    240     65     67     98     16      0      0      0      0   1512   1410   2170      6      0 
    0     42     32     35      -      -      -      -      -      -   1512    210      0      1      0 
    1    237     65     67     98     16      0      0      0      0   1512   1410   2170      6      0 
    0     41     32     35      -      -      -      -      -      -   1512    210      0      1      0 
    1    232     64     67     98     16      0      0      0      0   1512   1410   2170      6      0 
    0     43     32     35      -      -      -      -      -      -   1512    210      0      1      0 
    1    228     65     67     98     17      0      0      0      0   1512   1410   2170      6      0 
    0     42     32     35      -      -      -      -      -      -   1512    210      0      1      0 
    1    241     65     67     98     16      0      0      0      0   1512   1410   2170      6      0 
    0     42     32     35      -      -      -      -      -      -   1512    210      0      1      0 
    1    231     65     67     98     16      0      0      0      0   1512   1410   2170      6      0 
    0     42     32     35      -      -      -      -      -      -   1512    210      0      1      0 
    1    233     64     67     98     16      0      0      0      0   1512   1410   2170      6      0 
# gpu    pwr  gtemp  mtemp     sm    mem    enc    dec    jpg    ofa   mclk   pclk     fb   bar1   ccpm 
# Idx      W      C      C      %      %      %      %      %      %    MHz    MHz     MB     MB     MB 
    0     41     32     35      -      -      -      -      -      -   1512    210      0      1      0 
    1    228     65     67     98     16      0      0      0      0   1512   1410   2170      6      0 
    0     42     32     35      -      -      -      -      -      -   1512    210      0      1      0 
    1    232     65     67     98     16      0      0      0      0   1512   1410   2170      6      0 
    0     42     32     35      -      -      -      -      -      -   1512    210      0      1      0 
    1    233     65     67     98     16      0      0      0      0   1512   1410   2170      6      0 
    0     41     32     35      -      -      -      -      -      -   1512    210      0      1      0 
    1    229     65     67     98     17      0      0      0      0   1512   1410   2170      6      0 
    0     41     32     35      -      -      -      -      -      -   1512    210      0      1      0 
    1    240     65     67     98     17      0      0      0      0   1512   1410   2170      6      0 
    0     42     32     35      -      -      -      -      -      -   1512    210      0      1      0 
    1    237     65     67     98     16      0      0      0      0   1512   1410   2170      6      0 
    0     42     32     35      -      -      -      -      -      -   1512    210      0      1      0 
    1    240     64     67     98     16      0      0      0      0   1512   1410   2170      6      0 
    0     41     32     35      -      -      -      -      -      -   1512    210      0      1      0 
    1    239     64     67     98     16      0      0      0      0   1512   1410   2170      6      0 
    0     41     32     35      -      -      -      -      -      -   1512    210      0      1      0 
    1    239     65     67     98     16      0      0      0      0   1512   1410   2170      6      0 
    0     42     32     35      -      -      -      -      -      -   1512    210      0      1      0 
    1    238     65     67     98     17      0      0      0      0   1512   1410   2170      6      0 
    0     42     32     35      -      -      -      -      -      -   1512    210      0      1      0 
    1    229     65     67     98     17      0      0      0      0   1512   1410   2170      6      0 
    0     41     32     35      -      -      -      -      -      -   1512    210      0      1      0 
    1    239     64     67     98     16      0      0      0      0   1512   1410   2170      6      0 
    0     41     32     35      -      -      -      -      -      -   1512    210      0      1      0 
    1    232     65     67     98     17      0      0      0      0   1512   1410   2170      6      0 
    0     41     32     35      -      -      -      -      -      -   1512    210      0      1      0 
    1    235     65     67     98     16      0      0      0      0   1512   1410   2170      6      0 
    0     42     32     35      -      -      -      -      -      -   1512    210      0      1      0 
    1    235     65     67     98     16      0      0      0      0   1512   1410   2170      6      0 
    0     41     32     35      -      -      -      -      -      -   1512    210      0      1      0 
    1    238     64     67     98     16      0      0      0      0   1512   1410   2170      6      0 
    0     41     32     35      -      -      -      -      -      -   1512    210      0      1      0 
    1    238     65     67     98     16      0      0      0      0   1512   1410   2170      6      0 
    0     41     32     35      -      -      -      -      -      -   1512    210      0      1      0 
    1    237     65     67     98     17      0      0      0      0   1512   1410   2170      6      0 
    0     42     32     35      -      -      -      -      -      -   1512    210      0      1      0 
    1    236     65     67     98     17      0      0      0      0   1512   1410   2170      6      0 
    0     41     32     35      -      -      -      -      -      -   1512    210      0      1      0 
    1    238     65     67     98     16      0      0      0      0   1512   1410   2170      6      0 
    0     42     32     35      -      -      -      -      -      -   1512    210      0      1      0 
    1    236     64     67     98     16      0      0      0      0   1512   1410   2170      6      0 
    0     42     32     35      -      -      -      -      -      -   1512    210      0      1      0 
    1    243     65     67     98     16      0      0      0      0   1512   1410   2170      6      0 
# gpu    pwr  gtemp  mtemp     sm    mem    enc    dec    jpg    ofa   mclk   pclk     fb   bar1   ccpm 
# Idx      W      C      C      %      %      %      %      %      %    MHz    MHz     MB     MB     MB 
    0     42     32     35      -      -      -      -      -      -   1512    210      0      1      0 
    1    234     65     67     98     17      0      0      0      0   1512   1410   2170      6      0 
    0     41     32     35      -      -      -      -      -      -   1512    210      0      1      0 
    1    237     65     67     98     16      0      0      0      0   1512   1410   2170      6      0 
    0     41     32     35      -      -      -      -      -      -   1512    210      0      1      0 
    1    235     64     67     98     17      0      0      0      0   1512   1410   2170      6      0 
    0     42     32     35      -      -      -      -      -      -   1512    210      0      1      0 
    1    232     65     67     98     16      0      0      0      0   1512   1410   2170      6      0 
    0     42     32     35      -      -      -      -      -      -   1512    210      0      1      0 
    1    236     65     67     98     17      0      0      0      0   1512   1410   2170      6      0 
    0     42     32     35      -      -      -      -      -      -   1512    210      0      1      0 
    1    239     65     67     98     16      0      0      0      0   1512   1410   2170      6      0 
    0     41     32     35      -      -      -      -      -      -   1512    210      0      1      0 
    1    236     65     67     98     16      0      0      0      0   1512   1410   2170      6      0 
    0     43     32     35      -      -      -      -      -      -   1512    210      0      1      0 
    1    235     64     67     98     16      0      0      0      0   1512   1410   2170      6      0 
    0     41     32     35      -      -      -      -      -      -   1512    210      0      1      0 
    1    240     65     67     98     16      0      0      0      0   1512   1410   2170      6      0 
    0     42     32     35      -      -      -      -      -      -   1512    210      0      1      0 
    1    231     65     67     98     16      0      0      0      0   1512   1410   2170      6      0 
    0     41     32     35      -      -      -      -      -      -   1512    210      0      1      0 
    1    239     65     67     98     16      0      0      0      0   1512   1410   2170      6      0 
    0     41     32     35      -      -      -      -      -      -   1512    210      0      1      0 
    1    235     64     67     98     16      0      0      0      0   1512   1410   2170      6      0 
    0     42     32     35      -      -      -      -      -      -   1512    210      0      1      0 
    1    241     65     67     98     16      0      0      0      0   1512   1410   2170      6      0 
    0     41     32     35      -      -      -      -      -      -   1512    210      0      1      0 
    1    238     65     67     98     16      0      0      0      0   1512   1410   2170      6      0 
    0     42     32     35      -      -      -      -      -      -   1512    210      0      1      0 
    1    231     64     67     98     17      0      0      0      0   1512   1410   2170      6      0 
    0     42     32     35      -      -      -      -      -      -   1512    210      0      1      0 
    1    237     64     67     98     16      0      0      0      0   1512   1410   2170      6      0 
    0     41     32     35      -      -      -      -      -      -   1512    210      0      1      0 
    1    233     65     67     98     17      0      0      0      0   1512   1410   2170      6      0 
    0     41     32     35      -      -      -      -      -      -   1512    210      0      1      0 
    1    238     65     67     98     16      0      0      0      0   1512   1410   2170      6      0 
    0     41     32     35      -      -      -      -      -      -   1512    210      0      1      0 
    1    235     65     67     98     16      0      0      0      0   1512   1410   2170      6      0 
    0     42     32     35      -      -      -      -      -      -   1512    210      0      1      0 
    1    236     64     67     98     16      0      0      0      0   1512   1410   2170      6      0 
    0     41     32     35      -      -      -      -      -      -   1512    210      0      1      0 
    1    225     65     67     98     16      0      0      0      0   1512   1410   2170      6      0 
    0     42     32     35      -      -      -      -      -      -   1512    210      0      1      0 
    1    239     65     67     98     16      0      0      0      0   1512   1410   2170      6      0 
# gpu    pwr  gtemp  mtemp     sm    mem    enc    dec    jpg    ofa   mclk   pclk     fb   bar1   ccpm 
# Idx      W      C      C      %      %      %      %      %      %    MHz    MHz     MB     MB     MB 
    0     42     32     35      -      -      -      -      -      -   1512    210      0      1      0 
    1    244     64     67     98     16      0      0      0      0   1512   1410   2170      6      0 
    0     41     32     35      -      -      -      -      -      -   1512    210      0      1      0 
    1    235     64     67     98     17      0      0      0      0   1512   1410   2170      6      0 
    0     42     32     35      -      -      -      -      -      -   1512    210      0      1      0 
    1    239     65     67     98     17      0      0      0      0   1512   1410   2170      6      0 
    0     42     32     35      -      -      -      -      -      -   1512    210      0      1      0 
    1    234     65     67     98     17      0      0      0      0   1512   1410   2170      6      0 
    0     41     32     35      -      -      -      -      -      -   1512    210      0      1      0 
    1    224     64     67     98     16      0      0      0      0   1512   1410   2170      6      0 
    0     41     32     35      -      -      -      -      -      -   1512    210      0      1      0 
    1    243     65     67     98     16      0      0      0      0   1512   1410   2170      6      0 
    0     41     32     35      -      -      -      -      -      -   1512    210      0      1      0 
    1    240     65     67     98     17      0      0      0      0   1512   1410   2170      6      0 
    0     41     32     35      -      -      -      -      -      -   1512    210      0      1      0 
    1    234     65     67     98     16      0      0      0      0   1512   1410   2170      6      0 
    0     42     32     35      -      -      -      -      -      -   1512    210      0      1      0 
    1    227     64     67     98     16      0      0      0      0   1512   1410   2170      6      0 
    0     42     32     35      -      -      -      -      -      -   1512    210      0      1      0 
    1    233     65     67     98     16      0      0      0      0   1512   1410   2170      6      0 
    0     42     32     35      -      -      -      -      -      -   1512    210      0      1      0 
    1    234     65     67     98     17      0      0      0      0   1512   1410   2170      6      0 
    0     41     32     35      -      -      -      -      -      -   1512    210      0      1      0 
    1    236     65     67     98     16      0      0      0      0   1512   1410   2170      6      0 
    0     41     32     35      -      -      -      -      -      -   1512    210      0      1      0 
    1    232     64     67     98     16      0      0      0      0   1512   1410   2170      6      0 
    0     41     32     35      -      -      -      -      -      -   1512    210      0      1      0 
    1    240     65     67     98     16      0      0      0      0   1512   1410   2170      6      0 
    0     41     32     35      -      -      -      -      -      -   1512    210      0      1      0 
    1    234     65     67     98     17      0      0      0      0   1512   1410   2170      6      0 
    0     41     32     35      -      -      -      -      -      -   1512    210      0      1      0 
    1    232     65     67     98     17      0      0      0      0   1512   1410   2170      6      0 
    0     42     32     35      -      -      -      -      -      -   1512    210      0      1      0 
    1    230     64     67     98     16      0      0      0      0   1512   1410   2170      6      0 
    0     42     32     35      -      -      -      -      -      -   1512    210      0      1      0 
    1    232     65     67     98     16      0      0      0      0   1512   1410   2170      6      0 
    0     41     32     35      -      -      -      -      -      -   1512    210      0      1      0 
    1    226     65     67     98     17      0      0      0      0   1512   1410   2170      6      0 
    0     42     32     35      -      -      -      -      -      -   1512    210      0      1      0 
    1    230     64     67     98     16      0      0      0      0   1512   1410   2170      6      0 
    0     41     32     35      -      -      -      -      -      -   1512    210      0      1      0 
    1    233     64     67     98     16      0      0      0      0   1512   1410   2170      6      0 
    0     42     32     35      -      -      -      -      -      -   1512    210      0      1      0 
    1    237     65     67     98     16      0      0      0      0   1512   1410   2170      6      0 
# gpu    pwr  gtemp  mtemp     sm    mem    enc    dec    jpg    ofa   mclk   pclk     fb   bar1   ccpm 
# Idx      W      C      C      %      %      %      %      %      %    MHz    MHz     MB     MB     MB 
    0     42     32     35      -      -      -      -      -      -   1512    210      0      1      0 
    1    240     65     67     98     16      0      0      0      0   1512   1410   2170      6      0 
    0     42     32     35      -      -      -      -      -      -   1512    210      0      1      0 
    1    237     64     67     98     16      0      0      0      0   1512   1410   2170      6      0 
    0     41     32     35      -      -      -      -      -      -   1512    210      0      1      0 
    1    237     64     67     98     17      0      0      0      0   1512   1410   2170      6      0 
    0     41     32     35      -      -      -      -      -      -   1512    210      0      1      0 
    1    232     65     67     98     17      0      0      0      0   1512   1410   2170      6      0 
    0     41     32     35      -      -      -      -      -      -   1512    210      0      1      0 
    1    237     65     67     98     16      0      0      0      0   1512   1410   2170      6      0 
    0     42     32     35      -      -      -      -      -      -   1512    210      0      1      0 
    1    232     65     67     98     16      0      0      0      0   1512   1410   2170      6      0 
    0     41     32     35      -      -      -      -      -      -   1512    210      0      1      0 
    1    240     64     67     98     17      0      0      0      0   1512   1410   2170      6      0 
    0     43     32     35      -      -      -      -      -      -   1512    210      0      1      0 
    1    230     65     67     98     16      0      0      0      0   1512   1410   2170      6      0 
    0     40     32     35      -      -      -      -      -      -   1512    210      0      1      0 
    1    230     65     67     98     17      0      0      0      0   1512   1410   2170      6      0 
    0     41     32     35      -      -      -      -      -      -   1512    210      0      1      0 
    1    236     65     67     98     16      0      0      0      0   1512   1410   2170      6      0 
    0     41     32     35      -      -      -      -      -      -   1512    210      0      1      0 
    1    226     64     67     98     16      0      0      0      0   1512   1410   2170      6      0 
    0     42     32     35      -      -      -      -      -      -   1512    210      0      1      0 
    1    239     65     67     98     16      0      0      0      0   1512   1410   2170      6      0 
    0     42     32     35      -      -      -      -      -      -   1512    210      0      1      0 
    1    244     65     67     98     16      0      0      0      0   1512   1410   2170      6      0 
    0     42     32     35      -      -      -      -      -      -   1512    210      0      1      0 
    1    230     65     67     98     16      0      0      0      0   1512   1410   2170      6      0 
    0     42     32     35      -      -      -      -      -      -   1512    210      0      1      0 
    1    236     64     67     98     17      0      0      0      0   1512   1410   2170      6      0 
    0     42     32     35      -      -      -      -      -      -   1512    210      0      1      0 
    1    243     65     67     98     17      0      0      0      0   1512   1410   2170      6      0 
    0     42     32     35      -      -      -      -      -      -   1512    210      0      1      0 
    1    235     65     67     98     16      0      0      0      0   1512   1410   2170      6      0 
    0     41     32     35      -      -      -      -      -      -   1512    210      0      1      0 
    1    235     65     67     98     16      0      0      0      0   1512   1410   2170      6      0 
    0     42     32     35      -      -      -      -      -      -   1512    210      0      1      0 
    1    231     64     67     98     16      0      0      0      0   1512   1410   2170      6      0 
    0     41     32     35      -      -      -      -      -      -   1512    210      0      1      0 
    1    244     65     67     98     17      0      0      0      0   1512   1410   2170      6      0 
    0     42     32     35      -      -      -      -      -      -   1512    210      0      1      0 
    1    241     65     67     98     17      0      0      0      0   1512   1410   2170      6      0 
    0     42     32     35      -      -      -      -      -      -   1512    210      0      1      0 
    1    236     65     67     98     16      0      0      0      0   1512   1410   2170      6      0 
# gpu    pwr  gtemp  mtemp     sm    mem    enc    dec    jpg    ofa   mclk   pclk     fb   bar1   ccpm 
# Idx      W      C      C      %      %      %      %      %      %    MHz    MHz     MB     MB     MB 
    0     42     32     35      -      -      -      -      -      -   1512    210      0      1      0 
    1    242     64     67     98     16      0      0      0      0   1512   1410   2170      6      0 
    0     42     32     35      -      -      -      -      -      -   1512    210      0      1      0 
    1    233     65     67     98     17      0      0      0      0   1512   1410   2170      6      0 
    0     41     32     35      -      -      -      -      -      -   1512    210      0      1      0 
    1    234     65     67     98     17      0      0      0      0   1512   1410   2170      6      0 
    0     42     32     35      -      -      -      -      -      -   1512    210      0      1      0 
    1    229     64     67     98     16      0      0      0      0   1512   1410   2170      6      0 
    0     41     32     35      -      -      -      -      -      -   1512    210      0      1      0 
    1    236     64     67     98     16      0      0      0      0   1512   1410   2170      6      0 
    0     42     32     35      -      -      -      -      -      -   1512    210      0      1      0 
    1    238     65     67     98     16      0      0      0      0   1512   1410   2170      6      0 
    0     42     32     35      -      -      -      -      -      -   1512    210      0      1      0 
    1    239     65     67     98     16      0      0      0      0   1512   1410   2170      6      0 
    0     41     32     35      -      -      -      -      -      -   1512    210      0      1      0 
    1    237     65     67     98     16      0      0      0      0   1512   1410   2170      6      0 
    0     42     32     35      -      -      -      -      -      -   1512    210      0      1      0 
    1    230     64     67     98     16      0      0      0      0   1512   1410   2170      6      0 
    0     41     32     35      -      -      -      -      -      -   1512    210      0      1      0 
    1    227     65     67     98     16      0      0      0      0   1512   1410   2170      6      0 
    0     42     32     35      -      -      -      -      -      -   1512    210      0      1      0 
    1    237     65     67     98     16      0      0      0      0   1512   1410   2170      6      0 
    0     41     32     35      -      -      -      -      -      -   1512    210      0      1      0 
    1    226     65     67     98     16      0      0      0      0   1512   1410   2170      6      0 
    0     42     32     35      -      -      -      -      -      -   1512    210      0      1      0 
    1    231     64     67     98     16      0      0      0      0   1512   1410   2170      6      0 
    0     43     32     35      -      -      -      -      -      -   1512    210      0      1      0 
    1    237     65     67     98     17      0      0      0      0   1512   1410   2170      6      0 
    0     41     32     35      -      -      -      -      -      -   1512    210      0      1      0 
    1    240     65     67     98     16      0      0      0      0   1512   1410   2170      6      0 
    0     42     32     35      -      -      -      -      -      -   1512    210      0      1      0 
    1    240     65     67     98     16      0      0      0      0   1512   1410   2170      6      0 
    0     42     32     35      -      -      -      -      -      -   1512    210      0      1      0 
    1    241     64     67     98     16      0      0      0      0   1512   1410   2170      6      0 
    0     42     32     35      -      -      -      -      -      -   1512    210      0      1      0 
    1    232     65     67     98     16      0      0      0      0   1512   1410   2170      6      0 
    0     42     32     35      -      -      -      -      -      -   1512    210      0      1      0 
    1    242     65     67     98     16      0      0      0      0   1512   1410   2170      6      0 
    0     41     32     35      -      -      -      -      -      -   1512    210      0      1      0 
    1    240     65     67     98     16      0      0      0      0   1512   1410   2170      6      0 
    0     42     32     35      -      -      -      -      -      -   1512    210      0      1      0 
    1    245     64     67     98     16      0      0      0      0   1512   1410   2170      6      0 
    0     41     32     35      -      -      -      -      -      -   1512    210      0      1      0 
    1    237     65     67     98     16      0      0      0      0   1512   1410   2170      6      0 
# gpu    pwr  gtemp  mtemp     sm    mem    enc    dec    jpg    ofa   mclk   pclk     fb   bar1   ccpm 
# Idx      W      C      C      %      %      %      %      %      %    MHz    MHz     MB     MB     MB 
    0     41     32     35      -      -      -      -      -      -   1512    210      0      1      0 
    1    238     65     67     98     16      0      0      0      0   1512   1410   2170      6      0 
    0     42     32     35      -      -      -      -      -      -   1512    210      0      1      0 
    1    236     65     67     98     16      0      0      0      0   1512   1410   2170      6      0 
    0     41     32     35      -      -      -      -      -      -   1512    210      0      1      0 
    1    239     64     67     98     16      0      0      0      0   1512   1410   2170      6      0 
    0     42     32     35      -      -      -      -      -      -   1512    210      0      1      0 
    1    243     65     67     98     16      0      0      0      0   1512   1410   2170      6      0 
    0     42     32     35      -      -      -      -      -      -   1512    210      0      1      0 
    1    236     65     67     98     16      0      0      0      0   1512   1410   2170      6      0 
    0     41     32     35      -      -      -      -      -      -   1512    210      0      1      0 
    1    246     65     67     98     16      0      0      0      0   1512   1410   2170      6      0 
    0     42     32     35      -      -      -      -      -      -   1512    210      0      1      0 
    1    237     64     67     98     16      0      0      0      0   1512   1410   2170      6      0 
    0     41     32     35      -      -      -      -      -      -   1512    210      0      1      0 
    1    237     65     67     98     16      0      0      0      0   1512   1410   2170      6      0 
    0     42     32     35      -      -      -      -      -      -   1512    210      0      1      0 
    1    237     65     67     98     16      0      0      0      0   1512   1410   2170      6      0 
    0     41     32     35      -      -      -      -      -      -   1512    210      0      1      0 
    1    240     65     67     98     17      0      0      0      0   1512   1410   2170      6      0 
    0     42     32     35      -      -      -      -      -      -   1512    210      0      1      0 
    1    239     65     67     98     16      0      0      0      0   1512   1410   2170      6      0 
    0     41     32     35      -      -      -      -      -      -   1512    210      0      1      0 
    1    231     65     67     98     16      0      0      0      0   1512   1410   2170      6      0 
    0     41     32     35      -      -      -      -      -      -   1512    210      0      1      0 
    1    239     65     67     98     16      0      0      0      0   1512   1410   2170      6      0 
    0     41     32     35      -      -      -      -      -      -   1512    210      0      1      0 
    1    236     65     67     98     16      0      0      0      0   1512   1410   2170      6      0 
    0     42     32     35      -      -      -      -      -      -   1512    210      0      1      0 
    1    233     64     67     98     17      0      0      0      0   1512   1410   2170      6      0 
    0     42     32     35      -      -      -      -      -      -   1512    210      0      1      0 
    1    237     65     67     98     16      0      0      0      0   1512   1410   2170      6      0 
    0     41     32     35      -      -      -      -      -      -   1512    210      0      1      0 
    1    243     65     67     98     16      0      0      0      0   1512   1410   2170      6      0 
    0     42     32     35      -      -      -      -      -      -   1512    210      0      1      0 
    1    239     65     67     98     17      0      0      0      0   1512   1410   2170      6      0 
    0     41     32     35      -      -      -      -      -      -   1512    210      0      1      0 
    1    234     64     67     98     17      0      0      0      0   1512   1410   2170      6      0 
    0     41     32     35      -      -      -      -      -      -   1512    210      0      1      0 
    1    242     64     67     98     16      0      0      0      0   1512   1410   2170      6      0 
    0     41     32     35      -      -      -      -      -      -   1512    210      0      1      0 
    1    233     65     67     98     16      0      0      0      0   1512   1410   2170      6      0 
    0     42     32     35      -      -      -      -      -      -   1512    210      0      1      0 
    1    239     65     67     98     16      0      0      0      0   1512   1410   2170      6      0 
# gpu    pwr  gtemp  mtemp     sm    mem    enc    dec    jpg    ofa   mclk   pclk     fb   bar1   ccpm 
# Idx      W      C      C      %      %      %      %      %      %    MHz    MHz     MB     MB     MB 
    0     41     32     35      -      -      -      -      -      -   1512    210      0      1      0 
    1    234     64     67     98     16      0      0      0      0   1512   1410   2170      6      0 
    0     41     32     35      -      -      -      -      -      -   1512    210      0      1      0 
    1    230     64     67     98     16      0      0      0      0   1512   1410   2170      6      0 
    0     41     32     35      -      -      -      -      -      -   1512    210      0      1      0 
    1    229     65     67     98     16      0      0      0      0   1512   1410   2170      6      0 
    0     41     32     35      -      -      -      -      -      -   1512    210      0      1      0 
    1    235     65     67     98     16      0      0      0      0   1512   1410   2170      6      0 
    0     41     32     35      -      -      -      -      -      -   1512    210      0      1      0 
    1    236     64     67     98     16      0      0      0      0   1512   1410   2170      6      0 
    0     41     32     35      -      -      -      -      -      -   1512    210      0      1      0 
    1    242     64     67     98     17      0      0      0      0   1512   1410   2170      6      0 
    0     42     32     35      -      -      -      -      -      -   1512    210      0      1      0 
    1    229     65     67     98     16      0      0      0      0   1512   1410   2170      6      0 
    0     42     32     35      -      -      -      -      -      -   1512    210      0      1      0 
    1    232     65     67     98     16      0      0      0      0   1512   1410   2170      6      0 
    0     42     32     35      -      -      -      -      -      -   1512    210      0      1      0 
    1    233     65     67     98     17      0      0      0      0   1512   1410   2170      6      0 
    0     42     32     35      -      -      -      -      -      -   1512    210      0      1      0 
    1    232     64     67     98     16      0      0      0      0   1512   1410   2170      6      0 
    0     42     32     35      -      -      -      -      -      -   1512    210      0      1      0 
    1    238     65     67     98     17      0      0      0      0   1512   1410   2170      6      0 
    0     41     32     35      -      -      -      -      -      -   1512    210      0      1      0 
    1    235     65     67     98     17      0      0      0      0   1512   1410   2170      6      0 
    0     41     32     35      -      -      -      -      -      -   1512    210      0      1      0 
    1    239     65     67     98     16      0      0      0      0   1512   1410   2170      6      0 
    0     41     32     35      -      -      -      -      -      -   1512    210      0      1      0 
    1    237     64     67     98     16      0      0      0      0   1512   1410   2170      6      0 
    0     41     32     35      -      -      -      -      -      -   1512    210      0      1      0 
    1    227     65     67     98     16      0      0      0      0   1512   1410   2170      6      0 
    0     42     32     35      -      -      -      -      -      -   1512    210      0      1      0 
    1    232     65     67     98     17      0      0      0      0   1512   1410   2170      6      0 
    0     41     32     35      -      -      -      -      -      -   1512    210      0      1      0 
    1    233     65     67     98     17      0      0      0      0   1512   1410   2170      6      0 
    0     41     32     35      -      -      -      -      -      -   1512    210      0      1      0 
    1    234     64     67     98     16      0      0      0      0   1512   1410   2170      6      0 
    0     42     32     35      -      -      -      -      -      -   1512    210      0      1      0 
    1    238     65     67     98     16      0      0      0      0   1512   1410   2170      6      0 
    0     42     32     35      -      -      -      -      -      -   1512    210      0      1      0 
    1    242     65     67     98     16      0      0      0      0   1512   1410   2170      6      0 
    0     41     32     35      -      -      -      -      -      -   1512    210      0      1      0 
    1    230     65     67     98     16      0      0      0      0   1512   1410   2170      6      0 
    0     42     32     35      -      -      -      -      -      -   1512    210      0      1      0 
    1    230     64     67     98     17      0      0      0      0   1512   1410   2170      6      0 
# gpu    pwr  gtemp  mtemp     sm    mem    enc    dec    jpg    ofa   mclk   pclk     fb   bar1   ccpm 
# Idx      W      C      C      %      %      %      %      %      %    MHz    MHz     MB     MB     MB 
    0     41     32     35      -      -      -      -      -      -   1512    210      0      1      0 
    1    235     65     67     98     16      0      0      0      0   1512   1410   2170      6      0 
    0     41     32     35      -      -      -      -      -      -   1512    210      0      1      0 
    1    241     65     67     98     17      0      0      0      0   1512   1410   2170      6      0 
    0     42     32     35      -      -      -      -      -      -   1512    210      0      1      0 
    1    234     65     67     98     16      0      0      0      0   1512   1410   2170      6      0 
    0     41     32     35      -      -      -      -      -      -   1512    210      0      1      0 
    1    240     64     67     98     16      0      0      0      0   1512   1410   2170      6      0 
    0     42     32     35      -      -      -      -      -      -   1512    210      0      1      0 
    1    235     65     67     98     16      0      0      0      0   1512   1410   2170      6      0 
    0     42     32     35      -      -      -      -      -      -   1512    210      0      1      0 
    1    244     65     67     98     16      0      0      0      0   1512   1410   2170      6      0 
    0     42     32     35      -      -      -      -      -      -   1512    210      0      1      0 
    1    235     65     67     98     16      0      0      0      0   1512   1410   2170      6      0 
    0     42     32     35      -      -      -      -      -      -   1512    210      0      1      0 
    1    229     64     67     98     16      0      0      0      0   1512   1410   2170      6      0 
    0     41     32     35      -      -      -      -      -      -   1512    210      0      1      0 
    1    234     65     67     98     17      0      0      0      0   1512   1410   2170      6      0 
    0     41     32     35      -      -      -      -      -      -   1512    210      0      1      0 
    1    237     65     67     98     17      0      0      0      0   1512   1410   2170      6      0 
    0     42     32     35      -      -      -      -      -      -   1512    210      0      1      0 
    1    236     65     67     98     16      0      0      0      0   1512   1410   2170      6      0 
    0     42     32     35      -      -      -      -      -      -   1512    210      0      1      0 
    1    236     64     67     98     16      0      0      0      0   1512   1410   2170      6      0 
    0     42     32     35      -      -      -      -      -      -   1512    210      0      1      0 
    1    238     65     67     98     16      0      0      0      0   1512   1410   2170      6      0 
    0     42     32     35      -      -      -      -      -      -   1512    210      0      1      0 
    1    234     65     67     98     16      0      0      0      0   1512   1410   2170      6      0 
    0     41     32     35      -      -      -      -      -      -   1512    210      0      1      0 
    1    229     65     67     98     16      0      0      0      0   1512   1410   2170      6      0 
    0     41     32     35      -      -      -      -      -      -   1512    210      0      1      0 
    1    233     64     67     98     16      0      0      0      0   1512   1410   2170      6      0 
    0     42     32     35      -      -      -      -      -      -   1512    210      0      1      0 
    1    240     65     67     98     16      0      0      0      0   1512   1410   2170      6      0 
    0     41     32     35      -      -      -      -      -      -   1512    210      0      1      0 
    1    241     65     67     98     16      0      0      0      0   1512   1410   2170      6      0 
    0     41     32     35      -      -      -      -      -      -   1512    210      0      1      0 
    1    234     65     67     98     16      0      0      0      0   1512   1410   2170      6      0 
    0     42     32     35      -      -      -      -      -      -   1512    210      0      1      0 
    1    231     64     67     98     16      0      0      0      0   1512   1410   2170      6      0 
    0     41     32     35      -      -      -      -      -      -   1512    210      0      1      0 
    1    234     65     67     98     16      0      0      0      0   1512   1410   2170      6      0 
    0     41     32     35      -      -      -      -      -      -   1512    210      0      1      0 
    1    235     65     67     98     16      0      0      0      0   1512   1410   2170      6      0 
# gpu    pwr  gtemp  mtemp     sm    mem    enc    dec    jpg    ofa   mclk   pclk     fb   bar1   ccpm 
# Idx      W      C      C      %      %      %      %      %      %    MHz    MHz     MB     MB     MB 
    0     41     32     35      -      -      -      -      -      -   1512    210      0      1      0 
    1    235     65     67     98     17      0      0      0      0   1512   1410   2170      6      0 
    0     42     32     35      -      -      -      -      -      -   1512    210      0      1      0 
    1    236     64     67     98     16      0      0      0      0   1512   1410   2170      6      0 
    0     41     32     35      -      -      -      -      -      -   1512    210      0      1      0 
    1    229     65     67     98     17      0      0      0      0   1512   1410   2170      6      0 
    0     42     32     35      -      -      -      -      -      -   1512    210      0      1      0 
    1    238     65     67     98     17      0      0      0      0   1512   1410   2170      6      0 
    0     41     32     35      -      -      -      -      -      -   1512    210      0      1      0 
    1    241     65     67     98     17      0      0      0      0   1512   1410   2170      6      0 
    0     41     32     35      -      -      -      -      -      -   1512    210      0      1      0 
    1    235     64     67     98     16      0      0      0      0   1512   1410   2170      6      0 
    0     41     32     35      -      -      -      -      -      -   1512    210      0      1      0 
    1    235     65     67     98     16      0      0      0      0   1512   1410   2170      6      0 
    0     41     32     35      -      -      -      -      -      -   1512    210      0      1      0 
    1    233     65     67     98     16      0      0      0      0   1512   1410   2170      6      0 
    0     41     32     35      -      -      -      -      -      -   1512    210      0      1      0 
    1    242     65     67     98     16      0      0      0      0   1512   1410   2170      6      0 
    0     41     32     35      -      -      -      -      -      -   1512    210      0      1      0 
    1    235     64     67     98     16      0      0      0      0   1512   1410   2170      6      0 
    0     41     32     35      -      -      -      -      -      -   1512    210      0      1      0 
    1    232     64     67     98     17      0      0      0      0   1512   1410   2170      6      0 
    0     42     32     35      -      -      -      -      -      -   1512    210      0      1      0 
    1    238     65     67     98     16      0      0      0      0   1512   1410   2170      6      0 
    0     42     32     35      -      -      -      -      -      -   1512    210      0      1      0 
    1    231     65     67     98     17      0      0      0      0   1512   1410   2170      6      0 
    0     42     32     35      -      -      -      -      -      -   1512    210      0      1      0 
    1    234     64     67     98     16      0      0      0      0   1512   1410   2170      6      0 
    0     41     32     35      -      -      -      -      -      -   1512    210      0      1      0 
    1    241     65     67     98     16      0      0      0      0   1512   1410   2170      6      0 
    0     42     32     35      -      -      -      -      -      -   1512    210      0      1      0 
    1    230     65     67     98     17      0      0      0      0   1512   1410   2170      6      0 
    0     42     32     35      -      -      -      -      -      -   1512    210      0      1      0 
    1    234     65     67     98     16      0      0      0      0   1512   1410   2170      6      0 
    0     42     32     35      -      -      -      -      -      -   1512    210      0      1      0 
    1    234     64     67     98     17      0      0      0      0   1512   1410   2170      6      0 
    0     42     32     35      -      -      -      -      -      -   1512    210      0      1      0 
    1    238     65     67     98     16      0      0      0      0   1512   1410   2170      6      0 
    0     42     32     35      -      -      -      -      -      -   1512    210      0      1      0 
    1    238     65     67     98     16      0      0      0      0   1512   1410   2170      6      0 
    0     42     32     35      -      -      -      -      -      -   1512    210      0      1      0 
    1    230     65     67     98     16      0      0      0      0   1512   1410   2170      6      0 
    0     42     32     35      -      -      -      -      -      -   1512    210      0      1      0 
    1    237     64     67     98     16      0      0      0      0   1512   1410   2170      6      0 
# gpu    pwr  gtemp  mtemp     sm    mem    enc    dec    jpg    ofa   mclk   pclk     fb   bar1   ccpm 
# Idx      W      C      C      %      %      %      %      %      %    MHz    MHz     MB     MB     MB 
    0     41     32     35      -      -      -      -      -      -   1512    210      0      1      0 
    1    229     65     67     98     16      0      0      0      0   1512   1410   2170      6      0 
    0     41     32     35      -      -      -      -      -      -   1512    210      0      1      0 
    1    240     65     67     98     16      0      0      0      0   1512   1410   2170      6      0 
    0     42     32     35      -      -      -      -      -      -   1512    210      0      1      0 
    1    234     65     67     98     16      0      0      0      0   1512   1410   2170      6      0 
    0     42     32     35      -      -      -      -      -      -   1512    210      0      1      0 
    1    235     64     67     98     16      0      0      0      0   1512   1410   2170      6      0 
    0     41     32     35      -      -      -      -      -      -   1512    210      0      1      0 
    1    234     65     67     98     16      0      0      0      0   1512   1410   2170      6      0 
    0     42     32     35      -      -      -      -      -      -   1512    210      0      1      0 
    1    236     65     67     98     17      0      0      0      0   1512   1410   2170      6      0 
    0     42     32     35      -      -      -      -      -      -   1512    210      0      1      0 
    1    232     65     67     98     16      0      0      0      0   1512   1410   2170      6      0 
    0     41     32     35      -      -      -      -      -      -   1512    210      0      1      0 
    1    226     64     67     98     16      0      0      0      0   1512   1410   2170      6      0 
    0     41     32     35      -      -      -      -      -      -   1512    210      0      1      0 
    1    232     65     67     98     16      0      0      0      0   1512   1410   2170      6      0 
    0     41     32     35      -      -      -      -      -      -   1512    210      0      1      0 
    1    241     65     67     98     17      0      0      0      0   1512   1410   2170      6      0 
    0     41     32     35      -      -      -      -      -      -   1512    210      0      1      0 
    1    232     65     67     98     17      0      0      0      0   1512   1410   2170      6      0 
    0     42     32     35      -      -      -      -      -      -   1512    210      0      1      0 
    1    233     64     67     98     17      0      0      0      0   1512   1410   2170      6      0 
    0     41     32     35      -      -      -      -      -      -   1512    210      0      1      0 
    1    230     65     67     98     16      0      0      0      0   1512   1410   2170      6      0 
    0     41     32     35      -      -      -      -      -      -   1512    210      0      1      0 
    1    232     65     67     98     16      0      0      0      0   1512   1410   2170      6      0 
    0     41     32     35      -      -      -      -      -      -   1512    210      0      1      0 
    1    232     65     67     98     16      0      0      0      0   1512   1410   2170      6      0 
    0     42     32     35      -      -      -      -      -      -   1512    210      0      1      0 
    1    232     64     67     98     16      0      0      0      0   1512   1410   2170      6      0 
    0     41     32     35      -      -      -      -      -      -   1512    210      0      1      0 
    1    240     65     67     98     17      0      0      0      0   1512   1410   2170      6      0 
    0     42     32     35      -      -      -      -      -      -   1512    210      0      1      0 
    1    237     65     67     98     16      0      0      0      0   1512   1410   2170      6      0 
    0     42     32     35      -      -      -      -      -      -   1512    210      0      1      0 
    1    237     65     67     98     16      0      0      0      0   1512   1410   2170      6      0 
    0     42     32     35      -      -      -      -      -      -   1512    210      0      1      0 
    1    230     64     67     98     17      0      0      0      0   1512   1410   2170      6      0 
    0     41     32     35      -      -      -      -      -      -   1512    210      0      1      0 
    1    226     65     67     98     16      0      0      0      0   1512   1410   2170      6      0 
    0     41     32     35      -      -      -      -      -      -   1512    210      0      1      0 
    1    229     65     67     98     16      0      0      0      0   1512   1410   2170      6      0 
# gpu    pwr  gtemp  mtemp     sm    mem    enc    dec    jpg    ofa   mclk   pclk     fb   bar1   ccpm 
# Idx      W      C      C      %      %      %      %      %      %    MHz    MHz     MB     MB     MB 
    0     41     32     35      -      -      -      -      -      -   1512    210      0      1      0 
    1    238     64     67     98     16      0      0      0      0   1512   1410   2170      6      0 
    0     42     32     35      -      -      -      -      -      -   1512    210      0      1      0 
    1    229     64     67     98     16      0      0      0      0   1512   1410   2170      6      0 
    0     41     32     35      -      -      -      -      -      -   1512    210      0      1      0 
    1    238     65     67     98     16      0      0      0      0   1512   1410   2170      6      0 
    0     42     32     35      -      -      -      -      -      -   1512    210      0      1      0 
    1    235     65     67     98     16      0      0      0      0   1512   1410   2170      6      0 
    0     42     32     35      -      -      -      -      -      -   1512    210      0      1      0 
    1    237     64     67     98     16      0      0      0      0   1512   1410   2170      6      0 
    0     42     32     35      -      -      -      -      -      -   1512    210      0      1      0 
    1    237     64     67     98     16      0      0      0      0   1512   1410   2170      6      0 
    0     41     32     35      -      -      -      -      -      -   1512    210      0      1      0 
    1    237     65     67     98     16      0      0      0      0   1512   1410   2170      6      0 
    0     41     32     35      -      -      -      -      -      -   1512    210      0      1      0 
    1    234     65     67     98     17      0      0      0      0   1512   1410   2170      6      0 
    0     42     32     35      -      -      -      -      -      -   1512    210      0      1      0 
    1    231     64     67     98     17      0      0      0      0   1512   1410   2170      6      0 
    0     41     32     35      -      -      -      -      -      -   1512    210      0      1      0 
    1    233     65     67     98     16      0      0      0      0   1512   1410   2170      6      0 
    0     42     32     35      -      -      -      -      -      -   1512    210      0      1      0 
    1    233     65     67     98     16      0      0      0      0   1512   1410   2170      6      0 
    0     42     32     35      -      -      -      -      -      -   1512    210      0      1      0 
    1    239     65     67     98     17      0      0      0      0   1512   1410   2170      6      0 
    0     41     32     35      -      -      -      -      -      -   1512    210      0      1      0 
    1    239     64     67     98     16      0      0      0      0   1512   1410   2170      6      0 
    0     42     32     35      -      -      -      -      -      -   1512    210      0      1      0 
    1    237     65     67     98     16      0      0      0      0   1512   1410   2170      6      0 
    0     42     32     35      -      -      -      -      -      -   1512    210      0      1      0 
    1    227     65     67     98     16      0      0      0      0   1512   1410   2170      6      0 
    0     42     32     35      -      -      -      -      -      -   1512    210      0      1      0 
    1    237     65     67     98     16      0      0      0      0   1512   1410   2170      6      0 
    0     42     32     35      -      -      -      -      -      -   1512    210      0      1      0 
    1    235     64     67     98     17      0      0      0      0   1512   1410   2170      6      0 
    0     41     32     35      -      -      -      -      -      -   1512    210      0      1      0 
    1    235     64     67     98     17      0      0      0      0   1512   1410   2170      6      0 
    0     41     32     35      -      -      -      -      -      -   1512    210      0      1      0 
    1    239     65     67     98     16      0      0      0      0   1512   1410   2170      6      0 
    0     41     32     35      -      -      -      -      -      -   1512    210      0      1      0 
    1    236     65     67     98     16      0      0      0      0   1512   1410   2170      6      0 
    0     42     32     35      -      -      -      -      -      -   1512    210      0      1      0 
    1    237     64     67     98     17      0      0      0      0   1512   1410   2170      6      0 
    0     42     32     35      -      -      -      -      -      -   1512    210      0      1      0 
    1    240     64     67     98     16      0      0      0      0   1512   1410   2170      6      0 
# gpu    pwr  gtemp  mtemp     sm    mem    enc    dec    jpg    ofa   mclk   pclk     fb   bar1   ccpm 
# Idx      W      C      C      %      %      %      %      %      %    MHz    MHz     MB     MB     MB 
    0     41     32     35      -      -      -      -      -      -   1512    210      0      1      0 
    1    242     65     67     98     16      0      0      0      0   1512   1410   2170      6      0 
    0     42     32     35      -      -      -      -      -      -   1512    210      0      1      0 
    1    239     65     67     98     16      0      0      0      0   1512   1410   2170      6      0 
    0     41     32     35      -      -      -      -      -      -   1512    210      0      1      0 
    1    226     64     67     98     16      0      0      0      0   1512   1410   2170      6      0 
    0     41     32     35      -      -      -      -      -      -   1512    210      0      1      0 
    1    235     64     67     98     17      0      0      0      0   1512   1410   2170      6      0 
    0     42     32     35      -      -      -      -      -      -   1512    210      0      1      0 
    1    237     65     67     98     16      0      0      0      0   1512   1410   2170      6      0 
    0     42     32     35      -      -      -      -      -      -   1512    210      0      1      0 
    1    239     65     67     98     16      0      0      0      0   1512   1410   2170      6      0 
    0     42     32     35      -      -      -      -      -      -   1512    210      0      1      0 
    1    241     65     67     98     17      0      0      0      0   1512   1410   2170      6      0 
    0     42     32     35      -      -      -      -      -      -   1512    210      0      1      0 
    1    232     64     67     98     16      0      0      0      0   1512   1410   2170      6      0 
    0     41     32     35      -      -      -      -      -      -   1512    210      0      1      0 
    1    239     65     67     98     16      0      0      0      0   1512   1410   2170      6      0 
    0     42     32     35      -      -      -      -      -      -   1512    210      0      1      0 
    1    240     65     67     98     16      0      0      0      0   1512   1410   2170      6      0 
    0     42     32     35      -      -      -      -      -      -   1512    210      0      1      0 
    1    241     65     67     98     16      0      0      0      0   1512   1410   2170      6      0 
    0     41     32     35      -      -      -      -      -      -   1512    210      0      1      0 
    1    235     65     67     98     16      0      0      0      0   1512   1410   2170      6      0 
    0     42     32     35      -      -      -      -      -      -   1512    210      0      1      0 
    1    241     64     67     98     16      0      0      0      0   1512   1410   2170      6      0 
    0     42     32     35      -      -      -      -      -      -   1512    210      0      1      0 
    1    226     65     67     98     16      0      0      0      0   1512   1410   2170      6      0 
    0     42     32     35      -      -      -      -      -      -   1512    210      0      1      0 
    1    238     65     67     98     17      0      0      0      0   1512   1410   2170      6      0 
    0     42     32     35      -      -      -      -      -      -   1512    210      0      1      0 
    1    235     65     67     98     17      0      0      0      0   1512   1410   2170      6      0 
    0     42     32     35      -      -      -      -      -      -   1512    210      0      1      0 
    1    229     64     67     98     17      0      0      0      0   1512   1410   2170      6      0 
    0     42     32     35      -      -      -      -      -      -   1512    210      0      1      0 
    1    228     65     67     98     16      0      0      0      0   1512   1410   2170      6      0 
    0     41     32     35      -      -      -      -      -      -   1512    210      0      1      0 
    1    228     65     67     98     16      0      0      0      0   1512   1410   2170      6      0 
    0     41     32     35      -      -      -      -      -      -   1512    210      0      1      0 
    1    233     64     67     98     16      0      0      0      0   1512   1410   2170      6      0 
    0     42     32     35      -      -      -      -      -      -   1512    210      0      1      0 
    1    237     64     67     98     16      0      0      0      0   1512   1410   2170      6      0 
    0     42     32     35      -      -      -      -      -      -   1512    210      0      1      0 
    1    240     65     67     98     16      0      0      0      0   1512   1410   2170      6      0 
# gpu    pwr  gtemp  mtemp     sm    mem    enc    dec    jpg    ofa   mclk   pclk     fb   bar1   ccpm 
# Idx      W      C      C      %      %      %      %      %      %    MHz    MHz     MB     MB     MB 
    0     42     32     35      -      -      -      -      -      -   1512    210      0      1      0 
    1    234     65     67     98     16      0      0      0      0   1512   1410   2170      6      0 
    0     41     32     35      -      -      -      -      -      -   1512    210      0      1      0 
    1    237     65     67     98     16      0      0      0      0   1512   1410   2170      6      0 
    0     41     32     35      -      -      -      -      -      -   1512    210      0      1      0 
    1    241     64     67     98     16      0      0      0      0   1512   1410   2170      6      0 
    0     42     32     35      -      -      -      -      -      -   1512    210      0      1      0 
    1    234     65     67     98     16      0      0      0      0   1512   1410   2170      6      0 
    0     42     32     35      -      -      -      -      -      -   1512    210      0      1      0 
    1    245     65     67     98     16      0      0      0      0   1512   1410   2170      6      0 
    0     41     32     35      -      -      -      -      -      -   1512    210      0      1      0 
    1    240     65     67     98     16      0      0      0      0   1512   1410   2170      6      0 
    0     42     32     35      -      -      -      -      -      -   1512    210      0      1      0 
    1    230     64     67     98     17      0      0      0      0   1512   1410   2170      6      0 
    0     42     32     35      -      -      -      -      -      -   1512    210      0      1      0 
    1    232     65     67     98     16      0      0      0      0   1512   1410   2170      6      0 
    0     42     32     35      -      -      -      -      -      -   1512    210      0      1      0 
    1    232     65     67     98     16      0      0      0      0   1512   1410   2170      6      0 
    0     42     32     35      -      -      -      -      -      -   1512    210      0      1      0 
    1    238     65     67     98     16      0      0      0      0   1512   1410   2170      6      0 
    0     42     32     35      -      -      -      -      -      -   1512    210      0      1      0 
    1    240     64     67     98     16      0      0      0      0   1512   1410   2170      6      0 
    0     42     32     35      -      -      -      -      -      -   1512    210      0      1      0 
    1    237     65     67     98     16      0      0      0      0   1512   1410   2170      6      0 
    0     42     32     35      -      -      -      -      -      -   1512    210      0      1      0 
    1    237     65     67     98     17      0      0      0      0   1512   1410   2170      6      0 
    0     41     32     35      -      -      -      -      -      -   1512    210      0      1      0 
    1    235     65     67     98     17      0      0      0      0   1512   1410   2170      6      0 
    0     41     32     35      -      -      -      -      -      -   1512    210      0      1      0 
    1    236     64     67     98     16      0      0      0      0   1512   1410   2170      6      0 
    0     41     32     35      -      -      -      -      -      -   1512    210      0      1      0 
    1    237     65     67     98     16      0      0      0      0   1512   1410   2170      6      0 
    0     42     32     35      -      -      -      -      -      -   1512    210      0      1      0 
    1    237     65     67     98     17      0      0      0      0   1512   1410   2170      6      0 
    0     42     32     35      -      -      -      -      -      -   1512    210      0      1      0 
    1    237     65     67     98     16      0      0      0      0   1512   1410   2170      6      0 
    0     42     32     35      -      -      -      -      -      -   1512    210      0      1      0 
    1    236     64     67     98     16      0      0      0      0   1512   1410   2170      6      0 
    0     41     32     35      -      -      -      -      -      -   1512    210      0      1      0 
    1    235     65     67     98     16      0      0      0      0   1512   1410   2170      6      0 
    0     42     32     35      -      -      -      -      -      -   1512    210      0      1      0 
    1    232     65     67     98     17      0      0      0      0   1512   1410   2170      6      0 
    0     41     32     35      -      -      -      -      -      -   1512    210      0      1      0 
    1    235     65     67     98     17      0      0      0      0   1512   1410   2170      6      0 
# gpu    pwr  gtemp  mtemp     sm    mem    enc    dec    jpg    ofa   mclk   pclk     fb   bar1   ccpm 
# Idx      W      C      C      %      %      %      %      %      %    MHz    MHz     MB     MB     MB 
    0     41     32     35      -      -      -      -      -      -   1512    210      0      1      0 
    1    231     64     67     98     17      0      0      0      0   1512   1410   2170      6      0 
    0     41     32     35      -      -      -      -      -      -   1512    210      0      1      0 
    1    236     65     67     98     16      0      0      0      0   1512   1410   2170      6      0 
    0     42     32     35      -      -      -      -      -      -   1512    210      0      1      0 
    1    240     65     67     98     16      0      0      0      0   1512   1410   2170      6      0 
    0     42     32     35      -      -      -      -      -      -   1512    210      0      1      0 
    1    236     65     67     98     16      0      0      0      0   1512   1410   2170      6      0 
    0     42     32     35      -      -      -      -      -      -   1512    210      0      1      0 
    1    238     64     67     98     16      0      0      0      0   1512   1410   2170      6      0 
    0     41     32     35      -      -      -      -      -      -   1512    210      0      1      0 
    1    236     65     67     98     17      0      0      0      0   1512   1410   2170      6      0 
    0     42     32     35      -      -      -      -      -      -   1512    210      0      1      0 
    1    235     65     67     98     16      0      0      0      0   1512   1410   2170      6      0 
    0     42     32     35      -      -      -      -      -      -   1512    210      0      1      0 
    1    228     65     67     98     17      0      0      0      0   1512   1410   2170      6      0 
    0     42     32     35      -      -      -      -      -      -   1512    210      0      1      0 
    1    236     65     67     98     17      0      0      0      0   1512   1410   2170      6      0 
    0     42     32     35      -      -      -      -      -      -   1512    210      0      1      0 
    1    233     65     67     98     16      0      0      0      0   1512   1410   2170      6      0 
    0     42     32     35      -      -      -      -      -      -   1512    210      0      1      0 
    1    231     65     67     98     16      0      0      0      0   1512   1410   2170      6      0 
    0     42     32     35      -      -      -      -      -      -   1512    210      0      1      0 
    1    243     65     67     98     16      0      0      0      0   1512   1410   2170      6      0 
    0     42     32     35      -      -      -      -      -      -   1512    210      0      1      0 
    1    232     64     67     98     17      0      0      0      0   1512   1410   2170      6      0 
    0     42     32     35      -      -      -      -      -      -   1512    210      0      1      0 
    1    239     65     67     98     17      0      0      0      0   1512   1410   2170      6      0 
    0     42     32     35      -      -      -      -      -      -   1512    210      0      1      0 
    1    240     65     67     98     16      0      0      0      0   1512   1410   2170      6      0 
    0     42     32     35      -      -      -      -      -      -   1512    210      0      1      0 
    1    234     65     67     98     16      0      0      0      0   1512   1410   2170      6      0 
    0     41     32     35      -      -      -      -      -      -   1512    210      0      1      0 
    1    230     64     67     98     16      0      0      0      0   1512   1410   2170      6      0 
    0     41     32     35      -      -      -      -      -      -   1512    210      0      1      0 
    1    232     65     67     98     17      0      0      0      0   1512   1410   2170      6      0 
    0     41     32     35      -      -      -      -      -      -   1512    210      0      1      0 
    1    239     65     67     98     17      0      0      0      0   1512   1410   2170      6      0 
    0     42     32     35      -      -      -      -      -      -   1512    210      0      1      0 
    1    233     65     67     98     16      0      0      0      0   1512   1410   2170      6      0 
    0     41     32     35      -      -      -      -      -      -   1512    210      0      1      0 
    1    231     64     67     98     16      0      0      0      0   1512   1410   2170      6      0 
    0     42     32     35      -      -      -      -      -      -   1512    210      0      1      0 
    1    237     65     67     98     17      0      0      0      0   1512   1410   2170      6      0 
# gpu    pwr  gtemp  mtemp     sm    mem    enc    dec    jpg    ofa   mclk   pclk     fb   bar1   ccpm 
# Idx      W      C      C      %      %      %      %      %      %    MHz    MHz     MB     MB     MB 
    0     42     32     35      -      -      -      -      -      -   1512    210      0      1      0 
    1    236     65     67     98     17      0      0      0      0   1512   1410   2170      6      0 
    0     41     32     35      -      -      -      -      -      -   1512    210      0      1      0 
    1    231     65     67     98     16      0      0      0      0   1512   1410   2170      6      0 
    0     42     32     35      -      -      -      -      -      -   1512    210      0      1      0 
    1    234     64     67     98     16      0      0      0      0   1512   1410   2170      6      0 
    0     42     32     35      -      -      -      -      -      -   1512    210      0      1      0 
    1    236     65     67     98     16      0      0      0      0   1512   1410   2170      6      0 
    0     42     32     35      -      -      -      -      -      -   1512    210      0      1      0 
    1    229     65     67     98     17      0      0      0      0   1512   1410   2170      6      0 
    0     41     32     35      -      -      -      -      -      -   1512    210      0      1      0 
    1    243     65     67     98     16      0      0      0      0   1512   1410   2170      6      0 
    0     41     32     35      -      -      -      -      -      -   1512    210      0      1      0 
    1    240     64     67     98     17      0      0      0      0   1512   1410   2170      6      0 
    0     42     32     35      -      -      -      -      -      -   1512    210      0      1      0 
    1    225     64     67     98     16      0      0      0      0   1512   1410   2170      6      0 
    0     41     32     35      -      -      -      -      -      -   1512    210      0      1      0 
    1    238     65     67     98     16      0      0      0      0   1512   1410   2170      6      0 
    0     42     32     35      -      -      -      -      -      -   1512    210      0      1      0 
    1    236     65     67     98     16      0      0      0      0   1512   1410   2170      6      0 
    0     41     32     35      -      -      -      -      -      -   1512    210      0      1      0 
    1    235     64     67     98     16      0      0      0      0   1512   1410   2170      6      0 
    0     41     32     35      -      -      -      -      -      -   1512    210      0      1      0 
    1    233     65     67     98     16      0      0      0      0   1512   1410   2170      6      0 
    0     41     32     35      -      -      -      -      -      -   1512    210      0      1      0 
    1    241     65     67     98     17      0      0      0      0   1512   1410   2170      6      0 
    0     41     32     35      -      -      -      -      -      -   1512    210      0      1      0 
    1    233     65     67     98     16      0      0      0      0   1512   1410   2170      6      0 
    0     42     32     35      -      -      -      -      -      -   1512    210      0      1      0 
    1    230     64     67     98     17      0      0      0      0   1512   1410   2170      6      0 
    0     41     32     35      -      -      -      -      -      -   1512    210      0      1      0 
    1    226     65     67     98     17      0      0      0      0   1512   1410   2170      6      0 
    0     41     32     35      -      -      -      -      -      -   1512    210      0      1      0 
    1    231     65     67     98     17      0      0      0      0   1512   1410   2170      6      0 
    0     41     32     35      -      -      -      -      -      -   1512    210      0      1      0 
    1    237     65     67     98     16      0      0      0      0   1512   1410   2170      6      0 
    0     42     32     35      -      -      -      -      -      -   1512    210      0      1      0 
    1    236     64     67     98     16      0      0      0      0   1512   1410   2170      6      0 
    0     41     32     35      -      -      -      -      -      -   1512    210      0      1      0 
    1    233     65     67     98     16      0      0      0      0   1512   1410   2170      6      0 
    0     41     32     35      -      -      -      -      -      -   1512    210      0      1      0 
    1    237     65     67     98     16      0      0      0      0   1512   1410   2170      6      0 
    0     42     32     35      -      -      -      -      -      -   1512    210      0      1      0 
    1    235     65     67     98     17      0      0      0      0   1512   1410   2170      6      0 
# gpu    pwr  gtemp  mtemp     sm    mem    enc    dec    jpg    ofa   mclk   pclk     fb   bar1   ccpm 
# Idx      W      C      C      %      %      %      %      %      %    MHz    MHz     MB     MB     MB 
    0     41     32     35      -      -      -      -      -      -   1512    210      0      1      0 
    1    237     64     67     98     16      0      0      0      0   1512   1410   2170      6      0 
    0     41     32     35      -      -      -      -      -      -   1512    210      0      1      0 
    1    238     64     67     98     16      0      0      0      0   1512   1410   2170      6      0 
    0     42     32     35      -      -      -      -      -      -   1512    210      0      1      0 
    1    241     65     67     98     16      0      0      0      0   1512   1410   2170      6      0 
    0     42     32     35      -      -      -      -      -      -   1512    210      0      1      0 
    1    239     65     67     98     16      0      0      0      0   1512   1410   2170      6      0 
    0     41     32     35      -      -      -      -      -      -   1512    210      0      1      0 
    1    232     64     67     98     16      0      0      0      0   1512   1410   2170      6      0 
    0     41     32     35      -      -      -      -      -      -   1512    210      0      1      0 
    1    232     64     67     98     16      0      0      0      0   1512   1410   2170      6      0 
    0     42     32     35      -      -      -      -      -      -   1512    210      0      1      0 
    1    237     65     67     98     16      0      0      0      0   1512   1410   2170      6      0 
    0     42     32     35      -      -      -      -      -      -   1512    210      0      1      0 
    1    237     65     67     98     17      0      0      0      0   1512   1410   2170      6      0 
    0     41     32     35      -      -      -      -      -      -   1512    210      0      1      0 
    1    235     65     67     98     17      0      0      0      0   1512   1410   2170      6      0 
    0     42     32     35      -      -      -      -      -      -   1512    210      0      1      0 
    1    233     64     67     98     16      0      0      0      0   1512   1410   2170      6      0 
    0     41     32     35      -      -      -      -      -      -   1512    210      0      1      0 
    1    237     65     67     98     16      0      0      0      0   1512   1410   2170      6      0 
    0     42     32     35      -      -      -      -      -      -   1512    210      0      1      0 
    1    241     65     67     98     16      0      0      0      0   1512   1410   2170      6      0 
    0     41     32     35      -      -      -      -      -      -   1512    210      0      1      0 
    1    237     64     67     98     16      0      0      0      0   1512   1410   2170      6      0 
    0     41     32     35      -      -      -      -      -      -   1512    210      0      1      0 
    1    230     64     67     98     16      0      0      0      0   1512   1410   2170      6      0 
    0     42     32     35      -      -      -      -      -      -   1512    210      0      1      0 
    1    229     65     67     98     16      0      0      0      0   1512   1410   2170      6      0 
    0     42     32     35      -      -      -      -      -      -   1512    210      0      1      0 
    1    236     65     67     98     16      0      0      0      0   1512   1410   2170      6      0 
    0     42     32     35      -      -      -      -      -      -   1512    210      0      1      0 
    1    241     64     67     98     16      0      0      0      0   1512   1410   2170      6      0 
    0     41     32     35      -      -      -      -      -      -   1512    210      0      1      0 
    1    234     64     67     98     17      0      0      0      0   1512   1410   2170      6      0 
    0     41     32     35      -      -      -      -      -      -   1512    210      0      1      0 
    1    239     65     67     98     16      0      0      0      0   1512   1410   2170      6      0 
    0     42     32     35      -      -      -      -      -      -   1512    210      0      1      0 
    1    233     65     67     98     16      0      0      0      0   1512   1410   2170      6      0 
    0     42     32     35      -      -      -      -      -      -   1512    210      0      1      0 
    1    240     64     67     98     16      0      0      0      0   1512   1410   2170      6      0 
    0     41     32     35      -      -      -      -      -      -   1512    210      0      1      0 
    1    238     64     67     98     16      0      0      0      0   1512   1410   2170      6      0 
# gpu    pwr  gtemp  mtemp     sm    mem    enc    dec    jpg    ofa   mclk   pclk     fb   bar1   ccpm 
# Idx      W      C      C      %      %      %      %      %      %    MHz    MHz     MB     MB     MB 
    0     42     32     35      -      -      -      -      -      -   1512    210      0      1      0 
    1    236     65     67     98     16      0      0      0      0   1512   1410   2170      6      0 
    0     42     32     35      -      -      -      -      -      -   1512    210      0      1      0 
    1    239     65     67     98     16      0      0      0      0   1512   1410   2170      6      0 
    0     41     32     35      -      -      -      -      -      -   1512    210      0      1      0 
    1    236     64     67     98     16      0      0      0      0   1512   1410   2170      6      0 
    0     41     32     35      -      -      -      -      -      -   1512    210      0      1      0 
    1    230     65     67     98     16      0      0      0      0   1512   1410   2170      6      0 
    0     42     32     35      -      -      -      -      -      -   1512    210      0      1      0 
    1    240     65     67     98     16      0      0      0      0   1512   1410   2170      6      0 
    0     42     32     35      -      -      -      -      -      -   1512    210      0      1      0 
    1    238     65     67     98     16      0      0      0      0   1512   1410   2170      6      0 
    0     41     32     35      -      -      -      -      -      -   1512    210      0      1      0 
    1    234     64     67     98     16      0      0      0      0   1512   1410   2170      6      0 
    0     42     32     35      -      -      -      -      -      -   1512    210      0      1      0 
    1    236     65     67     98     16      0      0      0      0   1512   1410   2170      6      0 
    0     42     32     35      -      -      -      -      -      -   1512    210      0      1      0 
    1    237     65     67     98     17      0      0      0      0   1512   1410   2170      6      0 
    0     42     32     35      -      -      -      -      -      -   1512    210      0      1      0 
    1    234     65     67     98     17      0      0      0      0   1512   1410   2170      6      0 
    0     41     32     35      -      -      -      -      -      -   1512    210      0      1      0 
    1    238     64     67     98     16      0      0      0      0   1512   1410   2170      6      0 
    0     42     32     35      -      -      -      -      -      -   1512    210      0      1      0 
    1    235     65     67     98     16      0      0      0      0   1512   1410   2170      6      0 
    0     42     32     35      -      -      -      -      -      -   1512    210      0      1      0 
    1    234     65     67     98     16      0      0      0      0   1512   1410   2170      6      0 
    0     43     32     35      -      -      -      -      -      -   1512    210      0      1      0 
    1    239     65     67     98     17      0      0      0      0   1512   1410   2170      6      0 
    0     42     32     35      -      -      -      -      -      -   1512    210      0      1      0 
    1    238     64     67     98     16      0      0      0      0   1512   1410   2170      6      0 
    0     42     32     35      -      -      -      -      -      -   1512    210      0      1      0 
    1    234     64     67     98     16      0      0      0      0   1512   1410   2170      6      0 
    0     41     32     35      -      -      -      -      -      -   1512    210      0      1      0 
    1    240     65     67     98     16      0      0      0      0   1512   1410   2170      6      0 
    0     41     32     35      -      -      -      -      -      -   1512    210      0      1      0 
    1    235     65     67     98     16      0      0      0      0   1512   1410   2170      6      0 
    0     42     32     35      -      -      -      -      -      -   1512    210      0      1      0 
    1    228     65     67     98     16      0      0      0      0   1512   1410   2170      6      0 
    0     42     32     35      -      -      -      -      -      -   1512    210      0      1      0 
    1    236     64     67     98     17      0      0      0      0   1512   1410   2170      6      0 
    0     42     32     35      -      -      -      -      -      -   1512    210      0      1      0 
    1    236     65     67     98     17      0      0      0      0   1512   1410   2170      6      0 
    0     41     32     35      -      -      -      -      -      -   1512    210      0      1      0 
    1    240     65     67     98     17      0      0      0      0   1512   1410   2170      6      0 
# gpu    pwr  gtemp  mtemp     sm    mem    enc    dec    jpg    ofa   mclk   pclk     fb   bar1   ccpm 
# Idx      W      C      C      %      %      %      %      %      %    MHz    MHz     MB     MB     MB 
    0     41     32     35      -      -      -      -      -      -   1512    210      0      1      0 
    1    230     65     67     98     16      0      0      0      0   1512   1410   2170      6      0 
    0     42     32     35      -      -      -      -      -      -   1512    210      0      1      0 
    1    239     65     67     98     16      0      0      0      0   1512   1410   2170      6      0 
    0     42     32     35      -      -      -      -      -      -   1512    210      0      1      0 
    1    235     65     67     98     16      0      0      0      0   1512   1410   2170      6      0 
    0     41     32     35      -      -      -      -      -      -   1512    210      0      1      0 
    1    230     65     67     98     17      0      0      0      0   1512   1410   2170      6      0 
    0     42     32     35      -      -      -      -      -      -   1512    210      0      1      0 
    1    239     65     67     98     16      0      0      0      0   1512   1410   2170      6      0 
    0     42     32     35      -      -      -      -      -      -   1512    210      0      1      0 
    1    235     65     67     98     17      0      0      0      0   1512   1410   2170      6      0 
    0     41     32     35      -      -      -      -      -      -   1512    210      0      1      0 
    1    237     65     67     98     16      0      0      0      0   1512   1410   2170      6      0 
    0     42     32     35      -      -      -      -      -      -   1512    210      0      1      0 
    1    236     65     67     98     16      0      0      0      0   1512   1410   2170      6      0 
    0     41     32     35      -      -      -      -      -      -   1512    210      0      1      0 
    1    233     65     67     98     16      0      0      0      0   1512   1410   2170      6      0 
    0     42     32     35      -      -      -      -      -      -   1512    210      0      1      0 
    1    236     64     67     98     16      0      0      0      0   1512   1410   2170      6      0 
    0     41     32     35      -      -      -      -      -      -   1512    210      0      1      0 
    1    225     65     67     98     16      0      0      0      0   1512   1410   2170      6      0 
    0     41     32     35      -      -      -      -      -      -   1512    210      0      1      0 
    1    236     65     67     98     16      0      0      0      0   1512   1410   2170      6      0 
    0     41     32     35      -      -      -      -      -      -   1512    210      0      1      0 
    1    234     65     67     98     16      0      0      0      0   1512   1410   2170      6      0 
    0     41     32     35      -      -      -      -      -      -   1512    210      0      1      0 
    1    238     64     67     98     16      0      0      0      0   1512   1410   2170      6      0 
    0     41     32     35      -      -      -      -      -      -   1512    210      0      1      0 
    1    231     65     67     98     16      0      0      0      0   1512   1410   2170      6      0 
    0     42     32     35      -      -      -      -      -      -   1512    210      0      1      0 
    1    237     65     67     98     16      0      0      0      0   1512   1410   2170      6      0 
    0     42     32     35      -      -      -      -      -      -   1512    210      0      1      0 
    1    230     65     67     98     16      0      0      0      0   1512   1410   2170      6      0 
    0     42     32     35      -      -      -      -      -      -   1512    210      0      1      0 
    1    233     64     67     98     17      0      0      0      0   1512   1410   2170      6      0 
    0     42     32     35      -      -      -      -      -      -   1512    210      0      1      0 
    1    233     65     67     98     16      0      0      0      0   1512   1410   2170      6      0 
    0     42     32     35      -      -      -      -      -      -   1512    210      0      1      0 
    1    242     65     67     98     16      0      0      0      0   1512   1410   2170      6      0 
    0     41     32     35      -      -      -      -      -      -   1512    210      0      1      0 
    1    242     65     67     98     16      0      0      0      0   1512   1410   2170      6      0 
    0     41     32     35      -      -      -      -      -      -   1512    210      0      1      0 
    1    235     64     67     98     17      0      0      0      0   1512   1410   2170      6      0 
# gpu    pwr  gtemp  mtemp     sm    mem    enc    dec    jpg    ofa   mclk   pclk     fb   bar1   ccpm 
# Idx      W      C      C      %      %      %      %      %      %    MHz    MHz     MB     MB     MB 
    0     41     32     35      -      -      -      -      -      -   1512    210      0      1      0 
    1    239     65     67     98     17      0      0      0      0   1512   1410   2170      6      0 
    0     42     32     35      -      -      -      -      -      -   1512    210      0      1      0 
    1    230     65     67     98     16      0      0      0      0   1512   1410   2170      6      0 
    0     42     32     35      -      -      -      -      -      -   1512    210      0      1      0 
    1    241     65     67     98     16      0      0      0      0   1512   1410   2170      6      0 
    0     41     32     35      -      -      -      -      -      -   1512    210      0      1      0 
    1    231     64     67     98     17      0      0      0      0   1512   1410   2170      6      0 
    0     41     32     35      -      -      -      -      -      -   1512    210      0      1      0 
    1    234     65     67     98     17      0      0      0      0   1512   1410   2170      6      0 
    0     41     32     35      -      -      -      -      -      -   1512    210      0      1      0 
    1    237     65     67     98     17      0      0      0      0   1512   1410   2170      6      0 
    0     41     32     35      -      -      -      -      -      -   1512    210      0      1      0 
    1    235     65     67     98     16      0      0      0      0   1512   1410   2170      6      0 
    0     40     32     35      -      -      -      -      -      -   1512    210      0      1      0 
    1    238     65     67     98     17      0      0      0      0   1512   1410   2170      6      0 
    0     41     32     35      -      -      -      -      -      -   1512    210      0      1      0 
    1    235     64     67     98     16      0      0      0      0   1512   1410   2170      6      0 
    0     41     32     35      -      -      -      -      -      -   1512    210      0      1      0 
    1    242     65     67     98     16      0      0      0      0   1512   1410   2170      6      0 
    0     41     32     35      -      -      -      -      -      -   1512    210      0      1      0 
    1    233     65     67     98     17      0      0      0      0   1512   1410   2170      6      0 
    0     41     32     35      -      -      -      -      -      -   1512    210      0      1      0 
    1    233     65     67     98     17      0      0      0      0   1512   1410   2170      6      0 
    0     41     32     35      -      -      -      -      -      -   1512    210      0      1      0 
    1    232     64     67     98     16      0      0      0      0   1512   1410   2170      6      0 
    0     41     32     35      -      -      -      -      -      -   1512    210      0      1      0 
    1    232     65     67     98     16      0      0      0      0   1512   1410   2170      6      0 
    0     42     32     35      -      -      -      -      -      -   1512    210      0      1      0 
    1    234     65     67     98     16      0      0      0      0   1512   1410   2170      6      0 
    0     41     32     35      -      -      -      -      -      -   1512    210      0      1      0 
    1    229     65     67     98     16      0      0      0      0   1512   1410   2170      6      0 
    0     42     32     35      -      -      -      -      -      -   1512    210      0      1      0 
    1    230     64     67     98     16      0      0      0      0   1512   1410   2170      6      0 
    0     42     32     35      -      -      -      -      -      -   1512    210      0      1      0 
    1    227     65     67     98     16      0      0      0      0   1512   1410   2170      6      0 
    0     41     32     35      -      -      -      -      -      -   1512    210      0      1      0 
    1    235     65     67     98     17      0      0      0      0   1512   1410   2170      6      0 
    0     42     32     35      -      -      -      -      -      -   1512    210      0      1      0 
    1    231     65     67     98     17      0      0      0      0   1512   1410   2170      6      0 
    0     41     32     35      -      -      -      -      -      -   1512    210      0      1      0 
    1    234     64     67     98     16      0      0      0      0   1512   1410   2170      6      0 
    0     41     32     35      -      -      -      -      -      -   1512    210      0      1      0 
    1    240     65     67     98     16      0      0      0      0   1512   1410   2170      6      0 
# gpu    pwr  gtemp  mtemp     sm    mem    enc    dec    jpg    ofa   mclk   pclk     fb   bar1   ccpm 
# Idx      W      C      C      %      %      %      %      %      %    MHz    MHz     MB     MB     MB 
    0     41     32     35      -      -      -      -      -      -   1512    210      0      1      0 
    1    237     65     67     98     16      0      0      0      0   1512   1410   2170      6      0 
    0     42     32     35      -      -      -      -      -      -   1512    210      0      1      0 
    1    235     65     67     98     16      0      0      0      0   1512   1410   2170      6      0 
    0     41     32     35      -      -      -      -      -      -   1512    210      0      1      0 
    1    238     64     67     98     16      0      0      0      0   1512   1410   2170      6      0 
    0     41     32     35      -      -      -      -      -      -   1512    210      0      1      0 
    1    235     65     67     98     16      0      0      0      0   1512   1410   2170      6      0 
    0     41     32     35      -      -      -      -      -      -   1512    210      0      1      0 
    1    238     65     67     98     16      0      0      0      0   1512   1410   2170      6      0 
    0     41     32     35      -      -      -      -      -      -   1512    210      0      1      0 
    1    240     65     67     98     16      0      0      0      0   1512   1410   2170      6      0 
    0     41     32     35      -      -      -      -      -      -   1512    210      0      1      0 
    1    238     64     67     98     17      0      0      0      0   1512   1410   2170      6      0 
    0     41     32     35      -      -      -      -      -      -   1512    210      0      1      0 
    1    240     65     67     98     16      0      0      0      0   1512   1410   2170      6      0 
    0     41     32     35      -      -      -      -      -      -   1512    210      0      1      0 
    1    239     65     67     98     16      0      0      0      0   1512   1410   2170      6      0 
    0     41     32     35      -      -      -      -      -      -   1512    210      0      1      0 
    1    238     65     67     98     16      0      0      0      0   1512   1410   2170      6      0 
    0     42     32     35      -      -      -      -      -      -   1512    210      0      1      0 
    1    239     64     67     98     16      0      0      0      0   1512   1410   2170      6      0 
    0     42     32     35      -      -      -      -      -      -   1512    210      0      1      0 
    1    240     65     67     98     16      0      0      0      0   1512   1410   2170      6      0 
    0     41     32     35      -      -      -      -      -      -   1512    210      0      1      0 
    1    237     65     67     98     16      0      0      0      0   1512   1410   2170      6      0 
    0     41     32     35      -      -      -      -      -      -   1512    210      0      1      0 
    1    235     65     67     98     16      0      0      0      0   1512   1410   2170      6      0 
    0     42     32     35      -      -      -      -      -      -   1512    210      0      1      0 
    1    239     64     67     98     17      0      0      0      0   1512   1410   2170      6      0 
    0     41     32     35      -      -      -      -      -      -   1512    210      0      1      0 
    1    244     65     67     98     16      0      0      0      0   1512   1410   2170      6      0 
    0     41     32     35      -      -      -      -      -      -   1512    210      0      1      0 
    1    234     65     67     98     16      0      0      0      0   1512   1410   2170      6      0 
    0     42     32     35      -      -      -      -      -      -   1512    210      0      1      0 
    1    240     65     67     98     16      0      0      0      0   1512   1410   2170      6      0 
    0     41     32     35      -      -      -      -      -      -   1512    210      0      1      0 
    1    233     64     67     98     17      0      0      0      0   1512   1410   2170      6      0 
    0     41     32     35      -      -      -      -      -      -   1512    210      0      1      0 
    1    242     65     67     98     17      0      0      0      0   1512   1410   2170      6      0 
    0     42     32     35      -      -      -      -      -      -   1512    210      0      1      0 
    1    239     65     67     98     17      0      0      0      0   1512   1410   2170      6      0 
    0     41     32     35      -      -      -      -      -      -   1512    210      0      1      0 
    1    234     65     67     98     16      0      0      0      0   1512   1410   2170      6      0 
# gpu    pwr  gtemp  mtemp     sm    mem    enc    dec    jpg    ofa   mclk   pclk     fb   bar1   ccpm 
# Idx      W      C      C      %      %      %      %      %      %    MHz    MHz     MB     MB     MB 
    0     41     32     35      -      -      -      -      -      -   1512    210      0      1      0 
    1    230     64     67     98     16      0      0      0      0   1512   1410   2170      6      0 
    0     41     32     35      -      -      -      -      -      -   1512    210      0      1      0 
    1    236     65     67     98     17      0      0      0      0   1512   1410   2170      6      0 
    0     41     32     35      -      -      -      -      -      -   1512    210      0      1      0 
    1    234     65     67     98     16      0      0      0      0   1512   1410   2170      6      0 
    0     41     32     35      -      -      -      -      -      -   1512    210      0      1      0 
    1    234     65     67     98     16      0      0      0      0   1512   1410   2170      6      0 
    0     42     32     35      -      -      -      -      -      -   1512    210      0      1      0 
    1    236     64     67     98     17      0      0      0      0   1512   1410   2170      6      0 
    0     41     32     35      -      -      -      -      -      -   1512    210      0      1      0 
    1    232     65     67     98     16      0      0      0      0   1512   1410   2170      6      0 
    0     42     32     35      -      -      -      -      -      -   1512    210      0      1      0 
    1    235     65     67     98     16      0      0      0      0   1512   1410   2170      6      0 
    0     42     32     35      -      -      -      -      -      -   1512    210      0      1      0 
    1    237     65     67     98     16      0      0      0      0   1512   1410   2170      6      0 
    0     42     32     35      -      -      -      -      -      -   1512    210      0      1      0 
    1    231     64     67     98     16      0      0      0      0   1512   1410   2170      6      0 
    0     41     32     35      -      -      -      -      -      -   1512    210      0      1      0 
    1    238     65     67     98     16      0      0      0      0   1512   1410   2170      6      0 
    0     41     32     35      -      -      -      -      -      -   1512    210      0      1      0 
    1    227     65     67     98     16      0      0      0      0   1512   1410   2170      6      0 
    0     41     32     35      -      -      -      -      -      -   1512    210      0      1      0 
    1    236     65     67     98     16      0      0      0      0   1512   1410   2170      6      0 
    0     41     32     35      -      -      -      -      -      -   1512    210      0      1      0 
    1    239     64     67     98     17      0      0      0      0   1512   1410   2170      6      0 
    0     41     32     35      -      -      -      -      -      -   1512    210      0      1      0 
    1    230     65     67     98     16      0      0      0      0   1512   1410   2170      6      0 
    0     42     32     37      -      -      -      -      -      -   1512    210      0      1      0 
    1    237     65     67     98     16      0      0      0      0   1512   1410   2170      6      0 
    0     41     32     35      -      -      -      -      -      -   1512    210      0      1      0 
    1    239     65     67     98     17      0      0      0      0   1512   1410   2170      6      0 
    0     42     32     35      -      -      -      -      -      -   1512    210      0      1      0 
    1    238     64     67     98     16      0      0      0      0   1512   1410   2170      6      0 
    0     42     32     35      -      -      -      -      -      -   1512    210      0      1      0 
    1    234     65     67     98     16      0      0      0      0   1512   1410   2170      6      0 
    0     41     32     35      -      -      -      -      -      -   1512    210      0      1      0 
    1    236     65     67     98     16      0      0      0      0   1512   1410   2170      6      0 
    0     41     32     37      -      -      -      -      -      -   1512    210      0      1      0 
    1    233     65     67     98     16      0      0      0      0   1512   1410   2170      6      0 
    0     42     32     35      -      -      -      -      -      -   1512    210      0      1      0 
    1    243     64     67     98     16      0      0      0      0   1512   1410   2170      6      0 
    0     41     32     35      -      -      -      -      -      -   1512    210      0      1      0 
    1    234     65     67     98     16      0      0      0      0   1512   1410   2170      6      0 
# gpu    pwr  gtemp  mtemp     sm    mem    enc    dec    jpg    ofa   mclk   pclk     fb   bar1   ccpm 
# Idx      W      C      C      %      %      %      %      %      %    MHz    MHz     MB     MB     MB 
    0     41     32     35      -      -      -      -      -      -   1512    210      0      1      0 
    1    235     65     67     98     16      0      0      0      0   1512   1410   2170      6      0 
    0     41     32     35      -      -      -      -      -      -   1512    210      0      1      0 
    1    235     65     67     98     16      0      0      0      0   1512   1410   2170      6      0 
    0     42     32     35      -      -      -      -      -      -   1512    210      0      1      0 
    1    233     65     67     98     16      0      0      0      0   1512   1410   2170      6      0 
    0     42     32     35      -      -      -      -      -      -   1512    210      0      1      0 
    1    234     64     67     98     16      0      0      0      0   1512   1410   2170      6      0 
    0     41     32     35      -      -      -      -      -      -   1512    210      0      1      0 
    1    238     65     67     98     16      0      0      0      0   1512   1410   2170      6      0 
    0     41     32     35      -      -      -      -      -      -   1512    210      0      1      0 
    1    235     65     67     98     16      0      0      0      0   1512   1410   2170      6      0 
    0     41     32     35      -      -      -      -      -      -   1512    210      0      1      0 
    1    235     65     67     98     16      0      0      0      0   1512   1410   2170      6      0 
    0     42     32     35      -      -      -      -      -      -   1512    210      0      1      0 
    1    235     64     67     98     16      0      0      0      0   1512   1410   2170      6      0 
    0     41     32     35      -      -      -      -      -      -   1512    210      0      1      0 
    1    231     65     67     98     16      0      0      0      0   1512   1410   2170      6      0 
    0     42     32     35      -      -      -      -      -      -   1512    210      0      1      0 
    1    235     65     67     98     16      0      0      0      0   1512   1410   2170      6      0 
    0     42     32     35      -      -      -      -      -      -   1512    210      0      1      0 
    1    238     65     67     98     16      0      0      0      0   1512   1410   2170      6      0 
    0     42     32     35      -      -      -      -      -      -   1512    210      0      1      0 
    1    238     65     67     98     17      0      0      0      0   1512   1410   2170      6      0 
    0     41     32     35      -      -      -      -      -      -   1512    210      0      1      0 
    1    236     65     67     98     16      0      0      0      0   1512   1410   2170      6      0 
    0     42     32     35      -      -      -      -      -      -   1512    210      0      1      0 
    1    240     65     67     98     17      0      0      0      0   1512   1410   2170      6      0 
    0     42     32     35      -      -      -      -      -      -   1512    210      0      1      0 
    1    236     65     67     98     16      0      0      0      0   1512   1410   2170      6      0 
    0     41     32     35      -      -      -      -      -      -   1512    210      0      1      0 
    1    231     64     67     98     16      0      0      0      0   1512   1410   2170      6      0 
    0     41     32     35      -      -      -      -      -      -   1512    210      0      1      0 
    1    228     65     67     98     16      0      0      0      0   1512   1410   2170      6      0 
    0     42     32     37      -      -      -      -      -      -   1512    210      0      1      0 
    1    231     65     67     98     17      0      0      0      0   1512   1410   2170      6      0 
    0     42     32     35      -      -      -      -      -      -   1512    210      0      1      0 
    1    236     65     67     98     16      0      0      0      0   1512   1410   2170      6      0 
    0     42     32     35      -      -      -      -      -      -   1512    210      0      1      0 
    1    237     65     67     98     16      0      0      0      0   1512   1410   2170      6      0 
    0     41     32     35      -      -      -      -      -      -   1512    210      0      1      0 
    1    230     64     67     98     17      0      0      0      0   1512   1410   2170      6      0 
    0     42     32     35      -      -      -      -      -      -   1512    210      0      1      0 
    1    238     65     67     98     17      0      0      0      0   1512   1410   2170      6      0 
# gpu    pwr  gtemp  mtemp     sm    mem    enc    dec    jpg    ofa   mclk   pclk     fb   bar1   ccpm 
# Idx      W      C      C      %      %      %      %      %      %    MHz    MHz     MB     MB     MB 
    0     41     32     35      -      -      -      -      -      -   1512    210      0      1      0 
    1    230     65     67     98     16      0      0      0      0   1512   1410   2170      6      0 
    0     41     32     35      -      -      -      -      -      -   1512    210      0      1      0 
    1    236     65     67     98     16      0      0      0      0   1512   1410   2170      6      0 
    0     42     32     35      -      -      -      -      -      -   1512    210      0      1      0 
    1    234     64     67     98     16      0      0      0      0   1512   1410   2170      6      0 
    0     41     32     35      -      -      -      -      -      -   1512    210      0      1      0 
    1    240     65     67     98     17      0      0      0      0   1512   1410   2170      6      0 
    0     41     32     35      -      -      -      -      -      -   1512    210      0      1      0 
    1    241     65     67     98     16      0      0      0      0   1512   1410   2170      6      0 
    0     42     32     35      -      -      -      -      -      -   1512    210      0      1      0 
    1    239     65     67     98     16      0      0      0      0   1512   1410   2170      6      0 
    0     42     32     35      -      -      -      -      -      -   1512    210      0      1      0 
    1    239     64     67     98     16      0      0      0      0   1512   1410   2170      6      0 
    0     42     32     35      -      -      -      -      -      -   1512    210      0      1      0 
    1    234     65     67     98     17      0      0      0      0   1512   1410   2170      6      0 
    0     41     32     35      -      -      -      -      -      -   1512    210      0      1      0 
    1    236     65     67     98     17      0      0      0      0   1512   1410   2170      6      0 
    0     42     32     35      -      -      -      -      -      -   1512    210      0      1      0 
    1    238     65     67     98     16      0      0      0      0   1512   1410   2170      6      0 
    0     41     32     35      -      -      -      -      -      -   1512    210      0      1      0 
    1    235     64     67     98     17      0      0      0      0   1512   1410   2170      6      0 
    0     42     32     35      -      -      -      -      -      -   1512    210      0      1      0 
    1    232     65     67     98     17      0      0      0      0   1512   1410   2170      6      0 
    0     42     32     35      -      -      -      -      -      -   1512    210      0      1      0 
    1    240     65     67     98     17      0      0      0      0   1512   1410   2170      6      0 
    0     42     32     35      -      -      -      -      -      -   1512    210      0      1      0 
    1    243     65     67     98     16      0      0      0      0   1512   1410   2170      6      0 
    0     41     32     35      -      -      -      -      -      -   1512    210      0      1      0 
    1    239     64     67     98     16      0      0      0      0   1512   1410   2170      6      0 
    0     42     32     35      -      -      -      -      -      -   1512    210      0      1      0 
    1    234     64     67     98     16      0      0      0      0   1512   1410   2170      6      0 
    0     42     32     35      -      -      -      -      -      -   1512    210      0      1      0 
    1    241     65     67     98     16      0      0      0      0   1512   1410   2170      6      0 
    0     41     32     35      -      -      -      -      -      -   1512    210      0      1      0 
    1    235     65     67     98     16      0      0      0      0   1512   1410   2170      6      0 
    0     41     32     35      -      -      -      -      -      -   1512    210      0      1      0 
    1    238     64     67     98     17      0      0      0      0   1512   1410   2170      6      0 
    0     42     32     35      -      -      -      -      -      -   1512    210      0      1      0 
    1    238     65     67     98     16      0      0      0      0   1512   1410   2170      6      0 
    0     42     32     35      -      -      -      -      -      -   1512    210      0      1      0 
    1    235     65     67     98     16      0      0      0      0   1512   1410   2170      6      0 
    0     41     32     35      -      -      -      -      -      -   1512    210      0      1      0 
    1    229     65     67     98     16      0      0      0      0   1512   1410   2170      6      0 
# gpu    pwr  gtemp  mtemp     sm    mem    enc    dec    jpg    ofa   mclk   pclk     fb   bar1   ccpm 
# Idx      W      C      C      %      %      %      %      %      %    MHz    MHz     MB     MB     MB 
    0     42     32     35      -      -      -      -      -      -   1512    210      0      1      0 
    1    229     64     67     98     16      0      0      0      0   1512   1410   2170      6      0 
    0     41     32     35      -      -      -      -      -      -   1512    210      0      1      0 
    1    235     65     67     98     16      0      0      0      0   1512   1410   2170      6      0 
    0     43     32     37      -      -      -      -      -      -   1512    210      0      1      0 
    1    237     65     67     98     16      0      0      0      0   1512   1410   2170      6      0 
    0     41     32     37      -      -      -      -      -      -   1512    210      0      1      0 
    1    231     65     67     98     17      0      0      0      0   1512   1410   2170      6      0 
    0     42     32     35      -      -      -      -      -      -   1512    210      0      1      0 
    1    237     64     67     98     16      0      0      0      0   1512   1410   2170      6      0 
    0     42     32     35      -      -      -      -      -      -   1512    210      0      1      0 
    1    225     65     67     98     17      0      0      0      0   1512   1410   2170      6      0 
    0     42     32     35      -      -      -      -      -      -   1512    210      0      1      0 
    1    231     65     67     98     16      0      0      0      0   1512   1410   2170      6      0 
    0     41     32     35      -      -      -      -      -      -   1512    210      0      1      0 
    1    234     65     67     98     16      0      0      0      0   1512   1410   2170      6      0 
    0     41     32     35      -      -      -      -      -      -   1512    210      0      1      0 
    1    233     65     67     98     16      0      0      0      0   1512   1410   2170      6      0 
    0     41     32     35      -      -      -      -      -      -   1512    210      0      1      0 
    1    230     64     67     98     16      0      0      0      0   1512   1410   2170      6      0 
    0     42     32     37      -      -      -      -      -      -   1512    210      0      1      0 
    1    231     65     67     98     17      0      0      0      0   1512   1410   2170      6      0 
    0     41     32     35      -      -      -      -      -      -   1512    210      0      1      0 
    1    233     65     67     98     17      0      0      0      0   1512   1410   2170      6      0 
    0     42     32     35      -      -      -      -      -      -   1512    210      0      1      0 
    1    234     64     67     98     16      0      0      0      0   1512   1410   2170      6      0 
    0     42     32     35      -      -      -      -      -      -   1512    210      0      1      0 
    1    241     64     67     98     16      0      0      0      0   1512   1410   2170      6      0 
    0     42     32     35      -      -      -      -      -      -   1512    210      0      1      0 
    1    239     65     67     98     16      0      0      0      0   1512   1410   2170      6      0 
    0     41     32     35      -      -      -      -      -      -   1512    210      0      1      0 
    1    241     65     67     98     16      0      0      0      0   1512   1410   2170      6      0 
    0     42     32     35      -      -      -      -      -      -   1512    210      0      1      0 
    1    236     65     67     98     16      0      0      0      0   1512   1410   2170      6      0 
    0     41     32     35      -      -      -      -      -      -   1512    210      0      1      0 
    1    236     64     67     98     17      0      0      0      0   1512   1410   2170      6      0 
    0     41     32     35      -      -      -      -      -      -   1512    210      0      1      0 
    1    232     65     67     98     16      0      0      0      0   1512   1410   2170      6      0 
    0     42     32     35      -      -      -      -      -      -   1512    210      0      1      0 
    1    238     65     67     98     17      0      0      0      0   1512   1410   2170      6      0 
    0     42     32     35      -      -      -      -      -      -   1512    210      0      1      0 
    1    235     65     67     98     16      0      0      0      0   1512   1410   2170      6      0 
    0     42     32     37      -      -      -      -      -      -   1512    210      0      1      0 
    1    236     64     67     98     16      0      0      0      0   1512   1410   2170      6      0 
# gpu    pwr  gtemp  mtemp     sm    mem    enc    dec    jpg    ofa   mclk   pclk     fb   bar1   ccpm 
# Idx      W      C      C      %      %      %      %      %      %    MHz    MHz     MB     MB     MB 
    0     41     32     37      -      -      -      -      -      -   1512    210      0      1      0 
    1    232     65     67     98     16      0      0      0      0   1512   1410   2170      6      0 
    0     42     32     35      -      -      -      -      -      -   1512    210      0      1      0 
    1    244     65     67     98     16      0      0      0      0   1512   1410   2170      6      0 
    0     41     32     35      -      -      -      -      -      -   1512    210      0      1      0 
    1    238     65     67     98     17      0      0      0      0   1512   1410   2170      6      0 
    0     41     32     35      -      -      -      -      -      -   1512    210      0      1      0 
    1    237     64     67     98     17      0      0      0      0   1512   1410   2170      6      0 
    0     41     32     37      -      -      -      -      -      -   1512    210      0      1      0 
    1    240     65     67     98     16      0      0      0      0   1512   1410   2170      6      0 
    0     41     32     37      -      -      -      -      -      -   1512    210      0      1      0 
    1    239     65     67     98     17      0      0      0      0   1512   1410   2170      6      0 
    0     41     32     35      -      -      -      -      -      -   1512    210      0      1      0 
    1    234     65     67     98     16      0      0      0      0   1512   1410   2170      6      0 
    0     42     32     35      -      -      -      -      -      -   1512    210      0      1      0 
    1    230     64     67     98     16      0      0      0      0   1512   1410   2170      6      0 
    0     42     32     35      -      -      -      -      -      -   1512    210      0      1      0 
    1    237     65     67     98     16      0      0      0      0   1512   1410   2170      6      0 
    0     42     32     37      -      -      -      -      -      -   1512    210      0      1      0 
    1    236     65     67     98     17      0      0      0      0   1512   1410   2170      6      0 
    0     42     32     35      -      -      -      -      -      -   1512    210      0      1      0 
    1    239     65     67     98     17      0      0      0      0   1512   1410   2170      6      0 
    0     42     32     35      -      -      -      -      -      -   1512    210      0      1      0 
    1    237     64     67     98     16      0      0      0      0   1512   1410   2170      6      0 
    0     42     32     35      -      -      -      -      -      -   1512    210      0      1      0 
    1    235     65     67     98     16      0      0      0      0   1512   1410   2170      6      0 
    0     42     32     37      -      -      -      -      -      -   1512    210      0      1      0 
    1    244     65     67     98     16      0      0      0      0   1512   1410   2170      6      0 
    0     42     32     35      -      -      -      -      -      -   1512    210      0      1      0 
    1    239     65     67     98     17      0      0      0      0   1512   1410   2170      6      0 
    0     42     32     35      -      -      -      -      -      -   1512    210      0      1      0 
    1    234     64     67     98     16      0      0      0      0   1512   1410   2170      6      0 
    0     42     32     35      -      -      -      -      -      -   1512    210      0      1      0 
    1    237     65     67     98     17      0      0      0      0   1512   1410   2170      6      0 
    0     42     32     37      -      -      -      -      -      -   1512    210      0      1      0 
    1    240     66     67     98     17      0      0      0      0   1512   1410   2170      6      0 
    0     41     32     35      -      -      -      -      -      -   1512    210      0      1      0 
    1    239     65     67     98     16      0      0      0      0   1512   1410   2170      6      0 
    0     42     32     35      -      -      -      -      -      -   1512    210      0      1      0 
    1    236     65     67     98     16      0      0      0      0   1512   1410   2170      6      0 
    0     41     32     35      -      -      -      -      -      -   1512    210      0      1      0 
    1    236     64     67     98     16      0      0      0      0   1512   1410   2170      6      0 
    0     41     32     35      -      -      -      -      -      -   1512    210      0      1      0 
    1    239     65     67     98     16      0      0      0      0   1512   1410   2170      6      0 
# gpu    pwr  gtemp  mtemp     sm    mem    enc    dec    jpg    ofa   mclk   pclk     fb   bar1   ccpm 
# Idx      W      C      C      %      %      %      %      %      %    MHz    MHz     MB     MB     MB 
    0     42     32     35      -      -      -      -      -      -   1512    210      0      1      0 
    1    239     65     67     98     17      0      0      0      0   1512   1410   2170      6      0 
    0     42     32     35      -      -      -      -      -      -   1512    210      0      1      0 
    1    238     65     67     98     17      0      0      0      0   1512   1410   2170      6      0 
    0     41     32     35      -      -      -      -      -      -   1512    210      0      1      0 
    1    240     64     67     98     17      0      0      0      0   1512   1410   2170      6      0 
    0     42     32     35      -      -      -      -      -      -   1512    210      0      1      0 
    1    238     65     67     98     16      0      0      0      0   1512   1410   2170      6      0 
    0     42     32     35      -      -      -      -      -      -   1512    210      0      1      0 
    1    242     65     67     98     16      0      0      0      0   1512   1410   2170      6      0 
    0     42     32     35      -      -      -      -      -      -   1512    210      0      1      0 
    1    236     65     67     98     16      0      0      0      0   1512   1410   2170      6      0 
    0     41     32     35      -      -      -      -      -      -   1512    210      0      1      0 
    1    240     64     67     98     16      0      0      0      0   1512   1410   2170      6      0 
    0     41     32     35      -      -      -      -      -      -   1512    210      0      1      0 
    1    240     65     67     98     17      0      0      0      0   1512   1410   2170      6      0 
    0     41     32     35      -      -      -      -      -      -   1512    210      0      1      0 
    1    237     65     67     98     16      0      0      0      0   1512   1410   2170      6      0 
    0     42     32     35      -      -      -      -      -      -   1512    210      0      1      0 
    1    239     65     67     98     16      0      0      0      0   1512   1410   2170      6      0 
    0     42     32     35      -      -      -      -      -      -   1512    210      0      1      0 
    1    232     64     67     98     16      0      0      0      0   1512   1410   2170      6      0 
    0     41     32     35      -      -      -      -      -      -   1512    210      0      1      0 
    1    234     65     67     98     16      0      0      0      0   1512   1410   2170      6      0 
    0     41     32     37      -      -      -      -      -      -   1512    210      0      1      0 
    1    233     65     67     98     16      0      0      0      0   1512   1410   2170      6      0 
    0     42     32     35      -      -      -      -      -      -   1512    210      0      1      0 
    1    239     65     67     98     16      0      0      0      0   1512   1410   2170      6      0 
    0     41     32     37      -      -      -      -      -      -   1512    210      0      1      0 
    1    227     64     67     98     17      0      0      0      0   1512   1410   2170      6      0 
    0     42     32     35      -      -      -      -      -      -   1512    210      0      1      0 
    1    238     64     67     98     17      0      0      0      0   1512   1410   2170      6      0 
    0     42     32     37      -      -      -      -      -      -   1512    210      0      1      0 
    1    235     65     67     98     16      0      0      0      0   1512   1410   2170      6      0 
    0     42     32     35      -      -      -      -      -      -   1512    210      0      1      0 
    1    234     65     67     98     16      0      0      0      0   1512   1410   2170      6      0 
    0     41     32     35      -      -      -      -      -      -   1512    210      0      1      0 
    1    238     65     67     98     16      0      0      0      0   1512   1410   2170      6      0 
    0     42     32     35      -      -      -      -      -      -   1512    210      0      1      0 
    1    231     64     67     98     16      0      0      0      0   1512   1410   2170      6      0 
    0     41     32     37      -      -      -      -      -      -   1512    210      0      1      0 
    1    228     65     67     98     16      0      0      0      0   1512   1410   2170      6      0 
    0     41     32     37      -      -      -      -      -      -   1512    210      0      1      0 
    1    238     65     67     98     17      0      0      0      0   1512   1410   2170      6      0 
# gpu    pwr  gtemp  mtemp     sm    mem    enc    dec    jpg    ofa   mclk   pclk     fb   bar1   ccpm 
# Idx      W      C      C      %      %      %      %      %      %    MHz    MHz     MB     MB     MB 
    0     41     32     35      -      -      -      -      -      -   1512    210      0      1      0 
    1    236     65     67     98     16      0      0      0      0   1512   1410   2170      6      0 
    0     42     32     35      -      -      -      -      -      -   1512    210      0      1      0 
    1    241     64     67     98     17      0      0      0      0   1512   1410   2170      6      0 
    0     41     32     35      -      -      -      -      -      -   1512    210      0      1      0 
    1    234     65     67     98     17      0      0      0      0   1512   1410   2170      6      0 
    0     42     32     35      -      -      -      -      -      -   1512    210      0      1      0 
    1    241     65     67     98     16      0      0      0      0   1512   1410   2170      6      0 
    0     41     32     35      -      -      -      -      -      -   1512    210      0      1      0 
    1    239     65     67     98     16      0      0      0      0   1512   1410   2170      6      0 
    0     41     32     35      -      -      -      -      -      -   1512    210      0      1      0 
    1    235     65     67     98     16      0      0      0      0   1512   1410   2170      6      0 
    0     41     32     35      -      -      -      -      -      -   1512    210      0      1      0 
    1    236     65     67     98     16      0      0      0      0   1512   1410   2170      6      0 
    0     41     32     37      -      -      -      -      -      -   1512    210      0      1      0 
    1    242     65     67     98     16      0      0      0      0   1512   1410   2170      6      0 
    0     41     32     37      -      -      -      -      -      -   1512    210      0      1      0 
    1    237     65     67     98     16      0      0      0      0   1512   1410   2170      6      0 
    0     41     32     35      -      -      -      -      -      -   1512    210      0      1      0 
    1    241     65     67     98     17      0      0      0      0   1512   1410   2170      6      0 
    0     41     32     37      -      -      -      -      -      -   1512    210      0      1      0 
    1    235     64     67     98     16      0      0      0      0   1512   1410   2170      6      0 
    0     42     32     37      -      -      -      -      -      -   1512    210      0      1      0 
    1    237     65     67     98     16      0      0      0      0   1512   1410   2170      6      0 
    0     42     32     35      -      -      -      -      -      -   1512    210      0      1      0 
    1    237     65     67     98     16      0      0      0      0   1512   1410   2170      6      0 
    0     41     32     35      -      -      -      -      -      -   1512    210      0      1      0 
    1    227     65     67     98     16      0      0      0      0   1512   1410   2170      6      0 
    0     42     32     35      -      -      -      -      -      -   1512    210      0      1      0 
    1    233     64     67     98     16      0      0      0      0   1512   1410   2170      6      0 
    0     42     32     37      -      -      -      -      -      -   1512    210      0      1      0 
    1    236     65     67     98     16      0      0      0      0   1512   1410   2170      6      0 
    0     41     32     37      -      -      -      -      -      -   1512    210      0      1      0 
    1    238     65     67     98     16      0      0      0      0   1512   1410   2170      6      0 
    0     41     32     37      -      -      -      -      -      -   1512    210      0      1      0 
    1    238     65     67     98     16      0      0      0      0   1512   1410   2170      6      0 
    0     41     32     35      -      -      -      -      -      -   1512    210      0      1      0 
    1    234     65     67     98     16      0      0      0      0   1512   1410   2170      6      0 
    0     41     32     35      -      -      -      -      -      -   1512    210      0      1      0 
    1    240     64     67     98     16      0      0      0      0   1512   1410   2170      6      0 
    0     42     32     37      -      -      -      -      -      -   1512    210      0      1      0 
    1    229     65     67     98     16      0      0      0      0   1512   1410   2170      6      0 
    0     41     32     37      -      -      -      -      -      -   1512    210      0      1      0 
    1    238     65     67     98     16      0      0      0      0   1512   1410   2170      6      0 
# gpu    pwr  gtemp  mtemp     sm    mem    enc    dec    jpg    ofa   mclk   pclk     fb   bar1   ccpm 
# Idx      W      C      C      %      %      %      %      %      %    MHz    MHz     MB     MB     MB 
    0     41     32     35      -      -      -      -      -      -   1512    210      0      1      0 
    1    226     65     67     98     16      0      0      0      0   1512   1410   2170      6      0 
    0     42     32     35      -      -      -      -      -      -   1512    210      0      1      0 
    1    235     64     67     98     16      0      0      0      0   1512   1410   2170      6      0 
    0     42     32     37      -      -      -      -      -      -   1512    210      0      1      0 
    1    230     65     67     98     17      0      0      0      0   1512   1410   2170      6      0 
    0     41     32     37      -      -      -      -      -      -   1512    210      0      1      0 
    1    240     65     67     98     16      0      0      0      0   1512   1410   2170      6      0 
    0     41     32     35      -      -      -      -      -      -   1512    210      0      1      0 
    1    229     65     67     98     16      0      0      0      0   1512   1410   2170      6      0 
    0     42     32     35      -      -      -      -      -      -   1512    210      0      1      0 
    1    239     64     67     98     16      0      0      0      0   1512   1410   2170      6      0 
    0     42     32     35      -      -      -      -      -      -   1512    210      0      1      0 
    1    232     65     67     98     16      0      0      0      0   1512   1410   2170      6      0 
    0     41     32     37      -      -      -      -      -      -   1512    210      0      1      0 
    1    234     65     67     98     17      0      0      0      0   1512   1410   2170      6      0 
    0     41     32     35      -      -      -      -      -      -   1512    210      0      1      0 
    1    230     65     67     98     17      0      0      0      0   1512   1410   2170      6      0 
    0     42     32     35      -      -      -      -      -      -   1512    210      0      1      0 
    1    236     64     67     98     17      0      0      0      0   1512   1410   2170      6      0 
    0     42     32     35      -      -      -      -      -      -   1512    210      0      1      0 
    1    236     65     67     98     16      0      0      0      0   1512   1410   2170      6      0 
    0     42     32     37      -      -      -      -      -      -   1512    210      0      1      0 
    1    239     65     67     98     16      0      0      0      0   1512   1410   2170      6      0 
    0     41     32     37      -      -      -      -      -      -   1512    210      0      1      0 
    1    238     65     67     98     16      0      0      0      0   1512   1410   2170      6      0 
    0     41     32     35      -      -      -      -      -      -   1512    210      0      1      0 
    1    242     65     67     98     17      0      0      0      0   1512   1410   2170      6      0 
    0     41     32     35      -      -      -      -      -      -   1512    210      0      1      0 
    1    235     64     67     98     16      0      0      0      0   1512   1410   2170      6      0 
    0     41     32     35      -      -      -      -      -      -   1512    210      0      1      0 
    1    232     65     67     98     17      0      0      0      0   1512   1410   2170      6      0 
    0     42     32     37      -      -      -      -      -      -   1512    210      0      1      0 
    1    242     65     67     98     16      0      0      0      0   1512   1410   2170      6      0 
    0     42     32     35      -      -      -      -      -      -   1512    210      0      1      0 
    1    233     65     67     98     16      0      0      0      0   1512   1410   2170      6      0 
    0     41     32     35      -      -      -      -      -      -   1512    210      0      1      0 
    1    237     64     67     98     16      0      0      0      0   1512   1410   2170      6      0 
    0     41     32     35      -      -      -      -      -      -   1512    210      0      1      0 
    1    245     65     67     98     16      0      0      0      0   1512   1410   2170      6      0 
    0     42     32     37      -      -      -      -      -      -   1512    210      0      1      0 
    1    236     65     67     98     17      0      0      0      0   1512   1410   2170      6      0 
    0     42     32     37      -      -      -      -      -      -   1512    210      0      1      0 
    1    235     65     67     98     17      0      0      0      0   1512   1410   2170      6      0 
# gpu    pwr  gtemp  mtemp     sm    mem    enc    dec    jpg    ofa   mclk   pclk     fb   bar1   ccpm 
# Idx      W      C      C      %      %      %      %      %      %    MHz    MHz     MB     MB     MB 
    0     42     32     35      -      -      -      -      -      -   1512    210      0      1      0 
    1    242     64     67     98     16      0      0      0      0   1512   1410   2170      6      0 
    0     42     32     35      -      -      -      -      -      -   1512    210      0      1      0 
    1    235     65     67     98     16      0      0      0      0   1512   1410   2170      6      0 
    0     42     32     37      -      -      -      -      -      -   1512    210      0      1      0 
    1    237     65     67     98     16      0      0      0      0   1512   1410   2170      6      0 
    0     41     32     35      -      -      -      -      -      -   1512    210      0      1      0 
    1    234     65     67     98     16      0      0      0      0   1512   1410   2170      6      0 
    0     41     32     37      -      -      -      -      -      -   1512    210      0      1      0 
    1    236     64     67     98     16      0      0      0      0   1512   1410   2170      6      0 
    0     42     32     35      -      -      -      -      -      -   1512    210      0      1      0 
    1    235     64     67     98     17      0      0      0      0   1512   1410   2170      6      0 
    0     41     32     37      -      -      -      -      -      -   1512    210      0      1      0 
    1    236     65     67     98     16      0      0      0      0   1512   1410   2170      6      0 
    0     42     32     35      -      -      -      -      -      -   1512    210      0      1      0 
    1    239     65     67     98     17      0      0      0      0   1512   1410   2170      6      0 
    0     41     32     35      -      -      -      -      -      -   1512    210      0      1      0 
    1    237     65     67     98     16      0      0      0      0   1512   1410   2170      6      0 
    0     41     32     35      -      -      -      -      -      -   1512    210      0      1      0 
    1    237     64     67     98     16      0      0      0      0   1512   1410   2170      6      0 
    0     41     32     37      -      -      -      -      -      -   1512    210      0      1      0 
    1    241     65     67     98     16      0      0      0      0   1512   1410   2170      6      0 
    0     42     32     37      -      -      -      -      -      -   1512    210      0      1      0 
    1    230     65     67     98     16      0      0      0      0   1512   1410   2170      6      0 
    0     42     32     35      -      -      -      -      -      -   1512    210      0      1      0 
    1    243     65     67     98     16      0      0      0      0   1512   1410   2170      6      0 
    0     42     32     35      -      -      -      -      -      -   1512    210      0      1      0 
    1    233     64     67     98     17      0      0      0      0   1512   1410   2170      6      0 
    0     42     32     37      -      -      -      -      -      -   1512    210      0      1      0 
    1    230     65     67     98     16      0      0      0      0   1512   1410   2170      6      0 
    0     42     32     37      -      -      -      -      -      -   1512    210      0      1      0 
    1    240     65     67     98     16      0      0      0      0   1512   1410   2170      6      0 
    0     42     32     37      -      -      -      -      -      -   1512    210      0      1      0 
    1    235     65     67     98     16      0      0      0      0   1512   1410   2170      6      0 
    0     42     32     35      -      -      -      -      -      -   1512    210      0      1      0 
    1    229     64     67     98     16      0      0      0      0   1512   1410   2170      6      0 
    0     43     32     37      -      -      -      -      -      -   1512    210      0      1      0 
    1    230     65     67     98     17      0      0      0      0   1512   1410   2170      6      0 
    0     41     32     37      -      -      -      -      -      -   1512    210      0      1      0 
    1    237     65     67     98     16      0      0      0      0   1512   1410   2170      6      0 
    0     41     32     35      -      -      -      -      -      -   1512    210      0      1      0 
    1    227     65     67     98     17      0      0      0      0   1512   1410   2170      6      0 
    0     42     32     35      -      -      -      -      -      -   1512    210      0      1      0 
    1    241     64     67     98     17      0      0      0      0   1512   1410   2170      6      0 
# gpu    pwr  gtemp  mtemp     sm    mem    enc    dec    jpg    ofa   mclk   pclk     fb   bar1   ccpm 
# Idx      W      C      C      %      %      %      %      %      %    MHz    MHz     MB     MB     MB 
    0     42     32     37      -      -      -      -      -      -   1512    210      0      1      0 
    1    238     65     67     98     16      0      0      0      0   1512   1410   2170      6      0 
    0     42     32     37      -      -      -      -      -      -   1512    210      0      1      0 
    1    234     65     67     98     16      0      0      0      0   1512   1410   2170      6      0 
    0     42     32     35      -      -      -      -      -      -   1512    210      0      1      0 
    1    242     65     67     98     16      0      0      0      0   1512   1410   2170      6      0 
    0     42     32     35      -      -      -      -      -      -   1512    210      0      1      0 
    1    241     65     67     98     17      0      0      0      0   1512   1410   2170      6      0 
    0     41     32     35      -      -      -      -      -      -   1512    210      0      1      0 
    1    233     65     67     98     17      0      0      0      0   1512   1410   2170      6      0 
    0     42     32     37      -      -      -      -      -      -   1512    210      0      1      0 
    1    234     65     67     98     16      0      0      0      0   1512   1410   2170      6      0 
    0     42     32     35      -      -      -      -      -      -   1512    210      0      1      0 
    1    237     65     67     98     16      0      0      0      0   1512   1410   2170      6      0 
    0     41     32     35      -      -      -      -      -      -   1512    210      0      1      0 
    1    235     64     67     98     16      0      0      0      0   1512   1410   2170      6      0 
    0     41     32     35      -      -      -      -      -      -   1512    210      0      1      0 
    1    229     65     67     98     17      0      0      0      0   1512   1410   2170      6      0 
    0     41     32     37      -      -      -      -      -      -   1512    210      0      1      0 
    1    234     65     67     98     16      0      0      0      0   1512   1410   2170      6      0 
    0     42     32     35      -      -      -      -      -      -   1512    210      0      1      0 
    1    231     65     67     98     16      0      0      0      0   1512   1410   2170      6      0 
    0     42     32     35      -      -      -      -      -      -   1512    210      0      1      0 
    1    234     65     67     98     16      0      0      0      0   1512   1410   2170      6      0 
    0     41     32     37      -      -      -      -      -      -   1512    210      0      1      0 
    1    234     65     67     98     17      0      0      0      0   1512   1410   2170      6      0 
    0     42     32     37      -      -      -      -      -      -   1512    210      0      1      0 
    1    235     65     67     98     16      0      0      0      0   1512   1410   2170      6      0 
    0     42     32     35      -      -      -      -      -      -   1512    210      0      1      0 
    1    239     65     67     98     17      0      0      0      0   1512   1410   2170      6      0 
    0     41     32     35      -      -      -      -      -      -   1512    210      0      1      0 
    1    240     65     67     98     16      0      0      0      0   1512   1410   2170      6      0 
    0     41     32     35      -      -      -      -      -      -   1512    210      0      1      0 
    1    242     64     67     98     16      0      0      0      0   1512   1410   2170      6      0 
    0     42     32     37      -      -      -      -      -      -   1512    210      0      1      0 
    1    227     65     67     98     16      0      0      0      0   1512   1410   2170      6      0 
    0     41     32     37      -      -      -      -      -      -   1512    210      0      1      0 
    1    229     65     67     98     16      0      0      0      0   1512   1410   2170      6      0 
    0     41     32     35      -      -      -      -      -      -   1512    210      0      1      0 
    1    238     65     67     98     17      0      0      0      0   1512   1410   2170      6      0 
    0     42     32     35      -      -      -      -      -      -   1512    210      0      1      0 
    1    233     64     67     98     16      0      0      0      0   1512   1410   2170      6      0 
    0     42     32     37      -      -      -      -      -      -   1512    210      0      1      0 
    1    229     65     67     98     16      0      0      0      0   1512   1410   2170      6      0 
# gpu    pwr  gtemp  mtemp     sm    mem    enc    dec    jpg    ofa   mclk   pclk     fb   bar1   ccpm 
# Idx      W      C      C      %      %      %      %      %      %    MHz    MHz     MB     MB     MB 
    0     42     32     37      -      -      -      -      -      -   1512    210      0      1      0 
    1    232     65     67     98     16      0      0      0      0   1512   1410   2170      6      0 
    0     42     32     37      -      -      -      -      -      -   1512    210      0      1      0 
    1    238     65     67     98     16      0      0      0      0   1512   1410   2170      6      0 
    0     41     32     35      -      -      -      -      -      -   1512    210      0      1      0 
    1    226     64     67     98     16      0      0      0      0   1512   1410   2170      6      0 
    0     41     32     37      -      -      -      -      -      -   1512    210      0      1      0 
    1    243     65     67     98     16      0      0      0      0   1512   1410   2170      6      0 
    0     41     32     37      -      -      -      -      -      -   1512    210      0      1      0 
    1    235     65     67     98     16      0      0      0      0   1512   1410   2170      6      0 
    0     42     32     37      -      -      -      -      -      -   1512    210      0      1      0 
    1    235     65     67     98     16      0      0      0      0   1512   1410   2170      6      0 
    0     41     32     35      -      -      -      -      -      -   1512    210      0      1      0 
    1    240     64     67     98     17      0      0      0      0   1512   1410   2170      6      0 
    0     41     32     35      -      -      -      -      -      -   1512    210      0      1      0 
    1    222     64     67     98     16      0      0      0      0   1512   1410   2170      6      0 
    0     42     32     35      -      -      -      -      -      -   1512    210      0      1      0 
    1    232     65     67     98     16      0      0      0      0   1512   1410   2170      6      0 
    0     41     32     35      -      -      -      -      -      -   1512    210      0      1      0 
    1    235     65     67     98     16      0      0      0      0   1512   1410   2170      6      0 
    0     41     32     37      -      -      -      -      -      -   1512    210      0      1      0 
    1    234     65     67     98     16      0      0      0      0   1512   1410   2170      6      0 
    0     41     32     35      -      -      -      -      -      -   1512    210      0      1      0 
    1    232     64     67     98     16      0      0      0      0   1512   1410   2170      6      0 
    0     41     32     37      -      -      -      -      -      -   1512    210      0      1      0 
    1    231     65     67     98     16      0      0      0      0   1512   1410   2170      6      0 
    0     41     32     37      -      -      -      -      -      -   1512    210      0      1      0 
    1    240     65     67     98     16      0      0      0      0   1512   1410   2170      6      0 
    0     42     32     35      -      -      -      -      -      -   1512    210      0      1      0 
    1    238     65     67     98     16      0      0      0      0   1512   1410   2170      6      0 
    0     41     32     35      -      -      -      -      -      -   1512    210      0      1      0 
    1    234     64     67     98     16      0      0      0      0   1512   1410   2170      6      0 
    0     42     32     35      -      -      -      -      -      -   1512    210      0      1      0 
    1    237     65     67     98     16      0      0      0      0   1512   1410   2170      6      0 
    0     41     32     37      -      -      -      -      -      -   1512    210      0      1      0 
    1    236     65     67     98     17      0      0      0      0   1512   1410   2170      6      0 
    0     42     32     35      -      -      -      -      -      -   1512    210      0      1      0 
    1    239     65     67     98     17      0      0      0      0   1512   1410   2170      6      0 
    0     41     32     35      -      -      -      -      -      -   1512    210      0      1      0 
    1    232     64     67     98     17      0      0      0      0   1512   1410   2170      6      0 
    0     41     32     37      -      -      -      -      -      -   1512    210      0      1      0 
    1    239     65     67     98     19      0      0      0      0   1512   1410   2170      6      0 
    0     41     32     37      -      -      -      -      -      -   1512    210      0      1      0 
    1    230     65     67     98     17      0      0      0      0   1512   1410   2170      6      0 
# gpu    pwr  gtemp  mtemp     sm    mem    enc    dec    jpg    ofa   mclk   pclk     fb   bar1   ccpm 
# Idx      W      C      C      %      %      %      %      %      %    MHz    MHz     MB     MB     MB 
    0     41     32     35      -      -      -      -      -      -   1512    210      0      1      0 
    1    232     65     67     98     17      0      0      0      0   1512   1410   2170      6      0 
    0     41     32     35      -      -      -      -      -      -   1512    210      0      1      0 
    1    235     64     67     98     16      0      0      0      0   1512   1410   2170      6      0 
    0     42     32     35      -      -      -      -      -      -   1512    210      0      1      0 
    1    229     65     67     98     16      0      0      0      0   1512   1410   2170      6      0 
    0     41     32     37      -      -      -      -      -      -   1512    210      0      1      0 
    1    243     65     67     98     16      0      0      0      0   1512   1410   2170      6      0 
    0     41     32     37      -      -      -      -      -      -   1512    210      0      1      0 
    1    236     65     67     98     17      0      0      0      0   1512   1410   2170      6      0 
    0     41     32     35      -      -      -      -      -      -   1512    210      0      1      0 
    1    238     65     67     98     16      0      0      0      0   1512   1410   2170      6      0 
    0     41     32     35      -      -      -      -      -      -   1512    210      0      1      0 
    1    237     64     67     98     16      0      0      0      0   1512   1410   2170      6      0 
    0     41     32     37      -      -      -      -      -      -   1512    210      0      1      0 
    1    243     65     67     98     16      0      0      0      0   1512   1410   2170      6      0 
    0     42     32     37      -      -      -      -      -      -   1512    210      0      1      0 
    1    230     65     67     98     16      0      0      0      0   1512   1410   2170      6      0 
    0     41     32     37      -      -      -      -      -      -   1512    210      0      1      0 
    1    237     65     67     98     16      0      0      0      0   1512   1410   2170      6      0 
    0     42     32     35      -      -      -      -      -      -   1512    210      0      1      0 
    1    234     64     67     98     17      0      0      0      0   1512   1410   2170      6      0 
    0     41     32     37      -      -      -      -      -      -   1512    210      0      1      0 
    1    238     65     67     98     17      0      0      0      0   1512   1410   2170      6      0 
    0     42     32     35      -      -      -      -      -      -   1512    210      0      1      0 
    1    235     65     67     98     16      0      0      0      0   1512   1410   2170      6      0 
    0     42     32     37      -      -      -      -      -      -   1512    210      0      1      0 
    1    234     65     67     98     16      0      0      0      0   1512   1410   2170      6      0 
    0     41     32     35      -      -      -      -      -      -   1512    210      0      1      0 
    1    233     64     67     98     16      0      0      0      0   1512   1410   2170      6      0 
    0     42     32     35      -      -      -      -      -      -   1512    210      0      1      0 
    1    232     65     67     98     16      0      0      0      0   1512   1410   2170      6      0 
    0     41     32     37      -      -      -      -      -      -   1512    210      0      1      0 
    1    239     65     67     98     16      0      0      0      0   1512   1410   2170      6      0 
    0     42     32     35      -      -      -      -      -      -   1512    210      0      1      0 
    1    235     65     67     98     17      0      0      0      0   1512   1410   2170      6      0 
    0     42     32     35      -      -      -      -      -      -   1512    210      0      1      0 
    1    229     64     67     98     17      0      0      0      0   1512   1410   2170      6      0 
    0     41     32     35      -      -      -      -      -      -   1512    210      0      1      0 
    1    241     65     67     98     17      0      0      0      0   1512   1410   2170      6      0 
    0     41     32     35      -      -      -      -      -      -   1512    210      0      1      0 
    1    240     65     67     98     16      0      0      0      0   1512   1410   2170      6      0 
    0     41     32     35      -      -      -      -      -      -   1512    210      0      1      0 
    1    238     65     67     98     16      0      0      0      0   1512   1410   2170      6      0 
# gpu    pwr  gtemp  mtemp     sm    mem    enc    dec    jpg    ofa   mclk   pclk     fb   bar1   ccpm 
# Idx      W      C      C      %      %      %      %      %      %    MHz    MHz     MB     MB     MB 
    0     42     32     35      -      -      -      -      -      -   1512    210      0      1      0 
    1    228     64     67     98     16      0      0      0      0   1512   1410   2170      6      0 
    0     42     32     35      -      -      -      -      -      -   1512    210      0      1      0 
    1    230     64     67     98     17      0      0      0      0   1512   1410   2170      6      0 
    0     41     32     35      -      -      -      -      -      -   1512    210      0      1      0 
    1    236     65     67     98     16      0      0      0      0   1512   1410   2170      6      0 
    0     41     32     35      -      -      -      -      -      -   1512    210      0      1      0 
    1    226     65     67     98     16      0      0      0      0   1512   1410   2170      6      0 
    0     41     32     35      -      -      -      -      -      -   1512    210      0      1      0 
    1    241     65     67     98     17      0      0      0      0   1512   1410   2170      6      0 
    0     41     32     35      -      -      -      -      -      -   1512    210      0      1      0 
    1    234     64     67     98     16      0      0      0      0   1512   1410   2170      6      0 
    0     42     32     35      -      -      -      -      -      -   1512    210      0      1      0 
    1    236     65     67     98     16      0      0      0      0   1512   1410   2170      6      0 
    0     41     32     35      -      -      -      -      -      -   1512    210      0      1      0 
    1    241     65     67     98     16      0      0      0      0   1512   1410   2170      6      0 
    0     41     32     35      -      -      -      -      -      -   1512    210      0      1      0 
    1    237     65     67     98     16      0      0      0      0   1512   1410   2170      6      0 
    0     42     32     35      -      -      -      -      -      -   1512    210      0      1      0 
    1    239     64     67     98     17      0      0      0      0   1512   1410   2170      6      0 
    0     41     32     35      -      -      -      -      -      -   1512    210      0      1      0 
    1    235     65     67     98     16      0      0      0      0   1512   1410   2170      6      0 
    0     41     32     35      -      -      -      -      -      -   1512    210      0      1      0 
    1    238     65     67     98     16      0      0      0      0   1512   1410   2170      6      0 
    0     42     32     35      -      -      -      -      -      -   1512    210      0      1      0 
    1    236     65     67     98     16      0      0      0      0   1512   1410   2170      6      0 
    0     42     32     35      -      -      -      -      -      -   1512    210      0      1      0 
    1    233     64     67     98     16      0      0      0      0   1512   1410   2170      6      0 
    0     42     32     35      -      -      -      -      -      -   1512    210      0      1      0 
    1    236     65     67     98     16      0      0      0      0   1512   1410   2170      6      0 
    0     41     32     37      -      -      -      -      -      -   1512    210      0      1      0 
    1    238     65     67     98     16      0      0      0      0   1512   1410   2170      6      0 
    0     41     32     35      -      -      -      -      -      -   1512    210      0      1      0 
    1    228     65     67     98     16      0      0      0      0   1512   1410   2170      6      0 
    0     41     32     35      -      -      -      -      -      -   1512    210      0      1      0 
    1    241     64     67     98     17      0      0      0      0   1512   1410   2170      6      0 
    0     41     32     35      -      -      -      -      -      -   1512    210      0      1      0 
    1    234     65     67     98     16      0      0      0      0   1512   1410   2170      6      0 
    0     41     32     35      -      -      -      -      -      -   1512    210      0      1      0 
    1    239     65     67     98     17      0      0      0      0   1512   1410   2170      6      0 
    0     42     32     35      -      -      -      -      -      -   1512    210      0      1      0 
    1    232     65     67     98     16      0      0      0      0   1512   1410   2170      6      0 
    0     41     32     35      -      -      -      -      -      -   1512    210      0      1      0 
    1    229     64     67     98     16      0      0      0      0   1512   1410   2170      6      0 
# gpu    pwr  gtemp  mtemp     sm    mem    enc    dec    jpg    ofa   mclk   pclk     fb   bar1   ccpm 
# Idx      W      C      C      %      %      %      %      %      %    MHz    MHz     MB     MB     MB 
    0     41     32     35      -      -      -      -      -      -   1512    210      0      1      0 
    1    233     64     67     98     16      0      0      0      0   1512   1410   2170      6      0 
    0     42     32     35      -      -      -      -      -      -   1512    210      0      1      0 
    1    237     65     67     98     17      0      0      0      0   1512   1410   2170      6      0 
    0     42     32     35      -      -      -      -      -      -   1512    210      0      1      0 
    1    236     65     67     98     17      0      0      0      0   1512   1410   2170      6      0 
    0     42     32     35      -      -      -      -      -      -   1512    210      0      1      0 
    1    238     65     67     98     17      0      0      0      0   1512   1410   2170      6      0 
    0     41     32     35      -      -      -      -      -      -   1512    210      0      1      0 
    1    233     64     67     98     16      0      0      0      0   1512   1410   2170      6      0 
    0     41     32     35      -      -      -      -      -      -   1512    210      0      1      0 
    1    230     65     67     98     16      0      0      0      0   1512   1410   2170      6      0 
    0     42     32     35      -      -      -      -      -      -   1512    210      0      1      0 
    1    237     65     67     98     16      0      0      0      0   1512   1410   2170      6      0 
    0     42     32     35      -      -      -      -      -      -   1512    210      0      1      0 
    1    239     65     67     98     16      0      0      0      0   1512   1410   2170      6      0 
    0     42     32     35      -      -      -      -      -      -   1512    210      0      1      0 
    1    233     64     67     98     16      0      0      0      0   1512   1410   2170      6      0 
    0     42     32     35      -      -      -      -      -      -   1512    210      0      1      0 
    1    241     65     67     98     17      0      0      0      0   1512   1410   2170      6      0 
    0     41     32     35      -      -      -      -      -      -   1512    210      0      1      0 
    1    233     65     67     98     17      0      0      0      0   1512   1410   2170      6      0 
    0     41     32     35      -      -      -      -      -      -   1512    210      0      1      0 
    1    235     65     67     98     16      0      0      0      0   1512   1410   2170      6      0 
    0     41     32     35      -      -      -      -      -      -   1512    210      0      1      0 
    1    250     64     67     98     16      0      0      0      0   1512   1410   2170      6      0 
    0     42     32     35      -      -      -      -      -      -   1512    210      0      1      0 
    1    239     65     67     98     16      0      0      0      0   1512   1410   2170      6      0 
    0     42     32     37      -      -      -      -      -      -   1512    210      0      1      0 
    1    231     65     67     98     17      0      0      0      0   1512   1410   2170      6      0 
    0     42     32     35      -      -      -      -      -      -   1512    210      0      1      0 
    1    237     65     67     98     16      0      0      0      0   1512   1410   2170      6      0 
    0     41     32     35      -      -      -      -      -      -   1512    210      0      1      0 
    1    241     64     67     98     16      0      0      0      0   1512   1410   2170      6      0 
    0     42     32     35      -      -      -      -      -      -   1512    210      0      1      0 
    1    230     65     67     98     16      0      0      0      0   1512   1410   2170      6      0 
    0     41     32     35      -      -      -      -      -      -   1512    210      0      1      0 
    1    236     65     67     98     16      0      0      0      0   1512   1410   2170      6      0 
    0     41     32     35      -      -      -      -      -      -   1512    210      0      1      0 
    1    238     65     67     98     16      0      0      0      0   1512   1410   2170      6      0 
    0     42     32     35      -      -      -      -      -      -   1512    210      0      1      0 
    1    240     64     67     98     16      0      0      0      0   1512   1410   2170      6      0 
    0     41     32     35      -      -      -      -      -      -   1512    210      0      1      0 
    1    240     65     67     98     16      0      0      0      0   1512   1410   2170      6      0 
# gpu    pwr  gtemp  mtemp     sm    mem    enc    dec    jpg    ofa   mclk   pclk     fb   bar1   ccpm 
# Idx      W      C      C      %      %      %      %      %      %    MHz    MHz     MB     MB     MB 
    0     42     32     35      -      -      -      -      -      -   1512    210      0      1      0 
    1    236     65     67     98     16      0      0      0      0   1512   1410   2170      6      0 
    0     42     32     35      -      -      -      -      -      -   1512    210      0      1      0 
    1    232     65     67     98     16      0      0      0      0   1512   1410   2170      6      0 
    0     42     32     35      -      -      -      -      -      -   1512    210      0      1      0 
    1    236     64     67     98     17      0      0      0      0   1512   1410   2170      6      0 
    0     41     32     35      -      -      -      -      -      -   1512    210      0      1      0 
    1    238     65     67     98     16      0      0      0      0   1512   1410   2170      6      0 
    0     41     32     37      -      -      -      -      -      -   1512    210      0      1      0 
    1    240     65     67     98     16      0      0      0      0   1512   1410   2170      6      0 
    0     42     32     35      -      -      -      -      -      -   1512    210      0      1      0 
    1    237     65     67     98     16      0      0      0      0   1512   1410   2170      6      0 
    0     41     32     35      -      -      -      -      -      -   1512    210      0      1      0 
    1    238     65     67     98     16      0      0      0      0   1512   1410   2170      6      0 
    0     41     32     35      -      -      -      -      -      -   1512    210      0      1      0 
    1    240     64     67     98     17      0      0      0      0   1512   1410   2170      6      0 
    0     42     32     35      -      -      -      -      -      -   1512    210      0      1      0 
    1    237     65     67     98     17      0      0      0      0   1512   1410   2170      6      0 
    0     41     32     35      -      -      -      -      -      -   1512    210      0      1      0 
    1    237     65     67     98     16      0      0      0      0   1512   1410   2170      6      0 
    0     42     32     35      -      -      -      -      -      -   1512    210      0      1      0 
    1    233     65     67     98     16      0      0      0      0   1512   1410   2170      6      0 
    0     41     32     35      -      -      -      -      -      -   1512    210      0      1      0 
    1    232     65     67     98     16      0      0      0      0   1512   1410   2170      6      0 
    0     42     32     35      -      -      -      -      -      -   1512    210      0      1      0 
    1    232     65     67     98     16      0      0      0      0   1512   1410   2170      6      0 
    0     42     32     35      -      -      -      -      -      -   1512    210      0      1      0 
    1    234     65     67     98     17      0      0      0      0   1512   1410   2170      6      0 
    0     41     32     35      -      -      -      -      -      -   1512    210      0      1      0 
    1    237     65     67     98     16      0      0      0      0   1512   1410   2170      6      0 
    0     41     32     35      -      -      -      -      -      -   1512    210      0      1      0 
    1    232     64     67     98     17      0      0      0      0   1512   1410   2170      6      0 
    0     41     32     35      -      -      -      -      -      -   1512    210      0      1      0 
    1    231     65     67     98     16      0      0      0      0   1512   1410   2170      6      0 
    0     42     32     35      -      -      -      -      -      -   1512    210      0      1      0 
    1    234     65     67     98     16      0      0      0      0   1512   1410   2170      6      0 
    0     42     32     35      -      -      -      -      -      -   1512    210      0      1      0 
    1    231     65     67     98     16      0      0      0      0   1512   1410   2170      6      0 
    0     42     32     35      -      -      -      -      -      -   1512    210      0      1      0 
    1    234     64     67     98     16      0      0      0      0   1512   1410   2170      6      0 
    0     42     32     35      -      -      -      -      -      -   1512    210      0      1      0 
    1    239     65     67     98     16      0      0      0      0   1512   1410   2170      6      0 
    0     41     32     35      -      -      -      -      -      -   1512    210      0      1      0 
    1    236     65     67     98     16      0      0      0      0   1512   1410   2170      6      0 
# gpu    pwr  gtemp  mtemp     sm    mem    enc    dec    jpg    ofa   mclk   pclk     fb   bar1   ccpm 
# Idx      W      C      C      %      %      %      %      %      %    MHz    MHz     MB     MB     MB 
    0     42     32     35      -      -      -      -      -      -   1512    210      0      1      0 
    1    236     65     67     98     17      0      0      0      0   1512   1410   2170      6      0 
    0     42     32     35      -      -      -      -      -      -   1512    210      0      1      0 
    1    234     64     67     98     16      0      0      0      0   1512   1410   2170      6      0 
    0     42     32     35      -      -      -      -      -      -   1512    210      0      1      0 
    1    233     65     67     98     16      0      0      0      0   1512   1410   2170      6      0 
    0     41     32     35      -      -      -      -      -      -   1512    210      0      1      0 
    1    236     65     67     98     17      0      0      0      0   1512   1410   2170      6      0 
    0     42     32     35      -      -      -      -      -      -   1512    210      0      1      0 
    1    241     64     67     98     16      0      0      0      0   1512   1410   2170      6      0 
    0     41     32     35      -      -      -      -      -      -   1512    210      0      1      0 
    1    232     65     67     98     16      0      0      0      0   1512   1410   2170      6      0 
    0     42     32     35      -      -      -      -      -      -   1512    210      0      1      0 
    1    239     65     67     98     16      0      0      0      0   1512   1410   2170      6      0 
    0     42     32     35      -      -      -      -      -      -   1512    210      0      1      0 
    1    230     65     67     98     17      0      0      0      0   1512   1410   2170      6      0 
    0     42     32     35      -      -      -      -      -      -   1512    210      0      1      0 
    1    241     64     67     98     17      0      0      0      0   1512   1410   2170      6      0 
    0     42     32     35      -      -      -      -      -      -   1512    210      0      1      0 
    1    241     64     67     98     16      0      0      0      0   1512   1410   2170      6      0 
    0     41     32     37      -      -      -      -      -      -   1512    210      0      1      0 
    1    233     65     67     98     16      0      0      0      0   1512   1410   2170      6      0 
    0     41     32     35      -      -      -      -      -      -   1512    210      0      1      0 
    1    236     65     67     98     16      0      0      0      0   1512   1410   2170      6      0 
    0     41     32     35      -      -      -      -      -      -   1512    210      0      1      0 
    1    235     65     67     98     16      0      0      0      0   1512   1410   2170      6      0 
    0     42     32     35      -      -      -      -      -      -   1512    210      0      1      0 
    1    237     64     67     98     16      0      0      0      0   1512   1410   2170      6      0 
    0     42     32     35      -      -      -      -      -      -   1512    210      0      1      0 
    1    238     65     67     98     16      0      0      0      0   1512   1410   2170      6      0 
    0     42     32     37      -      -      -      -      -      -   1512    210      0      1      0 
    1    232     65     67     98     17      0      0      0      0   1512   1410   2170      6      0 
    0     42     32     35      -      -      -      -      -      -   1512    210      0      1      0 
    1    244     65     67     98     16      0      0      0      0   1512   1410   2170      6      0 
    0     41     32     35      -      -      -      -      -      -   1512    210      0      1      0 
    1    232     64     67     98     17      0      0      0      0   1512   1410   2170      6      0 
    0     42     32     35      -      -      -      -      -      -   1512    210      0      1      0 
    1    239     65     67     98     16      0      0      0      0   1512   1410   2170      6      0 
    0     41     32     37      -      -      -      -      -      -   1512    210      0      1      0 
    1    234     65     67     98     16      0      0      0      0   1512   1410   2170      6      0 
    0     42     32     35      -      -      -      -      -      -   1512    210      0      1      0 
    1    242     65     67     98     16      0      0      0      0   1512   1410   2170      6      0 
    0     42     32     35      -      -      -      -      -      -   1512    210      0      1      0 
    1    234     64     67     98     16      0      0      0      0   1512   1410   2170      6      0 
# gpu    pwr  gtemp  mtemp     sm    mem    enc    dec    jpg    ofa   mclk   pclk     fb   bar1   ccpm 
# Idx      W      C      C      %      %      %      %      %      %    MHz    MHz     MB     MB     MB 
    0     42     32     35      -      -      -      -      -      -   1512    210      0      1      0 
    1    231     64     67     98     17      0      0      0      0   1512   1410   2170      6      0 
    0     41     32     35      -      -      -      -      -      -   1512    210      0      1      0 
    1    237     65     67     98     17      0      0      0      0   1512   1410   2170      6      0 
    0     42     32     35      -      -      -      -      -      -   1512    210      0      1      0 
    1    237     65     67     98     16      0      0      0      0   1512   1410   2170      6      0 
    0     42     32     35      -      -      -      -      -      -   1512    210      0      1      0 
    1    241     64     67     98     16      0      0      0      0   1512   1410   2170      6      0 
    0     41     32     35      -      -      -      -      -      -   1512    210      0      1      0 
    1    237     64     67     98     16      0      0      0      0   1512   1410   2170      6      0 
    0     41     32     35      -      -      -      -      -      -   1512    210      0      1      0 
    1    237     65     67     98     16      0      0      0      0   1512   1410   2170      6      0 
    0     42     32     35      -      -      -      -      -      -   1512    210      0      1      0 
    1    239     65     67     98     16      0      0      0      0   1512   1410   2170      6      0 
    0     41     32     35      -      -      -      -      -      -   1512    210      0      1      0 
    1    240     65     67     98     16      0      0      0      0   1512   1410   2170      6      0 
    0     42     32     35      -      -      -      -      -      -   1512    210      0      1      0 
    1    228     64     67     98     17      0      0      0      0   1512   1410   2170      6      0 
    0     41     32     37      -      -      -      -      -      -   1512    210      0      1      0 
    1    236     65     67     98     16      0      0      0      0   1512   1410   2170      6      0 
    0     41     32     35      -      -      -      -      -      -   1512    210      0      1      0 
    1    237     65     67     98     16      0      0      0      0   1512   1410   2170      6      0 
    0     41     32     35      -      -      -      -      -      -   1512    210      0      1      0 
    1    234     65     67     98     16      0      0      0      0   1512   1410   2170      6      0 
    0     42     32     35      -      -      -      -      -      -   1512    210      0      1      0 
    1    239     64     67     98     16      0      0      0      0   1512   1410   2170      6      0 
    0     42     32     37      -      -      -      -      -      -   1512    210      0      1      0 
    1    238     65     67     98     16      0      0      0      0   1512   1410   2170      6      0 
    0     41     32     35      -      -      -      -      -      -   1512    210      0      1      0 
    1    235     65     67     98     16      0      0      0      0   1512   1410   2170      6      0 
    0     41     32     35      -      -      -      -      -      -   1512    210      0      1      0 
    1    235     65     67     98     16      0      0      0      0   1512   1410   2170      6      0 
    0     41     32     35      -      -      -      -      -      -   1512    210      0      1      0 
    1    229     64     67     98     16      0      0      0      0   1512   1410   2170      6      0 
    0     41     32     35      -      -      -      -      -      -   1512    210      0      1      0 
    1    229     65     67     98     16      0      0      0      0   1512   1410   2170      6      0 
    0     41     32     37      -      -      -      -      -      -   1512    210      0      1      0 
    1    239     65     67     98     16      0      0      0      0   1512   1410   2170      6      0 
    0     41     32     37      -      -      -      -      -      -   1512    210      0      1      0 
    1    236     65     67     98     16      0      0      0      0   1512   1410   2170      6      0 
    0     42     32     35      -      -      -      -      -      -   1512    210      0      1      0 
    1    229     64     67     98     16      0      0      0      0   1512   1410   2170      6      0 
    0     41     32     37      -      -      -      -      -      -   1512    210      0      1      0 
    1    234     65     67     98     16      0      0      0      0   1512   1410   2170      6      0 
# gpu    pwr  gtemp  mtemp     sm    mem    enc    dec    jpg    ofa   mclk   pclk     fb   bar1   ccpm 
# Idx      W      C      C      %      %      %      %      %      %    MHz    MHz     MB     MB     MB 
    0     41     32     37      -      -      -      -      -      -   1512    210      0      1      0 
    1    233     65     67     98     16      0      0      0      0   1512   1410   2170      6      0 
    0     41     32     35      -      -      -      -      -      -   1512    210      0      1      0 
    1    228     65     67     98     17      0      0      0      0   1512   1410   2170      6      0 
    0     41     32     35      -      -      -      -      -      -   1512    210      0      1      0 
    1    241     64     67     98     16      0      0      0      0   1512   1410   2170      6      0 
    0     42     32     35      -      -      -      -      -      -   1512    210      0      1      0 
    1    242     65     67     98     16      0      0      0      0   1512   1410   2170      6      0 
    0     42     32     37      -      -      -      -      -      -   1512    210      0      1      0 
    1    237     65     67     98     16      0      0      0      0   1512   1410   2170      6      0 
    0     42     32     35      -      -      -      -      -      -   1512    210      0      1      0 
    1    233     65     67     98     17      0      0      0      0   1512   1410   2170      6      0 
    0     41     32     35      -      -      -      -      -      -   1512    210      0      1      0 
    1    237     65     67     98     16      0      0      0      0   1512   1410   2170      6      0 
    0     42     32     35      -      -      -      -      -      -   1512    210      0      1      0 
    1    232     65     67     98     16      0      0      0      0   1512   1410   2170      6      0 
    0     42     32     37      -      -      -      -      -      -   1512    210      0      1      0 
    1    242     65     67     98     17      0      0      0      0   1512   1410   2170      6      0 
    0     41     32     37      -      -      -      -      -      -   1512    210      0      1      0 
    1    241     65     67     98     17      0      0      0      0   1512   1410   2170      6      0 
    0     41     32     37      -      -      -      -      -      -   1512    210      0      1      0 
    1    237     65     67     98     16      0      0      0      0   1512   1410   2170      6      0 
    0     41     32     35      -      -      -      -      -      -   1512    210      0      1      0 
    1    238     64     67     98     16      0      0      0      0   1512   1410   2170      6      0 
    0     42     32     37      -      -      -      -      -      -   1512    210      0      1      0 
    1    232     65     67     98     16      0      0      0      0   1512   1410   2170      6      0 
    0     41     32     35      -      -      -      -      -      -   1512    210      0      1      0 
    1    237     65     67     98     16      0      0      0      0   1512   1410   2170      6      0 
    0     42     32     35      -      -      -      -      -      -   1512    210      0      1      0 
    1    234     65     67     98     17      0      0      0      0   1512   1410   2170      6      0 
    0     41     32     35      -      -      -      -      -      -   1512    210      0      1      0 
    1    232     64     67     98     17      0      0      0      0   1512   1410   2170      6      0 
    0     42     32     35      -      -      -      -      -      -   1512    210      0      1      0 
    1    236     65     67     98     17      0      0      0      0   1512   1410   2170      6      0 
    0     42     32     37      -      -      -      -      -      -   1512    210      0      1      0 
    1    238     65     67     98     16      0      0      0      0   1512   1410   2170      6      0 
    0     41     32     35      -      -      -      -      -      -   1512    210      0      1      0 
    1    239     65     67     98     16      0      0      0      0   1512   1410   2170      6      0 
    0     42     32     35      -      -      -      -      -      -   1512    210      0      1      0 
    1    233     64     67     98     16      0      0      0      0   1512   1410   2170      6      0 
    0     42     32     35      -      -      -      -      -      -   1512    210      0      1      0 
    1    229     65     67     98     16      0      0      0      0   1512   1410   2170      6      0 
    0     41     32     35      -      -      -      -      -      -   1512    210      0      1      0 
    1    242     65     67     98     16      0      0      0      0   1512   1410   2170      6      0 
# gpu    pwr  gtemp  mtemp     sm    mem    enc    dec    jpg    ofa   mclk   pclk     fb   bar1   ccpm 
# Idx      W      C      C      %      %      %      %      %      %    MHz    MHz     MB     MB     MB 
    0     41     32     35      -      -      -      -      -      -   1512    210      0      1      0 
    1    232     65     67     98     16      0      0      0      0   1512   1410   2170      6      0 
    0     42     32     35      -      -      -      -      -      -   1512    210      0      1      0 
    1    233     64     67     98     17      0      0      0      0   1512   1410   2170      6      0 
    0     41     32     35      -      -      -      -      -      -   1512    210      0      1      0 
    1    240     65     67     98     17      0      0      0      0   1512   1410   2170      6      0 
    0     42     32     37      -      -      -      -      -      -   1512    210      0      1      0 
    1    231     65     67     98     16      0      0      0      0   1512   1410   2170      6      0 
    0     42     32     37      -      -      -      -      -      -   1512    210      0      1      0 
    1    240     65     67     98     16      0      0      0      0   1512   1410   2170      6      0 
    0     41     32     35      -      -      -      -      -      -   1512    210      0      1      0 
    1    238     64     67     98     16      0      0      0      0   1512   1410   2170      6      0 
    0     42     32     35      -      -      -      -      -      -   1512    210      0      1      0 
    1    231     65     67     98     17      0      0      0      0   1512   1410   2170      6      0 
    0     41     32     35      -      -      -      -      -      -   1512    210      0      1      0 
    1    231     65     67     98     17      0      0      0      0   1512   1410   2170      6      0 
    0     42     32     35      -      -      -      -      -      -   1512    210      0      1      0 
    1    239     65     67     98     16      0      0      0      0   1512   1410   2170      6      0 
    0     42     32     35      -      -      -      -      -      -   1512    210      0      1      0 
    1    243     65     67     98     16      0      0      0      0   1512   1410   2170      6      0 
    0     41     32     35      -      -      -      -      -      -   1512    210      0      1      0 
    1    239     65     67     98     16      0      0      0      0   1512   1410   2170      6      0 
    0     42     32     37      -      -      -      -      -      -   1512    210      0      1      0 
    1    224     65     67     98     17      0      0      0      0   1512   1410   2170      6      0 
    0     42     32     35      -      -      -      -      -      -   1512    210      0      1      0 
    1    231     65     67     98     16      0      0      0      0   1512   1410   2170      6      0 
    0     42     32     35      -      -      -      -      -      -   1512    210      0      1      0 
    1    237     65     67     98     16      0      0      0      0   1512   1410   2170      6      0 
    0     41     32     35      -      -      -      -      -      -   1512    210      0      1      0 
    1    233     64     67     98     17      0      0      0      0   1512   1410   2170      6      0 
    0     42     32     37      -      -      -      -      -      -   1512    210      0      1      0 
    1    239     65     67     98     17      0      0      0      0   1512   1410   2170      6      0 
    0     42     32     37      -      -      -      -      -      -   1512    210      0      1      0 
    1    234     65     67     98     16      0      0      0      0   1512   1410   2170      6      0 
    0     41     32     35      -      -      -      -      -      -   1512    210      0      1      0 
    1    238     65     67     98     16      0      0      0      0   1512   1410   2170      6      0 
    0     41     32     35      -      -      -      -      -      -   1512    210      0      1      0 
    1    232     65     67     98     16      0      0      0      0   1512   1410   2170      6      0 
    0     42     32     37      -      -      -      -      -      -   1512    210      0      1      0 
    1    234     65     67     98     17      0      0      0      0   1512   1410   2170      6      0 
    0     41     32     37      -      -      -      -      -      -   1512    210      0      1      0 
    1    242     65     67     98     17      0      0      0      0   1512   1410   2170      6      0 
    0     41     32     35      -      -      -      -      -      -   1512    210      0      1      0 
    1    227     65     67     98     17      0      0      0      0   1512   1410   2170      6      0 
# gpu    pwr  gtemp  mtemp     sm    mem    enc    dec    jpg    ofa   mclk   pclk     fb   bar1   ccpm 
# Idx      W      C      C      %      %      %      %      %      %    MHz    MHz     MB     MB     MB 
    0     42     32     35      -      -      -      -      -      -   1512    210      0      1      0 
    1    239     64     67     98     17      0      0      0      0   1512   1410   2170      6      0 
    0     42     32     37      -      -      -      -      -      -   1512    210      0      1      0 
    1    238     65     67     98     16      0      0      0      0   1512   1410   2170      6      0 
    0     41     32     35      -      -      -      -      -      -   1512    210      0      1      0 
    1    236     65     67     98     17      0      0      0      0   1512   1410   2170      6      0 
    0     42     32     35      -      -      -      -      -      -   1512    210      0      1      0 
    1    237     65     67     98     16      0      0      0      0   1512   1410   2170      6      0 
    0     42     32     35      -      -      -      -      -      -   1512    210      0      1      0 
    1    228     64     67     98     17      0      0      0      0   1512   1410   2170      6      0 
    0     42     32     37      -      -      -      -      -      -   1512    210      0      1      0 
    1    238     65     67     98     16      0      0      0      0   1512   1410   2170      6      0 
    0     41     32     37      -      -      -      -      -      -   1512    210      0      1      0 
    1    242     65     67     98     16      0      0      0      0   1512   1410   2170      6      0 
    0     41     32     35      -      -      -      -      -      -   1512    210      0      1      0 
    1    238     65     67     98     16      0      0      0      0   1512   1410   2170      6      0 
    0     41     32     37      -      -      -      -      -      -   1512    210      0      1      0 
    1    229     64     67     98     17      0      0      0      0   1512   1410   2170      6      0 
    0     42     32     37      -      -      -      -      -      -   1512    210      0      1      0 
    1    234     65     67     98     16      0      0      0      0   1512   1410   2170      6      0 
    0     41     32     37      -      -      -      -      -      -   1512    210      0      1      0 
    1    238     65     67     98     16      0      0      0      0   1512   1410   2170      6      0 
    0     42     32     35      -      -      -      -      -      -   1512    210      0      1      0 
    1    237     65     67     98     16      0      0      0      0   1512   1410   2170      6      0 
    0     41     32     35      -      -      -      -      -      -   1512    210      0      1      0 
    1    238     64     67     98     16      0      0      0      0   1512   1410   2170      6      0 
    0     41     32     35      -      -      -      -      -      -   1512    210      0      1      0 
    1    240     64     67     98     16      0      0      0      0   1512   1410   2170      6      0 
    0     42     32     35      -      -      -      -      -      -   1512    210      0      1      0 
    1    241     65     67     98     17      0      0      0      0   1512   1410   2170      6      0 
    0     41     32     35      -      -      -      -      -      -   1512    210      0      1      0 
    1    239     65     67     98     16      0      0      0      0   1512   1410   2170      6      0 
    0     42     32     35      -      -      -      -      -      -   1512    210      0      1      0 
    1    242     64     67     98     16      0      0      0      0   1512   1410   2170      6      0 
    0     41     32     35      -      -      -      -      -      -   1512    210      0      1      0 
    1    236     65     67     98     16      0      0      0      0   1512   1410   2170      6      0 
    0     42     32     35      -      -      -      -      -      -   1512    210      0      1      0 
    1    233     65     67     98     16      0      0      0      0   1512   1410   2170      6      0 
    0     42     32     35      -      -      -      -      -      -   1512    210      0      1      0 
    1    234     65     67     98     16      0      0      0      0   1512   1410   2170      6      0 
    0     41     32     35      -      -      -      -      -      -   1512    210      0      1      0 
    1    234     64     67     98     16      0      0      0      0   1512   1410   2170      6      0 
    0     42     32     35      -      -      -      -      -      -   1512    210      0      1      0 
    1    232     65     67     98     16      0      0      0      0   1512   1410   2170      6      0 
# gpu    pwr  gtemp  mtemp     sm    mem    enc    dec    jpg    ofa   mclk   pclk     fb   bar1   ccpm 
# Idx      W      C      C      %      %      %      %      %      %    MHz    MHz     MB     MB     MB 
    0     42     32     37      -      -      -      -      -      -   1512    210      0      1      0 
    1    239     65     67     98     17      0      0      0      0   1512   1410   2170      6      0 
    0     41     32     37      -      -      -      -      -      -   1512    210      0      1      0 
    1    239     65     67     98     16      0      0      0      0   1512   1410   2170      6      0 
    0     41     32     35      -      -      -      -      -      -   1512    210      0      1      0 
    1    232     64     67     98     17      0      0      0      0   1512   1410   2170      6      0 
    0     42     32     35      -      -      -      -      -      -   1512    210      0      1      0 
    1    234     64     67     98     16      0      0      0      0   1512   1410   2170      6      0 
    0     42     32     37      -      -      -      -      -      -   1512    210      0      1      0 
    1    235     65     67     98     16      0      0      0      0   1512   1410   2170      6      0 
    0     41     32     35      -      -      -      -      -      -   1512    210      0      1      0 
    1    230     65     67     98     17      0      0      0      0   1512   1410   2170      6      0 
    0     41     32     35      -      -      -      -      -      -   1512    210      0      1      0 
    1    233     65     67     98     16      0      0      0      0   1512   1410   2170      6      0 
    0     41     32     35      -      -      -      -      -      -   1512    210      0      1      0 
    1    236     64     67     98     16      0      0      0      0   1512   1410   2170      6      0 
    0     42     32     37      -      -      -      -      -      -   1512    210      0      1      0 
    1    238     65     67     98     16      0      0      0      0   1512   1410   2170      6      0 
    0     42     32     37      -      -      -      -      -      -   1512    210      0      1      0 
    1    230     65     67     98     16      0      0      0      0   1512   1410   2170      6      0 
    0     41     32     35      -      -      -      -      -      -   1512    210      0      1      0 
    1    226     65     67     98     17      0      0      0      0   1512   1410   2170      6      0 
    0     42     32     35      -      -      -      -      -      -   1512    210      0      1      0 
    1    237     64     67     98     17      0      0      0      0   1512   1410   2170      6      0 
    0     42     32     37      -      -      -      -      -      -   1512    210      0      1      0 
    1    233     65     67     98     16      0      0      0      0   1512   1410   2170      6      0 
    0     41     32     37      -      -      -      -      -      -   1512    210      0      1      0 
    1    238     65     67     98     16      0      0      0      0   1512   1410   2170      6      0 
    0     41     32     35      -      -      -      -      -      -   1512    210      0      1      0 
    1    239     65     67     98     17      0      0      0      0   1512   1410   2170      6      0 
    0     42     32     35      -      -      -      -      -      -   1512    210      0      1      0 
    1    239     64     67     98     17      0      0      0      0   1512   1410   2170      6      0 
    0     42     32     37      -      -      -      -      -      -   1512    210      0      1      0 
    1    230     65     67     98     16      0      0      0      0   1512   1410   2170      6      0 
    0     41     32     37      -      -      -      -      -      -   1512    210      0      1      0 
    1    238     65     67     98     16      0      0      0      0   1512   1410   2170      6      0 
    0     41     32     35      -      -      -      -      -      -   1512    210      0      1      0 
    1    237     65     67     98     16      0      0      0      0   1512   1410   2170      6      0 
    0     42     32     35      -      -      -      -      -      -   1512    210      0      1      0 
    1    229     64     67     98     17      0      0      0      0   1512   1410   2170      6      0 
    0     42     32     35      -      -      -      -      -      -   1512    210      0      1      0 
    1    237     65     67     98     16      0      0      0      0   1512   1410   2170      6      0 
    0     41     32     35      -      -      -      -      -      -   1512    210      0      1      0 
    1    234     65     67     98     16      0      0      0      0   1512   1410   2170      6      0 
# gpu    pwr  gtemp  mtemp     sm    mem    enc    dec    jpg    ofa   mclk   pclk     fb   bar1   ccpm 
# Idx      W      C      C      %      %      %      %      %      %    MHz    MHz     MB     MB     MB 
    0     42     32     35      -      -      -      -      -      -   1512    210      0      1      0 
    1    237     65     67     98     17      0      0      0      0   1512   1410   2170      6      0 
    0     42     32     35      -      -      -      -      -      -   1512    210      0      1      0 
    1    240     64     67     98     17      0      0      0      0   1512   1410   2170      6      0 
    0     41     32     35      -      -      -      -      -      -   1512    210      0      1      0 
    1    229     65     67     98     16      0      0      0      0   1512   1410   2170      6      0 
    0     41     32     37      -      -      -      -      -      -   1512    210      0      1      0 
    1    236     65     67     98     16      0      0      0      0   1512   1410   2170      6      0 
    0     42     32     37      -      -      -      -      -      -   1512    210      0      1      0 
    1    239     65     67     98     16      0      0      0      0   1512   1410   2170      6      0 
    0     41     32     35      -      -      -      -      -      -   1512    210      0      1      0 
    1    235     64     67     98     17      0      0      0      0   1512   1410   2170      6      0 
    0     41     32     35      -      -      -      -      -      -   1512    210      0      1      0 
    1    233     65     67     98     16      0      0      0      0   1512   1410   2170      6      0 
    0     42     32     35      -      -      -      -      -      -   1512    210      0      1      0 
    1    235     65     67     98     16      0      0      0      0   1512   1410   2170      6      0 
    0     41     32     35      -      -      -      -      -      -   1512    210      0      1      0 
    1    227     65     67     98     16      0      0      0      0   1512   1410   2170      6      0 
    0     41     32     35      -      -      -      -      -      -   1512    210      0      1      0 
    1    239     64     67     98     17      0      0      0      0   1512   1410   2170      6      0 
    0     41     32     35      -      -      -      -      -      -   1512    210      0      1      0 
    1    235     65     67     98     17      0      0      0      0   1512   1410   2170      6      0 
    0     42     32     35      -      -      -      -      -      -   1512    210      0      1      0 
    1    237     65     67     98     16      0      0      0      0   1512   1410   2170      6      0 
    0     42     32     35      -      -      -      -      -      -   1512    210      0      1      0 
    1    233     65     67     98     16      0      0      0      0   1512   1410   2170      6      0 
    0     42     32     35      -      -      -      -      -      -   1512    210      0      1      0 
    1    233     64     67     98     16      0      0      0      0   1512   1410   2170      6      0 
    0     41     32     35      -      -      -      -      -      -   1512    210      0      1      0 
    1    235     64     67     98     16      0      0      0      0   1512   1410   2170      6      0 
    0     41     32     35      -      -      -      -      -      -   1512    210      0      1      0 
    1    235     65     67     98     16      0      0      0      0   1512   1410   2170      6      0 
    0     42     32     37      -      -      -      -      -      -   1512    210      0      1      0 
    1    240     65     67     98     16      0      0      0      0   1512   1410   2170      6      0 
    0     42     32     35      -      -      -      -      -      -   1512    210      0      1      0 
    1    238     64     67     98     16      0      0      0      0   1512   1410   2170      6      0 
    0     41     32     37      -      -      -      -      -      -   1512    210      0      1      0 
    1    237     64     67     98     16      0      0      0      0   1512   1410   2170      6      0 
    0     42     32     35      -      -      -      -      -      -   1512    210      0      1      0 
    1    232     65     67     98     16      0      0      0      0   1512   1410   2170      6      0 
    0     42     32     37      -      -      -      -      -      -   1512    210      0      1      0 
    1    233     65     67     98     17      0      0      0      0   1512   1410   2170      6      0 
    0     41     32     35      -      -      -      -      -      -   1512    210      0      1      0 
    1    241     64     67     98     16      0      0      0      0   1512   1410   2170      6      0 
# gpu    pwr  gtemp  mtemp     sm    mem    enc    dec    jpg    ofa   mclk   pclk     fb   bar1   ccpm 
# Idx      W      C      C      %      %      %      %      %      %    MHz    MHz     MB     MB     MB 
    0     42     32     35      -      -      -      -      -      -   1512    210      0      1      0 
    1    236     64     67     98     16      0      0      0      0   1512   1410   2170      6      0 
    0     42     32     37      -      -      -      -      -      -   1512    210      0      1      0 
    1    236     65     67     98     17      0      0      0      0   1512   1410   2170      6      0 
    0     41     32     37      -      -      -      -      -      -   1512    210      0      1      0 
    1    240     65     67     98     16      0      0      0      0   1512   1410   2170      6      0 
    0     41     32     35      -      -      -      -      -      -   1512    210      0      1      0 
    1    239     65     67     98     16      0      0      0      0   1512   1410   2170      6      0 
    0     41     32     35      -      -      -      -      -      -   1512    210      0      1      0 
    1    242     65     67     98     16      0      0      0      0   1512   1410   2170      6      0 
    0     42     32     37      -      -      -      -      -      -   1512    210      0      1      0 
    1    240     65     67     98     16      0      0      0      0   1512   1410   2170      6      0 
    0     42     32     37      -      -      -      -      -      -   1512    210      0      1      0 
    1    234     65     67     98     16      0      0      0      0   1512   1410   2170      6      0 
    0     41     32     35      -      -      -      -      -      -   1512    210      0      1      0 
    1    239     65     67     98     16      0      0      0      0   1512   1410   2170      6      0 
    0     41     32     35      -      -      -      -      -      -   1512    210      0      1      0 
    1    238     64     67     98     17      0      0      0      0   1512   1410   2170      6      0 
    0     42     32     35      -      -      -      -      -      -   1512    210      0      1      0 
    1    242     65     67     98     16      0      0      0      0   1512   1410   2170      6      0 
    0     41     32     37      -      -      -      -      -      -   1512    210      0      1      0 
    1    231     65     67     98     16      0      0      0      0   1512   1410   2170      6      0 
    0     42     32     37      -      -      -      -      -      -   1512    210      0      1      0 
    1    239     65     67     98     16      0      0      0      0   1512   1410   2170      6      0 
    0     41     32     37      -      -      -      -      -      -   1512    210      0      1      0 
    1    231     65     67     98     17      0      0      0      0   1512   1410   2170      6      0 
    0     42     32     35      -      -      -      -      -      -   1512    210      0      1      0 
    1    235     64     67     98     16      0      0      0      0   1512   1410   2170      6      0 
    0     41     32     37      -      -      -      -      -      -   1512    210      0      1      0 
    1    235     65     67     98     16      0      0      0      0   1512   1410   2170      6      0 
    0     42     32     37      -      -      -      -      -      -   1512    210      0      1      0 
    1    241     65     67     98     16      0      0      0      0   1512   1410   2170      6      0 
    0     42     32     35      -      -      -      -      -      -   1512    210      0      1      0 
    1    229     65     67     98     16      0      0      0      0   1512   1410   2170      6      0 
    0     41     32     35      -      -      -      -      -      -   1512    210      0      1      0 
    1    226     64     67     98     16      0      0      0      0   1512   1410   2170      6      0 
    0     41     32     37      -      -      -      -      -      -   1512    210      0      1      0 
    1    235     65     67     98     16      0      0      0      0   1512   1410   2170      6      0 
    0     41     32     37      -      -      -      -      -      -   1512    210      0      1      0 
    1    231     65     67     98     16      0      0      0      0   1512   1410   2170      6      0 
    0     42     32     35      -      -      -      -      -      -   1512    210      0      1      0 
    1    237     65     67     98     17      0      0      0      0   1512   1410   2170      6      0 
    0     42     32     35      -      -      -      -      -      -   1512    210      0      1      0 
    1    237     64     67     98     17      0      0      0      0   1512   1410   2170      6      0 
# gpu    pwr  gtemp  mtemp     sm    mem    enc    dec    jpg    ofa   mclk   pclk     fb   bar1   ccpm 
# Idx      W      C      C      %      %      %      %      %      %    MHz    MHz     MB     MB     MB 
    0     42     32     35      -      -      -      -      -      -   1512    210      0      1      0 
    1    232     65     67     98     16      0      0      0      0   1512   1410   2170      6      0 
    0     42     32     37      -      -      -      -      -      -   1512    210      0      1      0 
    1    233     65     67     98     16      0      0      0      0   1512   1410   2170      6      0 
    0     41     32     37      -      -      -      -      -      -   1512    210      0      1      0 
    1    242     65     67     98     16      0      0      0      0   1512   1410   2170      6      0 
    0     41     32     35      -      -      -      -      -      -   1512    210      0      1      0 
    1    239     64     67     98     16      0      0      0      0   1512   1410   2170      6      0 
    0     42     32     37      -      -      -      -      -      -   1512    210      0      1      0 
    1    231     64     67     98     16      0      0      0      0   1512   1410   2170      6      0 
    0     42     32     37      -      -      -      -      -      -   1512    210      0      1      0 
    1    233     65     67     98     17      0      0      0      0   1512   1410   2170      6      0 
    0     41     32     35      -      -      -      -      -      -   1512    210      0      1      0 
    1    227     65     67     98     16      0      0      0      0   1512   1410   2170      6      0 
    0     42     32     35      -      -      -      -      -      -   1512    210      0      1      0 
    1    237     64     67     98     17      0      0      0      0   1512   1410   2170      6      0 
    0     41     32     35      -      -      -      -      -      -   1512    210      0      1      0 
    1    235     64     67     98     16      0      0      0      0   1512   1410   2170      6      0 
    0     41     32     37      -      -      -      -      -      -   1512    210      0      1      0 
    1    236     65     67     98     16      0      0      0      0   1512   1410   2170      6      0 
    0     42     32     35      -      -      -      -      -      -   1512    210      0      1      0 
    1    238     65     67     98     16      0      0      0      0   1512   1410   2170      6      0 
    0     42     32     35      -      -      -      -      -      -   1512    210      0      1      0 
    1    238     64     67     98     16      0      0      0      0   1512   1410   2170      6      0 
    0     42     32     35      -      -      -      -      -      -   1512    210      0      1      0 
    1    237     64     67     98     17      0      0      0      0   1512   1410   2170      6      0 
    0     42     32     37      -      -      -      -      -      -   1512    210      0      1      0 
    1    235     65     67     98     17      0      0      0      0   1512   1410   2170      6      0 
    0     42     32     35      -      -      -      -      -      -   1512    210      0      1      0 
    1    239     65     67     98     17      0      0      0      0   1512   1410   2170      6      0 
    0     41     32     37      -      -      -      -      -      -   1512    210      0      1      0 
    1    231     65     67     98     16      0      0      0      0   1512   1410   2170      6      0 
    0     42     32     35      -      -      -      -      -      -   1512    210      0      1      0 
    1    234     64     67     98     16      0      0      0      0   1512   1410   2170      6      0 
    0     41     32     35      -      -      -      -      -      -   1512    210      0      1      0 
    1    234     65     67     98     17      0      0      0      0   1512   1410   2170      6      0 
    0     42     32     35      -      -      -      -      -      -   1512    210      0      1      0 
    1    239     65     67     98     16      0      0      0      0   1512   1410   2170      6      0 
    0     43     32     35      -      -      -      -      -      -   1512    210      0      1      0 
    1    239     65     67     98     16      0      0      0      0   1512   1410   2170      6      0 
    0     42     32     35      -      -      -      -      -      -   1512    210      0      1      0 
    1    234     64     67     98     16      0      0      0      0   1512   1410   2170      6      0 
    0     41     32     35      -      -      -      -      -      -   1512    210      0      1      0 
    1    229     65     67     98     17      0      0      0      0   1512   1410   2170      6      0 
# gpu    pwr  gtemp  mtemp     sm    mem    enc    dec    jpg    ofa   mclk   pclk     fb   bar1   ccpm 
# Idx      W      C      C      %      %      %      %      %      %    MHz    MHz     MB     MB     MB 
    0     42     32     37      -      -      -      -      -      -   1512    210      0      1      0 
    1    232     65     67     98     16      0      0      0      0   1512   1410   2170      6      0 
    0     42     32     35      -      -      -      -      -      -   1512    210      0      1      0 
    1    226     65     67     98     17      0      0      0      0   1512   1410   2170      6      0 
    0     41     32     35      -      -      -      -      -      -   1512    210      0      1      0 
    1    236     64     67     98     16      0      0      0      0   1512   1410   2170      6      0 
    0     41     32     35      -      -      -      -      -      -   1512    210      0      1      0 
    1    238     65     67     98     16      0      0      0      0   1512   1410   2170      6      0 
    0     42     32     35      -      -      -      -      -      -   1512    210      0      1      0 
    1    236     65     67     98     16      0      0      0      0   1512   1410   2170      6      0 
    0     42     32     35      -      -      -      -      -      -   1512    210      0      1      0 
    1    242     65     67     98     16      0      0      0      0   1512   1410   2170      6      0 
    0     42     32     35      -      -      -      -      -      -   1512    210      0      1      0 
    1    233     64     67     98     17      0      0      0      0   1512   1410   2170      6      0 
    0     41     32     35      -      -      -      -      -      -   1512    210      0      1      0 
    1    239     65     67     98     16      0      0      0      0   1512   1410   2170      6      0 
    0     41     32     35      -      -      -      -      -      -   1512    210      0      1      0 
    1    234     65     67     98     17      0      0      0      0   1512   1410   2170      6      0 
    0     42     32     35      -      -      -      -      -      -   1512    210      0      1      0 
    1    225     65     67     98     16      0      0      0      0   1512   1410   2170      6      0 
    0     42     32     35      -      -      -      -      -      -   1512    210      0      1      0 
    1    238     64     67     98     17      0      0      0      0   1512   1410   2170      6      0 
    0     41     32     35      -      -      -      -      -      -   1512    210      0      1      0 
    1    228     65     67     98     16      0      0      0      0   1512   1410   2170      6      0 
    0     42     32     35      -      -      -      -      -      -   1512    210      0      1      0 
    1    236     65     67     98     16      0      0      0      0   1512   1410   2170      6      0 
    0     42     32     37      -      -      -      -      -      -   1512    210      0      1      0 
    1    234     65     67     98     16      0      0      0      0   1512   1410   2170      6      0 
    0     42     32     35      -      -      -      -      -      -   1512    210      0      1      0 
    1    234     64     67     98     16      0      0      0      0   1512   1410   2170      6      0 
    0     42     32     35      -      -      -      -      -      -   1512    210      0      1      0 
    1    237     65     67     98     16      0      0      0      0   1512   1410   2170      6      0 
    0     41     32     37      -      -      -      -      -      -   1512    210      0      1      0 
    1    234     65     67     98     16      0      0      0      0   1512   1410   2170      6      0 
    0     42     32     35      -      -      -      -      -      -   1512    210      0      1      0 
    1    234     65     67     98     16      0      0      0      0   1512   1410   2170      6      0 
    0     42     32     35      -      -      -      -      -      -   1512    210      0      1      0 
    1    228     65     67     98     16      0      0      0      0   1512   1410   2170      6      0 
    0     42     32     35      -      -      -      -      -      -   1512    210      0      1      0 
    1    234     64     67     98     17      0      0      0      0   1512   1410   2170      6      0 
    0     41     32     35      -      -      -      -      -      -   1512    210      0      1      0 
    1    244     65     67     98     16      0      0      0      0   1512   1410   2170      6      0 
    0     42     32     37      -      -      -      -      -      -   1512    210      0      1      0 
    1    237     65     67     98     16      0      0      0      0   1512   1410   2170      6      0 
# gpu    pwr  gtemp  mtemp     sm    mem    enc    dec    jpg    ofa   mclk   pclk     fb   bar1   ccpm 
# Idx      W      C      C      %      %      %      %      %      %    MHz    MHz     MB     MB     MB 
    0     42     32     35      -      -      -      -      -      -   1512    210      0      1      0 
    1    236     65     67     98     16      0      0      0      0   1512   1410   2170      6      0 
    0     42     32     35      -      -      -      -      -      -   1512    210      0      1      0 
    1    234     64     67     98     17      0      0      0      0   1512   1410   2170      6      0 
    0     41     32     37      -      -      -      -      -      -   1512    210      0      1      0 
    1    242     65     67     98     16      0      0      0      0   1512   1410   2170      6      0 
    0     42     32     37      -      -      -      -      -      -   1512    210      0      1      0 
    1    226     65     67     98     16      0      0      0      0   1512   1410   2170      6      0 
    0     41     32     35      -      -      -      -      -      -   1512    210      0      1      0 
    1    238     65     67     98     16      0      0      0      0   1512   1410   2170      6      0 
    0     41     32     35      -      -      -      -      -      -   1512    210      0      1      0 
    1    240     64     67     98     17      0      0      0      0   1512   1410   2170      6      0 
    0     41     32     37      -      -      -      -      -      -   1512    210      0      1      0 
    1    235     65     67     98     16      0      0      0      0   1512   1410   2170      6      0 
    0     41     32     37      -      -      -      -      -      -   1512    210      0      1      0 
    1    234     65     67     98     16      0      0      0      0   1512   1410   2170      6      0 
    0     41     32     37      -      -      -      -      -      -   1512    210      0      1      0 
    1    238     65     67     98     16      0      0      0      0   1512   1410   2170      6      0 
    0     42     32     35      -      -      -      -      -      -   1512    210      0      1      0 
    1    243     64     67     98     16      0      0      0      0   1512   1410   2170      6      0 
    0     42     32     37      -      -      -      -      -      -   1512    210      0      1      0 
    1    233     65     67     98     16      0      0      0      0   1512   1410   2170      6      0 
    0     41     32     37      -      -      -      -      -      -   1512    210      0      1      0 
    1    238     65     67     98     16      0      0      0      0   1512   1410   2170      6      0 
    0     41     32     37      -      -      -      -      -      -   1512    210      0      1      0 
    1    234     65     67     98     16      0      0      0      0   1512   1410   2170      6      0 
    0     42     32     35      -      -      -      -      -      -   1512    210      0      1      0 
    1    241     64     67     98     16      0      0      0      0   1512   1410   2170      6      0 
    0     41     32     35      -      -      -      -      -      -   1512    210      0      1      0 
    1    236     65     67     98     16      0      0      0      0   1512   1410   2170      6      0 
    0     41     32     37      -      -      -      -      -      -   1512    210      0      1      0 
    1    241     65     67     98     17      0      0      0      0   1512   1410   2170      6      0 
    0     42     32     37      -      -      -      -      -      -   1512    210      0      1      0 
    1    241     65     67     98     17      0      0      0      0   1512   1410   2170      6      0 
    0     42     32     35      -      -      -      -      -      -   1512    210      0      1      0 
    1    237     64     67     98     16      0      0      0      0   1512   1410   2170      6      0 
    0     42     32     37      -      -      -      -      -      -   1512    210      0      1      0 
    1    234     65     67     98     16      0      0      0      0   1512   1410   2170      6      0 
    0     42     32     37      -      -      -      -      -      -   1512    210      0      1      0 
    1    236     65     67     98     16      0      0      0      0   1512   1410   2170      6      0 
    0     42     32     35      -      -      -      -      -      -   1512    210      0      1      0 
    1    238     65     67     98     17      0      0      0      0   1512   1410   2170      6      0 
    0     41     32     35      -      -      -      -      -      -   1512    210      0      1      0 
    1    235     64     67     98     17      0      0      0      0   1512   1410   2170      6      0 
# gpu    pwr  gtemp  mtemp     sm    mem    enc    dec    jpg    ofa   mclk   pclk     fb   bar1   ccpm 
# Idx      W      C      C      %      %      %      %      %      %    MHz    MHz     MB     MB     MB 
    0     43     32     35      -      -      -      -      -      -   1512    210      0      1      0 
    1    228     64     67     98     17      0      0      0      0   1512   1410   2170      6      0 
    0     42     32     37      -      -      -      -      -      -   1512    210      0      1      0 
    1    235     65     67     98     16      0      0      0      0   1512   1410   2170      6      0 
    0     42     32     35      -      -      -      -      -      -   1512    210      0      1      0 
    1    235     65     67     98     16      0      0      0      0   1512   1410   2170      6      0 
    0     41     32     35      -      -      -      -      -      -   1512    210      0      1      0 
    1    235     64     67     98     16      0      0      0      0   1512   1410   2170      6      0 
    0     42     32     35      -      -      -      -      -      -   1512    210      0      1      0 
    1    237     64     67     98     16      0      0      0      0   1512   1410   2170      6      0 
    0     41     32     35      -      -      -      -      -      -   1512    210      0      1      0 
    1    233     65     67     98     16      0      0      0      0   1512   1410   2170      6      0 
    0     42     32     35      -      -      -      -      -      -   1512    210      0      1      0 
    1    235     65     67     98     16      0      0      0      0   1512   1410   2170      6      0 
    0     42     32     35      -      -      -      -      -      -   1512    210      0      1      0 
    1    229     65     67     98     16      0      0      0      0   1512   1410   2170      6      0 
    0     42     32     35      -      -      -      -      -      -   1512    210      0      1      0 
    1    231     64     67     98     17      0      0      0      0   1512   1410   2170      6      0 
    0     42     32     35      -      -      -      -      -      -   1512    210      0      1      0 
    1    234     65     67     98     16      0      0      0      0   1512   1410   2170      6      0 
    0     42     32     37      -      -      -      -      -      -   1512    210      0      1      0 
    1    236     65     67     98     16      0      0      0      0   1512   1410   2170      6      0 
    0     41     32     35      -      -      -      -      -      -   1512    210      0      1      0 
    1    238     65     67     98     16      0      0      0      0   1512   1410   2170      6      0 
    0     42     32     35      -      -      -      -      -      -   1512    210      0      1      0 
    1    231     64     67     98     17      0      0      0      0   1512   1410   2170      6      0 
    0     42     32     35      -      -      -      -      -      -   1512    210      0      1      0 
    1    241     65     67     98     17      0      0      0      0   1512   1410   2170      6      0 
    0     42     32     37      -      -      -      -      -      -   1512    210      0      1      0 
    1    239     65     67     98     16      0      0      0      0   1512   1410   2170      6      0 
    0     41     32     35      -      -      -      -      -      -   1512    210      0      1      0 
    1    233     65     67     98     16      0      0      0      0   1512   1410   2170      6      0 
    0     41     32     35      -      -      -      -      -      -   1512    210      0      1      0 
    1    235     64     67     98     17      0      0      0      0   1512   1410   2170      6      0 
    0     42     32     35      -      -      -      -      -      -   1512    210      0      1      0 
    1    233     65     67     98     16      0      0      0      0   1512   1410   2170      6      0 
    0     42     32     37      -      -      -      -      -      -   1512    210      0      1      0 
    1    233     65     67     98     16      0      0      0      0   1512   1410   2170      6      0 
    0     42     32     35      -      -      -      -      -      -   1512    210      0      1      0 
    1    229     65     67     98     16      0      0      0      0   1512   1410   2170      6      0 
    0     42     32     35      -      -      -      -      -      -   1512    210      0      1      0 
    1    236     64     67     98     16      0      0      0      0   1512   1410   2170      6      0 
    0     42     32     35      -      -      -      -      -      -   1512    210      0      1      0 
    1    237     65     67     98     17      0      0      0      0   1512   1410   2170      6      0 
# gpu    pwr  gtemp  mtemp     sm    mem    enc    dec    jpg    ofa   mclk   pclk     fb   bar1   ccpm 
# Idx      W      C      C      %      %      %      %      %      %    MHz    MHz     MB     MB     MB 
    0     41     32     37      -      -      -      -      -      -   1512    210      0      1      0 
    1    235     65     67     98     16      0      0      0      0   1512   1410   2170      6      0 
    0     42     32     35      -      -      -      -      -      -   1512    210      0      1      0 
    1    237     65     67     98     16      0      0      0      0   1512   1410   2170      6      0 
    0     42     32     35      -      -      -      -      -      -   1512    210      0      1      0 
    1    233     64     67     98     16      0      0      0      0   1512   1410   2170      6      0 
    0     41     32     35      -      -      -      -      -      -   1512    210      0      1      0 
    1    235     65     67     98     16      0      0      0      0   1512   1410   2170      6      0 
    0     42     32     35      -      -      -      -      -      -   1512    210      0      1      0 
    1    241     65     67     98     16      0      0      0      0   1512   1410   2170      6      0 
    0     42     32     35      -      -      -      -      -      -   1512    210      0      1      0 
    1    244     65     67     98     17      0      0      0      0   1512   1410   2170      6      0 
    0     41     32     35      -      -      -      -      -      -   1512    210      0      1      0 
    1    235     64     67     98     19      0      0      0      0   1512   1410   2170      6      0 
    0     42     32     35      -      -      -      -      -      -   1512    210      0      1      0 
    1    228     65     67     98     17      0      0      0      0   1512   1410   2170      6      0 
    0     41     32     37      -      -      -      -      -      -   1512    210      0      1      0 
    1    234     65     67     98     16      0      0      0      0   1512   1410   2170      6      0 
    0     41     32     35      -      -      -      -      -      -   1512    210      0      1      0 
    1    229     65     67     98     16      0      0      0      0   1512   1410   2170      6      0 
    0     41     32     35      -      -      -      -      -      -   1512    210      0      1      0 
    1    236     64     67     98     16      0      0      0      0   1512   1410   2170      6      0 
    0     42     32     37      -      -      -      -      -      -   1512    210      0      1      0 
    1    241     65     67     98     17      0      0      0      0   1512   1410   2170      6      0 
    0     42     32     37      -      -      -      -      -      -   1512    210      0      1      0 
    1    235     65     67     98     16      0      0      0      0   1512   1410   2170      6      0 
    0     41     32     35      -      -      -      -      -      -   1512    210      0      1      0 
    1    236     65     67     98     16      0      0      0      0   1512   1410   2170      6      0 
    0     42     32     35      -      -      -      -      -      -   1512    210      0      1      0 
    1    238     65     67     98     16      0      0      0      0   1512   1410   2170      6      0 
    0     41     32     35      -      -      -      -      -      -   1512    210      0      1      0 
    1    235     64     67     98     16      0      0      0      0   1512   1410   2170      6      0 
    0     42     32     35      -      -      -      -      -      -   1512    210      0      1      0 
    1    236     65     67     98     16      0      0      0      0   1512   1410   2170      6      0 
    0     41     32     37      -      -      -      -      -      -   1512    210      0      1      0 
    1    235     65     67     98     17      0      0      0      0   1512   1410   2170      6      0 
    0     41     32     35      -      -      -      -      -      -   1512    210      0      1      0 
    1    229     65     67     98     16      0      0      0      0   1512   1410   2170      6      0 
    0     42     32     35      -      -      -      -      -      -   1512    210      0      1      0 
    1    236     64     67     98     17      0      0      0      0   1512   1410   2170      6      0 
    0     42     32     35      -      -      -      -      -      -   1512    210      0      1      0 
    1    236     65     67     98     16      0      0      0      0   1512   1410   2170      6      0 
    0     42     32     37      -      -      -      -      -      -   1512    210      0      1      0 
    1    228     65     67     98     16      0      0      0      0   1512   1410   2170      6      0 
# gpu    pwr  gtemp  mtemp     sm    mem    enc    dec    jpg    ofa   mclk   pclk     fb   bar1   ccpm 
# Idx      W      C      C      %      %      %      %      %      %    MHz    MHz     MB     MB     MB 
    0     42     32     35      -      -      -      -      -      -   1512    210      0      1      0 
    1    232     65     67     98     16      0      0      0      0   1512   1410   2170      6      0 
    0     41     32     35      -      -      -      -      -      -   1512    210      0      1      0 
    1    240     64     67     98     16      0      0      0      0   1512   1410   2170      6      0 
    0     41     32     37      -      -      -      -      -      -   1512    210      0      1      0 
    1    235     65     67     98     17      0      0      0      0   1512   1410   2170      6      0 
    0     41     32     35      -      -      -      -      -      -   1512    210      0      1      0 
    1    240     65     67     98     17      0      0      0      0   1512   1410   2170      6      0 
    0     41     32     35      -      -      -      -      -      -   1512    210      0      1      0 
    1    235     65     67     98     16      0      0      0      0   1512   1410   2170      6      0 
    0     42     32     35      -      -      -      -      -      -   1512    210      0      1      0 
    1    240     64     67     98     17      0      0      0      0   1512   1410   2170      6      0 
    0     42     32     35      -      -      -      -      -      -   1512    210      0      1      0 
    1    243     65     67     98     16      0      0      0      0   1512   1410   2170      6      0 
    0     41     32     37      -      -      -      -      -      -   1512    210      0      1      0 
    1    241     65     67     98     16      0      0      0      0   1512   1410   2170      6      0 
    0     41     32     37      -      -      -      -      -      -   1512    210      0      1      0 
    1    235     65     67     98     17      0      0      0      0   1512   1410   2170      6      0 
    0     41     32     35      -      -      -      -      -      -   1512    210      0      1      0 
    1    235     64     67     98     16      0      0      0      0   1512   1410   2170      6      0 
    0     42     32     35      -      -      -      -      -      -   1512    210      0      1      0 
    1    234     65     67     98     16      0      0      0      0   1512   1410   2170      6      0 
    0     42     32     37      -      -      -      -      -      -   1512    210      0      1      0 
    1    239     65     67     98     17      0      0      0      0   1512   1410   2170      6      0 
    0     42     32     35      -      -      -      -      -      -   1512    210      0      1      0 
    1    240     65     67     98     16      0      0      0      0   1512   1410   2170      6      0 
    0     42     32     35      -      -      -      -      -      -   1512    210      0      1      0 
    1    228     64     67     98     16      0      0      0      0   1512   1410   2170      6      0 
    0     41     32     35      -      -      -      -      -      -   1512    210      0      1      0 
    1    242     64     67     98     17      0      0      0      0   1512   1410   2170      6      0 
    0     42     32     37      -      -      -      -      -      -   1512    210      0      1      0 
    1    235     65     67     98     17      0      0      0      0   1512   1410   2170      6      0 
    0     41     32     37      -      -      -      -      -      -   1512    210      0      1      0 
    1    230     65     67     98     16      0      0      0      0   1512   1410   2170      6      0 
    0     42     32     35      -      -      -      -      -      -   1512    210      0      1      0 
    1    234     65     67     98     16      0      0      0      0   1512   1410   2170      6      0 
    0     42     32     35      -      -      -      -      -      -   1512    210      0      1      0 
    1    241     64     67     98     16      0      0      0      0   1512   1410   2170      6      0 
    0     42     32     35      -      -      -      -      -      -   1512    210      0      1      0 
    1    233     65     67     98     16      0      0      0      0   1512   1410   2170      6      0 
    0     42     32     35      -      -      -      -      -      -   1512    210      0      1      0 
    1    234     65     67     98     17      0      0      0      0   1512   1410   2170      6      0 
    0     42     32     35      -      -      -      -      -      -   1512    210      0      1      0 
    1    241     65     67     98     16      0      0      0      0   1512   1410   2170      6      0 
# gpu    pwr  gtemp  mtemp     sm    mem    enc    dec    jpg    ofa   mclk   pclk     fb   bar1   ccpm 
# Idx      W      C      C      %      %      %      %      %      %    MHz    MHz     MB     MB     MB 
    0     41     32     35      -      -      -      -      -      -   1512    210      0      1      0 
    1    230     64     67     98     17      0      0      0      0   1512   1410   2170      6      0 
    0     42     32     37      -      -      -      -      -      -   1512    210      0      1      0 
    1    235     65     67     98     17      0      0      0      0   1512   1410   2170      6      0 
    0     41     32     35      -      -      -      -      -      -   1512    210      0      1      0 
    1    237     66     67     98     16      0      0      0      0   1512   1410   2170      6      0 
    0     42     32     35      -      -      -      -      -      -   1512    210      0      1      0 
    1    236     65     67     98     16      0      0      0      0   1512   1410   2170      6      0 
    0     42     32     35      -      -      -      -      -      -   1512    210      0      1      0 
    1    242     65     67     98     16      0      0      0      0   1512   1410   2170      6      0 
    0     42     32     35      -      -      -      -      -      -   1512    210      0      1      0 
    1    224     64     67     98     17      0      0      0      0   1512   1410   2170      6      0 
    0     41     32     35      -      -      -      -      -      -   1512    210      0      1      0 
    1    235     65     67     98     17      0      0      0      0   1512   1410   2170      6      0 
    0     41     32     35      -      -      -      -      -      -   1512    210      0      1      0 
    1    240     65     67     98     16      0      0      0      0   1512   1410   2170      6      0 
    0     42     32     35      -      -      -      -      -      -   1512    210      0      1      0 
    1    225     65     67     98     16      0      0      0      0   1512   1410   2170      6      0 
    0     41     32     35      -      -      -      -      -      -   1512    210      0      1      0 
    1    236     64     67     98     16      0      0      0      0   1512   1410   2170      6      0 
    0     42     32     37      -      -      -      -      -      -   1512    210      0      1      0 
    1    240     65     67     98     16      0      0      0      0   1512   1410   2170      6      0 
    0     42     32     37      -      -      -      -      -      -   1512    210      0      1      0 
    1    240     65     67     98     17      0      0      0      0   1512   1410   2170      6      0 
    0     41     32     35      -      -      -      -      -      -   1512    210      0      1      0 
    1    233     65     67     98     16      0      0      0      0   1512   1410   2170      6      0 
    0     41     32     35      -      -      -      -      -      -   1512    210      0      1      0 
    1    238     64     67     98     16      0      0      0      0   1512   1410   2170      6      0 
    0     41     32     35      -      -      -      -      -      -   1512    210      0      1      0 
    1    237     65     67     98     16      0      0      0      0   1512   1410   2170      6      0 
    0     42     32     35      -      -      -      -      -      -   1512    210      0      1      0 
    1    239     65     67     98     16      0      0      0      0   1512   1410   2170      6      0 
    0     42     32     37      -      -      -      -      -      -   1512    210      0      1      0 
    1    233     65     67     98     16      0      0      0      0   1512   1410   2170      6      0 
    0     41     32     35      -      -      -      -      -      -   1512    210      0      1      0 
    1    231     64     67     98     16      0      0      0      0   1512   1410   2170      6      0 
    0     42     32     35      -      -      -      -      -      -   1512    210      0      1      0 
    1    235     65     67     98     17      0      0      0      0   1512   1410   2170      6      0 
    0     41     32     37      -      -      -      -      -      -   1512    210      0      1      0 
    1    235     65     67     98     16      0      0      0      0   1512   1410   2170      6      0 
    0     42     32     35      -      -      -      -      -      -   1512    210      0      1      0 
    1    234     65     67     98     17      0      0      0      0   1512   1410   2170      6      0 
    0     42     32     37      -      -      -      -      -      -   1512    210      0      1      0 
    1    235     64     67     98     16      0      0      0      0   1512   1410   2170      6      0 
# gpu    pwr  gtemp  mtemp     sm    mem    enc    dec    jpg    ofa   mclk   pclk     fb   bar1   ccpm 
# Idx      W      C      C      %      %      %      %      %      %    MHz    MHz     MB     MB     MB 
    0     42     32     37      -      -      -      -      -      -   1512    210      0      1      0 
    1    239     65     67     98     16      0      0      0      0   1512   1410   2170      6      0 
    0     41     32     37      -      -      -      -      -      -   1512    210      0      1      0 
    1    236     65     67     98     17      0      0      0      0   1512   1410   2170      6      0 
    0     42     32     35      -      -      -      -      -      -   1512    210      0      1      0 
    1    238     65     67     98     16      0      0      0      0   1512   1410   2170      6      0 
    0     42     32     35      -      -      -      -      -      -   1512    210      0      1      0 
    1    248     65     67     98     16      0      0      0      0   1512   1410   2170      6      0 
    0     42     32     35      -      -      -      -      -      -   1512    210      0      1      0 
    1    242     64     67     98     16      0      0      0      0   1512   1410   2170      6      0 
    0     41     32     35      -      -      -      -      -      -   1512    210      0      1      0 
    1    235     65     67     98     17      0      0      0      0   1512   1410   2170      6      0 
    0     43     32     35      -      -      -      -      -      -   1512    210      0      1      0 
    1    230     65     67     98     16      0      0      0      0   1512   1410   2170      6      0 
    0     42     32     35      -      -      -      -      -      -   1512    210      0      1      0 
    1    240     65     67     98     16      0      0      0      0   1512   1410   2170      6      0 
    0     41     32     35      -      -      -      -      -      -   1512    210      0      1      0 
    1    234     64     67     98     16      0      0      0      0   1512   1410   2170      6      0 
    0     42     32     35      -      -      -      -      -      -   1512    210      0      1      0 
    1    231     65     67     98     16      0      0      0      0   1512   1410   2170      6      0 
    0     42     32     35      -      -      -      -      -      -   1512    210      0      1      0 
    1    239     65     67     98     17      0      0      0      0   1512   1410   2170      6      0 
    0     42     32     37      -      -      -      -      -      -   1512    210      0      1      0 
    1    237     65     67     98     16      0      0      0      0   1512   1410   2170      6      0 
    0     42     32     35      -      -      -      -      -      -   1512    210      0      1      0 
    1    242     64     67     98     16      0      0      0      0   1512   1410   2170      6      0 
    0     42     32     37      -      -      -      -      -      -   1512    210      0      1      0 
    1    234     65     67     98     17      0      0      0      0   1512   1410   2170      6      0 
    0     43     32     35      -      -      -      -      -      -   1512    210      0      1      0 
    1    229     65     67     98     16      0      0      0      0   1512   1410   2170      6      0 
    0     42     32     35      -      -      -      -      -      -   1512    210      0      1      0 
    1    237     65     67     98     16      0      0      0      0   1512   1410   2170      6      0 
    0     41     32     35      -      -      -      -      -      -   1512    210      0      1      0 
    1    241     64     67     98     16      0      0      0      0   1512   1410   2170      6      0 
    0     42     32     35      -      -      -      -      -      -   1512    210      0      1      0 
    1    237     65     67     98     16      0      0      0      0   1512   1410   2170      6      0 
    0     42     32     37      -      -      -      -      -      -   1512    210      0      1      0 
    1    223     65     67     98     17      0      0      0      0   1512   1410   2170      6      0 
    0     42     32     35      -      -      -      -      -      -   1512    210      0      1      0 
    1    230     65     67     98     17      0      0      0      0   1512   1410   2170      6      0 
    0     42     32     35      -      -      -      -      -      -   1512    210      0      1      0 
    1    237     64     67     98     16      0      0      0      0   1512   1410   2170      6      0 
    0     41     32     35      -      -      -      -      -      -   1512    210      0      1      0 
    1    237     65     67     98     16      0      0      0      0   1512   1410   2170      6      0 
# gpu    pwr  gtemp  mtemp     sm    mem    enc    dec    jpg    ofa   mclk   pclk     fb   bar1   ccpm 
# Idx      W      C      C      %      %      %      %      %      %    MHz    MHz     MB     MB     MB 
    0     41     32     35      -      -      -      -      -      -   1512    210      0      1      0 
    1    233     65     67     98     16      0      0      0      0   1512   1410   2170      6      0 
    0     41     32     35      -      -      -      -      -      -   1512    210      0      1      0 
    1    236     65     67     98     16      0      0      0      0   1512   1410   2170      6      0 
    0     42     32     35      -      -      -      -      -      -   1512    210      0      1      0 
    1    229     64     67     98     17      0      0      0      0   1512   1410   2170      6      0 
    0     41     32     37      -      -      -      -      -      -   1512    210      0      1      0 
    1    234     65     67     98     17      0      0      0      0   1512   1410   2170      6      0 
    0     42     32     35      -      -      -      -      -      -   1512    210      0      1      0 
    1    241     65     67     98     17      0      0      0      0   1512   1410   2170      6      0 
    0     42     32     35      -      -      -      -      -      -   1512    210      0      1      0 
    1    237     65     67     98     16      0      0      0      0   1512   1410   2170      6      0 
    0     41     32     35      -      -      -      -      -      -   1512    210      0      1      0 
    1    238     64     67     98     16      0      0      0      0   1512   1410   2170      6      0 
    0     42     32     35      -      -      -      -      -      -   1512    210      0      1      0 
    1    239     65     67     98     16      0      0      0      0   1512   1410   2170      6      0 
    0     42     32     35      -      -      -      -      -      -   1512    210      0      1      0 
    1    236     65     67     98     16      0      0      0      0   1512   1410   2170      6      0 
    0     41     32     35      -      -      -      -      -      -   1512    210      0      1      0 
    1    235     65     67     98     16      0      0      0      0   1512   1410   2170      6      0 
    0     41     32     35      -      -      -      -      -      -   1512    210      0      1      0 
    1    236     64     67     98     17      0      0      0      0   1512   1410   2170      6      0 
    0     42     32     37      -      -      -      -      -      -   1512    210      0      1      0 
    1    233     65     67     98     16      0      0      0      0   1512   1410   2170      6      0 
    0     41     32     35      -      -      -      -      -      -   1512    210      0      1      0 
    1    239     65     67     98     17      0      0      0      0   1512   1410   2170      6      0 
    0     42     32     35      -      -      -      -      -      -   1512    210      0      1      0 
    1    241     65     67     98     16      0      0      0      0   1512   1410   2170      6      0 
    0     42     32     35      -      -      -      -      -      -   1512    210      0      1      0 
    1    235     64     67     98     16      0      0      0      0   1512   1410   2170      6      0 
    0     42     32     35      -      -      -      -      -      -   1512    210      0      1      0 
    1    229     65     67     98     16      0      0      0      0   1512   1410   2170      6      0 
    0     42     32     35      -      -      -      -      -      -   1512    210      0      1      0 
    1    236     65     67     98     16      0      0      0      0   1512   1410   2170      6      0 
    0     41     32     35      -      -      -      -      -      -   1512    210      0      1      0 
    1    234     65     67     98     16      0      0      0      0   1512   1410   2170      6      0 
    0     41     32     35      -      -      -      -      -      -   1512    210      0      1      0 
    1    234     64     67     98     16      0      0      0      0   1512   1410   2170      6      0 
    0     41     32     35      -      -      -      -      -      -   1512    210      0      1      0 
    1    238     65     67     98     16      0      0      0      0   1512   1410   2170      6      0 
    0     42     32     35      -      -      -      -      -      -   1512    210      0      1      0 
    1    234     65     67     98     16      0      0      0      0   1512   1410   2170      6      0 
    0     42     32     35      -      -      -      -      -      -   1512    210      0      1      0 
    1    235     65     67     98     16      0      0      0      0   1512   1410   2170      6      0 
# gpu    pwr  gtemp  mtemp     sm    mem    enc    dec    jpg    ofa   mclk   pclk     fb   bar1   ccpm 
# Idx      W      C      C      %      %      %      %      %      %    MHz    MHz     MB     MB     MB 
    0     41     32     35      -      -      -      -      -      -   1512    210      0      1      0 
    1    227     64     67     98     16      0      0      0      0   1512   1410   2170      6      0 
    0     41     32     35      -      -      -      -      -      -   1512    210      0      1      0 
    1    235     65     67     98     16      0      0      0      0   1512   1410   2170      6      0 
    0     42     32     35      -      -      -      -      -      -   1512    210      0      1      0 
    1    241     65     67     98     17      0      0      0      0   1512   1410   2170      6      0 
    0     41     32     37      -      -      -      -      -      -   1512    210      0      1      0 
    1    240     65     67     98     17      0      0      0      0   1512   1410   2170      6      0 
    0     42     32     35      -      -      -      -      -      -   1512    210      0      1      0 
    1    232     64     67     98     17      0      0      0      0   1512   1410   2170      6      0 
    0     41     32     35      -      -      -      -      -      -   1512    210      0      1      0 
    1    238     65     67     98     16      0      0      0      0   1512   1410   2170      6      0 
    0     42     32     35      -      -      -      -      -      -   1512    210      0      1      0 
    1    239     65     67     98     16      0      0      0      0   1512   1410   2170      6      0 
    0     42     32     35      -      -      -      -      -      -   1512    210      0      1      0 
    1    242     65     67     98     17      0      0      0      0   1512   1410   2170      6      0 
    0     42     32     35      -      -      -      -      -      -   1512    210      0      1      0 
    1    236     64     67     98     16      0      0      0      0   1512   1410   2170      6      0 
    0     42     32     35      -      -      -      -      -      -   1512    210      0      1      0 
    1    236     65     67     98     16      0      0      0      0   1512   1410   2170      6      0 
    0     42     32     35      -      -      -      -      -      -   1512    210      0      1      0 
    1    235     65     67     98     16      0      0      0      0   1512   1410   2170      6      0 
    0     42     32     35      -      -      -      -      -      -   1512    210      0      1      0 
    1    242     65     67     98     17      0      0      0      0   1512   1410   2170      6      0 
    0     41     32     35      -      -      -      -      -      -   1512    210      0      1      0 
    1    240     64     67     98     16      0      0      0      0   1512   1410   2170      6      0 
    0     42     32     35      -      -      -      -      -      -   1512    210      0      1      0 
    1    240     65     67     98     16      0      0      0      0   1512   1410   2170      6      0 
    0     41     32     37      -      -      -      -      -      -   1512    210      0      1      0 
    1    232     65     67     98     16      0      0      0      0   1512   1410   2170      6      0 
    0     42     32     35      -      -      -      -      -      -   1512    210      0      1      0 
    1    238     65     67     98     16      0      0      0      0   1512   1410   2170      6      0 
    0     41     32     35      -      -      -      -      -      -   1512    210      0      1      0 
    1    230     64     67     98     17      0      0      0      0   1512   1410   2170      6      0 
    0     41     32     35      -      -      -      -      -      -   1512    210      0      1      0 
    1    236     65     67     98     16      0      0      0      0   1512   1410   2170      6      0 
    0     41     32     35      -      -      -      -      -      -   1512    210      0      1      0 
    1    228     65     67     98     17      0      0      0      0   1512   1410   2170      6      0 
    0     41     32     35      -      -      -      -      -      -   1512    210      0      1      0 
    1    238     65     67     98     16      0      0      0      0   1512   1410   2170      6      0 
    0     42     32     35      -      -      -      -      -      -   1512    210      0      1      0 
    1    235     64     67     98     16      0      0      0      0   1512   1410   2170      6      0 
    0     42     32     35      -      -      -      -      -      -   1512    210      0      1      0 
    1    229     64     67     98     17      0      0      0      0   1512   1410   2170      6      0 
# gpu    pwr  gtemp  mtemp     sm    mem    enc    dec    jpg    ofa   mclk   pclk     fb   bar1   ccpm 
# Idx      W      C      C      %      %      %      %      %      %    MHz    MHz     MB     MB     MB 
    0     42     32     35      -      -      -      -      -      -   1512    210      0      1      0 
    1    237     65     67     98     16      0      0      0      0   1512   1410   2170      6      0 
    0     42     32     35      -      -      -      -      -      -   1512    210      0      1      0 
    1    232     65     67     98     16      0      0      0      0   1512   1410   2170      6      0 
    0     41     32     35      -      -      -      -      -      -   1512    210      0      1      0 
    1    237     64     67     98     17      0      0      0      0   1512   1410   2170      6      0 
    0     41     32     35      -      -      -      -      -      -   1512    210      0      1      0 
    1    237     65     67     98     17      0      0      0      0   1512   1410   2170      6      0 
    0     41     32     37      -      -      -      -      -      -   1512    210      0      1      0 
    1    245     65     67     98     17      0      0      0      0   1512   1410   2170      6      0 
    0     42     32     35      -      -      -      -      -      -   1512    210      0      1      0 
    1    232     65     67     98     16      0      0      0      0   1512   1410   2170      6      0 
    0     41     32     35      -      -      -      -      -      -   1512    210      0      1      0 
    1    237     65     67     98     16      0      0      0      0   1512   1410   2170      6      0 
    0     41     32     35      -      -      -      -      -      -   1512    210      0      1      0 
    1    227     64     67     98     17      0      0      0      0   1512   1410   2170      6      0 
    0     42     32     35      -      -      -      -      -      -   1512    210      0      1      0 
    1    238     65     67     98     17      0      0      0      0   1512   1410   2170      6      0 
    0     42     32     37      -      -      -      -      -      -   1512    210      0      1      0 
    1    236     65     67     98     16      0      0      0      0   1512   1410   2170      6      0 
    0     42     32     35      -      -      -      -      -      -   1512    210      0      1      0 
    1    231     65     67     98     17      0      0      0      0   1512   1410   2170      6      0 
    0     41     32     35      -      -      -      -      -      -   1512    210      0      1      0 
    1    233     64     67     98     16      0      0      0      0   1512   1410   2170      6      0 
    0     42     32     35      -      -      -      -      -      -   1512    210      0      1      0 
    1    237     65     67     98     16      0      0      0      0   1512   1410   2170      6      0 
    0     42     32     37      -      -      -      -      -      -   1512    210      0      1      0 
    1    239     65     67     98     16      0      0      0      0   1512   1410   2170      6      0 
    0     41     32     35      -      -      -      -      -      -   1512    210      0      1      0 
    1    237     65     67     98     16      0      0      0      0   1512   1410   2170      6      0 
    0     41     32     35      -      -      -      -      -      -   1512    210      0      1      0 
    1    240     64     67     98     16      0      0      0      0   1512   1410   2170      6      0 
    0     41     32     37      -      -      -      -      -      -   1512    210      0      1      0 
    1    233     65     67     98     16      0      0      0      0   1512   1410   2170      6      0 
    0     42     32     35      -      -      -      -      -      -   1512    210      0      1      0 
    1    237     65     67     98     16      0      0      0      0   1512   1410   2170      6      0 
    0     42     32     37      -      -      -      -      -      -   1512    210      0      1      0 
    1    234     65     67     98     16      0      0      0      0   1512   1410   2170      6      0 
    0     41     32     35      -      -      -      -      -      -   1512    210      0      1      0 
    1    235     64     67     98     16      0      0      0      0   1512   1410   2170      6      0 
    0     42     32     37      -      -      -      -      -      -   1512    210      0      1      0 
    1    229     65     67     98     17      0      0      0      0   1512   1410   2170      6      0 
    0     41     32     35      -      -      -      -      -      -   1512    210      0      1      0 
    1    238     65     67     98     17      0      0      0      0   1512   1410   2170      6      0 
# gpu    pwr  gtemp  mtemp     sm    mem    enc    dec    jpg    ofa   mclk   pclk     fb   bar1   ccpm 
# Idx      W      C      C      %      %      %      %      %      %    MHz    MHz     MB     MB     MB 
    0     41     32     35      -      -      -      -      -      -   1512    210      0      1      0 
    1    239     65     67     98     16      0      0      0      0   1512   1410   2170      6      0 
    0     42     32     35      -      -      -      -      -      -   1512    210      0      1      0 
    1    236     64     67     98     17      0      0      0      0   1512   1410   2170      6      0 
    0     42     32     35      -      -      -      -      -      -   1512    210      0      1      0 
    1    233     65     67     98     17      0      0      0      0   1512   1410   2170      6      0 
    0     41     32     35      -      -      -      -      -      -   1512    210      0      1      0 
    1    239     65     67     98     16      0      0      0      0   1512   1410   2170      6      0 
    0     42     32     35      -      -      -      -      -      -   1512    210      0      1      0 
    1    241     65     67     98     17      0      0      0      0   1512   1410   2170      6      0 
    0     42     32     35      -      -      -      -      -      -   1512    210      0      1      0 
    1    237     64     67     98     16      0      0      0      0   1512   1410   2170      6      0 
    0     42     32     37      -      -      -      -      -      -   1512    210      0      1      0 
    1    241     65     67     98     16      0      0      0      0   1512   1410   2170      6      0 
    0     41     32     35      -      -      -      -      -      -   1512    210      0      1      0 
    1    240     65     67     98     16      0      0      0      0   1512   1410   2170      6      0 
    0     40     32     35      -      -      -      -      -      -   1512    210      0      1      0 
    1    235     65     67     98     16      0      0      0      0   1512   1410   2170      6      0 
    0     41     32     35      -      -      -      -      -      -   1512    210      0      1      0 
    1    232     64     67     98     16      0      0      0      0   1512   1410   2170      6      0 
    0     42     32     35      -      -      -      -      -      -   1512    210      0      1      0 
    1    235     65     67     98     16      0      0      0      0   1512   1410   2170      6      0 
    0     42     32     35      -      -      -      -      -      -   1512    210      0      1      0 
    1    234     65     67     98     16      0      0      0      0   1512   1410   2170      6      0 
    0     41     32     35      -      -      -      -      -      -   1512    210      0      1      0 
    1    232     65     67     98     16      0      0      0      0   1512   1410   2170      6      0 
    0     41     32     35      -      -      -      -      -      -   1512    210      0      1      0 
    1    239     64     67     98     16      0      0      0      0   1512   1410   2170      6      0 
    0     42     32     35      -      -      -      -      -      -   1512    210      0      1      0 
    1    241     65     67     98     16      0      0      0      0   1512   1410   2170      6      0 
    0     42     32     35      -      -      -      -      -      -   1512    210      0      1      0 
    1    237     65     67     98     16      0      0      0      0   1512   1410   2170      6      0 
    0     42     32     35      -      -      -      -      -      -   1512    210      0      1      0 
    1    236     65     67     98     17      0      0      0      0   1512   1410   2170      6      0 
    0     41     32     35      -      -      -      -      -      -   1512    210      0      1      0 
    1    240     64     67     98     16      0      0      0      0   1512   1410   2170      6      0 
    0     41     32     35      -      -      -      -      -      -   1512    210      0      1      0 
    1    233     64     67     98     16      0      0      0      0   1512   1410   2170      6      0 
    0     42     32     35      -      -      -      -      -      -   1512    210      0      1      0 
    1    230     65     67     98     16      0      0      0      0   1512   1410   2170      6      0 
    0     42     32     37      -      -      -      -      -      -   1512    210      0      1      0 
    1    239     65     67     98     16      0      0      0      0   1512   1410   2170      6      0 
    0     42     32     35      -      -      -      -      -      -   1512    210      0      1      0 
    1    241     65     67     98     16      0      0      0      0   1512   1410   2170      6      0 
# gpu    pwr  gtemp  mtemp     sm    mem    enc    dec    jpg    ofa   mclk   pclk     fb   bar1   ccpm 
# Idx      W      C      C      %      %      %      %      %      %    MHz    MHz     MB     MB     MB 
    0     42     32     35      -      -      -      -      -      -   1512    210      0      1      0 
    1    231     64     67     98     16      0      0      0      0   1512   1410   2170      6      0 
    0     42     32     35      -      -      -      -      -      -   1512    210      0      1      0 
    1    236     65     67     98     16      0      0      0      0   1512   1410   2170      6      0 
    0     42     32     37      -      -      -      -      -      -   1512    210      0      1      0 
    1    236     65     67     98     17      0      0      0      0   1512   1410   2170      6      0 
    0     42     32     37      -      -      -      -      -      -   1512    210      0      1      0 
    1    239     65     67     98     16      0      0      0      0   1512   1410   2170      6      0 
    0     41     32     35      -      -      -      -      -      -   1512    210      0      1      0 
    1    234     64     67     98     16      0      0      0      0   1512   1410   2170      6      0 
    0     41     32     35      -      -      -      -      -      -   1512    210      0      1      0 
    1    237     65     67     98     16      0      0      0      0   1512   1410   2170      6      0 
    0     42     32     35      -      -      -      -      -      -   1512    210      0      1      0 
    1    232     65     67     98     16      0      0      0      0   1512   1410   2170      6      0 
    0     42     32     35      -      -      -      -      -      -   1512    210      0      1      0 
    1    241     65     67     98     16      0      0      0      0   1512   1410   2170      6      0 
    0     41     32     35      -      -      -      -      -      -   1512    210      0      1      0 
    1    233     64     67     98     17      0      0      0      0   1512   1410   2170      6      0 
    0     41     32     35      -      -      -      -      -      -   1512    210      0      1      0 
    1    243     65     67     98     17      0      0      0      0   1512   1410   2170      6      0 
    0     42     32     37      -      -      -      -      -      -   1512    210      0      1      0 
    1    232     65     67     98     16      0      0      0      0   1512   1410   2170      6      0 
    0     41     32     35      -      -      -      -      -      -   1512    210      0      1      0 
    1    243     65     67     98     16      0      0      0      0   1512   1410   2170      6      0 
    0     41     32     35      -      -      -      -      -      -   1512    210      0      1      0 
    1    232     64     67     98     16      0      0      0      0   1512   1410   2170      6      0 
    0     42     32     35      -      -      -      -      -      -   1512    210      0      1      0 
    1    231     65     67     98     17      0      0      0      0   1512   1410   2170      6      0 
    0     41     32     37      -      -      -      -      -      -   1512    210      0      1      0 
    1    236     65     67     98     16      0      0      0      0   1512   1410   2170      6      0 
    0     42     32     37      -      -      -      -      -      -   1512    210      0      1      0 
    1    229     65     67     98     17      0      0      0      0   1512   1410   2170      6      0 
    0     41     32     35      -      -      -      -      -      -   1512    210      0      1      0 
    1    224     64     67     98     16      0      0      0      0   1512   1410   2170      6      0 
    0     41     32     37      -      -      -      -      -      -   1512    210      0      1      0 
    1    236     65     67     98     16      0      0      0      0   1512   1410   2170      6      0 
    0     41     32     37      -      -      -      -      -      -   1512    210      0      1      0 
    1    235     65     67     98     16      0      0      0      0   1512   1410   2170      6      0 
    0     41     32     37      -      -      -      -      -      -   1512    210      0      1      0 
    1    236     65     67     98     16      0      0      0      0   1512   1410   2170      6      0 
    0     42     32     35      -      -      -      -      -      -   1512    210      0      1      0 
    1    244     64     67     98     16      0      0      0      0   1512   1410   2170      6      0 
    0     41     32     35      -      -      -      -      -      -   1512    210      0      1      0 
    1    230     64     67     98     16      0      0      0      0   1512   1410   2170      6      0 
# gpu    pwr  gtemp  mtemp     sm    mem    enc    dec    jpg    ofa   mclk   pclk     fb   bar1   ccpm 
# Idx      W      C      C      %      %      %      %      %      %    MHz    MHz     MB     MB     MB 
    0     42     32     35      -      -      -      -      -      -   1512    210      0      1      0 
    1    238     65     67     98     16      0      0      0      0   1512   1410   2170      6      0 
    0     41     32     35      -      -      -      -      -      -   1512    210      0      1      0 
    1    237     65     67     98     16      0      0      0      0   1512   1410   2170      6      0 
    0     41     32     35      -      -      -      -      -      -   1512    210      0      1      0 
    1    235     64     67     98     16      0      0      0      0   1512   1410   2170      6      0 
    0     42     32     35      -      -      -      -      -      -   1512    210      0      1      0 
    1    237     64     67     98     16      0      0      0      0   1512   1410   2170      6      0 
    0     42     32     35      -      -      -      -      -      -   1512    210      0      1      0 
    1    236     65     67     98     16      0      0      0      0   1512   1410   2170      6      0 
    0     42     32     35      -      -      -      -      -      -   1512    210      0      1      0 
    1    240     65     67     98     17      0      0      0      0   1512   1410   2170      6      0 
    0     42     32     35      -      -      -      -      -      -   1512    210      0      1      0 
    1    235     65     67     98     16      0      0      0      0   1512   1410   2170      6      0 
    0     41     32     35      -      -      -      -      -      -   1512    210      0      1      0 
    1    233     64     67     98     17      0      0      0      0   1512   1410   2170      6      0 
    0     41     32     37      -      -      -      -      -      -   1512    210      0      1      0 
    1    231     65     67     98     16      0      0      0      0   1512   1410   2170      6      0 
    0     41     32     37      -      -      -      -      -      -   1512    210      0      1      0 
    1    243     65     67     98     16      0      0      0      0   1512   1410   2170      6      0 
    0     42     32     35      -      -      -      -      -      -   1512    210      0      1      0 
    1    234     65     67     98     16      0      0      0      0   1512   1410   2170      6      0 
    0     41     32     35      -      -      -      -      -      -   1512    210      0      1      0 
    1    240     64     67     98     16      0      0      0      0   1512   1410   2170      6      0 
    0     41     32     37      -      -      -      -      -      -   1512    210      0      1      0 
    1    250     65     67     98     16      0      0      0      0   1512   1410   2170      6      0 
    0     41     32     37      -      -      -      -      -      -   1512    210      0      1      0 
    1    239     65     67     98     16      0      0      0      0   1512   1410   2170      6      0 
    0     42     32     35      -      -      -      -      -      -   1512    210      0      1      0 
    1    237     65     67     98     16      0      0      0      0   1512   1410   2170      6      0 
    0     41     32     35      -      -      -      -      -      -   1512    210      0      1      0 
    1    228     64     67     98     16      0      0      0      0   1512   1410   2170      6      0 
    0     42     32     35      -      -      -      -      -      -   1512    210      0      1      0 
    1    227     65     67     98     16      0      0      0      0   1512   1410   2170      6      0 
    0     41     32     37      -      -      -      -      -      -   1512    210      0      1      0 
    1    240     65     67     98     16      0      0      0      0   1512   1410   2170      6      0 
    0     42     32     35      -      -      -      -      -      -   1512    210      0      1      0 
    1    236     65     67     98     16      0      0      0      0   1512   1410   2170      6      0 
    0     42     32     35      -      -      -      -      -      -   1512    210      0      1      0 
    1    231     64     67     98     16      0      0      0      0   1512   1410   2170      6      0 
    0     42     32     35      -      -      -      -      -      -   1512    210      0      1      0 
    1    232     65     67     98     17      0      0      0      0   1512   1410   2170      6      0 
    0     42     32     35      -      -      -      -      -      -   1512    210      0      1      0 
    1    232     65     67     98     16      0      0      0      0   1512   1410   2170      6      0 
# gpu    pwr  gtemp  mtemp     sm    mem    enc    dec    jpg    ofa   mclk   pclk     fb   bar1   ccpm 
# Idx      W      C      C      %      %      %      %      %      %    MHz    MHz     MB     MB     MB 
    0     41     32     35      -      -      -      -      -      -   1512    210      0      1      0 
    1    236     65     67     98     16      0      0      0      0   1512   1410   2170      6      0 
    0     41     32     35      -      -      -      -      -      -   1512    210      0      1      0 
    1    233     64     67     98     17      0      0      0      0   1512   1410   2170      6      0 
    0     42     32     35      -      -      -      -      -      -   1512    210      0      1      0 
    1    232     65     67     98     16      0      0      0      0   1512   1410   2170      6      0 
    0     41     32     35      -      -      -      -      -      -   1512    210      0      1      0 
    1    240     65     67     98     16      0      0      0      0   1512   1410   2170      6      0 
    0     42     32     35      -      -      -      -      -      -   1512    210      0      1      0 
    1    240     65     67     98     16      0      0      0      0   1512   1410   2170      6      0 
    0     41     32     35      -      -      -      -      -      -   1512    210      0      1      0 
    1    227     64     67     98     16      0      0      0      0   1512   1410   2170      6      0 
    0     42     32     35      -      -      -      -      -      -   1512    210      0      1      0 
    1    237     65     67     98     16      0      0      0      0   1512   1410   2170      6      0 
    0     42     32     35      -      -      -      -      -      -   1512    210      0      1      0 
    1    239     65     67     98     16      0      0      0      0   1512   1410   2170      6      0 
    0     42     32     35      -      -      -      -      -      -   1512    210      0      1      0 
    1    236     65     67     98     16      0      0      0      0   1512   1410   2170      6      0 
    0     41     32     35      -      -      -      -      -      -   1512    210      0      1      0 
    1    236     64     67     98     17      0      0      0      0   1512   1410   2170      6      0 
    0     42     32     35      -      -      -      -      -      -   1512    210      0      1      0 
    1    240     65     67     98     16      0      0      0      0   1512   1410   2170      6      0 
    0     41     32     35      -      -      -      -      -      -   1512    210      0      1      0 
    1    240     65     67     98     17      0      0      0      0   1512   1410   2170      6      0 
    0     41     32     35      -      -      -      -      -      -   1512    210      0      1      0 
    1    237     65     67     98     17      0      0      0      0   1512   1410   2170      6      0 
    0     42     32     35      -      -      -      -      -      -   1512    210      0      1      0 
    1    235     64     67     98     16      0      0      0      0   1512   1410   2170      6      0 
    0     42     32     35      -      -      -      -      -      -   1512    210      0      1      0 
    1    233     64     67     98     16      0      0      0      0   1512   1410   2170      6      0 
    0     42     32     35      -      -      -      -      -      -   1512    210      0      1      0 
    1    235     65     67     98     17      0      0      0      0   1512   1410   2170      6      0 
    0     42     32     35      -      -      -      -      -      -   1512    210      0      1      0 
    1    236     65     67     98     17      0      0      0      0   1512   1410   2170      6      0 
    0     42     32     35      -      -      -      -      -      -   1512    210      0      1      0 
    1    236     65     67     98     16      0      0      0      0   1512   1410   2170      6      0 
    0     42     32     35      -      -      -      -      -      -   1512    210      0      1      0 
    1    238     64     67     98     16      0      0      0      0   1512   1410   2170      6      0 
    0     43     32     35      -      -      -      -      -      -   1512    210      0      1      0 
    1    240     65     67     98     16      0      0      0      0   1512   1410   2170      6      0 
    0     41     32     35      -      -      -      -      -      -   1512    210      0      1      0 
    1    236     65     67     98     17      0      0      0      0   1512   1410   2170      6      0 
    0     42     32     35      -      -      -      -      -      -   1512    210      0      1      0 
    1    241     65     67     98     16      0      0      0      0   1512   1410   2170      6      0 
# gpu    pwr  gtemp  mtemp     sm    mem    enc    dec    jpg    ofa   mclk   pclk     fb   bar1   ccpm 
# Idx      W      C      C      %      %      %      %      %      %    MHz    MHz     MB     MB     MB 
    0     42     32     35      -      -      -      -      -      -   1512    210      0      1      0 
    1    233     64     67     98     16      0      0      0      0   1512   1410   2170      6      0 
    0     41     32     35      -      -      -      -      -      -   1512    210      0      1      0 
    1    234     65     67     98     16      0      0      0      0   1512   1410   2170      6      0 
    0     42     32     35      -      -      -      -      -      -   1512    210      0      1      0 
    1    227     65     67     98     17      0      0      0      0   1512   1410   2170      6      0 
    0     42     32     37      -      -      -      -      -      -   1512    210      0      1      0 
    1    235     65     67     98     17      0      0      0      0   1512   1410   2170      6      0 
    0     41     32     35      -      -      -      -      -      -   1512    210      0      1      0 
    1    239     64     67     98     16      0      0      0      0   1512   1410   2170      6      0 
    0     42     32     35      -      -      -      -      -      -   1512    210      0      1      0 
    1    235     65     67     98     16      0      0      0      0   1512   1410   2170      6      0 
    0     42     32     35      -      -      -      -      -      -   1512    210      0      1      0 
    1    240     65     67     98     17      0      0      0      0   1512   1410   2170      6      0 
    0     42     32     35      -      -      -      -      -      -   1512    210      0      1      0 
    1    241     65     67     98     16      0      0      0      0   1512   1410   2170      6      0 
    0     42     32     35      -      -      -      -      -      -   1512    210      0      1      0 
    1    238     64     67     98     16      0      0      0      0   1512   1410   2170      6      0 
    0     41     32     35      -      -      -      -      -      -   1512    210      0      1      0 
    1    231     64     67     98     16      0      0      0      0   1512   1410   2170      6      0 
    0     42     32     35      -      -      -      -      -      -   1512    210      0      1      0 
    1    242     65     67     98     17      0      0      0      0   1512   1410   2170      6      0 
    0     42     32     35      -      -      -      -      -      -   1512    210      0      1      0 
    1    237     65     67     98     17      0      0      0      0   1512   1410   2170      6      0 
    0     41     32     35      -      -      -      -      -      -   1512    210      0      1      0 
    1    234     64     67     98     16      0      0      0      0   1512   1410   2170      6      0 
    0     42     32     35      -      -      -      -      -      -   1512    210      0      1      0 
    1    240     65     67     98     16      0      0      0      0   1512   1410   2170      6      0 
    0     41     32     37      -      -      -      -      -      -   1512    210      0      1      0 
    1    233     65     67     98     17      0      0      0      0   1512   1410   2170      6      0 
    0     42     32     35      -      -      -      -      -      -   1512    210      0      1      0 
    1    231     65     67     98     16      0      0      0      0   1512   1410   2170      6      0 
    0     42     32     35      -      -      -      -      -      -   1512    210      0      1      0 
    1    236     64     67     98     16      0      0      0      0   1512   1410   2170      6      0 
    0     41     32     35      -      -      -      -      -      -   1512    210      0      1      0 
    1    239     64     67     98     16      0      0      0      0   1512   1410   2170      6      0 
    0     41     32     37      -      -      -      -      -      -   1512    210      0      1      0 
    1    235     65     67     98     17      0      0      0      0   1512   1410   2170      6      0 
    0     41     32     35      -      -      -      -      -      -   1512    210      0      1      0 
    1    234     65     67     98     17      0      0      0      0   1512   1410   2170      6      0 
    0     41     32     35      -      -      -      -      -      -   1512    210      0      1      0 
    1    241     65     67     98     16      0      0      0      0   1512   1410   2170      6      0 
    0     42     32     35      -      -      -      -      -      -   1512    210      0      1      0 
    1    236     64     67     98     16      0      0      0      0   1512   1410   2170      6      0 
# gpu    pwr  gtemp  mtemp     sm    mem    enc    dec    jpg    ofa   mclk   pclk     fb   bar1   ccpm 
# Idx      W      C      C      %      %      %      %      %      %    MHz    MHz     MB     MB     MB 
    0     41     32     37      -      -      -      -      -      -   1512    210      0      1      0 
    1    236     65     67     98     16      0      0      0      0   1512   1410   2170      6      0 
    0     42     32     35      -      -      -      -      -      -   1512    210      0      1      0 
    1    232     65     67     98     16      0      0      0      0   1512   1410   2170      6      0 
    0     41     32     35      -      -      -      -      -      -   1512    210      0      1      0 
    1    232     65     67     98     17      0      0      0      0   1512   1410   2170      6      0 
    0     42     32     35      -      -      -      -      -      -   1512    210      0      1      0 
    1    236     64     67     98     17      0      0      0      0   1512   1410   2170      6      0 
    0     42     32     37      -      -      -      -      -      -   1512    210      0      1      0 
    1    236     65     67     98     17      0      0      0      0   1512   1410   2170      6      0 
    0     43     32     35      -      -      -      -      -      -   1512    210      0      1      0 
    1    226     65     67     98     17      0      0      0      0   1512   1410   2170      6      0 
    0     42     32     35      -      -      -      -      -      -   1512    210      0      1      0 
    1    238     65     67     98     16      0      0      0      0   1512   1410   2170      6      0 
    0     42     32     35      -      -      -      -      -      -   1512    210      0      1      0 
    1    236     64     67     98     16      0      0      0      0   1512   1410   2170      6      0 
    0     42     32     35      -      -      -      -      -      -   1512    210      0      1      0 
    1    230     64     67     98     16      0      0      0      0   1512   1410   2170      6      0 
    0     42     32     35      -      -      -      -      -      -   1512    210      0      1      0 
    1    234     65     67     98     16      0      0      0      0   1512   1410   2170      6      0 
    0     41     32     35      -      -      -      -      -      -   1512    210      0      1      0 
    1    239     65     67     98     17      0      0      0      0   1512   1410   2170      6      0 
    0     42     32     35      -      -      -      -      -      -   1512    210      0      1      0 
    1    235     64     67     98     16      0      0      0      0   1512   1410   2170      6      0 
    0     41     32     35      -      -      -      -      -      -   1512    210      0      1      0 
    1    239     65     67     98     16      0      0      0      0   1512   1410   2170      6      0 
    0     41     32     35      -      -      -      -      -      -   1512    210      0      1      0 
    1    241     65     67     98     16      0      0      0      0   1512   1410   2170      6      0 
    0     42     32     35      -      -      -      -      -      -   1512    210      0      1      0 
    1    237     65     67     98     17      0      0      0      0   1512   1410   2170      6      0 
    0     41     32     35      -      -      -      -      -      -   1512    210      0      1      0 
    1    235     64     67     98     17      0      0      0      0   1512   1410   2170      6      0 
    0     41     32     35      -      -      -      -      -      -   1512    210      0      1      0 
    1    235     64     67     98     17      0      0      0      0   1512   1410   2170      6      0 
    0     41     32     35      -      -      -      -      -      -   1512    210      0      1      0 
    1    234     65     67     98     17      0      0      0      0   1512   1410   2170      6      0 
    0     41     32     35      -      -      -      -      -      -   1512    210      0      1      0 
    1    238     65     67     98     17      0      0      0      0   1512   1410   2170      6      0 
    0     42     32     35      -      -      -      -      -      -   1512    210      0      1      0 
    1    237     64     67     98     16      0      0      0      0   1512   1410   2170      6      0 
    0     42     32     35      -      -      -      -      -      -   1512    210      0      1      0 
    1    225     65     67     98     16      0      0      0      0   1512   1410   2170      6      0 
    0     42     32     35      -      -      -      -      -      -   1512    210      0      1      0 
    1    231     65     67     98     16      0      0      0      0   1512   1410   2170      6      0 
# gpu    pwr  gtemp  mtemp     sm    mem    enc    dec    jpg    ofa   mclk   pclk     fb   bar1   ccpm 
# Idx      W      C      C      %      %      %      %      %      %    MHz    MHz     MB     MB     MB 
    0     41     32     35      -      -      -      -      -      -   1512    210      0      1      0 
    1    240     65     67     98     16      0      0      0      0   1512   1410   2170      6      0 
    0     42     32     35      -      -      -      -      -      -   1512    210      0      1      0 
    1    236     65     67     98     17      0      0      0      0   1512   1410   2170      6      0 
    0     41     32     35      -      -      -      -      -      -   1512    210      0      1      0 
    1    233     64     67     98     17      0      0      0      0   1512   1410   2170      6      0 
    0     41     32     35      -      -      -      -      -      -   1512    210      0      1      0 
    1    229     65     67     98     16      0      0      0      0   1512   1410   2170      6      0 
    0     41     32     35      -      -      -      -      -      -   1512    210      0      1      0 
    1    237     65     67     98     16      0      0      0      0   1512   1410   2170      6      0 
    0     42     32     35      -      -      -      -      -      -   1512    210      0      1      0 
    1    238     65     67     98     16      0      0      0      0   1512   1410   2170      6      0 
    0     42     32     35      -      -      -      -      -      -   1512    210      0      1      0 
    1    241     65     67     98     16      0      0      0      0   1512   1410   2170      6      0 
    0     41     32     37      -      -      -      -      -      -   1512    210      0      1      0 
    1    238     65     67     98     16      0      0      0      0   1512   1410   2170      6      0 
    0     41     32     35      -      -      -      -      -      -   1512    210      0      1      0 
    1    231     65     67     98     16      0      0      0      0   1512   1410   2170      6      0 
    0     42     32     35      -      -      -      -      -      -   1512    210      0      1      0 
    1    230     65     67     98     16      0      0      0      0   1512   1410   2170      6      0 
    0     41     32     35      -      -      -      -      -      -   1512    210      0      1      0 
    1    237     64     67     98     16      0      0      0      0   1512   1410   2170      6      0 
    0     41     32     35      -      -      -      -      -      -   1512    210      0      1      0 
    1    238     65     67     98     16      0      0      0      0   1512   1410   2170      6      0 
    0     41     32     35      -      -      -      -      -      -   1512    210      0      1      0 
    1    238     65     67     98     16      0      0      0      0   1512   1410   2170      6      0 
    0     41     32     35      -      -      -      -      -      -   1512    210      0      1      0 
    1    230     65     67     98     16      0      0      0      0   1512   1410   2170      6      0 
    0     42     32     35      -      -      -      -      -      -   1512    210      0      1      0 
    1    230     64     67     98     16      0      0      0      0   1512   1410   2170      6      0 
    0     41     32     35      -      -      -      -      -      -   1512    210      0      1      0 
    1    231     65     67     98     17      0      0      0      0   1512   1410   2170      6      0 
    0     42     32     35      -      -      -      -      -      -   1512    210      0      1      0 
    1    236     65     67     98     17      0      0      0      0   1512   1410   2170      6      0 
    0     42     32     35      -      -      -      -      -      -   1512    210      0      1      0 
    1    234     65     67     98     16      0      0      0      0   1512   1410   2170      6      0 
    0     41     32     35      -      -      -      -      -      -   1512    210      0      1      0 
    1    238     64     67     98     17      0      0      0      0   1512   1410   2170      6      0 
    0     41     32     35      -      -      -      -      -      -   1512    210      0      1      0 
    1    230     65     67     98     16      0      0      0      0   1512   1410   2170      6      0 
    0     42     32     35      -      -      -      -      -      -   1512    210      0      1      0 
    1    235     65     67     98     16      0      0      0      0   1512   1410   2170      6      0 
    0     42     32     35      -      -      -      -      -      -   1512    210      0      1      0 
    1    239     65     67     98     16      0      0      0      0   1512   1410   2170      6      0 
# gpu    pwr  gtemp  mtemp     sm    mem    enc    dec    jpg    ofa   mclk   pclk     fb   bar1   ccpm 
# Idx      W      C      C      %      %      %      %      %      %    MHz    MHz     MB     MB     MB 
    0     41     32     35      -      -      -      -      -      -   1512    210      0      1      0 
    1    239     64     67     98     17      0      0      0      0   1512   1410   2170      6      0 
    0     41     32     35      -      -      -      -      -      -   1512    210      0      1      0 
    1    235     65     67     98     16      0      0      0      0   1512   1410   2170      6      0 
    0     42     32     37      -      -      -      -      -      -   1512    210      0      1      0 
    1    241     65     67     98     17      0      0      0      0   1512   1410   2170      6      0 
    0     42     32     35      -      -      -      -      -      -   1512    210      0      1      0 
    1    236     65     67     98     16      0      0      0      0   1512   1410   2170      6      0 
    0     40     32     35      -      -      -      -      -      -   1512    210      0      1      0 
    1    237     64     67     98     16      0      0      0      0   1512   1410   2170      6      0 
    0     42     32     35      -      -      -      -      -      -   1512    210      0      1      0 
    1    229     65     67     98     16      0      0      0      0   1512   1410   2170      6      0 
    0     42     32     35      -      -      -      -      -      -   1512    210      0      1      0 
    1    240     65     67     98     16      0      0      0      0   1512   1410   2170      6      0 
    0     41     32     35      -      -      -      -      -      -   1512    210      0      1      0 
    1    241     65     67     98     17      0      0      0      0   1512   1410   2170      6      0 
    0     42     32     35      -      -      -      -      -      -   1512    210      0      1      0 
    1    240     64     67     98     16      0      0      0      0   1512   1410   2170      6      0 
    0     41     32     35      -      -      -      -      -      -   1512    210      0      1      0 
    1    231     65     67     98     16      0      0      0      0   1512   1410   2170      6      0 
    0     42     32     37      -      -      -      -      -      -   1512    210      0      1      0 
    1    237     65     67     98     16      0      0      0      0   1512   1410   2170      6      0 
    0     42     32     35      -      -      -      -      -      -   1512    210      0      1      0 
    1    237     65     67     98     16      0      0      0      0   1512   1410   2170      6      0 
    0     41     32     35      -      -      -      -      -      -   1512    210      0      1      0 
    1    234     64     67     98     17      0      0      0      0   1512   1410   2170      6      0 
    0     41     32     35      -      -      -      -      -      -   1512    210      0      1      0 
    1    238     64     67     98     16      0      0      0      0   1512   1410   2170      6      0 
    0     41     32     35      -      -      -      -      -      -   1512    210      0      1      0 
    1    235     65     67     98     17      0      0      0      0   1512   1410   2170      6      0 
    0     41     32     35      -      -      -      -      -      -   1512    210      0      1      0 
    1    235     65     67     98     17      0      0      0      0   1512   1410   2170      6      0 
    0     41     32     35      -      -      -      -      -      -   1512    210      0      1      0 
    1    232     65     67     98     17      0      0      0      0   1512   1410   2170      6      0 
    0     42     32     35      -      -      -      -      -      -   1512    210      0      1      0 
    1    233     64     67     98     16      0      0      0      0   1512   1410   2170      6      0 
    0     42     32     35      -      -      -      -      -      -   1512    210      0      1      0 
    1    239     65     67     98     16      0      0      0      0   1512   1410   2170      6      0 
    0     41     32     35      -      -      -      -      -      -   1512    210      0      1      0 
    1    233     65     67     98     16      0      0      0      0   1512   1410   2170      6      0 
    0     42     32     35      -      -      -      -      -      -   1512    210      0      1      0 
    1    240     65     67     98     16      0      0      0      0   1512   1410   2170      6      0 
    0     42     32     35      -      -      -      -      -      -   1512    210      0      1      0 
    1    232     64     67     98     16      0      0      0      0   1512   1410   2170      6      0 
# gpu    pwr  gtemp  mtemp     sm    mem    enc    dec    jpg    ofa   mclk   pclk     fb   bar1   ccpm 
# Idx      W      C      C      %      %      %      %      %      %    MHz    MHz     MB     MB     MB 
    0     41     32     35      -      -      -      -      -      -   1512    210      0      1      0 
    1    236     65     67     98     16      0      0      0      0   1512   1410   2170      6      0 
    0     42     32     35      -      -      -      -      -      -   1512    210      0      1      0 
    1    231     65     67     98     16      0      0      0      0   1512   1410   2170      6      0 
    0     41     32     35      -      -      -      -      -      -   1512    210      0      1      0 
    1    237     65     67     98     16      0      0      0      0   1512   1410   2170      6      0 
    0     41     32     35      -      -      -      -      -      -   1512    210      0      1      0 
    1    230     64     67     98     16      0      0      0      0   1512   1410   2170      6      0 
    0     42     32     35      -      -      -      -      -      -   1512    210      0      1      0 
    1    233     65     67     98     16      0      0      0      0   1512   1410   2170      6      0 
    0     42     32     35      -      -      -      -      -      -   1512    210      0      1      0 
    1    237     65     67     98     16      0      0      0      0   1512   1410   2170      6      0 
    0     42     32     35      -      -      -      -      -      -   1512    210      0      1      0 
    1    238     65     67     98     16      0      0      0      0   1512   1410   2170      6      0 
    0     42     32     35      -      -      -      -      -      -   1512    210      0      1      0 
    1    238     64     67     98     16      0      0      0      0   1512   1410   2170      6      0 
    0     41     32     35      -      -      -      -      -      -   1512    210      0      1      0 
    1    226     65     67     98     16      0      0      0      0   1512   1410   2170      6      0 
    0     42     32     35      -      -      -      -      -      -   1512    210      0      1      0 
    1    231     65     67     98     17      0      0      0      0   1512   1410   2170      6      0 
    0     42     32     35      -      -      -      -      -      -   1512    210      0      1      0 
    1    236     65     67     98     16      0      0      0      0   1512   1410   2170      6      0 
    0     41     32     35      -      -      -      -      -      -   1512    210      0      1      0 
    1    238     64     67     98     16      0      0      0      0   1512   1410   2170      6      0 
    0     41     32     35      -      -      -      -      -      -   1512    210      0      1      0 
    1    235     65     67     98     16      0      0      0      0   1512   1410   2170      6      0 
    0     42     32     35      -      -      -      -      -      -   1512    210      0      1      0 
    1    237     65     67     98     17      0      0      0      0   1512   1410   2170      6      0 
    0     42     32     35      -      -      -      -      -      -   1512    210      0      1      0 
    1    237     65     67     98     16      0      0      0      0   1512   1410   2170      6      0 
    0     41     32     35      -      -      -      -      -      -   1512    210      0      1      0 
    1    239     65     67     98     16      0      0      0      0   1512   1410   2170      6      0 
    0     41     32     35      -      -      -      -      -      -   1512    210      0      1      0 
    1    229     64     67     98     17      0      0      0      0   1512   1410   2170      6      0 
    0     42     32     35      -      -      -      -      -      -   1512    210      0      1      0 
    1    239     65     67     98     16      0      0      0      0   1512   1410   2170      6      0 
    0     42     32     35      -      -      -      -      -      -   1512    210      0      1      0 
    1    232     65     67     98     16      0      0      0      0   1512   1410   2170      6      0 
    0     42     32     35      -      -      -      -      -      -   1512    210      0      1      0 
    1    236     65     67     98     16      0      0      0      0   1512   1410   2170      6      0 
    0     41     32     35      -      -      -      -      -      -   1512    210      0      1      0 
    1    236     64     67     98     17      0      0      0      0   1512   1410   2170      6      0 
    0     42     32     35      -      -      -      -      -      -   1512    210      0      1      0 
    1    236     65     67     98     17      0      0      0      0   1512   1410   2170      6      0 
# gpu    pwr  gtemp  mtemp     sm    mem    enc    dec    jpg    ofa   mclk   pclk     fb   bar1   ccpm 
# Idx      W      C      C      %      %      %      %      %      %    MHz    MHz     MB     MB     MB 
    0     41     32     35      -      -      -      -      -      -   1512    210      0      1      0 
    1    242     65     67     98     17      0      0      0      0   1512   1410   2170      6      0 
    0     42     32     35      -      -      -      -      -      -   1512    210      0      1      0 
    1    223     65     67     98     16      0      0      0      0   1512   1410   2170      6      0 
    0     42     32     35      -      -      -      -      -      -   1512    210      0      1      0 
    1    232     64     67     98     16      0      0      0      0   1512   1410   2170      6      0 
    0     42     32     35      -      -      -      -      -      -   1512    210      0      1      0 
    1    240     65     67     98     16      0      0      0      0   1512   1410   2170      6      0 
    0     42     32     35      -      -      -      -      -      -   1512    210      0      1      0 
    1    236     65     67     98     16      0      0      0      0   1512   1410   2170      6      0 
    0     42     32     35      -      -      -      -      -      -   1512    210      0      1      0 
    1    240     65     67     98     17      0      0      0      0   1512   1410   2170      6      0 
    0     42     32     35      -      -      -      -      -      -   1512    210      0      1      0 
    1    228     64     67     98     17      0      0      0      0   1512   1410   2170      6      0 
    0     41     32     35      -      -      -      -      -      -   1512    210      0      1      0 
    1    226     65     67     98     17      0      0      0      0   1512   1410   2170      6      0 
    0     42     32     35      -      -      -      -      -      -   1512    210      0      1      0 
    1    231     65     67     98     17      0      0      0      0   1512   1410   2170      6      0 
    0     42     32     35      -      -      -      -      -      -   1512    210      0      1      0 
    1    237     65     67     98     16      0      0      0      0   1512   1410   2170      6      0 
    0     41     32     35      -      -      -      -      -      -   1512    210      0      1      0 
    1    241     64     67     98     16      0      0      0      0   1512   1410   2170      6      0 
    0     42     32     35      -      -      -      -      -      -   1512    210      0      1      0 
    1    233     65     67     98     16      0      0      0      0   1512   1410   2170      6      0 
    0     42     32     35      -      -      -      -      -      -   1512    210      0      1      0 
    1    239     65     67     98     16      0      0      0      0   1512   1410   2170      6      0 
    0     41     32     35      -      -      -      -      -      -   1512    210      0      1      0 
    1    246     65     67     98     18      0      0      0      0   1512   1410   2170      6      0 
    0     42     32     35      -      -      -      -      -      -   1512    210      0      1      0 
    1    242     64     67     98     16      0      0      0      0   1512   1410   2170      6      0 
    0     42     32     35      -      -      -      -      -      -   1512    210      0      1      0 
    1    235     65     67     98     17      0      0      0      0   1512   1410   2170      6      0 
    0     42     32     35      -      -      -      -      -      -   1512    210      0      1      0 
    1    242     65     67     98     16      0      0      0      0   1512   1410   2170      6      0 
    0     42     32     35      -      -      -      -      -      -   1512    210      0      1      0 
    1    236     65     67     98     16      0      0      0      0   1512   1410   2170      6      0 
    0     42     32     35      -      -      -      -      -      -   1512    210      0      1      0 
    1    235     64     67     98     16      0      0      0      0   1512   1410   2170      6      0 
    0     41     32     35      -      -      -      -      -      -   1512    210      0      1      0 
    1    237     65     67     98     16      0      0      0      0   1512   1410   2170      6      0 
    0     41     32     35      -      -      -      -      -      -   1512    210      0      1      0 
    1    229     65     67     98     16      0      0      0      0   1512   1410   2170      6      0 
    0     42     32     35      -      -      -      -      -      -   1512    210      0      1      0 
    1    239     65     67     98     16      0      0      0      0   1512   1410   2170      6      0 
# gpu    pwr  gtemp  mtemp     sm    mem    enc    dec    jpg    ofa   mclk   pclk     fb   bar1   ccpm 
# Idx      W      C      C      %      %      %      %      %      %    MHz    MHz     MB     MB     MB 
    0     41     32     35      -      -      -      -      -      -   1512    210      0      1      0 
    1    236     64     67     98     17      0      0      0      0   1512   1410   2170      6      0 
    0     41     32     35      -      -      -      -      -      -   1512    210      0      1      0 
    1    230     65     67     98     16      0      0      0      0   1512   1410   2170      6      0 
    0     42     32     35      -      -      -      -      -      -   1512    210      0      1      0 
    1    236     65     67     98     17      0      0      0      0   1512   1410   2170      6      0 
    0     41     32     35      -      -      -      -      -      -   1512    210      0      1      0 
    1    236     65     67     98     16      0      0      0      0   1512   1410   2170      6      0 
    0     41     32     35      -      -      -      -      -      -   1512    210      0      1      0 
    1    230     64     67     98     16      0      0      0      0   1512   1410   2170      6      0 
    0     42     32     35      -      -      -      -      -      -   1512    210      0      1      0 
    1    232     65     67     98     16      0      0      0      0   1512   1410   2170      6      0 
    0     41     32     35      -      -      -      -      -      -   1512    210      0      1      0 
    1    237     65     67     98     16      0      0      0      0   1512   1410   2170      6      0 
    0     42     32     35      -      -      -      -      -      -   1512    210      0      1      0 
    1    237     65     67     98     16      0      0      0      0   1512   1410   2170      6      0 
    0     41     32     35      -      -      -      -      -      -   1512    210      0      1      0 
    1    232     64     67     98     17      0      0      0      0   1512   1410   2170      6      0 
    0     42     32     35      -      -      -      -      -      -   1512    210      0      1      0 
    1    235     65     67     98     16      0      0      0      0   1512   1410   2170      6      0 
    0     42     32     35      -      -      -      -      -      -   1512    210      0      1      0 
    1    234     65     67     98     16      0      0      0      0   1512   1410   2170      6      0 
    0     41     32     35      -      -      -      -      -      -   1512    210      0      1      0 
    1    237     65     67     98     16      0      0      0      0   1512   1410   2170      6      0 
    0     42     32     35      -      -      -      -      -      -   1512    210      0      1      0 
    1    243     64     67     98     16      0      0      0      0   1512   1410   2170      6      0 
    0     42     32     35      -      -      -      -      -      -   1512    210      0      1      0 
    1    237     65     67     98     16      0      0      0      0   1512   1410   2170      6      0 
    0     41     32     37      -      -      -      -      -      -   1512    210      0      1      0 
    1    232     65     67     98     17      0      0      0      0   1512   1410   2170      6      0 
    0     41     32     35      -      -      -      -      -      -   1512    210      0      1      0 
    1    238     65     67     98     16      0      0      0      0   1512   1410   2170      6      0 
    0     42     32     35      -      -      -      -      -      -   1512    210      0      1      0 
    1    232     64     67     98     17      0      0      0      0   1512   1410   2170      6      0 
    0     42     32     35      -      -      -      -      -      -   1512    210      0      1      0 
    1    235     65     67     98     16      0      0      0      0   1512   1410   2170      6      0 
    0     42     32     37      -      -      -      -      -      -   1512    210      0      1      0 
    1    237     65     67     98     16      0      0      0      0   1512   1410   2170      6      0 
    0     41     32     35      -      -      -      -      -      -   1512    210      0      1      0 
    1    235     65     67     98     16      0      0      0      0   1512   1410   2170      6      0 
    0     41     32     35      -      -      -      -      -      -   1512    210      0      1      0 
    1    237     64     67     98     16      0      0      0      0   1512   1410   2170      6      0 
    0     41     32     35      -      -      -      -      -      -   1512    210      0      1      0 
    1    233     65     67     98     17      0      0      0      0   1512   1410   2170      6      0 
# gpu    pwr  gtemp  mtemp     sm    mem    enc    dec    jpg    ofa   mclk   pclk     fb   bar1   ccpm 
# Idx      W      C      C      %      %      %      %      %      %    MHz    MHz     MB     MB     MB 
    0     42     32     35      -      -      -      -      -      -   1512    210      0      1      0 
    1    233     65     67     98     16      0      0      0      0   1512   1410   2170      6      0 
    0     41     32     35      -      -      -      -      -      -   1512    210      0      1      0 
    1    238     65     67     98     16      0      0      0      0   1512   1410   2170      6      0 
    0     42     32     35      -      -      -      -      -      -   1512    210      0      1      0 
    1    240     64     67     98     16      0      0      0      0   1512   1410   2170      6      0 
    0     42     32     35      -      -      -      -      -      -   1512    210      0      1      0 
    1    240     65     67     98     16      0      0      0      0   1512   1410   2170      6      0 
    0     42     32     35      -      -      -      -      -      -   1512    210      0      1      0 
    1    235     65     67     98     16      0      0      0      0   1512   1410   2170      6      0 
    0     42     32     35      -      -      -      -      -      -   1512    210      0      1      0 
    1    237     65     67     98     16      0      0      0      0   1512   1410   2170      6      0 
    0     41     32     35      -      -      -      -      -      -   1512    210      0      1      0 
    1    237     64     67     98     17      0      0      0      0   1512   1410   2170      6      0 
    0     42     32     35      -      -      -      -      -      -   1512    210      0      1      0 
    1    242     65     67     98     17      0      0      0      0   1512   1410   2170      6      0 
    0     41     32     35      -      -      -      -      -      -   1512    210      0      1      0 
    1    237     65     67     98     16      0      0      0      0   1512   1410   2170      6      0 
    0     41     32     35      -      -      -      -      -      -   1512    210      0      1      0 
    1    234     65     67     98     16      0      0      0      0   1512   1410   2170      6      0 
    0     41     32     35      -      -      -      -      -      -   1512    210      0      1      0 
    1    230     65     67     98     16      0      0      0      0   1512   1410   2170      6      0 
    0     41     32     35      -      -      -      -      -      -   1512    210      0      1      0 
    1    233     64     67     98     17      0      0      0      0   1512   1410   2170      6      0 
    0     42     32     35      -      -      -      -      -      -   1512    210      0      1      0 
    1    234     65     67     98     16      0      0      0      0   1512   1410   2170      6      0 
    0     43     32     35      -      -      -      -      -      -   1512    210      0      1      0 
    1    240     65     67     98     16      0      0      0      0   1512   1410   2170      6      0 
    0     42     32     35      -      -      -      -      -      -   1512    210      0      1      0 
    1    238     65     67     98     17      0      0      0      0   1512   1410   2170      6      0 
    0     42     32     35      -      -      -      -      -      -   1512    210      0      1      0 
    1    229     64     67     98     17      0      0      0      0   1512   1410   2170      6      0 
    0     41     32     35      -      -      -      -      -      -   1512    210      0      1      0 
    1    239     65     67     98     16      0      0      0      0   1512   1410   2170      6      0 
    0     42     32     35      -      -      -      -      -      -   1512    210      0      1      0 
    1    235     65     67     98     16      0      0      0      0   1512   1410   2170      6      0 
    0     42     32     35      -      -      -      -      -      -   1512    210      0      1      0 
    1    239     65     67     98     17      0      0      0      0   1512   1410   2170      6      0 
    0     42     32     35      -      -      -      -      -      -   1512    210      0      1      0 
    1    240     64     67     98     17      0      0      0      0   1512   1410   2170      6      0 
    0     42     32     35      -      -      -      -      -      -   1512    210      0      1      0 
    1    234     65     67     98     17      0      0      0      0   1512   1410   2170      6      0 
    0     42     32     35      -      -      -      -      -      -   1512    210      0      1      0 
    1    241     65     67     98     16      0      0      0      0   1512   1410   2170      6      0 
# gpu    pwr  gtemp  mtemp     sm    mem    enc    dec    jpg    ofa   mclk   pclk     fb   bar1   ccpm 
# Idx      W      C      C      %      %      %      %      %      %    MHz    MHz     MB     MB     MB 
    0     41     32     35      -      -      -      -      -      -   1512    210      0      1      0 
    1    231     65     67     98     16      0      0      0      0   1512   1410   2170      6      0 
    0     42     32     35      -      -      -      -      -      -   1512    210      0      1      0 
    1    243     64     67     98     17      0      0      0      0   1512   1410   2170      6      0 
    0     41     32     35      -      -      -      -      -      -   1512    210      0      1      0 
    1    234     65     67     98     16      0      0      0      0   1512   1410   2170      6      0 
    0     42     32     35      -      -      -      -      -      -   1512    210      0      1      0 
    1    237     65     67     98     16      0      0      0      0   1512   1410   2170      6      0 
    0     42     32     35      -      -      -      -      -      -   1512    210      0      1      0 
    1    232     65     67     98     16      0      0      0      0   1512   1410   2170      6      0 
    0     42     32     35      -      -      -      -      -      -   1512    210      0      1      0 
    1    236     64     67     98     16      0      0      0      0   1512   1410   2170      6      0 
    0     41     32     35      -      -      -      -      -      -   1512    210      0      1      0 
    1    235     65     67     98     17      0      0      0      0   1512   1410   2170      6      0 
    0     42     32     37      -      -      -      -      -      -   1512    210      0      1      0 
    1    229     65     67     98     17      0      0      0      0   1512   1410   2170      6      0 
    0     41     32     35      -      -      -      -      -      -   1512    210      0      1      0 
    1    229     65     67     98     16      0      0      0      0   1512   1410   2170      6      0 
    0     41     32     35      -      -      -      -      -      -   1512    210      0      1      0 
    1    230     64     67     98     16      0      0      0      0   1512   1410   2170      6      0 
    0     41     32     35      -      -      -      -      -      -   1512    210      0      1      0 
    1    238     65     67     98     16      0      0      0      0   1512   1410   2170      6      0 
    0     42     32     37      -      -      -      -      -      -   1512    210      0      1      0 
    1    230     65     67     98     17      0      0      0      0   1512   1410   2170      6      0 
    0     42     32     35      -      -      -      -      -      -   1512    210      0      1      0 
    1    231     65     67     98     16      0      0      0      0   1512   1410   2170      6      0 
    0     42     32     35      -      -      -      -      -      -   1512    210      0      1      0 
    1    238     64     67     98     17      0      0      0      0   1512   1410   2170      6      0 
    0     41     32     35      -      -      -      -      -      -   1512    210      0      1      0 
    1    235     65     67     98     16      0      0      0      0   1512   1410   2170      6      0 
    0     42     32     35      -      -      -      -      -      -   1512    210      0      1      0 
    1    237     65     67     98     17      0      0      0      0   1512   1410   2170      6      0 
    0     41     32     35      -      -      -      -      -      -   1512    210      0      1      0 
    1    239     65     67     98     16      0      0      0      0   1512   1410   2170      6      0 
    0     41     32     35      -      -      -      -      -      -   1512    210      0      1      0 
    1    234     64     67     98     16      0      0      0      0   1512   1410   2170      6      0 
    0     41     32     37      -      -      -      -      -      -   1512    210      0      1      0 
    1    232     65     67     98     16      0      0      0      0   1512   1410   2170      6      0 
    0     42     32     35      -      -      -      -      -      -   1512    210      0      1      0 
    1    243     65     67     98     16      0      0      0      0   1512   1410   2170      6      0 
    0     42     32     35      -      -      -      -      -      -   1512    210      0      1      0 
    1    236     65     67     98     16      0      0      0      0   1512   1410   2170      6      0 
    0     41     32     35      -      -      -      -      -      -   1512    210      0      1      0 
    1    226     64     67     98     17      0      0      0      0   1512   1410   2170      6      0 
# gpu    pwr  gtemp  mtemp     sm    mem    enc    dec    jpg    ofa   mclk   pclk     fb   bar1   ccpm 
# Idx      W      C      C      %      %      %      %      %      %    MHz    MHz     MB     MB     MB 
    0     43     32     35      -      -      -      -      -      -   1512    210      0      1      0 
    1    237     65     67     98     16      0      0      0      0   1512   1410   2170      6      0 
    0     41     32     37      -      -      -      -      -      -   1512    210      0      1      0 
    1    240     65     67     98     16      0      0      0      0   1512   1410   2170      6      0 
    0     42     32     37      -      -      -      -      -      -   1512    210      0      1      0 
    1    238     65     67     98     16      0      0      0      0   1512   1410   2170      6      0 
    0     42     32     35      -      -      -      -      -      -   1512    210      0      1      0 
    1    234     65     67     98     17      0      0      0      0   1512   1410   2170      6      0 
    0     41     32     35      -      -      -      -      -      -   1512    210      0      1      0 
    1    241     64     67     98     16      0      0      0      0   1512   1410   2170      6      0 
    0     42     32     35      -      -      -      -      -      -   1512    210      0      1      0 
    1    232     65     67     98     17      0      0      0      0   1512   1410   2170      6      0 
    0     41     32     35      -      -      -      -      -      -   1512    210      0      1      0 
    1    231     65     67     98     16      0      0      0      0   1512   1410   2170      6      0 
    0     41     32     35      -      -      -      -      -      -   1512    210      0      1      0 
    1    237     65     67     98     16      0      0      0      0   1512   1410   2170      6      0 
    0     42     32     35      -      -      -      -      -      -   1512    210      0      1      0 
    1    230     64     67     98     17      0      0      0      0   1512   1410   2170      6      0 
    0     41     32     37      -      -      -      -      -      -   1512    210      0      1      0 
    1    238     65     67     98     16      0      0      0      0   1512   1410   2170      6      0 
    0     42     32     35      -      -      -      -      -      -   1512    210      0      1      0 
    1    243     65     67     98     16      0      0      0      0   1512   1410   2170      6      0 
    0     42     32     35      -      -      -      -      -      -   1512    210      0      1      0 
    1    236     64     67     98     16      0      0      0      0   1512   1410   2170      6      0 
    0     41     32     35      -      -      -      -      -      -   1512    210      0      1      0 
    1    240     65     67     98     17      0      0      0      0   1512   1410   2170      6      0 
    0     42     32     35      -      -      -      -      -      -   1512    210      0      1      0 
    1    224     65     67     98     17      0      0      0      0   1512   1410   2170      6      0 
    0     42     32     35      -      -      -      -      -      -   1512    210      0      1      0 
    1    233     65     67     98     16      0      0      0      0   1512   1410   2170      6      0 
    0     41     32     35      -      -      -      -      -      -   1512    210      0      1      0 
    1    236     64     67     98     16      0      0      0      0   1512   1410   2170      6      0 
    0     42     32     35      -      -      -      -      -      -   1512    210      0      1      0 
    1    231     64     67     98     16      0      0      0      0   1512   1410   2170      6      0 
    0     42     32     35      -      -      -      -      -      -   1512    210      0      1      0 
    1    236     65     67     98     17      0      0      0      0   1512   1410   2170      6      0 
    0     42     32     35      -      -      -      -      -      -   1512    210      0      1      0 
    1    239     65     67     98     17      0      0      0      0   1512   1410   2170      6      0 
    0     42     32     35      -      -      -      -      -      -   1512    210      0      1      0 
    1    234     64     67     98     17      0      0      0      0   1512   1410   2170      6      0 
    0     41     32     35      -      -      -      -      -      -   1512    210      0      1      0 
    1    237     65     67     98     16      0      0      0      0   1512   1410   2170      6      0 
    0     42     32     35      -      -      -      -      -      -   1512    210      0      1      0 
    1    235     65     67     98     16      0      0      0      0   1512   1410   2170      6      0 
# gpu    pwr  gtemp  mtemp     sm    mem    enc    dec    jpg    ofa   mclk   pclk     fb   bar1   ccpm 
# Idx      W      C      C      %      %      %      %      %      %    MHz    MHz     MB     MB     MB 
    0     42     32     35      -      -      -      -      -      -   1512    210      0      1      0 
    1    237     64     67     98     17      0      0      0      0   1512   1410   2170      6      0 
    0     42     32     35      -      -      -      -      -      -   1512    210      0      1      0 
    1    239     65     67     98     16      0      0      0      0   1512   1410   2170      6      0 
    0     41     32     35      -      -      -      -      -      -   1512    210      0      1      0 
    1    244     65     67     98     16      0      0      0      0   1512   1410   2170      6      0 
    0     42     32     35      -      -      -      -      -      -   1512    210      0      1      0 
    1    232     65     67     98     16      0      0      0      0   1512   1410   2170      6      0 
    0     41     32     35      -      -      -      -      -      -   1512    210      0      1      0 
    1    235     64     67     98     17      0      0      0      0   1512   1410   2170      6      0 
    0     41     32     35      -      -      -      -      -      -   1512    210      0      1      0 
    1    230     65     67     98     16      0      0      0      0   1512   1410   2170      6      0 
    0     41     32     37      -      -      -      -      -      -   1512    210      0      1      0 
    1    241     65     67     98     16      0      0      0      0   1512   1410   2170      6      0 
    0     41     32     35      -      -      -      -      -      -   1512    210      0      1      0 
    1    235     65     67     98     16      0      0      0      0   1512   1410   2170      6      0 
    0     42     32     35      -      -      -      -      -      -   1512    210      0      1      0 
    1    237     64     67     98     16      0      0      0      0   1512   1410   2170      6      0 
    0     41     32     35      -      -      -      -      -      -   1512    210      0      1      0 
    1    239     65     67     98     16      0      0      0      0   1512   1410   2170      6      0 
    0     42     32     37      -      -      -      -      -      -   1512    210      0      1      0 
    1    236     65     67     98     16      0      0      0      0   1512   1410   2170      6      0 
    0     41     32     35      -      -      -      -      -      -   1512    210      0      1      0 
    1    238     65     67     98     16      0      0      0      0   1512   1410   2170      6      0 
    0     42     32     35      -      -      -      -      -      -   1512    210      0      1      0 
    1    238     64     67     98     16      0      0      0      0   1512   1410   2170      6      0 
    0     41     32     35      -      -      -      -      -      -   1512    210      0      1      0 
    1    238     65     67     98     17      0      0      0      0   1512   1410   2170      6      0 
    0     42     32     35      -      -      -      -      -      -   1512    210      0      1      0 
    1    236     65     67     98     17      0      0      0      0   1512   1410   2170      6      0 
    0     41     32     35      -      -      -      -      -      -   1512    210      0      1      0 
    1    239     65     67     98     16      0      0      0      0   1512   1410   2170      6      0 
    0     42     32     35      -      -      -      -      -      -   1512    210      0      1      0 
    1    238     65     67     98     16      0      0      0      0   1512   1410   2170      6      0 
    0     42     32     35      -      -      -      -      -      -   1512    210      0      1      0 
    1    240     64     67     98     16      0      0      0      0   1512   1410   2170      6      0 
    0     42     32     35      -      -      -      -      -      -   1512    210      0      1      0 
    1    232     65     67     98     17      0      0      0      0   1512   1410   2170      6      0 
    0     41     32     35      -      -      -      -      -      -   1512    210      0      1      0 
    1    234     65     67     98     16      0      0      0      0   1512   1410   2170      6      0 
    0     42     32     35      -      -      -      -      -      -   1512    210      0      1      0 
    1    236     64     67     98     16      0      0      0      0   1512   1410   2170      6      0 
    0     42     32     35      -      -      -      -      -      -   1512    210      0      1      0 
    1    234     64     67     98     16      0      0      0      0   1512   1410   2170      6      0 
# gpu    pwr  gtemp  mtemp     sm    mem    enc    dec    jpg    ofa   mclk   pclk     fb   bar1   ccpm 
# Idx      W      C      C      %      %      %      %      %      %    MHz    MHz     MB     MB     MB 
    0     42     32     35      -      -      -      -      -      -   1512    210      0      1      0 
    1    238     65     67     98     16      0      0      0      0   1512   1410   2170      6      0 
    0     41     32     35      -      -      -      -      -      -   1512    210      0      1      0 
    1    235     65     67     98     16      0      0      0      0   1512   1410   2170      6      0 
    0     41     32     35      -      -      -      -      -      -   1512    210      0      1      0 
    1    236     65     67     98     16      0      0      0      0   1512   1410   2170      6      0 
    0     41     32     35      -      -      -      -      -      -   1512    210      0      1      0 
    1    243     64     67     98     17      0      0      0      0   1512   1410   2170      6      0 
    0     41     32     35      -      -      -      -      -      -   1512    210      0      1      0 
    1    239     65     67     98     16      0      0      0      0   1512   1410   2170      6      0 
    0     42     32     37      -      -      -      -      -      -   1512    210      0      1      0 
    1    241     65     67     98     17      0      0      0      0   1512   1410   2170      6      0 
    0     42     32     35      -      -      -      -      -      -   1512    210      0      1      0 
    1    238     65     67     98     16      0      0      0      0   1512   1410   2170      6      0 
    0     41     32     35      -      -      -      -      -      -   1512    210      0      1      0 
    1    236     64     67     98     16      0      0      0      0   1512   1410   2170      6      0 
    0     41     32     35      -      -      -      -      -      -   1512    210      0      1      0 
    1    238     65     67     98     16      0      0      0      0   1512   1410   2170      6      0 
    0     41     32     35      -      -      -      -      -      -   1512    210      0      1      0 
    1    236     65     67     98     16      0      0      0      0   1512   1410   2170      6      0 
    0     41     32     35      -      -      -      -      -      -   1512    210      0      1      0 
    1    237     65     67     98     16      0      0      0      0   1512   1410   2170      6      0 
    0     41     32     35      -      -      -      -      -      -   1512    210      0      1      0 
    1    234     64     67     98     17      0      0      0      0   1512   1410   2170      6      0 
    0     42     32     35      -      -      -      -      -      -   1512    210      0      1      0 
    1    239     65     67     98     17      0      0      0      0   1512   1410   2170      6      0 
    0     41     32     35      -      -      -      -      -      -   1512    210      0      1      0 
    1    240     65     67     98     16      0      0      0      0   1512   1410   2170      6      0 
    0     42     32     35      -      -      -      -      -      -   1512    210      0      1      0 
    1    240     65     67     98     17      0      0      0      0   1512   1410   2170      6      0 
    0     41     32     35      -      -      -      -      -      -   1512    210      0      1      0 
    1    237     64     67     98     16      0      0      0      0   1512   1410   2170      6      0 
    0     42     32     35      -      -      -      -      -      -   1512    210      0      1      0 
    1    229     65     67     98     16      0      0      0      0   1512   1410   2170      6      0 
    0     42     32     35      -      -      -      -      -      -   1512    210      0      1      0 
    1    239     65     67     98     16      0      0      0      0   1512   1410   2170      6      0 
    0     41     32     35      -      -      -      -      -      -   1512    210      0      1      0 
    1    237     65     67     98     17      0      0      0      0   1512   1410   2170      6      0 
    0     42     32     35      -      -      -      -      -      -   1512    210      0      1      0 
    1    236     64     67     98     16      0      0      0      0   1512   1410   2170      6      0 
    0     41     32     35      -      -      -      -      -      -   1512    210      0      1      0 
    1    232     65     67     98     17      0      0      0      0   1512   1410   2170      6      0 
    0     42     32     35      -      -      -      -      -      -   1512    210      0      1      0 
    1    235     65     67     98     16      0      0      0      0   1512   1410   2170      6      0 
# gpu    pwr  gtemp  mtemp     sm    mem    enc    dec    jpg    ofa   mclk   pclk     fb   bar1   ccpm 
# Idx      W      C      C      %      %      %      %      %      %    MHz    MHz     MB     MB     MB 
    0     41     32     35      -      -      -      -      -      -   1512    210      0      1      0 
    1    234     65     67     98     16      0      0      0      0   1512   1410   2170      6      0 
    0     42     32     35      -      -      -      -      -      -   1512    210      0      1      0 
    1    235     64     67     98     16      0      0      0      0   1512   1410   2170      6      0 
    0     42     32     35      -      -      -      -      -      -   1512    210      0      1      0 
    1    237     65     67     98     17      0      0      0      0   1512   1410   2170      6      0 
    0     41     32     35      -      -      -      -      -      -   1512    210      0      1      0 
    1    232     65     67     98     16      0      0      0      0   1512   1410   2170      6      0 
    0     41     32     35      -      -      -      -      -      -   1512    210      0      1      0 
    1    237     65     67     98     17      0      0      0      0   1512   1410   2170      6      0 
    0     42     32     35      -      -      -      -      -      -   1512    210      0      1      0 
    1    238     64     67     98     17      0      0      0      0   1512   1410   2170      6      0 
    0     42     32     35      -      -      -      -      -      -   1512    210      0      1      0 
    1    229     65     67     98     16      0      0      0      0   1512   1410   2170      6      0 
    0     41     32     35      -      -      -      -      -      -   1512    210      0      1      0 
    1    233     65     67     98     16      0      0      0      0   1512   1410   2170      6      0 
    0     41     32     35      -      -      -      -      -      -   1512    210      0      1      0 
    1    228     65     67     98     16      0      0      0      0   1512   1410   2170      6      0 
    0     41     32     35      -      -      -      -      -      -   1512    210      0      1      0 
    1    227     64     67     98     16      0      0      0      0   1512   1410   2170      6      0 
    0     42     32     35      -      -      -      -      -      -   1512    210      0      1      0 
    1    236     65     67     98     16      0      0      0      0   1512   1410   2170      6      0 
    0     42     32     35      -      -      -      -      -      -   1512    210      0      1      0 
    1    241     65     67     98     17      0      0      0      0   1512   1410   2170      6      0 
    0     42     32     35      -      -      -      -      -      -   1512    210      0      1      0 
    1    234     65     67     98     17      0      0      0      0   1512   1410   2170      6      0 
    0     42     32     35      -      -      -      -      -      -   1512    210      0      1      0 
    1    230     64     67     98     16      0      0      0      0   1512   1410   2170      6      0 
    0     41     32     35      -      -      -      -      -      -   1512    210      0      1      0 
    1    232     65     67     98     16      0      0      0      0   1512   1410   2170      6      0 
    0     42     32     35      -      -      -      -      -      -   1512    210      0      1      0 
    1    240     65     67     98     16      0      0      0      0   1512   1410   2170      6      0 
    0     42     32     35      -      -      -      -      -      -   1512    210      0      1      0 
    1    236     65     67     98     16      0      0      0      0   1512   1410   2170      6      0 
    0     41     32     35      -      -      -      -      -      -   1512    210      0      1      0 
    1    225     64     67     98     16      0      0      0      0   1512   1410   2170      6      0 
    0     42     32     35      -      -      -      -      -      -   1512    210      0      1      0 
    1    227     65     67     98     16      0      0      0      0   1512   1410   2170      6      0 
    0     42     32     35      -      -      -      -      -      -   1512    210      0      1      0 
    1    230     65     67     98     16      0      0      0      0   1512   1410   2170      6      0 
    0     41     32     35      -      -      -      -      -      -   1512    210      0      1      0 
    1    232     65     67     98     16      0      0      0      0   1512   1410   2170      6      0 
    0     42     32     35      -      -      -      -      -      -   1512    210      0      1      0 
    1    240     64     67     98     16      0      0      0      0   1512   1410   2170      6      0 
# gpu    pwr  gtemp  mtemp     sm    mem    enc    dec    jpg    ofa   mclk   pclk     fb   bar1   ccpm 
# Idx      W      C      C      %      %      %      %      %      %    MHz    MHz     MB     MB     MB 
    0     42     32     35      -      -      -      -      -      -   1512    210      0      1      0 
    1    238     65     67     98     16      0      0      0      0   1512   1410   2170      6      0 
    0     42     32     35      -      -      -      -      -      -   1512    210      0      1      0 
    1    243     65     67     98     16      0      0      0      0   1512   1410   2170      6      0 
    0     41     32     35      -      -      -      -      -      -   1512    210      0      1      0 
    1    238     65     67     98     16      0      0      0      0   1512   1410   2170      6      0 
    0     42     32     35      -      -      -      -      -      -   1512    210      0      1      0 
    1    236     64     67     98     16      0      0      0      0   1512   1410   2170      6      0 
    0     42     32     35      -      -      -      -      -      -   1512    210      0      1      0 
    1    235     65     67     98     16      0      0      0      0   1512   1410   2170      6      0 
    0     42     32     35      -      -      -      -      -      -   1512    210      0      1      0 
    1    236     65     67     98     16      0      0      0      0   1512   1410   2170      6      0 
    0     43     32     35      -      -      -      -      -      -   1512    210      0      1      0 
    1    236     65     67     98     16      0      0      0      0   1512   1410   2170      6      0 
    0     41     32     35      -      -      -      -      -      -   1512    210      0      1      0 
    1    237     64     67     98     17      0      0      0      0   1512   1410   2170      6      0 
    0     42     32     35      -      -      -      -      -      -   1512    210      0      1      0 
    1    243     65     67     98     16      0      0      0      0   1512   1410   2170      6      0 
    0     42     32     35      -      -      -      -      -      -   1512    210      0      1      0 
    1    233     65     67     98     16      0      0      0      0   1512   1410   2170      6      0 
    0     42     32     35      -      -      -      -      -      -   1512    210      0      1      0 
    1    230     65     67     98     17      0      0      0      0   1512   1410   2170      6      0 
    0     41     32     35      -      -      -      -      -      -   1512    210      0      1      0 
    1    238     64     67     98     16      0      0      0      0   1512   1410   2170      6      0 
    0     41     32     35      -      -      -      -      -      -   1512    210      0      1      0 
    1    237     65     67     98     16      0      0      0      0   1512   1410   2170      6      0 
    0     42     32     35      -      -      -      -      -      -   1512    210      0      1      0 
    1    237     65     67     98     16      0      0      0      0   1512   1410   2170      6      0 
    0     42     32     35      -      -      -      -      -      -   1512    210      0      1      0 
    1    227     65     67     98     16      0      0      0      0   1512   1410   2170      6      0 
    0     41     32     35      -      -      -      -      -      -   1512    210      0      1      0 
    1    238     64     67     98     16      0      0      0      0   1512   1410   2170      6      0 
    0     42     32     35      -      -      -      -      -      -   1512    210      0      1      0 
    1    240     65     67     98     17      0      0      0      0   1512   1410   2170      6      0 
    0     41     32     35      -      -      -      -      -      -   1512    210      0      1      0 
    1    236     65     67     98     17      0      0      0      0   1512   1410   2170      6      0 
    0     41     32     35      -      -      -      -      -      -   1512    210      0      1      0 
    1    233     65     67     98     17      0      0      0      0   1512   1410   2170      6      0 
    0     41     32     35      -      -      -      -      -      -   1512    210      0      1      0 
    1    224     64     67     98     17      0      0      0      0   1512   1410   2170      6      0 
    0     42     32     35      -      -      -      -      -      -   1512    210      0      1      0 
    1    234     65     67     98     17      0      0      0      0   1512   1410   2170      6      0 
    0     41     32     35      -      -      -      -      -      -   1512    210      0      1      0 
    1    232     65     67     98     16      0      0      0      0   1512   1410   2170      6      0 
# gpu    pwr  gtemp  mtemp     sm    mem    enc    dec    jpg    ofa   mclk   pclk     fb   bar1   ccpm 
# Idx      W      C      C      %      %      %      %      %      %    MHz    MHz     MB     MB     MB 
    0     43     32     35      -      -      -      -      -      -   1512    210      0      1      0 
    1    235     65     67     98     17      0      0      0      0   1512   1410   2170      6      0 
    0     41     32     35      -      -      -      -      -      -   1512    210      0      1      0 
    1    240     64     67     98     16      0      0      0      0   1512   1410   2170      6      0 
    0     42     32     35      -      -      -      -      -      -   1512    210      0      1      0 
    1    240     65     67     98     16      0      0      0      0   1512   1410   2170      6      0 
    0     42     32     35      -      -      -      -      -      -   1512    210      0      1      0 
    1    232     65     67     98     16      0      0      0      0   1512   1410   2170      6      0 
    0     40     32     35      -      -      -      -      -      -   1512    210      0      1      0 
    1    233     65     67     98     16      0      0      0      0   1512   1410   2170      6      0 
    0     42     32     35      -      -      -      -      -      -   1512    210      0      1      0 
    1    234     64     67     98     16      0      0      0      0   1512   1410   2170      6      0 
    0     43     32     35      -      -      -      -      -      -   1512    210      0      1      0 
    1    231     65     67     98     17      0      0      0      0   1512   1410   2170      6      0 
    0     41     32     35      -      -      -      -      -      -   1512    210      0      1      0 
    1    238     65     67     98     16      0      0      0      0   1512   1410   2170      6      0 
    0     42     32     35      -      -      -      -      -      -   1512    210      0      1      0 
    1    226     65     67     98     16      0      0      0      0   1512   1410   2170      6      0 
    0     41     32     35      -      -      -      -      -      -   1512    210      0      1      0 
    1    238     64     67     98     17      0      0      0      0   1512   1410   2170      6      0 
    0     42     32     35      -      -      -      -      -      -   1512    210      0      1      0 
    1    237     65     67     98     16      0      0      0      0   1512   1410   2170      6      0 
    0     42     32     35      -      -      -      -      -      -   1512    210      0      1      0 
    1    236     65     67     98     16      0      0      0      0   1512   1410   2170      6      0 
    0     42     32     35      -      -      -      -      -      -   1512    210      0      1      0 
    1    236     65     67     98     16      0      0      0      0   1512   1410   2170      6      0 
    0     42     32     35      -      -      -      -      -      -   1512    210      0      1      0 
    1    239     64     67     98     17      0      0      0      0   1512   1410   2170      6      0 
    0     41     32     35      -      -      -      -      -      -   1512    210      0      1      0 
    1    239     65     67     98     16      0      0      0      0   1512   1410   2170      6      0 
    0     42     32     35      -      -      -      -      -      -   1512    210      0      1      0 
    1    234     65     67     98     17      0      0      0      0   1512   1410   2170      6      0 
    0     41     32     35      -      -      -      -      -      -   1512    210      0      1      0 
    1    241     65     67     98     16      0      0      0      0   1512   1410   2170      6      0 
    0     42     32     35      -      -      -      -      -      -   1512    210      0      1      0 
    1    236     64     67     98     16      0      0      0      0   1512   1410   2170      6      0 
    0     41     32     35      -      -      -      -      -      -   1512    210      0      1      0 
    1    235     65     67     98     16      0      0      0      0   1512   1410   2170      6      0 
    0     42     32     35      -      -      -      -      -      -   1512    210      0      1      0 
    1    235     65     67     98     16      0      0      0      0   1512   1410   2170      6      0 
    0     41     32     35      -      -      -      -      -      -   1512    210      0      1      0 
    1    231     65     67     98     16      0      0      0      0   1512   1410   2170      6      0 
    0     42     32     35      -      -      -      -      -      -   1512    210      0      1      0 
    1    234     64     67     98     16      0      0      0      0   1512   1410   2170      6      0 
# gpu    pwr  gtemp  mtemp     sm    mem    enc    dec    jpg    ofa   mclk   pclk     fb   bar1   ccpm 
# Idx      W      C      C      %      %      %      %      %      %    MHz    MHz     MB     MB     MB 
    0     42     32     35      -      -      -      -      -      -   1512    210      0      1      0 
    1    230     65     67     98     16      0      0      0      0   1512   1410   2170      6      0 
    0     42     32     35      -      -      -      -      -      -   1512    210      0      1      0 
    1    242     65     67     98     16      0      0      0      0   1512   1410   2170      6      0 
    0     42     32     35      -      -      -      -      -      -   1512    210      0      1      0 
    1    239     65     67     98     16      0      0      0      0   1512   1410   2170      6      0 
    0     42     32     35      -      -      -      -      -      -   1512    210      0      1      0 
    1    235     64     67     98     16      0      0      0      0   1512   1410   2170      6      0 
    0     42     32     35      -      -      -      -      -      -   1512    210      0      1      0 
    1    239     65     67     98     16      0      0      0      0   1512   1410   2170      6      0 
    0     42     32     35      -      -      -      -      -      -   1512    210      0      1      0 
    1    234     65     67     98     16      0      0      0      0   1512   1410   2170      6      0 
    0     42     32     37      -      -      -      -      -      -   1512    210      0      1      0 
    1    235     65     67     98     17      0      0      0      0   1512   1410   2170      6      0 
    0     42     32     35      -      -      -      -      -      -   1512    210      0      1      0 
    1    234     64     67     98     17      0      0      0      0   1512   1410   2170      6      0 
    0     42     32     35      -      -      -      -      -      -   1512    210      0      1      0 
    1    236     65     67     98     16      0      0      0      0   1512   1410   2170      6      0 
    0     41     32     35      -      -      -      -      -      -   1512    210      0      1      0 
    1    237     65     67     98     16      0      0      0      0   1512   1410   2170      6      0 
    0     41     32     35      -      -      -      -      -      -   1512    210      0      1      0 
    1    233     65     67     98     16      0      0      0      0   1512   1410   2170      6      0 
    0     43     32     35      -      -      -      -      -      -   1512    210      0      1      0 
    1    237     64     67     98     16      0      0      0      0   1512   1410   2170      6      0 
    0     41     32     35      -      -      -      -      -      -   1512    210      0      1      0 
    1    242     65     67     98     16      0      0      0      0   1512   1410   2170      6      0 
    0     41     32     35      -      -      -      -      -      -   1512    210      0      1      0 
    1    233     65     67     98     17      0      0      0      0   1512   1410   2170      6      0 
    0     42     32     35      -      -      -      -      -      -   1512    210      0      1      0 
    1    236     65     67     98     16      0      0      0      0   1512   1410   2170      6      0 
    0     41     32     35      -      -      -      -      -      -   1512    210      0      1      0 
    1    230     65     67     98     17      0      0      0      0   1512   1410   2170      6      0 
    0     42     32     35      -      -      -      -      -      -   1512    210      0      1      0 
    1    240     65     67     98     16      0      0      0      0   1512   1410   2170      6      0 
    0     42     32     35      -      -      -      -      -      -   1512    210      0      1      0 
    1    231     65     67     98     16      0      0      0      0   1512   1410   2170      6      0 
    0     41     32     35      -      -      -      -      -      -   1512    210      0      1      0 
    1    237     65     67     98     16      0      0      0      0   1512   1410   2170      6      0 
    0     42     32     35      -      -      -      -      -      -   1512    210      0      1      0 
    1    233     64     67     98     16      0      0      0      0   1512   1410   2170      6      0 
    0     42     32     35      -      -      -      -      -      -   1512    210      0      1      0 
    1    242     65     67     98     16      0      0      0      0   1512   1410   2170      6      0 
    0     41     32     35      -      -      -      -      -      -   1512    210      0      1      0 
    1    234     65     67     98     17      0      0      0      0   1512   1410   2170      6      0 
# gpu    pwr  gtemp  mtemp     sm    mem    enc    dec    jpg    ofa   mclk   pclk     fb   bar1   ccpm 
# Idx      W      C      C      %      %      %      %      %      %    MHz    MHz     MB     MB     MB 
    0     42     32     35      -      -      -      -      -      -   1512    210      0      1      0 
    1    237     65     67     98     16      0      0      0      0   1512   1410   2170      6      0 
    0     42     32     35      -      -      -      -      -      -   1512    210      0      1      0 
    1    237     65     67     98     16      0      0      0      0   1512   1410   2170      6      0 
    0     42     32     35      -      -      -      -      -      -   1512    210      0      1      0 
    1    236     64     67     98     16      0      0      0      0   1512   1410   2170      6      0 
    0     42     32     37      -      -      -      -      -      -   1512    210      0      1      0 
    1    232     65     67     98     16      0      0      0      0   1512   1410   2170      6      0 
    0     42     32     35      -      -      -      -      -      -   1512    210      0      1      0 
    1    230     65     67     98     16      0      0      0      0   1512   1410   2170      6      0 
    0     41     32     35      -      -      -      -      -      -   1512    210      0      1      0 
    1    235     65     67     98     16      0      0      0      0   1512   1410   2170      6      0 
    0     42     32     35      -      -      -      -      -      -   1512    210      0      1      0 
    1    236     64     67     98     16      0      0      0      0   1512   1410   2170      6      0 
    0     42     32     35      -      -      -      -      -      -   1512    210      0      1      0 
    1    235     65     67     98     17      0      0      0      0   1512   1410   2170      6      0 
    0     43     32     35      -      -      -      -      -      -   1512    210      0      1      0 
    1    240     65     67     98     16      0      0      0      0   1512   1410   2170      6      0 
    0     42     32     35      -      -      -      -      -      -   1512    210      0      1      0 
    1    237     65     67     98     16      0      0      0      0   1512   1410   2170      6      0 
    0     41     32     35      -      -      -      -      -      -   1512    210      0      1      0 
    1    233     64     67     98     16      0      0      0      0   1512   1410   2170      6      0 
    0     41     32     35      -      -      -      -      -      -   1512    210      0      1      0 
    1    242     65     67     98     17      0      0      0      0   1512   1410   2170      6      0 
    0     42     32     35      -      -      -      -      -      -   1512    210      0      1      0 
    1    239     65     67     98     17      0      0      0      0   1512   1410   2170      6      0 
    0     42     32     35      -      -      -      -      -      -   1512    210      0      1      0 
    1    240     65     67     98     17      0      0      0      0   1512   1410   2170      6      0 
    0     41     32     35      -      -      -      -      -      -   1512    210      0      1      0 
    1    237     64     67     98     16      0      0      0      0   1512   1410   2170      6      0 
    0     41     32     35      -      -      -      -      -      -   1512    210      0      1      0 
    1    239     65     67     98     16      0      0      0      0   1512   1410   2170      6      0 
    0     42     32     35      -      -      -      -      -      -   1512    210      0      1      0 
    1    239     65     67     98     16      0      0      0      0   1512   1410   2170      6      0 
    0     41     32     35      -      -      -      -      -      -   1512    210      0      1      0 
    1    229     65     67     98     16      0      0      0      0   1512   1410   2170      6      0 
    0     42     32     35      -      -      -      -      -      -   1512    210      0      1      0 
    1    240     64     67     98     16      0      0      0      0   1512   1410   2170      6      0 
    0     42     32     35      -      -      -      -      -      -   1512    210      0      1      0 
    1    234     65     67     98     17      0      0      0      0   1512   1410   2170      6      0 
    0     42     32     35      -      -      -      -      -      -   1512    210      0      1      0 
    1    238     65     67     98     17      0      0      0      0   1512   1410   2170      6      0 
    0     42     32     35      -      -      -      -      -      -   1512    210      0      1      0 
    1    233     65     67     98     16      0      0      0      0   1512   1410   2170      6      0 
# gpu    pwr  gtemp  mtemp     sm    mem    enc    dec    jpg    ofa   mclk   pclk     fb   bar1   ccpm 
# Idx      W      C      C      %      %      %      %      %      %    MHz    MHz     MB     MB     MB 
    0     42     32     35      -      -      -      -      -      -   1512    210      0      1      0 
    1    237     64     67     98     16      0      0      0      0   1512   1410   2170      6      0 
    0     42     32     35      -      -      -      -      -      -   1512    210      0      1      0 
    1    234     65     67     98     17      0      0      0      0   1512   1410   2170      6      0 
    0     41     32     37      -      -      -      -      -      -   1512    210      0      1      0 
    1    232     65     67     98     17      0      0      0      0   1512   1410   2170      6      0 
    0     42     32     35      -      -      -      -      -      -   1512    210      0      1      0 
    1    242     65     67     98     17      0      0      0      0   1512   1410   2170      6      0 
    0     41     32     35      -      -      -      -      -      -   1512    210      0      1      0 
    1    227     64     67     98     16      0      0      0      0   1512   1410   2170      6      0 
    0     42     32     35      -      -      -      -      -      -   1512    210      0      1      0 
    1    233     64     67     98     16      0      0      0      0   1512   1410   2170      6      0 
    0     41     32     35      -      -      -      -      -      -   1512    210      0      1      0 
    1    230     65     67     98     16      0      0      0      0   1512   1410   2170      6      0 
    0     42     32     35      -      -      -      -      -      -   1512    210      0      1      0 
    1    240     65     67     98     17      0      0      0      0   1512   1410   2170      6      0 
    0     42     32     35      -      -      -      -      -      -   1512    210      0      1      0 
    1    228     64     67     98     16      0      0      0      0   1512   1410   2170      6      0 
    0     42     32     35      -      -      -      -      -      -   1512    210      0      1      0 
    1    233     65     67     98     16      0      0      0      0   1512   1410   2170      6      0 
    0     41     32     37      -      -      -      -      -      -   1512    210      0      1      0 
    1    226     65     67     98     17      0      0      0      0   1512   1410   2170      6      0 
    0     42     32     35      -      -      -      -      -      -   1512    210      0      1      0 
    1    237     65     67     98     17      0      0      0      0   1512   1410   2170      6      0 
    0     42     32     35      -      -      -      -      -      -   1512    210      0      1      0 
    1    239     65     67     98     16      0      0      0      0   1512   1410   2170      6      0 
    0     41     32     35      -      -      -      -      -      -   1512    210      0      1      0 
    1    230     65     67     98     16      0      0      0      0   1512   1410   2170      6      0 
    0     41     32     35      -      -      -      -      -      -   1512    210      0      1      0 
    1    239     65     67     98     17      0      0      0      0   1512   1410   2170      6      0 
    0     41     32     35      -      -      -      -      -      -   1512    210      0      1      0 
    1    236     65     67     98     17      0      0      0      0   1512   1410   2170      6      0 
    0     42     32     35      -      -      -      -      -      -   1512    210      0      1      0 
    1    237     65     67     98     17      0      0      0      0   1512   1410   2170      6      0 
    0     41     32     35      -      -      -      -      -      -   1512    210      0      1      0 
    1    234     64     67     98     16      0      0      0      0   1512   1410   2170      6      0 
    0     41     32     35      -      -      -      -      -      -   1512    210      0      1      0 
    1    238     65     67     98     16      0      0      0      0   1512   1410   2170      6      0 
    0     42     32     35      -      -      -      -      -      -   1512    210      0      1      0 
    1    240     65     67     98     16      0      0      0      0   1512   1410   2170      6      0 
    0     41     32     35      -      -      -      -      -      -   1512    210      0      1      0 
    1    239     65     67     98     16      0      0      0      0   1512   1410   2170      6      0 
    0     42     32     35      -      -      -      -      -      -   1512    210      0      1      0 
    1    230     64     67     98     16      0      0      0      0   1512   1410   2170      6      0 
# gpu    pwr  gtemp  mtemp     sm    mem    enc    dec    jpg    ofa   mclk   pclk     fb   bar1   ccpm 
# Idx      W      C      C      %      %      %      %      %      %    MHz    MHz     MB     MB     MB 
    0     42     32     35      -      -      -      -      -      -   1512    210      0      1      0 
    1    238     65     67     98     16      0      0      0      0   1512   1410   2170      6      0 
    0     41     32     35      -      -      -      -      -      -   1512    210      0      1      0 
    1    234     65     67     98     16      0      0      0      0   1512   1410   2170      6      0 
    0     42     32     35      -      -      -      -      -      -   1512    210      0      1      0 
    1    233     65     67     98     16      0      0      0      0   1512   1410   2170      6      0 
    0     42     32     35      -      -      -      -      -      -   1512    210      0      1      0 
    1    240     64     67     98     16      0      0      0      0   1512   1410   2170      6      0 
    0     42     32     35      -      -      -      -      -      -   1512    210      0      1      0 
    1    240     65     67     98     16      0      0      0      0   1512   1410   2170      6      0 
    0     42     32     35      -      -      -      -      -      -   1512    210      0      1      0 
    1    236     65     67     98     16      0      0      0      0   1512   1410   2170      6      0 
    0     41     32     35      -      -      -      -      -      -   1512    210      0      1      0 
    1    232     65     67     98     16      0      0      0      0   1512   1410   2170      6      0 
    0     42     32     35      -      -      -      -      -      -   1512    210      0      1      0 
    1    230     64     67     98     16      0      0      0      0   1512   1410   2170      6      0 
    0     41     32     35      -      -      -      -      -      -   1512    210      0      1      0 
    1    241     65     67     98     16      0      0      0      0   1512   1410   2170      6      0 
    0     42     32     35      -      -      -      -      -      -   1512    210      0      1      0 
    1    238     65     67     98     16      0      0      0      0   1512   1410   2170      6      0 
    0     41     32     35      -      -      -      -      -      -   1512    210      0      1      0 
    1    238     65     67     98     16      0      0      0      0   1512   1410   2170      6      0 
    0     41     32     35      -      -      -      -      -      -   1512    210      0      1      0 
    1    236     64     67     98     16      0      0      0      0   1512   1410   2170      6      0 
    0     42     32     35      -      -      -      -      -      -   1512    210      0      1      0 
    1    239     65     67     98     17      0      0      0      0   1512   1410   2170      6      0 
    0     42     32     35      -      -      -      -      -      -   1512    210      0      1      0 
    1    233     65     67     98     16      0      0      0      0   1512   1410   2170      6      0 
    0     42     32     35      -      -      -      -      -      -   1512    210      0      1      0 
    1    226     65     67     98     16      0      0      0      0   1512   1410   2170      6      0 
    0     41     32     35      -      -      -      -      -      -   1512    210      0      1      0 
    1    239     64     67     98     17      0      0      0      0   1512   1410   2170      6      0 
    0     41     32     35      -      -      -      -      -      -   1512    210      0      1      0 
    1    235     65     67     98     16      0      0      0      0   1512   1410   2170      6      0 
    0     42     32     35      -      -      -      -      -      -   1512    210      0      1      0 
    1    240     65     67     98     16      0      0      0      0   1512   1410   2170      6      0 
    0     42     32     35      -      -      -      -      -      -   1512    210      0      1      0 
    1    230     65     67     98     17      0      0      0      0   1512   1410   2170      6      0 
    0     42     32     35      -      -      -      -      -      -   1512    210      0      1      0 
    1    242     64     67     98     17      0      0      0      0   1512   1410   2170      6      0 
    0     42     32     35      -      -      -      -      -      -   1512    210      0      1      0 
    1    238     64     67     98     16      0      0      0      0   1512   1410   2170      6      0 
    0     41     32     35      -      -      -      -      -      -   1512    210      0      1      0 
    1    229     65     67     98     16      0      0      0      0   1512   1410   2170      6      0 
# gpu    pwr  gtemp  mtemp     sm    mem    enc    dec    jpg    ofa   mclk   pclk     fb   bar1   ccpm 
# Idx      W      C      C      %      %      %      %      %      %    MHz    MHz     MB     MB     MB 
    0     42     32     35      -      -      -      -      -      -   1512    210      0      1      0 
    1    236     65     67     98     16      0      0      0      0   1512   1410   2170      6      0 
    0     42     32     35      -      -      -      -      -      -   1512    210      0      1      0 
    1    231     64     67     98     16      0      0      0      0   1512   1410   2170      6      0 
    0     42     32     35      -      -      -      -      -      -   1512    210      0      1      0 
    1    239     65     67     98     16      0      0      0      0   1512   1410   2170      6      0 
    0     42     32     37      -      -      -      -      -      -   1512    210      0      1      0 
    1    232     65     67     98     16      0      0      0      0   1512   1410   2170      6      0 
    0     41     32     35      -      -      -      -      -      -   1512    210      0      1      0 
    1    237     65     67     98     16      0      0      0      0   1512   1410   2170      6      0 
    0     41     32     35      -      -      -      -      -      -   1512    210      0      1      0 
    1    237     64     67     98     16      0      0      0      0   1512   1410   2170      6      0 
    0     41     32     35      -      -      -      -      -      -   1512    210      0      1      0 
    1    236     65     67     98     17      0      0      0      0   1512   1410   2170      6      0 
    0     41     32     35      -      -      -      -      -      -   1512    210      0      1      0 
    1    238     65     67     98     16      0      0      0      0   1512   1410   2170      6      0 
    0     42     32     35      -      -      -      -      -      -   1512    210      0      1      0 
    1    239     65     67     98     16      0      0      0      0   1512   1410   2170      6      0 
    0     42     32     35      -      -      -      -      -      -   1512    210      0      1      0 
    1    234     64     67     98     16      0      0      0      0   1512   1410   2170      6      0 
    0     42     32     35      -      -      -      -      -      -   1512    210      0      1      0 
    1    240     65     67     98     16      0      0      0      0   1512   1410   2170      6      0 
    0     41     32     35      -      -      -      -      -      -   1512    210      0      1      0 
    1    237     65     67     98     16      0      0      0      0   1512   1410   2170      6      0 
    0     42     32     35      -      -      -      -      -      -   1512    210      0      1      0 
    1    236     65     67     98     16      0      0      0      0   1512   1410   2170      6      0 
    0     42     32     35      -      -      -      -      -      -   1512    210      0      1      0 
    1    233     64     67     98     16      0      0      0      0   1512   1410   2170      6      0 
    0     42     32     35      -      -      -      -      -      -   1512    210      0      1      0 
    1    237     65     67     98     17      0      0      0      0   1512   1410   2170      6      0 
    0     42     32     35      -      -      -      -      -      -   1512    210      0      1      0 
    1    241     65     67     98     16      0      0      0      0   1512   1410   2170      6      0 
    0     41     32     35      -      -      -      -      -      -   1512    210      0      1      0 
    1    239     65     67     98     16      0      0      0      0   1512   1410   2170      6      0 
    0     42     32     35      -      -      -      -      -      -   1512    210      0      1      0 
    1    239     64     67     98     16      0      0      0      0   1512   1410   2170      6      0 
    0     41     32     35      -      -      -      -      -      -   1512    210      0      1      0 
    1    237     65     67     98     16      0      0      0      0   1512   1410   2170      6      0 
    0     41     32     37      -      -      -      -      -      -   1512    210      0      1      0 
    1    232     65     67     98     17      0      0      0      0   1512   1410   2170      6      0 
    0     42     32     35      -      -      -      -      -      -   1512    210      0      1      0 
    1    238     65     67     98     17      0      0      0      0   1512   1410   2170      6      0 
    0     42     32     35      -      -      -      -      -      -   1512    210      0      1      0 
    1    236     65     67     98     17      0      0      0      0   1512   1410   2170      6      0 
# gpu    pwr  gtemp  mtemp     sm    mem    enc    dec    jpg    ofa   mclk   pclk     fb   bar1   ccpm 
# Idx      W      C      C      %      %      %      %      %      %    MHz    MHz     MB     MB     MB 
    0     41     32     35      -      -      -      -      -      -   1512    210      0      1      0 
    1    230     64     67     98     16      0      0      0      0   1512   1410   2170      6      0 
    0     41     32     37      -      -      -      -      -      -   1512    210      0      1      0 
    1    234     65     67     98     16      0      0      0      0   1512   1410   2170      6      0 
    0     41     32     35      -      -      -      -      -      -   1512    210      0      1      0 
    1    239     65     67     98     16      0      0      0      0   1512   1410   2170      6      0 
    0     41     32     35      -      -      -      -      -      -   1512    210      0      1      0 
    1    239     65     67     98     16      0      0      0      0   1512   1410   2170      6      0 
    0     42     32     35      -      -      -      -      -      -   1512    210      0      1      0 
    1    229     64     67     98     16      0      0      0      0   1512   1410   2170      6      0 
    0     41     32     35      -      -      -      -      -      -   1512    210      0      1      0 
    1    236     65     67     98     16      0      0      0      0   1512   1410   2170      6      0 
    0     42     32     35      -      -      -      -      -      -   1512    210      0      1      0 
    1    238     65     67     98     16      0      0      0      0   1512   1410   2170      6      0 
    0     42     32     35      -      -      -      -      -      -   1512    210      0      1      0 
    1    229     65     67     98     16      0      0      0      0   1512   1410   2170      6      0 
    0     41     32     35      -      -      -      -      -      -   1512    210      0      1      0 
    1    237     64     67     98     16      0      0      0      0   1512   1410   2170      6      0 
    0     42     32     35      -      -      -      -      -      -   1512    210      0      1      0 
    1    240     65     67     98     16      0      0      0      0   1512   1410   2170      6      0 
    0     42     32     37      -      -      -      -      -      -   1512    210      0      1      0 
    1    239     65     67     98     16      0      0      0      0   1512   1410   2170      6      0 
    0     41     32     37      -      -      -      -      -      -   1512    210      0      1      0 
    1    242     65     67     98     16      0      0      0      0   1512   1410   2170      6      0 
    0     42     32     35      -      -      -      -      -      -   1512    210      0      1      0 
    1    239     64     67     98     17      0      0      0      0   1512   1410   2170      6      0 
    0     41     32     35      -      -      -      -      -      -   1512    210      0      1      0 
    1    235     64     67     98     16      0      0      0      0   1512   1410   2170      6      0 
    0     41     32     35      -      -      -      -      -      -   1512    210      0      1      0 
    1    236     65     67     98     16      0      0      0      0   1512   1410   2170      6      0 
    0     41     32     35      -      -      -      -      -      -   1512    210      0      1      0 
    1    236     65     67     98     16      0      0      0      0   1512   1410   2170      6      0 
    0     42     32     35      -      -      -      -      -      -   1512    210      0      1      0 
    1    235     65     67     98     16      0      0      0      0   1512   1410   2170      6      0 
    0     42     32     35      -      -      -      -      -      -   1512    210      0      1      0 
    1    235     65     67     98     16      0      0      0      0   1512   1410   2170      6      0 
    0     42     32     35      -      -      -      -      -      -   1512    210      0      1      0 
    1    241     65     67     98     17      0      0      0      0   1512   1410   2170      6      0 
    0     41     32     35      -      -      -      -      -      -   1512    210      0      1      0 
    1    232     65     67     98     16      0      0      0      0   1512   1410   2170      6      0 
    0     42     32     35      -      -      -      -      -      -   1512    210      0      1      0 
    1    235     65     67     98     16      0      0      0      0   1512   1410   2170      6      0 
    0     41     32     35      -      -      -      -      -      -   1512    210      0      1      0 
    1    238     64     67     98     17      0      0      0      0   1512   1410   2170      6      0 
# gpu    pwr  gtemp  mtemp     sm    mem    enc    dec    jpg    ofa   mclk   pclk     fb   bar1   ccpm 
# Idx      W      C      C      %      %      %      %      %      %    MHz    MHz     MB     MB     MB 
    0     42     32     35      -      -      -      -      -      -   1512    210      0      1      0 
    1    245     65     67     98     17      0      0      0      0   1512   1410   2170      6      0 
    0     41     32     35      -      -      -      -      -      -   1512    210      0      1      0 
    1    236     65     67     98     16      0      0      0      0   1512   1410   2170      6      0 
    0     42     32     35      -      -      -      -      -      -   1512    210      0      1      0 
    1    231     65     67     98     16      0      0      0      0   1512   1410   2170      6      0 
    0     42     32     35      -      -      -      -      -      -   1512    210      0      1      0 
    1    233     64     67     98     16      0      0      0      0   1512   1410   2170      6      0 
    0     41     32     37      -      -      -      -      -      -   1512    210      0      1      0 
    1    235     65     67     98     17      0      0      0      0   1512   1410   2170      6      0 
    0     42     32     35      -      -      -      -      -      -   1512    210      0      1      0 
    1    237     65     67     98     17      0      0      0      0   1512   1410   2170      6      0 
    0     42     32     35      -      -      -      -      -      -   1512    210      0      1      0 
    1    239     65     67     98     17      0      0      0      0   1512   1410   2170      6      0 
    0     42     32     35      -      -      -      -      -      -   1512    210      0      1      0 
    1    229     64     67     98     16      0      0      0      0   1512   1410   2170      6      0 
    0     42     32     35      -      -      -      -      -      -   1512    210      0      1      0 
    1    234     65     67     98     16      0      0      0      0   1512   1410   2170      6      0 
    0     42     32     37      -      -      -      -      -      -   1512    210      0      1      0 
    1    239     65     67     98     16      0      0      0      0   1512   1410   2170      6      0 
    0     41     32     35      -      -      -      -      -      -   1512    210      0      1      0 
    1    233     65     67     98     16      0      0      0      0   1512   1410   2170      6      0 
    0     41     32     35      -      -      -      -      -      -   1512    210      0      1      0 
    1    241     64     67     98     16      0      0      0      0   1512   1410   2170      6      0 
    0     41     32     35      -      -      -      -      -      -   1512    210      0      1      0 
    1    233     65     67     98     16      0      0      0      0   1512   1410   2170      6      0 
    0     42     32     35      -      -      -      -      -      -   1512    210      0      1      0 
    1    236     65     67     98     16      0      0      0      0   1512   1410   2170      6      0 
    0     42     32     35      -      -      -      -      -      -   1512    210      0      1      0 
    1    236     65     67     98     16      0      0      0      0   1512   1410   2170      6      0 
    0     42     32     35      -      -      -      -      -      -   1512    210      0      1      0 
    1    235     64     67     98     16      0      0      0      0   1512   1410   2170      6      0 
    0     42     32     37      -      -      -      -      -      -   1512    210      0      1      0 
    1    236     65     67     98     16      0      0      0      0   1512   1410   2170      6      0 
    0     42     32     35      -      -      -      -      -      -   1512    210      0      1      0 
    1    242     65     67     98     16      0      0      0      0   1512   1410   2170      6      0 
    0     41     32     35      -      -      -      -      -      -   1512    210      0      1      0 
    1    230     64     67     98     16      0      0      0      0   1512   1410   2170      6      0 
    0     41     32     35      -      -      -      -      -      -   1512    210      0      1      0 
    1    231     64     67     98     16      0      0      0      0   1512   1410   2170      6      0 
    0     41     32     35      -      -      -      -      -      -   1512    210      0      1      0 
    1    237     65     67     98     16      0      0      0      0   1512   1410   2170      6      0 
    0     42     32     35      -      -      -      -      -      -   1512    210      0      1      0 
    1    235     65     67     98     16      0      0      0      0   1512   1410   2170      6      0 
# gpu    pwr  gtemp  mtemp     sm    mem    enc    dec    jpg    ofa   mclk   pclk     fb   bar1   ccpm 
# Idx      W      C      C      %      %      %      %      %      %    MHz    MHz     MB     MB     MB 
    0     42     32     35      -      -      -      -      -      -   1512    210      0      1      0 
    1    235     64     67     98     17      0      0      0      0   1512   1410   2170      6      0 
    0     42     32     35      -      -      -      -      -      -   1512    210      0      1      0 
    1    234     64     67     98     16      0      0      0      0   1512   1410   2170      6      0 
    0     42     32     35      -      -      -      -      -      -   1512    210      0      1      0 
    1    237     65     67     98     16      0      0      0      0   1512   1410   2170      6      0 
    0     41     32     35      -      -      -      -      -      -   1512    210      0      1      0 
    1    243     65     67     98     16      0      0      0      0   1512   1410   2170      6      0 
    0     41     32     35      -      -      -      -      -      -   1512    210      0      1      0 
    1    240     65     67     98     16      0      0      0      0   1512   1410   2170      6      0 
    0     42     32     35      -      -      -      -      -      -   1512    210      0      1      0 
    1    234     64     67     98     16      0      0      0      0   1512   1410   2170      6      0 
    0     41     32     35      -      -      -      -      -      -   1512    210      0      1      0 
    1    234     65     67     98     17      0      0      0      0   1512   1410   2170      6      0 
    0     42     32     37      -      -      -      -      -      -   1512    210      0      1      0 
    1    238     65     67     98     17      0      0      0      0   1512   1410   2170      6      0 
    0     42     32     35      -      -      -      -      -      -   1512    210      0      1      0 
    1    242     65     67     98     16      0      0      0      0   1512   1410   2170      6      0 
    0     42     32     35      -      -      -      -      -      -   1512    210      0      1      0 
    1    238     64     67     98     16      0      0      0      0   1512   1410   2170      6      0 
    0     42     32     35      -      -      -      -      -      -   1512    210      0      1      0 
    1    229     65     67     98     16      0      0      0      0   1512   1410   2170      6      0 
    0     42     32     35      -      -      -      -      -      -   1512    210      0      1      0 
    1    240     65     67     98     16      0      0      0      0   1512   1410   2170      6      0 
    0     41     32     35      -      -      -      -      -      -   1512    210      0      1      0 
    1    232     65     67     98     17      0      0      0      0   1512   1410   2170      6      0 
    0     42     32     35      -      -      -      -      -      -   1512    210      0      1      0 
    1    223     64     67     98     16      0      0      0      0   1512   1410   2170      6      0 
    0     42     32     35      -      -      -      -      -      -   1512    210      0      1      0 
    1    237     65     67     98     16      0      0      0      0   1512   1410   2170      6      0 
    0     42     32     35      -      -      -      -      -      -   1512    210      0      1      0 
    1    243     65     67     98     17      0      0      0      0   1512   1410   2170      6      0 
    0     42     32     35      -      -      -      -      -      -   1512    210      0      1      0 
    1    239     65     67     98     16      0      0      0      0   1512   1410   2170      6      0 
    0     41     32     35      -      -      -      -      -      -   1512    210      0      1      0 
    1    236     64     67     98     16      0      0      0      0   1512   1410   2170      6      0 
    0     42     32     37      -      -      -      -      -      -   1512    210      0      1      0 
    1    238     65     67     98     16      0      0      0      0   1512   1410   2170      6      0 
    0     41     32     35      -      -      -      -      -      -   1512    210      0      1      0 
    1    241     65     67     98     16      0      0      0      0   1512   1410   2170      6      0 
    0     41     32     35      -      -      -      -      -      -   1512    210      0      1      0 
    1    241     65     67     98     17      0      0      0      0   1512   1410   2170      6      0 
    0     41     32     35      -      -      -      -      -      -   1512    210      0      1      0 
    1    240     64     67     98     17      0      0      0      0   1512   1410   2170      6      0 
# gpu    pwr  gtemp  mtemp     sm    mem    enc    dec    jpg    ofa   mclk   pclk     fb   bar1   ccpm 
# Idx      W      C      C      %      %      %      %      %      %    MHz    MHz     MB     MB     MB 
    0     42     32     35      -      -      -      -      -      -   1512    210      0      1      0 
    1    239     65     67     98     16      0      0      0      0   1512   1410   2170      6      0 
    0     42     32     35      -      -      -      -      -      -   1512    210      0      1      0 
    1    232     65     67     98     16      0      0      0      0   1512   1410   2170      6      0 
    0     41     32     35      -      -      -      -      -      -   1512    210      0      1      0 
    1    234     65     67     98     16      0      0      0      0   1512   1410   2170      6      0 
    0     41     32     35      -      -      -      -      -      -   1512    210      0      1      0 
    1    234     64     67     98     16      0      0      0      0   1512   1410   2170      6      0 
    0     41     32     35      -      -      -      -      -      -   1512    210      0      1      0 
    1    238     65     67     98     16      0      0      0      0   1512   1410   2170      6      0 
    0     41     32     35      -      -      -      -      -      -   1512    210      0      1      0 
    1    230     65     67     98     16      0      0      0      0   1512   1410   2170      6      0 
    0     42     32     35      -      -      -      -      -      -   1512    210      0      1      0 
    1    243     65     67     98     17      0      0      0      0   1512   1410   2170      6      0 
    0     41     32     35      -      -      -      -      -      -   1512    210      0      1      0 
    1    236     64     67     98     16      0      0      0      0   1512   1410   2170      6      0 
    0     42     32     35      -      -      -      -      -      -   1512    210      0      1      0 
    1    238     65     67     98     17      0      0      0      0   1512   1410   2170      6      0 
    0     41     32     35      -      -      -      -      -      -   1512    210      0      1      0 
    1    238     65     67     98     16      0      0      0      0   1512   1410   2170      6      0 
    0     42     32     35      -      -      -      -      -      -   1512    210      0      1      0 
    1    240     65     67     98     16      0      0      0      0   1512   1410   2170      6      0 
    0     41     32     35      -      -      -      -      -      -   1512    210      0      1      0 
    1    227     64     67     98     16      0      0      0      0   1512   1410   2170      6      0 
    0     42     32     35      -      -      -      -      -      -   1512    210      0      1      0 
    1    235     65     67     98     17      0      0      0      0   1512   1410   2170      6      0 
    0     41     32     35      -      -      -      -      -      -   1512    210      0      1      0 
    1    235     65     67     98     17      0      0      0      0   1512   1410   2170      6      0 
    0     41     32     37      -      -      -      -      -      -   1512    210      0      1      0 
    1    233     65     67     98     17      0      0      0      0   1512   1410   2170      6      0 
    0     41     32     35      -      -      -      -      -      -   1512    210      0      1      0 
    1    234     64     67     98     16      0      0      0      0   1512   1410   2170      6      0 
    0     42     32     35      -      -      -      -      -      -   1512    210      0      1      0 
    1    236     65     67     98     16      0      0      0      0   1512   1410   2170      6      0 
    0     42     32     35      -      -      -      -      -      -   1512    210      0      1      0 
    1    234     65     67     98     16      0      0      0      0   1512   1410   2170      6      0 
    0     42     32     35      -      -      -      -      -      -   1512    210      0      1      0 
    1    230     65     67     98     16      0      0      0      0   1512   1410   2170      6      0 
    0     42     32     35      -      -      -      -      -      -   1512    210      0      1      0 
    1    230     64     67     98     17      0      0      0      0   1512   1410   2170      6      0 
    0     41     32     35      -      -      -      -      -      -   1512    210      0      1      0 
    1    234     65     67     98     17      0      0      0      0   1512   1410   2170      6      0 
    0     42     32     35      -      -      -      -      -      -   1512    210      0      1      0 
    1    235     65     67     98     17      0      0      0      0   1512   1410   2170      6      0 
# gpu    pwr  gtemp  mtemp     sm    mem    enc    dec    jpg    ofa   mclk   pclk     fb   bar1   ccpm 
# Idx      W      C      C      %      %      %      %      %      %    MHz    MHz     MB     MB     MB 
    0     41     32     35      -      -      -      -      -      -   1512    210      0      1      0 
    1    242     65     67     98     16      0      0      0      0   1512   1410   2170      6      0 
    0     41     32     35      -      -      -      -      -      -   1512    210      0      1      0 
    1    234     64     67     98     16      0      0      0      0   1512   1410   2170      6      0 
    0     42     32     35      -      -      -      -      -      -   1512    210      0      1      0 
    1    241     65     67     98     16      0      0      0      0   1512   1410   2170      6      0 
    0     41     32     37      -      -      -      -      -      -   1512    210      0      1      0 
    1    238     65     67     98     17      0      0      0      0   1512   1410   2170      6      0 
    0     41     32     35      -      -      -      -      -      -   1512    210      0      1      0 
    1    226     65     67     98     17      0      0      0      0   1512   1410   2170      6      0 
    0     42     32     35      -      -      -      -      -      -   1512    210      0      1      0 
    1    239     64     67     98     16      0      0      0      0   1512   1410   2170      6      0 
    0     41     32     35      -      -      -      -      -      -   1512    210      0      1      0 
    1    237     64     67     98     16      0      0      0      0   1512   1410   2170      6      0 
    0     41     32     35      -      -      -      -      -      -   1512    210      0      1      0 
    1    242     65     67     98     16      0      0      0      0   1512   1410   2170      6      0 
    0     42     32     35      -      -      -      -      -      -   1512    210      0      1      0 
    1    242     65     67     98     16      0      0      0      0   1512   1410   2170      6      0 
    0     41     32     35      -      -      -      -      -      -   1512    210      0      1      0 
    1    238     65     67     98     16      0      0      0      0   1512   1410   2170      6      0 
    0     41     32     35      -      -      -      -      -      -   1512    210      0      1      0 
    1    238     64     67     98     16      0      0      0      0   1512   1410   2170      6      0 
    0     42     32     35      -      -      -      -      -      -   1512    210      0      1      0 
    1    230     65     67     98     17      0      0      0      0   1512   1410   2170      6      0 
    0     41     32     35      -      -      -      -      -      -   1512    210      0      1      0 
    1    239     65     67     98     16      0      0      0      0   1512   1410   2170      6      0 
    0     42     32     35      -      -      -      -      -      -   1512    210      0      1      0 
    1    234     65     67     98     17      0      0      0      0   1512   1410   2170      6      0 
    0     41     32     35      -      -      -      -      -      -   1512    210      0      1      0 
    1    240     64     67     98     16      0      0      0      0   1512   1410   2170      6      0 
    0     42     32     35      -      -      -      -      -      -   1512    210      0      1      0 
    1    236     65     67     98     16      0      0      0      0   1512   1410   2170      6      0 
    0     41     32     35      -      -      -      -      -      -   1512    210      0      1      0 
    1    242     65     67     98     16      0      0      0      0   1512   1410   2170      6      0 
    0     41     32     35      -      -      -      -      -      -   1512    210      0      1      0 
    1    239     65     67     98     16      0      0      0      0   1512   1410   2170      6      0 
    0     41     32     35      -      -      -      -      -      -   1512    210      0      1      0 
    1    230     64     67     98     17      0      0      0      0   1512   1410   2170      6      0 
    0     41     32     37      -      -      -      -      -      -   1512    210      0      1      0 
    1    236     65     67     98     16      0      0      0      0   1512   1410   2170      6      0 
    0     41     32     35      -      -      -      -      -      -   1512    210      0      1      0 
    1    235     66     67     98     16      0      0      0      0   1512   1410   2170      6      0 
    0     42     32     35      -      -      -      -      -      -   1512    210      0      1      0 
    1    235     65     67     98     17      0      0      0      0   1512   1410   2170      6      0 
# gpu    pwr  gtemp  mtemp     sm    mem    enc    dec    jpg    ofa   mclk   pclk     fb   bar1   ccpm 
# Idx      W      C      C      %      %      %      %      %      %    MHz    MHz     MB     MB     MB 
    0     41     32     35      -      -      -      -      -      -   1512    210      0      1      0 
    1    231     65     67     98     16      0      0      0      0   1512   1410   2170      6      0 
    0     41     32     35      -      -      -      -      -      -   1512    210      0      1      0 
    1    227     64     67     98     16      0      0      0      0   1512   1410   2170      6      0 
    0     43     32     35      -      -      -      -      -      -   1512    210      0      1      0 
    1    239     65     67     98     16      0      0      0      0   1512   1410   2170      6      0 
    0     42     32     35      -      -      -      -      -      -   1512    210      0      1      0 
    1    234     65     67     98     16      0      0      0      0   1512   1410   2170      6      0 
    0     41     32     35      -      -      -      -      -      -   1512    210      0      1      0 
    1    239     65     67     98     16      0      0      0      0   1512   1410   2170      6      0 
    0     42     32     35      -      -      -      -      -      -   1512    210      0      1      0 
    1    228     64     67     98     17      0      0      0      0   1512   1410   2170      6      0 
    0     41     32     35      -      -      -      -      -      -   1512    210      0      1      0 
    1    233     65     67     98     16      0      0      0      0   1512   1410   2170      6      0 
    0     42     32     35      -      -      -      -      -      -   1512    210      0      1      0 
    1    239     65     67     98     16      0      0      0      0   1512   1410   2170      6      0 
    0     42     32     35      -      -      -      -      -      -   1512    210      0      1      0 
    1    238     65     67     98     16      0      0      0      0   1512   1410   2170      6      0 
    0     42     32     35      -      -      -      -      -      -   1512    210      0      1      0 
    1    235     64     67     98     16      0      0      0      0   1512   1410   2170      6      0 
    0     42     32     35      -      -      -      -      -      -   1512    210      0      1      0 
    1    239     65     67     98     16      0      0      0      0   1512   1410   2170      6      0 
    0     42     32     35      -      -      -      -      -      -   1512    210      0      1      0 
    1    234     65     67     98     16      0      0      0      0   1512   1410   2170      6      0 
    0     42     32     35      -      -      -      -      -      -   1512    210      0      1      0 
    1    234     65     67     98     16      0      0      0      0   1512   1410   2170      6      0 
    0     41     32     35      -      -      -      -      -      -   1512    210      0      1      0 
    1    234     64     67     98     17      0      0      0      0   1512   1410   2170      6      0 
    0     41     32     35      -      -      -      -      -      -   1512    210      0      1      0 
    1    229     65     67     98     17      0      0      0      0   1512   1410   2170      6      0 
    0     42     32     37      -      -      -      -      -      -   1512    210      0      1      0 
    1    238     65     67     98     16      0      0      0      0   1512   1410   2170      6      0 
    0     42     32     35      -      -      -      -      -      -   1512    210      0      1      0 
    1    236     65     67     98     16      0      0      0      0   1512   1410   2170      6      0 
    0     41     32     35      -      -      -      -      -      -   1512    210      0      1      0 
    1    242     64     67     98     16      0      0      0      0   1512   1410   2170      6      0 
    0     42     32     35      -      -      -      -      -      -   1512    210      0      1      0 
    1    238     65     67     98     16      0      0      0      0   1512   1410   2170      6      0 
    0     41     32     35      -      -      -      -      -      -   1512    210      0      1      0 
    1    232     65     67     98     16      0      0      0      0   1512   1410   2170      6      0 
    0     41     32     35      -      -      -      -      -      -   1512    210      0      1      0 
    1    237     65     67     98     16      0      0      0      0   1512   1410   2170      6      0 
    0     42     32     35      -      -      -      -      -      -   1512    210      0      1      0 
    1    235     64     67     98     16      0      0      0      0   1512   1410   2170      6      0 
# gpu    pwr  gtemp  mtemp     sm    mem    enc    dec    jpg    ofa   mclk   pclk     fb   bar1   ccpm 
# Idx      W      C      C      %      %      %      %      %      %    MHz    MHz     MB     MB     MB 
    0     42     32     35      -      -      -      -      -      -   1512    210      0      1      0 
    1    240     65     67     98     16      0      0      0      0   1512   1410   2170      6      0 
    0     42     32     35      -      -      -      -      -      -   1512    210      0      1      0 
    1    238     65     67     98     16      0      0      0      0   1512   1410   2170      6      0 
    0     41     32     35      -      -      -      -      -      -   1512    210      0      1      0 
    1    239     65     67     98     16      0      0      0      0   1512   1410   2170      6      0 
    0     41     32     35      -      -      -      -      -      -   1512    210      0      1      0 
    1    240     64     67     98     16      0      0      0      0   1512   1410   2170      6      0 
    0     42     32     35      -      -      -      -      -      -   1512    210      0      1      0 
    1    234     65     67     98     17      0      0      0      0   1512   1410   2170      6      0 
    0     41     32     35      -      -      -      -      -      -   1512    210      0      1      0 
    1    240     65     67     98     16      0      0      0      0   1512   1410   2170      6      0 
    0     41     32     35      -      -      -      -      -      -   1512    210      0      1      0 
    1    235     65     67     98     17      0      0      0      0   1512   1410   2170      6      0 
    0     42     32     35      -      -      -      -      -      -   1512    210      0      1      0 
    1    236     65     67     98     16      0      0      0      0   1512   1410   2170      6      0 
    0     42     32     35      -      -      -      -      -      -   1512    210      0      1      0 
    1    237     65     67     98     16      0      0      0      0   1512   1410   2170      6      0 
    0     41     32     35      -      -      -      -      -      -   1512    210      0      1      0 
    1    228     65     67     98     16      0      0      0      0   1512   1410   2170      6      0 
    0     41     32     35      -      -      -      -      -      -   1512    210      0      1      0 
    1    236     65     67     98     16      0      0      0      0   1512   1410   2170      6      0 
    0     42     32     35      -      -      -      -      -      -   1512    210      0      1      0 
    1    236     65     67     98     17      0      0      0      0   1512   1410   2170      6      0 
    0     41     32     35      -      -      -      -      -      -   1512    210      0      1      0 
    1    235     64     67     98     16      0      0      0      0   1512   1410   2170      6      0 
    0     41     32     37      -      -      -      -      -      -   1512    210      0      1      0 
    1    234     65     67     98     16      0      0      0      0   1512   1410   2170      6      0 
    0     41     32     35      -      -      -      -      -      -   1512    210      0      1      0 
    1    240     65     67     98     16      0      0      0      0   1512   1410   2170      6      0 
    0     41     32     35      -      -      -      -      -      -   1512    210      0      1      0 
    1    227     65     67     98     16      0      0      0      0   1512   1410   2170      6      0 
    0     42     32     35      -      -      -      -      -      -   1512    210      0      1      0 
    1    227     64     67     98     16      0      0      0      0   1512   1410   2170      6      0 
    0     42     32     35      -      -      -      -      -      -   1512    210      0      1      0 
    1    235     65     67     98     16      0      0      0      0   1512   1410   2170      6      0 
    0     41     32     37      -      -      -      -      -      -   1512    210      0      1      0 
    1    229     65     67     98     17      0      0      0      0   1512   1410   2170      6      0 
    0     42     32     35      -      -      -      -      -      -   1512    210      0      1      0 
    1    237     65     67     98     16      0      0      0      0   1512   1410   2170      6      0 
    0     42     32     35      -      -      -      -      -      -   1512    210      0      1      0 
    1    232     65     67     98     16      0      0      0      0   1512   1410   2170      6      0 
    0     42     32     35      -      -      -      -      -      -   1512    210      0      1      0 
    1    231     65     67     98     16      0      0      0      0   1512   1410   2170      6      0 
# gpu    pwr  gtemp  mtemp     sm    mem    enc    dec    jpg    ofa   mclk   pclk     fb   bar1   ccpm 
# Idx      W      C      C      %      %      %      %      %      %    MHz    MHz     MB     MB     MB 
    0     41     32     35      -      -      -      -      -      -   1512    210      0      1      0 
    1    238     65     67     98     16      0      0      0      0   1512   1410   2170      6      0 
    0     41     32     35      -      -      -      -      -      -   1512    210      0      1      0 
    1    235     65     67     98     16      0      0      0      0   1512   1410   2170      6      0 
    0     41     32     35      -      -      -      -      -      -   1512    210      0      1      0 
    1    230     64     67     98     17      0      0      0      0   1512   1410   2170      6      0 
    0     41     32     37      -      -      -      -      -      -   1512    210      0      1      0 
    1    238     65     67     98     16      0      0      0      0   1512   1410   2170      6      0 
    0     41     32     35      -      -      -      -      -      -   1512    210      0      1      0 
    1    237     65     67     98     16      0      0      0      0   1512   1410   2170      6      0 
    0     42     32     35      -      -      -      -      -      -   1512    210      0      1      0 
    1    231     65     67     98     17      0      0      0      0   1512   1410   2170      6      0 
    0     41     32     35      -      -      -      -      -      -   1512    210      0      1      0 
    1    239     64     67     98     16      0      0      0      0   1512   1410   2170      6      0 
    0     41     32     35      -      -      -      -      -      -   1512    210      0      1      0 
    1    236     65     67     98     16      0      0      0      0   1512   1410   2170      6      0 
    0     42     32     37      -      -      -      -      -      -   1512    210      0      1      0 
    1    236     65     67     98     16      0      0      0      0   1512   1410   2170      6      0 
    0     41     32     35      -      -      -      -      -      -   1512    210      0      1      0 
    1    241     64     67     98     16      0      0      0      0   1512   1410   2170      6      0 
    0     42     32     35      -      -      -      -      -      -   1512    210      0      1      0 
    1    234     64     67     98     17      0      0      0      0   1512   1410   2170      6      0 
    0     42     32     37      -      -      -      -      -      -   1512    210      0      1      0 
    1    237     65     67     98     17      0      0      0      0   1512   1410   2170      6      0 
    0     42     32     35      -      -      -      -      -      -   1512    210      0      1      0 
    1    235     65     67     98     16      0      0      0      0   1512   1410   2170      6      0 
    0     41     32     35      -      -      -      -      -      -   1512    210      0      1      0 
    1    236     65     67     98     16      0      0      0      0   1512   1410   2170      6      0 
    0     42     32     35      -      -      -      -      -      -   1512    210      0      1      0 
    1    230     64     67     98     16      0      0      0      0   1512   1410   2170      6      0 
    0     42     32     35      -      -      -      -      -      -   1512    210      0      1      0 
    1    233     65     67     98     16      0      0      0      0   1512   1410   2170      6      0 
    0     41     32     35      -      -      -      -      -      -   1512    210      0      1      0 
    1    236     65     67     98     17      0      0      0      0   1512   1410   2170      6      0 
    0     41     32     35      -      -      -      -      -      -   1512    210      0      1      0 
    1    237     65     67     98     17      0      0      0      0   1512   1410   2170      6      0 
    0     41     32     35      -      -      -      -      -      -   1512    210      0      1      0 
    1    239     64     67     98     17      0      0      0      0   1512   1410   2170      6      0 
    0     41     32     35      -      -      -      -      -      -   1512    210      0      1      0 
    1    236     65     67     98     17      0      0      0      0   1512   1410   2170      6      0 
    0     42     32     37      -      -      -      -      -      -   1512    210      0      1      0 
    1    239     65     67     98     16      0      0      0      0   1512   1410   2170      6      0 
    0     42     32     35      -      -      -      -      -      -   1512    210      0      1      0 
    1    238     65     67     98     16      0      0      0      0   1512   1410   2170      6      0 
# gpu    pwr  gtemp  mtemp     sm    mem    enc    dec    jpg    ofa   mclk   pclk     fb   bar1   ccpm 
# Idx      W      C      C      %      %      %      %      %      %    MHz    MHz     MB     MB     MB 
    0     42     32     35      -      -      -      -      -      -   1512    210      0      1      0 
    1    236     64     67     98     16      0      0      0      0   1512   1410   2170      6      0 
    0     41     32     35      -      -      -      -      -      -   1512    210      0      1      0 
    1    235     64     67     98     16      0      0      0      0   1512   1410   2170      6      0 
    0     42     32     35      -      -      -      -      -      -   1512    210      0      1      0 
    1    240     65     67     98     16      0      0      0      0   1512   1410   2170      6      0 
    0     42     32     35      -      -      -      -      -      -   1512    210      0      1      0 
    1    239     65     67     98     16      0      0      0      0   1512   1410   2170      6      0 
    0     41     32     35      -      -      -      -      -      -   1512    210      0      1      0 
    1    241     65     67     98     16      0      0      0      0   1512   1410   2170      6      0 
    0     42     32     35      -      -      -      -      -      -   1512    210      0      1      0 
    1    236     64     67     98     16      0      0      0      0   1512   1410   2170      6      0 
    0     43     32     35      -      -      -      -      -      -   1512    210      0      1      0 
    1    242     65     67     98     16      0      0      0      0   1512   1410   2170      6      0 
    0     41     32     37      -      -      -      -      -      -   1512    210      0      1      0 
    1    241     65     67     98     16      0      0      0      0   1512   1410   2170      6      0 
    0     41     32     35      -      -      -      -      -      -   1512    210      0      1      0 
    1    239     65     67     98     16      0      0      0      0   1512   1410   2170      6      0 
    0     41     32     35      -      -      -      -      -      -   1512    210      0      1      0 
    1    234     65     67     98     16      0      0      0      0   1512   1410   2170      6      0 
    0     42     32     37      -      -      -      -      -      -   1512    210      0      1      0 
    1    235     65     67     98     16      0      0      0      0   1512   1410   2170      6      0 
    0     41     32     35      -      -      -      -      -      -   1512    210      0      1      0 
    1    236     65     67     98     17      0      0      0      0   1512   1410   2170      6      0 
    0     43     32     35      -      -      -      -      -      -   1512    210      0      1      0 
    1    236     65     67     98     17      0      0      0      0   1512   1410   2170      6      0 
    0     41     32     35      -      -      -      -      -      -   1512    210      0      1      0 
    1    232     64     67     98     16      0      0      0      0   1512   1410   2170      6      0 
    0     42     32     35      -      -      -      -      -      -   1512    210      0      1      0 
    1    237     65     67     98     16      0      0      0      0   1512   1410   2170      6      0 
    0     42     32     35      -      -      -      -      -      -   1512    210      0      1      0 
    1    236     65     67     98     16      0      0      0      0   1512   1410   2170      6      0 
    0     42     32     35      -      -      -      -      -      -   1512    210      0      1      0 
    1    239     65     67     98     16      0      0      0      0   1512   1410   2170      6      0 
    0     42     32     35      -      -      -      -      -      -   1512    210      0      1      0 
    1    234     64     67     98     16      0      0      0      0   1512   1410   2170      6      0 
    0     41     32     35      -      -      -      -      -      -   1512    210      0      1      0 
    1    239     65     67     98     17      0      0      0      0   1512   1410   2170      6      0 
    0     42     32     35      -      -      -      -      -      -   1512    210      0      1      0 
    1    235     65     67     98     16      0      0      0      0   1512   1410   2170      6      0 
    0     41     32     35      -      -      -      -      -      -   1512    210      0      1      0 
    1    237     65     67     98     16      0      0      0      0   1512   1410   2170      6      0 
    0     42     32     35      -      -      -      -      -      -   1512    210      0      1      0 
    1    235     65     67     98     17      0      0      0      0   1512   1410   2170      6      0 
# gpu    pwr  gtemp  mtemp     sm    mem    enc    dec    jpg    ofa   mclk   pclk     fb   bar1   ccpm 
# Idx      W      C      C      %      %      %      %      %      %    MHz    MHz     MB     MB     MB 
    0     42     32     37      -      -      -      -      -      -   1512    210      0      1      0 
    1    230     65     67     98     16      0      0      0      0   1512   1410   2170      6      0 
    0     42     32     35      -      -      -      -      -      -   1512    210      0      1      0 
    1    235     65     67     98     16      0      0      0      0   1512   1410   2170      6      0 
    0     42     32     35      -      -      -      -      -      -   1512    210      0      1      0 
    1    239     65     67     98     16      0      0      0      0   1512   1410   2170      6      0 
    0     42     32     35      -      -      -      -      -      -   1512    210      0      1      0 
    1    231     64     67     98     17      0      0      0      0   1512   1410   2170      6      0 
    0     41     32     37      -      -      -      -      -      -   1512    210      0      1      0 
    1    240     65     67     98     17      0      0      0      0   1512   1410   2170      6      0 
    0     42     32     35      -      -      -      -      -      -   1512    210      0      1      0 
    1    237     65     67     98     16      0      0      0      0   1512   1410   2170      6      0 
    0     42     32     35      -      -      -      -      -      -   1512    210      0      1      0 
    1    235     65     67     98     16      0      0      0      0   1512   1410   2170      6      0 
    0     42     32     35      -      -      -      -      -      -   1512    210      0      1      0 
    1    236     65     67     98     16      0      0      0      0   1512   1410   2170      6      0 
    0     42     32     35      -      -      -      -      -      -   1512    210      0      1      0 
    1    232     65     67     98     16      0      0      0      0   1512   1410   2170      6      0 
    0     42     32     35      -      -      -      -      -      -   1512    210      0      1      0 
    1    237     65     67     98     16      0      0      0      0   1512   1410   2170      6      0 
    0     42     32     35      -      -      -      -      -      -   1512    210      0      1      0 
    1    231     65     67     98     17      0      0      0      0   1512   1410   2170      6      0 
    0     42     32     35      -      -      -      -      -      -   1512    210      0      1      0 
    1    240     64     67     98     17      0      0      0      0   1512   1410   2170      6      0 
    0     41     32     35      -      -      -      -      -      -   1512    210      0      1      0 
    1    243     65     67     98     16      0      0      0      0   1512   1410   2170      6      0 
    0     41     32     35      -      -      -      -      -      -   1512    210      0      1      0 
    1    234     65     67     98     16      0      0      0      0   1512   1410   2170      6      0 
    0     42     32     35      -      -      -      -      -      -   1512    210      0      1      0 
    1    233     65     67     98     16      0      0      0      0   1512   1410   2170      6      0 
    0     41     32     35      -      -      -      -      -      -   1512    210      0      1      0 
    1    237     64     67     98     16      0      0      0      0   1512   1410   2170      6      0 
    0     42     32     37      -      -      -      -      -      -   1512    210      0      1      0 
    1    238     65     67     98     16      0      0      0      0   1512   1410   2170      6      0 
    0     41     32     35      -      -      -      -      -      -   1512    210      0      1      0 
    1    235     65     67     98     16      0      0      0      0   1512   1410   2170      6      0 
    0     42     32     35      -      -      -      -      -      -   1512    210      0      1      0 
    1    238     65     67     98     16      0      0      0      0   1512   1410   2170      6      0 
    0     41     32     35      -      -      -      -      -      -   1512    210      0      1      0 
    1    238     64     67     98     16      0      0      0      0   1512   1410   2170      6      0 
    0     42     32     37      -      -      -      -      -      -   1512    210      0      1      0 
    1    237     65     67     98     16      0      0      0      0   1512   1410   2170      6      0 
    0     41     32     37      -      -      -      -      -      -   1512    210      0      1      0 
    1    237     65     67     98     16      0      0      0      0   1512   1410   2170      6      0 
# gpu    pwr  gtemp  mtemp     sm    mem    enc    dec    jpg    ofa   mclk   pclk     fb   bar1   ccpm 
# Idx      W      C      C      %      %      %      %      %      %    MHz    MHz     MB     MB     MB 
    0     42     32     37      -      -      -      -      -      -   1512    210      0      1      0 
    1    229     65     67     98     16      0      0      0      0   1512   1410   2170      6      0 
    0     41     32     35      -      -      -      -      -      -   1512    210      0      1      0 
    1    234     64     67     98     17      0      0      0      0   1512   1410   2170      6      0 
    0     42     32     35      -      -      -      -      -      -   1512    210      0      1      0 
    1    235     65     67     98     18      0      0      0      0   1512   1410   2170      6      0 
    0     42     32     37      -      -      -      -      -      -   1512    210      0      1      0 
    1    239     65     67     98     16      0      0      0      0   1512   1410   2170      6      0 
    0     42     32     37      -      -      -      -      -      -   1512    210      0      1      0 
    1    237     65     67     98     16      0      0      0      0   1512   1410   2170      6      0 
    0     42     32     35      -      -      -      -      -      -   1512    210      0      1      0 
    1    237     64     67     98     16      0      0      0      0   1512   1410   2170      6      0 
    0     42     32     35      -      -      -      -      -      -   1512    210      0      1      0 
    1    236     64     67     98     16      0      0      0      0   1512   1410   2170      6      0 
    0     42     32     37      -      -      -      -      -      -   1512    210      0      1      0 
    1    228     65     67     98     17      0      0      0      0   1512   1410   2170      6      0 
    0     42     32     37      -      -      -      -      -      -   1512    210      0      1      0 
    1    230     65     67     98     17      0      0      0      0   1512   1410   2170      6      0 
    0     41     32     35      -      -      -      -      -      -   1512    210      0      1      0 
    1    238     65     67     98     16      0      0      0      0   1512   1410   2170      6      0 
    0     42     32     35      -      -      -      -      -      -   1512    210      0      1      0 
    1    241     64     67     98     16      0      0      0      0   1512   1410   2170      6      0 
    0     41     32     35      -      -      -      -      -      -   1512    210      0      1      0 
    1    229     65     67     98     16      0      0      0      0   1512   1410   2170      6      0 
    0     42     32     35      -      -      -      -      -      -   1512    210      0      1      0 
    1    233     65     67     98     16      0      0      0      0   1512   1410   2170      6      0 
    0     41     32     35      -      -      -      -      -      -   1512    210      0      1      0 
    1    237     65     67     98     17      0      0      0      0   1512   1410   2170      6      0 
    0     42     32     35      -      -      -      -      -      -   1512    210      0      1      0 
    1    239     64     67     98     17      0      0      0      0   1512   1410   2170      6      0 
    0     42     32     35      -      -      -      -      -      -   1512    210      0      1      0 
    1    242     65     67     98     16      0      0      0      0   1512   1410   2170      6      0 
    0     42     32     37      -      -      -      -      -      -   1512    210      0      1      0 
    1    233     65     67     98     16      0      0      0      0   1512   1410   2170      6      0 
    0     42     32     35      -      -      -      -      -      -   1512    210      0      1      0 
    1    239     65     67     98     16      0      0      0      0   1512   1410   2170      6      0 
    0     41     32     35      -      -      -      -      -      -   1512    210      0      1      0 
    1    229     64     67     98     16      0      0      0      0   1512   1410   2170      6      0 
    0     42     32     37      -      -      -      -      -      -   1512    210      0      1      0 
    1    235     65     67     98     16      0      0      0      0   1512   1410   2170      6      0 
    0     41     32     35      -      -      -      -      -      -   1512    210      0      1      0 
    1    238     65     67     98     17      0      0      0      0   1512   1410   2170      6      0 
    0     42     32     35      -      -      -      -      -      -   1512    210      0      1      0 
    1    239     64     67     98     16      0      0      0      0   1512   1410   2170      6      0 
# gpu    pwr  gtemp  mtemp     sm    mem    enc    dec    jpg    ofa   mclk   pclk     fb   bar1   ccpm 
# Idx      W      C      C      %      %      %      %      %      %    MHz    MHz     MB     MB     MB 
    0     42     32     35      -      -      -      -      -      -   1512    210      0      1      0 
    1    232     65     67     98     16      0      0      0      0   1512   1410   2170      6      0 
    0     42     32     37      -      -      -      -      -      -   1512    210      0      1      0 
    1    240     66     67     98     16      0      0      0      0   1512   1410   2170      6      0 
    0     41     32     37      -      -      -      -      -      -   1512    210      0      1      0 
    1    234     65     67     98     16      0      0      0      0   1512   1410   2170      6      0 
    0     42     32     35      -      -      -      -      -      -   1512    210      0      1      0 
    1    234     65     67     98     16      0      0      0      0   1512   1410   2170      6      0 
    0     41     32     35      -      -      -      -      -      -   1512    210      0      1      0 
    1    233     64     67     98     16      0      0      0      0   1512   1410   2170      6      0 
    0     42     32     35      -      -      -      -      -      -   1512    210      0      1      0 
    1    236     65     67     98     16      0      0      0      0   1512   1410   2170      6      0 
    0     43     32     35      -      -      -      -      -      -   1512    210      0      1      0 
    1    238     65     67     98     16      0      0      0      0   1512   1410   2170      6      0 
    0     42     32     35      -      -      -      -      -      -   1512    210      0      1      0 
    1    235     65     67     98     16      0      0      0      0   1512   1410   2170      6      0 
    0     41     32     35      -      -      -      -      -      -   1512    210      0      1      0 
    1    237     64     67     98     17      0      0      0      0   1512   1410   2170      6      0 
    0     41     32     35      -      -      -      -      -      -   1512    210      0      1      0 
    1    239     64     67     98     16      0      0      0      0   1512   1410   2170      6      0 
    0     41     32     35      -      -      -      -      -      -   1512    210      0      1      0 
    1    234     65     67     98     16      0      0      0      0   1512   1410   2170      6      0 
    0     41     32     35      -      -      -      -      -      -   1512    210      0      1      0 
    1    235     65     67     98     16      0      0      0      0   1512   1410   2170      6      0 
    0     42     32     35      -      -      -      -      -      -   1512    210      0      1      0 
    1    231     64     67     98     16      0      0      0      0   1512   1410   2170      6      0 
    0     41     32     35      -      -      -      -      -      -   1512    210      0      1      0 
    1    233     65     67     98     16      0      0      0      0   1512   1410   2170      6      0 
    0     41     32     35      -      -      -      -      -      -   1512    210      0      1      0 
    1    240     65     67     98     16      0      0      0      0   1512   1410   2170      6      0 
    0     42     32     35      -      -      -      -      -      -   1512    210      0      1      0 
    1    224     65     67     98     16      0      0      0      0   1512   1410   2170      6      0 
    0     41     32     35      -      -      -      -      -      -   1512    210      0      1      0 
    1    237     65     67     98     16      0      0      0      0   1512   1410   2170      6      0 
    0     42     32     35      -      -      -      -      -      -   1512    210      0      1      0 
    1    238     65     67     98     16      0      0      0      0   1512   1410   2170      6      0 
    0     42     32     37      -      -      -      -      -      -   1512    210      0      1      0 
    1    225     65     67     98     16      0      0      0      0   1512   1410   2170      6      0 
    0     41     32     35      -      -      -      -      -      -   1512    210      0      1      0 
    1    237     65     67     98     17      0      0      0      0   1512   1410   2170      6      0 
    0     41     32     35      -      -      -      -      -      -   1512    210      0      1      0 
    1    234     65     67     98     16      0      0      0      0   1512   1410   2170      6      0 
    0     41     32     35      -      -      -      -      -      -   1512    210      0      1      0 
    1    230     64     67     98     16      0      0      0      0   1512   1410   2170      6      0 
# gpu    pwr  gtemp  mtemp     sm    mem    enc    dec    jpg    ofa   mclk   pclk     fb   bar1   ccpm 
# Idx      W      C      C      %      %      %      %      %      %    MHz    MHz     MB     MB     MB 
    0     41     32     35      -      -      -      -      -      -   1512    210      0      1      0 
    1    237     65     67     98     16      0      0      0      0   1512   1410   2170      6      0 
    0     42     32     37      -      -      -      -      -      -   1512    210      0      1      0 
    1    237     65     67     98     16      0      0      0      0   1512   1410   2170      6      0 
    0     41     32     35      -      -      -      -      -      -   1512    210      0      1      0 
    1    231     65     67     98     16      0      0      0      0   1512   1410   2170      6      0 
    0     41     32     35      -      -      -      -      -      -   1512    210      0      1      0 
    1    233     64     67     98     16      0      0      0      0   1512   1410   2170      6      0 
    0     41     32     35      -      -      -      -      -      -   1512    210      0      1      0 
    1    223     65     67     98     16      0      0      0      0   1512   1410   2170      6      0 
    0     41     32     35      -      -      -      -      -      -   1512    210      0      1      0 
    1    231     65     67     98     16      0      0      0      0   1512   1410   2170      6      0 
    0     42     32     35      -      -      -      -      -      -   1512    210      0      1      0 
    1    239     65     67     98     16      0      0      0      0   1512   1410   2170      6      0 
    0     41     32     35      -      -      -      -      -      -   1512    210      0      1      0 
    1    238     64     67     98     17      0      0      0      0   1512   1410   2170      6      0 
    0     42     32     37      -      -      -      -      -      -   1512    210      0      1      0 
    1    233     65     67     98     16      0      0      0      0   1512   1410   2170      6      0 
    0     41     32     37      -      -      -      -      -      -   1512    210      0      1      0 
    1    238     65     67     98     17      0      0      0      0   1512   1410   2170      6      0 
    0     41     32     35      -      -      -      -      -      -   1512    210      0      1      0 
    1    237     65     67     98     16      0      0      0      0   1512   1410   2170      6      0 
    0     41     32     35      -      -      -      -      -      -   1512    210      0      1      0 
    1    234     64     67     98     16      0      0      0      0   1512   1410   2170      6      0 
    0     41     32     35      -      -      -      -      -      -   1512    210      0      1      0 
    1    243     65     67     98     16      0      0      0      0   1512   1410   2170      6      0 
    0     41     32     35      -      -      -      -      -      -   1512    210      0      1      0 
    1    232     65     67     98     16      0      0      0      0   1512   1410   2170      6      0 
    0     42     32     35      -      -      -      -      -      -   1512    210      0      1      0 
    1    234     65     67     98     16      0      0      0      0   1512   1410   2170      6      0 
    0     41     32     35      -      -      -      -      -      -   1512    210      0      1      0 
    1    238     65     67     98     17      0      0      0      0   1512   1410   2170      6      0 
    0     41     32     35      -      -      -      -      -      -   1512    210      0      1      0 
    1    236     64     67     98     16      0      0      0      0   1512   1410   2170      6      0 
    0     41     32     37      -      -      -      -      -      -   1512    210      0      1      0 
    1    229     65     67     98     16      0      0      0      0   1512   1410   2170      6      0 
    0     42     32     37      -      -      -      -      -      -   1512    210      0      1      0 
    1    238     65     67     98     17      0      0      0      0   1512   1410   2170      6      0 
    0     42     32     35      -      -      -      -      -      -   1512    210      0      1      0 
    1    236     65     67     98     16      0      0      0      0   1512   1410   2170      6      0 
    0     41     32     35      -      -      -      -      -      -   1512    210      0      1      0 
    1    238     64     67     98     17      0      0      0      0   1512   1410   2170      6      0 
    0     41     32     35      -      -      -      -      -      -   1512    210      0      1      0 
    1    233     65     67     98     17      0      0      0      0   1512   1410   2170      6      0 
# gpu    pwr  gtemp  mtemp     sm    mem    enc    dec    jpg    ofa   mclk   pclk     fb   bar1   ccpm 
# Idx      W      C      C      %      %      %      %      %      %    MHz    MHz     MB     MB     MB 
    0     41     32     35      -      -      -      -      -      -   1512    210      0      1      0 
    1    239     65     67     98     16      0      0      0      0   1512   1410   2170      6      0 
    0     42     32     35      -      -      -      -      -      -   1512    210      0      1      0 
    1    240     65     67     98     16      0      0      0      0   1512   1410   2170      6      0 
    0     42     32     35      -      -      -      -      -      -   1512    210      0      1      0 
    1    235     64     67     98     16      0      0      0      0   1512   1410   2170      6      0 
    0     42     32     35      -      -      -      -      -      -   1512    210      0      1      0 
    1    236     65     67     98     17      0      0      0      0   1512   1410   2170      6      0 
    0     42     32     37      -      -      -      -      -      -   1512    210      0      1      0 
    1    236     65     67     98     17      0      0      0      0   1512   1410   2170      6      0 
    0     42     32     35      -      -      -      -      -      -   1512    210      0      1      0 
    1    238     65     67     98     16      0      0      0      0   1512   1410   2170      6      0 
    0     42     32     35      -      -      -      -      -      -   1512    210      0      1      0 
    1    232     64     67     98     16      0      0      0      0   1512   1410   2170      6      0 
    0     42     32     35      -      -      -      -      -      -   1512    210      0      1      0 
    1    237     64     67     98     16      0      0      0      0   1512   1410   2170      6      0 
    0     42     32     37      -      -      -      -      -      -   1512    210      0      1      0 
    1    242     65     67     98     17      0      0      0      0   1512   1410   2170      6      0 
    0     42     32     35      -      -      -      -      -      -   1512    210      0      1      0 
    1    235     65     67     98     16      0      0      0      0   1512   1410   2170      6      0 
    0     41     32     35      -      -      -      -      -      -   1512    210      0      1      0 
    1    233     64     67     98     17      0      0      0      0   1512   1410   2170      6      0 
    0     42     32     35      -      -      -      -      -      -   1512    210      0      1      0 
    1    236     65     67     98     16      0      0      0      0   1512   1410   2170      6      0 
    0     41     32     37      -      -      -      -      -      -   1512    210      0      1      0 
    1    232     65     67     98     17      0      0      0      0   1512   1410   2170      6      0 
    0     41     32     35      -      -      -      -      -      -   1512    210      0      1      0 
    1    242     65     67     98     16      0      0      0      0   1512   1410   2170      6      0 
    0     42     32     35      -      -      -      -      -      -   1512    210      0      1      0 
    1    229     64     67     98     16      0      0      0      0   1512   1410   2170      6      0 
    0     41     32     35      -      -      -      -      -      -   1512    210      0      1      0 
    1    228     64     67     98     17      0      0      0      0   1512   1410   2170      6      0 
    0     41     32     35      -      -      -      -      -      -   1512    210      0      1      0 
    1    243     65     67     98     16      0      0      0      0   1512   1410   2170      6      0 
    0     41     32     37      -      -      -      -      -      -   1512    210      0      1      0 
    1    239     65     67     98     17      0      0      0      0   1512   1410   2170      6      0 
    0     42     32     35      -      -      -      -      -      -   1512    210      0      1      0 
    1    234     64     67     98     17      0      0      0      0   1512   1410   2170      6      0 
    0     42     32     35      -      -      -      -      -      -   1512    210      0      1      0 
    1    234     64     67     98     16      0      0      0      0   1512   1410   2170      6      0 
    0     41     32     35      -      -      -      -      -      -   1512    210      0      1      0 
    1    234     65     67     98     16      0      0      0      0   1512   1410   2170      6      0 
    0     42     32     35      -      -      -      -      -      -   1512    210      0      1      0 
    1    242     65     67     98     16      0      0      0      0   1512   1410   2170      6      0 
# gpu    pwr  gtemp  mtemp     sm    mem    enc    dec    jpg    ofa   mclk   pclk     fb   bar1   ccpm 
# Idx      W      C      C      %      %      %      %      %      %    MHz    MHz     MB     MB     MB 
    0     42     32     35      -      -      -      -      -      -   1512    210      0      1      0 
    1    244     65     67     98     16      0      0      0      0   1512   1410   2170      6      0 
    0     42     32     35      -      -      -      -      -      -   1512    210      0      1      0 
    1    235     65     67     98     17      0      0      0      0   1512   1410   2170      6      0 
    0     41     32     37      -      -      -      -      -      -   1512    210      0      1      0 
    1    240     65     67     98     16      0      0      0      0   1512   1410   2170      6      0 
    0     42     32     35      -      -      -      -      -      -   1512    210      0      1      0 
    1    231     65     67     98     16      0      0      0      0   1512   1410   2170      6      0 
    0     43     32     35      -      -      -      -      -      -   1512    210      0      1      0 
    1    229     64     67     98     16      0      0      0      0   1512   1410   2170      6      0 
    0     42     32     35      -      -      -      -      -      -   1512    210      0      1      0 
    1    238     64     67     98     16      0      0      0      0   1512   1410   2170      6      0 
    0     42     32     37      -      -      -      -      -      -   1512    210      0      1      0 
    1    231     65     67     98     16      0      0      0      0   1512   1410   2170      6      0 
    0     41     32     37      -      -      -      -      -      -   1512    210      0      1      0 
    1    238     65     67     98     16      0      0      0      0   1512   1410   2170      6      0 
    0     42     32     35      -      -      -      -      -      -   1512    210      0      1      0 
    1    242     65     67     98     16      0      0      0      0   1512   1410   2170      6      0 
    0     41     32     35      -      -      -      -      -      -   1512    210      0      1      0 
    1    237     64     67     98     17      0      0      0      0   1512   1410   2170      6      0 
    0     41     32     35      -      -      -      -      -      -   1512    210      0      1      0 
    1    235     65     67     98     16      0      0      0      0   1512   1410   2170      6      0 
    0     42     32     35      -      -      -      -      -      -   1512    210      0      1      0 
    1    242     65     67     98     17      0      0      0      0   1512   1410   2170      6      0 
    0     42     32     35      -      -      -      -      -      -   1512    210      0      1      0 
    1    237     65     67     98     16      0      0      0      0   1512   1410   2170      6      0 
    0     42     32     35      -      -      -      -      -      -   1512    210      0      1      0 
    1    237     64     67     98     16      0      0      0      0   1512   1410   2170      6      0 
    0     41     32     35      -      -      -      -      -      -   1512    210      0      1      0 
    1    229     65     67     98     17      0      0      0      0   1512   1410   2170      6      0 
    0     42     32     35      -      -      -      -      -      -   1512    210      0      1      0 
    1    240     65     67     98     17      0      0      0      0   1512   1410   2170      6      0 
    0     42     32     35      -      -      -      -      -      -   1512    210      0      1      0 
    1    240     65     67     98     16      0      0      0      0   1512   1410   2170      6      0 
    0     42     32     35      -      -      -      -      -      -   1512    210      0      1      0 
    1    240     64     67     98     16      0      0      0      0   1512   1410   2170      6      0 
    0     42     32     35      -      -      -      -      -      -   1512    210      0      1      0 
    1    235     65     67     98     16      0      0      0      0   1512   1410   2170      6      0 
    0     41     32     37      -      -      -      -      -      -   1512    210      0      1      0 
    1    237     65     67     98     17      0      0      0      0   1512   1410   2170      6      0 
    0     42     32     35      -      -      -      -      -      -   1512    210      0      1      0 
    1    236     65     67     98     16      0      0      0      0   1512   1410   2170      6      0 
    0     41     32     35      -      -      -      -      -      -   1512    210      0      1      0 
    1    244     64     67     98     16      0      0      0      0   1512   1410   2170      6      0 
# gpu    pwr  gtemp  mtemp     sm    mem    enc    dec    jpg    ofa   mclk   pclk     fb   bar1   ccpm 
# Idx      W      C      C      %      %      %      %      %      %    MHz    MHz     MB     MB     MB 
    0     42     32     35      -      -      -      -      -      -   1512    210      0      1      0 
    1    231     65     67     98     17      0      0      0      0   1512   1410   2170      6      0 
    0     42     32     35      -      -      -      -      -      -   1512    210      0      1      0 
    1    239     65     67     98     17      0      0      0      0   1512   1410   2170      6      0 
    0     41     32     35      -      -      -      -      -      -   1512    210      0      1      0 
    1    233     65     67     98     17      0      0      0      0   1512   1410   2170      6      0 
    0     42     32     35      -      -      -      -      -      -   1512    210      0      1      0 
    1    232     64     67     98     16      0      0      0      0   1512   1410   2170      6      0 
    0     42     32     35      -      -      -      -      -      -   1512    210      0      1      0 
    1    238     65     67     98     16      0      0      0      0   1512   1410   2170      6      0 
    0     41     32     35      -      -      -      -      -      -   1512    210      0      1      0 
    1    236     65     67     98     16      0      0      0      0   1512   1410   2170      6      0 
    0     42     32     37      -      -      -      -      -      -   1512    210      0      1      0 
    1    241     65     67     98     17      0      0      0      0   1512   1410   2170      6      0 
    0     42     32     35      -      -      -      -      -      -   1512    210      0      1      0 
    1    234     65     67     98     16      0      0      0      0   1512   1410   2170      6      0 
    0     42     32     35      -      -      -      -      -      -   1512    210      0      1      0 
    1    238     64     67     98     16      0      0      0      0   1512   1410   2170      6      0 
    0     42     32     35      -      -      -      -      -      -   1512    210      0      1      0 
    1    241     65     67     98     17      0      0      0      0   1512   1410   2170      6      0 
    0     42     32     37      -      -      -      -      -      -   1512    210      0      1      0 
    1    239     65     67     98     16      0      0      0      0   1512   1410   2170      6      0 
    0     42     32     35      -      -      -      -      -      -   1512    210      0      1      0 
    1    238     65     67     98     16      0      0      0      0   1512   1410   2170      6      0 
    0     42     32     35      -      -      -      -      -      -   1512    210      0      1      0 
    1    236     64     67     98     17      0      0      0      0   1512   1410   2170      6      0 
    0     41     32     37      -      -      -      -      -      -   1512    210      0      1      0 
    1    238     65     67     98     17      0      0      0      0   1512   1410   2170      6      0 
    0     42     32     35      -      -      -      -      -      -   1512    210      0      1      0 
    1    226     65     67     98     16      0      0      0      0   1512   1410   2170      6      0 
    0     42     32     35      -      -      -      -      -      -   1512    210      0      1      0 
    1    235     65     67     98     16      0      0      0      0   1512   1410   2170      6      0 
    0     42     32     35      -      -      -      -      -      -   1512    210      0      1      0 
    1    232     65     67     98     16      0      0      0      0   1512   1410   2170      6      0 
    0     42     32     35      -      -      -      -      -      -   1512    210      0      1      0 
    1    236     65     67     98     17      0      0      0      0   1512   1410   2170      6      0 
    0     41     32     35      -      -      -      -      -      -   1512    210      0      1      0 
    1    231     65     67     98     16      0      0      0      0   1512   1410   2170      6      0 
    0     41     32     35      -      -      -      -      -      -   1512    210      0      1      0 
    1    238     65     67     98     16      0      0      0      0   1512   1410   2170      6      0 
    0     42     32     35      -      -      -      -      -      -   1512    210      0      1      0 
    1    237     64     67     98     17      0      0      0      0   1512   1410   2170      6      0 
    0     42     32     35      -      -      -      -      -      -   1512    210      0      1      0 
    1    231     64     67     98     16      0      0      0      0   1512   1410   2170      6      0 
# gpu    pwr  gtemp  mtemp     sm    mem    enc    dec    jpg    ofa   mclk   pclk     fb   bar1   ccpm 
# Idx      W      C      C      %      %      %      %      %      %    MHz    MHz     MB     MB     MB 
    0     42     32     37      -      -      -      -      -      -   1512    210      0      1      0 
    1    239     65     67     98     16      0      0      0      0   1512   1410   2170      6      0 
    0     42     32     35      -      -      -      -      -      -   1512    210      0      1      0 
    1    237     65     67     98     16      0      0      0      0   1512   1410   2170      6      0 
    0     41     32     35      -      -      -      -      -      -   1512    210      0      1      0 
    1    230     65     67     98     16      0      0      0      0   1512   1410   2170      6      0 
    0     41     32     35      -      -      -      -      -      -   1512    210      0      1      0 
    1    241     65     67     98     17      0      0      0      0   1512   1410   2170      6      0 
    0     41     32     37      -      -      -      -      -      -   1512    210      0      1      0 
    1    233     65     67     98     17      0      0      0      0   1512   1410   2170      6      0 
    0     41     32     35      -      -      -      -      -      -   1512    210      0      1      0 
    1    232     65     67     98     17      0      0      0      0   1512   1410   2170      6      0 
    0     42     32     35      -      -      -      -      -      -   1512    210      0      1      0 
    1    231     65     67     98     16      0      0      0      0   1512   1410   2170      6      0 
    0     41     32     35      -      -      -      -      -      -   1512    210      0      1      0 
    1    235     64     67     98     16      0      0      0      0   1512   1410   2170      6      0 
    0     41     32     37      -      -      -      -      -      -   1512    210      0      1      0 
    1    237     65     67     98     16      0      0      0      0   1512   1410   2170      6      0 
    0     42     32     35      -      -      -      -      -      -   1512    210      0      1      0 
    1    243     65     67     98     17      0      0      0      0   1512   1410   2170      6      0 
    0     42     32     37      -      -      -      -      -      -   1512    210      0      1      0 
    1    234     65     67     98     16      0      0      0      0   1512   1410   2170      6      0 
    0     41     32     35      -      -      -      -      -      -   1512    210      0      1      0 
    1    231     64     67     98     16      0      0      0      0   1512   1410   2170      6      0 
    0     42     32     35      -      -      -      -      -      -   1512    210      0      1      0 
    1    231     65     67     98     17      0      0      0      0   1512   1410   2170      6      0 
    0     42     32     35      -      -      -      -      -      -   1512    210      0      1      0 
    1    233     65     67     98     16      0      0      0      0   1512   1410   2170      6      0 
    0     42     32     35      -      -      -      -      -      -   1512    210      0      1      0 
    1    234     65     67     98     16      0      0      0      0   1512   1410   2170      6      0 
    0     42     32     35      -      -      -      -      -      -   1512    210      0      1      0 
    1    243     64     67     98     16      0      0      0      0   1512   1410   2170      6      0 
    0     42     32     37      -      -      -      -      -      -   1512    210      0      1      0 
    1    243     65     67     98     16      0      0      0      0   1512   1410   2170      6      0 
    0     42     32     35      -      -      -      -      -      -   1512    210      0      1      0 
    1    238     65     67     98     16      0      0      0      0   1512   1410   2170      6      0 
    0     41     32     37      -      -      -      -      -      -   1512    210      0      1      0 
    1    237     65     67     98     16      0      0      0      0   1512   1410   2170      6      0 
    0     42     32     35      -      -      -      -      -      -   1512    210      0      1      0 
    1    237     65     67     98     16      0      0      0      0   1512   1410   2170      6      0 
    0     41     32     35      -      -      -      -      -      -   1512    210      0      1      0 
    1    232     64     67     98     16      0      0      0      0   1512   1410   2170      6      0 
    0     41     32     37      -      -      -      -      -      -   1512    210      0      1      0 
    1    231     65     67     98     17      0      0      0      0   1512   1410   2170      6      0 
# gpu    pwr  gtemp  mtemp     sm    mem    enc    dec    jpg    ofa   mclk   pclk     fb   bar1   ccpm 
# Idx      W      C      C      %      %      %      %      %      %    MHz    MHz     MB     MB     MB 
    0     41     32     35      -      -      -      -      -      -   1512    210      0      1      0 
    1    231     65     67     98     16      0      0      0      0   1512   1410   2170      6      0 
    0     41     32     35      -      -      -      -      -      -   1512    210      0      1      0 
    1    236     65     67     98     16      0      0      0      0   1512   1410   2170      6      0 
    0     40     32     35      -      -      -      -      -      -   1512    210      0      1      0 
    1    237     64     67     98     17      0      0      0      0   1512   1410   2170      6      0 
    0     41     32     37      -      -      -      -      -      -   1512    210      0      1      0 
    1    242     65     67     98     16      0      0      0      0   1512   1410   2170      6      0 
    0     41     32     35      -      -      -      -      -      -   1512    210      0      1      0 
    1    241     65     67     98     17      0      0      0      0   1512   1410   2170      6      0 
    0     41     32     35      -      -      -      -      -      -   1512    210      0      1      0 
    1    237     65     67     98     17      0      0      0      0   1512   1410   2170      6      0 
    0     41     32     35      -      -      -      -      -      -   1512    210      0      1      0 
    1    234     64     67     98     16      0      0      0      0   1512   1410   2170      6      0 
    0     41     32     37      -      -      -      -      -      -   1512    210      0      1      0 
    1    240     65     67     98     16      0      0      0      0   1512   1410   2170      6      0 
    0     42     32     35      -      -      -      -      -      -   1512    210      0      1      0 
    1    231     65     67     98     16      0      0      0      0   1512   1410   2170      6      0 
    0     42     32     35      -      -      -      -      -      -   1512    210      0      1      0 
    1    231     65     67     98     17      0      0      0      0   1512   1410   2170      6      0 
    0     42     32     35      -      -      -      -      -      -   1512    210      0      1      0 
    1    235     64     67     98     17      0      0      0      0   1512   1410   2170      6      0 
    0     41     32     35      -      -      -      -      -      -   1512    210      0      1      0 
    1    243     65     67     98     16      0      0      0      0   1512   1410   2170      6      0 
    0     41     32     35      -      -      -      -      -      -   1512    210      0      1      0 
    1    234     65     67     98     16      0      0      0      0   1512   1410   2170      6      0 
    0     42     32     35      -      -      -      -      -      -   1512    210      0      1      0 
    1    240     65     67     98     16      0      0      0      0   1512   1410   2170      6      0 
    0     41     32     35      -      -      -      -      -      -   1512    210      0      1      0 
    1    235     64     67     98     16      0      0      0      0   1512   1410   2170      6      0 
    0     41     32     37      -      -      -      -      -      -   1512    210      0      1      0 
    1    239     65     67     98     17      0      0      0      0   1512   1410   2170      6      0 
    0     41     32     35      -      -      -      -      -      -   1512    210      0      1      0 
    1    239     65     67     98     16      0      0      0      0   1512   1410   2170      6      0 
    0     41     32     35      -      -      -      -      -      -   1512    210      0      1      0 
    1    234     65     67     98     17      0      0      0      0   1512   1410   2170      6      0 
    0     42     32     35      -      -      -      -      -      -   1512    210      0      1      0 
    1    240     64     67     98     16      0      0      0      0   1512   1410   2170      6      0 
    0     43     32     35      -      -      -      -      -      -   1512    210      0      1      0 
    1    234     64     67     98     16      0      0      0      0   1512   1410   2170      6      0 
    0     42     32     37      -      -      -      -      -      -   1512    210      0      1      0 
    1    235     65     67     98     17      0      0      0      0   1512   1410   2170      6      0 
    0     42     32     35      -      -      -      -      -      -   1512    210      0      1      0 
    1    236     65     67     98     16      0      0      0      0   1512   1410   2170      6      0 
# gpu    pwr  gtemp  mtemp     sm    mem    enc    dec    jpg    ofa   mclk   pclk     fb   bar1   ccpm 
# Idx      W      C      C      %      %      %      %      %      %    MHz    MHz     MB     MB     MB 
    0     41     32     35      -      -      -      -      -      -   1512    210      0      1      0 
    1    235     64     67     98     17      0      0      0      0   1512   1410   2170      6      0 
    0     41     32     35      -      -      -      -      -      -   1512    210      0      1      0 
    1    235     65     67     98     16      0      0      0      0   1512   1410   2170      6      0 
    0     42     32     37      -      -      -      -      -      -   1512    210      0      1      0 
    1    245     66     67     98     17      0      0      0      0   1512   1410   2170      6      0 
    0     42     32     37      -      -      -      -      -      -   1512    210      0      1      0 
    1    239     65     67     98     16      0      0      0      0   1512   1410   2170      6      0 
    0     42     32     35      -      -      -      -      -      -   1512    210      0      1      0 
    1    238     65     67     98     16      0      0      0      0   1512   1410   2170      6      0 
    0     41     32     35      -      -      -      -      -      -   1512    210      0      1      0 
    1    238     64     67     98     16      0      0      0      0   1512   1410   2170      6      0 
    0     42     32     35      -      -      -      -      -      -   1512    210      0      1      0 
    1    236     65     67     98     16      0      0      0      0   1512   1410   2170      6      0 
    0     42     32     35      -      -      -      -      -      -   1512    210      0      1      0 
    1    242     65     67     98     16      0      0      0      0   1512   1410   2170      6      0 
    0     41     32     35      -      -      -      -      -      -   1512    210      0      1      0 
    1    234     65     67     98     16      0      0      0      0   1512   1410   2170      6      0 
    0     42     32     35      -      -      -      -      -      -   1512    210      0      1      0 
    1    229     64     67     98     17      0      0      0      0   1512   1410   2170      6      0 
    0     41     32     37      -      -      -      -      -      -   1512    210      0      1      0 
    1    240     65     67     98     16      0      0      0      0   1512   1410   2170      6      0 
    0     41     32     37      -      -      -      -      -      -   1512    210      0      1      0 
    1    241     65     67     98     17      0      0      0      0   1512   1410   2170      6      0 
    0     41     32     35      -      -      -      -      -      -   1512    210      0      1      0 
    1    232     65     67     98     16      0      0      0      0   1512   1410   2170      6      0 
    0     41     32     35      -      -      -      -      -      -   1512    210      0      1      0 
    1    232     64     67     98     16      0      0      0      0   1512   1410   2170      6      0 
    0     42     32     35      -      -      -      -      -      -   1512    210      0      1      0 
    1    240     65     67     98     16      0      0      0      0   1512   1410   2170      6      0 
    0     42     32     37      -      -      -      -      -      -   1512    210      0      1      0 
    1    231     65     67     98     16      0      0      0      0   1512   1410   2170      6      0 
    0     42     32     35      -      -      -      -      -      -   1512    210      0      1      0 
    1    234     65     67     98     16      0      0      0      0   1512   1410   2170      6      0 
    0     41     32     35      -      -      -      -      -      -   1512    210      0      1      0 
    1    237     64     67     98     17      0      0      0      0   1512   1410   2170      6      0 
    0     42     32     35      -      -      -      -      -      -   1512    210      0      1      0 
    1    231     65     67     98     16      0      0      0      0   1512   1410   2170      6      0 
    0     41     32     37      -      -      -      -      -      -   1512    210      0      1      0 
    1    236     65     67     98     17      0      0      0      0   1512   1410   2170      6      0 
    0     42     32     35      -      -      -      -      -      -   1512    210      0      1      0 
    1    240     65     67     98     16      0      0      0      0   1512   1410   2170      6      0 
    0     42     32     35      -      -      -      -      -      -   1512    210      0      1      0 
    1    237     65     67     98     16      0      0      0      0   1512   1410   2170      6      0 
# gpu    pwr  gtemp  mtemp     sm    mem    enc    dec    jpg    ofa   mclk   pclk     fb   bar1   ccpm 
# Idx      W      C      C      %      %      %      %      %      %    MHz    MHz     MB     MB     MB 
    0     41     32     35      -      -      -      -      -      -   1512    210      0      1      0 
    1    233     65     67     98     16      0      0      0      0   1512   1410   2170      6      0 
    0     42     32     37      -      -      -      -      -      -   1512    210      0      1      0 
    1    240     65     67     98     17      0      0      0      0   1512   1410   2170      6      0 
    0     43     32     37      -      -      -      -      -      -   1512    210      0      1      0 
    1    234     65     67     98     16      0      0      0      0   1512   1410   2170      6      0 
    0     41     32     35      -      -      -      -      -      -   1512    210      0      1      0 
    1    235     64     67     98     16      0      0      0      0   1512   1410   2170      6      0 
    0     42     32     35      -      -      -      -      -      -   1512    210      0      1      0 
    1    236     65     67     98     16      0      0      0      0   1512   1410   2170      6      0 
    0     42     32     37      -      -      -      -      -      -   1512    210      0      1      0 
    1    234     65     67     98     16      0      0      0      0   1512   1410   2170      6      0 
    0     42     32     37      -      -      -      -      -      -   1512    210      0      1      0 
    1    225     65     67     98     16      0      0      0      0   1512   1410   2170      6      0 
    0     42     32     35      -      -      -      -      -      -   1512    210      0      1      0 
    1    238     65     67     98     16      0      0      0      0   1512   1410   2170      6      0 
    0     41     32     35      -      -      -      -      -      -   1512    210      0      1      0 
    1    239     64     67     98     17      0      0      0      0   1512   1410   2170      6      0 
    0     42     32     37      -      -      -      -      -      -   1512    210      0      1      0 
    1    237     65     67     98     16      0      0      0      0   1512   1410   2170      6      0 
    0     41     32     35      -      -      -      -      -      -   1512    210      0      1      0 
    1    232     65     67     98     16      0      0      0      0   1512   1410   2170      6      0 
    0     42     32     35      -      -      -      -      -      -   1512    210      0      1      0 
    1    235     65     67     98     16      0      0      0      0   1512   1410   2170      6      0 
    0     42     32     35      -      -      -      -      -      -   1512    210      0      1      0 
    1    238     65     67     98     16      0      0      0      0   1512   1410   2170      6      0 
    0     41     32     35      -      -      -      -      -      -   1512    210      0      1      0 
    1    239     65     67     98     16      0      0      0      0   1512   1410   2170      6      0 
    0     42     32     35      -      -      -      -      -      -   1512    210      0      1      0 
    1    238     65     67     98     16      0      0      0      0   1512   1410   2170      6      0 
    0     41     32     35      -      -      -      -      -      -   1512    210      0      1      0 
    1    234     65     67     98     16      0      0      0      0   1512   1410   2170      6      0 
    0     41     32     35      -      -      -      -      -      -   1512    210      0      1      0 
    1    238     64     67     98     16      0      0      0      0   1512   1410   2170      6      0 
    0     42     32     35      -      -      -      -      -      -   1512    210      0      1      0 
    1    235     65     67     98     16      0      0      0      0   1512   1410   2170      6      0 
    0     42     32     35      -      -      -      -      -      -   1512    210      0      1      0 
    1    238     65     67     98     16      0      0      0      0   1512   1410   2170      6      0 
    0     41     32     35      -      -      -      -      -      -   1512    210      0      1      0 
    1    240     65     67     98     16      0      0      0      0   1512   1410   2170      6      0 
    0     42     32     35      -      -      -      -      -      -   1512    210      0      1      0 
    1    238     65     67     98     17      0      0      0      0   1512   1410   2170      6      0 
    0     42     32     35      -      -      -      -      -      -   1512    210      0      1      0 
    1    226     65     67     98     16      0      0      0      0   1512   1410   2170      6      0 
# gpu    pwr  gtemp  mtemp     sm    mem    enc    dec    jpg    ofa   mclk   pclk     fb   bar1   ccpm 
# Idx      W      C      C      %      %      %      %      %      %    MHz    MHz     MB     MB     MB 
    0     42     32     37      -      -      -      -      -      -   1512    210      0      1      0 
    1    240     65     67     98     16      0      0      0      0   1512   1410   2170      6      0 
    0     41     32     35      -      -      -      -      -      -   1512    210      0      1      0 
    1    235     65     67     98     16      0      0      0      0   1512   1410   2170      6      0 
    0     42     32     35      -      -      -      -      -      -   1512    210      0      1      0 
    1    234     64     67     98     16      0      0      0      0   1512   1410   2170      6      0 
    0     42     32     35      -      -      -      -      -      -   1512    210      0      1      0 
    1    243     65     67     98     16      0      0      0      0   1512   1410   2170      6      0 
    0     41     32     35      -      -      -      -      -      -   1512    210      0      1      0 
    1    241     65     67     98     16      0      0      0      0   1512   1410   2170      6      0 
    0     41     32     35      -      -      -      -      -      -   1512    210      0      1      0 
    1    240     65     67     98     16      0      0      0      0   1512   1410   2170      6      0 
    0     41     32     35      -      -      -      -      -      -   1512    210      0      1      0 
    1    239     64     67     98     17      0      0      0      0   1512   1410   2170      6      0 
    0     41     32     35      -      -      -      -      -      -   1512    210      0      1      0 
    1    236     65     67     98     17      0      0      0      0   1512   1410   2170      6      0 
    0     41     32     37      -      -      -      -      -      -   1512    210      0      1      0 
    1    231     65     67     98     16      0      0      0      0   1512   1410   2170      6      0 
    0     42     32     35      -      -      -      -      -      -   1512    210      0      1      0 
    1    236     65     67     98     16      0      0      0      0   1512   1410   2170      6      0 
    0     41     32     35      -      -      -      -      -      -   1512    210      0      1      0 
    1    237     64     67     98     16      0      0      0      0   1512   1410   2170      6      0 
    0     41     32     35      -      -      -      -      -      -   1512    210      0      1      0 
    1    228     65     67     98     16      0      0      0      0   1512   1410   2170      6      0 
    0     42     32     35      -      -      -      -      -      -   1512    210      0      1      0 
    1    239     65     67     98     16      0      0      0      0   1512   1410   2170      6      0 
    0     42     32     35      -      -      -      -      -      -   1512    210      0      1      0 
    1    233     65     67     98     17      0      0      0      0   1512   1410   2170      6      0 
    0     41     32     35      -      -      -      -      -      -   1512    210      0      1      0 
    1    236     65     67     98     16      0      0      0      0   1512   1410   2170      6      0 
    0     41     32     35      -      -      -      -      -      -   1512    210      0      1      0 
    1    233     65     67     98     16      0      0      0      0   1512   1410   2170      6      0 
    0     42     32     37      -      -      -      -      -      -   1512    210      0      1      0 
    1    239     65     67     98     16      0      0      0      0   1512   1410   2170      6      0 
    0     41     32     37      -      -      -      -      -      -   1512    210      0      1      0 
    1    231     65     67     98     16      0      0      0      0   1512   1410   2170      6      0 
    0     42     32     37      -      -      -      -      -      -   1512    210      0      1      0 
    1    230     65     67     98     17      0      0      0      0   1512   1410   2170      6      0 
    0     41     32     35      -      -      -      -      -      -   1512    210      0      1      0 
    1    231     64     67     98     17      0      0      0      0   1512   1410   2170      6      0 
    0     41     32     37      -      -      -      -      -      -   1512    210      0      1      0 
    1    236     65     67     98     17      0      0      0      0   1512   1410   2170      6      0 
    0     42     32     37      -      -      -      -      -      -   1512    210      0      1      0 
    1    236     65     67     98     16      0      0      0      0   1512   1410   2170      6      0 
# gpu    pwr  gtemp  mtemp     sm    mem    enc    dec    jpg    ofa   mclk   pclk     fb   bar1   ccpm 
# Idx      W      C      C      %      %      %      %      %      %    MHz    MHz     MB     MB     MB 
    0     41     32     35      -      -      -      -      -      -   1512    210      0      1      0 
    1    237     65     67     98     16      0      0      0      0   1512   1410   2170      6      0 
    0     42     32     35      -      -      -      -      -      -   1512    210      0      1      0 
    1    229     64     67     98     17      0      0      0      0   1512   1410   2170      6      0 
    0     41     32     35      -      -      -      -      -      -   1512    210      0      1      0 
    1    240     65     67     98     16      0      0      0      0   1512   1410   2170      6      0 
    0     42     32     37      -      -      -      -      -      -   1512    210      0      1      0 
    1    236     65     67     98     16      0      0      0      0   1512   1410   2170      6      0 
    0     42     32     35      -      -      -      -      -      -   1512    210      0      1      0 
    1    232     65     67     98     16      0      0      0      0   1512   1410   2170      6      0 
    0     42     32     35      -      -      -      -      -      -   1512    210      0      1      0 
    1    231     64     67     98     17      0      0      0      0   1512   1410   2170      6      0 
    0     42     32     37      -      -      -      -      -      -   1512    210      0      1      0 
    1    242     65     67     98     16      0      0      0      0   1512   1410   2170      6      0 
    0     42     32     37      -      -      -      -      -      -   1512    210      0      1      0 
    1    232     65     67     98     16      0      0      0      0   1512   1410   2170      6      0 
    0     41     32     35      -      -      -      -      -      -   1512    210      0      1      0 
    1    242     65     67     98     16      0      0      0      0   1512   1410   2170      6      0 
    0     42     32     35      -      -      -      -      -      -   1512    210      0      1      0 
    1    241     64     67     98     16      0      0      0      0   1512   1410   2170      6      0 
    0     42     32     35      -      -      -      -      -      -   1512    210      0      1      0 
    1    236     64     67     98     17      0      0      0      0   1512   1410   2170      6      0 
    0     41     32     37      -      -      -      -      -      -   1512    210      0      1      0 
    1    229     65     67     98     16      0      0      0      0   1512   1410   2170      6      0 
    0     41     32     37      -      -      -      -      -      -   1512    210      0      1      0 
    1    235     65     67     98     16      0      0      0      0   1512   1410   2170      6      0 
    0     41     32     37      -      -      -      -      -      -   1512    210      0      1      0 
    1    239     65     67     98     17      0      0      0      0   1512   1410   2170      6      0 
    0     42     32     35      -      -      -      -      -      -   1512    210      0      1      0 
    1    240     64     67     98     16      0      0      0      0   1512   1410   2170      6      0 
    0     41     32     37      -      -      -      -      -      -   1512    210      0      1      0 
    1    230     65     67     98     16      0      0      0      0   1512   1410   2170      6      0 
    0     41     32     37      -      -      -      -      -      -   1512    210      0      1      0 
    1    229     65     67     98     17      0      0      0      0   1512   1410   2170      6      0 
    0     41     32     37      -      -      -      -      -      -   1512    210      0      1      0 
    1    237     65     67     98     16      0      0      0      0   1512   1410   2170      6      0 
    0     41     32     35      -      -      -      -      -      -   1512    210      0      1      0 
    1    232     64     67     98     16      0      0      0      0   1512   1410   2170      6      0 
    0     42     32     37      -      -      -      -      -      -   1512    210      0      1      0 
    1    240     65     67     98     16      0      0      0      0   1512   1410   2170      6      0 
    0     42     32     37      -      -      -      -      -      -   1512    210      0      1      0 
    1    243     65     67     98     17      0      0      0      0   1512   1410   2170      6      0 
    0     41     32     37      -      -      -      -      -      -   1512    210      0      1      0 
    1    238     65     67     98     16      0      0      0      0   1512   1410   2170      6      0 
# gpu    pwr  gtemp  mtemp     sm    mem    enc    dec    jpg    ofa   mclk   pclk     fb   bar1   ccpm 
# Idx      W      C      C      %      %      %      %      %      %    MHz    MHz     MB     MB     MB 
    0     42     32     35      -      -      -      -      -      -   1512    210      0      1      0 
    1    230     65     67     98     16      0      0      0      0   1512   1410   2170      6      0 
    0     42     32     37      -      -      -      -      -      -   1512    210      0      1      0 
    1    228     65     67     98     16      0      0      0      0   1512   1410   2170      6      0 
    0     42     32     37      -      -      -      -      -      -   1512    210      0      1      0 
    1    235     65     67     98     16      0      0      0      0   1512   1410   2170      6      0 
    0     41     32     35      -      -      -      -      -      -   1512    210      0      1      0 
    1    237     65     67     98     16      0      0      0      0   1512   1410   2170      6      0 
    0     42     32     35      -      -      -      -      -      -   1512    210      0      1      0 
    1    237     64     67     98     17      0      0      0      0   1512   1410   2170      6      0 
    0     42     32     35      -      -      -      -      -      -   1512    210      0      1      0 
    1    239     65     67     98     16      0      0      0      0   1512   1410   2170      6      0 
    0     42     32     37      -      -      -      -      -      -   1512    210      0      1      0 
    1    240     65     67     98     17      0      0      0      0   1512   1410   2170      6      0 
    0     41     32     35      -      -      -      -      -      -   1512    210      0      1      0 
    1    235     65     67     98     16      0      0      0      0   1512   1410   2170      6      0 
    0     42     32     35      -      -      -      -      -      -   1512    210      0      1      0 
    1    249     64     67     98     16      0      0      0      0   1512   1410   2170      6      0 
    0     41     32     35      -      -      -      -      -      -   1512    210      0      1      0 
    1    231     64     67     98     16      0      0      0      0   1512   1410   2170      6      0 
    0     42     32     37      -      -      -      -      -      -   1512    210      0      1      0 
    1    236     65     67     98     16      0      0      0      0   1512   1410   2170      6      0 
    0     41     32     35      -      -      -      -      -      -   1512    210      0      1      0 
    1    241     65     67     98     17      0      0      0      0   1512   1410   2170      6      0 
    0     41     32     35      -      -      -      -      -      -   1512    210      0      1      0 
    1    240     65     67     98     16      0      0      0      0   1512   1410   2170      6      0 
    0     42     32     35      -      -      -      -      -      -   1512    210      0      1      0 
    1    236     64     67     98     16      0      0      0      0   1512   1410   2170      6      0 
    0     41     32     37      -      -      -      -      -      -   1512    210      0      1      0 
    1    233     65     67     98     16      0      0      0      0   1512   1410   2170      6      0 
    0     42     32     35      -      -      -      -      -      -   1512    210      0      1      0 
    1    240     65     67     98     17      0      0      0      0   1512   1410   2170      6      0 
    0     42     32     35      -      -      -      -      -      -   1512    210      0      1      0 
    1    234     65     67     98     16      0      0      0      0   1512   1410   2170      6      0 
    0     42     32     35      -      -      -      -      -      -   1512    210      0      1      0 
    1    235     64     67     98     16      0      0      0      0   1512   1410   2170      6      0 
    0     42     32     37      -      -      -      -      -      -   1512    210      0      1      0 
    1    239     65     67     98     17      0      0      0      0   1512   1410   2170      6      0 
    0     42     32     37      -      -      -      -      -      -   1512    210      0      1      0 
    1    238     65     67     98     16      0      0      0      0   1512   1410   2170      6      0 
    0     42     32     35      -      -      -      -      -      -   1512    210      0      1      0 
    1    244     65     67     98     16      0      0      0      0   1512   1410   2170      6      0 
    0     41     32     35      -      -      -      -      -      -   1512    210      0      1      0 
    1    237     64     67     98     17      0      0      0      0   1512   1410   2170      6      0 
# gpu    pwr  gtemp  mtemp     sm    mem    enc    dec    jpg    ofa   mclk   pclk     fb   bar1   ccpm 
# Idx      W      C      C      %      %      %      %      %      %    MHz    MHz     MB     MB     MB 
    0     42     32     35      -      -      -      -      -      -   1512    210      0      1      0 
    1    233     64     67     98     17      0      0      0      0   1512   1410   2170      6      0 
    0     42     32     35      -      -      -      -      -      -   1512    210      0      1      0 
    1    239     65     67     98     16      0      0      0      0   1512   1410   2170      6      0 
    0     41     32     37      -      -      -      -      -      -   1512    210      0      1      0 
    1    231     65     67     98     16      0      0      0      0   1512   1410   2170      6      0 
    0     42     32     35      -      -      -      -      -      -   1512    210      0      1      0 
    1    250     65     67     98     16      0      0      0      0   1512   1410   2170      6      0 
    0     41     32     35      -      -      -      -      -      -   1512    210      0      1      0 
    1    233     64     67     98     17      0      0      0      0   1512   1410   2170      6      0 
    0     41     32     37      -      -      -      -      -      -   1512    210      0      1      0 
    1    234     65     67     98     17      0      0      0      0   1512   1410   2170      6      0 
    0     42     32     37      -      -      -      -      -      -   1512    210      0      1      0 
    1    238     65     67     98     16      0      0      0      0   1512   1410   2170      6      0 
    0     42     32     37      -      -      -      -      -      -   1512    210      0      1      0 
    1    234     65     67     98     17      0      0      0      0   1512   1410   2170      6      0 
    0     42     32     35      -      -      -      -      -      -   1512    210      0      1      0 
    1    234     64     67     98     16      0      0      0      0   1512   1410   2170      6      0 
    0     42     32     35      -      -      -      -      -      -   1512    210      0      1      0 
    1    233     65     67     98     16      0      0      0      0   1512   1410   2170      6      0 
    0     43     32     37      -      -      -      -      -      -   1512    210      0      1      0 
    1    227     65     67     98     16      0      0      0      0   1512   1410   2170      6      0 
    0     42     32     35      -      -      -      -      -      -   1512    210      0      1      0 
    1    233     65     67     98     17      0      0      0      0   1512   1410   2170      6      0 
    0     42     32     35      -      -      -      -      -      -   1512    210      0      1      0 
    1    241     64     67     98     17      0      0      0      0   1512   1410   2170      6      0 
    0     42     32     35      -      -      -      -      -      -   1512    210      0      1      0 
    1    235     65     67     98     17      0      0      0      0   1512   1410   2170      6      0 
    0     41     32     37      -      -      -      -      -      -   1512    210      0      1      0 
    1    236     65     67     98     16      0      0      0      0   1512   1410   2170      6      0 
    0     42     32     37      -      -      -      -      -      -   1512    210      0      1      0 
    1    242     65     67     98     16      0      0      0      0   1512   1410   2170      6      0 
    0     41     32     35      -      -      -      -      -      -   1512    210      0      1      0 
    1    237     65     67     98     16      0      0      0      0   1512   1410   2170      6      0 
    0     42     32     35      -      -      -      -      -      -   1512    210      0      1      0 
    1    235     65     67     98     16      0      0      0      0   1512   1410   2170      6      0 
    0     42     32     37      -      -      -      -      -      -   1512    210      0      1      0 
    1    234     65     67     98     17      0      0      0      0   1512   1410   2170      6      0 
    0     41     32     37      -      -      -      -      -      -   1512    210      0      1      0 
    1    235     65     67     98     16      0      0      0      0   1512   1410   2170      6      0 
    0     41     32     35      -      -      -      -      -      -   1512    210      0      1      0 
    1    237     65     67     98     16      0      0      0      0   1512   1410   2170      6      0 
    0     41     32     35      -      -      -      -      -      -   1512    210      0      1      0 
    1    235     64     67     98     17      0      0      0      0   1512   1410   2170      6      0 
# gpu    pwr  gtemp  mtemp     sm    mem    enc    dec    jpg    ofa   mclk   pclk     fb   bar1   ccpm 
# Idx      W      C      C      %      %      %      %      %      %    MHz    MHz     MB     MB     MB 
    0     41     32     37      -      -      -      -      -      -   1512    210      0      1      0 
    1    235     65     67     98     17      0      0      0      0   1512   1410   2170      6      0 
    0     42     32     37      -      -      -      -      -      -   1512    210      0      1      0 
    1    241     65     67     98     16      0      0      0      0   1512   1410   2170      6      0 
    0     41     32     35      -      -      -      -      -      -   1512    210      0      1      0 
    1    237     65     67     98     16      0      0      0      0   1512   1410   2170      6      0 
    0     42     32     35      -      -      -      -      -      -   1512    210      0      1      0 
    1    234     64     67     98     17      0      0      0      0   1512   1410   2170      6      0 
    0     41     32     35      -      -      -      -      -      -   1512    210      0      1      0 
    1    238     65     67     98     17      0      0      0      0   1512   1410   2170      6      0 
    0     42     32     37      -      -      -      -      -      -   1512    210      0      1      0 
    1    240     65     67     98     16      0      0      0      0   1512   1410   2170      6      0 
    0     42     32     37      -      -      -      -      -      -   1512    210      0      1      0 
    1    225     65     67     98     16      0      0      0      0   1512   1410   2170      6      0 
    0     42     32     35      -      -      -      -      -      -   1512    210      0      1      0 
    1    228     65     67     98     16      0      0      0      0   1512   1410   2170      6      0 
    0     41     32     35      -      -      -      -      -      -   1512    210      0      1      0 
    1    232     64     67     98     16      0      0      0      0   1512   1410   2170      6      0 
    0     42     32     37      -      -      -      -      -      -   1512    210      0      1      0 
    1    240     65     67     98     17      0      0      0      0   1512   1410   2170      6      0 
    0     42     32     37      -      -      -      -      -      -   1512    210      0      1      0 
    1    237     65     67     98     16      0      0      0      0   1512   1410   2170      6      0 
    0     41     32     35      -      -      -      -      -      -   1512    210      0      1      0 
    1    240     65     67     98     17      0      0      0      0   1512   1410   2170      6      0 
    0     42     32     35      -      -      -      -      -      -   1512    210      0      1      0 
    1    241     64     67     98     16      0      0      0      0   1512   1410   2170      6      0 
    0     42     32     37      -      -      -      -      -      -   1512    210      0      1      0 
    1    232     65     67     98     16      0      0      0      0   1512   1410   2170      6      0 
    0     41     32     37      -      -      -      -      -      -   1512    210      0      1      0 
    1    235     65     67     98     16      0      0      0      0   1512   1410   2170      6      0 
    0     42     32     37      -      -      -      -      -      -   1512    210      0      1      0 
    1    234     64     67     98     16      0      0      0      0   1512   1410   2170      6      0 
    0     42     32     35      -      -      -      -      -      -   1512    210      0      1      0 
    1    241     64     67     98     16      0      0      0      0   1512   1410   2170      6      0 
    0     42     32     37      -      -      -      -      -      -   1512    210      0      1      0 
    1    243     65     67     98     16      0      0      0      0   1512   1410   2170      6      0 
    0     41     32     37      -      -      -      -      -      -   1512    210      0      1      0 
    1    234     65     67     98     16      0      0      0      0   1512   1410   2170      6      0 
    0     41     32     37      -      -      -      -      -      -   1512    210      0      1      0 
    1    240     65     67     98     16      0      0      0      0   1512   1410   2170      6      0 
    0     41     32     35      -      -      -      -      -      -   1512    210      0      1      0 
    1    236     64     67     98     16      0      0      0      0   1512   1410   2170      6      0 
    0     42     32     37      -      -      -      -      -      -   1512    210      0      1      0 
    1    233     65     67     98     16      0      0      0      0   1512   1410   2170      6      0 
# gpu    pwr  gtemp  mtemp     sm    mem    enc    dec    jpg    ofa   mclk   pclk     fb   bar1   ccpm 
# Idx      W      C      C      %      %      %      %      %      %    MHz    MHz     MB     MB     MB 
    0     42     32     37      -      -      -      -      -      -   1512    210      0      1      0 
    1    232     65     67     98     16      0      0      0      0   1512   1410   2170      6      0 
    0     42     32     37      -      -      -      -      -      -   1512    210      0      1      0 
    1    239     65     67     98     16      0      0      0      0   1512   1410   2170      6      0 
    0     42     32     35      -      -      -      -      -      -   1512    210      0      1      0 
    1    228     64     67     98     16      0      0      0      0   1512   1410   2170      6      0 
    0     41     32     37      -      -      -      -      -      -   1512    210      0      1      0 
    1    241     65     67     98     16      0      0      0      0   1512   1410   2170      6      0 
    0     41     32     37      -      -      -      -      -      -   1512    210      0      1      0 
    1    235     65     67     98     17      0      0      0      0   1512   1410   2170      6      0 
    0     43     32     37      -      -      -      -      -      -   1512    210      0      1      0 
    1    239     65     67     98     17      0      0      0      0   1512   1410   2170      6      0 
    0     41     32     37      -      -      -      -      -      -   1512    210      0      1      0 
    1    235     64     67     98     16      0      0      0      0   1512   1410   2170      6      0 
    0     42     32     37      -      -      -      -      -      -   1512    210      0      1      0 
    1    237     65     67     98     16      0      0      0      0   1512   1410   2170      6      0 
    0     43     32     37      -      -      -      -      -      -   1512    210      0      1      0 
    1    232     65     67     98     16      0      0      0      0   1512   1410   2170      6      0 
    0     41     32     37      -      -      -      -      -      -   1512    210      0      1      0 
    1    236     65     67     98     16      0      0      0      0   1512   1410   2170      6      0 
    0     42     32     35      -      -      -      -      -      -   1512    210      0      1      0 
    1    229     64     67     98     16      0      0      0      0   1512   1410   2170      6      0 
    0     42     32     35      -      -      -      -      -      -   1512    210      0      1      0 
    1    235     64     67     98     17      0      0      0      0   1512   1410   2170      6      0 
    0     42     32     37      -      -      -      -      -      -   1512    210      0      1      0 
    1    236     65     67     98     16      0      0      0      0   1512   1410   2170      6      0 
    0     41     32     37      -      -      -      -      -      -   1512    210      0      1      0 
    1    234     65     67     98     16      0      0      0      0   1512   1410   2170      6      0 
    0     41     32     37      -      -      -      -      -      -   1512    210      0      1      0 
    1    234     64     67     98     16      0      0      0      0   1512   1410   2170      6      0 
    0     42     32     35      -      -      -      -      -      -   1512    210      0      1      0 
    1    236     64     67     98     17      0      0      0      0   1512   1410   2170      6      0 
    0     42     32     37      -      -      -      -      -      -   1512    210      0      1      0 
    1    234     65     67     98     16      0      0      0      0   1512   1410   2170      6      0 
    0     42     32     37      -      -      -      -      -      -   1512    210      0      1      0 
    1    241     65     67     98     17      0      0      0      0   1512   1410   2170      6      0 
    0     42     32     37      -      -      -      -      -      -   1512    210      0      1      0 
    1    239     65     67     98     17      0      0      0      0   1512   1410   2170      6      0 
    0     41     32     37      -      -      -      -      -      -   1512    210      0      1      0 
    1    236     64     67     98     17      0      0      0      0   1512   1410   2170      6      0 
    0     42     32     37      -      -      -      -      -      -   1512    210      0      1      0 
    1    234     65     67     98     16      0      0      0      0   1512   1410   2170      6      0 
    0     42     32     37      -      -      -      -      -      -   1512    210      0      1      0 
    1    242     65     67     98     16      0      0      0      0   1512   1410   2170      6      0 
# gpu    pwr  gtemp  mtemp     sm    mem    enc    dec    jpg    ofa   mclk   pclk     fb   bar1   ccpm 
# Idx      W      C      C      %      %      %      %      %      %    MHz    MHz     MB     MB     MB 
    0     41     32     35      -      -      -      -      -      -   1512    210      0      1      0 
    1    236     65     67     98     16      0      0      0      0   1512   1410   2170      6      0 
    0     41     32     35      -      -      -      -      -      -   1512    210      0      1      0 
    1    232     64     67     98     16      0      0      0      0   1512   1410   2170      6      0 
    0     42     32     35      -      -      -      -      -      -   1512    210      0      1      0 
    1    233     65     67     98     17      0      0      0      0   1512   1410   2170      6      0 
    0     41     32     37      -      -      -      -      -      -   1512    210      0      1      0 
    1    237     65     67     98     17      0      0      0      0   1512   1410   2170      6      0 
    0     42     32     37      -      -      -      -      -      -   1512    210      0      1      0 
    1    239     65     67     98     16      0      0      0      0   1512   1410   2170      6      0 
    0     42     32     35      -      -      -      -      -      -   1512    210      0      1      0 
    1    238     64     67     98     17      0      0      0      0   1512   1410   2170      6      0 
    0     42     32     37      -      -      -      -      -      -   1512    210      0      1      0 
    1    240     65     67     98     16      0      0      0      0   1512   1410   2170      6      0 
    0     41     32     37      -      -      -      -      -      -   1512    210      0      1      0 
    1    238     65     67     98     16      0      0      0      0   1512   1410   2170      6      0 
    0     42     32     37      -      -      -      -      -      -   1512    210      0      1      0 
    1    240     65     67     98     17      0      0      0      0   1512   1410   2170      6      0 
    0     41     32     35      -      -      -      -      -      -   1512    210      0      1      0 
    1    234     64     67     98     16      0      0      0      0   1512   1410   2170      6      0 
    0     41     32     35      -      -      -      -      -      -   1512    210      0      1      0 
    1    240     65     67     98     16      0      0      0      0   1512   1410   2170      6      0 
    0     41     32     35      -      -      -      -      -      -   1512    210      0      1      0 
    1    241     65     67     98     16      0      0      0      0   1512   1410   2170      6      0 
    0     41     32     37      -      -      -      -      -      -   1512    210      0      1      0 
    1    228     65     67     98     16      0      0      0      0   1512   1410   2170      6      0 
    0     42     32     35      -      -      -      -      -      -   1512    210      0      1      0 
    1    231     64     67     98     16      0      0      0      0   1512   1410   2170      6      0 
    0     41     32     37      -      -      -      -      -      -   1512    210      0      1      0 
    1    231     65     67     98     16      0      0      0      0   1512   1410   2170      6      0 
    0     41     32     35      -      -      -      -      -      -   1512    210      0      1      0 
    1    233     65     67     98     16      0      0      0      0   1512   1410   2170      6      0 
    0     41     32     35      -      -      -      -      -      -   1512    210      0      1      0 
    1    235     65     67     98     16      0      0      0      0   1512   1410   2170      6      0 
    0     41     32     35      -      -      -      -      -      -   1512    210      0      1      0 
    1    232     64     67     98     16      0      0      0      0   1512   1410   2170      6      0 
    0     41     32     35      -      -      -      -      -      -   1512    210      0      1      0 
    1    230     64     67     98     16      0      0      0      0   1512   1410   2170      6      0 
    0     42     32     35      -      -      -      -      -      -   1512    210      0      1      0 
    1    237     65     67     98     16      0      0      0      0   1512   1410   2170      6      0 
    0     41     32     37      -      -      -      -      -      -   1512    210      0      1      0 
    1    242     65     67     98     17      0      0      0      0   1512   1410   2170      6      0 
    0     41     32     37      -      -      -      -      -      -   1512    210      0      1      0 
    1    240     65     67     98     17      0      0      0      0   1512   1410   2170      6      0 
# gpu    pwr  gtemp  mtemp     sm    mem    enc    dec    jpg    ofa   mclk   pclk     fb   bar1   ccpm 
# Idx      W      C      C      %      %      %      %      %      %    MHz    MHz     MB     MB     MB 
    0     42     32     35      -      -      -      -      -      -   1512    210      0      1      0 
    1    234     64     67     98     16      0      0      0      0   1512   1410   2170      6      0 
    0     41     32     37      -      -      -      -      -      -   1512    210      0      1      0 
    1    235     65     67     98     17      0      0      0      0   1512   1410   2170      6      0 
    0     42     32     37      -      -      -      -      -      -   1512    210      0      1      0 
    1    232     65     67     98     16      0      0      0      0   1512   1410   2170      6      0 
    0     42     32     37      -      -      -      -      -      -   1512    210      0      1      0 
    1    237     65     67     98     17      0      0      0      0   1512   1410   2170      6      0 
    0     42     32     37      -      -      -      -      -      -   1512    210      0      1      0 
    1    235     64     67     98     16      0      0      0      0   1512   1410   2170      6      0 
    0     42     32     37      -      -      -      -      -      -   1512    210      0      1      0 
    1    240     65     67     98     16      0      0      0      0   1512   1410   2170      6      0 
    0     42     32     37      -      -      -      -      -      -   1512    210      0      1      0 
    1    229     65     67     98     17      0      0      0      0   1512   1410   2170      6      0 
    0     42     32     37      -      -      -      -      -      -   1512    210      0      1      0 
    1    233     65     67     98     16      0      0      0      0   1512   1410   2170      6      0 
    0     42     32     37      -      -      -      -      -      -   1512    210      0      1      0 
    1    235     64     67     98     17      0      0      0      0   1512   1410   2170      6      0 
    0     41     32     37      -      -      -      -      -      -   1512    210      0      1      0 
    1    231     65     67     98     16      0      0      0      0   1512   1410   2170      6      0 
    0     42     32     37      -      -      -      -      -      -   1512    210      0      1      0 
    1    236     65     67     98     17      0      0      0      0   1512   1410   2170      6      0 
    0     41     32     37      -      -      -      -      -      -   1512    210      0      1      0 
    1    238     65     67     98     16      0      0      0      0   1512   1410   2170      6      0 
    0     41     32     35      -      -      -      -      -      -   1512    210      0      1      0 
    1    228     64     67     98     16      0      0      0      0   1512   1410   2170      6      0 
    0     41     32     37      -      -      -      -      -      -   1512    210      0      1      0 
    1    236     65     67     98     16      0      0      0      0   1512   1410   2170      6      0 
    0     41     32     37      -      -      -      -      -      -   1512    210      0      1      0 
    1    242     65     67     98     16      0      0      0      0   1512   1410   2170      6      0 
    0     42     32     37      -      -      -      -      -      -   1512    210      0      1      0 
    1    241     65     67     98     17      0      0      0      0   1512   1410   2170      6      0 
    0     42     32     35      -      -      -      -      -      -   1512    210      0      1      0 
    1    234     64     67     98     16      0      0      0      0   1512   1410   2170      6      0 
    0     41     32     37      -      -      -      -      -      -   1512    210      0      1      0 
    1    234     65     67     98     17      0      0      0      0   1512   1410   2170      6      0 
    0     42     32     37      -      -      -      -      -      -   1512    210      0      1      0 
    1    231     65     67     98     16      0      0      0      0   1512   1410   2170      6      0 
    0     42     32     37      -      -      -      -      -      -   1512    210      0      1      0 
    1    223     65     67     98     16      0      0      0      0   1512   1410   2170      6      0 
    0     41     32     35      -      -      -      -      -      -   1512    210      0      1      0 
    1    231     65     67     98     16      0      0      0      0   1512   1410   2170      6      0 
    0     42     32     35      -      -      -      -      -      -   1512    210      0      1      0 
    1    233     64     67     98     17      0      0      0      0   1512   1410   2170      6      0 
# gpu    pwr  gtemp  mtemp     sm    mem    enc    dec    jpg    ofa   mclk   pclk     fb   bar1   ccpm 
# Idx      W      C      C      %      %      %      %      %      %    MHz    MHz     MB     MB     MB 
    0     41     32     37      -      -      -      -      -      -   1512    210      0      1      0 
    1    237     65     67     98     16      0      0      0      0   1512   1410   2170      6      0 
    0     42     32     35      -      -      -      -      -      -   1512    210      0      1      0 
    1    232     65     67     98     17      0      0      0      0   1512   1410   2170      6      0 
    0     41     32     37      -      -      -      -      -      -   1512    210      0      1      0 
    1    236     65     67     98     16      0      0      0      0   1512   1410   2170      6      0 
    0     42     32     35      -      -      -      -      -      -   1512    210      0      1      0 
    1    234     64     67     98     17      0      0      0      0   1512   1410   2170      6      0 
    0     42     32     37      -      -      -      -      -      -   1512    210      0      1      0 
    1    237     65     67     98     16      0      0      0      0   1512   1410   2170      6      0 
    0     41     32     35      -      -      -      -      -      -   1512    210      0      1      0 
    1    237     65     67     98     16      0      0      0      0   1512   1410   2170      6      0 
    0     42     32     37      -      -      -      -      -      -   1512    210      0      1      0 
    1    240     65     67     98     16      0      0      0      0   1512   1410   2170      6      0 
    0     43     32     37      -      -      -      -      -      -   1512    210      0      1      0 
    1    230     64     67     98     17      0      0      0      0   1512   1410   2170      6      0 
    0     41     32     37      -      -      -      -      -      -   1512    210      0      1      0 
    1    244     65     67     98     17      0      0      0      0   1512   1410   2170      6      0 
    0     41     32     37      -      -      -      -      -      -   1512    210      0      1      0 
    1    235     65     67     98     16      0      0      0      0   1512   1410   2170      6      0 
    0     41     32     37      -      -      -      -      -      -   1512    210      0      1      0 
    1    234     65     67     98     16      0      0      0      0   1512   1410   2170      6      0 
    0     41     32     35      -      -      -      -      -      -   1512    210      0      1      0 
    1    239     64     67     98     16      0      0      0      0   1512   1410   2170      6      0 
    0     41     32     35      -      -      -      -      -      -   1512    210      0      1      0 
    1    222     65     67     98     16      0      0      0      0   1512   1410   2170      6      0 
    0     42     32     37      -      -      -      -      -      -   1512    210      0      1      0 
    1    239     65     67     98     17      0      0      0      0   1512   1410   2170      6      0 
    0     42     32     37      -      -      -      -      -      -   1512    210      0      1      0 
    1    234     65     67     98     16      0      0      0      0   1512   1410   2170      6      0 
    0     41     32     37      -      -      -      -      -      -   1512    210      0      1      0 
    1    237     65     67     98     17      0      0      0      0   1512   1410   2170      6      0 
    0     41     32     35      -      -      -      -      -      -   1512    210      0      1      0 
    1    233     64     67     98     16      0      0      0      0   1512   1410   2170      6      0 
    0     42     32     37      -      -      -      -      -      -   1512    210      0      1      0 
    1    238     65     67     98     16      0      0      0      0   1512   1410   2170      6      0 
    0     42     32     37      -      -      -      -      -      -   1512    210      0      1      0 
    1    231     65     67     98     16      0      0      0      0   1512   1410   2170      6      0 
    0     42     32     37      -      -      -      -      -      -   1512    210      0      1      0 
    1    238     65     67     98     17      0      0      0      0   1512   1410   2170      6      0 
    0     42     32     37      -      -      -      -      -      -   1512    210      0      1      0 
    1    237     64     67     98     17      0      0      0      0   1512   1410   2170      6      0 
    0     42     32     37      -      -      -      -      -      -   1512    210      0      1      0 
    1    234     65     67     98     17      0      0      0      0   1512   1410   2170      6      0 
# gpu    pwr  gtemp  mtemp     sm    mem    enc    dec    jpg    ofa   mclk   pclk     fb   bar1   ccpm 
# Idx      W      C      C      %      %      %      %      %      %    MHz    MHz     MB     MB     MB 
    0     41     32     37      -      -      -      -      -      -   1512    210      0      1      0 
    1    229     65     67     98     16      0      0      0      0   1512   1410   2170      6      0 
    0     41     32     37      -      -      -      -      -      -   1512    210      0      1      0 
    1    227     65     67     98     16      0      0      0      0   1512   1410   2170      6      0 
    0     41     32     35      -      -      -      -      -      -   1512    210      0      1      0 
    1    229     64     67     98     16      0      0      0      0   1512   1410   2170      6      0 
    0     42     32     37      -      -      -      -      -      -   1512    210      0      1      0 
    1    236     65     67     98     17      0      0      0      0   1512   1410   2170      6      0 
    0     42     32     37      -      -      -      -      -      -   1512    210      0      1      0 
    1    237     65     67     98     16      0      0      0      0   1512   1410   2170      6      0 
    0     42     32     35      -      -      -      -      -      -   1512    210      0      1      0 
    1    240     65     67     98     16      0      0      0      0   1512   1410   2170      6      0 
    0     42     32     35      -      -      -      -      -      -   1512    210      0      1      0 
    1    235     65     67     98     16      0      0      0      0   1512   1410   2170      6      0 
    0     41     32     35      -      -      -      -      -      -   1512    210      0      1      0 
    1    235     64     67     98     17      0      0      0      0   1512   1410   2170      6      0 
    0     41     32     37      -      -      -      -      -      -   1512    210      0      1      0 
    1    237     65     67     98     17      0      0      0      0   1512   1410   2170      6      0 
    0     41     32     37      -      -      -      -      -      -   1512    210      0      1      0 
    1    236     65     67     98     16      0      0      0      0   1512   1410   2170      6      0 
    0     41     32     37      -      -      -      -      -      -   1512    210      0      1      0 
    1    233     65     67     98     16      0      0      0      0   1512   1410   2170      6      0 
    0     42     32     35      -      -      -      -      -      -   1512    210      0      1      0 
    1    244     64     67     98     16      0      0      0      0   1512   1410   2170      6      0 
    0     41     32     37      -      -      -      -      -      -   1512    210      0      1      0 
    1    230     65     67     98     16      0      0      0      0   1512   1410   2170      6      0 
    0     41     32     37      -      -      -      -      -      -   1512    210      0      1      0 
    1    235     65     67     98     17      0      0      0      0   1512   1410   2170      6      0 
    0     41     32     35      -      -      -      -      -      -   1512    210      0      1      0 
    1    234     65     67     98     16      0      0      0      0   1512   1410   2170      6      0 
    0     42     32     35      -      -      -      -      -      -   1512    210      0      1      0 
    1    237     64     67     98     16      0      0      0      0   1512   1410   2170      6      0 
    0     41     32     37      -      -      -      -      -      -   1512    210      0      1      0 
    1    239     65     67     98     16      0      0      0      0   1512   1410   2170      6      0 
    0     42     32     37      -      -      -      -      -      -   1512    210      0      1      0 
    1    233     65     67     98     17      0      0      0      0   1512   1410   2170      6      0 
    0     42     32     35      -      -      -      -      -      -   1512    210      0      1      0 
    1    237     65     67     98     16      0      0      0      0   1512   1410   2170      6      0 
    0     41     32     35      -      -      -      -      -      -   1512    210      0      1      0 
    1    240     64     67     98     16      0      0      0      0   1512   1410   2170      6      0 
    0     42     32     37      -      -      -      -      -      -   1512    210      0      1      0 
    1    234     65     67     98     17      0      0      0      0   1512   1410   2170      6      0 
    0     42     32     37      -      -      -      -      -      -   1512    210      0      1      0 
    1    239     65     67     98     16      0      0      0      0   1512   1410   2170      6      0 
# gpu    pwr  gtemp  mtemp     sm    mem    enc    dec    jpg    ofa   mclk   pclk     fb   bar1   ccpm 
# Idx      W      C      C      %      %      %      %      %      %    MHz    MHz     MB     MB     MB 
    0     42     32     35      -      -      -      -      -      -   1512    210      0      1      0 
    1    238     65     67     98     16      0      0      0      0   1512   1410   2170      6      0 
    0     42     32     35      -      -      -      -      -      -   1512    210      0      1      0 
    1    236     64     67     98     16      0      0      0      0   1512   1410   2170      6      0 
    0     42     32     37      -      -      -      -      -      -   1512    210      0      1      0 
    1    239     65     67     98     16      0      0      0      0   1512   1410   2170      6      0 
    0     41     32     37      -      -      -      -      -      -   1512    210      0      1      0 
    1    226     65     67     98     17      0      0      0      0   1512   1410   2170      6      0 
    0     41     32     37      -      -      -      -      -      -   1512    210      0      1      0 
    1    234     65     67     98     16      0      0      0      0   1512   1410   2170      6      0 
    0     42     32     35      -      -      -      -      -      -   1512    210      0      1      0 
    1    234     64     67     98     16      0      0      0      0   1512   1410   2170      6      0 
    0     42     32     37      -      -      -      -      -      -   1512    210      0      1      0 
    1    235     65     67     98     16      0      0      0      0   1512   1410   2170      6      0 
    0     41     32     37      -      -      -      -      -      -   1512    210      0      1      0 
    1    237     65     67     98     16      0      0      0      0   1512   1410   2170      6      0 
    0     41     32     35      -      -      -      -      -      -   1512    210      0      1      0 
    1    237     65     67     98     17      0      0      0      0   1512   1410   2170      6      0 
    0     42     32     37      -      -      -      -      -      -   1512    210      0      1      0 
    1    241     65     67     98     17      0      0      0      0   1512   1410   2170      6      0 
    0     42     32     35      -      -      -      -      -      -   1512    210      0      1      0 
    1    238     64     67     98     16      0      0      0      0   1512   1410   2170      6      0 
    0     41     32     37      -      -      -      -      -      -   1512    210      0      1      0 
    1    234     65     67     98     16      0      0      0      0   1512   1410   2170      6      0 
    0     42     32     37      -      -      -      -      -      -   1512    210      0      1      0 
    1    234     65     67     98     16      0      0      0      0   1512   1410   2170      6      0 
    0     41     32     37      -      -      -      -      -      -   1512    210      0      1      0 
    1    230     65     67     98     16      0      0      0      0   1512   1410   2170      6      0 
    0     41     32     37      -      -      -      -      -      -   1512    210      0      1      0 
    1    239     64     67     98     16      0      0      0      0   1512   1410   2170      6      0 
    0     41     32     37      -      -      -      -      -      -   1512    210      0      1      0 
    1    236     65     67     98     16      0      0      0      0   1512   1410   2170      6      0 
    0     42     32     35      -      -      -      -      -      -   1512    210      0      1      0 
    1    232     65     67     98     16      0      0      0      0   1512   1410   2170      6      0 
    0     42     32     35      -      -      -      -      -      -   1512    210      0      1      0 
    1    239     65     67     98     17      0      0      0      0   1512   1410   2170      6      0 
    0     42     32     35      -      -      -      -      -      -   1512    210      0      1      0 
    1    234     64     67     98     17      0      0      0      0   1512   1410   2170      6      0 
    0     43     32     37      -      -      -      -      -      -   1512    210      0      1      0 
    1    241     65     67     98     16      0      0      0      0   1512   1410   2170      6      0 
    0     41     32     37      -      -      -      -      -      -   1512    210      0      1      0 
    1    240     65     67     98     16      0      0      0      0   1512   1410   2170      6      0 
    0     41     32     37      -      -      -      -      -      -   1512    210      0      1      0 
    1    233     65     67     98     16      0      0      0      0   1512   1410   2170      6      0 
# gpu    pwr  gtemp  mtemp     sm    mem    enc    dec    jpg    ofa   mclk   pclk     fb   bar1   ccpm 
# Idx      W      C      C      %      %      %      %      %      %    MHz    MHz     MB     MB     MB 
    0     41     32     35      -      -      -      -      -      -   1512    210      0      1      0 
    1    237     64     67     98     16      0      0      0      0   1512   1410   2170      6      0 
    0     42     32     37      -      -      -      -      -      -   1512    210      0      1      0 
    1    239     65     67     98     16      0      0      0      0   1512   1410   2170      6      0 
    0     42     32     37      -      -      -      -      -      -   1512    210      0      1      0 
    1    227     65     67     98     16      0      0      0      0   1512   1410   2170      6      0 
    0     41     32     37      -      -      -      -      -      -   1512    210      0      1      0 
    1    222     65     67     98     17      0      0      0      0   1512   1410   2170      6      0 
    0     41     32     37      -      -      -      -      -      -   1512    210      0      1      0 
    1    234     64     67     98     16      0      0      0      0   1512   1410   2170      6      0 
    0     42     32     37      -      -      -      -      -      -   1512    210      0      1      0 
    1    231     65     67     98     16      0      0      0      0   1512   1410   2170      6      0 
    0     42     33     37      -      -      -      -      -      -   1512    210      0      1      0 
    1    240     65     67     98     16      0      0      0      0   1512   1410   2170      6      0 
    0     42     32     37      -      -      -      -      -      -   1512    210      0      1      0 
    1    232     65     67     98     16      0      0      0      0   1512   1410   2170      6      0 
    0     42     32     35      -      -      -      -      -      -   1512    210      0      1      0 
    1    237     65     67     98     16      0      0      0      0   1512   1410   2170      6      0 
    0     41     32     37      -      -      -      -      -      -   1512    210      0      1      0 
    1    233     64     67     98     16      0      0      0      0   1512   1410   2170      6      0 
    0     42     32     37      -      -      -      -      -      -   1512    210      0      1      0 
    1    240     65     67     98     17      0      0      0      0   1512   1410   2170      6      0 
    0     42     32     37      -      -      -      -      -      -   1512    210      0      1      0 
    1    236     65     67     98     16      0      0      0      0   1512   1410   2170      6      0 
    0     41     32     37      -      -      -      -      -      -   1512    210      0      1      0 
    1    235     65     67     98     16      0      0      0      0   1512   1410   2170      6      0 
    0     42     32     37      -      -      -      -      -      -   1512    210      0      1      0 
    1    233     64     67     98     16      0      0      0      0   1512   1410   2170      6      0 
    0     41     32     35      -      -      -      -      -      -   1512    210      0      1      0 
    1    232     65     67     98     16      0      0      0      0   1512   1410   2170      6      0 
    0     42     32     37      -      -      -      -      -      -   1512    210      0      1      0 
    1    239     65     67     98     16      0      0      0      0   1512   1410   2170      6      0 
    0     41     32     37      -      -      -      -      -      -   1512    210      0      1      0 
    1    232     65     67     98     16      0      0      0      0   1512   1410   2170      6      0 
    0     42     32     35      -      -      -      -      -      -   1512    210      0      1      0 
    1    239     64     67     98     16      0      0      0      0   1512   1410   2170      6      0 
    0     41     32     37      -      -      -      -      -      -   1512    210      0      1      0 
    1    231     65     67     98     16      0      0      0      0   1512   1410   2170      6      0 
    0     41     32     37      -      -      -      -      -      -   1512    210      0      1      0 
    1    239     65     67     98     17      0      0      0      0   1512   1410   2170      6      0 
    0     42     32     35      -      -      -      -      -      -   1512    210      0      1      0 
    1    236     65     67     98     16      0      0      0      0   1512   1410   2170      6      0 
    0     41     32     35      -      -      -      -      -      -   1512    210      0      1      0 
    1    234     65     67     98     16      0      0      0      0   1512   1410   2170      6      0 
# gpu    pwr  gtemp  mtemp     sm    mem    enc    dec    jpg    ofa   mclk   pclk     fb   bar1   ccpm 
# Idx      W      C      C      %      %      %      %      %      %    MHz    MHz     MB     MB     MB 
    0     41     32     37      -      -      -      -      -      -   1512    210      0      1      0 
    1    236     64     67     98     16      0      0      0      0   1512   1410   2170      6      0 
    0     41     32     37      -      -      -      -      -      -   1512    210      0      1      0 
    1    229     65     67     98     16      0      0      0      0   1512   1410   2170      6      0 
    0     42     32     37      -      -      -      -      -      -   1512    210      0      1      0 
    1    238     65     67     98     17      0      0      0      0   1512   1410   2170      6      0 
    0     42     32     35      -      -      -      -      -      -   1512    210      0      1      0 
    1    227     65     67     98     16      0      0      0      0   1512   1410   2170      6      0 
    0     42     32     35      -      -      -      -      -      -   1512    210      0      1      0 
    1    234     64     67     98     16      0      0      0      0   1512   1410   2170      6      0 
    0     42     32     37      -      -      -      -      -      -   1512    210      0      1      0 
    1    229     65     67     98     17      0      0      0      0   1512   1410   2170      6      0 
    0     42     32     37      -      -      -      -      -      -   1512    210      0      1      0 
    1    230     65     67     98     17      0      0      0      0   1512   1410   2170      6      0 
    0     41     32     37      -      -      -      -      -      -   1512    210      0      1      0 
    1    238     65     67     98     17      0      0      0      0   1512   1410   2170      6      0 
    0     42     32     35      -      -      -      -      -      -   1512    210      0      1      0 
    1    234     64     67     98     16      0      0      0      0   1512   1410   2170      6      0 
    0     42     32     37      -      -      -      -      -      -   1512    210      0      1      0 
    1    239     65     67     98     16      0      0      0      0   1512   1410   2170      6      0 
    0     42     32     37      -      -      -      -      -      -   1512    210      0      1      0 
    1    235     65     67     98     16      0      0      0      0   1512   1410   2170      6      0 
    0     42     32     37      -      -      -      -      -      -   1512    210      0      1      0 
    1    238     65     67     98     16      0      0      0      0   1512   1410   2170      6      0 
    0     42     32     37      -      -      -      -      -      -   1512    210      0      1      0 
    1    239     64     67     98     16      0      0      0      0   1512   1410   2170      6      0 
    0     41     32     37      -      -      -      -      -      -   1512    210      0      1      0 
    1    224     65     67     98     16      0      0      0      0   1512   1410   2170      6      0 
    0     42     32     37      -      -      -      -      -      -   1512    210      0      1      0 
    1    231     65     67     98     17      0      0      0      0   1512   1410   2170      6      0 
    0     42     32     37      -      -      -      -      -      -   1512    210      0      1      0 
    1    237     65     67     98     16      0      0      0      0   1512   1410   2170      6      0 
    0     42     32     37      -      -      -      -      -      -   1512    210      0      1      0 
    1    235     64     67     98     16      0      0      0      0   1512   1410   2170      6      0 
    0     41     32     37      -      -      -      -      -      -   1512    210      0      1      0 
    1    233     65     67     98     16      0      0      0      0   1512   1410   2170      6      0 
    0     41     32     37      -      -      -      -      -      -   1512    210      0      1      0 
    1    233     65     67     98     17      0      0      0      0   1512   1410   2170      6      0 
    0     42     32     37      -      -      -      -      -      -   1512    210      0      1      0 
    1    226     65     67     98     16      0      0      0      0   1512   1410   2170      6      0 
    0     41     32     37      -      -      -      -      -      -   1512    210      0      1      0 
    1    237     64     67     98     17      0      0      0      0   1512   1410   2170      6      0 
    0     42     32     37      -      -      -      -      -      -   1512    210      0      1      0 
    1    233     65     67     98     16      0      0      0      0   1512   1410   2170      6      0 
# gpu    pwr  gtemp  mtemp     sm    mem    enc    dec    jpg    ofa   mclk   pclk     fb   bar1   ccpm 
# Idx      W      C      C      %      %      %      %      %      %    MHz    MHz     MB     MB     MB 
    0     41     32     37      -      -      -      -      -      -   1512    210      0      1      0 
    1    233     65     67     98     16      0      0      0      0   1512   1410   2170      6      0 
    0     41     32     35      -      -      -      -      -      -   1512    210      0      1      0 
    1    236     65     67     98     16      0      0      0      0   1512   1410   2170      6      0 
    0     42     32     35      -      -      -      -      -      -   1512    210      0      1      0 
    1    231     64     67     98     16      0      0      0      0   1512   1410   2170      6      0 
    0     42     32     37      -      -      -      -      -      -   1512    210      0      1      0 
    1    236     65     67     98     16      0      0      0      0   1512   1410   2170      6      0 
    0     42     32     37      -      -      -      -      -      -   1512    210      0      1      0 
    1    236     65     67     98     16      0      0      0      0   1512   1410   2170      6      0 
    0     41     32     37      -      -      -      -      -      -   1512    210      0      1      0 
    1    235     65     67     98     17      0      0      0      0   1512   1410   2170      6      0 
    0     42     32     35      -      -      -      -      -      -   1512    210      0      1      0 
    1    233     64     67     98     16      0      0      0      0   1512   1410   2170      6      0 
    0     42     32     37      -      -      -      -      -      -   1512    210      0      1      0 
    1    236     64     67     98     16      0      0      0      0   1512   1410   2170      6      0 
    0     41     32     37      -      -      -      -      -      -   1512    210      0      1      0 
    1    236     65     67     98     16      0      0      0      0   1512   1410   2170      6      0 
    0     42     32     37      -      -      -      -      -      -   1512    210      0      1      0 
    1    239     65     67     98     16      0      0      0      0   1512   1410   2170      6      0 
    0     41     32     37      -      -      -      -      -      -   1512    210      0      1      0 
    1    238     65     67     98     16      0      0      0      0   1512   1410   2170      6      0 
    0     42     32     37      -      -      -      -      -      -   1512    210      0      1      0 
    1    233     65     67     98     16      0      0      0      0   1512   1410   2170      6      0 
    0     41     32     37      -      -      -      -      -      -   1512    210      0      1      0 
    1    232     65     67     98     17      0      0      0      0   1512   1410   2170      6      0 
    0     42     32     37      -      -      -      -      -      -   1512    210      0      1      0 
    1    240     65     67     98     17      0      0      0      0   1512   1410   2170      6      0 
    0     41     32     35      -      -      -      -      -      -   1512    210      0      1      0 
    1    236     65     67     98     16      0      0      0      0   1512   1410   2170      6      0 
    0     41     32     35      -      -      -      -      -      -   1512    210      0      1      0 
    1    233     64     67     98     16      0      0      0      0   1512   1410   2170      6      0 
    0     42     32     37      -      -      -      -      -      -   1512    210      0      1      0 
    1    241     65     67     98     16      0      0      0      0   1512   1410   2170      6      0 
    0     42     32     37      -      -      -      -      -      -   1512    210      0      1      0 
    1    246     65     67     98     16      0      0      0      0   1512   1410   2170      6      0 
    0     42     32     35      -      -      -      -      -      -   1512    210      0      1      0 
    1    237     65     67     98     17      0      0      0      0   1512   1410   2170      6      0 
    0     42     32     37      -      -      -      -      -      -   1512    210      0      1      0 
    1    240     64     67     98     16      0      0      0      0   1512   1410   2170      6      0 
    0     41     32     37      -      -      -      -      -      -   1512    210      0      1      0 
    1    240     65     67     98     16      0      0      0      0   1512   1410   2170      6      0 
    0     42     32     37      -      -      -      -      -      -   1512    210      0      1      0 
    1    233     65     67     98     17      0      0      0      0   1512   1410   2170      6      0 
# gpu    pwr  gtemp  mtemp     sm    mem    enc    dec    jpg    ofa   mclk   pclk     fb   bar1   ccpm 
# Idx      W      C      C      %      %      %      %      %      %    MHz    MHz     MB     MB     MB 
    0     42     32     37      -      -      -      -      -      -   1512    210      0      1      0 
    1    231     65     67     98     16      0      0      0      0   1512   1410   2170      6      0 
    0     42     32     37      -      -      -      -      -      -   1512    210      0      1      0 
    1    233     64     67     98     16      0      0      0      0   1512   1410   2170      6      0 
    0     42     32     37      -      -      -      -      -      -   1512    210      0      1      0 
    1    247     64     67     98     16      0      0      0      0   1512   1410   2170      6      0 
    0     42     32     37      -      -      -      -      -      -   1512    210      0      1      0 
    1    233     65     67     98     16      0      0      0      0   1512   1410   2170      6      0 
    0     41     32     37      -      -      -      -      -      -   1512    210      0      1      0 
    1    229     65     67     98     17      0      0      0      0   1512   1410   2170      6      0 
    0     41     32     37      -      -      -      -      -      -   1512    210      0      1      0 
    1    235     64     67     98     16      0      0      0      0   1512   1410   2170      6      0 
    0     42     32     37      -      -      -      -      -      -   1512    210      0      1      0 
    1    232     64     67     98     16      0      0      0      0   1512   1410   2170      6      0 
    0     42     33     37      -      -      -      -      -      -   1512    210      0      1      0 
    1    238     65     67     98     16      0      0      0      0   1512   1410   2170      6      0 
    0     42     32     37      -      -      -      -      -      -   1512    210      0      1      0 
    1    239     65     67     98     16      0      0      0      0   1512   1410   2170      6      0 
    0     42     32     37      -      -      -      -      -      -   1512    210      0      1      0 
    1    241     65     67     98     16      0      0      0      0   1512   1410   2170      6      0 
    0     42     32     37      -      -      -      -      -      -   1512    210      0      1      0 
    1    229     64     67     98     16      0      0      0      0   1512   1410   2170      6      0 
    0     42     33     37      -      -      -      -      -      -   1512    210      0      1      0 
    1    239     65     67     98     16      0      0      0      0   1512   1410   2170      6      0 
    0     41     32     37      -      -      -      -      -      -   1512    210      0      1      0 
    1    241     65     67     98     16      0      0      0      0   1512   1410   2170      6      0 
    0     41     32     37      -      -      -      -      -      -   1512    210      0      1      0 
    1    233     65     67     98     17      0      0      0      0   1512   1410   2170      6      0 
    0     42     32     35      -      -      -      -      -      -   1512    210      0      1      0 
    1    236     64     67     98     16      0      0      0      0   1512   1410   2170      6      0 
    0     41     32     37      -      -      -      -      -      -   1512    210      0      1      0 
    1    230     65     67     98     16      0      0      0      0   1512   1410   2170      6      0 
    0     42     32     37      -      -      -      -      -      -   1512    210      0      1      0 
    1    233     65     67     98     17      0      0      0      0   1512   1410   2170      6      0 
    0     42     32     37      -      -      -      -      -      -   1512    210      0      1      0 
    1    235     65     67     98     16      0      0      0      0   1512   1410   2170      6      0 
    0     42     32     35      -      -      -      -      -      -   1512    210      0      1      0 
    1    235     64     67     98     16      0      0      0      0   1512   1410   2170      6      0 
    0     41     32     37      -      -      -      -      -      -   1512    210      0      1      0 
    1    234     65     67     98     16      0      0      0      0   1512   1410   2170      6      0 
    0     42     32     37      -      -      -      -      -      -   1512    210      0      1      0 
    1    250     65     67     98     16      0      0      0      0   1512   1410   2170      6      0 
    0     42     32     37      -      -      -      -      -      -   1512    210      0      1      0 
    1    232     65     67     98     16      0      0      0      0   1512   1410   2170      6      0 
# gpu    pwr  gtemp  mtemp     sm    mem    enc    dec    jpg    ofa   mclk   pclk     fb   bar1   ccpm 
# Idx      W      C      C      %      %      %      %      %      %    MHz    MHz     MB     MB     MB 
    0     42     32     35      -      -      -      -      -      -   1512    210      0      1      0 
    1    230     64     67     98     16      0      0      0      0   1512   1410   2170      6      0 
    0     42     32     37      -      -      -      -      -      -   1512    210      0      1      0 
    1    239     65     67     98     16      0      0      0      0   1512   1410   2170      6      0 
    0     41     32     37      -      -      -      -      -      -   1512    210      0      1      0 
    1    229     65     67     98     16      0      0      0      0   1512   1410   2170      6      0 
    0     42     32     37      -      -      -      -      -      -   1512    210      0      1      0 
    1    232     65     67     98     16      0      0      0      0   1512   1410   2170      6      0 
    0     41     32     35      -      -      -      -      -      -   1512    210      0      1      0 
    1    241     64     67     98     16      0      0      0      0   1512   1410   2170      6      0 
    0     42     32     35      -      -      -      -      -      -   1512    210      0      1      0 
    1    240     65     67     98     16      0      0      0      0   1512   1410   2170      6      0 
    0     42     32     37      -      -      -      -      -      -   1512    210      0      1      0 
    1    241     65     67     98     16      0      0      0      0   1512   1410   2170      6      0 
    0     41     32     37      -      -      -      -      -      -   1512    210      0      1      0 
    1    234     65     67     98     16      0      0      0      0   1512   1410   2170      6      0 
    0     42     32     35      -      -      -      -      -      -   1512    210      0      1      0 
    1    240     65     67     98     17      0      0      0      0   1512   1410   2170      6      0 
    0     43     32     35      -      -      -      -      -      -   1512    210      0      1      0 
    1    239     64     67     98     16      0      0      0      0   1512   1410   2170      6      0 
    0     41     32     37      -      -      -      -      -      -   1512    210      0      1      0 
    1    230     65     67     98     16      0      0      0      0   1512   1410   2170      6      0 
    0     41     32     37      -      -      -      -      -      -   1512    210      0      1      0 
    1    234     65     67     98     16      0      0      0      0   1512   1410   2170      6      0 
    0     42     32     35      -      -      -      -      -      -   1512    210      0      1      0 
    1    235     65     67     98     16      0      0      0      0   1512   1410   2170      6      0 
    0     42     32     37      -      -      -      -      -      -   1512    210      0      1      0 
    1    234     64     67     98     17      0      0      0      0   1512   1410   2170      6      0 
    0     41     32     37      -      -      -      -      -      -   1512    210      0      1      0 
    1    240     66     67     98     17      0      0      0      0   1512   1410   2170      6      0 
    0     42     32     37      -      -      -      -      -      -   1512    210      0      1      0 
    1    242     65     67     98     17      0      0      0      0   1512   1410   2170      6      0 
    0     42     32     35      -      -      -      -      -      -   1512    210      0      1      0 
    1    240     65     67     98     16      0      0      0      0   1512   1410   2170      6      0 
    0     42     32     35      -      -      -      -      -      -   1512    210      0      1      0 
    1    237     64     67     98     17      0      0      0      0   1512   1410   2170      6      0 
    0     42     32     37      -      -      -      -      -      -   1512    210      0      1      0 
    1    230     65     67     98     16      0      0      0      0   1512   1410   2170      6      0 
    0     42     32     37      -      -      -      -      -      -   1512    210      0      1      0 
    1    239     65     67     98     16      0      0      0      0   1512   1410   2170      6      0 
    0     42     32     37      -      -      -      -      -      -   1512    210      0      1      0 
    1    239     65     67     98     16      0      0      0      0   1512   1410   2170      6      0 
    0     41     32     35      -      -      -      -      -      -   1512    210      0      1      0 
    1    240     65     67     98     17      0      0      0      0   1512   1410   2170      6      0 
# gpu    pwr  gtemp  mtemp     sm    mem    enc    dec    jpg    ofa   mclk   pclk     fb   bar1   ccpm 
# Idx      W      C      C      %      %      %      %      %      %    MHz    MHz     MB     MB     MB 
    0     42     32     37      -      -      -      -      -      -   1512    210      0      1      0 
    1    235     64     67     98     16      0      0      0      0   1512   1410   2170      6      0 
    0     42     32     37      -      -      -      -      -      -   1512    210      0      1      0 
    1    233     65     67     98     16      0      0      0      0   1512   1410   2170      6      0 
    0     42     32     37      -      -      -      -      -      -   1512    210      0      1      0 
    1    235     65     67     98     16      0      0      0      0   1512   1410   2170      6      0 
    0     42     32     35      -      -      -      -      -      -   1512    210      0      1      0 
    1    232     65     67     98     16      0      0      0      0   1512   1410   2170      6      0 
    0     42     32     35      -      -      -      -      -      -   1512    210      0      1      0 
    1    241     65     67     98     16      0      0      0      0   1512   1410   2170      6      0 
    0     42     32     37      -      -      -      -      -      -   1512    210      0      1      0 
    1    230     65     67     98     17      0      0      0      0   1512   1410   2170      6      0 
    0     42     32     37      -      -      -      -      -      -   1512    210      0      1      0 
    1    241     65     67     98     17      0      0      0      0   1512   1410   2170      6      0 
    0     42     32     35      -      -      -      -      -      -   1512    210      0      1      0 
    1    234     65     67     98     16      0      0      0      0   1512   1410   2170      6      0 
    0     42     32     35      -      -      -      -      -      -   1512    210      0      1      0 
    1    236     64     67     98     17      0      0      0      0   1512   1410   2170      6      0 
    0     42     32     37      -      -      -      -      -      -   1512    210      0      1      0 
    1    234     65     67     98     17      0      0      0      0   1512   1410   2170      6      0 
    0     41     32     37      -      -      -      -      -      -   1512    210      0      1      0 
    1    241     65     67     98     16      0      0      0      0   1512   1410   2170      6      0 
    0     41     32     37      -      -      -      -      -      -   1512    210      0      1      0 
    1    239     65     67     98     16      0      0      0      0   1512   1410   2170      6      0 
    0     41     32     35      -      -      -      -      -      -   1512    210      0      1      0 
    1    240     64     67     98     16      0      0      0      0   1512   1410   2170      6      0 
    0     42     32     37      -      -      -      -      -      -   1512    210      0      1      0 
    1    233     65     67     98     16      0      0      0      0   1512   1410   2170      6      0 
    0     41     32     37      -      -      -      -      -      -   1512    210      0      1      0 
    1    238     65     67     98     17      0      0      0      0   1512   1410   2170      6      0 
    0     42     32     35      -      -      -      -      -      -   1512    210      0      1      0 
    1    237     65     67     98     16      0      0      0      0   1512   1410   2170      6      0 
    0     41     32     35      -      -      -      -      -      -   1512    210      0      1      0 
    1    229     64     67     98     16      0      0      0      0   1512   1410   2170      6      0 
    0     42     32     35      -      -      -      -      -      -   1512    210      0      1      0 
    1    237     65     67     98     16      0      0      0      0   1512   1410   2170      6      0 
    0     41     32     37      -      -      -      -      -      -   1512    210      0      1      0 
    1    237     65     67     98     17      0      0      0      0   1512   1410   2170      6      0 
    0     41     32     37      -      -      -      -      -      -   1512    210      0      1      0 
    1    230     65     67     98     17      0      0      0      0   1512   1410   2170      6      0 
    0     41     32     37      -      -      -      -      -      -   1512    210      0      1      0 
    1    236     64     67     98     16      0      0      0      0   1512   1410   2170      6      0 
    0     41     32     35      -      -      -      -      -      -   1512    210      0      1      0 
    1    240     64     67     98     17      0      0      0      0   1512   1410   2170      6      0 
# gpu    pwr  gtemp  mtemp     sm    mem    enc    dec    jpg    ofa   mclk   pclk     fb   bar1   ccpm 
# Idx      W      C      C      %      %      %      %      %      %    MHz    MHz     MB     MB     MB 
    0     41     32     37      -      -      -      -      -      -   1512    210      0      1      0 
    1    231     65     67     98     16      0      0      0      0   1512   1410   2170      6      0 
    0     41     32     35      -      -      -      -      -      -   1512    210      0      1      0 
    1    239     65     67     98     17      0      0      0      0   1512   1410   2170      6      0 
    0     42     32     35      -      -      -      -      -      -   1512    210      0      1      0 
    1    238     65     67     98     16      0      0      0      0   1512   1410   2170      6      0 
    0     42     32     35      -      -      -      -      -      -   1512    210      0      1      0 
    1    243     64     67     98     16      0      0      0      0   1512   1410   2170      6      0 
    0     42     32     35      -      -      -      -      -      -   1512    210      0      1      0 
    1    239     65     67     98     16      0      0      0      0   1512   1410   2170      6      0 
    0     41     32     37      -      -      -      -      -      -   1512    210      0      1      0 
    1    235     65     67     98     16      0      0      0      0   1512   1410   2170      6      0 
    0     42     32     35      -      -      -      -      -      -   1512    210      0      1      0 
    1    238     65     67     98     17      0      0      0      0   1512   1410   2170      6      0 
    0     41     32     35      -      -      -      -      -      -   1512    210      0      1      0 
    1    233     64     67     98     16      0      0      0      0   1512   1410   2170      6      0 
    0     42     32     37      -      -      -      -      -      -   1512    210      0      1      0 
    1    235     65     67     98     16      0      0      0      0   1512   1410   2170      6      0 
    0     42     32     37      -      -      -      -      -      -   1512    210      0      1      0 
    1    238     65     67     98     16      0      0      0      0   1512   1410   2170      6      0 
    0     42     32     37      -      -      -      -      -      -   1512    210      0      1      0 
    1    237     65     67     98     16      0      0      0      0   1512   1410   2170      6      0 
    0     42     32     35      -      -      -      -      -      -   1512    210      0      1      0 
    1    237     65     67     98     16      0      0      0      0   1512   1410   2170      6      0 
    0     42     32     35      -      -      -      -      -      -   1512    210      0      1      0 
    1    237     65     67     98     16      0      0      0      0   1512   1410   2170      6      0 
    0     42     32     37      -      -      -      -      -      -   1512    210      0      1      0 
    1    237     65     67     98     16      0      0      0      0   1512   1410   2170      6      0 
    0     41     32     37      -      -      -      -      -      -   1512    210      0      1      0 
    1    226     65     67     98     17      0      0      0      0   1512   1410   2170      6      0 
    0     41     32     37      -      -      -      -      -      -   1512    210      0      1      0 
    1    231     65     67     98     17      0      0      0      0   1512   1410   2170      6      0 
    0     42     32     35      -      -      -      -      -      -   1512    210      0      1      0 
    1    242     64     67     98     16      0      0      0      0   1512   1410   2170      6      0 
    0     41     32     37      -      -      -      -      -      -   1512    210      0      1      0 
    1    237     65     67     98     16      0      0      0      0   1512   1410   2170      6      0 
    0     42     32     37      -      -      -      -      -      -   1512    210      0      1      0 
    1    236     65     67     98     16      0      0      0      0   1512   1410   2170      6      0 
    0     41     32     35      -      -      -      -      -      -   1512    210      0      1      0 
    1    233     65     67     98     16      0      0      0      0   1512   1410   2170      6      0 
    0     42     32     37      -      -      -      -      -      -   1512    210      0      1      0 
    1    238     64     67     98     16      0      0      0      0   1512   1410   2170      6      0 
    0     41     32     35      -      -      -      -      -      -   1512    210      0      1      0 
    1    236     65     67     98     17      0      0      0      0   1512   1410   2170      6      0 
# gpu    pwr  gtemp  mtemp     sm    mem    enc    dec    jpg    ofa   mclk   pclk     fb   bar1   ccpm 
# Idx      W      C      C      %      %      %      %      %      %    MHz    MHz     MB     MB     MB 
    0     41     32     37      -      -      -      -      -      -   1512    210      0      1      0 
    1    240     65     67     98     16      0      0      0      0   1512   1410   2170      6      0 
    0     42     32     35      -      -      -      -      -      -   1512    210      0      1      0 
    1    243     65     67     98     16      0      0      0      0   1512   1410   2170      6      0 
    0     42     32     35      -      -      -      -      -      -   1512    210      0      1      0 
    1    229     64     67     98     16      0      0      0      0   1512   1410   2170      6      0 
    0     41     32     35      -      -      -      -      -      -   1512    210      0      1      0 
    1    242     65     67     98     16      0      0      0      0   1512   1410   2170      6      0 
    0     42     32     37      -      -      -      -      -      -   1512    210      0      1      0 
    1    231     65     67     98     16      0      0      0      0   1512   1410   2170      6      0 
    0     42     32     37      -      -      -      -      -      -   1512    210      0      1      0 
    1    226     65     67     98     16      0      0      0      0   1512   1410   2170      6      0 
    0     43     32     35      -      -      -      -      -      -   1512    210      0      1      0 
    1    233     65     67     98     17      0      0      0      0   1512   1410   2170      6      0 
    0     42     32     35      -      -      -      -      -      -   1512    210      0      1      0 
    1    237     64     67     98     17      0      0      0      0   1512   1410   2170      6      0 
    0     41     32     37      -      -      -      -      -      -   1512    210      0      1      0 
    1    234     65     67     98     16      0      0      0      0   1512   1410   2170      6      0 
    0     42     32     37      -      -      -      -      -      -   1512    210      0      1      0 
    1    237     65     67     98     16      0      0      0      0   1512   1410   2170      6      0 
    0     42     32     35      -      -      -      -      -      -   1512    210      0      1      0 
    1    233     65     67     98     16      0      0      0      0   1512   1410   2170      6      0 
    0     41     32     35      -      -      -      -      -      -   1512    210      0      1      0 
    1    231     64     67     98     17      0      0      0      0   1512   1410   2170      6      0 
    0     42     32     37      -      -      -      -      -      -   1512    210      0      1      0 
    1    238     65     67     98     16      0      0      0      0   1512   1410   2170      6      0 
    0     41     33     37      -      -      -      -      -      -   1512    210      0      1      0 
    1    230     65     67     98     16      0      0      0      0   1512   1410   2170      6      0 
    0     42     32     37      -      -      -      -      -      -   1512    210      0      1      0 
    1    234     65     67     98     16      0      0      0      0   1512   1410   2170      6      0 
    0     41     32     35      -      -      -      -      -      -   1512    210      0      1      0 
    1    238     65     67     98     17      0      0      0      0   1512   1410   2170      6      0 
    0     41     32     35      -      -      -      -      -      -   1512    210      0      1      0 
    1    248     64     67     98     16      0      0      0      0   1512   1410   2170      6      0 
    0     41     32     37      -      -      -      -      -      -   1512    210      0      1      0 
    1    237     65     67     98     16      0      0      0      0   1512   1410   2170      6      0 
    0     42     32     37      -      -      -      -      -      -   1512    210      0      1      0 
    1    235     65     67     98     17      0      0      0      0   1512   1410   2170      6      0 
    0     41     32     37      -      -      -      -      -      -   1512    210      0      1      0 
    1    236     65     67     98     17      0      0      0      0   1512   1410   2170      6      0 
    0     42     32     35      -      -      -      -      -      -   1512    210      0      1      0 
    1    239     64     67     98     17      0      0      0      0   1512   1410   2170      6      0 
    0     42     32     37      -      -      -      -      -      -   1512    210      0      1      0 
    1    238     65     67     98     16      0      0      0      0   1512   1410   2170      6      0 
# gpu    pwr  gtemp  mtemp     sm    mem    enc    dec    jpg    ofa   mclk   pclk     fb   bar1   ccpm 
# Idx      W      C      C      %      %      %      %      %      %    MHz    MHz     MB     MB     MB 
    0     42     32     37      -      -      -      -      -      -   1512    210      0      1      0 
    1    236     65     67     98     16      0      0      0      0   1512   1410   2170      6      0 
    0     42     32     35      -      -      -      -      -      -   1512    210      0      1      0 
    1    234     65     67     98     17      0      0      0      0   1512   1410   2170      6      0 
    0     42     32     35      -      -      -      -      -      -   1512    210      0      1      0 
    1    238     64     67     98     17      0      0      0      0   1512   1410   2170      6      0 
    0     41     32     37      -      -      -      -      -      -   1512    210      0      1      0 
    1    242     65     67     98     16      0      0      0      0   1512   1410   2170      6      0 
    0     41     32     37      -      -      -      -      -      -   1512    210      0      1      0 
    1    233     65     67     98     16      0      0      0      0   1512   1410   2170      6      0 
    0     42     32     37      -      -      -      -      -      -   1512    210      0      1      0 
    1    228     65     67     98     16      0      0      0      0   1512   1410   2170      6      0 
    0     42     32     35      -      -      -      -      -      -   1512    210      0      1      0 
    1    243     64     67     98     16      0      0      0      0   1512   1410   2170      6      0 
    0     42     32     37      -      -      -      -      -      -   1512    210      0      1      0 
    1    232     65     67     98     17      0      0      0      0   1512   1410   2170      6      0 
    0     41     32     37      -      -      -      -      -      -   1512    210      0      1      0 
    1    233     65     67     98     17      0      0      0      0   1512   1410   2170      6      0 
    0     42     32     35      -      -      -      -      -      -   1512    210      0      1      0 
    1    235     65     67     98     17      0      0      0      0   1512   1410   2170      6      0 
    0     42     32     35      -      -      -      -      -      -   1512    210      0      1      0 
    1    235     64     67     98     16      0      0      0      0   1512   1410   2170      6      0 
    0     41     32     35      -      -      -      -      -      -   1512    210      0      1      0 
    1    224     64     67     98     16      0      0      0      0   1512   1410   2170      6      0 
    0     42     32     37      -      -      -      -      -      -   1512    210      0      1      0 
    1    231     65     67     98     16      0      0      0      0   1512   1410   2170      6      0 
    0     42     32     37      -      -      -      -      -      -   1512    210      0      1      0 
    1    239     65     67     98     17      0      0      0      0   1512   1410   2170      6      0 
    0     41     32     37      -      -      -      -      -      -   1512    210      0      1      0 
    1    232     65     67     98     16      0      0      0      0   1512   1410   2170      6      0 
    0     42     32     35      -      -      -      -      -      -   1512    210      0      1      0 
    1    235     64     67     98     17      0      0      0      0   1512   1410   2170      6      0 
    0     42     32     37      -      -      -      -      -      -   1512    210      0      1      0 
    1    235     65     67     98     17      0      0      0      0   1512   1410   2170      6      0 
    0     41     32     37      -      -      -      -      -      -   1512    210      0      1      0 
    1    240     65     67     98     16      0      0      0      0   1512   1410   2170      6      0 
    0     41     32     37      -      -      -      -      -      -   1512    210      0      1      0 
    1    228     65     67     98     16      0      0      0      0   1512   1410   2170      6      0 
    0     41     32     35      -      -      -      -      -      -   1512    210      0      1      0 
    1    237     64     67     98     16      0      0      0      0   1512   1410   2170      6      0 
    0     42     32     37      -      -      -      -      -      -   1512    210      0      1      0 
    1    241     65     67     98     16      0      0      0      0   1512   1410   2170      6      0 
    0     42     32     35      -      -      -      -      -      -   1512    210      0      1      0 
    1    232     65     67     98     16      0      0      0      0   1512   1410   2170      6      0 
# gpu    pwr  gtemp  mtemp     sm    mem    enc    dec    jpg    ofa   mclk   pclk     fb   bar1   ccpm 
# Idx      W      C      C      %      %      %      %      %      %    MHz    MHz     MB     MB     MB 
    0     42     32     37      -      -      -      -      -      -   1512    210      0      1      0 
    1    233     65     67     98     17      0      0      0      0   1512   1410   2170      6      0 
    0     42     32     37      -      -      -      -      -      -   1512    210      0      1      0 
    1    231     64     67     98     17      0      0      0      0   1512   1410   2170      6      0 
    0     42     32     37      -      -      -      -      -      -   1512    210      0      1      0 
    1    236     65     67     98     16      0      0      0      0   1512   1410   2170      6      0 
    0     41     32     37      -      -      -      -      -      -   1512    210      0      1      0 
    1    242     65     67     98     16      0      0      0      0   1512   1410   2170      6      0 
    0     42     32     37      -      -      -      -      -      -   1512    210      0      1      0 
    1    235     65     67     98     16      0      0      0      0   1512   1410   2170      6      0 
    0     41     32     37      -      -      -      -      -      -   1512    210      0      1      0 
    1    232     64     67     98     17      0      0      0      0   1512   1410   2170      6      0 
    0     41     32     37      -      -      -      -      -      -   1512    210      0      1      0 
    1    228     65     67     98     16      0      0      0      0   1512   1410   2170      6      0 
    0     41     32     37      -      -      -      -      -      -   1512    210      0      1      0 
    1    236     65     67     98     16      0      0      0      0   1512   1410   2170      6      0 
    0     42     32     37      -      -      -      -      -      -   1512    210      0      1      0 
    1    235     65     67     98     16      0      0      0      0   1512   1410   2170      6      0 
    0     42     32     37      -      -      -      -      -      -   1512    210      0      1      0 
    1    233     65     67     98     16      0      0      0      0   1512   1410   2170      6      0 
    0     42     32     37      -      -      -      -      -      -   1512    210      0      1      0 
    1    230     65     67     98     16      0      0      0      0   1512   1410   2170      6      0 
    0     42     33     37      -      -      -      -      -      -   1512    210      0      1      0 
    1    239     65     67     98     16      0      0      0      0   1512   1410   2170      6      0 
    0     42     32     35      -      -      -      -      -      -   1512    210      0      1      0 
    1    234     65     67     98     16      0      0      0      0   1512   1410   2170      6      0 
    0     42     32     37      -      -      -      -      -      -   1512    210      0      1      0 
    1    233     65     67     98     16      0      0      0      0   1512   1410   2170      6      0 
    0     42     32     37      -      -      -      -      -      -   1512    210      0      1      0 
    1    234     64     67     98     16      0      0      0      0   1512   1410   2170      6      0 
    0     42     32     37      -      -      -      -      -      -   1512    210      0      1      0 
    1    238     65     67     98     17      0      0      0      0   1512   1410   2170      6      0 
    0     42     33     37      -      -      -      -      -      -   1512    210      0      1      0 
    1    234     65     67     98     16      0      0      0      0   1512   1410   2170      6      0 
    0     41     32     37      -      -      -      -      -      -   1512    210      0      1      0 
    1    235     65     67     98     16      0      0      0      0   1512   1410   2170      6      0 
    0     41     32     35      -      -      -      -      -      -   1512    210      0      1      0 
    1    237     65     67     98     16      0      0      0      0   1512   1410   2170      6      0 
    0     41     32     37      -      -      -      -      -      -   1512    210      0      1      0 
    1    242     65     67     98     16      0      0      0      0   1512   1410   2170      6      0 
    0     42     32     37      -      -      -      -      -      -   1512    210      0      1      0 
    1    228     65     67     98     16      0      0      0      0   1512   1410   2170      6      0 
    0     42     32     37      -      -      -      -      -      -   1512    210      0      1      0 
    1    239     65     67     98     16      0      0      0      0   1512   1410   2170      6      0 
# gpu    pwr  gtemp  mtemp     sm    mem    enc    dec    jpg    ofa   mclk   pclk     fb   bar1   ccpm 
# Idx      W      C      C      %      %      %      %      %      %    MHz    MHz     MB     MB     MB 
    0     42     32     37      -      -      -      -      -      -   1512    210      0      1      0 
    1    238     64     67     98     16      0      0      0      0   1512   1410   2170      6      0 
    0     42     33     37      -      -      -      -      -      -   1512    210      0      1      0 
    1    232     65     67     98     16      0      0      0      0   1512   1410   2170      6      0 
    0     41     33     37      -      -      -      -      -      -   1512    210      0      1      0 
    1    236     65     67     98     17      0      0      0      0   1512   1410   2170      6      0 
    0     41     32     37      -      -      -      -      -      -   1512    210      0      1      0 
    1    233     65     67     98     16      0      0      0      0   1512   1410   2170      6      0 
    0     42     32     37      -      -      -      -      -      -   1512    210      0      1      0 
    1    239     64     67     98     16      0      0      0      0   1512   1410   2170      6      0 
    0     41     32     37      -      -      -      -      -      -   1512    210      0      1      0 
    1    241     65     67     98     16      0      0      0      0   1512   1410   2170      6      0 
    0     42     33     37      -      -      -      -      -      -   1512    210      0      1      0 
    1    238     65     67     98     16      0      0      0      0   1512   1410   2170      6      0 
    0     41     32     37      -      -      -      -      -      -   1512    210      0      1      0 
    1    237     65     67     98     17      0      0      0      0   1512   1410   2170      6      0 
    0     41     32     37      -      -      -      -      -      -   1512    210      0      1      0 
    1    234     64     67     98     17      0      0      0      0   1512   1410   2170      6      0 
    0     42     32     35      -      -      -      -      -      -   1512    210      0      1      0 
    1    240     64     67     98     16      0      0      0      0   1512   1410   2170      6      0 
    0     41     33     37      -      -      -      -      -      -   1512    210      0      1      0 
    1    241     65     67     98     16      0      0      0      0   1512   1410   2170      6      0 
    0     42     32     37      -      -      -      -      -      -   1512    210      0      1      0 
    1    230     65     67     98     16      0      0      0      0   1512   1410   2170      6      0 
    0     42     32     37      -      -      -      -      -      -   1512    210      0      1      0 
    1    238     65     67     98     16      0      0      0      0   1512   1410   2170      6      0 
    0     42     32     37      -      -      -      -      -      -   1512    210      0      1      0 
    1    232     64     67     98     16      0      0      0      0   1512   1410   2170      6      0 
    0     41     33     37      -      -      -      -      -      -   1512    210      0      1      0 
    1    236     65     67     98     16      0      0      0      0   1512   1410   2170      6      0 
    0     41     32     37      -      -      -      -      -      -   1512    210      0      1      0 
    1    235     65     67     98     16      0      0      0      0   1512   1410   2170      6      0 
    0     42     32     37      -      -      -      -      -      -   1512    210      0      1      0 
    1    231     65     67     98     16      0      0      0      0   1512   1410   2170      6      0 
    0     42     32     37      -      -      -      -      -      -   1512    210      0      1      0 
    1    240     64     67     98     16      0      0      0      0   1512   1410   2170      6      0 
    0     42     32     37      -      -      -      -      -      -   1512    210      0      1      0 
    1    245     65     67     98     16      0      0      0      0   1512   1410   2170      6      0 
    0     42     33     37      -      -      -      -      -      -   1512    210      0      1      0 
    1    229     65     67     98     16      0      0      0      0   1512   1410   2170      6      0 
    0     43     32     37      -      -      -      -      -      -   1512    210      0      1      0 
    1    241     65     67     98     16      0      0      0      0   1512   1410   2170      6      0 
    0     42     32     37      -      -      -      -      -      -   1512    210      0      1      0 
    1    234     65     67     98     17      0      0      0      0   1512   1410   2170      6      0 
# gpu    pwr  gtemp  mtemp     sm    mem    enc    dec    jpg    ofa   mclk   pclk     fb   bar1   ccpm 
# Idx      W      C      C      %      %      %      %      %      %    MHz    MHz     MB     MB     MB 
    0     42     32     37      -      -      -      -      -      -   1512    210      0      1      0 
    1    238     64     67     98     16      0      0      0      0   1512   1410   2170      6      0 
    0     42     33     37      -      -      -      -      -      -   1512    210      0      1      0 
    1    239     65     67     98     17      0      0      0      0   1512   1410   2170      6      0 
    0     42     33     37      -      -      -      -      -      -   1512    210      0      1      0 
    1    234     65     67     98     16      0      0      0      0   1512   1410   2170      6      0 
    0     41     32     37      -      -      -      -      -      -   1512    210      0      1      0 
    1    238     65     67     98     16      0      0      0      0   1512   1410   2170      6      0 
    0     42     32     37      -      -      -      -      -      -   1512    210      0      1      0 
    1    233     64     67     98     17      0      0      0      0   1512   1410   2170      6      0 
    0     42     33     37      -      -      -      -      -      -   1512    210      0      1      0 
    1    233     65     67     98     16      0      0      0      0   1512   1410   2170      6      0 
    0     42     33     37      -      -      -      -      -      -   1512    210      0      1      0 
    1    237     65     67     98     16      0      0      0      0   1512   1410   2170      6      0 
    0     41     32     37      -      -      -      -      -      -   1512    210      0      1      0 
    1    237     65     67     98     17      0      0      0      0   1512   1410   2170      6      0 
    0     42     32     37      -      -      -      -      -      -   1512    210      0      1      0 
    1    237     64     67     98     16      0      0      0      0   1512   1410   2170      6      0 
    0     41     32     37      -      -      -      -      -      -   1512    210      0      1      0 
    1    238     65     67     98     16      0      0      0      0   1512   1410   2170      6      0 
    0     41     33     37      -      -      -      -      -      -   1512    210      0      1      0 
    1    243     65     67     98     16      0      0      0      0   1512   1410   2170      6      0 
    0     41     32     37      -      -      -      -      -      -   1512    210      0      1      0 
    1    237     65     67     98     17      0      0      0      0   1512   1410   2170      6      0 
    0     42     32     37      -      -      -      -      -      -   1512    210      0      1      0 
    1    236     65     67     98     17      0      0      0      0   1512   1410   2170      6      0 
    0     42     32     37      -      -      -      -      -      -   1512    210      0      1      0 
    1    240     65     67     98     17      0      0      0      0   1512   1410   2170      6      0 
    0     41     33     37      -      -      -      -      -      -   1512    210      0      1      0 
    1    237     65     67     98     16      0      0      0      0   1512   1410   2170      6      0 
    0     41     33     37      -      -      -      -      -      -   1512    210      0      1      0 
    1    239     65     67     98     16      0      0      0      0   1512   1410   2170      6      0 
    0     43     32     37      -      -      -      -      -      -   1512    210      0      1      0 
    1    228     65     67     98     16      0      0      0      0   1512   1410   2170      6      0 
    0     41     32     37      -      -      -      -      -      -   1512    210      0      1      0 
    1    237     64     67     98     16      0      0      0      0   1512   1410   2170      6      0 
    0     41     33     37      -      -      -      -      -      -   1512    210      0      1      0 
    1    234     65     67     98     17      0      0      0      0   1512   1410   2170      6      0 
    0     41     33     37      -      -      -      -      -      -   1512    210      0      1      0 
    1    241     65     67     98     16      0      0      0      0   1512   1410   2170      6      0 
    0     42     32     37      -      -      -      -      -      -   1512    210      0      1      0 
    1    236     65     67     98     16      0      0      0      0   1512   1410   2170      6      0 
    0     41     32     37      -      -      -      -      -      -   1512    210      0      1      0 
    1    237     64     67     98     16      0      0      0      0   1512   1410   2170      6      0 
# gpu    pwr  gtemp  mtemp     sm    mem    enc    dec    jpg    ofa   mclk   pclk     fb   bar1   ccpm 
# Idx      W      C      C      %      %      %      %      %      %    MHz    MHz     MB     MB     MB 
    0     41     32     37      -      -      -      -      -      -   1512    210      0      1      0 
    1    238     65     67     98     17      0      0      0      0   1512   1410   2170      6      0 
    0     43     33     37      -      -      -      -      -      -   1512    210      0      1      0 
    1    238     65     67     98     16      0      0      0      0   1512   1410   2170      6      0 
    0     42     32     37      -      -      -      -      -      -   1512    210      0      1      0 
    1    232     65     67     98     16      0      0      0      0   1512   1410   2170      6      0 
    0     41     32     37      -      -      -      -      -      -   1512    210      0      1      0 
    1    231     64     67     98     16      0      0      0      0   1512   1410   2170      6      0 
    0     41     32     37      -      -      -      -      -      -   1512    210      0      1      0 
    1    240     65     67     98     16      0      0      0      0   1512   1410   2170      6      0 
    0     42     33     37      -      -      -      -      -      -   1512    210      0      1      0 
    1    237     65     67     98     17      0      0      0      0   1512   1410   2170      6      0 
    0     41     32     37      -      -      -      -      -      -   1512    210      0      1      0 
    1    233     65     67     98     16      0      0      0      0   1512   1410   2170      6      0 
    0     41     32     37      -      -      -      -      -      -   1512    210      0      1      0 
    1    240     65     67     98     17      0      0      0      0   1512   1410   2170      6      0 
    0     41     32     37      -      -      -      -      -      -   1512    210      0      1      0 
    1    227     64     67     98     17      0      0      0      0   1512   1410   2170      6      0 
    0     41     33     37      -      -      -      -      -      -   1512    210      0      1      0 
    1    239     65     67     98     17      0      0      0      0   1512   1410   2170      6      0 
    0     42     33     37      -      -      -      -      -      -   1512    210      0      1      0 
    1    229     65     67     98     17      0      0      0      0   1512   1410   2170      6      0 
    0     41     32     37      -      -      -      -      -      -   1512    210      0      1      0 
    1    232     65     67     98     16      0      0      0      0   1512   1410   2170      6      0 
    0     42     32     37      -      -      -      -      -      -   1512    210      0      1      0 
    1    235     64     67     98     16      0      0      0      0   1512   1410   2170      6      0 
    0     42     32     37      -      -      -      -      -      -   1512    210      0      1      0 
    1    241     65     67     98     17      0      0      0      0   1512   1410   2170      6      0 
    0     42     33     37      -      -      -      -      -      -   1512    210      0      1      0 
    1    232     65     67     98     17      0      0      0      0   1512   1410   2170      6      0 
    0     43     32     37      -      -      -      -      -      -   1512    210      0      1      0 
    1    241     65     67     98     16      0      0      0      0   1512   1410   2170      6      0 
    0     42     32     37      -      -      -      -      -      -   1512    210      0      1      0 
    1    243     64     67     98     16      0      0      0      0   1512   1410   2170      6      0 
    0     41     32     37      -      -      -      -      -      -   1512    210      0      1      0 
    1    239     65     67     98     16      0      0      0      0   1512   1410   2170      6      0 
    0     41     33     37      -      -      -      -      -      -   1512    210      0      1      0 
    1    235     65     67     98     17      0      0      0      0   1512   1410   2170      6      0 
    0     42     32     37      -      -      -      -      -      -   1512    210      0      1      0 
    1    234     65     67     98     16      0      0      0      0   1512   1410   2170      6      0 
    0     42     32     37      -      -      -      -      -      -   1512    210      0      1      0 
    1    240     64     67     98     16      0      0      0      0   1512   1410   2170      6      0 
    0     41     32     37      -      -      -      -      -      -   1512    210      0      1      0 
    1    236     65     67     98     16      0      0      0      0   1512   1410   2170      6      0 
# gpu    pwr  gtemp  mtemp     sm    mem    enc    dec    jpg    ofa   mclk   pclk     fb   bar1   ccpm 
# Idx      W      C      C      %      %      %      %      %      %    MHz    MHz     MB     MB     MB 
    0     42     33     37      -      -      -      -      -      -   1512    210      0      1      0 
    1    240     65     67     98     16      0      0      0      0   1512   1410   2170      6      0 
    0     41     32     37      -      -      -      -      -      -   1512    210      0      1      0 
    1    235     65     67     98     16      0      0      0      0   1512   1410   2170      6      0 
    0     41     32     37      -      -      -      -      -      -   1512    210      0      1      0 
    1    231     65     67     98     16      0      0      0      0   1512   1410   2170      6      0 
    0     42     32     37      -      -      -      -      -      -   1512    210      0      1      0 
    1    240     64     67     98     16      0      0      0      0   1512   1410   2170      6      0 
    0     41     33     37      -      -      -      -      -      -   1512    210      0      1      0 
    1    240     65     67     98     17      0      0      0      0   1512   1410   2170      6      0 
    0     41     32     37      -      -      -      -      -      -   1512    210      0      1      0 
    1    234     65     67     98     16      0      0      0      0   1512   1410   2170      6      0 
    0     41     32     37      -      -      -      -      -      -   1512    210      0      1      0 
    1    236     65     67     98     16      0      0      0      0   1512   1410   2170      6      0 
    0     42     32     35      -      -      -      -      -      -   1512    210      0      1      0 
    1    235     64     67     98     17      0      0      0      0   1512   1410   2170      6      0 
    0     42     33     37      -      -      -      -      -      -   1512    210      0      1      0 
    1    229     65     67     98     16      0      0      0      0   1512   1410   2170      6      0 
    0     42     33     37      -      -      -      -      -      -   1512    210      0      1      0 
    1    232     65     67     98     17      0      0      0      0   1512   1410   2170      6      0 
    0     42     32     37      -      -      -      -      -      -   1512    210      0      1      0 
    1    229     65     67     98     17      0      0      0      0   1512   1410   2170      6      0 
    0     42     32     35      -      -      -      -      -      -   1512    210      0      1      0 
    1    235     64     67     98     17      0      0      0      0   1512   1410   2170      6      0 
    0     41     32     37      -      -      -      -      -      -   1512    210      0      1      0 
    1    242     65     67     98     16      0      0      0      0   1512   1410   2170      6      0 
    0     42     33     37      -      -      -      -      -      -   1512    210      0      1      0 
    1    234     65     67     98     16      0      0      0      0   1512   1410   2170      6      0 
    0     41     32     37      -      -      -      -      -      -   1512    210      0      1      0 
    1    231     65     67     98     16      0      0      0      0   1512   1410   2170      6      0 
    0     41     32     37      -      -      -      -      -      -   1512    210      0      1      0 
    1    231     64     67     98     16      0      0      0      0   1512   1410   2170      6      0 
    0     42     32     35      -      -      -      -      -      -   1512    210      0      1      0 
    1    238     65     67     98     16      0      0      0      0   1512   1410   2170      6      0 
    0     41     33     37      -      -      -      -      -      -   1512    210      0      1      0 
    1    234     65     67     98     17      0      0      0      0   1512   1410   2170      6      0 
    0     41     32     37      -      -      -      -      -      -   1512    210      0      1      0 
    1    232     65     67     98     16      0      0      0      0   1512   1410   2170      6      0 
    0     42     32     35      -      -      -      -      -      -   1512    210      0      1      0 
    1    240     65     67     98     16      0      0      0      0   1512   1410   2170      6      0 
    0     41     32     37      -      -      -      -      -      -   1512    210      0      1      0 
    1    233     64     67     98     16      0      0      0      0   1512   1410   2170      6      0 
    0     42     33     37      -      -      -      -      -      -   1512    210      0      1      0 
    1    243     65     67     98     17      0      0      0      0   1512   1410   2170      6      0 
# gpu    pwr  gtemp  mtemp     sm    mem    enc    dec    jpg    ofa   mclk   pclk     fb   bar1   ccpm 
# Idx      W      C      C      %      %      %      %      %      %    MHz    MHz     MB     MB     MB 
    0     42     32     37      -      -      -      -      -      -   1512    210      0      1      0 
    1    237     65     67     98     16      0      0      0      0   1512   1410   2170      6      0 
    0     42     32     37      -      -      -      -      -      -   1512    210      0      1      0 
    1    240     65     67     98     17      0      0      0      0   1512   1410   2170      6      0 
    0     42     32     37      -      -      -      -      -      -   1512    210      0      1      0 
    1    239     64     67     98     16      0      0      0      0   1512   1410   2170      6      0 
    0     41     32     37      -      -      -      -      -      -   1512    210      0      1      0 
    1    231     65     67     98     16      0      0      0      0   1512   1410   2170      6      0 
    0     42     32     37      -      -      -      -      -      -   1512    210      0      1      0 
    1    230     65     67     98     16      0      0      0      0   1512   1410   2170      6      0 
    0     41     32     37      -      -      -      -      -      -   1512    210      0      1      0 
    1    235     65     67     98     16      0      0      0      0   1512   1410   2170      6      0 
    0     42     32     37      -      -      -      -      -      -   1512    210      0      1      0 
    1    234     64     67     98     17      0      0      0      0   1512   1410   2170      6      0 
    0     42     33     37      -      -      -      -      -      -   1512    210      0      1      0 
    1    238     65     67     98     16      0      0      0      0   1512   1410   2170      6      0 
    0     42     33     37      -      -      -      -      -      -   1512    210      0      1      0 
    1    236     65     67     98     17      0      0      0      0   1512   1410   2170      6      0 
    0     41     32     37      -      -      -      -      -      -   1512    210      0      1      0 
    1    238     65     67     98     16      0      0      0      0   1512   1410   2170      6      0 
    0     41     32     37      -      -      -      -      -      -   1512    210      0      1      0 
    1    231     65     67     98     16      0      0      0      0   1512   1410   2170      6      0 
    0     42     32     37      -      -      -      -      -      -   1512    210      0      1      0 
    1    237     65     67     98     16      0      0      0      0   1512   1410   2170      6      0 
    0     42     33     37      -      -      -      -      -      -   1512    210      0      1      0 
    1    239     65     67     98     16      0      0      0      0   1512   1410   2170      6      0 
    0     41     32     37      -      -      -      -      -      -   1512    210      0      1      0 
    1    237     65     67     98     16      0      0      0      0   1512   1410   2170      6      0 
    0     41     32     37      -      -      -      -      -      -   1512    210      0      1      0 
    1    236     65     67     98     16      0      0      0      0   1512   1410   2170      6      0 
    0     41     32     35      -      -      -      -      -      -   1512    210      0      1      0 
    1    234     65     67     98     16      0      0      0      0   1512   1410   2170      6      0 
    0     41     33     37      -      -      -      -      -      -   1512    210      0      1      0 
    1    239     65     67     98     16      0      0      0      0   1512   1410   2170      6      0 
    0     42     32     37      -      -      -      -      -      -   1512    210      0      1      0 
    1    235     65     67     98     16      0      0      0      0   1512   1410   2170      6      0 
    0     41     32     37      -      -      -      -      -      -   1512    210      0      1      0 
    1    239     64     67     98     16      0      0      0      0   1512   1410   2170      6      0 
    0     42     32     37      -      -      -      -      -      -   1512    210      0      1      0 
    1    234     64     67     98     16      0      0      0      0   1512   1410   2170      6      0 
    0     41     32     37      -      -      -      -      -      -   1512    210      0      1      0 
    1    240     65     67     98     17      0      0      0      0   1512   1410   2170      6      0 
    0     42     32     37      -      -      -      -      -      -   1512    210      0      1      0 
    1    237     65     67     98     17      0      0      0      0   1512   1410   2170      6      0 
# gpu    pwr  gtemp  mtemp     sm    mem    enc    dec    jpg    ofa   mclk   pclk     fb   bar1   ccpm 
# Idx      W      C      C      %      %      %      %      %      %    MHz    MHz     MB     MB     MB 
    0     41     32     37      -      -      -      -      -      -   1512    210      0      1      0 
    1    235     65     67     98     17      0      0      0      0   1512   1410   2170      6      0 
    0     42     32     37      -      -      -      -      -      -   1512    210      0      1      0 
    1    238     64     67     98     16      0      0      0      0   1512   1410   2170      6      0 
    0     41     32     35      -      -      -      -      -      -   1512    210      0      1      0 
    1    235     65     67     98     16      0      0      0      0   1512   1410   2170      6      0 
    0     42     32     37      -      -      -      -      -      -   1512    210      0      1      0 
    1    239     65     67     98     16      0      0      0      0   1512   1410   2170      6      0 
    0     42     32     37      -      -      -      -      -      -   1512    210      0      1      0 
    1    238     65     67     98     16      0      0      0      0   1512   1410   2170      6      0 
    0     42     32     37      -      -      -      -      -      -   1512    210      0      1      0 
    1    233     64     67     98     16      0      0      0      0   1512   1410   2170      6      0 
    0     41     32     37      -      -      -      -      -      -   1512    210      0      1      0 
    1    234     65     67     98     17      0      0      0      0   1512   1410   2170      6      0 
    0     41     32     37      -      -      -      -      -      -   1512    210      0      1      0 
    1    236     65     67     98     17      0      0      0      0   1512   1410   2170      6      0 
    0     41     32     37      -      -      -      -      -      -   1512    210      0      1      0 
    1    239     65     67     98     16      0      0      0      0   1512   1410   2170      6      0 
    0     41     32     37      -      -      -      -      -      -   1512    210      0      1      0 
    1    231     65     67     98     16      0      0      0      0   1512   1410   2170      6      0 
    0     41     32     37      -      -      -      -      -      -   1512    210      0      1      0 
    1    245     64     67     98     17      0      0      0      0   1512   1410   2170      6      0 
    0     41     32     35      -      -      -      -      -      -   1512    210      0      1      0 
    1    232     65     67     98     17      0      0      0      0   1512   1410   2170      6      0 
    0     42     32     37      -      -      -      -      -      -   1512    210      0      1      0 
    1    234     65     67     98     17      0      0      0      0   1512   1410   2170      6      0 
    0     41     32     37      -      -      -      -      -      -   1512    210      0      1      0 
    1    237     65     67     98     16      0      0      0      0   1512   1410   2170      6      0 
    0     42     32     35      -      -      -      -      -      -   1512    210      0      1      0 
    1    237     64     67     98     16      0      0      0      0   1512   1410   2170      6      0 
    0     42     32     37      -      -      -      -      -      -   1512    210      0      1      0 
    1    236     65     67     98     17      0      0      0      0   1512   1410   2170      6      0 
    0     42     32     37      -      -      -      -      -      -   1512    210      0      1      0 
    1    234     65     67     98     16      0      0      0      0   1512   1410   2170      6      0 
    0     42     32     37      -      -      -      -      -      -   1512    210      0      1      0 
    1    235     65     67     98     16      0      0      0      0   1512   1410   2170      6      0 
    0     41     32     37      -      -      -      -      -      -   1512    210      0      1      0 
    1    237     64     67     98     16      0      0      0      0   1512   1410   2170      6      0 
    0     41     32     37      -      -      -      -      -      -   1512    210      0      1      0 
    1    236     64     67     98     17      0      0      0      0   1512   1410   2170      6      0 
    0     41     32     37      -      -      -      -      -      -   1512    210      0      1      0 
    1    236     65     67     98     16      0      0      0      0   1512   1410   2170      6      0 
    0     42     32     37      -      -      -      -      -      -   1512    210      0      1      0 
    1    233     65     67     98     16      0      0      0      0   1512   1410   2170      6      0 
# gpu    pwr  gtemp  mtemp     sm    mem    enc    dec    jpg    ofa   mclk   pclk     fb   bar1   ccpm 
# Idx      W      C      C      %      %      %      %      %      %    MHz    MHz     MB     MB     MB 
    0     42     32     37      -      -      -      -      -      -   1512    210      0      1      0 
    1    241     65     67     98     17      0      0      0      0   1512   1410   2170      6      0 
    0     41     32     37      -      -      -      -      -      -   1512    210      0      1      0 
    1    236     64     67     98     17      0      0      0      0   1512   1410   2170      6      0 
    0     41     32     37      -      -      -      -      -      -   1512    210      0      1      0 
    1    235     65     67     98     17      0      0      0      0   1512   1410   2170      6      0 
    0     42     32     37      -      -      -      -      -      -   1512    210      0      1      0 
    1    229     65     67     98     16      0      0      0      0   1512   1410   2170      6      0 
    0     41     32     35      -      -      -      -      -      -   1512    210      0      1      0 
    1    237     65     67     98     16      0      0      0      0   1512   1410   2170      6      0 
    0     42     32     35      -      -      -      -      -      -   1512    210      0      1      0 
    1    243     64     67     98     16      0      0      0      0   1512   1410   2170      6      0 
    0     42     32     37      -      -      -      -      -      -   1512    210      0      1      0 
    1    237     65     67     98     16      0      0      0      0   1512   1410   2170      6      0 
    0     40     32     37      -      -      -      -      -      -   1512    210      0      1      0 
    1    236     65     67     98     16      0      0      0      0   1512   1410   2170      6      0 
    0     41     32     35      -      -      -      -      -      -   1512    210      0      1      0 
    1    235     65     67     98     16      0      0      0      0   1512   1410   2170      6      0 
    0     42     32     35      -      -      -      -      -      -   1512    210      0      1      0 
    1    234     64     67     98     16      0      0      0      0   1512   1410   2170      6      0 
    0     42     32     37      -      -      -      -      -      -   1512    210      0      1      0 
    1    234     65     67     98     17      0      0      0      0   1512   1410   2170      6      0 
    0     41     32     37      -      -      -      -      -      -   1512    210      0      1      0 
    1    240     65     67     98     16      0      0      0      0   1512   1410   2170      6      0 
    0     42     32     37      -      -      -      -      -      -   1512    210      0      1      0 
    1    232     65     67     98     16      0      0      0      0   1512   1410   2170      6      0 
    0     42     32     37      -      -      -      -      -      -   1512    210      0      1      0 
    1    230     64     67     98     16      0      0      0      0   1512   1410   2170      6      0 
    0     41     32     37      -      -      -      -      -      -   1512    210      0      1      0 
    1    235     65     67     98     16      0      0      0      0   1512   1410   2170      6      0 
    0     42     32     37      -      -      -      -      -      -   1512    210      0      1      0 
    1    238     65     67     98     16      0      0      0      0   1512   1410   2170      6      0 
    0     42     32     37      -      -      -      -      -      -   1512    210      0      1      0 
    1    239     65     67     98     17      0      0      0      0   1512   1410   2170      6      0 
    0     41     32     37      -      -      -      -      -      -   1512    210      0      1      0 
    1    240     65     67     98     16      0      0      0      0   1512   1410   2170      6      0 
    0     41     32     35      -      -      -      -      -      -   1512    210      0      1      0 
    1    230     64     67     98     16      0      0      0      0   1512   1410   2170      6      0 
    0     41     32     37      -      -      -      -      -      -   1512    210      0      1      0 
    1    238     65     67     98     17      0      0      0      0   1512   1410   2170      6      0 
    0     41     32     37      -      -      -      -      -      -   1512    210      0      1      0 
    1    239     65     67     98     17      0      0      0      0   1512   1410   2170      6      0 
    0     41     32     35      -      -      -      -      -      -   1512    210      0      1      0 
    1    232     65     67     98     16      0      0      0      0   1512   1410   2170      6      0 
# gpu    pwr  gtemp  mtemp     sm    mem    enc    dec    jpg    ofa   mclk   pclk     fb   bar1   ccpm 
# Idx      W      C      C      %      %      %      %      %      %    MHz    MHz     MB     MB     MB 
    0     42     32     35      -      -      -      -      -      -   1512    210      0      1      0 
    1    235     64     67     98     16      0      0      0      0   1512   1410   2170      6      0 
    0     42     32     37      -      -      -      -      -      -   1512    210      0      1      0 
    1    235     65     67     98     17      0      0      0      0   1512   1410   2170      6      0 
    0     41     32     37      -      -      -      -      -      -   1512    210      0      1      0 
    1    237     65     67     98     16      0      0      0      0   1512   1410   2170      6      0 
    0     42     32     35      -      -      -      -      -      -   1512    210      0      1      0 
    1    235     65     67     98     16      0      0      0      0   1512   1410   2170      6      0 
    0     41     32     37      -      -      -      -      -      -   1512    210      0      1      0 
    1    231     64     67     98     16      0      0      0      0   1512   1410   2170      6      0 
    0     41     32     37      -      -      -      -      -      -   1512    210      0      1      0 
    1    238     65     67     98     16      0      0      0      0   1512   1410   2170      6      0 
    0     41     32     37      -      -      -      -      -      -   1512    210      0      1      0 
    1    242     65     67     98     16      0      0      0      0   1512   1410   2170      6      0 
    0     41     32     37      -      -      -      -      -      -   1512    210      0      1      0 
    1    236     65     67     98     17      0      0      0      0   1512   1410   2170      6      0 
    0     42     32     35      -      -      -      -      -      -   1512    210      0      1      0 
    1    239     64     67     98     17      0      0      0      0   1512   1410   2170      6      0 
    0     41     32     37      -      -      -      -      -      -   1512    210      0      1      0 
    1    241     65     67     98     16      0      0      0      0   1512   1410   2170      6      0 
    0     42     32     37      -      -      -      -      -      -   1512    210      0      1      0 
    1    238     65     67     98     16      0      0      0      0   1512   1410   2170      6      0 
    0     41     32     37      -      -      -      -      -      -   1512    210      0      1      0 
    1    242     65     67     98     16      0      0      0      0   1512   1410   2170      6      0 
    0     41     32     35      -      -      -      -      -      -   1512    210      0      1      0 
    1    232     64     67     98     16      0      0      0      0   1512   1410   2170      6      0 
    0     42     32     37      -      -      -      -      -      -   1512    210      0      1      0 
    1    242     65     67     98     16      0      0      0      0   1512   1410   2170      6      0 
    0     42     32     37      -      -      -      -      -      -   1512    210      0      1      0 
    1    236     65     67     98     17      0      0      0      0   1512   1410   2170      6      0 
    0     41     32     37      -      -      -      -      -      -   1512    210      0      1      0 
    1    241     65     67     98     17      0      0      0      0   1512   1410   2170      6      0 
    0     41     32     35      -      -      -      -      -      -   1512    210      0      1      0 
    1    236     65     67     98     17      0      0      0      0   1512   1410   2170      6      0 
    0     41     32     37      -      -      -      -      -      -   1512    210      0      1      0 
    1    240     65     67     98     16      0      0      0      0   1512   1410   2170      6      0 
    0     42     32     37      -      -      -      -      -      -   1512    210      0      1      0 
    1    242     65     67     98     16      0      0      0      0   1512   1410   2170      6      0 
    0     41     32     37      -      -      -      -      -      -   1512    210      0      1      0 
    1    225     65     67     98     17      0      0      0      0   1512   1410   2170      6      0 
    0     41     32     37      -      -      -      -      -      -   1512    210      0      1      0 
    1    229     65     67     98     17      0      0      0      0   1512   1410   2170      6      0 
    0     41     32     35      -      -      -      -      -      -   1512    210      0      1      0 
    1    236     64     67     98     17      0      0      0      0   1512   1410   2170      6      0 
# gpu    pwr  gtemp  mtemp     sm    mem    enc    dec    jpg    ofa   mclk   pclk     fb   bar1   ccpm 
# Idx      W      C      C      %      %      %      %      %      %    MHz    MHz     MB     MB     MB 
    0     41     32     37      -      -      -      -      -      -   1512    210      0      1      0 
    1    237     65     67     98     16      0      0      0      0   1512   1410   2170      6      0 
    0     41     32     37      -      -      -      -      -      -   1512    210      0      1      0 
    1    232     65     67     98     16      0      0      0      0   1512   1410   2170      6      0 
    0     41     32     37      -      -      -      -      -      -   1512    210      0      1      0 
    1    235     65     67     98     16      0      0      0      0   1512   1410   2170      6      0 
    0     42     32     37      -      -      -      -      -      -   1512    210      0      1      0 
    1    237     64     67     98     16      0      0      0      0   1512   1410   2170      6      0 
    0     41     32     37      -      -      -      -      -      -   1512    210      0      1      0 
    1    233     65     67     98     16      0      0      0      0   1512   1410   2170      6      0 
    0     43     33     37      -      -      -      -      -      -   1512    210      0      1      0 
    1    233     65     67     98     16      0      0      0      0   1512   1410   2170      6      0 
    0     42     32     37      -      -      -      -      -      -   1512    210      0      1      0 
    1    231     65     67     98     16      0      0      0      0   1512   1410   2170      6      0 
    0     41     32     35      -      -      -      -      -      -   1512    210      0      1      0 
    1    240     64     67     98     17      0      0      0      0   1512   1410   2170      6      0 
    0     41     32     37      -      -      -      -      -      -   1512    210      0      1      0 
    1    237     65     67     98     16      0      0      0      0   1512   1410   2170      6      0 
    0     42     32     37      -      -      -      -      -      -   1512    210      0      1      0 
    1    238     65     67     98     16      0      0      0      0   1512   1410   2170      6      0 
    0     41     32     37      -      -      -      -      -      -   1512    210      0      1      0 
    1    238     65     67     98     16      0      0      0      0   1512   1410   2170      6      0 
    0     41     32     37      -      -      -      -      -      -   1512    210      0      1      0 
    1    232     64     67     98     16      0      0      0      0   1512   1410   2170      6      0 
    0     41     32     37      -      -      -      -      -      -   1512    210      0      1      0 
    1    232     64     67     98     16      0      0      0      0   1512   1410   2170      6      0 
    0     41     32     37      -      -      -      -      -      -   1512    210      0      1      0 
    1    240     65     67     98     17      0      0      0      0   1512   1410   2170      6      0 
    0     41     32     37      -      -      -      -      -      -   1512    210      0      1      0 
    1    240     65     67     98     16      0      0      0      0   1512   1410   2170      6      0 
    0     42     32     37      -      -      -      -      -      -   1512    210      0      1      0 
    1    235     65     67     98     16      0      0      0      0   1512   1410   2170      6      0 
    0     42     32     35      -      -      -      -      -      -   1512    210      0      1      0 
    1    231     64     67     98     17      0      0      0      0   1512   1410   2170      6      0 
    0     42     32     37      -      -      -      -      -      -   1512    210      0      1      0 
    1    241     65     67     98     16      0      0      0      0   1512   1410   2170      6      0 
    0     42     32     37      -      -      -      -      -      -   1512    210      0      1      0 
    1    241     65     67     98     16      0      0      0      0   1512   1410   2170      6      0 
    0     43     32     37      -      -      -      -      -      -   1512    210      0      1      0 
    1    233     65     67     98     16      0      0      0      0   1512   1410   2170      6      0 
    0     42     32     37      -      -      -      -      -      -   1512    210      0      1      0 
    1    241     64     67     98     16      0      0      0      0   1512   1410   2170      6      0 
    0     42     33     37      -      -      -      -      -      -   1512    210      0      1      0 
    1    235     65     67     98     17      0      0      0      0   1512   1410   2170      6      0 
# gpu    pwr  gtemp  mtemp     sm    mem    enc    dec    jpg    ofa   mclk   pclk     fb   bar1   ccpm 
# Idx      W      C      C      %      %      %      %      %      %    MHz    MHz     MB     MB     MB 
    0     42     32     37      -      -      -      -      -      -   1512    210      0      1      0 
    1    242     65     67     98     16      0      0      0      0   1512   1410   2170      6      0 
    0     42     32     37      -      -      -      -      -      -   1512    210      0      1      0 
    1    234     65     67     98     16      0      0      0      0   1512   1410   2170      6      0 
    0     41     32     35      -      -      -      -      -      -   1512    210      0      1      0 
    1    236     64     67     98     16      0      0      0      0   1512   1410   2170      6      0 
    0     41     32     37      -      -      -      -      -      -   1512    210      0      1      0 
    1    242     65     67     98     16      0      0      0      0   1512   1410   2170      6      0 
    0     42     32     37      -      -      -      -      -      -   1512    210      0      1      0 
    1    243     65     67     98     17      0      0      0      0   1512   1410   2170      6      0 
    0     41     32     37      -      -      -      -      -      -   1512    210      0      1      0 
    1    236     65     67     98     16      0      0      0      0   1512   1410   2170      6      0 
    0     41     32     37      -      -      -      -      -      -   1512    210      0      1      0 
    1    237     64     67     98     16      0      0      0      0   1512   1410   2170      6      0 
    0     41     32     37      -      -      -      -      -      -   1512    210      0      1      0 
    1    235     65     67     98     16      0      0      0      0   1512   1410   2170      6      0 
    0     42     33     37      -      -      -      -      -      -   1512    210      0      1      0 
    1    235     65     67     98     17      0      0      0      0   1512   1410   2170      6      0 
    0     41     32     37      -      -      -      -      -      -   1512    210      0      1      0 
    1    238     65     67     98     16      0      0      0      0   1512   1410   2170      6      0 
    0     41     32     37      -      -      -      -      -      -   1512    210      0      1      0 
    1    241     64     67     98     16      0      0      0      0   1512   1410   2170      6      0 
    0     42     32     37      -      -      -      -      -      -   1512    210      0      1      0 
    1    236     65     67     98     16      0      0      0      0   1512   1410   2170      6      0 
    0     42     33     37      -      -      -      -      -      -   1512    210      0      1      0 
    1    241     65     67     98     16      0      0      0      0   1512   1410   2170      6      0 
    0     42     32     37      -      -      -      -      -      -   1512    210      0      1      0 
    1    242     65     67     98     16      0      0      0      0   1512   1410   2170      6      0 
    0     41     32     37      -      -      -      -      -      -   1512    210      0      1      0 
    1    235     64     67     98     16      0      0      0      0   1512   1410   2170      6      0 
    0     42     32     35      -      -      -      -      -      -   1512    210      0      1      0 
    1    234     64     67     98     16      0      0      0      0   1512   1410   2170      6      0 
    0     41     33     37      -      -      -      -      -      -   1512    210      0      1      0 
    1    235     65     67     98     16      0      0      0      0   1512   1410   2170      6      0 
    0     42     32     37      -      -      -      -      -      -   1512    210      0      1      0 
    1    239     65     67     98     17      0      0      0      0   1512   1410   2170      6      0 
    0     41     32     37      -      -      -      -      -      -   1512    210      0      1      0 
    1    240     65     67     98     17      0      0      0      0   1512   1410   2170      6      0 
    0     41     32     35      -      -      -      -      -      -   1512    210      0      1      0 
    1    233     64     67     98     16      0      0      0      0   1512   1410   2170      6      0 
    0     41     32     37      -      -      -      -      -      -   1512    210      0      1      0 
    1    242     65     67     98     16      0      0      0      0   1512   1410   2170      6      0 
    0     41     32     37      -      -      -      -      -      -   1512    210      0      1      0 
    1    229     65     67     98     16      0      0      0      0   1512   1410   2170      6      0 
# gpu    pwr  gtemp  mtemp     sm    mem    enc    dec    jpg    ofa   mclk   pclk     fb   bar1   ccpm 
# Idx      W      C      C      %      %      %      %      %      %    MHz    MHz     MB     MB     MB 
    0     42     32     37      -      -      -      -      -      -   1512    210      0      1      0 
    1    231     65     67     98     16      0      0      0      0   1512   1410   2170      6      0 
    0     41     32     37      -      -      -      -      -      -   1512    210      0      1      0 
    1    235     64     67     98     16      0      0      0      0   1512   1410   2170      6      0 
    0     41     32     37      -      -      -      -      -      -   1512    210      0      1      0 
    1    238     65     67     98     17      0      0      0      0   1512   1410   2170      6      0 
    0     41     32     37      -      -      -      -      -      -   1512    210      0      1      0 
    1    243     65     67     98     16      0      0      0      0   1512   1410   2170      6      0 
    0     41     32     37      -      -      -      -      -      -   1512    210      0      1      0 
    1    233     65     67     98     16      0      0      0      0   1512   1410   2170      6      0 
    0     41     32     35      -      -      -      -      -      -   1512    210      0      1      0 
    1    234     64     67     98     16      0      0      0      0   1512   1410   2170      6      0 
    0     42     32     37      -      -      -      -      -      -   1512    210      0      1      0 
    1    241     65     67     98     16      0      0      0      0   1512   1410   2170      6      0 
    0     42     32     37      -      -      -      -      -      -   1512    210      0      1      0 
    1    234     65     67     98     16      0      0      0      0   1512   1410   2170      6      0 
    0     41     32     35      -      -      -      -      -      -   1512    210      0      1      0 
    1    237     65     67     98     17      0      0      0      0   1512   1410   2170      6      0 
    0     41     32     37      -      -      -      -      -      -   1512    210      0      1      0 
    1    235     64     67     98     16      0      0      0      0   1512   1410   2170      6      0 
    0     42     32     37      -      -      -      -      -      -   1512    210      0      1      0 
    1    234     65     67     98     16      0      0      0      0   1512   1410   2170      6      0 
    0     41     32     37      -      -      -      -      -      -   1512    210      0      1      0 
    1    234     65     67     98     16      0      0      0      0   1512   1410   2170      6      0 
    0     41     32     37      -      -      -      -      -      -   1512    210      0      1      0 
    1    233     65     67     98     16      0      0      0      0   1512   1410   2170      6      0 
    0     41     32     37      -      -      -      -      -      -   1512    210      0      1      0 
    1    241     64     67     98     16      0      0      0      0   1512   1410   2170      6      0 
    0     42     32     37      -      -      -      -      -      -   1512    210      0      1      0 
    1    237     65     67     98     16      0      0      0      0   1512   1410   2170      6      0 
    0     41     32     37      -      -      -      -      -      -   1512    210      0      1      0 
    1    238     65     67     98     16      0      0      0      0   1512   1410   2170      6      0 
    0     42     32     37      -      -      -      -      -      -   1512    210      0      1      0 
    1    242     65     67     98     16      0      0      0      0   1512   1410   2170      6      0 
    0     42     32     35      -      -      -      -      -      -   1512    210      0      1      0 
    1    236     64     67     98     16      0      0      0      0   1512   1410   2170      6      0 
    0     42     32     35      -      -      -      -      -      -   1512    210      0      1      0 
    1    236     65     67     98     16      0      0      0      0   1512   1410   2170      6      0 
    0     41     32     37      -      -      -      -      -      -   1512    210      0      1      0 
    1    237     65     67     98     16      0      0      0      0   1512   1410   2170      6      0 
    0     41     32     37      -      -      -      -      -      -   1512    210      0      1      0 
    1    233     65     67     98     16      0      0      0      0   1512   1410   2170      6      0 
    0     41     32     37      -      -      -      -      -      -   1512    210      0      1      0 
    1    238     64     67     98     17      0      0      0      0   1512   1410   2170      6      0 
# gpu    pwr  gtemp  mtemp     sm    mem    enc    dec    jpg    ofa   mclk   pclk     fb   bar1   ccpm 
# Idx      W      C      C      %      %      %      %      %      %    MHz    MHz     MB     MB     MB 
    0     42     32     35      -      -      -      -      -      -   1512    210      0      1      0 
    1    226     64     67     98     16      0      0      0      0   1512   1410   2170      6      0 
    0     42     32     37      -      -      -      -      -      -   1512    210      0      1      0 
    1    237     65     67     98     16      0      0      0      0   1512   1410   2170      6      0 
    0     42     32     37      -      -      -      -      -      -   1512    210      0      1      0 
    1    234     65     67     98     16      0      0      0      0   1512   1410   2170      6      0 
    0     42     32     37      -      -      -      -      -      -   1512    210      0      1      0 
    1    231     65     67     98     17      0      0      0      0   1512   1410   2170      6      0 
    0     42     32     37      -      -      -      -      -      -   1512    210      0      1      0 
    1    236     64     67     98     16      0      0      0      0   1512   1410   2170      6      0 
    0     41     32     37      -      -      -      -      -      -   1512    210      0      1      0 
    1    236     65     67     98     16      0      0      0      0   1512   1410   2170      6      0 
    0     42     32     37      -      -      -      -      -      -   1512    210      0      1      0 
    1    235     65     67     98     16      0      0      0      0   1512   1410   2170      6      0 
    0     41     32     35      -      -      -      -      -      -   1512    210      0      1      0 
    1    236     65     67     98     16      0      0      0      0   1512   1410   2170      6      0 
    0     41     32     35      -      -      -      -      -      -   1512    210      0      1      0 
    1    234     64     67     98     17      0      0      0      0   1512   1410   2170      6      0 
    0     42     32     37      -      -      -      -      -      -   1512    210      0      1      0 
    1    239     65     67     98     16      0      0      0      0   1512   1410   2170      6      0 
    0     43     32     37      -      -      -      -      -      -   1512    210      0      1      0 
    1    244     65     67     98     16      0      0      0      0   1512   1410   2170      6      0 
    0     42     32     35      -      -      -      -      -      -   1512    210      0      1      0 
    1    241     65     67     98     16      0      0      0      0   1512   1410   2170      6      0 
    0     41     32     37      -      -      -      -      -      -   1512    210      0      1      0 
    1    233     64     67     98     16      0      0      0      0   1512   1410   2170      6      0 
    0     41     32     37      -      -      -      -      -      -   1512    210      0      1      0 
    1    243     65     67     98     16      0      0      0      0   1512   1410   2170      6      0 
    0     41     32     37      -      -      -      -      -      -   1512    210      0      1      0 
    1    235     65     67     98     16      0      0      0      0   1512   1410   2170      6      0 
    0     41     32     35      -      -      -      -      -      -   1512    210      0      1      0 
    1    238     65     67     98     16      0      0      0      0   1512   1410   2170      6      0 
    0     42     32     35      -      -      -      -      -      -   1512    210      0      1      0 
    1    239     64     67     98     16      0      0      0      0   1512   1410   2170      6      0 
    0     41     32     35      -      -      -      -      -      -   1512    210      0      1      0 
    1    235     65     67     98     17      0      0      0      0   1512   1410   2170      6      0 
    0     41     32     37      -      -      -      -      -      -   1512    210      0      1      0 
    1    243     65     67     98     16      0      0      0      0   1512   1410   2170      6      0 
    0     42     32     37      -      -      -      -      -      -   1512    210      0      1      0 
    1    236     65     67     98     16      0      0      0      0   1512   1410   2170      6      0 
    0     41     32     37      -      -      -      -      -      -   1512    210      0      1      0 
    1    236     64     67     98     16      0      0      0      0   1512   1410   2170      6      0 
    0     42     32     35      -      -      -      -      -      -   1512    210      0      1      0 
    1    241     65     67     98     16      0      0      0      0   1512   1410   2170      6      0 
# gpu    pwr  gtemp  mtemp     sm    mem    enc    dec    jpg    ofa   mclk   pclk     fb   bar1   ccpm 
# Idx      W      C      C      %      %      %      %      %      %    MHz    MHz     MB     MB     MB 
    0     42     33     37      -      -      -      -      -      -   1512    210      0      1      0 
    1    237     65     67     98     17      0      0      0      0   1512   1410   2170      6      0 
    0     41     32     37      -      -      -      -      -      -   1512    210      0      1      0 
    1    233     65     67     98     16      0      0      0      0   1512   1410   2170      6      0 
    0     41     32     37      -      -      -      -      -      -   1512    210      0      1      0 
    1    241     65     67     98     16      0      0      0      0   1512   1410   2170      6      0 
    0     42     32     37      -      -      -      -      -      -   1512    210      0      1      0 
    1    240     64     67     98     17      0      0      0      0   1512   1410   2170      6      0 
    0     42     33     37      -      -      -      -      -      -   1512    210      0      1      0 
    1    230     65     67     98     16      0      0      0      0   1512   1410   2170      6      0 
    0     42     32     37      -      -      -      -      -      -   1512    210      0      1      0 
    1    232     65     67     98     16      0      0      0      0   1512   1410   2170      6      0 
    0     42     32     37      -      -      -      -      -      -   1512    210      0      1      0 
    1    242     65     67     98     17      0      0      0      0   1512   1410   2170      6      0 
    0     42     32     35      -      -      -      -      -      -   1512    210      0      1      0 
    1    238     64     67     98     16      0      0      0      0   1512   1410   2170      6      0 
    0     42     32     35      -      -      -      -      -      -   1512    210      0      1      0 
    1    231     65     67     98     17      0      0      0      0   1512   1410   2170      6      0 
    0     41     32     37      -      -      -      -      -      -   1512    210      0      1      0 
    1    242     65     67     98     16      0      0      0      0   1512   1410   2170      6      0 
    0     43     32     37      -      -      -      -      -      -   1512    210      0      1      0 
    1    236     65     67     98     16      0      0      0      0   1512   1410   2170      6      0 
    0     41     32     35      -      -      -      -      -      -   1512    210      0      1      0 
    1    234     64     67     98     16      0      0      0      0   1512   1410   2170      6      0 
    0     41     32     37      -      -      -      -      -      -   1512    210      0      1      0 
    1    235     65     67     98     17      0      0      0      0   1512   1410   2170      6      0 
    0     42     32     37      -      -      -      -      -      -   1512    210      0      1      0 
    1    236     65     67     98     16      0      0      0      0   1512   1410   2170      6      0 
    0     41     32     37      -      -      -      -      -      -   1512    210      0      1      0 
    1    242     65     67     98     17      0      0      0      0   1512   1410   2170      6      0 
    0     42     32     37      -      -      -      -      -      -   1512    210      0      1      0 
    1    234     65     67     98     16      0      0      0      0   1512   1410   2170      6      0 
    0     42     32     37      -      -      -      -      -      -   1512    210      0      1      0 
    1    238     64     67     98     16      0      0      0      0   1512   1410   2170      6      0 
    0     41     33     37      -      -      -      -      -      -   1512    210      0      1      0 
    1    231     65     67     98     17      0      0      0      0   1512   1410   2170      6      0 
    0     42     32     37      -      -      -      -      -      -   1512    210      0      1      0 
    1    238     65     67     98     16      0      0      0      0   1512   1410   2170      6      0 
    0     41     32     37      -      -      -      -      -      -   1512    210      0      1      0 
    1    226     65     67     98     17      0      0      0      0   1512   1410   2170      6      0 
    0     42     32     37      -      -      -      -      -      -   1512    210      0      1      0 
    1    237     65     67     98     17      0      0      0      0   1512   1410   2170      6      0 
    0     41     33     37      -      -      -      -      -      -   1512    210      0      1      0 
    1    241     65     67     98     16      0      0      0      0   1512   1410   2170      6      0 
# gpu    pwr  gtemp  mtemp     sm    mem    enc    dec    jpg    ofa   mclk   pclk     fb   bar1   ccpm 
# Idx      W      C      C      %      %      %      %      %      %    MHz    MHz     MB     MB     MB 
    0     41     32     37      -      -      -      -      -      -   1512    210      0      1      0 
    1    233     65     67     98     16      0      0      0      0   1512   1410   2170      6      0 
    0     43     32     37      -      -      -      -      -      -   1512    210      0      1      0 
    1    236     65     67     98     16      0      0      0      0   1512   1410   2170      6      0 
    0     42     32     37      -      -      -      -      -      -   1512    210      0      1      0 
    1    242     64     67     98     16      0      0      0      0   1512   1410   2170      6      0 
    0     41     32     37      -      -      -      -      -      -   1512    210      0      1      0 
    1    232     65     67     98     17      0      0      0      0   1512   1410   2170      6      0 
    0     42     32     37      -      -      -      -      -      -   1512    210      0      1      0 
    1    235     65     67     98     16      0      0      0      0   1512   1410   2170      6      0 
    0     42     32     37      -      -      -      -      -      -   1512    210      0      1      0 
    1    236     65     67     98     16      0      0      0      0   1512   1410   2170      6      0 
    0     42     32     35      -      -      -      -      -      -   1512    210      0      1      0 
    1    234     64     67     98     17      0      0      0      0   1512   1410   2170      6      0 
    0     42     32     37      -      -      -      -      -      -   1512    210      0      1      0 
    1    234     65     67     98     16      0      0      0      0   1512   1410   2170      6      0 
    0     42     32     37      -      -      -      -      -      -   1512    210      0      1      0 
    1    239     65     67     98     16      0      0      0      0   1512   1410   2170      6      0 
    0     41     32     37      -      -      -      -      -      -   1512    210      0      1      0 
    1    235     65     67     98     16      0      0      0      0   1512   1410   2170      6      0 
    0     41     32     37      -      -      -      -      -      -   1512    210      0      1      0 
    1    230     64     67     98     17      0      0      0      0   1512   1410   2170      6      0 
    0     42     32     37      -      -      -      -      -      -   1512    210      0      1      0 
    1    237     65     67     98     17      0      0      0      0   1512   1410   2170      6      0 
    0     42     32     37      -      -      -      -      -      -   1512    210      0      1      0 
    1    235     65     67     98     17      0      0      0      0   1512   1410   2170      6      0 
    0     42     32     37      -      -      -      -      -      -   1512    210      0      1      0 
    1    240     65     67     98     16      0      0      0      0   1512   1410   2170      6      0 
    0     41     32     37      -      -      -      -      -      -   1512    210      0      1      0 
    1    238     64     67     98     16      0      0      0      0   1512   1410   2170      6      0 
    0     41     32     37      -      -      -      -      -      -   1512    210      0      1      0 
    1    238     65     67     98     17      0      0      0      0   1512   1410   2170      6      0 
    0     42     32     37      -      -      -      -      -      -   1512    210      0      1      0 
    1    236     65     67     98     16      0      0      0      0   1512   1410   2170      6      0 
    0     41     32     37      -      -      -      -      -      -   1512    210      0      1      0 
    1    238     65     67     98     17      0      0      0      0   1512   1410   2170      6      0 
    0     42     32     37      -      -      -      -      -      -   1512    210      0      1      0 
    1    232     64     67     98     16      0      0      0      0   1512   1410   2170      6      0 
    0     41     32     37      -      -      -      -      -      -   1512    210      0      1      0 
    1    235     65     67     98     16      0      0      0      0   1512   1410   2170      6      0 
    0     42     32     37      -      -      -      -      -      -   1512    210      0      1      0 
    1    242     65     67     98     17      0      0      0      0   1512   1410   2170      6      0 
    0     42     32     37      -      -      -      -      -      -   1512    210      0      1      0 
    1    239     65     67     98     16      0      0      0      0   1512   1410   2170      6      0 
# gpu    pwr  gtemp  mtemp     sm    mem    enc    dec    jpg    ofa   mclk   pclk     fb   bar1   ccpm 
# Idx      W      C      C      %      %      %      %      %      %    MHz    MHz     MB     MB     MB 
    0     42     32     37      -      -      -      -      -      -   1512    210      0      1      0 
    1    238     64     67     98     16      0      0      0      0   1512   1410   2170      6      0 
    0     41     32     37      -      -      -      -      -      -   1512    210      0      1      0 
    1    234     64     67     98     16      0      0      0      0   1512   1410   2170      6      0 
    0     42     32     37      -      -      -      -      -      -   1512    210      0      1      0 
    1    241     65     67     98     17      0      0      0      0   1512   1410   2170      6      0 
    0     41     32     37      -      -      -      -      -      -   1512    210      0      1      0 
    1    234     65     67     98     17      0      0      0      0   1512   1410   2170      6      0 
    0     41     32     37      -      -      -      -      -      -   1512    210      0      1      0 
    1    238     65     67     98     16      0      0      0      0   1512   1410   2170      6      0 
    0     42     32     37      -      -      -      -      -      -   1512    210      0      1      0 
    1    235     64     67     98     16      0      0      0      0   1512   1410   2170      6      0 
    0     42     32     37      -      -      -      -      -      -   1512    210      0      1      0 
    1    237     65     67     98     16      0      0      0      0   1512   1410   2170      6      0 
    0     41     32     37      -      -      -      -      -      -   1512    210      0      1      0 
    1    232     65     67     98     17      0      0      0      0   1512   1410   2170      6      0 
    0     42     32     37      -      -      -      -      -      -   1512    210      0      1      0 
    1    240     65     67     98     17      0      0      0      0   1512   1410   2170      6      0 
    0     41     32     37      -      -      -      -      -      -   1512    210      0      1      0 
    1    239     64     67     98     17      0      0      0      0   1512   1410   2170      6      0 
    0     42     32     37      -      -      -      -      -      -   1512    210      0      1      0 
    1    239     65     67     98     16      0      0      0      0   1512   1410   2170      6      0 
    0     41     32     37      -      -      -      -      -      -   1512    210      0      1      0 
    1    236     65     67     98     16      0      0      0      0   1512   1410   2170      6      0 
    0     42     32     37      -      -      -      -      -      -   1512    210      0      1      0 
    1    241     65     67     98     17      0      0      0      0   1512   1410   2170      6      0 
    0     41     32     37      -      -      -      -      -      -   1512    210      0      1      0 
    1    236     64     67     98     16      0      0      0      0   1512   1410   2170      6      0 
    0     42     32     37      -      -      -      -      -      -   1512    210      0      1      0 
    1    241     65     67     98     16      0      0      0      0   1512   1410   2170      6      0 
    0     42     32     37      -      -      -      -      -      -   1512    210      0      1      0 
    1    234     65     67     98     16      0      0      0      0   1512   1410   2170      6      0 
    0     41     32     37      -      -      -      -      -      -   1512    210      0      1      0 
    1    234     65     67     98     17      0      0      0      0   1512   1410   2170      6      0 
    0     41     32     35      -      -      -      -      -      -   1512    210      0      1      0 
    1    240     64     67     98     17      0      0      0      0   1512   1410   2170      6      0 
    0     41     32     37      -      -      -      -      -      -   1512    210      0      1      0 
    1    241     65     67     98     16      0      0      0      0   1512   1410   2170      6      0 
    0     42     32     37      -      -      -      -      -      -   1512    210      0      1      0 
    1    234     65     67     98     16      0      0      0      0   1512   1410   2170      6      0 
    0     42     32     37      -      -      -      -      -      -   1512    210      0      1      0 
    1    231     65     67     98     16      0      0      0      0   1512   1410   2170      6      0 
    0     42     32     37      -      -      -      -      -      -   1512    210      0      1      0 
    1    238     65     67     98     17      0      0      0      0   1512   1410   2170      6      0 
# gpu    pwr  gtemp  mtemp     sm    mem    enc    dec    jpg    ofa   mclk   pclk     fb   bar1   ccpm 
# Idx      W      C      C      %      %      %      %      %      %    MHz    MHz     MB     MB     MB 
    0     42     32     37      -      -      -      -      -      -   1512    210      0      1      0 
    1    236     64     67     98     16      0      0      0      0   1512   1410   2170      6      0 
    0     41     32     37      -      -      -      -      -      -   1512    210      0      1      0 
    1    240     65     67     98     16      0      0      0      0   1512   1410   2170      6      0 
    0     42     32     37      -      -      -      -      -      -   1512    210      0      1      0 
    1    235     65     67     98     17      0      0      0      0   1512   1410   2170      6      0 
    0     42     32     35      -      -      -      -      -      -   1512    210      0      1      0 
    1    242     65     67     98     16      0      0      0      0   1512   1410   2170      6      0 
    0     41     32     35      -      -      -      -      -      -   1512    210      0      1      0 
    1    238     64     67     98     16      0      0      0      0   1512   1410   2170      6      0 
    0     42     32     37      -      -      -      -      -      -   1512    210      0      1      0 
    1    239     65     67     98     16      0      0      0      0   1512   1410   2170      6      0 
    0     41     32     37      -      -      -      -      -      -   1512    210      0      1      0 
    1    238     65     67     98     16      0      0      0      0   1512   1410   2170      6      0 
    0     42     32     37      -      -      -      -      -      -   1512    210      0      1      0 
    1    231     65     67     98     17      0      0      0      0   1512   1410   2170      6      0 
    0     42     32     37      -      -      -      -      -      -   1512    210      0      1      0 
    1    237     64     67     98     16      0      0      0      0   1512   1410   2170      6      0 
    0     42     32     37      -      -      -      -      -      -   1512    210      0      1      0 
    1    233     65     67     98     16      0      0      0      0   1512   1410   2170      6      0 
    0     41     32     37      -      -      -      -      -      -   1512    210      0      1      0 
    1    241     65     67     98     16      0      0      0      0   1512   1410   2170      6      0 
    0     41     32     37      -      -      -      -      -      -   1512    210      0      1      0 
    1    237     65     67     98     17      0      0      0      0   1512   1410   2170      6      0 
    0     41     32     37      -      -      -      -      -      -   1512    210      0      1      0 
    1    236     64     67     98     16      0      0      0      0   1512   1410   2170      6      0 
    0     41     32     37      -      -      -      -      -      -   1512    210      0      1      0 
    1    235     65     67     98     17      0      0      0      0   1512   1410   2170      6      0 
    0     42     33     37      -      -      -      -      -      -   1512    210      0      1      0 
    1    243     65     67     98     16      0      0      0      0   1512   1410   2170      6      0 
    0     42     32     37      -      -      -      -      -      -   1512    210      0      1      0 
    1    240     65     67     98     16      0      0      0      0   1512   1410   2170      6      0 
    0     41     32     37      -      -      -      -      -      -   1512    210      0      1      0 
    1    234     65     67     98     16      0      0      0      0   1512   1410   2170      6      0 
    0     42     32     37      -      -      -      -      -      -   1512    210      0      1      0 
    1    233     65     67     98     16      0      0      0      0   1512   1410   2170      6      0 
    0     41     32     37      -      -      -      -      -      -   1512    210      0      1      0 
    1    237     65     67     98     16      0      0      0      0   1512   1410   2170      6      0 
    0     42     32     37      -      -      -      -      -      -   1512    210      0      1      0 
    1    232     65     67     98     17      0      0      0      0   1512   1410   2170      6      0 
    0     42     32     37      -      -      -      -      -      -   1512    210      0      1      0 
    1    235     65     67     98     17      0      0      0      0   1512   1410   2170      6      0 
    0     42     32     35      -      -      -      -      -      -   1512    210      0      1      0 
    1    243     64     67     98     17      0      0      0      0   1512   1410   2170      6      0 
# gpu    pwr  gtemp  mtemp     sm    mem    enc    dec    jpg    ofa   mclk   pclk     fb   bar1   ccpm 
# Idx      W      C      C      %      %      %      %      %      %    MHz    MHz     MB     MB     MB 
    0     42     32     37      -      -      -      -      -      -   1512    210      0      1      0 
    1    237     65     67     98     16      0      0      0      0   1512   1410   2170      6      0 
    0     41     32     37      -      -      -      -      -      -   1512    210      0      1      0 
    1    228     65     67     98     16      0      0      0      0   1512   1410   2170      6      0 
    0     42     32     37      -      -      -      -      -      -   1512    210      0      1      0 
    1    236     65     67     98     17      0      0      0      0   1512   1410   2170      6      0 
    0     42     32     35      -      -      -      -      -      -   1512    210      0      1      0 
    1    240     64     67     98     16      0      0      0      0   1512   1410   2170      6      0 
    0     43     32     37      -      -      -      -      -      -   1512    210      0      1      0 
    1    241     65     67     98     16      0      0      0      0   1512   1410   2170      6      0 
    0     41     33     37      -      -      -      -      -      -   1512    210      0      1      0 
    1    238     65     67     98     16      0      0      0      0   1512   1410   2170      6      0 
    0     41     32     37      -      -      -      -      -      -   1512    210      0      1      0 
    1    233     65     67     98     16      0      0      0      0   1512   1410   2170      6      0 
    0     42     32     37      -      -      -      -      -      -   1512    210      0      1      0 
    1    237     64     67     98     18      0      0      0      0   1512   1410   2170      6      0 
    0     42     32     37      -      -      -      -      -      -   1512    210      0      1      0 
    1    238     64     67     98     16      0      0      0      0   1512   1410   2170      6      0 
    0     41     32     37      -      -      -      -      -      -   1512    210      0      1      0 
    1    229     65     67     98     16      0      0      0      0   1512   1410   2170      6      0 
    0     42     32     37      -      -      -      -      -      -   1512    210      0      1      0 
    1    235     65     67     98     16      0      0      0      0   1512   1410   2170      6      0 
    0     41     32     37      -      -      -      -      -      -   1512    210      0      1      0 
    1    234     65     67     98     17      0      0      0      0   1512   1410   2170      6      0 
    0     42     32     37      -      -      -      -      -      -   1512    210      0      1      0 
    1    237     64     67     98     17      0      0      0      0   1512   1410   2170      6      0 
    0     42     32     37      -      -      -      -      -      -   1512    210      0      1      0 
    1    239     65     67     98     16      0      0      0      0   1512   1410   2170      6      0 
    0     41     33     37      -      -      -      -      -      -   1512    210      0      1      0 
    1    237     65     67     98     16      0      0      0      0   1512   1410   2170      6      0 
    0     41     32     37      -      -      -      -      -      -   1512    210      0      1      0 
    1    237     65     67     98     16      0      0      0      0   1512   1410   2170      6      0 
    0     41     32     37      -      -      -      -      -      -   1512    210      0      1      0 
    1    241     64     67     98     17      0      0      0      0   1512   1410   2170      6      0 
    0     42     32     37      -      -      -      -      -      -   1512    210      0      1      0 
    1    238     65     67     98     16      0      0      0      0   1512   1410   2170      6      0 
    0     41     33     37      -      -      -      -      -      -   1512    210      0      1      0 
    1    232     65     67     98     16      0      0      0      0   1512   1410   2170      6      0 
    0     41     32     37      -      -      -      -      -      -   1512    210      0      1      0 
    1    231     65     67     98     16      0      0      0      0   1512   1410   2170      6      0 
    0     42     32     37      -      -      -      -      -      -   1512    210      0      1      0 
    1    236     65     67     98     17      0      0      0      0   1512   1410   2170      6      0 
    0     41     32     37      -      -      -      -      -      -   1512    210      0      1      0 
    1    234     65     67     98     16      0      0      0      0   1512   1410   2170      6      0 
# gpu    pwr  gtemp  mtemp     sm    mem    enc    dec    jpg    ofa   mclk   pclk     fb   bar1   ccpm 
# Idx      W      C      C      %      %      %      %      %      %    MHz    MHz     MB     MB     MB 
    0     41     33     37      -      -      -      -      -      -   1512    210      0      1      0 
    1    238     65     67     98     16      0      0      0      0   1512   1410   2170      6      0 
    0     42     33     37      -      -      -      -      -      -   1512    210      0      1      0 
    1    236     65     67     98     16      0      0      0      0   1512   1410   2170      6      0 
    0     42     32     37      -      -      -      -      -      -   1512    210      0      1      0 
    1    236     65     67     98     16      0      0      0      0   1512   1410   2170      6      0 
    0     42     32     37      -      -      -      -      -      -   1512    210      0      1      0 
    1    236     64     67     98     16      0      0      0      0   1512   1410   2170      6      0 
    0     42     33     37      -      -      -      -      -      -   1512    210      0      1      0 
    1    226     65     67     98     17      0      0      0      0   1512   1410   2170      6      0 
    0     42     33     37      -      -      -      -      -      -   1512    210      0      1      0 
    1    230     65     67     98     16      0      0      0      0   1512   1410   2170      6      0 
    0     42     32     37      -      -      -      -      -      -   1512    210      0      1      0 
    1    230     65     67     98     17      0      0      0      0   1512   1410   2170      6      0 
    0     41     32     37      -      -      -      -      -      -   1512    210      0      1      0 
    1    232     64     67     98     16      0      0      0      0   1512   1410   2170      6      0 
    0     42     32     37      -      -      -      -      -      -   1512    210      0      1      0 
    1    234     65     67     98     16      0      0      0      0   1512   1410   2170      6      0 
    0     42     33     37      -      -      -      -      -      -   1512    210      0      1      0 
    1    227     65     67     98     16      0      0      0      0   1512   1410   2170      6      0 
    0     42     32     37      -      -      -      -      -      -   1512    210      0      1      0 
    1    240     65     67     98     16      0      0      0      0   1512   1410   2170      6      0 
    0     41     32     37      -      -      -      -      -      -   1512    210      0      1      0 
    1    238     64     67     98     17      0      0      0      0   1512   1410   2170      6      0 
    0     42     32     37      -      -      -      -      -      -   1512    210      0      1      0 
    1    231     65     67     98     17      0      0      0      0   1512   1410   2170      6      0 
    0     41     33     37      -      -      -      -      -      -   1512    210      0      1      0 
    1    242     65     67     98     16      0      0      0      0   1512   1410   2170      6      0 
    0     42     32     37      -      -      -      -      -      -   1512    210      0      1      0 
    1    235     65     67     98     16      0      0      0      0   1512   1410   2170      6      0 
    0     42     32     37      -      -      -      -      -      -   1512    210      0      1      0 
    1    232     65     67     98     16      0      0      0      0   1512   1410   2170      6      0 
    0     42     32     37      -      -      -      -      -      -   1512    210      0      1      0 
    1    237     65     67     98     17      0      0      0      0   1512   1410   2170      6      0 
    0     42     33     37      -      -      -      -      -      -   1512    210      0      1      0 
    1    239     65     67     98     16      0      0      0      0   1512   1410   2170      6      0 
    0     42     32     37      -      -      -      -      -      -   1512    210      0      1      0 
    1    238     65     67     98     16      0      0      0      0   1512   1410   2170      6      0 
    0     41     32     35      -      -      -      -      -      -   1512    210      0      1      0 
    1    232     64     67     98     17      0      0      0      0   1512   1410   2170      6      0 
    0     41     32     35      -      -      -      -      -      -   1512    210      0      1      0 
    1    237     65     67     98     16      0      0      0      0   1512   1410   2170      6      0 
    0     42     33     37      -      -      -      -      -      -   1512    210      0      1      0 
    1    227     65     67     98     16      0      0      0      0   1512   1410   2170      6      0 
# gpu    pwr  gtemp  mtemp     sm    mem    enc    dec    jpg    ofa   mclk   pclk     fb   bar1   ccpm 
# Idx      W      C      C      %      %      %      %      %      %    MHz    MHz     MB     MB     MB 
    0     42     33     37      -      -      -      -      -      -   1512    210      0      1      0 
    1    241     65     67     98     16      0      0      0      0   1512   1410   2170      6      0 
    0     42     32     37      -      -      -      -      -      -   1512    210      0      1      0 
    1    234     65     67     98     16      0      0      0      0   1512   1410   2170      6      0 
    0     41     32     37      -      -      -      -      -      -   1512    210      0      1      0 
    1    236     64     67     98     16      0      0      0      0   1512   1410   2170      6      0 
    0     42     33     37      -      -      -      -      -      -   1512    210      0      1      0 
    1    229     65     67     98     16      0      0      0      0   1512   1410   2170      6      0 
    0     42     33     37      -      -      -      -      -      -   1512    210      0      1      0 
    1    235     65     67     98     16      0      0      0      0   1512   1410   2170      6      0 
    0     41     32     37      -      -      -      -      -      -   1512    210      0      1      0 
    1    234     65     67     98     16      0      0      0      0   1512   1410   2170      6      0 
    0     42     32     37      -      -      -      -      -      -   1512    210      0      1      0 
    1    234     64     67     98     17      0      0      0      0   1512   1410   2170      6      0 
    0     42     32     37      -      -      -      -      -      -   1512    210      0      1      0 
    1    231     65     67     98     16      0      0      0      0   1512   1410   2170      6      0 
    0     42     33     37      -      -      -      -      -      -   1512    210      0      1      0 
    1    231     65     67     98     16      0      0      0      0   1512   1410   2170      6      0 
    0     42     32     37      -      -      -      -      -      -   1512    210      0      1      0 
    1    232     65     67     98     16      0      0      0      0   1512   1410   2170      6      0 
    0     41     32     37      -      -      -      -      -      -   1512    210      0      1      0 
    1    229     64     67     98     17      0      0      0      0   1512   1410   2170      6      0 
    0     41     32     37      -      -      -      -      -      -   1512    210      0      1      0 
    1    234     64     67     98     16      0      0      0      0   1512   1410   2170      6      0 
    0     42     33     37      -      -      -      -      -      -   1512    210      0      1      0 
    1    230     65     67     98     16      0      0      0      0   1512   1410   2170      6      0 
    0     42     33     37      -      -      -      -      -      -   1512    210      0      1      0 
    1    231     65     67     98     17      0      0      0      0   1512   1410   2170      6      0 
    0     41     32     37      -      -      -      -      -      -   1512    210      0      1      0 
    1    238     65     67     98     17      0      0      0      0   1512   1410   2170      6      0 
    0     42     32     37      -      -      -      -      -      -   1512    210      0      1      0 
    1    234     64     67     98     16      0      0      0      0   1512   1410   2170      6      0 
    0     41     33     37      -      -      -      -      -      -   1512    210      0      1      0 
    1    239     65     67     98     16      0      0      0      0   1512   1410   2170      6      0 
    0     41     33     37      -      -      -      -      -      -   1512    210      0      1      0 
    1    240     65     67     98     16      0      0      0      0   1512   1410   2170      6      0 
    0     42     32     37      -      -      -      -      -      -   1512    210      0      1      0 
    1    242     65     67     98     17      0      0      0      0   1512   1410   2170      6      0 
    0     42     32     37      -      -      -      -      -      -   1512    210      0      1      0 
    1    230     64     67     98     17      0      0      0      0   1512   1410   2170      6      0 
    0     42     32     37      -      -      -      -      -      -   1512    210      0      1      0 
    1    236     65     67     98     17      0      0      0      0   1512   1410   2170      6      0 
    0     42     33     37      -      -      -      -      -      -   1512    210      0      1      0 
    1    237     65     67     98     16      0      0      0      0   1512   1410   2170      6      0 
# gpu    pwr  gtemp  mtemp     sm    mem    enc    dec    jpg    ofa   mclk   pclk     fb   bar1   ccpm 
# Idx      W      C      C      %      %      %      %      %      %    MHz    MHz     MB     MB     MB 
    0     42     32     37      -      -      -      -      -      -   1512    210      0      1      0 
    1    231     65     67     98     16      0      0      0      0   1512   1410   2170      6      0 
    0     41     32     37      -      -      -      -      -      -   1512    210      0      1      0 
    1    238     64     67     98     16      0      0      0      0   1512   1410   2170      6      0 
    0     42     32     37      -      -      -      -      -      -   1512    210      0      1      0 
    1    232     64     67     98     16      0      0      0      0   1512   1410   2170      6      0 
    0     42     33     37      -      -      -      -      -      -   1512    210      0      1      0 
    1    235     65     67     98     16      0      0      0      0   1512   1410   2170      6      0 
    0     42     32     37      -      -      -      -      -      -   1512    210      0      1      0 
    1    236     65     67     98     16      0      0      0      0   1512   1410   2170      6      0 
    0     41     32     37      -      -      -      -      -      -   1512    210      0      1      0 
    1    235     65     67     98     17      0      0      0      0   1512   1410   2170      6      0 
    0     42     32     37      -      -      -      -      -      -   1512    210      0      1      0 
    1    228     64     67     98     16      0      0      0      0   1512   1410   2170      6      0 
    0     42     32     37      -      -      -      -      -      -   1512    210      0      1      0 
    1    243     65     67     98     16      0      0      0      0   1512   1410   2170      6      0 
    0     42     33     37      -      -      -      -      -      -   1512    210      0      1      0 
    1    232     65     67     98     16      0      0      0      0   1512   1410   2170      6      0 
    0     42     32     37      -      -      -      -      -      -   1512    210      0      1      0 
    1    231     65     67     98     16      0      0      0      0   1512   1410   2170      6      0 
    0     42     32     37      -      -      -      -      -      -   1512    210      0      1      0 
    1    236     64     67     98     16      0      0      0      0   1512   1410   2170      6      0 
    0     42     32     37      -      -      -      -      -      -   1512    210      0      1      0 
    1    231     65     67     98     17      0      0      0      0   1512   1410   2170      6      0 
    0     41     32     37      -      -      -      -      -      -   1512    210      0      1      0 
    1    232     65     67     98     16      0      0      0      0   1512   1410   2170      6      0 
    0     42     32     37      -      -      -      -      -      -   1512    210      0      1      0 
    1    238     65     67     98     16      0      0      0      0   1512   1410   2170      6      0 
    0     42     32     37      -      -      -      -      -      -   1512    210      0      1      0 
    1    236     64     67     98     17      0      0      0      0   1512   1410   2170      6      0 
    0     41     32     37      -      -      -      -      -      -   1512    210      0      1      0 
    1    230     65     67     98     17      0      0      0      0   1512   1410   2170      6      0 
    0     42     32     37      -      -      -      -      -      -   1512    210      0      1      0 
    1    237     65     67     98     16      0      0      0      0   1512   1410   2170      6      0 
    0     42     32     37      -      -      -      -      -      -   1512    210      0      1      0 
    1    226     65     67     98     16      0      0      0      0   1512   1410   2170      6      0 
    0     41     32     37      -      -      -      -      -      -   1512    210      0      1      0 
    1    240     64     67     98     16      0      0      0      0   1512   1410   2170      6      0 
    0     42     32     37      -      -      -      -      -      -   1512    210      0      1      0 
    1    235     65     67     98     16      0      0      0      0   1512   1410   2170      6      0 
    0     41     32     37      -      -      -      -      -      -   1512    210      0      1      0 
    1    233     65     67     98     17      0      0      0      0   1512   1410   2170      6      0 
    0     42     32     37      -      -      -      -      -      -   1512    210      0      1      0 
    1    231     65     67     98     16      0      0      0      0   1512   1410   2170      6      0 
# gpu    pwr  gtemp  mtemp     sm    mem    enc    dec    jpg    ofa   mclk   pclk     fb   bar1   ccpm 
# Idx      W      C      C      %      %      %      %      %      %    MHz    MHz     MB     MB     MB 
    0     41     32     37      -      -      -      -      -      -   1512    210      0      1      0 
    1    223     65     67     98     16      0      0      0      0   1512   1410   2170      6      0 
    0     41     32     37      -      -      -      -      -      -   1512    210      0      1      0 
    1    234     64     67     98     16      0      0      0      0   1512   1410   2170      6      0 
    0     42     32     37      -      -      -      -      -      -   1512    210      0      1      0 
    1    236     65     67     98     16      0      0      0      0   1512   1410   2170      6      0 
    0     41     32     37      -      -      -      -      -      -   1512    210      0      1      0 
    1    237     65     67     98     16      0      0      0      0   1512   1410   2170      6      0 
    0     42     32     37      -      -      -      -      -      -   1512    210      0      1      0 
    1    235     65     67     98     17      0      0      0      0   1512   1410   2170      6      0 
    0     41     32     37      -      -      -      -      -      -   1512    210      0      1      0 
    1    231     64     67     98     16      0      0      0      0   1512   1410   2170      6      0 
    0     41     32     37      -      -      -      -      -      -   1512    210      0      1      0 
    1    238     65     67     98     16      0      0      0      0   1512   1410   2170      6      0 
    0     41     32     37      -      -      -      -      -      -   1512    210      0      1      0 
    1    241     65     67     98     17      0      0      0      0   1512   1410   2170      6      0 
    0     42     32     37      -      -      -      -      -      -   1512    210      0      1      0 
    1    238     65     67     98     16      0      0      0      0   1512   1410   2170      6      0 
    0     41     32     37      -      -      -      -      -      -   1512    210      0      1      0 
    1    236     64     67     98     16      0      0      0      0   1512   1410   2170      6      0 
    0     41     32     37      -      -      -      -      -      -   1512    210      0      1      0 
    1    228     65     67     98     16      0      0      0      0   1512   1410   2170      6      0 
    0     41     32     37      -      -      -      -      -      -   1512    210      0      1      0 
    1    229     65     67     98     16      0      0      0      0   1512   1410   2170      6      0 
    0     42     32     37      -      -      -      -      -      -   1512    210      0      1      0 
    1    235     65     67     98     16      0      0      0      0   1512   1410   2170      6      0 
    0     41     32     35      -      -      -      -      -      -   1512    210      0      1      0 
    1    234     64     67     98     16      0      0      0      0   1512   1410   2170      6      0 
    0     42     32     37      -      -      -      -      -      -   1512    210      0      1      0 
    1    231     65     67     98     16      0      0      0      0   1512   1410   2170      6      0 
    0     42     32     37      -      -      -      -      -      -   1512    210      0      1      0 
    1    235     65     67     98     16      0      0      0      0   1512   1410   2170      6      0 
    0     42     32     37      -      -      -      -      -      -   1512    210      0      1      0 
    1    242     65     67     98     16      0      0      0      0   1512   1410   2170      6      0 
    0     42     32     37      -      -      -      -      -      -   1512    210      0      1      0 
    1    232     65     67     98     16      0      0      0      0   1512   1410   2170      6      0 
    0     42     32     35      -      -      -      -      -      -   1512    210      0      1      0 
    1    239     64     67     98     16      0      0      0      0   1512   1410   2170      6      0 
    0     41     32     37      -      -      -      -      -      -   1512    210      0      1      0 
    1    235     65     67     98     16      0      0      0      0   1512   1410   2170      6      0 
    0     41     32     37      -      -      -      -      -      -   1512    210      0      1      0 
    1    235     65     67     98     17      0      0      0      0   1512   1410   2170      6      0 
    0     41     32     35      -      -      -      -      -      -   1512    210      0      1      0 
    1    242     65     67     98     16      0      0      0      0   1512   1410   2170      6      0 
# gpu    pwr  gtemp  mtemp     sm    mem    enc    dec    jpg    ofa   mclk   pclk     fb   bar1   ccpm 
# Idx      W      C      C      %      %      %      %      %      %    MHz    MHz     MB     MB     MB 
    0     42     32     35      -      -      -      -      -      -   1512    210      0      1      0 
    1    236     65     67     98     16      0      0      0      0   1512   1410   2170      6      0 
    0     42     32     37      -      -      -      -      -      -   1512    210      0      1      0 
    1    240     65     67     98     16      0      0      0      0   1512   1410   2170      6      0 
    0     41     32     37      -      -      -      -      -      -   1512    210      0      1      0 
    1    239     65     67     98     16      0      0      0      0   1512   1410   2170      6      0 
    0     42     32     35      -      -      -      -      -      -   1512    210      0      1      0 
    1    230     64     67     98     16      0      0      0      0   1512   1410   2170      6      0 
    0     42     32     35      -      -      -      -      -      -   1512    210      0      1      0 
    1    234     64     67     98     17      0      0      0      0   1512   1410   2170      6      0 
    0     42     32     37      -      -      -      -      -      -   1512    210      0      1      0 
    1    239     65     67     98     17      0      0      0      0   1512   1410   2170      6      0 
    0     41     32     37      -      -      -      -      -      -   1512    210      0      1      0 
    1    237     65     67     98     16      0      0      0      0   1512   1410   2170      6      0 
    0     42     32     35      -      -      -      -      -      -   1512    210      0      1      0 
    1    236     65     67     98     16      0      0      0      0   1512   1410   2170      6      0 
    0     42     32     35      -      -      -      -      -      -   1512    210      0      1      0 
    1    234     64     67     98     17      0      0      0      0   1512   1410   2170      6      0 
    0     42     32     35      -      -      -      -      -      -   1512    210      0      1      0 
    1    240     65     67     98     17      0      0      0      0   1512   1410   2170      6      0 
    0     42     32     37      -      -      -      -      -      -   1512    210      0      1      0 
    1    232     65     67     98     16      0      0      0      0   1512   1410   2170      6      0 
    0     41     32     37      -      -      -      -      -      -   1512    210      0      1      0 
    1    242     65     67     98     17      0      0      0      0   1512   1410   2170      6      0 
    0     42     32     35      -      -      -      -      -      -   1512    210      0      1      0 
    1    229     64     67     98     17      0      0      0      0   1512   1410   2170      6      0 
    0     41     32     35      -      -      -      -      -      -   1512    210      0      1      0 
    1    236     65     67     98     17      0      0      0      0   1512   1410   2170      6      0 
    0     43     32     37      -      -      -      -      -      -   1512    210      0      1      0 
    1    242     65     67     98     16      0      0      0      0   1512   1410   2170      6      0 
    0     42     32     37      -      -      -      -      -      -   1512    210      0      1      0 
    1    236     65     67     98     16      0      0      0      0   1512   1410   2170      6      0 
    0     42     32     37      -      -      -      -      -      -   1512    210      0      1      0 
    1    239     64     67     98     17      0      0      0      0   1512   1410   2170      6      0 
    0     42     32     37      -      -      -      -      -      -   1512    210      0      1      0 
    1    234     65     67     98     16      0      0      0      0   1512   1410   2170      6      0 
    0     42     32     37      -      -      -      -      -      -   1512    210      0      1      0 
    1    237     65     67     98     17      0      0      0      0   1512   1410   2170      6      0 
    0     42     32     37      -      -      -      -      -      -   1512    210      0      1      0 
    1    234     65     67     98     16      0      0      0      0   1512   1410   2170      6      0 
    0     41     32     35      -      -      -      -      -      -   1512    210      0      1      0 
    1    235     64     67     98     16      0      0      0      0   1512   1410   2170      6      0 
    0     42     32     35      -      -      -      -      -      -   1512    210      0      1      0 
    1    236     65     67     98     16      0      0      0      0   1512   1410   2170      6      0 
# gpu    pwr  gtemp  mtemp     sm    mem    enc    dec    jpg    ofa   mclk   pclk     fb   bar1   ccpm 
# Idx      W      C      C      %      %      %      %      %      %    MHz    MHz     MB     MB     MB 
    0     42     32     37      -      -      -      -      -      -   1512    210      0      1      0 
    1    241     65     67     98     16      0      0      0      0   1512   1410   2170      6      0 
    0     42     32     37      -      -      -      -      -      -   1512    210      0      1      0 
    1    240     65     67     98     16      0      0      0      0   1512   1410   2170      6      0 
    0     41     32     37      -      -      -      -      -      -   1512    210      0      1      0 
    1    234     65     67     98     17      0      0      0      0   1512   1410   2170      6      0 
    0     41     32     37      -      -      -      -      -      -   1512    210      0      1      0 
    1    237     64     67     98     17      0      0      0      0   1512   1410   2170      6      0 
    0     42     32     37      -      -      -      -      -      -   1512    210      0      1      0 
    1    232     65     67     98     16      0      0      0      0   1512   1410   2170      6      0 
    0     42     32     35      -      -      -      -      -      -   1512    210      0      1      0 
    1    233     65     67     98     16      0      0      0      0   1512   1410   2170      6      0 
    0     42     32     37      -      -      -      -      -      -   1512    210      0      1      0 
    1    242     65     67     98     17      0      0      0      0   1512   1410   2170      6      0 
    0     42     32     37      -      -      -      -      -      -   1512    210      0      1      0 
    1    233     64     67     98     17      0      0      0      0   1512   1410   2170      6      0 
    0     42     32     37      -      -      -      -      -      -   1512    210      0      1      0 
    1    234     65     67     98     16      0      0      0      0   1512   1410   2170      6      0 
    0     42     33     37      -      -      -      -      -      -   1512    210      0      1      0 
    1    226     65     67     98     16      0      0      0      0   1512   1410   2170      6      0 
    0     41     32     37      -      -      -      -      -      -   1512    210      0      1      0 
    1    240     65     67     98     16      0      0      0      0   1512   1410   2170      6      0 
    0     42     32     37      -      -      -      -      -      -   1512    210      0      1      0 
    1    241     64     67     98     16      0      0      0      0   1512   1410   2170      6      0 
    0     42     32     37      -      -      -      -      -      -   1512    210      0      1      0 
    1    236     65     67     98     16      0      0      0      0   1512   1410   2170      6      0 
    0     42     33     37      -      -      -      -      -      -   1512    210      0      1      0 
    1    249     65     67     98     16      0      0      0      0   1512   1410   2170      6      0 
    0     42     32     37      -      -      -      -      -      -   1512    210      0      1      0 
    1    235     65     67     98     16      0      0      0      0   1512   1410   2170      6      0 
    0     42     32     35      -      -      -      -      -      -   1512    210      0      1      0 
    1    236     65     67     98     17      0      0      0      0   1512   1410   2170      6      0 
    0     42     32     37      -      -      -      -      -      -   1512    210      0      1      0 
    1    238     64     67     98     17      0      0      0      0   1512   1410   2170      6      0 
    0     42     33     37      -      -      -      -      -      -   1512    210      0      1      0 
    1    235     65     67     98     17      0      0      0      0   1512   1410   2170      6      0 
    0     42     33     37      -      -      -      -      -      -   1512    210      0      1      0 
    1    242     65     67     98     16      0      0      0      0   1512   1410   2170      6      0 
    0     42     32     37      -      -      -      -      -      -   1512    210      0      1      0 
    1    240     65     67     98     16      0      0      0      0   1512   1410   2170      6      0 
    0     42     32     37      -      -      -      -      -      -   1512    210      0      1      0 
    1    232     64     67     98     16      0      0      0      0   1512   1410   2170      6      0 
    0     42     32     37      -      -      -      -      -      -   1512    210      0      1      0 
    1    238     65     67     98     17      0      0      0      0   1512   1410   2170      6      0 
# gpu    pwr  gtemp  mtemp     sm    mem    enc    dec    jpg    ofa   mclk   pclk     fb   bar1   ccpm 
# Idx      W      C      C      %      %      %      %      %      %    MHz    MHz     MB     MB     MB 
    0     41     33     37      -      -      -      -      -      -   1512    210      0      1      0 
    1    232     65     67     98     17      0      0      0      0   1512   1410   2170      6      0 
    0     42     32     37      -      -      -      -      -      -   1512    210      0      1      0 
    1    239     65     67     98     17      0      0      0      0   1512   1410   2170      6      0 
    0     42     32     37      -      -      -      -      -      -   1512    210      0      1      0 
    1    231     64     67     98     16      0      0      0      0   1512   1410   2170      6      0 
    0     42     32     37      -      -      -      -      -      -   1512    210      0      1      0 
    1    236     65     67     98     16      0      0      0      0   1512   1410   2170      6      0 
    0     41     33     37      -      -      -      -      -      -   1512    210      0      1      0 
    1    234     65     67     98     16      0      0      0      0   1512   1410   2170      6      0 
    0     42     32     37      -      -      -      -      -      -   1512    210      0      1      0 
    1    234     65     67     98     16      0      0      0      0   1512   1410   2170      6      0 
    0     41     32     37      -      -      -      -      -      -   1512    210      0      1      0 
    1    229     64     67     98     16      0      0      0      0   1512   1410   2170      6      0 
    0     42     32     37      -      -      -      -      -      -   1512    210      0      1      0 
    1    233     64     67     98     17      0      0      0      0   1512   1410   2170      6      0 
    0     42     33     37      -      -      -      -      -      -   1512    210      0      1      0 
    1    226     65     67     98     17      0      0      0      0   1512   1410   2170      6      0 
    0     41     32     37      -      -      -      -      -      -   1512    210      0      1      0 
    1    238     65     67     98     16      0      0      0      0   1512   1410   2170      6      0 
    0     41     32     37      -      -      -      -      -      -   1512    210      0      1      0 
    1    237     64     67     98     16      0      0      0      0   1512   1410   2170      6      0 
    0     42     32     37      -      -      -      -      -      -   1512    210      0      1      0 
    1    233     65     67     98     16      0      0      0      0   1512   1410   2170      6      0 
    0     43     33     37      -      -      -      -      -      -   1512    210      0      1      0 
    1    234     65     67     98     16      0      0      0      0   1512   1410   2170      6      0 
    0     42     32     37      -      -      -      -      -      -   1512    210      0      1      0 
    1    236     65     67     98     16      0      0      0      0   1512   1410   2170      6      0 
    0     42     32     37      -      -      -      -      -      -   1512    210      0      1      0 
    1    242     65     67     98     16      0      0      0      0   1512   1410   2170      6      0 
    0     41     32     35      -      -      -      -      -      -   1512    210      0      1      0 
    1    230     64     67     98     16      0      0      0      0   1512   1410   2170      6      0 
    0     41     33     37      -      -      -      -      -      -   1512    210      0      1      0 
    1    241     65     67     98     16      0      0      0      0   1512   1410   2170      6      0 
    0     42     32     37      -      -      -      -      -      -   1512    210      0      1      0 
    1    236     65     67     98     16      0      0      0      0   1512   1410   2170      6      0 
    0     41     32     37      -      -      -      -      -      -   1512    210      0      1      0 
    1    235     65     67     98     16      0      0      0      0   1512   1410   2170      6      0 
    0     41     32     37      -      -      -      -      -      -   1512    210      0      1      0 
    1    239     64     67     98     16      0      0      0      0   1512   1410   2170      6      0 
    0     42     32     37      -      -      -      -      -      -   1512    210      0      1      0 
    1    238     65     67     98     16      0      0      0      0   1512   1410   2170      6      0 
    0     41     33     37      -      -      -      -      -      -   1512    210      0      1      0 
    1    237     65     67     98     16      0      0      0      0   1512   1410   2170      6      0 
# gpu    pwr  gtemp  mtemp     sm    mem    enc    dec    jpg    ofa   mclk   pclk     fb   bar1   ccpm 
# Idx      W      C      C      %      %      %      %      %      %    MHz    MHz     MB     MB     MB 
    0     41     32     37      -      -      -      -      -      -   1512    210      0      1      0 
    1    240     65     67     98     16      0      0      0      0   1512   1410   2170      6      0 
    0     42     32     35      -      -      -      -      -      -   1512    210      0      1      0 
    1    238     64     67     98     17      0      0      0      0   1512   1410   2170      6      0 
    0     42     32     35      -      -      -      -      -      -   1512    210      0      1      0 
    1    229     65     67     98     16      0      0      0      0   1512   1410   2170      6      0 
    0     42     33     37      -      -      -      -      -      -   1512    210      0      1      0 
    1    231     65     67     98     16      0      0      0      0   1512   1410   2170      6      0 
    0     42     32     37      -      -      -      -      -      -   1512    210      0      1      0 
    1    234     65     67     98     16      0      0      0      0   1512   1410   2170      6      0 
    0     42     32     37      -      -      -      -      -      -   1512    210      0      1      0 
    1    240     64     67     98     16      0      0      0      0   1512   1410   2170      6      0 
    0     42     32     37      -      -      -      -      -      -   1512    210      0      1      0 
    1    239     65     67     98     17      0      0      0      0   1512   1410   2170      6      0 
    0     42     33     37      -      -      -      -      -      -   1512    210      0      1      0 
    1    229     65     67     98     16      0      0      0      0   1512   1410   2170      6      0 
    0     41     32     37      -      -      -      -      -      -   1512    210      0      1      0 
    1    229     65     67     98     17      0      0      0      0   1512   1410   2170      6      0 
    0     42     32     37      -      -      -      -      -      -   1512    210      0      1      0 
    1    238     65     67     98     17      0      0      0      0   1512   1410   2170      6      0 
    0     42     32     37      -      -      -      -      -      -   1512    210      0      1      0 
    1    240     64     67     98     16      0      0      0      0   1512   1410   2170      6      0 
    0     42     32     37      -      -      -      -      -      -   1512    210      0      1      0 
    1    240     65     67     98     16      0      0      0      0   1512   1410   2170      6      0 
    0     42     32     37      -      -      -      -      -      -   1512    210      0      1      0 
    1    240     65     67     98     16      0      0      0      0   1512   1410   2170      6      0 
    0     41     32     37      -      -      -      -      -      -   1512    210      0      1      0 
    1    237     65     67     98     17      0      0      0      0   1512   1410   2170      6      0 
    0     42     32     35      -      -      -      -      -      -   1512    210      0      1      0 
    1    230     64     67     98     17      0      0      0      0   1512   1410   2170      6      0 
    0     41     33     37      -      -      -      -      -      -   1512    210      0      1      0 
    1    235     65     67     98     16      0      0      0      0   1512   1410   2170      6      0 
    0     41     32     37      -      -      -      -      -      -   1512    210      0      1      0 
    1    238     65     67     98     16      0      0      0      0   1512   1410   2170      6      0 
    0     42     32     37      -      -      -      -      -      -   1512    210      0      1      0 
    1    242     65     67     98     17      0      0      0      0   1512   1410   2170      6      0 
    0     41     32     37      -      -      -      -      -      -   1512    210      0      1      0 
    1    234     64     67     98     17      0      0      0      0   1512   1410   2170      6      0 
    0     41     32     37      -      -      -      -      -      -   1512    210      0      1      0 
    1    240     65     67     98     16      0      0      0      0   1512   1410   2170      6      0 
    0     42     32     37      -      -      -      -      -      -   1512    210      0      1      0 
    1    241     65     67     98     16      0      0      0      0   1512   1410   2170      6      0 
    0     42     32     37      -      -      -      -      -      -   1512    210      0      1      0 
    1    243     65     67     98     17      0      0      0      0   1512   1410   2170      6      0 
# gpu    pwr  gtemp  mtemp     sm    mem    enc    dec    jpg    ofa   mclk   pclk     fb   bar1   ccpm 
# Idx      W      C      C      %      %      %      %      %      %    MHz    MHz     MB     MB     MB 
    0     42     32     37      -      -      -      -      -      -   1512    210      0      1      0 
    1    234     64     67     98     16      0      0      0      0   1512   1410   2170      6      0 
    0     41     32     37      -      -      -      -      -      -   1512    210      0      1      0 
    1    227     65     67     98     16      0      0      0      0   1512   1410   2170      6      0 
    0     42     32     37      -      -      -      -      -      -   1512    210      0      1      0 
    1    241     65     67     98     16      0      0      0      0   1512   1410   2170      6      0 
    0     42     32     37      -      -      -      -      -      -   1512    210      0      1      0 
    1    240     65     67     98     16      0      0      0      0   1512   1410   2170      6      0 
    0     42     32     37      -      -      -      -      -      -   1512    210      0      1      0 
    1    235     65     67     98     16      0      0      0      0   1512   1410   2170      6      0 
    0     41     32     37      -      -      -      -      -      -   1512    210      0      1      0 
    1    234     64     67     98     16      0      0      0      0   1512   1410   2170      6      0 
    0     42     32     37      -      -      -      -      -      -   1512    210      0      1      0 
    1    234     65     67     98     17      0      0      0      0   1512   1410   2170      6      0 
    0     41     32     37      -      -      -      -      -      -   1512    210      0      1      0 
    1    239     65     67     98     16      0      0      0      0   1512   1410   2170      6      0 
    0     41     32     37      -      -      -      -      -      -   1512    210      0      1      0 
    1    236     65     67     98     16      0      0      0      0   1512   1410   2170      6      0 
    0     42     32     37      -      -      -      -      -      -   1512    210      0      1      0 
    1    235     64     67     98     16      0      0      0      0   1512   1410   2170      6      0 
    0     42     32     37      -      -      -      -      -      -   1512    210      0      1      0 
    1    241     65     67     98     16      0      0      0      0   1512   1410   2170      6      0 
    0     42     32     37      -      -      -      -      -      -   1512    210      0      1      0 
    1    236     65     67     98     16      0      0      0      0   1512   1410   2170      6      0 
    0     42     32     37      -      -      -      -      -      -   1512    210      0      1      0 
    1    242     65     67     98     16      0      0      0      0   1512   1410   2170      6      0 
    0     42     32     37      -      -      -      -      -      -   1512    210      0      1      0 
    1    227     65     67     98     16      0      0      0      0   1512   1410   2170      6      0 
    0     42     32     35      -      -      -      -      -      -   1512    210      0      1      0 
    1    230     64     67     98     16      0      0      0      0   1512   1410   2170      6      0 
    0     42     32     37      -      -      -      -      -      -   1512    210      0      1      0 
    1    236     65     67     98     16      0      0      0      0   1512   1410   2170      6      0 
    0     41     32     37      -      -      -      -      -      -   1512    210      0      1      0 
    1    235     65     67     98     16      0      0      0      0   1512   1410   2170      6      0 
    0     42     32     37      -      -      -      -      -      -   1512    210      0      1      0 
    1    241     65     67     98     16      0      0      0      0   1512   1410   2170      6      0 
    0     42     32     37      -      -      -      -      -      -   1512    210      0      1      0 
    1    230     64     67     98     16      0      0      0      0   1512   1410   2170      6      0 
    0     41     32     37      -      -      -      -      -      -   1512    210      0      1      0 
    1    234     65     67     98     16      0      0      0      0   1512   1410   2170      6      0 
    0     41     33     37      -      -      -      -      -      -   1512    210      0      1      0 
    1    243     65     67     98     16      0      0      0      0   1512   1410   2170      6      0 
    0     41     32     37      -      -      -      -      -      -   1512    210      0      1      0 
    1    236     65     67     98     16      0      0      0      0   1512   1410   2170      6      0 
# gpu    pwr  gtemp  mtemp     sm    mem    enc    dec    jpg    ofa   mclk   pclk     fb   bar1   ccpm 
# Idx      W      C      C      %      %      %      %      %      %    MHz    MHz     MB     MB     MB 
    0     42     32     37      -      -      -      -      -      -   1512    210      0      1      0 
    1    240     64     67     98     16      0      0      0      0   1512   1410   2170      6      0 
    0     42     32     37      -      -      -      -      -      -   1512    210      0      1      0 
    1    239     65     67     98     16      0      0      0      0   1512   1410   2170      6      0 
    0     42     33     37      -      -      -      -      -      -   1512    210      0      1      0 
    1    241     65     67     98     16      0      0      0      0   1512   1410   2170      6      0 
    0     42     33     37      -      -      -      -      -      -   1512    210      0      1      0 
    1    236     65     67     98     16      0      0      0      0   1512   1410   2170      6      0 
    0     42     32     37      -      -      -      -      -      -   1512    210      0      1      0 
    1    238     65     67     98     16      0      0      0      0   1512   1410   2170      6      0 
    0     42     32     37      -      -      -      -      -      -   1512    210      0      1      0 
    1    232     64     67     98     19      0      0      0      0   1512   1410   2170      6      0 
    0     42     33     37      -      -      -      -      -      -   1512    210      0      1      0 
    1    239     65     67     98     16      0      0      0      0   1512   1410   2170      6      0 
    0     42     33     37      -      -      -      -      -      -   1512    210      0      1      0 
    1    231     65     67     98     16      0      0      0      0   1512   1410   2170      6      0 
    0     42     32     37      -      -      -      -      -      -   1512    210      0      1      0 
    1    234     65     67     98     16      0      0      0      0   1512   1410   2170      6      0 
    0     41     32     37      -      -      -      -      -      -   1512    210      0      1      0 
    1    227     65     67     98     16      0      0      0      0   1512   1410   2170      6      0 
    0     42     32     37      -      -      -      -      -      -   1512    210      0      1      0 
    1    236     65     67     98     17      0      0      0      0   1512   1410   2170      6      0 
    0     42     33     37      -      -      -      -      -      -   1512    210      0      1      0 
    1    235     65     67     98     16      0      0      0      0   1512   1410   2170      6      0 
    0     41     33     37      -      -      -      -      -      -   1512    210      0      1      0 
    1    230     65     67     98     16      0      0      0      0   1512   1410   2170      6      0 
    0     41     32     37      -      -      -      -      -      -   1512    210      0      1      0 
    1    234     65     67     98     17      0      0      0      0   1512   1410   2170      6      0 
    0     42     32     35      -      -      -      -      -      -   1512    210      0      1      0 
    1    231     64     67     98     17      0      0      0      0   1512   1410   2170      6      0 
    0     41     33     37      -      -      -      -      -      -   1512    210      0      1      0 
    1    230     65     67     98     16      0      0      0      0   1512   1410   2170      6      0 
    0     42     33     37      -      -      -      -      -      -   1512    210      0      1      0 
    1    241     65     67     98     17      0      0      0      0   1512   1410   2170      6      0 
    0     42     32     37      -      -      -      -      -      -   1512    210      0      1      0 
    1    235     65     67     98     17      0      0      0      0   1512   1410   2170      6      0 
    0     42     32     37      -      -      -      -      -      -   1512    210      0      1      0 
    1    235     64     67     98     17      0      0      0      0   1512   1410   2170      6      0 
    0     42     32     37      -      -      -      -      -      -   1512    210      0      1      0 
    1    236     65     67     98     16      0      0      0      0   1512   1410   2170      6      0 
    0     41     33     37      -      -      -      -      -      -   1512    210      0      1      0 
    1    234     65     67     98     16      0      0      0      0   1512   1410   2170      6      0 
    0     42     33     37      -      -      -      -      -      -   1512    210      0      1      0 
    1    238     65     67     98     16      0      0      0      0   1512   1410   2170      6      0 
# gpu    pwr  gtemp  mtemp     sm    mem    enc    dec    jpg    ofa   mclk   pclk     fb   bar1   ccpm 
# Idx      W      C      C      %      %      %      %      %      %    MHz    MHz     MB     MB     MB 
    0     42     32     37      -      -      -      -      -      -   1512    210      0      1      0 
    1    225     65     67     98     16      0      0      0      0   1512   1410   2170      6      0 
    0     42     32     35      -      -      -      -      -      -   1512    210      0      1      0 
    1    238     64     67     98     17      0      0      0      0   1512   1410   2170      6      0 
    0     42     33     37      -      -      -      -      -      -   1512    210      0      1      0 
    1    237     65     67     98     17      0      0      0      0   1512   1410   2170      6      0 
    0     42     33     37      -      -      -      -      -      -   1512    210      0      1      0 
    1    237     65     67     98     16      0      0      0      0   1512   1410   2170      6      0 
    0     41     33     37      -      -      -      -      -      -   1512    210      0      1      0 
    1    234     65     67     98     16      0      0      0      0   1512   1410   2170      6      0 
    0     41     32     37      -      -      -      -      -      -   1512    210      0      1      0 
    1    235     64     67     98     17      0      0      0      0   1512   1410   2170      6      0 
    0     42     33     37      -      -      -      -      -      -   1512    210      0      1      0 
    1    240     65     67     98     16      0      0      0      0   1512   1410   2170      6      0 
    0     42     33     37      -      -      -      -      -      -   1512    210      0      1      0 
    1    241     65     67     98     16      0      0      0      0   1512   1410   2170      6      0 
    0     42     32     37      -      -      -      -      -      -   1512    210      0      1      0 
    1    232     65     67     98     17      0      0      0      0   1512   1410   2170      6      0 
    0     42     32     37      -      -      -      -      -      -   1512    210      0      1      0 
    1    242     64     67     98     16      0      0      0      0   1512   1410   2170      6      0 
    0     42     32     37      -      -      -      -      -      -   1512    210      0      1      0 
    1    237     65     67     98     16      0      0      0      0   1512   1410   2170      6      0 
    0     42     33     37      -      -      -      -      -      -   1512    210      0      1      0 
    1    240     66     67     98     16      0      0      0      0   1512   1410   2170      6      0 
    0     41     33     37      -      -      -      -      -      -   1512    210      0      1      0 
    1    235     65     67     98     16      0      0      0      0   1512   1410   2170      6      0 
    0     42     32     37      -      -      -      -      -      -   1512    210      0      1      0 
    1    237     65     67     98     17      0      0      0      0   1512   1410   2170      6      0 
    0     41     32     37      -      -      -      -      -      -   1512    210      0      1      0 
    1    234     64     67     98     16      0      0      0      0   1512   1410   2170      6      0 
    0     42     32     37      -      -      -      -      -      -   1512    210      0      1      0 
    1    228     65     67     98     16      0      0      0      0   1512   1410   2170      6      0 
    0     42     33     37      -      -      -      -      -      -   1512    210      0      1      0 
    1    237     65     67     98     16      0      0      0      0   1512   1410   2170      6      0 
    0     42     32     37      -      -      -      -      -      -   1512    210      0      1      0 
    1    241     65     67     98     16      0      0      0      0   1512   1410   2170      6      0 
    0     42     32     37      -      -      -      -      -      -   1512    210      0      1      0 
    1    236     64     67     98     16      0      0      0      0   1512   1410   2170      6      0 
    0     41     32     37      -      -      -      -      -      -   1512    210      0      1      0 
    1    237     64     67     98     16      0      0      0      0   1512   1410   2170      6      0 
    0     41     33     37      -      -      -      -      -      -   1512    210      0      1      0 
    1    237     65     67     98     16      0      0      0      0   1512   1410   2170      6      0 
    0     41     33     37      -      -      -      -      -      -   1512    210      0      1      0 
    1    243     65     67     98     17      0      0      0      0   1512   1410   2170      6      0 
# gpu    pwr  gtemp  mtemp     sm    mem    enc    dec    jpg    ofa   mclk   pclk     fb   bar1   ccpm 
# Idx      W      C      C      %      %      %      %      %      %    MHz    MHz     MB     MB     MB 
    0     42     32     37      -      -      -      -      -      -   1512    210      0      1      0 
    1    238     65     67     98     17      0      0      0      0   1512   1410   2170      6      0 
    0     42     32     37      -      -      -      -      -      -   1512    210      0      1      0 
    1    231     65     67     98     17      0      0      0      0   1512   1410   2170      6      0 
    0     41     32     37      -      -      -      -      -      -   1512    210      0      1      0 
    1    240     65     67     98     16      0      0      0      0   1512   1410   2170      6      0 
    0     41     32     37      -      -      -      -      -      -   1512    210      0      1      0 
    1    232     65     67     98     16      0      0      0      0   1512   1410   2170      6      0 
    0     42     32     37      -      -      -      -      -      -   1512    210      0      1      0 
    1    240     65     67     98     16      0      0      0      0   1512   1410   2170      6      0 
    0     42     32     37      -      -      -      -      -      -   1512    210      0      1      0 
    1    231     64     67     98     16      0      0      0      0   1512   1410   2170      6      0 
    0     42     32     37      -      -      -      -      -      -   1512    210      0      1      0 
    1    237     65     67     98     16      0      0      0      0   1512   1410   2170      6      0 
    0     41     32     37      -      -      -      -      -      -   1512    210      0      1      0 
    1    241     65     67     98     17      0      0      0      0   1512   1410   2170      6      0 
    0     42     32     37      -      -      -      -      -      -   1512    210      0      1      0 
    1    241     65     67     98     16      0      0      0      0   1512   1410   2170      6      0 
    0     42     32     35      -      -      -      -      -      -   1512    210      0      1      0 
    1    239     64     67     98     16      0      0      0      0   1512   1410   2170      6      0 
    0     42     32     37      -      -      -      -      -      -   1512    210      0      1      0 
    1    236     65     67     98     16      0      0      0      0   1512   1410   2170      6      0 
    0     41     33     37      -      -      -      -      -      -   1512    210      0      1      0 
    1    238     65     67     98     16      0      0      0      0   1512   1410   2170      6      0 
    0     42     32     37      -      -      -      -      -      -   1512    210      0      1      0 
    1    236     65     67     98     16      0      0      0      0   1512   1410   2170      6      0 
    0     42     32     37      -      -      -      -      -      -   1512    210      0      1      0 
    1    239     65     67     98     16      0      0      0      0   1512   1410   2170      6      0 
    0     42     32     37      -      -      -      -      -      -   1512    210      0      1      0 
    1    232     65     67     98     17      0      0      0      0   1512   1410   2170      6      0 
    0     41     32     37      -      -      -      -      -      -   1512    210      0      1      0 
    1    236     65     67     98     16      0      0      0      0   1512   1410   2170      6      0 
    0     42     32     37      -      -      -      -      -      -   1512    210      0      1      0 
    1    234     65     67     98     16      0      0      0      0   1512   1410   2170      6      0 
    0     42     32     37      -      -      -      -      -      -   1512    210      0      1      0 
    1    236     65     67     98     16      0      0      0      0   1512   1410   2170      6      0 
    0     42     32     37      -      -      -      -      -      -   1512    210      0      1      0 
    1    233     64     67     98     16      0      0      0      0   1512   1410   2170      6      0 
    0     42     32     37      -      -      -      -      -      -   1512    210      0      1      0 
    1    236     65     67     98     16      0      0      0      0   1512   1410   2170      6      0 
    0     41     32     37      -      -      -      -      -      -   1512    210      0      1      0 
    1    237     65     67     98     16      0      0      0      0   1512   1410   2170      6      0 
    0     42     32     37      -      -      -      -      -      -   1512    210      0      1      0 
    1    242     65     67     98     17      0      0      0      0   1512   1410   2170      6      0 
# gpu    pwr  gtemp  mtemp     sm    mem    enc    dec    jpg    ofa   mclk   pclk     fb   bar1   ccpm 
# Idx      W      C      C      %      %      %      %      %      %    MHz    MHz     MB     MB     MB 
    0     41     32     37      -      -      -      -      -      -   1512    210      0      1      0 
    1    237     64     67     98     16      0      0      0      0   1512   1410   2170      6      0 
    0     41     32     37      -      -      -      -      -      -   1512    210      0      1      0 
    1    238     65     67     98     17      0      0      0      0   1512   1410   2170      6      0 
    0     42     33     37      -      -      -      -      -      -   1512    210      0      1      0 
    1    234     65     67     98     16      0      0      0      0   1512   1410   2170      6      0 
    0     42     32     37      -      -      -      -      -      -   1512    210      0      1      0 
    1    235     65     67     98     16      0      0      0      0   1512   1410   2170      6      0 
    0     41     32     37      -      -      -      -      -      -   1512    210      0      1      0 
    1    236     64     67     98     16      0      0      0      0   1512   1410   2170      6      0 
    0     41     32     35      -      -      -      -      -      -   1512    210      0      1      0 
    1    235     65     67     98     16      0      0      0      0   1512   1410   2170      6      0 
    0     42     33     37      -      -      -      -      -      -   1512    210      0      1      0 
    1    240     65     67     98     17      0      0      0      0   1512   1410   2170      6      0 
    0     42     32     37      -      -      -      -      -      -   1512    210      0      1      0 
    1    234     65     67     98     16      0      0      0      0   1512   1410   2170      6      0 
    0     41     32     37      -      -      -      -      -      -   1512    210      0      1      0 
    1    235     65     67     98     16      0      0      0      0   1512   1410   2170      6      0 
    0     42     32     35      -      -      -      -      -      -   1512    210      0      1      0 
    1    239     64     67     98     16      0      0      0      0   1512   1410   2170      6      0 
    0     42     32     37      -      -      -      -      -      -   1512    210      0      1      0 
    1    240     65     67     98     16      0      0      0      0   1512   1410   2170      6      0 
    0     42     32     37      -      -      -      -      -      -   1512    210      0      1      0 
    1    229     65     67     98     16      0      0      0      0   1512   1410   2170      6      0 
    0     41     32     35      -      -      -      -      -      -   1512    210      0      1      0 
    1    225     65     67     98     16      0      0      0      0   1512   1410   2170      6      0 
    0     42     32     35      -      -      -      -      -      -   1512    210      0      1      0 
    1    231     64     67     98     16      0      0      0      0   1512   1410   2170      6      0 
    0     42     32     37      -      -      -      -      -      -   1512    210      0      1      0 
    1    237     65     67     98     16      0      0      0      0   1512   1410   2170      6      0 
    0     42     32     37      -      -      -      -      -      -   1512    210      0      1      0 
    1    240     65     67     98     17      0      0      0      0   1512   1410   2170      6      0 
    0     42     32     37      -      -      -      -      -      -   1512    210      0      1      0 
    1    244     65     67     98     16      0      0      0      0   1512   1410   2170      6      0 
    0     42     32     35      -      -      -      -      -      -   1512    210      0      1      0 
    1    235     64     67     98     16      0      0      0      0   1512   1410   2170      6      0 
    0     42     32     35      -      -      -      -      -      -   1512    210      0      1      0 
    1    234     65     67     98     16      0      0      0      0   1512   1410   2170      6      0 
    0     42     32     37      -      -      -      -      -      -   1512    210      0      1      0 
    1    239     65     67     98     17      0      0      0      0   1512   1410   2170      6      0 
    0     41     32     35      -      -      -      -      -      -   1512    210      0      1      0 
    1    239     65     67     98     17      0      0      0      0   1512   1410   2170      6      0 
    0     42     32     37      -      -      -      -      -      -   1512    210      0      1      0 
    1    238     64     67     98     16      0      0      0      0   1512   1410   2170      6      0 
# gpu    pwr  gtemp  mtemp     sm    mem    enc    dec    jpg    ofa   mclk   pclk     fb   bar1   ccpm 
# Idx      W      C      C      %      %      %      %      %      %    MHz    MHz     MB     MB     MB 
    0     41     32     35      -      -      -      -      -      -   1512    210      0      1      0 
    1    234     65     67     98     16      0      0      0      0   1512   1410   2170      6      0 
    0     41     32     37      -      -      -      -      -      -   1512    210      0      1      0 
    1    228     65     67     98     16      0      0      0      0   1512   1410   2170      6      0 
    0     42     32     37      -      -      -      -      -      -   1512    210      0      1      0 
    1    236     65     67     98     16      0      0      0      0   1512   1410   2170      6      0 
    0     41     32     35      -      -      -      -      -      -   1512    210      0      1      0 
    1    242     64     67     98     17      0      0      0      0   1512   1410   2170      6      0 
    0     42     32     37      -      -      -      -      -      -   1512    210      0      1      0 
    1    237     65     67     98     16      0      0      0      0   1512   1410   2170      6      0 
    0     42     32     37      -      -      -      -      -      -   1512    210      0      1      0 
    1    232     65     67     98     16      0      0      0      0   1512   1410   2170      6      0 
    0     42     32     37      -      -      -      -      -      -   1512    210      0      1      0 
    1    236     65     67     98     16      0      0      0      0   1512   1410   2170      6      0 
    0     42     32     37      -      -      -      -      -      -   1512    210      0      1      0 
    1    241     65     67     98     16      0      0      0      0   1512   1410   2170      6      0 
    0     42     32     37      -      -      -      -      -      -   1512    210      0      1      0 
    1    238     65     67     98     16      0      0      0      0   1512   1410   2170      6      0 
    0     42     33     37      -      -      -      -      -      -   1512    210      0      1      0 
    1    229     65     67     98     16      0      0      0      0   1512   1410   2170      6      0 
    0     42     33     37      -      -      -      -      -      -   1512    210      0      1      0 
    1    229     65     67     98     16      0      0      0      0   1512   1410   2170      6      0 
    0     42     32     37      -      -      -      -      -      -   1512    210      0      1      0 
    1    237     65     67     98     17      0      0      0      0   1512   1410   2170      6      0 
    0     41     32     37      -      -      -      -      -      -   1512    210      0      1      0 
    1    234     64     67     98     17      0      0      0      0   1512   1410   2170      6      0 
    0     41     33     37      -      -      -      -      -      -   1512    210      0      1      0 
    1    241     65     67     98     17      0      0      0      0   1512   1410   2170      6      0 
    0     41     33     37      -      -      -      -      -      -   1512    210      0      1      0 
    1    236     65     67     98     16      0      0      0      0   1512   1410   2170      6      0 
    0     42     32     37      -      -      -      -      -      -   1512    210      0      1      0 
    1    229     65     67     98     17      0      0      0      0   1512   1410   2170      6      0 
    0     41     32     37      -      -      -      -      -      -   1512    210      0      1      0 
    1    232     64     67     98     16      0      0      0      0   1512   1410   2170      6      0 
    0     42     32     37      -      -      -      -      -      -   1512    210      0      1      0 
    1    234     65     67     98     16      0      0      0      0   1512   1410   2170      6      0 
    0     42     33     37      -      -      -      -      -      -   1512    210      0      1      0 
    1    235     65     67     98     16      0      0      0      0   1512   1410   2170      6      0 
    0     41     33     37      -      -      -      -      -      -   1512    210      0      1      0 
    1    226     65     67     98     17      0      0      0      0   1512   1410   2170      6      0 
    0     41     32     37      -      -      -      -      -      -   1512    210      0      1      0 
    1    230     65     67     98     16      0      0      0      0   1512   1410   2170      6      0 
    0     41     32     37      -      -      -      -      -      -   1512    210      0      1      0 
    1    235     64     67     98     17      0      0      0      0   1512   1410   2170      6      0 
# gpu    pwr  gtemp  mtemp     sm    mem    enc    dec    jpg    ofa   mclk   pclk     fb   bar1   ccpm 
# Idx      W      C      C      %      %      %      %      %      %    MHz    MHz     MB     MB     MB 
    0     41     33     37      -      -      -      -      -      -   1512    210      0      1      0 
    1    234     65     67     98     16      0      0      0      0   1512   1410   2170      6      0 
    0     41     33     37      -      -      -      -      -      -   1512    210      0      1      0 
    1    234     65     67     98     16      0      0      0      0   1512   1410   2170      6      0 
    0     42     32     37      -      -      -      -      -      -   1512    210      0      1      0 
    1    235     65     67     98     16      0      0      0      0   1512   1410   2170      6      0 
    0     41     32     37      -      -      -      -      -      -   1512    210      0      1      0 
    1    242     64     67     98     16      0      0      0      0   1512   1410   2170      6      0 
    0     41     32     37      -      -      -      -      -      -   1512    210      0      1      0 
    1    238     65     67     98     16      0      0      0      0   1512   1410   2170      6      0 
    0     41     33     37      -      -      -      -      -      -   1512    210      0      1      0 
    1    227     65     67     98     16      0      0      0      0   1512   1410   2170      6      0 
    0     42     32     37      -      -      -      -      -      -   1512    210      0      1      0 
    1    236     65     67     98     16      0      0      0      0   1512   1410   2170      6      0 
    0     41     32     37      -      -      -      -      -      -   1512    210      0      1      0 
    1    242     65     67     98     17      0      0      0      0   1512   1410   2170      6      0 
    0     41     32     37      -      -      -      -      -      -   1512    210      0      1      0 
    1    226     64     67     98     17      0      0      0      0   1512   1410   2170      6      0 
    0     41     32     37      -      -      -      -      -      -   1512    210      0      1      0 
    1    232     65     67     98     16      0      0      0      0   1512   1410   2170      6      0 
    0     42     32     37      -      -      -      -      -      -   1512    210      0      1      0 
    1    239     65     67     98     16      0      0      0      0   1512   1410   2170      6      0 
    0     42     32     37      -      -      -      -      -      -   1512    210      0      1      0 
    1    235     65     67     98     16      0      0      0      0   1512   1410   2170      6      0 
    0     41     32     37      -      -      -      -      -      -   1512    210      0      1      0 
    1    233     64     67     98     17      0      0      0      0   1512   1410   2170      6      0 
    0     41     32     37      -      -      -      -      -      -   1512    210      0      1      0 
    1    237     65     67     98     16      0      0      0      0   1512   1410   2170      6      0 
    0     42     32     37      -      -      -      -      -      -   1512    210      0      1      0 
    1    231     65     67     98     16      0      0      0      0   1512   1410   2170      6      0 
    0     42     32     37      -      -      -      -      -      -   1512    210      0      1      0 
    1    235     65     67     98     16      0      0      0      0   1512   1410   2170      6      0 
    0     41     32     37      -      -      -      -      -      -   1512    210      0      1      0 
    1    239     64     67     98     16      0      0      0      0   1512   1410   2170      6      0 
    0     41     32     37      -      -      -      -      -      -   1512    210      0      1      0 
    1    234     65     67     98     16      0      0      0      0   1512   1410   2170      6      0 
    0     42     33     37      -      -      -      -      -      -   1512    210      0      1      0 
    1    236     65     67     98     17      0      0      0      0   1512   1410   2170      6      0 
    0     41     32     37      -      -      -      -      -      -   1512    210      0      1      0 
    1    238     65     67     98     17      0      0      0      0   1512   1410   2170      6      0 
    0     42     32     37      -      -      -      -      -      -   1512    210      0      1      0 
    1    235     65     67     98     17      0      0      0      0   1512   1410   2170      6      0 
    0     42     32     37      -      -      -      -      -      -   1512    210      0      1      0 
    1    237     64     67     98     17      0      0      0      0   1512   1410   2170      6      0 
# gpu    pwr  gtemp  mtemp     sm    mem    enc    dec    jpg    ofa   mclk   pclk     fb   bar1   ccpm 
# Idx      W      C      C      %      %      %      %      %      %    MHz    MHz     MB     MB     MB 
    0     42     33     37      -      -      -      -      -      -   1512    210      0      1      0 
    1    238     65     67     98     16      0      0      0      0   1512   1410   2170      6      0 
    0     41     33     37      -      -      -      -      -      -   1512    210      0      1      0 
    1    239     65     67     98     16      0      0      0      0   1512   1410   2170      6      0 
    0     43     32     37      -      -      -      -      -      -   1512    210      0      1      0 
    1    233     65     67     98     16      0      0      0      0   1512   1410   2170      6      0 
    0     42     32     35      -      -      -      -      -      -   1512    210      0      1      0 
    1    241     64     67     98     16      0      0      0      0   1512   1410   2170      6      0 
    0     42     33     37      -      -      -      -      -      -   1512    210      0      1      0 
    1    237     65     67     98     17      0      0      0      0   1512   1410   2170      6      0 
    0     41     33     37      -      -      -      -      -      -   1512    210      0      1      0 
    1    231     65     67     98     17      0      0      0      0   1512   1410   2170      6      0 
    0     41     32     37      -      -      -      -      -      -   1512    210      0      1      0 
    1    243     65     67     98     16      0      0      0      0   1512   1410   2170      6      0 
    0     42     32     37      -      -      -      -      -      -   1512    210      0      1      0 
    1    230     64     67     98     16      0      0      0      0   1512   1410   2170      6      0 
    0     41     32     37      -      -      -      -      -      -   1512    210      0      1      0 
    1    240     64     67     98     17      0      0      0      0   1512   1410   2170      6      0 
    0     41     33     37      -      -      -      -      -      -   1512    210      0      1      0 
    1    233     65     67     98     17      0      0      0      0   1512   1410   2170      6      0 
    0     42     33     37      -      -      -      -      -      -   1512    210      0      1      0 
    1    238     65     67     98     16      0      0      0      0   1512   1410   2170      6      0 
    0     42     32     37      -      -      -      -      -      -   1512    210      0      1      0 
    1    236     65     67     98     16      0      0      0      0   1512   1410   2170      6      0 
    0     41     32     35      -      -      -      -      -      -   1512    210      0      1      0 
    1    234     64     67     98     17      0      0      0      0   1512   1410   2170      6      0 
    0     42     32     37      -      -      -      -      -      -   1512    210      0      1      0 
    1    235     65     67     98     16      0      0      0      0   1512   1410   2170      6      0 
    0     42     32     37      -      -      -      -      -      -   1512    210      0      1      0 
    1    235     65     67     98     16      0      0      0      0   1512   1410   2170      6      0 
    0     42     32     37      -      -      -      -      -      -   1512    210      0      1      0 
    1    230     65     67     98     16      0      0      0      0   1512   1410   2170      6      0 
    0     42     32     35      -      -      -      -      -      -   1512    210      0      1      0 
    1    231     64     67     98     16      0      0      0      0   1512   1410   2170      6      0 
    0     41     32     37      -      -      -      -      -      -   1512    210      0      1      0 
    1    236     65     67     98     17      0      0      0      0   1512   1410   2170      6      0 
    0     42     33     37      -      -      -      -      -      -   1512    210      0      1      0 
    1    231     65     67     98     17      0      0      0      0   1512   1410   2170      6      0 
    0     42     32     37      -      -      -      -      -      -   1512    210      0      1      0 
    1    237     65     67     98     16      0      0      0      0   1512   1410   2170      6      0 
    0     41     32     37      -      -      -      -      -      -   1512    210      0      1      0 
    1    236     64     67     98     16      0      0      0      0   1512   1410   2170      6      0 
    0     42     32     37      -      -      -      -      -      -   1512    210      0      1      0 
    1    238     65     67     98     16      0      0      0      0   1512   1410   2170      6      0 
# gpu    pwr  gtemp  mtemp     sm    mem    enc    dec    jpg    ofa   mclk   pclk     fb   bar1   ccpm 
# Idx      W      C      C      %      %      %      %      %      %    MHz    MHz     MB     MB     MB 
    0     42     33     37      -      -      -      -      -      -   1512    210      0      1      0 
    1    235     65     67     98     16      0      0      0      0   1512   1410   2170      6      0 
    0     41     32     37      -      -      -      -      -      -   1512    210      0      1      0 
    1    238     65     67     98     16      0      0      0      0   1512   1410   2170      6      0 
    0     42     32     37      -      -      -      -      -      -   1512    210      0      1      0 
    1    236     65     67     98     17      0      0      0      0   1512   1410   2170      6      0 
    0     41     32     35      -      -      -      -      -      -   1512    210      0      1      0 
    1    236     65     67     98     17      0      0      0      0   1512   1410   2170      6      0 
    0     41     33     37      -      -      -      -      -      -   1512    210      0      1      0 
    1    231     65     67     98     17      0      0      0      0   1512   1410   2170      6      0 
    0     41     32     37      -      -      -      -      -      -   1512    210      0      1      0 
    1    236     65     67     98     16      0      0      0      0   1512   1410   2170      6      0 
    0     42     32     37      -      -      -      -      -      -   1512    210      0      1      0 
    1    235     65     67     98     16      0      0      0      0   1512   1410   2170      6      0 
    0     42     32     37      -      -      -      -      -      -   1512    210      0      1      0 
    1    229     64     67     98     16      0      0      0      0   1512   1410   2170      6      0 
    0     41     33     37      -      -      -      -      -      -   1512    210      0      1      0 
    1    238     65     67     98     16      0      0      0      0   1512   1410   2170      6      0 
    0     42     32     37      -      -      -      -      -      -   1512    210      0      1      0 
    1    231     65     67     98     17      0      0      0      0   1512   1410   2170      6      0 
    0     42     32     37      -      -      -      -      -      -   1512    210      0      1      0 
    1    230     65     67     98     17      0      0      0      0   1512   1410   2170      6      0 
    0     41     32     37      -      -      -      -      -      -   1512    210      0      1      0 
    1    234     64     67     98     16      0      0      0      0   1512   1410   2170      6      0 
    0     41     33     37      -      -      -      -      -      -   1512    210      0      1      0 
    1    239     65     67     98     16      0      0      0      0   1512   1410   2170      6      0 
    0     43     33     37      -      -      -      -      -      -   1512    210      0      1      0 
    1    231     65     67     98     16      0      0      0      0   1512   1410   2170      6      0 
    0     41     32     37      -      -      -      -      -      -   1512    210      0      1      0 
    1    236     65     67     98     16      0      0      0      0   1512   1410   2170      6      0 
    0     41     32     37      -      -      -      -      -      -   1512    210      0      1      0 
    1    233     64     67     98     16      0      0      0      0   1512   1410   2170      6      0 
    0     42     32     37      -      -      -      -      -      -   1512    210      0      1      0 
    1    232     65     67     98     16      0      0      0      0   1512   1410   2170      6      0 
    0     42     33     37      -      -      -      -      -      -   1512    210      0      1      0 
    1    239     65     67     98     16      0      0      0      0   1512   1410   2170      6      0 
    0     42     32     37      -      -      -      -      -      -   1512    210      0      1      0 
    1    236     65     67     98     17      0      0      0      0   1512   1410   2170      6      0 
    0     42     32     37      -      -      -      -      -      -   1512    210      0      1      0 
    1    237     65     67     98     17      0      0      0      0   1512   1410   2170      6      0 
    0     41     32     37      -      -      -      -      -      -   1512    210      0      1      0 
    1    244     65     67     98     16      0      0      0      0   1512   1410   2170      6      0 
    0     42     33     37      -      -      -      -      -      -   1512    210      0      1      0 
    1    242     65     67     98     16      0      0      0      0   1512   1410   2170      6      0 
# gpu    pwr  gtemp  mtemp     sm    mem    enc    dec    jpg    ofa   mclk   pclk     fb   bar1   ccpm 
# Idx      W      C      C      %      %      %      %      %      %    MHz    MHz     MB     MB     MB 
    0     41     32     37      -      -      -      -      -      -   1512    210      0      1      0 
    1    241     65     67     98     16      0      0      0      0   1512   1410   2170      6      0 
    0     41     32     35      -      -      -      -      -      -   1512    210      0      1      0 
    1    236     65     67     98     17      0      0      0      0   1512   1410   2170      6      0 
    0     41     32     35      -      -      -      -      -      -   1512    210      0      1      0 
    1    237     65     67     98     17      0      0      0      0   1512   1410   2170      6      0 
    0     41     33     37      -      -      -      -      -      -   1512    210      0      1      0 
    1    236     65     67     98     16      0      0      0      0   1512   1410   2170      6      0 
    0     42     33     37      -      -      -      -      -      -   1512    210      0      1      0 
    1    235     65     67     98     17      0      0      0      0   1512   1410   2170      6      0 
    0     41     32     37      -      -      -      -      -      -   1512    210      0      1      0 
    1    240     65     67     98     16      0      0      0      0   1512   1410   2170      6      0 
    0     41     32     37      -      -      -      -      -      -   1512    210      0      1      0 
    1    241     64     67     98     16      0      0      0      0   1512   1410   2170      6      0 
    0     42     33     37      -      -      -      -      -      -   1512    210      0      1      0 
    1    233     65     67     98     16      0      0      0      0   1512   1410   2170      6      0 
    0     42     33     37      -      -      -      -      -      -   1512    210      0      1      0 
    1    229     65     67     98     17      0      0      0      0   1512   1410   2170      6      0 
    0     41     32     37      -      -      -      -      -      -   1512    210      0      1      0 
    1    242     65     67     98     17      0      0      0      0   1512   1410   2170      6      0 
    0     42     32     35      -      -      -      -      -      -   1512    210      0      1      0 
    1    231     64     67     98     17      0      0      0      0   1512   1410   2170      6      0 
    0     41     32     37      -      -      -      -      -      -   1512    210      0      1      0 
    1    230     64     67     98     16      0      0      0      0   1512   1410   2170      6      0 
    0     41     33     37      -      -      -      -      -      -   1512    210      0      1      0 
    1    235     65     67     98     16      0      0      0      0   1512   1410   2170      6      0 
    0     41     32     37      -      -      -      -      -      -   1512    210      0      1      0 
    1    239     65     67     98     16      0      0      0      0   1512   1410   2170      6      0 
    0     41     32     37      -      -      -      -      -      -   1512    210      0      1      0 
    1    237     64     67     98     17      0      0      0      0   1512   1410   2170      6      0 
    0     42     32     37      -      -      -      -      -      -   1512    210      0      1      0 
    1    235     64     67     98     17      0      0      0      0   1512   1410   2170      6      0 
    0     41     33     37      -      -      -      -      -      -   1512    210      0      1      0 
    1    239     65     67     98     17      0      0      0      0   1512   1410   2170      6      0 
    0     42     33     37      -      -      -      -      -      -   1512    210      0      1      0 
    1    236     65     67     98     16      0      0      0      0   1512   1410   2170      6      0 
    0     42     32     37      -      -      -      -      -      -   1512    210      0      1      0 
    1    235     65     67     98     17      0      0      0      0   1512   1410   2170      6      0 
    0     41     32     37      -      -      -      -      -      -   1512    210      0      1      0 
    1    230     64     67     98     16      0      0      0      0   1512   1410   2170      6      0 
    0     41     33     37      -      -      -      -      -      -   1512    210      0      1      0 
    1    241     65     67     98     16      0      0      0      0   1512   1410   2170      6      0 
    0     42     33     37      -      -      -      -      -      -   1512    210      0      1      0 
    1    241     65     67     98     16      0      0      0      0   1512   1410   2170      6      0 
# gpu    pwr  gtemp  mtemp     sm    mem    enc    dec    jpg    ofa   mclk   pclk     fb   bar1   ccpm 
# Idx      W      C      C      %      %      %      %      %      %    MHz    MHz     MB     MB     MB 
    0     41     32     37      -      -      -      -      -      -   1512    210      0      1      0 
    1    240     65     67     98     16      0      0      0      0   1512   1410   2170      6      0 
    0     41     32     37      -      -      -      -      -      -   1512    210      0      1      0 
    1    237     64     67     98     17      0      0      0      0   1512   1410   2170      6      0 
    0     42     33     37      -      -      -      -      -      -   1512    210      0      1      0 
    1    231     65     67     98     17      0      0      0      0   1512   1410   2170      6      0 
    0     42     33     37      -      -      -      -      -      -   1512    210      0      1      0 
    1    234     65     67     98     16      0      0      0      0   1512   1410   2170      6      0 
    0     42     32     37      -      -      -      -      -      -   1512    210      0      1      0 
    1    240     65     67     98     16      0      0      0      0   1512   1410   2170      6      0 
    0     42     32     37      -      -      -      -      -      -   1512    210      0      1      0 
    1    244     64     67     98     16      0      0      0      0   1512   1410   2170      6      0 
    0     41     32     37      -      -      -      -      -      -   1512    210      0      1      0 
    1    240     65     67     98     16      0      0      0      0   1512   1410   2170      6      0 
    0     42     33     37      -      -      -      -      -      -   1512    210      0      1      0 
    1    239     65     67     98     16      0      0      0      0   1512   1410   2170      6      0 
    0     42     32     37      -      -      -      -      -      -   1512    210      0      1      0 
    1    238     65     67     98     16      0      0      0      0   1512   1410   2170      6      0 
    0     42     32     37      -      -      -      -      -      -   1512    210      0      1      0 
    1    234     65     67     98     17      0      0      0      0   1512   1410   2170      6      0 
    0     41     32     37      -      -      -      -      -      -   1512    210      0      1      0 
    1    233     64     67     98     16      0      0      0      0   1512   1410   2170      6      0 
    0     41     33     37      -      -      -      -      -      -   1512    210      0      1      0 
    1    239     65     67     98     16      0      0      0      0   1512   1410   2170      6      0 
    0     41     32     37      -      -      -      -      -      -   1512    210      0      1      0 
    1    239     65     67     98     16      0      0      0      0   1512   1410   2170      6      0 
    0     42     32     37      -      -      -      -      -      -   1512    210      0      1      0 
    1    233     65     67     98     16      0      0      0      0   1512   1410   2170      6      0 
    0     42     32     37      -      -      -      -      -      -   1512    210      0      1      0 
    1    235     64     67     98     16      0      0      0      0   1512   1410   2170      6      0 
    0     41     33     37      -      -      -      -      -      -   1512    210      0      1      0 
    1    233     65     67     98     16      0      0      0      0   1512   1410   2170      6      0 
    0     42     33     37      -      -      -      -      -      -   1512    210      0      1      0 
    1    235     65     67     98     16      0      0      0      0   1512   1410   2170      6      0 
    0     41     32     37      -      -      -      -      -      -   1512    210      0      1      0 
    1    238     65     67     98     16      0      0      0      0   1512   1410   2170      6      0 
    0     42     32     37      -      -      -      -      -      -   1512    210      0      1      0 
    1    228     64     67     98     16      0      0      0      0   1512   1410   2170      6      0 
    0     42     32     37      -      -      -      -      -      -   1512    210      0      1      0 
    1    233     65     67     98     16      0      0      0      0   1512   1410   2170      6      0 
    0     43     33     37      -      -      -      -      -      -   1512    210      0      1      0 
    1    233     65     67     98     16      0      0      0      0   1512   1410   2170      6      0 
    0     42     32     37      -      -      -      -      -      -   1512    210      0      1      0 
    1    229     65     67     98     16      0      0      0      0   1512   1410   2170      6      0 
# gpu    pwr  gtemp  mtemp     sm    mem    enc    dec    jpg    ofa   mclk   pclk     fb   bar1   ccpm 
# Idx      W      C      C      %      %      %      %      %      %    MHz    MHz     MB     MB     MB 
    0     41     32     37      -      -      -      -      -      -   1512    210      0      1      0 
    1    232     64     67     98     17      0      0      0      0   1512   1410   2170      6      0 
    0     41     33     37      -      -      -      -      -      -   1512    210      0      1      0 
    1    238     65     67     98     16      0      0      0      0   1512   1410   2170      6      0 
    0     41     33     37      -      -      -      -      -      -   1512    210      0      1      0 
    1    234     65     67     98     17      0      0      0      0   1512   1410   2170      6      0 
    0     41     33     37      -      -      -      -      -      -   1512    210      0      1      0 
    1    241     65     67     98     16      0      0      0      0   1512   1410   2170      6      0 
    0     41     32     37      -      -      -      -      -      -   1512    210      0      1      0 
    1    237     65     67     98     16      0      0      0      0   1512   1410   2170      6      0 
    0     41     32     37      -      -      -      -      -      -   1512    210      0      1      0 
    1    237     64     67     98     16      0      0      0      0   1512   1410   2170      6      0 
    0     42     33     37      -      -      -      -      -      -   1512    210      0      1      0 
    1    229     65     67     98     17      0      0      0      0   1512   1410   2170      6      0 
    0     42     33     37      -      -      -      -      -      -   1512    210      0      1      0 
    1    234     65     67     98     17      0      0      0      0   1512   1410   2170      6      0 
    0     41     33     37      -      -      -      -      -      -   1512    210      0      1      0 
    1    231     65     67     98     16      0      0      0      0   1512   1410   2170      6      0 
    0     41     32     37      -      -      -      -      -      -   1512    210      0      1      0 
    1    235     65     67     98     16      0      0      0      0   1512   1410   2170      6      0 
    0     42     32     37      -      -      -      -      -      -   1512    210      0      1      0 
    1    236     65     67     98     16      0      0      0      0   1512   1410   2170      6      0 
    0     42     33     37      -      -      -      -      -      -   1512    210      0      1      0 
    1    245     65     67     98     17      0      0      0      0   1512   1410   2170      6      0 
    0     43     33     37      -      -      -      -      -      -   1512    210      0      1      0 
    1    238     65     67     98     16      0      0      0      0   1512   1410   2170      6      0 
    0     42     32     37      -      -      -      -      -      -   1512    210      0      1      0 
    1    239     65     67     98     16      0      0      0      0   1512   1410   2170      6      0 
    0     42     32     37      -      -      -      -      -      -   1512    210      0      1      0 
    1    234     64     67     98     17      0      0      0      0   1512   1410   2170      6      0 
    0     42     33     37      -      -      -      -      -      -   1512    210      0      1      0 
    1    238     65     67     98     17      0      0      0      0   1512   1410   2170      6      0 
    0     42     33     37      -      -      -      -      -      -   1512    210      0      1      0 
    1    225     65     67     98     16      0      0      0      0   1512   1410   2170      6      0 
    0     42     33     37      -      -      -      -      -      -   1512    210      0      1      0 
    1    236     65     67     98     16      0      0      0      0   1512   1410   2170      6      0 
    0     42     32     37      -      -      -      -      -      -   1512    210      0      1      0 
    1    231     64     67     98     16      0      0      0      0   1512   1410   2170      6      0 
    0     41     33     37      -      -      -      -      -      -   1512    210      0      1      0 
    1    231     65     67     98     17      0      0      0      0   1512   1410   2170      6      0 
    0     41     33     37      -      -      -      -      -      -   1512    210      0      1      0 
    1    235     65     67     98     17      0      0      0      0   1512   1410   2170      6      0 
    0     42     33     37      -      -      -      -      -      -   1512    210      0      1      0 
    1    236     65     67     98     16      0      0      0      0   1512   1410   2170      6      0 
# gpu    pwr  gtemp  mtemp     sm    mem    enc    dec    jpg    ofa   mclk   pclk     fb   bar1   ccpm 
# Idx      W      C      C      %      %      %      %      %      %    MHz    MHz     MB     MB     MB 
    0     42     32     37      -      -      -      -      -      -   1512    210      0      1      0 
    1    231     65     67     98     16      0      0      0      0   1512   1410   2170      6      0 
    0     42     32     37      -      -      -      -      -      -   1512    210      0      1      0 
    1    239     64     67     98     17      0      0      0      0   1512   1410   2170      6      0 
    0     42     33     37      -      -      -      -      -      -   1512    210      0      1      0 
    1    239     65     67     98     17      0      0      0      0   1512   1410   2170      6      0 
    0     41     33     37      -      -      -      -      -      -   1512    210      0      1      0 
    1    240     65     67     98     16      0      0      0      0   1512   1410   2170      6      0 
    0     41     32     37      -      -      -      -      -      -   1512    210      0      1      0 
    1    239     65     67     98     16      0      0      0      0   1512   1410   2170      6      0 
    0     42     32     37      -      -      -      -      -      -   1512    210      0      1      0 
    1    227     65     67     98     16      0      0      0      0   1512   1410   2170      6      0 
    0     42     33     37      -      -      -      -      -      -   1512    210      0      1      0 
    1    237     65     67     98     16      0      0      0      0   1512   1410   2170      6      0 
    0     41     33     37      -      -      -      -      -      -   1512    210      0      1      0 
    1    235     65     67     98     16      0      0      0      0   1512   1410   2170      6      0 
    0     42     32     37      -      -      -      -      -      -   1512    210      0      1      0 
    1    238     65     67     98     16      0      0      0      0   1512   1410   2170      6      0 
    0     42     32     37      -      -      -      -      -      -   1512    210      0      1      0 
    1    236     64     67     98     17      0      0      0      0   1512   1410   2170      6      0 
    0     41     33     37      -      -      -      -      -      -   1512    210      0      1      0 
    1    227     65     67     98     17      0      0      0      0   1512   1410   2170      6      0 
    0     42     33     37      -      -      -      -      -      -   1512    210      0      1      0 
    1    236     65     67     98     17      0      0      0      0   1512   1410   2170      6      0 
    0     42     33     37      -      -      -      -      -      -   1512    210      0      1      0 
    1    239     65     67     98     16      0      0      0      0   1512   1410   2170      6      0 
    0     42     32     37      -      -      -      -      -      -   1512    210      0      1      0 
    1    234     64     67     98     17      0      0      0      0   1512   1410   2170      6      0 
    0     42     32     37      -      -      -      -      -      -   1512    210      0      1      0 
    1    231     64     67     98     16      0      0      0      0   1512   1410   2170      6      0 
    0     43     33     37      -      -      -      -      -      -   1512    210      0      1      0 
    1    239     65     67     98     16      0      0      0      0   1512   1410   2170      6      0 
    0     41     33     37      -      -      -      -      -      -   1512    210      0      1      0 
    1    239     65     67     98     17      0      0      0      0   1512   1410   2170      6      0 
    0     41     32     37      -      -      -      -      -      -   1512    210      0      1      0 
    1    236     65     67     98     16      0      0      0      0   1512   1410   2170      6      0 
    0     42     32     37      -      -      -      -      -      -   1512    210      0      1      0 
    1    233     64     67     98     16      0      0      0      0   1512   1410   2170      6      0 
    0     41     33     37      -      -      -      -      -      -   1512    210      0      1      0 
    1    238     65     67     98     16      0      0      0      0   1512   1410   2170      6      0 
    0     42     33     37      -      -      -      -      -      -   1512    210      0      1      0 
    1    236     65     67     98     17      0      0      0      0   1512   1410   2170      6      0 
    0     42     33     37      -      -      -      -      -      -   1512    210      0      1      0 
    1    237     65     67     98     16      0      0      0      0   1512   1410   2170      6      0 
# gpu    pwr  gtemp  mtemp     sm    mem    enc    dec    jpg    ofa   mclk   pclk     fb   bar1   ccpm 
# Idx      W      C      C      %      %      %      %      %      %    MHz    MHz     MB     MB     MB 
    0     41     32     37      -      -      -      -      -      -   1512    210      0      1      0 
    1    236     64     67     98     16      0      0      0      0   1512   1410   2170      6      0 
    0     42     33     37      -      -      -      -      -      -   1512    210      0      1      0 
    1    230     65     67     98     17      0      0      0      0   1512   1410   2170      6      0 
    0     42     33     37      -      -      -      -      -      -   1512    210      0      1      0 
    1    232     65     67     98     17      0      0      0      0   1512   1410   2170      6      0 
    0     42     33     37      -      -      -      -      -      -   1512    210      0      1      0 
    1    230     65     67     98     17      0      0      0      0   1512   1410   2170      6      0 
    0     42     32     35      -      -      -      -      -      -   1512    210      0      1      0 
    1    236     64     67     98     16      0      0      0      0   1512   1410   2170      6      0 
    0     41     33     37      -      -      -      -      -      -   1512    210      0      1      0 
    1    234     65     67     98     16      0      0      0      0   1512   1410   2170      6      0 
    0     42     33     37      -      -      -      -      -      -   1512    210      0      1      0 
    1    228     65     67     98     16      0      0      0      0   1512   1410   2170      6      0 
    0     42     33     37      -      -      -      -      -      -   1512    210      0      1      0 
    1    238     65     67     98     17      0      0      0      0   1512   1410   2170      6      0 
    0     41     32     37      -      -      -      -      -      -   1512    210      0      1      0 
    1    241     65     67     98     16      0      0      0      0   1512   1410   2170      6      0 
    0     42     32     37      -      -      -      -      -      -   1512    210      0      1      0 
    1    235     64     67     98     17      0      0      0      0   1512   1410   2170      6      0 
    0     42     33     37      -      -      -      -      -      -   1512    210      0      1      0 
    1    236     64     67     98     17      0      0      0      0   1512   1410   1996      6      0 
