# gpu    pwr  gtemp  mtemp     sm    mem    enc    dec    jpg    ofa   mclk   pclk     fb   bar1   ccpm 
# Idx      W      C      C      %      %      %      %      %      %    MHz    MHz     MB     MB     MB 
    0     68     39     41      2      0      0      0      0      0   1512   1410      0      1      0 
    1    271     68     69    100      8      0      0      0      0   1512   1410   1909      4      0 
    0    139     41     43     91      6      0      0      0      0   1512   1410   1507      4      0 
    1    268     68     69    100      8      0      0      0      0   1512   1410   1909      4      0 
    0    138     42     43     91      6      0      0      0      0   1512   1410   1507      4      0 
    1    291     69     69    100      8      0      0      0      0   1512   1410   1909      4      0 
    0    141     42     43     91      6      0      0      0      0   1512   1410   1507      4      0 
    1    267     69     69    100      8      0      0      0      0   1512   1410   1909      4      0 
    0    141     43     45     91      6      0      0      0      0   1512   1410   1507      4      0 
    1    267     69     69    100      8      0      0      0      0   1512   1410   1909      4      0 
    0    141     43     45     91      6      0      0      0      0   1512   1410   1507      4      0 
    1    268     68     69    100      8      0      0      0      0   1512   1410   1909      4      0 
    0    147     44     45     98      6      0      0      0      0   1512   1410   1505      4      0 
    1    268     69     69    100      8      0      0      0      0   1512   1410   1909      4      0 
    0    149     44     45     98      6      0      0      0      0   1512   1410   1505      4      0 
    1    274     69     69    100      8      0      0      0      0   1512   1410   1909      4      0 
    0    150     45     45     98      6      0      0      0      0   1512   1410   1505      4      0 
    1    274     69     69    100      8      0      0      0      0   1512   1410   1909      4      0 
    0    149     45     47     98      6      0      0      0      0   1512   1410   1505      4      0 
    1    270     68     69    100      8      0      0      0      0   1512   1410   1909      4      0 
    0    151     45     47     98      6      0      0      0      0   1512   1410   1505      4      0 
    1    275     69     69    100      8      0      0      0      0   1512   1410   1909      4      0 
    0    151     46     47     98      6      0      0      0      0   1512   1410   1505      4      0 
    1    280     69     69    100      9      0      0      0      0   1512   1410   1909      4      0 
    0    150     46     47     98      6      0      0      0      0   1512   1410   1505      4      0 
    1    272     69     69    100      8      0      0      0      0   1512   1410   1909      4      0 
    0    151     46     47     98      6      0      0      0      0   1512   1410   1505      4      0 
    1    270     69     69    100      8      0      0      0      0   1512   1410   1909      4      0 
    0    153     46     47     98      6      0      0      0      0   1512   1410   1505      4      0 
    1    274     69     69    100      8      0      0      0      0   1512   1410   1909      4      0 
    0    152     47     47     98      6      0      0      0      0   1512   1410   1505      4      0 
    1    264     68     69    100      8      0      0      0      0   1512   1410   1909      4      0 
    0    153     47     49     98      6      0      0      0      0   1512   1410   1505      4      0 
    1    274     69     69    100      8      0      0      0      0   1512   1410   1909      4      0 
    0    153     47     49     98      6      0      0      0      0   1512   1410   1505      4      0 
    1    279     69     69    100      9      0      0      0      0   1512   1410   1909      4      0 
    0    154     47     49     98      6      0      0      0      0   1512   1410   1505      4      0 
    1    276     69     69    100      8      0      0      0      0   1512   1410   1909      4      0 
    0    153     47     49     98      6      0      0      0      0   1512   1410   1505      4      0 
    1    276     69     69    100      8      0      0      0      0   1512   1410   1909      4      0 
    0    153     47     49     98      6      0      0      0      0   1512   1410   1505      4      0 
    1    281     69     69    100      8      0      0      0      0   1512   1410   1909      4      0 
    0    153     48     49     98      6      0      0      0      0   1512   1410   1505      4      0 
    1    284     69     69    100      9      0      0      0      0   1512   1410   1909      4      0 
# gpu    pwr  gtemp  mtemp     sm    mem    enc    dec    jpg    ofa   mclk   pclk     fb   bar1   ccpm 
# Idx      W      C      C      %      %      %      %      %      %    MHz    MHz     MB     MB     MB 
    0    152     48     49     98      6      0      0      0      0   1512   1410   1505      4      0 
    1    273     69     69    100      8      0      0      0      0   1512   1410   1909      4      0 
    0    154     48     49     98      6      0      0      0      0   1512   1410   1505      4      0 
    1    290     69     69    100      9      0      0      0      0   1512   1410   1909      4      0 
    0    155     48     49     98      6      0      0      0      0   1512   1410   1505      4      0 
    1    263     69     69    100      8      0      0      0      0   1512   1410   1909      4      0 
    0    152     48     49     98      6      0      0      0      0   1512   1410   1505      4      0 
    1    288     69     69    100      8      0      0      0      0   1512   1410   1909      4      0 
    0    153     48     49     98      6      0      0      0      0   1512   1410   1505      4      0 
    1    275     69     69    100      8      0      0      0      0   1512   1410   1909      4      0 
    0    154     48     49     98      6      0      0      0      0   1512   1410   1505      4      0 
    1    287     69     69    100      8      0      0      0      0   1512   1410   1909      4      0 
    0    154     48     49     98      6      0      0      0      0   1512   1410   1505      4      0 
    1    278     69     69    100      8      0      0      0      0   1512   1410   1909      4      0 
    0    150     48     49     98      6      0      0      0      0   1512   1410   1505      4      0 
    1    280     69     69    100      8      0      0      0      0   1512   1410   1909      4      0 
    0    154     48     49     98      6      0      0      0      0   1512   1410   1505      4      0 
    1    275     69     69    100      8      0      0      0      0   1512   1410   1909      4      0 
    0    154     49     49     98      6      0      0      0      0   1512   1410   1505      4      0 
    1    274     69     69    100      8      0      0      0      0   1512   1410   1909      4      0 
    0    153     49     49     98      6      0      0      0      0   1512   1410   1505      4      0 
    1    274     69     69    100      8      0      0      0      0   1512   1410   1909      4      0 
    0    153     49     49     98      6      0      0      0      0   1512   1410   1505      4      0 
    1    274     69     69    100      8      0      0      0      0   1512   1410   1909      4      0 
    0    153     49     49     98      6      0      0      0      0   1512   1410   1505      4      0 
    1    276     69     69    100      8      0      0      0      0   1512   1410   1909      4      0 
    0    153     49     51     98      6      0      0      0      0   1512   1410   1505      4      0 
    1    268     69     69    100      8      0      0      0      0   1512   1410   1909      4      0 
    0    154     49     51     98      6      0      0      0      0   1512   1410   1505      4      0 
    1    265     69     69    100      8      0      0      0      0   1512   1410   1909      4      0 
    0    151     49     51     98      6      0      0      0      0   1512   1410   1505      4      0 
    1    291     69     69    100      8      0      0      0      0   1512   1410   1909      4      0 
    0    155     49     51     98      6      0      0      0      0   1512   1410   1505      4      0 
    1    274     69     69    100      8      0      0      0      0   1512   1410   1909      4      0 
    0    154     49     51     98      6      0      0      0      0   1512   1410   1505      4      0 
    1    269     69     69    100      8      0      0      0      0   1512   1410   1909      4      0 
    0    152     49     51     98      6      0      0      0      0   1512   1410   1505      4      0 
    1    268     69     69    100      8      0      0      0      0   1512   1410   1909      4      0 
    0    154     49     51     98      6      0      0      0      0   1512   1410   1505      4      0 
    1    275     69     69    100      8      0      0      0      0   1512   1410   1909      4      0 
    0    155     49     51     98      6      0      0      0      0   1512   1410   1505      4      0 
    1    276     69     69    100      9      0      0      0      0   1512   1410   1909      4      0 
    0    154     49     51     98      6      0      0      0      0   1512   1410   1505      4      0 
    1    270     69     69    100      8      0      0      0      0   1512   1410   1909      4      0 
# gpu    pwr  gtemp  mtemp     sm    mem    enc    dec    jpg    ofa   mclk   pclk     fb   bar1   ccpm 
# Idx      W      C      C      %      %      %      %      %      %    MHz    MHz     MB     MB     MB 
    0    156     49     51     98      6      0      0      0      0   1512   1410   1505      4      0 
    1    285     69     69    100      8      0      0      0      0   1512   1410   1909      4      0 
    0    157     49     51     98      6      0      0      0      0   1512   1410   1505      4      0 
    1    273     69     69    100      8      0      0      0      0   1512   1410   1909      4      0 
    0    156     49     51     98      6      0      0      0      0   1512   1410   1505      4      0 
    1    263     69     69    100      9      0      0      0      0   1512   1410   1909      4      0 
    0    155     49     51     98      6      0      0      0      0   1512   1410   1505      4      0 
    1    269     69     69    100      8      0      0      0      0   1512   1410   1909      4      0 
    0    155     49     51     98      6      0      0      0      0   1512   1410   1505      4      0 
    1    263     69     69    100      8      0      0      0      0   1512   1410   1909      4      0 
    0    154     49     51     98      6      0      0      0      0   1512   1410   1505      4      0 
    1    275     69     69    100      8      0      0      0      0   1512   1410   1909      4      0 
    0    151     49     51     98      6      0      0      0      0   1512   1410   1505      4      0 
    1    270     69     69    100      8      0      0      0      0   1512   1410   1909      4      0 
    0    156     49     51     98      6      0      0      0      0   1512   1410   1505      4      0 
    1    267     69     69    100      8      0      0      0      0   1512   1410   1909      4      0 
    0    157     49     51     98      6      0      0      0      0   1512   1410   1505      4      0 
    1    273     69     69    100      8      0      0      0      0   1512   1410   1909      4      0 
    0    156     49     51     98      6      0      0      0      0   1512   1410   1505      4      0 
    1    274     69     69    100      9      0      0      0      0   1512   1410   1909      4      0 
    0    155     49     51     98      6      0      0      0      0   1512   1410   1505      4      0 
    1    269     69     69    100      8      0      0      0      0   1512   1410   1909      4      0 
    0    156     49     51     98      6      0      0      0      0   1512   1410   1505      4      0 
    1    275     69     69    100      8      0      0      0      0   1512   1410   1909      4      0 
    0    156     49     51     98      6      0      0      0      0   1512   1410   1505      4      0 
    1    268     69     69    100      8      0      0      0      0   1512   1410   1909      4      0 
    0    156     49     51     98      6      0      0      0      0   1512   1410   1505      4      0 
    1    273     69     69    100      8      0      0      0      0   1512   1410   1909      4      0 
    0    156     49     51     98      6      0      0      0      0   1512   1410   1505      4      0 
    1    289     69     69    100      8      0      0      0      0   1512   1410   1909      4      0 
    0    156     49     51     98      6      0      0      0      0   1512   1410   1505      4      0 
    1    275     69     69    100      8      0      0      0      0   1512   1410   1909      4      0 
    0    156     49     51     98      6      0      0      0      0   1512   1410   1505      4      0 
    1    275     69     69    100      8      0      0      0      0   1512   1410   1909      4      0 
    0    156     49     51     98      6      0      0      0      0   1512   1410   1505      4      0 
    1    273     69     69    100      8      0      0      0      0   1512   1410   1909      4      0 
    0    155     49     51     98      6      0      0      0      0   1512   1410   1505      4      0 
    1    281     69     69    100      8      0      0      0      0   1512   1410   1909      4      0 
    0    158     49     51     98      6      0      0      0      0   1512   1410   1505      4      0 
    1    277     69     69    100      9      0      0      0      0   1512   1410   1909      4      0 
    0    156     49     51     98      6      0      0      0      0   1512   1410   1505      4      0 
    1    275     69     69    100      8      0      0      0      0   1512   1410   1909      4      0 
    0    155     49     51     98      6      0      0      0      0   1512   1410   1505      4      0 
    1    273     69     69    100      8      0      0      0      0   1512   1410   1909      4      0 
# gpu    pwr  gtemp  mtemp     sm    mem    enc    dec    jpg    ofa   mclk   pclk     fb   bar1   ccpm 
# Idx      W      C      C      %      %      %      %      %      %    MHz    MHz     MB     MB     MB 
    0    157     49     51     98      6      0      0      0      0   1512   1410   1505      4      0 
    1    275     69     69    100      8      0      0      0      0   1512   1410   1909      4      0 
    0    157     49     51     98      6      0      0      0      0   1512   1410   1505      4      0 
    1    269     69     69    100      8      0      0      0      0   1512   1410   1909      4      0 
    0    156     49     51     98      6      0      0      0      0   1512   1410   1505      4      0 
    1    276     69     69    100      8      0      0      0      0   1512   1410   1909      4      0 
    0    156     49     51     98      6      0      0      0      0   1512   1410   1505      4      0 
    1    284     69     69    100      8      0      0      0      0   1512   1410   1909      4      0 
    0    156     49     51     98      6      0      0      0      0   1512   1410   1505      4      0 
    1    272     69     69    100      8      0      0      0      0   1512   1410   1909      4      0 
    0    158     49     51     98      6      0      0      0      0   1512   1410   1505      4      0 
    1    268     69     69    100      8      0      0      0      0   1512   1410   1909      4      0 
    0    156     49     51     98      6      0      0      0      0   1512   1410   1505      4      0 
    1    268     69     69    100      9      0      0      0      0   1512   1410   1909      4      0 
    0    156     49     51     98      6      0      0      0      0   1512   1410   1505      4      0 
    1    273     69     69    100      8      0      0      0      0   1512   1410   1909      4      0 
    0    157     49     51     98      6      0      0      0      0   1512   1410   1505      4      0 
    1    273     69     69    100      8      0      0      0      0   1512   1410   1909      4      0 
    0    155     49     51     98      6      0      0      0      0   1512   1410   1505      4      0 
    1    288     69     69    100      8      0      0      0      0   1512   1410   1909      4      0 
    0    155     49     51     98      6      0      0      0      0   1512   1410   1505      4      0 
    1    267     69     69    100      8      0      0      0      0   1512   1410   1909      4      0 
    0    156     49     51     98      6      0      0      0      0   1512   1410   1505      4      0 
    1    268     69     69    100      8      0      0      0      0   1512   1410   1909      4      0 
    0    157     49     51     98      6      0      0      0      0   1512   1410   1505      4      0 
    1    291     69     69    100      8      0      0      0      0   1512   1410   1909      4      0 
    0    158     49     51     98      6      0      0      0      0   1512   1410   1505      4      0 
    1    273     69     69    100      8      0      0      0      0   1512   1410   1909      4      0 
    0    157     49     51     98      6      0      0      0      0   1512   1410   1505      4      0 
    1    289     69     69    100      9      0      0      0      0   1512   1410   1909      4      0 
    0    157     49     51     98      6      0      0      0      0   1512   1410   1505      4      0 
    1    277     69     69    100      8      0      0      0      0   1512   1410   1909      4      0 
    0    154     49     51     98      6      0      0      0      0   1512   1410   1505      4      0 
    1    272     69     69    100      8      0      0      0      0   1512   1410   1909      4      0 
    0    158     49     51     98      6      0      0      0      0   1512   1410   1505      4      0 
    1    279     69     69    100      8      0      0      0      0   1512   1410   1909      4      0 
    0    155     49     51     98      6      0      0      0      0   1512   1410   1505      4      0 
    1    267     69     69    100      8      0      0      0      0   1512   1410   1909      4      0 
    0    156     49     51     98      6      0      0      0      0   1512   1410   1505      4      0 
    1    277     69     69    100      8      0      0      0      0   1512   1410   1909      4      0 
    0    157     49     51     98      6      0      0      0      0   1512   1410   1505      4      0 
    1    278     69     69    100      8      0      0      0      0   1512   1410   1909      4      0 
    0    157     49     51     98      6      0      0      0      0   1512   1410   1505      4      0 
    1    280     69     69    100      8      0      0      0      0   1512   1410   1909      4      0 
# gpu    pwr  gtemp  mtemp     sm    mem    enc    dec    jpg    ofa   mclk   pclk     fb   bar1   ccpm 
# Idx      W      C      C      %      %      %      %      %      %    MHz    MHz     MB     MB     MB 
    0    158     49     51     98      6      0      0      0      0   1512   1410   1505      4      0 
    1    279     69     69    100      8      0      0      0      0   1512   1410   1909      4      0 
    0    156     49     51     98      6      0      0      0      0   1512   1410   1505      4      0 
    1    273     69     69    100      8      0      0      0      0   1512   1410   1909      4      0 
    0    156     49     51     98      6      0      0      0      0   1512   1410   1505      4      0 
    1    281     69     69    100      9      0      0      0      0   1512   1410   1909      4      0 
    0    154     50     51     98      6      0      0      0      0   1512   1410   1505      4      0 
    1    274     69     69    100      8      0      0      0      0   1512   1410   1909      4      0 
    0    157     49     51     98      6      0      0      0      0   1512   1410   1505      4      0 
    1    272     69     69    100      8      0      0      0      0   1512   1410   1909      4      0 
    0    156     49     51     98      6      0      0      0      0   1512   1410   1505      4      0 
    1    270     69     69    100      8      0      0      0      0   1512   1410   1909      4      0 
    0    157     50     51     98      6      0      0      0      0   1512   1410   1505      4      0 
    1    272     69     69    100      8      0      0      0      0   1512   1410   1909      4      0 
    0    157     50     51     98      6      0      0      0      0   1512   1410   1505      4      0 
    1    268     69     69    100      8      0      0      0      0   1512   1410   1909      4      0 
    0    156     49     51     98      6      0      0      0      0   1512   1410   1505      4      0 
    1    274     69     69    100      8      0      0      0      0   1512   1410   1909      4      0 
    0    154     50     51     98      6      0      0      0      0   1512   1410   1505      4      0 
    1    261     69     69    100      8      0      0      0      0   1512   1410   1909      4      0 
    0    156     49     51     98      6      0      0      0      0   1512   1410   1505      4      0 
    1    268     69     69    100      9      0      0      0      0   1512   1410   1909      4      0 
    0    157     49     51     98      6      0      0      0      0   1512   1410   1505      4      0 
    1    274     69     69    100      8      0      0      0      0   1512   1410   1909      4      0 
    0    156     49     51     98      6      0      0      0      0   1512   1410   1505      4      0 
    1    283     69     69    100      8      0      0      0      0   1512   1410   1909      4      0 
    0    156     49     51     98      6      0      0      0      0   1512   1410   1505      4      0 
    1    280     69     69    100      8      0      0      0      0   1512   1410   1909      4      0 
    0    158     49     51     98      6      0      0      0      0   1512   1410   1505      4      0 
    1    264     69     69    100      8      0      0      0      0   1512   1410   1909      4      0 
    0    156     49     51     98      6      0      0      0      0   1512   1410   1505      4      0 
    1    285     69     69    100      8      0      0      0      0   1512   1410   1909      4      0 
    0    157     49     51     98      6      0      0      0      0   1512   1410   1505      4      0 
    1    279     69     69    100      8      0      0      0      0   1512   1410   1909      4      0 
    0    157     50     51     98      6      0      0      0      0   1512   1410   1505      4      0 
    1    288     69     69    100      8      0      0      0      0   1512   1410   1909      4      0 
    0    157     49     51     98      6      0      0      0      0   1512   1410   1505      4      0 
    1    265     69     69    100      8      0      0      0      0   1512   1410   1909      4      0 
    0    156     49     51     98      6      0      0      0      0   1512   1410   1505      4      0 
    1    274     69     69    100      8      0      0      0      0   1512   1410   1909      4      0 
    0    158     49     51     98      6      0      0      0      0   1512   1410   1505      4      0 
    1    278     69     69    100      8      0      0      0      0   1512   1410   1909      4      0 
    0    158     50     51     98      6      0      0      0      0   1512   1410   1505      4      0 
    1    270     68     69    100      8      0      0      0      0   1512   1410   1909      4      0 
# gpu    pwr  gtemp  mtemp     sm    mem    enc    dec    jpg    ofa   mclk   pclk     fb   bar1   ccpm 
# Idx      W      C      C      %      %      %      %      %      %    MHz    MHz     MB     MB     MB 
    0    155     49     51     98      6      0      0      0      0   1512   1410   1505      4      0 
    1    280     69     69    100      8      0      0      0      0   1512   1410   1909      4      0 
    0    157     50     51     98      6      0      0      0      0   1512   1410   1505      4      0 
    1    289     69     69    100      8      0      0      0      0   1512   1410   1909      4      0 
    0    157     50     51     98      6      0      0      0      0   1512   1410   1505      4      0 
    1    274     68     69    100      8      0      0      0      0   1512   1410   1909      4      0 
    0    155     50     51     98      6      0      0      0      0   1512   1410   1505      4      0 
    1    268     69     69    100      8      0      0      0      0   1512   1410   1909      4      0 
    0    156     50     51     98      6      0      0      0      0   1512   1410   1505      4      0 
    1    278     69     69    100      8      0      0      0      0   1512   1410   1909      4      0 
    0    156     50     51     98      6      0      0      0      0   1512   1410   1505      4      0 
    1    284     69     69    100      8      0      0      0      0   1512   1410   1909      4      0 
    0    158     50     51     98      6      0      0      0      0   1512   1410   1505      4      0 
    1    275     69     69    100      8      0      0      0      0   1512   1410   1909      4      0 
    0    157     50     51     98      6      0      0      0      0   1512   1410   1505      4      0 
    1    269     69     69    100      8      0      0      0      0   1512   1410   1909      4      0 
    0    156     50     51     98      6      0      0      0      0   1512   1410   1505      4      0 
    1    274     69     69    100      8      0      0      0      0   1512   1410   1909      4      0 
    0    157     50     51     98      6      0      0      0      0   1512   1410   1505      4      0 
    1    280     69     69    100      8      0      0      0      0   1512   1410   1909      4      0 
    0    156     50     51     98      6      0      0      0      0   1512   1410   1505      4      0 
    1    270     69     69    100      8      0      0      0      0   1512   1410   1909      4      0 
    0    156     50     51     98      6      0      0      0      0   1512   1410   1505      4      0 
    1    272     69     69    100      8      0      0      0      0   1512   1410   1909      4      0 
    0    156     50     51     98      6      0      0      0      0   1512   1410   1505      4      0 
    1    272     69     69    100      8      0      0      0      0   1512   1410   1909      4      0 
    0    158     50     51     98      6      0      0      0      0   1512   1410   1505      4      0 
    1    281     69     69    100      8      0      0      0      0   1512   1410   1909      4      0 
    0    157     50     51     98      6      0      0      0      0   1512   1410   1505      4      0 
    1    275     69     69    100      8      0      0      0      0   1512   1410   1909      4      0 
    0    156     50     51     98      6      0      0      0      0   1512   1410   1505      4      0 
    1    272     69     69    100      8      0      0      0      0   1512   1410   1909      4      0 
    0    156     50     51     98      6      0      0      0      0   1512   1410   1505      4      0 
    1    279     69     69    100      8      0      0      0      0   1512   1410   1909      4      0 
    0    155     50     51     98      6      0      0      0      0   1512   1410   1505      4      0 
    1    275     69     69    100      8      0      0      0      0   1512   1410   1909      4      0 
    0    156     50     51     98      6      0      0      0      0   1512   1410   1505      4      0 
    1    266     69     69    100      8      0      0      0      0   1512   1410   1909      4      0 
    0    158     50     51     98      6      0      0      0      0   1512   1410   1505      4      0 
    1    274     69     69    100      8      0      0      0      0   1512   1410   1909      4      0 
    0    156     50     51     98      6      0      0      0      0   1512   1410   1505      4      0 
    1    290     69     69    100      9      0      0      0      0   1512   1410   1909      4      0 
    0    156     50     51     98      6      0      0      0      0   1512   1410   1505      4      0 
    1    280     69     69    100      8      0      0      0      0   1512   1410   1909      4      0 
# gpu    pwr  gtemp  mtemp     sm    mem    enc    dec    jpg    ofa   mclk   pclk     fb   bar1   ccpm 
# Idx      W      C      C      %      %      %      %      %      %    MHz    MHz     MB     MB     MB 
    0    156     50     51     98      6      0      0      0      0   1512   1410   1505      4      0 
    1    281     69     69    100      8      0      0      0      0   1512   1410   1909      4      0 
    0    156     50     51     98      6      0      0      0      0   1512   1410   1505      4      0 
    1    276     69     69    100      8      0      0      0      0   1512   1410   1909      4      0 
    0    157     50     51     98      6      0      0      0      0   1512   1410   1505      4      0 
    1    281     69     69    100      8      0      0      0      0   1512   1410   1909      4      0 
    0    157     50     51     98      6      0      0      0      0   1512   1410   1505      4      0 
    1    277     69     69    100      8      0      0      0      0   1512   1410   1909      4      0 
    0    156     50     51     98      6      0      0      0      0   1512   1410   1505      4      0 
    1    276     69     69    100      8      0      0      0      0   1512   1410   1909      4      0 
    0    159     50     51     98      6      0      0      0      0   1512   1410   1505      4      0 
    1    277     69     69    100      8      0      0      0      0   1512   1410   1909      4      0 
    0    157     50     51     98      6      0      0      0      0   1512   1410   1505      4      0 
    1    290     69     69    100      8      0      0      0      0   1512   1410   1909      4      0 
    0    157     50     51     98      6      0      0      0      0   1512   1410   1505      4      0 
    1    280     69     69    100      8      0      0      0      0   1512   1410   1909      4      0 
    0    157     50     51     98      6      0      0      0      0   1512   1410   1505      4      0 
    1    275     69     69    100      8      0      0      0      0   1512   1410   1909      4      0 
    0    158     50     51     98      6      0      0      0      0   1512   1410   1505      4      0 
    1    280     69     69    100      9      0      0      0      0   1512   1410   1909      4      0 
    0    156     50     51     98      6      0      0      0      0   1512   1410   1505      4      0 
    1    268     69     69    100      8      0      0      0      0   1512   1410   1909      4      0 
    0    158     50     51     98      6      0      0      0      0   1512   1410   1505      4      0 
    1    267     69     69    100      8      0      0      0      0   1512   1410   1909      4      0 
    0    157     50     51     98      6      0      0      0      0   1512   1410   1505      4      0 
    1    275     69     69    100      8      0      0      0      0   1512   1410   1909      4      0 
    0    157     50     51     98      6      0      0      0      0   1512   1410   1505      4      0 
    1    277     69     69    100      8      0      0      0      0   1512   1410   1909      4      0 
    0    157     50     51     98      6      0      0      0      0   1512   1410   1505      4      0 
    1    266     69     69    100      8      0      0      0      0   1512   1410   1909      4      0 
    0    158     50     51     98      6      0      0      0      0   1512   1410   1505      4      0 
    1    266     69     69    100      8      0      0      0      0   1512   1410   1909      4      0 
    0    156     50     51     98      6      0      0      0      0   1512   1410   1505      4      0 
    1    267     69     69    100      8      0      0      0      0   1512   1410   1909      4      0 
    0    158     50     51     98      6      0      0      0      0   1512   1410   1505      4      0 
    1    275     69     69    100      8      0      0      0      0   1512   1410   1909      4      0 
    0    157     50     51     98      6      0      0      0      0   1512   1410   1505      4      0 
    1    269     69     69    100      8      0      0      0      0   1512   1410   1909      4      0 
    0    156     50     51     98      6      0      0      0      0   1512   1410   1505      4      0 
    1    273     69     69    100      8      0      0      0      0   1512   1410   1909      4      0 
    0    157     50     51     98      6      0      0      0      0   1512   1410   1505      4      0 
    1    263     69     69    100      8      0      0      0      0   1512   1410   1909      4      0 
    0    157     50     51     98      6      0      0      0      0   1512   1410   1505      4      0 
    1    260     69     69    100      8      0      0      0      0   1512   1410   1909      4      0 
# gpu    pwr  gtemp  mtemp     sm    mem    enc    dec    jpg    ofa   mclk   pclk     fb   bar1   ccpm 
# Idx      W      C      C      %      %      %      %      %      %    MHz    MHz     MB     MB     MB 
    0    157     50     51     98      6      0      0      0      0   1512   1410   1505      4      0 
    1    283     69     69    100      8      0      0      0      0   1512   1410   1909      4      0 
    0    156     50     51     98      6      0      0      0      0   1512   1410   1505      4      0 
    1    278     69     69    100      8      0      0      0      0   1512   1410   1909      4      0 
    0    157     50     51     98      6      0      0      0      0   1512   1410   1505      4      0 
    1    292     69     69    100      8      0      0      0      0   1512   1410   1909      4      0 
    0    157     50     51     98      6      0      0      0      0   1512   1410   1505      4      0 
    1    279     69     69    100      8      0      0      0      0   1512   1410   1909      4      0 
    0    157     50     51     98      6      0      0      0      0   1512   1410   1505      4      0 
    1    290     69     69    100      8      0      0      0      0   1512   1410   1909      4      0 
    0    156     50     51     98      6      0      0      0      0   1512   1410   1505      4      0 
    1    278     69     69    100      8      0      0      0      0   1512   1410   1909      4      0 
    0    157     50     51     98      6      0      0      0      0   1512   1410   1505      4      0 
    1    269     69     69    100      8      0      0      0      0   1512   1410   1909      4      0 
    0    155     50     51     98      6      0      0      0      0   1512   1410   1505      4      0 
    1    270     69     69    100      8      0      0      0      0   1512   1410   1909      4      0 
    0    157     50     51     98      6      0      0      0      0   1512   1410   1505      4      0 
    1    272     69     69    100      8      0      0      0      0   1512   1410   1909      4      0 
    0    158     50     51     98      6      0      0      0      0   1512   1410   1505      4      0 
    1    276     69     69    100      8      0      0      0      0   1512   1410   1909      4      0 
    0    157     50     51     98      6      0      0      0      0   1512   1410   1505      4      0 
    1    269     69     69    100      8      0      0      0      0   1512   1410   1909      4      0 
    0    157     50     51     98      6      0      0      0      0   1512   1410   1505      4      0 
    1    290     69     69    100      8      0      0      0      0   1512   1410   1909      4      0 
    0    159     50     51     98      6      0      0      0      0   1512   1410   1505      4      0 
    1    276     69     69    100      8      0      0      0      0   1512   1410   1909      4      0 
    0    157     50     51     98      6      0      0      0      0   1512   1410   1505      4      0 
    1    274     69     69    100      8      0      0      0      0   1512   1410   1909      4      0 
    0    155     50     51     98      6      0      0      0      0   1512   1410   1505      4      0 
    1    278     69     69    100      8      0      0      0      0   1512   1410   1909      4      0 
    0    158     50     51     98      6      0      0      0      0   1512   1410   1505      4      0 
    1    267     69     69    100      9      0      0      0      0   1512   1410   1909      4      0 
    0    155     50     51     98      6      0      0      0      0   1512   1410   1505      4      0 
    1    277     69     69    100      8      0      0      0      0   1512   1410   1909      4      0 
    0    157     50     51     98      6      0      0      0      0   1512   1410   1505      4      0 
    1    270     69     69    100      8      0      0      0      0   1512   1410   1909      4      0 
    0    157     50     51     98      6      0      0      0      0   1512   1410   1505      4      0 
    1    274     69     69    100      8      0      0      0      0   1512   1410   1909      4      0 
    0    158     50     51     98      6      0      0      0      0   1512   1410   1505      4      0 
    1    274     69     69    100      8      0      0      0      0   1512   1410   1909      4      0 
    0    156     50     51     98      6      0      0      0      0   1512   1410   1505      4      0 
    1    268     69     69    100      8      0      0      0      0   1512   1410   1909      4      0 
    0    157     50     51     98      6      0      0      0      0   1512   1410   1505      4      0 
    1    288     69     69    100      8      0      0      0      0   1512   1410   1909      4      0 
# gpu    pwr  gtemp  mtemp     sm    mem    enc    dec    jpg    ofa   mclk   pclk     fb   bar1   ccpm 
# Idx      W      C      C      %      %      %      %      %      %    MHz    MHz     MB     MB     MB 
    0    156     50     51     98      6      0      0      0      0   1512   1410   1505      4      0 
    1    265     69     69    100      8      0      0      0      0   1512   1410   1909      4      0 
    0    156     50     51     98      6      0      0      0      0   1512   1410   1505      4      0 
    1    286     69     69    100      8      0      0      0      0   1512   1410   1909      4      0 
    0    156     50     51     98      6      0      0      0      0   1512   1410   1505      4      0 
    1    261     69     69    100      8      0      0      0      0   1512   1410   1909      4      0 
    0    156     50     51     98      6      0      0      0      0   1512   1410   1505      4      0 
    1    280     69     69    100      8      0      0      0      0   1512   1410   1909      4      0 
    0    158     50     51     98      6      0      0      0      0   1512   1410   1505      4      0 
    1    266     69     69    100      8      0      0      0      0   1512   1410   1909      4      0 
    0    158     50     51     98      6      0      0      0      0   1512   1410   1505      4      0 
    1    282     69     69    100      8      0      0      0      0   1512   1410   1909      4      0 
    0    155     50     51     98      6      0      0      0      0   1512   1410   1505      4      0 
    1    274     69     69    100      8      0      0      0      0   1512   1410   1909      4      0 
    0    156     50     51     98      6      0      0      0      0   1512   1410   1505      4      0 
    1    278     69     69    100      8      0      0      0      0   1512   1410   1909      4      0 
    0    157     50     51     98      6      0      0      0      0   1512   1410   1505      4      0 
    1    275     69     69    100      8      0      0      0      0   1512   1410   1909      4      0 
    0    156     50     51     98      6      0      0      0      0   1512   1410   1505      4      0 
    1    277     69     69    100      8      0      0      0      0   1512   1410   1909      4      0 
    0    156     50     51     98      6      0      0      0      0   1512   1410   1505      4      0 
    1    283     69     69    100      8      0      0      0      0   1512   1410   1909      4      0 
    0    157     50     51     98      6      0      0      0      0   1512   1410   1505      4      0 
    1    278     69     69    100      8      0      0      0      0   1512   1410   1909      4      0 
    0    157     50     51     98      6      0      0      0      0   1512   1410   1505      4      0 
    1    274     69     69    100      9      0      0      0      0   1512   1410   1909      4      0 
    0    157     50     51     98      6      0      0      0      0   1512   1410   1505      4      0 
    1    281     69     69    100      8      0      0      0      0   1512   1410   1909      4      0 
    0    157     50     51     98      6      0      0      0      0   1512   1410   1505      4      0 
    1    276     69     69    100      8      0      0      0      0   1512   1410   1909      4      0 
    0    157     50     51     98      6      0      0      0      0   1512   1410   1505      4      0 
    1    280     69     69    100      8      0      0      0      0   1512   1410   1909      4      0 
    0    157     50     51     98      6      0      0      0      0   1512   1410   1505      4      0 
    1    274     69     69    100      8      0      0      0      0   1512   1410   1909      4      0 
    0    158     50     51     98      6      0      0      0      0   1512   1410   1505      4      0 
    1    278     69     69    100      8      0      0      0      0   1512   1410   1909      4      0 
    0    157     50     51     98      6      0      0      0      0   1512   1410   1505      4      0 
    1    277     69     69    100      8      0      0      0      0   1512   1410   1909      4      0 
    0    156     50     51     98      6      0      0      0      0   1512   1410   1505      4      0 
    1    281     69     69    100      8      0      0      0      0   1512   1410   1909      4      0 
    0    157     50     51     98      6      0      0      0      0   1512   1410   1505      4      0 
    1    286     69     69    100      8      0      0      0      0   1512   1410   1909      4      0 
    0    157     50     51     98      6      0      0      0      0   1512   1410   1505      4      0 
    1    263     69     69    100      8      0      0      0      0   1512   1410   1909      4      0 
# gpu    pwr  gtemp  mtemp     sm    mem    enc    dec    jpg    ofa   mclk   pclk     fb   bar1   ccpm 
# Idx      W      C      C      %      %      %      %      %      %    MHz    MHz     MB     MB     MB 
    0    159     50     51     98      6      0      0      0      0   1512   1410   1505      4      0 
    1    275     69     69    100      8      0      0      0      0   1512   1410   1909      4      0 
    0    157     50     51     98      6      0      0      0      0   1512   1410   1505      4      0 
    1    272     69     69    100      8      0      0      0      0   1512   1410   1909      4      0 
    0    157     50     51     98      6      0      0      0      0   1512   1410   1505      4      0 
    1    285     69     69    100      8      0      0      0      0   1512   1410   1909      4      0 
    0    156     50     51     98      6      0      0      0      0   1512   1410   1505      4      0 
    1    288     69     69    100      8      0      0      0      0   1512   1410   1909      4      0 
    0    157     50     51     98      6      0      0      0      0   1512   1410   1505      4      0 
    1    278     69     69    100      8      0      0      0      0   1512   1410   1909      4      0 
    0    155     50     51     98      6      0      0      0      0   1512   1410   1505      4      0 
    1    270     69     69    100      8      0      0      0      0   1512   1410   1909      4      0 
    0    156     50     51     98      6      0      0      0      0   1512   1410   1505      4      0 
    1    278     69     69    100      8      0      0      0      0   1512   1410   1909      4      0 
    0    157     50     51     98      6      0      0      0      0   1512   1410   1505      4      0 
    1    266     69     69    100      8      0      0      0      0   1512   1410   1909      4      0 
    0    157     50     51     98      6      0      0      0      0   1512   1410   1505      4      0 
    1    277     69     69    100      8      0      0      0      0   1512   1410   1909      4      0 
    0    157     50     51     98      6      0      0      0      0   1512   1410   1505      4      0 
    1    272     69     69     99      8      0      0      0      0   1512   1410   1909      4      0 
    0    156     50     51     98      6      0      0      0      0   1512   1410   1505      4      0 
    1    280     69     69    100      8      0      0      0      0   1512   1410   1909      4      0 
    0    157     50     51     98      6      0      0      0      0   1512   1410   1505      4      0 
    1    268     69     69    100      8      0      0      0      0   1512   1410   1909      4      0 
    0    156     50     51     98      6      0      0      0      0   1512   1410   1505      4      0 
    1    275     69     69    100      8      0      0      0      0   1512   1410   1909      4      0 
    0    158     50     51     98      6      0      0      0      0   1512   1410   1505      4      0 
    1    272     69     69    100      8      0      0      0      0   1512   1410   1909      4      0 
    0    158     50     51     98      6      0      0      0      0   1512   1410   1505      4      0 
    1    263     69     69    100      9      0      0      0      0   1512   1410   1909      4      0 
    0    157     50     51     98      6      0      0      0      0   1512   1410   1505      4      0 
    1    276     69     69    100      8      0      0      0      0   1512   1410   1909      4      0 
    0    155     50     51     98      6      0      0      0      0   1512   1410   1505      4      0 
    1    274     69     69    100      8      0      0      0      0   1512   1410   1909      4      0 
    0    157     50     51     98      6      0      0      0      0   1512   1410   1505      4      0 
    1    279     69     69    100      8      0      0      0      0   1512   1410   1909      4      0 
    0    156     50     51     98      6      0      0      0      0   1512   1410   1505      4      0 
    1    268     69     69    100      9      0      0      0      0   1512   1410   1909      4      0 
    0    158     50     51     98      6      0      0      0      0   1512   1410   1505      4      0 
    1    271     69     69    100      8      0      0      0      0   1512   1410   1909      4      0 
    0    158     50     51     98      6      0      0      0      0   1512   1410   1505      4      0 
    1    267     69     69    100      8      0      0      0      0   1512   1410   1909      4      0 
    0    157     50     51     98      6      0      0      0      0   1512   1410   1505      4      0 
    1    265     69     69    100      8      0      0      0      0   1512   1410   1909      4      0 
# gpu    pwr  gtemp  mtemp     sm    mem    enc    dec    jpg    ofa   mclk   pclk     fb   bar1   ccpm 
# Idx      W      C      C      %      %      %      %      %      %    MHz    MHz     MB     MB     MB 
    0    158     50     51     98      6      0      0      0      0   1512   1410   1505      4      0 
    1    289     69     69    100      8      0      0      0      0   1512   1410   1909      4      0 
    0    156     50     51     98      6      0      0      0      0   1512   1410   1505      4      0 
    1    289     69     69    100      8      0      0      0      0   1512   1410   1909      4      0 
    0    157     50     51     98      6      0      0      0      0   1512   1410   1505      4      0 
    1    277     69     69    100      8      0      0      0      0   1512   1410   1909      4      0 
    0    156     50     51     98      6      0      0      0      0   1512   1410   1505      4      0 
    1    264     69     69    100      8      0      0      0      0   1512   1410   1909      4      0 
    0    158     50     51     98      6      0      0      0      0   1512   1410   1505      4      0 
    1    287     69     69    100      8      0      0      0      0   1512   1410   1909      4      0 
    0    155     50     51     98      6      0      0      0      0   1512   1410   1505      4      0 
    1    273     69     69    100      8      0      0      0      0   1512   1410   1909      4      0 
    0    156     50     51     98      6      0      0      0      0   1512   1410   1505      4      0 
    1    263     69     69    100      8      0      0      0      0   1512   1410   1909      4      0 
    0    157     50     51     98      6      0      0      0      0   1512   1410   1505      4      0 
    1    278     69     69    100      8      0      0      0      0   1512   1410   1909      4      0 
    0    156     50     51     98      6      0      0      0      0   1512   1410   1505      4      0 
    1    290     69     69    100      8      0      0      0      0   1512   1410   1909      4      0 
    0    156     50     51     98      6      0      0      0      0   1512   1410   1505      4      0 
    1    285     69     69    100      8      0      0      0      0   1512   1410   1909      4      0 
    0    156     50     51     98      6      0      0      0      0   1512   1410   1505      4      0 
    1    267     69     69    100      8      0      0      0      0   1512   1410   1909      4      0 
    0    157     50     51     98      6      0      0      0      0   1512   1410   1505      4      0 
    1    287     69     69    100      8      0      0      0      0   1512   1410   1909      4      0 
    0    157     50     51     98      6      0      0      0      0   1512   1410   1505      4      0 
    1    271     69     69    100      8      0      0      0      0   1512   1410   1909      4      0 
    0    159     50     51     98      6      0      0      0      0   1512   1410   1505      4      0 
    1    276     69     69    100      8      0      0      0      0   1512   1410   1909      4      0 
    0    155     50     51     98      6      0      0      0      0   1512   1410   1505      4      0 
    1    267     69     69    100      8      0      0      0      0   1512   1410   1909      4      0 
    0    157     50     51     98      6      0      0      0      0   1512   1410   1505      4      0 
    1    268     69     69    100      8      0      0      0      0   1512   1410   1909      4      0 
    0    158     50     51     98      6      0      0      0      0   1512   1410   1505      4      0 
    1    278     69     69    100      8      0      0      0      0   1512   1410   1909      4      0 
    0    156     50     51     98      6      0      0      0      0   1512   1410   1505      4      0 
    1    268     69     69    100      9      0      0      0      0   1512   1410   1909      4      0 
    0    157     50     51     98      6      0      0      0      0   1512   1410   1505      4      0 
    1    288     69     69    100      8      0      0      0      0   1512   1410   1909      4      0 
    0    158     50     51     98      6      0      0      0      0   1512   1410   1505      4      0 
    1    289     69     69    100      8      0      0      0      0   1512   1410   1909      4      0 
    0    156     50     51     98      6      0      0      0      0   1512   1410   1505      4      0 
    1    277     69     69    100      8      0      0      0      0   1512   1410   1909      4      0 
    0    158     50     51     98      6      0      0      0      0   1512   1410   1505      4      0 
    1    282     69     69    100      8      0      0      0      0   1512   1410   1909      4      0 
# gpu    pwr  gtemp  mtemp     sm    mem    enc    dec    jpg    ofa   mclk   pclk     fb   bar1   ccpm 
# Idx      W      C      C      %      %      %      %      %      %    MHz    MHz     MB     MB     MB 
    0    158     50     51     98      6      0      0      0      0   1512   1410   1517      4      0 
    1    272     69     69    100      8      0      0      0      0   1512   1410   1909      4      0 
    0    152     50     51     95      6      0      0      0      0   1512   1410   1517      4      0 
    1    271     69     69    100      8      0      0      0      0   1512   1410   1909      4      0 
    0    150     50     51     95      6      0      0      0      0   1512   1410   1517      4      0 
    1    271     69     69    100      9      0      0      0      0   1512   1410   1909      4      0 
    0    150     50     51     94      6      0      0      0      0   1512   1410   1517      4      0 
    1    271     69     69    100      8      0      0      0      0   1512   1410   1909      4      0 
    0    148     50     51     95      6      0      0      0      0   1512   1410   1517      4      0 
    1    277     69     69     99      8      0      0      0      0   1512   1410   1909      4      0 
    0    152     50     51     95      6      0      0      0      0   1512   1410   1517      4      0 
    1    274     69     69    100      8      0      0      0      0   1512   1410   1909      4      0 
    0    150     50     51     95      6      0      0      0      0   1512   1410   1517      4      0 
    1    280     69     69    100      8      0      0      0      0   1512   1410   1909      4      0 
    0    151     49     51     95      6      0      0      0      0   1512   1410   1517      4      0 
    1    281     69     69    100      8      0      0      0      0   1512   1410   1909      4      0 
    0    151     49     51     95      6      0      0      0      0   1512   1410   1517      4      0 
    1    276     69     69    100      8      0      0      0      0   1512   1410   1909      4      0 
    0    151     49     51     95      6      0      0      0      0   1512   1410   1517      4      0 
    1    268     69     69    100      8      0      0      0      0   1512   1410   1909      4      0 
    0    151     49     51     95      6      0      0      0      0   1512   1410   1517      4      0 
    1    273     69     69    100      8      0      0      0      0   1512   1410   1909      4      0 
    0    151     49     51     95      6      0      0      0      0   1512   1410   1517      4      0 
    1    265     69     69    100      8      0      0      0      0   1512   1410   1909      4      0 
    0    152     49     51     95      6      0      0      0      0   1512   1410   1517      4      0 
    1    291     69     69    100      8      0      0      0      0   1512   1410   1909      4      0 
    0    152     49     51     95      6      0      0      0      0   1512   1410   1517      4      0 
    1    275     69     69    100      8      0      0      0      0   1512   1410   1909      4      0 
    0    152     49     51     95      6      0      0      0      0   1512   1410   1517      4      0 
    1    275     69     69    100      8      0      0      0      0   1512   1410   1909      4      0 
    0    151     49     51     95      6      0      0      0      0   1512   1410   1517      4      0 
    1    278     69     69    100      8      0      0      0      0   1512   1410   1909      4      0 
    0    150     49     51     95      6      0      0      0      0   1512   1410   1517      4      0 
    1    288     69     69    100      8      0      0      0      0   1512   1410   1909      4      0 
    0    152     49     51     95      6      0      0      0      0   1512   1410   1517      4      0 
    1    266     69     69    100      8      0      0      0      0   1512   1410   1909      4      0 
    0    151     49     51     95      6      0      0      0      0   1512   1410   1517      4      0 
    1    283     69     69    100      8      0      0      0      0   1512   1410   1909      4      0 
    0    152     49     51     95      6      0      0      0      0   1512   1410   1517      4      0 
    1    274     69     69    100      8      0      0      0      0   1512   1410   1909      4      0 
    0    151     49     51     95      6      0      0      0      0   1512   1410   1517      4      0 
    1    274     69     69    100      8      0      0      0      0   1512   1410   1909      4      0 
    0    151     49     51     95      6      0      0      0      0   1512   1410   1517      4      0 
    1    274     69     69    100      8      0      0      0      0   1512   1410   1909      4      0 
# gpu    pwr  gtemp  mtemp     sm    mem    enc    dec    jpg    ofa   mclk   pclk     fb   bar1   ccpm 
# Idx      W      C      C      %      %      %      %      %      %    MHz    MHz     MB     MB     MB 
    0    150     49     51     95      6      0      0      0      0   1512   1410   1517      4      0 
    1    278     69     69    100      8      0      0      0      0   1512   1410   1909      4      0 
    0    151     49     51     95      6      0      0      0      0   1512   1410   1517      4      0 
    1    266     69     69    100      8      0      0      0      0   1512   1410   1909      4      0 
    0    151     49     51     95      6      0      0      0      0   1512   1410   1517      4      0 
    1    269     69     69    100      8      0      0      0      0   1512   1410   1909      4      0 
    0    150     49     51     95      6      0      0      0      0   1512   1410   1517      4      0 
    1    269     69     69    100      8      0      0      0      0   1512   1410   1909      4      0 
    0    151     49     51     95      6      0      0      0      0   1512   1410   1517      4      0 
    1    284     69     69    100      8      0      0      0      0   1512   1410   1909      4      0 
    0    152     49     51     95      6      0      0      0      0   1512   1410   1517      4      0 
    1    270     69     69    100      8      0      0      0      0   1512   1410   1909      4      0 
    0    150     49     51     95      6      0      0      0      0   1512   1410   1517      4      0 
    1    288     69     69    100      8      0      0      0      0   1512   1410   1909      4      0 
    0    152     49     51     95      6      0      0      0      0   1512   1410   1517      4      0 
    1    278     69     69    100      8      0      0      0      0   1512   1410   1909      4      0 
    0    152     49     51     95      6      0      0      0      0   1512   1410   1517      4      0 
    1    275     69     69    100      8      0      0      0      0   1512   1410   1909      4      0 
    0    150     49     51     95      6      0      0      0      0   1512   1410   1517      4      0 
    1    272     69     69    100      8      0      0      0      0   1512   1410   1909      4      0 
    0    150     49     51     95      6      0      0      0      0   1512   1410   1517      4      0 
    1    282     69     69    100      8      0      0      0      0   1512   1410   1909      4      0 
    0    150     49     51     95      6      0      0      0      0   1512   1410   1517      4      0 
    1    275     69     69    100      9      0      0      0      0   1512   1410   1909      4      0 
    0    150     49     51     95      6      0      0      0      0   1512   1410   1517      4      0 
    1    265     69     69    100      8      0      0      0      0   1512   1410   1909      4      0 
    0    150     49     51     95      6      0      0      0      0   1512   1410   1517      4      0 
    1    285     69     69    100      8      0      0      0      0   1512   1410   1909      4      0 
    0    150     49     51     95      6      0      0      0      0   1512   1410   1517      4      0 
    1    289     69     69    100      8      0      0      0      0   1512   1410   1909      4      0 
    0    151     49     51     95      6      0      0      0      0   1512   1410   1517      4      0 
    1    276     69     69    100      8      0      0      0      0   1512   1410   1909      4      0 
    0    151     49     51     95      6      0      0      0      0   1512   1410   1517      4      0 
    1    275     69     69    100      8      0      0      0      0   1512   1410   1909      4      0 
    0    150     50     51     95      6      0      0      0      0   1512   1410   1517      4      0 
    1    288     69     69    100      8      0      0      0      0   1512   1410   1909      4      0 
    0    151     50     51     95      6      0      0      0      0   1512   1410   1517      4      0 
    1    268     69     69    100      8      0      0      0      0   1512   1410   1909      4      0 
    0    151     50     51     95      6      0      0      0      0   1512   1410   1517      4      0 
    1    285     69     69    100      8      0      0      0      0   1512   1410   1909      4      0 
    0    151     50     51     95      6      0      0      0      0   1512   1410   1517      4      0 
    1    286     69     69    100      9      0      0      0      0   1512   1410   1909      4      0 
    0    150     50     51     95      6      0      0      0      0   1512   1410   1517      4      0 
    1    271     69     69     99      8      0      0      0      0   1512   1410   1909      4      0 
# gpu    pwr  gtemp  mtemp     sm    mem    enc    dec    jpg    ofa   mclk   pclk     fb   bar1   ccpm 
# Idx      W      C      C      %      %      %      %      %      %    MHz    MHz     MB     MB     MB 
    0    149     50     51     95      6      0      0      0      0   1512   1410   1517      4      0 
    1    278     69     69    100      8      0      0      0      0   1512   1410   1909      4      0 
    0    152     50     51     95      6      0      0      0      0   1512   1410   1517      4      0 
    1    276     69     69    100      8      0      0      0      0   1512   1410   1909      4      0 
    0    152     49     51     95      6      0      0      0      0   1512   1410   1517      4      0 
    1    272     69     69    100      8      0      0      0      0   1512   1410   1909      4      0 
    0    150     49     51     95      6      0      0      0      0   1512   1410   1517      4      0 
    1    275     69     69    100      8      0      0      0      0   1512   1410   1909      4      0 
    0    152     49     51     95      6      0      0      0      0   1512   1410   1517      4      0 
    1    276     69     69    100      8      0      0      0      0   1512   1410   1909      4      0 
    0    152     49     51     95      6      0      0      0      0   1512   1410   1517      4      0 
    1    274     69     69    100      8      0      0      0      0   1512   1410   1909      4      0 
    0    151     49     51     95      6      0      0      0      0   1512   1410   1517      4      0 
    1    275     69     69    100      8      0      0      0      0   1512   1410   1909      4      0 
    0    150     49     51     95      6      0      0      0      0   1512   1410   1517      4      0 
    1    273     69     69    100      8      0      0      0      0   1512   1410   1909      4      0 
    0    152     49     51     95      6      0      0      0      0   1512   1410   1517      4      0 
    1    276     69     69    100      8      0      0      0      0   1512   1410   1909      4      0 
    0    152     49     51     95      6      0      0      0      0   1512   1410   1517      4      0 
    1    263     69     69    100      8      0      0      0      0   1512   1410   1909      4      0 
    0    150     49     51     95      6      0      0      0      0   1512   1410   1517      4      0 
    1    270     69     69    100      8      0      0      0      0   1512   1410   1909      4      0 
    0    150     49     51     95      6      0      0      0      0   1512   1410   1517      4      0 
    1    274     69     69    100      8      0      0      0      0   1512   1410   1909      4      0 
    0    152     49     51     95      6      0      0      0      0   1512   1410   1517      4      0 
    1    281     69     69    100      8      0      0      0      0   1512   1410   1909      4      0 
    0    151     49     51     95      6      0      0      0      0   1512   1410   1517      4      0 
    1    278     69     69    100      8      0      0      0      0   1512   1410   1909      4      0 
    0    151     49     51     95      6      0      0      0      0   1512   1410   1517      4      0 
    1    282     69     69    100      8      0      0      0      0   1512   1410   1909      4      0 
    0    152     49     51     95      6      0      0      0      0   1512   1410   1517      4      0 
    1    287     69     69    100      8      0      0      0      0   1512   1410   1909      4      0 
    0    151     49     51     95      6      0      0      0      0   1512   1410   1517      4      0 
    1    267     69     69    100      9      0      0      0      0   1512   1410   1909      4      0 
    0    151     49     51     95      6      0      0      0      0   1512   1410   1517      4      0 
    1    274     69     69    100      8      0      0      0      0   1512   1410   1909      4      0 
    0    151     49     51     95      6      0      0      0      0   1512   1410   1517      4      0 
    1    264     69     69    100      8      0      0      0      0   1512   1410   1909      4      0 
    0    151     49     51     95      6      0      0      0      0   1512   1410   1517      4      0 
    1    271     69     69    100      8      0      0      0      0   1512   1410   1909      4      0 
    0    151     49     51     95      6      0      0      0      0   1512   1410   1517      4      0 
    1    265     69     69    100      8      0      0      0      0   1512   1410   1909      4      0 
    0    150     49     51     95      6      0      0      0      0   1512   1410   1517      4      0 
    1    261     69     69    100      8      0      0      0      0   1512   1410   1909      4      0 
# gpu    pwr  gtemp  mtemp     sm    mem    enc    dec    jpg    ofa   mclk   pclk     fb   bar1   ccpm 
# Idx      W      C      C      %      %      %      %      %      %    MHz    MHz     MB     MB     MB 
    0    151     49     51     95      6      0      0      0      0   1512   1410   1517      4      0 
    1    280     69     69    100      8      0      0      0      0   1512   1410   1909      4      0 
    0    151     49     51     95      6      0      0      0      0   1512   1410   1517      4      0 
    1    279     69     69    100      8      0      0      0      0   1512   1410   1909      4      0 
    0    150     49     51     95      6      0      0      0      0   1512   1410   1517      4      0 
    1    273     69     69    100      8      0      0      0      0   1512   1410   1909      4      0 
    0    150     49     51     95      6      0      0      0      0   1512   1410   1517      4      0 
    1    271     69     69    100      9      0      0      0      0   1512   1410   1909      4      0 
    0    151     49     51     95      6      0      0      0      0   1512   1410   1517      4      0 
    1    285     69     69    100      8      0      0      0      0   1512   1410   1909      4      0 
    0    152     49     51     95      6      0      0      0      0   1512   1410   1517      4      0 
    1    266     69     69    100      8      0      0      0      0   1512   1410   1909      4      0 
    0    152     49     51     95      6      0      0      0      0   1512   1410   1517      4      0 
    1    276     69     69    100      8      0      0      0      0   1512   1410   1909      4      0 
    0    151     49     51     95      6      0      0      0      0   1512   1410   1517      4      0 
    1    277     69     69    100      8      0      0      0      0   1512   1410   1909      4      0 
    0    151     49     51     95      6      0      0      0      0   1512   1410   1517      4      0 
    1    268     69     69    100      8      0      0      0      0   1512   1410   1909      4      0 
    0    151     49     51     95      6      0      0      0      0   1512   1410   1517      4      0 
    1    270     69     69    100      8      0      0      0      0   1512   1410   1909      4      0 
    0    151     49     51     95      6      0      0      0      0   1512   1410   1517      4      0 
    1    289     69     69    100      8      0      0      0      0   1512   1410   1909      4      0 
    0    149     49     51     95      6      0      0      0      0   1512   1410   1517      4      0 
    1    276     69     69    100      8      0      0      0      0   1512   1410   1909      4      0 
    0    149     49     51     95      6      0      0      0      0   1512   1410   1517      4      0 
    1    291     69     69    100      8      0      0      0      0   1512   1410   1909      4      0 
    0    150     49     51     95      6      0      0      0      0   1512   1410   1517      4      0 
    1    278     69     69    100      8      0      0      0      0   1512   1410   1909      4      0 
    0    150     49     51     95      6      0      0      0      0   1512   1410   1517      4      0 
    1    279     69     69    100      8      0      0      0      0   1512   1410   1909      4      0 
    0    151     49     51     95      6      0      0      0      0   1512   1410   1517      4      0 
    1    273     69     69    100      8      0      0      0      0   1512   1410   1909      4      0 
    0    152     49     51     95      6      0      0      0      0   1512   1410   1517      4      0 
    1    279     69     69    100      8      0      0      0      0   1512   1410   1909      4      0 
    0    150     49     51     95      6      0      0      0      0   1512   1410   1517      4      0 
    1    275     69     69    100      8      0      0      0      0   1512   1410   1909      4      0 
    0    151     49     51     95      6      0      0      0      0   1512   1410   1517      4      0 
    1    278     69     69    100      8      0      0      0      0   1512   1410   1909      4      0 
    0    152     49     51     95      6      0      0      0      0   1512   1410   1517      4      0 
    1    287     69     69    100      8      0      0      0      0   1512   1410   1909      4      0 
    0    152     49     51     95      6      0      0      0      0   1512   1410   1517      4      0 
    1    261     69     69    100      8      0      0      0      0   1512   1410   1909      4      0 
    0    150     49     51     95      6      0      0      0      0   1512   1410   1517      4      0 
    1    280     69     69    100      8      0      0      0      0   1512   1410   1909      4      0 
# gpu    pwr  gtemp  mtemp     sm    mem    enc    dec    jpg    ofa   mclk   pclk     fb   bar1   ccpm 
# Idx      W      C      C      %      %      %      %      %      %    MHz    MHz     MB     MB     MB 
    0    151     49     51     95      6      0      0      0      0   1512   1410   1517      4      0 
    1    272     69     69    100      8      0      0      0      0   1512   1410   1909      4      0 
    0    152     49     51     95      6      0      0      0      0   1512   1410   1517      4      0 
    1    280     69     69    100      8      0      0      0      0   1512   1410   1909      4      0 
    0    150     49     51     95      6      0      0      0      0   1512   1410   1517      4      0 
    1    265     69     69    100      8      0      0      0      0   1512   1410   1909      4      0 
    0    153     49     51     95      6      0      0      0      0   1512   1410   1517      4      0 
    1    286     69     69    100      8      0      0      0      0   1512   1410   1909      4      0 
    0    150     49     51     95      6      0      0      0      0   1512   1410   1517      4      0 
    1    260     69     69    100      8      0      0      0      0   1512   1410   1909      4      0 
    0    152     49     51     95      6      0      0      0      0   1512   1410   1517      4      0 
    1    281     69     69    100      8      0      0      0      0   1512   1410   1909      4      0 
    0    152     49     51     95      6      0      0      0      0   1512   1410   1517      4      0 
    1    274     69     69    100      8      0      0      0      0   1512   1410   1909      4      0 
    0    151     49     51     95      6      0      0      0      0   1512   1410   1517      4      0 
    1    275     69     69    100      8      0      0      0      0   1512   1410   1909      4      0 
    0    150     49     51     95      6      0      0      0      0   1512   1410   1517      4      0 
    1    276     69     69    100      8      0      0      0      0   1512   1410   1909      4      0 
    0    150     49     51     95      6      0      0      0      0   1512   1410   1517      4      0 
    1    279     69     69    100      8      0      0      0      0   1512   1410   1909      4      0 
    0    150     49     51     94      6      0      0      0      0   1512   1410   1517      4      0 
    1    278     69     69    100      8      0      0      0      0   1512   1410   1909      4      0 
    0    151     49     51     94      6      0      0      0      0   1512   1410   1517      4      0 
    1    284     69     69    100      8      0      0      0      0   1512   1410   1909      4      0 
    0    151     49     51     95      6      0      0      0      0   1512   1410   1517      4      0 
    1    277     69     69    100      8      0      0      0      0   1512   1410   1909      4      0 
    0    150     49     51     95      6      0      0      0      0   1512   1410   1517      4      0 
    1    276     69     69    100      8      0      0      0      0   1512   1410   1909      4      0 
    0    151     49     51     95      6      0      0      0      0   1512   1410   1517      4      0 
    1    285     69     69    100      8      0      0      0      0   1512   1410   1909      4      0 
    0    150     49     51     95      6      0      0      0      0   1512   1410   1517      4      0 
    1    289     69     69    100      8      0      0      0      0   1512   1410   1909      4      0 
    0    150     49     51     95      6      0      0      0      0   1512   1410   1517      4      0 
    1    270     69     69    100      8      0      0      0      0   1512   1410   1909      4      0 
    0    151     49     51     95      6      0      0      0      0   1512   1410   1517      4      0 
    1    280     69     69    100      8      0      0      0      0   1512   1410   1909      4      0 
    0    150     49     51     95      6      0      0      0      0   1512   1410   1517      4      0 
    1    267     69     69    100      8      0      0      0      0   1512   1410   1909      4      0 
    0    151     49     51     95      6      0      0      0      0   1512   1410   1517      4      0 
    1    266     69     69    100      8      0      0      0      0   1512   1410   1909      4      0 
    0    150     49     51     95      6      0      0      0      0   1512   1410   1517      4      0 
    1    267     69     69    100      8      0      0      0      0   1512   1410   1909      4      0 
    0    150     49     51     95      6      0      0      0      0   1512   1410   1517      4      0 
    1    270     69     69    100      8      0      0      0      0   1512   1410   1909      4      0 
# gpu    pwr  gtemp  mtemp     sm    mem    enc    dec    jpg    ofa   mclk   pclk     fb   bar1   ccpm 
# Idx      W      C      C      %      %      %      %      %      %    MHz    MHz     MB     MB     MB 
    0    151     49     51     95      6      0      0      0      0   1512   1410   1517      4      0 
    1    291     69     69    100      8      0      0      0      0   1512   1410   1909      4      0 
    0    152     49     51     95      6      0      0      0      0   1512   1410   1517      4      0 
    1    274     69     69    100      8      0      0      0      0   1512   1410   1909      4      0 
    0    150     49     51     95      6      0      0      0      0   1512   1410   1517      4      0 
    1    273     69     69    100      8      0      0      0      0   1512   1410   1909      4      0 
    0    151     49     51     95      6      0      0      0      0   1512   1410   1517      4      0 
    1    274     69     69    100      8      0      0      0      0   1512   1410   1909      4      0 
    0    149     49     51     95      6      0      0      0      0   1512   1410   1517      4      0 
    1    292     69     69    100      8      0      0      0      0   1512   1410   1909      4      0 
    0    150     49     51     95      6      0      0      0      0   1512   1410   1517      4      0 
    1    265     69     69    100      8      0      0      0      0   1512   1410   1909      4      0 
    0    152     49     51     95      6      0      0      0      0   1512   1410   1517      4      0 
    1    281     69     69    100      8      0      0      0      0   1512   1410   1909      4      0 
    0    149     49     51     95      6      0      0      0      0   1512   1410   1517      4      0 
    1    267     69     69    100      8      0      0      0      0   1512   1410   1909      4      0 
    0    152     49     51     95      6      0      0      0      0   1512   1410   1517      4      0 
    1    277     69     69    100      8      0      0      0      0   1512   1410   1909      4      0 
    0    152     49     51     95      6      0      0      0      0   1512   1410   1517      4      0 
    1    280     69     69    100      8      0      0      0      0   1512   1410   1909      4      0 
    0    150     49     51     95      6      0      0      0      0   1512   1410   1517      4      0 
    1    275     69     69    100      8      0      0      0      0   1512   1410   1909      4      0 
    0    151     49     51     95      6      0      0      0      0   1512   1410   1517      4      0 
    1    266     69     69    100      8      0      0      0      0   1512   1410   1909      4      0 
    0    150     49     51     95      6      0      0      0      0   1512   1410   1517      4      0 
    1    275     69     69    100      8      0      0      0      0   1512   1410   1909      4      0 
    0    152     49     51     95      6      0      0      0      0   1512   1410   1517      4      0 
    1    272     69     69    100      8      0      0      0      0   1512   1410   1909      4      0 
    0    150     49     51     95      6      0      0      0      0   1512   1410   1517      4      0 
    1    265     69     69    100      8      0      0      0      0   1512   1410   1909      4      0 
    0    152     49     51     95      6      0      0      0      0   1512   1410   1517      4      0 
    1    269     69     69    100      8      0      0      0      0   1512   1410   1909      4      0 
    0    152     49     51     95      6      0      0      0      0   1512   1410   1517      4      0 
    1    274     69     69    100      8      0      0      0      0   1512   1410   1909      4      0 
    0    150     49     51     95      6      0      0      0      0   1512   1410   1517      4      0 
    1    275     69     69    100      8      0      0      0      0   1512   1410   1909      4      0 
    0    151     49     51     95      6      0      0      0      0   1512   1410   1517      4      0 
    1    288     69     69    100      8      0      0      0      0   1512   1410   1909      4      0 
    0    150     49     51     95      6      0      0      0      0   1512   1410   1517      4      0 
    1    277     69     69    100      8      0      0      0      0   1512   1410   1909      4      0 
    0    150     49     51     94      6      0      0      0      0   1512   1410   1517      4      0 
    1    285     69     69    100      9      0      0      0      0   1512   1410   1909      4      0 
    0    150     49     51     94      6      0      0      0      0   1512   1410   1517      4      0 
    1    265     69     69    100      8      0      0      0      0   1512   1410   1909      4      0 
# gpu    pwr  gtemp  mtemp     sm    mem    enc    dec    jpg    ofa   mclk   pclk     fb   bar1   ccpm 
# Idx      W      C      C      %      %      %      %      %      %    MHz    MHz     MB     MB     MB 
    0    149     49     51     95      6      0      0      0      0   1512   1410   1517      4      0 
    1    292     69     69    100      8      0      0      0      0   1512   1410   1909      4      0 
    0    150     49     51     95      6      0      0      0      0   1512   1410   1517      4      0 
    1    275     69     69    100      8      0      0      0      0   1512   1410   1909      4      0 
    0    149     49     51     95      6      0      0      0      0   1512   1410   1517      4      0 
    1    285     69     69    100      8      0      0      0      0   1512   1410   1909      4      0 
    0    150     49     51     95      6      0      0      0      0   1512   1410   1517      4      0 
    1    263     69     69    100      8      0      0      0      0   1512   1410   1909      4      0 
    0    149     49     51     95      6      0      0      0      0   1512   1410   1517      4      0 
    1    283     69     69    100      8      0      0      0      0   1512   1410   1909      4      0 
    0    150     49     51     95      6      0      0      0      0   1512   1410   1517      4      0 
    1    276     69     69    100      8      0      0      0      0   1512   1410   1909      4      0 
    0    150     49     51     95      6      0      0      0      0   1512   1410   1517      4      0 
    1    281     69     69    100      8      0      0      0      0   1512   1410   1909      4      0 
    0    150     49     51     95      6      0      0      0      0   1512   1410   1517      4      0 
    1    288     69     69    100      8      0      0      0      0   1512   1410   1909      4      0 
    0    148     49     51     94      6      0      0      0      0   1512   1410   1517      4      0 
    1    276     69     69    100      8      0      0      0      0   1512   1410   1909      4      0 
    0    149     49     51     94      6      0      0      0      0   1512   1410   1517      4      0 
    1    284     69     69    100      8      0      0      0      0   1512   1410   1909      4      0 
    0    150     49     51     95      6      0      0      0      0   1512   1410   1517      4      0 
    1    273     69     69    100      8      0      0      0      0   1512   1410   1909      4      0 
    0    149     49     51     95      6      0      0      0      0   1512   1410   1517      4      0 
    1    289     69     69    100      8      0      0      0      0   1512   1410   1909      4      0 
    0    152     49     51     95      6      0      0      0      0   1512   1410   1517      4      0 
    1    275     69     69    100      8      0      0      0      0   1512   1410   1909      4      0 
    0    151     49     51     95      6      0      0      0      0   1512   1410   1517      4      0 
    1    269     69     69    100      8      0      0      0      0   1512   1410   1909      4      0 
    0    151     49     49     95      6      0      0      0      0   1512   1410   1517      4      0 
    1    277     69     69    100      8      0      0      0      0   1512   1410   1909      4      0 
    0    151     49     49     95      6      0      0      0      0   1512   1410   1517      4      0 
    1    276     69     69    100      8      0      0      0      0   1512   1410   1909      4      0 
    0    151     49     51     95      6      0      0      0      0   1512   1410   1517      4      0 
    1    277     69     69    100      8      0      0      0      0   1512   1410   1909      4      0 
    0    150     49     49     95      6      0      0      0      0   1512   1410   1517      4      0 
    1    286     69     69    100      8      0      0      0      0   1512   1410   1909      4      0 
    0    150     49     49     95      6      0      0      0      0   1512   1410   1517      4      0 
    1    280     69     69    100      8      0      0      0      0   1512   1410   1909      4      0 
    0    151     49     49     95      6      0      0      0      0   1512   1410   1517      4      0 
    1    276     69     69    100      8      0      0      0      0   1512   1410   1909      4      0 
    0    150     49     51     95      6      0      0      0      0   1512   1410   1517      4      0 
    1    290     69     69    100      8      0      0      0      0   1512   1410   1909      4      0 
    0    151     49     51     95      6      0      0      0      0   1512   1410   1517      4      0 
    1    264     69     69    100      8      0      0      0      0   1512   1410   1909      4      0 
# gpu    pwr  gtemp  mtemp     sm    mem    enc    dec    jpg    ofa   mclk   pclk     fb   bar1   ccpm 
# Idx      W      C      C      %      %      %      %      %      %    MHz    MHz     MB     MB     MB 
    0    150     49     51     95      6      0      0      0      0   1512   1410   1517      4      0 
    1    266     69     69    100      8      0      0      0      0   1512   1410   1909      4      0 
    0    150     49     49     95      6      0      0      0      0   1512   1410   1517      4      0 
    1    289     69     69    100      9      0      0      0      0   1512   1410   1909      4      0 
    0    149     49     51     95      6      0      0      0      0   1512   1410   1517      4      0 
    1    273     69     69    100      8      0      0      0      0   1512   1410   1909      4      0 
    0    149     49     49     95      6      0      0      0      0   1512   1410   1517      4      0 
    1    277     69     69    100      9      0      0      0      0   1512   1410   1909      4      0 
    0    150     49     49     95      6      0      0      0      0   1512   1410   1517      4      0 
    1    279     69     69    100      8      0      0      0      0   1512   1410   1909      4      0 
    0    151     49     49     95      6      0      0      0      0   1512   1410   1517      4      0 
    1    284     69     69    100      9      0      0      0      0   1512   1410   1909      4      0 
    0    152     49     49     95      6      0      0      0      0   1512   1410   1517      4      0 
    1    278     69     69    100      8      0      0      0      0   1512   1410   1909      4      0 
    0    150     49     49     95      6      0      0      0      0   1512   1410   1517      4      0 
    1    274     69     69    100      9      0      0      0      0   1512   1410   1909      4      0 
    0    152     49     51     95      6      0      0      0      0   1512   1410   1517      4      0 
    1    286     69     69    100      8      0      0      0      0   1512   1410   1909      4      0 
    0    150     49     51     95      6      0      0      0      0   1512   1410   1517      4      0 
    1    266     69     69    100      8      0      0      0      0   1512   1410   1909      4      0 
    0    151     49     51     95      6      0      0      0      0   1512   1410   1517      4      0 
    1    289     69     69    100      8      0      0      0      0   1512   1410   1909      4      0 
    0    151     49     51     95      6      0      0      0      0   1512   1410   1517      4      0 
    1    279     69     69    100      8      0      0      0      0   1512   1410   1909      4      0 
    0    152     49     51     95      6      0      0      0      0   1512   1410   1517      4      0 
    1    287     69     69    100      8      0      0      0      0   1512   1410   1909      4      0 
    0    150     49     51     95      6      0      0      0      0   1512   1410   1517      4      0 
    1    266     69     69    100      8      0      0      0      0   1512   1410   1909      4      0 
    0    151     49     51     95      6      0      0      0      0   1512   1410   1517      4      0 
    1    275     69     69    100      8      0      0      0      0   1512   1410   1909      4      0 
    0    150     49     51     95      6      0      0      0      0   1512   1410   1517      4      0 
    1    274     69     69    100      8      0      0      0      0   1512   1410   1909      4      0 
    0    150     49     51     95      6      0      0      0      0   1512   1410   1517      4      0 
    1    275     69     69    100      8      0      0      0      0   1512   1410   1909      4      0 
    0    150     49     51     95      6      0      0      0      0   1512   1410   1517      4      0 
    1    279     69     69    100      8      0      0      0      0   1512   1410   1909      4      0 
    0    152     49     51     95      6      0      0      0      0   1512   1410   1517      4      0 
    1    269     69     69    100      8      0      0      0      0   1512   1410   1909      4      0 
    0    150     49     51     95      6      0      0      0      0   1512   1410   1517      4      0 
    1    264     69     69    100      8      0      0      0      0   1512   1410   1909      4      0 
    0    151     49     51     95      6      0      0      0      0   1512   1410   1517      4      0 
    1    264     69     69    100      8      0      0      0      0   1512   1410   1909      4      0 
    0    151     49     51     95      6      0      0      0      0   1512   1410   1517      4      0 
    1    289     69     69    100      9      0      0      0      0   1512   1410   1909      4      0 
# gpu    pwr  gtemp  mtemp     sm    mem    enc    dec    jpg    ofa   mclk   pclk     fb   bar1   ccpm 
# Idx      W      C      C      %      %      %      %      %      %    MHz    MHz     MB     MB     MB 
    0    150     49     51     95      6      0      0      0      0   1512   1410   1517      4      0 
    1    276     69     69    100      8      0      0      0      0   1512   1410   1909      4      0 
    0    150     49     51     95      6      0      0      0      0   1512   1410   1517      4      0 
    1    287     69     69    100      9      0      0      0      0   1512   1410   1909      4      0 
    0    150     49     51     95      6      0      0      0      0   1512   1410   1517      4      0 
    1    268     69     69    100      8      0      0      0      0   1512   1410   1909      4      0 
    0    150     49     51     95      6      0      0      0      0   1512   1410   1517      4      0 
    1    276     69     69    100      8      0      0      0      0   1512   1410   1909      4      0 
    0    151     49     51     95      6      0      0      0      0   1512   1410   1517      4      0 
    1    265     69     69    100      8      0      0      0      0   1512   1410   1909      4      0 
    0    151     49     51     95      6      0      0      0      0   1512   1410   1517      4      0 
    1    279     69     69    100      8      0      0      0      0   1512   1410   1909      4      0 
    0    151     49     51     95      6      0      0      0      0   1512   1410   1517      4      0 
    1    266     69     69    100      8      0      0      0      0   1512   1410   1909      4      0 
    0    150     49     51     95      6      0      0      0      0   1512   1410   1517      4      0 
    1    273     69     69    100      8      0      0      0      0   1512   1410   1909      4      0 
    0    151     49     51     95      6      0      0      0      0   1512   1410   1517      4      0 
    1    285     69     69    100      8      0      0      0      0   1512   1410   1909      4      0 
    0    151     49     51     95      6      0      0      0      0   1512   1410   1517      4      0 
    1    267     69     69    100      8      0      0      0      0   1512   1410   1909      4      0 
    0    152     49     51     95      6      0      0      0      0   1512   1410   1517      4      0 
    1    274     69     69    100      9      0      0      0      0   1512   1410   1909      4      0 
    0    150     49     51     95      6      0      0      0      0   1512   1410   1517      4      0 
    1    267     69     69    100      8      0      0      0      0   1512   1410   1909      4      0 
    0    151     49     51     95      6      0      0      0      0   1512   1410   1517      4      0 
    1    272     69     69    100      8      0      0      0      0   1512   1410   1909      4      0 
    0    150     49     51     95      6      0      0      0      0   1512   1410   1517      4      0 
    1    280     69     69    100      8      0      0      0      0   1512   1410   1909      4      0 
    0    150     49     51     95      6      0      0      0      0   1512   1410   1517      4      0 
    1    285     69     69    100      8      0      0      0      0   1512   1410   1909      4      0 
    0    150     49     51     95      6      0      0      0      0   1512   1410   1517      4      0 
    1    268     69     69    100      8      0      0      0      0   1512   1410   1909      4      0 
    0    149     49     51     95      6      0      0      0      0   1512   1410   1517      4      0 
    1    280     69     69    100      8      0      0      0      0   1512   1410   1909      4      0 
    0    150     49     51     95      6      0      0      0      0   1512   1410   1517      4      0 
    1    287     69     69    100      8      0      0      0      0   1512   1410   1909      4      0 
    0    150     49     51     95      6      0      0      0      0   1512   1410   1517      4      0 
    1    277     69     69    100      8      0      0      0      0   1512   1410   1909      4      0 
    0    151     49     51     95      6      0      0      0      0   1512   1410   1517      4      0 
    1    272     69     69    100      8      0      0      0      0   1512   1410   1909      4      0 
    0    151     49     51     95      6      0      0      0      0   1512   1410   1517      4      0 
    1    262     69     69    100      9      0      0      0      0   1512   1410   1909      4      0 
    0    150     49     51     95      6      0      0      0      0   1512   1410   1517      4      0 
    1    279     69     69    100      8      0      0      0      0   1512   1410   1909      4      0 
# gpu    pwr  gtemp  mtemp     sm    mem    enc    dec    jpg    ofa   mclk   pclk     fb   bar1   ccpm 
# Idx      W      C      C      %      %      %      %      %      %    MHz    MHz     MB     MB     MB 
    0    150     49     51     95      6      0      0      0      0   1512   1410   1517      4      0 
    1    292     69     69    100      8      0      0      0      0   1512   1410   1909      4      0 
    0    152     49     51     95      6      0      0      0      0   1512   1410   1517      4      0 
    1    273     69     69    100      8      0      0      0      0   1512   1410   1909      4      0 
    0    150     49     49     95      6      0      0      0      0   1512   1410   1517      4      0 
    1    264     69     69    100      8      0      0      0      0   1512   1410   1909      4      0 
    0    152     49     49     95      6      0      0      0      0   1512   1410   1517      4      0 
    1    282     69     69    100      8      0      0      0      0   1512   1410   1909      4      0 
    0    151     49     51     95      6      0      0      0      0   1512   1410   1517      4      0 
    1    270     69     69    100      8      0      0      0      0   1512   1410   1909      4      0 
    0    150     49     51     95      6      0      0      0      0   1512   1410   1517      4      0 
    1    273     69     69    100      8      0      0      0      0   1512   1410   1909      4      0 
    0    151     49     51     95      6      0      0      0      0   1512   1410   1517      4      0 
    1    273     69     69    100      8      0      0      0      0   1512   1410   1909      4      0 
    0    147     49     51     95      6      0      0      0      0   1512   1410   1517      4      0 
    1    269     69     69    100      8      0      0      0      0   1512   1410   1909      4      0 
    0    150     49     51     95      6      0      0      0      0   1512   1410   1517      4      0 
    1    279     69     69    100      8      0      0      0      0   1512   1410   1909      4      0 
    0    151     49     51     95      6      0      0      0      0   1512   1410   1517      4      0 
    1    281     69     69    100      9      0      0      0      0   1512   1410   1909      4      0 
    0    151     49     51     95      6      0      0      0      0   1512   1410   1517      4      0 
    1    268     69     69    100      8      0      0      0      0   1512   1410   1909      4      0 
    0    151     49     51     95      6      0      0      0      0   1512   1410   1517      4      0 
    1    277     69     69    100      8      0      0      0      0   1512   1410   1909      4      0 
    0    152     49     51     95      6      0      0      0      0   1512   1410   1517      4      0 
    1    276     69     69    100      8      0      0      0      0   1512   1410   1909      4      0 
    0    150     49     51     95      6      0      0      0      0   1512   1410   1517      4      0 
    1    275     69     69    100      8      0      0      0      0   1512   1410   1909      4      0 
    0    151     49     51     95      6      0      0      0      0   1512   1410   1517      4      0 
    1    266     69     69    100      8      0      0      0      0   1512   1410   1909      4      0 
    0    151     49     51     95      6      0      0      0      0   1512   1410   1517      4      0 
    1    275     69     69    100      8      0      0      0      0   1512   1410   1909      4      0 
    0    151     49     51     95      6      0      0      0      0   1512   1410   1517      4      0 
    1    271     69     69    100      8      0      0      0      0   1512   1410   1909      4      0 
    0    151     49     51     95      6      0      0      0      0   1512   1410   1517      4      0 
    1    277     69     69    100      8      0      0      0      0   1512   1410   1909      4      0 
    0    149     49     51     95      6      0      0      0      0   1512   1410   1517      4      0 
    1    268     69     69    100      8      0      0      0      0   1512   1410   1909      4      0 
    0    149     49     51     95      6      0      0      0      0   1512   1410   1517      4      0 
    1    273     69     69    100      8      0      0      0      0   1512   1410   1909      4      0 
    0    151     49     49     95      6      0      0      0      0   1512   1410   1517      4      0 
    1    290     69     69    100      8      0      0      0      0   1512   1410   1909      4      0 
    0    152     49     51     95      6      0      0      0      0   1512   1410   1517      4      0 
    1    275     69     69    100      8      0      0      0      0   1512   1410   1909      4      0 
# gpu    pwr  gtemp  mtemp     sm    mem    enc    dec    jpg    ofa   mclk   pclk     fb   bar1   ccpm 
# Idx      W      C      C      %      %      %      %      %      %    MHz    MHz     MB     MB     MB 
    0    150     49     51     95      6      0      0      0      0   1512   1410   1517      4      0 
    1    270     69     69    100      8      0      0      0      0   1512   1410   1909      4      0 
    0    150     49     51     95      6      0      0      0      0   1512   1410   1517      4      0 
    1    266     69     69    100      8      0      0      0      0   1512   1410   1909      4      0 
    0    150     49     49     95      6      0      0      0      0   1512   1410   1517      4      0 
    1    287     69     69    100      8      0      0      0      0   1512   1410   1909      4      0 
    0    150     49     49     95      6      0      0      0      0   1512   1410   1517      4      0 
    1    278     69     69    100      8      0      0      0      0   1512   1410   1909      4      0 
    0    151     49     51     95      6      0      0      0      0   1512   1410   1517      4      0 
    1    276     69     69    100      8      0      0      0      0   1512   1410   1909      4      0 
    0    151     49     51     95      6      0      0      0      0   1512   1410   1517      4      0 
    1    277     69     69    100      9      0      0      0      0   1512   1410   1909      4      0 
    0    151     49     51     95      6      0      0      0      0   1512   1410   1517      4      0 
    1    274     69     69    100      8      0      0      0      0   1512   1410   1909      4      0 
    0    149     49     49     95      6      0      0      0      0   1512   1410   1517      4      0 
    1    263     69     69    100      8      0      0      0      0   1512   1410   1909      4      0 
    0    149     49     49     95      6      0      0      0      0   1512   1410   1517      4      0 
    1    278     69     69    100      8      0      0      0      0   1512   1410   1909      4      0 
    0    150     49     51     95      6      0      0      0      0   1512   1410   1517      4      0 
    1    270     69     69    100      8      0      0      0      0   1512   1410   1909      4      0 
    0    150     49     51     95      6      0      0      0      0   1512   1410   1517      4      0 
    1    283     69     69    100      8      0      0      0      0   1512   1410   1909      4      0 
    0    150     49     49     95      6      0      0      0      0   1512   1410   1517      4      0 
    1    266     69     69    100      8      0      0      0      0   1512   1410   1909      4      0 
    0    151     49     49     95      6      0      0      0      0   1512   1410   1517      4      0 
    1    267     69     69    100      9      0      0      0      0   1512   1410   1909      4      0 
    0    151     49     49     95      6      0      0      0      0   1512   1410   1517      4      0 
    1    265     69     69    100      8      0      0      0      0   1512   1410   1909      4      0 
    0    150     49     51     95      6      0      0      0      0   1512   1410   1517      4      0 
    1    272     69     69    100      8      0      0      0      0   1512   1410   1909      4      0 
    0    151     49     49     95      6      0      0      0      0   1512   1410   1517      4      0 
    1    275     69     69    100      8      0      0      0      0   1512   1410   1909      4      0 
    0    150     49     51     95      6      0      0      0      0   1512   1410   1517      4      0 
    1    275     69     69    100      8      0      0      0      0   1512   1410   1909      4      0 
    0    149     49     51     95      6      0      0      0      0   1512   1410   1517      4      0 
    1    277     69     69    100      8      0      0      0      0   1512   1410   1909      4      0 
    0    149     49     51     95      6      0      0      0      0   1512   1410   1517      4      0 
    1    274     69     69    100      8      0      0      0      0   1512   1410   1909      4      0 
    0    150     49     51     95      6      0      0      0      0   1512   1410   1517      4      0 
    1    279     69     69    100      8      0      0      0      0   1512   1410   1909      4      0 
    0    150     49     51     95      6      0      0      0      0   1512   1410   1517      4      0 
    1    275     69     69    100      8      0      0      0      0   1512   1410   1909      4      0 
    0    152     49     51     95      6      0      0      0      0   1512   1410   1517      4      0 
    1    272     69     69    100      8      0      0      0      0   1512   1410   1909      4      0 
# gpu    pwr  gtemp  mtemp     sm    mem    enc    dec    jpg    ofa   mclk   pclk     fb   bar1   ccpm 
# Idx      W      C      C      %      %      %      %      %      %    MHz    MHz     MB     MB     MB 
    0    150     49     51     95      6      0      0      0      0   1512   1410   1517      4      0 
    1    266     69     69    100      8      0      0      0      0   1512   1410   1909      4      0 
    0    150     49     51     95      6      0      0      0      0   1512   1410   1517      4      0 
    1    285     69     69    100      8      0      0      0      0   1512   1410   1909      4      0 
    0    152     49     51     95      6      0      0      0      0   1512   1410   1517      4      0 
    1    288     69     69    100      8      0      0      0      0   1512   1410   1909      4      0 
    0    150     49     49     95      6      0      0      0      0   1512   1410   1517      4      0 
    1    273     69     69    100      8      0      0      0      0   1512   1410   1909      4      0 
    0    150     49     51     95      6      0      0      0      0   1512   1410   1517      4      0 
    1    280     69     69    100      8      0      0      0      0   1512   1410   1909      4      0 
    0    150     49     51     95      6      0      0      0      0   1512   1410   1517      4      0 
    1    282     69     69    100      8      0      0      0      0   1512   1410   1909      4      0 
    0    150     49     51     95      6      0      0      0      0   1512   1410   1517      4      0 
    1    275     69     69    100      8      0      0      0      0   1512   1410   1909      4      0 
    0    151     49     51     95      6      0      0      0      0   1512   1410   1517      4      0 
    1    278     69     69    100      8      0      0      0      0   1512   1410   1909      4      0 
    0    151     49     51     95      6      0      0      0      0   1512   1410   1517      4      0 
    1    277     69     69    100      8      0      0      0      0   1512   1410   1909      4      0 
    0    150     49     51     95      6      0      0      0      0   1512   1410   1517      4      0 
    1    266     69     69    100      9      0      0      0      0   1512   1410   1909      4      0 
    0    150     49     51     95      6      0      0      0      0   1512   1410   1517      4      0 
    1    285     69     69    100      8      0      0      0      0   1512   1410   1909      4      0 
    0    151     49     51     95      6      0      0      0      0   1512   1410   1517      4      0 
    1    276     69     69    100      8      0      0      0      0   1512   1410   1909      4      0 
    0    151     49     51     95      6      0      0      0      0   1512   1410   1517      4      0 
    1    277     69     69    100      8      0      0      0      0   1512   1410   1909      4      0 
    0    150     49     51     95      6      0      0      0      0   1512   1410   1517      4      0 
    1    279     69     69    100      8      0      0      0      0   1512   1410   1909      4      0 
    0    150     49     51     95      6      0      0      0      0   1512   1410   1517      4      0 
    1    262     69     69    100      8      0      0      0      0   1512   1410   1909      4      0 
    0    151     49     51     95      6      0      0      0      0   1512   1410   1517      4      0 
    1    284     69     69    100      8      0      0      0      0   1512   1410   1909      4      0 
    0    152     49     51     95      6      0      0      0      0   1512   1410   1517      4      0 
    1    267     69     69    100      8      0      0      0      0   1512   1410   1909      4      0 
    0    150     49     51     95      6      0      0      0      0   1512   1410   1517      4      0 
    1    274     69     69    100      8      0      0      0      0   1512   1410   1909      4      0 
    0    149     49     51     94      6      0      0      0      0   1512   1410   1517      4      0 
    1    279     69     69    100      8      0      0      0      0   1512   1410   1909      4      0 
    0    149     49     51     95      6      0      0      0      0   1512   1410   1517      4      0 
    1    287     69     69    100      8      0      0      0      0   1512   1410   1909      4      0 
    0    150     49     51     95      6      0      0      0      0   1512   1410   1517      4      0 
    1    273     69     69    100      8      0      0      0      0   1512   1410   1909      4      0 
    0    150     49     51     95      6      0      0      0      0   1512   1410   1517      4      0 
    1    263     69     69    100      8      0      0      0      0   1512   1410   1909      4      0 
# gpu    pwr  gtemp  mtemp     sm    mem    enc    dec    jpg    ofa   mclk   pclk     fb   bar1   ccpm 
# Idx      W      C      C      %      %      %      %      %      %    MHz    MHz     MB     MB     MB 
    0    151     49     51     95      6      0      0      0      0   1512   1410   1517      4      0 
    1    275     69     69    100      8      0      0      0      0   1512   1410   1909      4      0 
    0    150     49     51     95      6      0      0      0      0   1512   1410   1517      4      0 
    1    278     69     69    100      8      0      0      0      0   1512   1410   1909      4      0 
    0    151     49     51     95      6      0      0      0      0   1512   1410   1517      4      0 
    1    291     69     69    100      8      0      0      0      0   1512   1410   1909      4      0 
    0    151     49     51     95      6      0      0      0      0   1512   1410   1517      4      0 
    1    277     69     69    100      8      0      0      0      0   1512   1410   1909      4      0 
    0    150     49     51     95      6      0      0      0      0   1512   1410   1517      4      0 
    1    276     69     69    100      8      0      0      0      0   1512   1410   1909      4      0 
    0    152     49     51     95      6      0      0      0      0   1512   1410   1517      4      0 
    1    263     69     69    100      8      0      0      0      0   1512   1410   1909      4      0 
    0    149     49     51     95      6      0      0      0      0   1512   1410   1517      4      0 
    1    274     69     69    100      9      0      0      0      0   1512   1410   1909      4      0 
    0    152     49     51     95      6      0      0      0      0   1512   1410   1517      4      0 
    1    273     69     69    100      8      0      0      0      0   1512   1410   1909      4      0 
    0    149     49     51     95      6      0      0      0      0   1512   1410   1517      4      0 
    1    261     69     69    100      8      0      0      0      0   1512   1410   1909      4      0 
    0    151     49     51     95      6      0      0      0      0   1512   1410   1517      4      0 
    1    271     69     69    100      8      0      0      0      0   1512   1410   1909      4      0 
    0    151     49     51     95      6      0      0      0      0   1512   1410   1517      4      0 
    1    271     69     69    100      8      0      0      0      0   1512   1410   1909      4      0 
    0    151     49     51     95      6      0      0      0      0   1512   1410   1517      4      0 
    1    257     69     69    100      8      0      0      0      0   1512   1410   1909      4      0 
    0    151     49     51     95      6      0      0      0      0   1512   1410   1517      4      0 
    1    278     69     69    100      8      0      0      0      0   1512   1410   1909      4      0 
    0    151     49     51     95      6      0      0      0      0   1512   1410   1517      4      0 
    1    263     69     69    100      8      0      0      0      0   1512   1410   1909      4      0 
    0    152     49     51     95      6      0      0      0      0   1512   1410   1517      4      0 
    1    268     69     69    100      8      0      0      0      0   1512   1410   1909      4      0 
    0    151     49     51     95      6      0      0      0      0   1512   1410   1517      4      0 
    1    276     69     69    100      8      0      0      0      0   1512   1410   1909      4      0 
    0    151     49     51     95      6      0      0      0      0   1512   1410   1517      4      0 
    1    276     69     69    100      8      0      0      0      0   1512   1410   1909      4      0 
    0    152     49     51     95      6      0      0      0      0   1512   1410   1517      4      0 
    1    273     69     69    100      8      0      0      0      0   1512   1410   1909      4      0 
    0    151     49     51     95      6      0      0      0      0   1512   1410   1517      4      0 
    1    290     69     69    100      8      0      0      0      0   1512   1410   1909      4      0 
    0    151     49     51     95      6      0      0      0      0   1512   1410   1517      4      0 
    1    275     69     69    100      8      0      0      0      0   1512   1410   1909      4      0 
    0    151     49     51     95      6      0      0      0      0   1512   1410   1517      4      0 
    1    285     69     69    100      8      0      0      0      0   1512   1410   1909      4      0 
    0    150     49     51     95      6      0      0      0      0   1512   1410   1517      4      0 
    1    266     69     69    100      8      0      0      0      0   1512   1410   1909      4      0 
# gpu    pwr  gtemp  mtemp     sm    mem    enc    dec    jpg    ofa   mclk   pclk     fb   bar1   ccpm 
# Idx      W      C      C      %      %      %      %      %      %    MHz    MHz     MB     MB     MB 
    0    151     49     51     95      6      0      0      0      0   1512   1410   1517      4      0 
    1    275     69     69    100      8      0      0      0      0   1512   1410   1909      4      0 
    0    151     49     51     95      6      0      0      0      0   1512   1410   1517      4      0 
    1    269     69     69    100      8      0      0      0      0   1512   1410   1909      4      0 
    0    152     49     51     95      6      0      0      0      0   1512   1410   1517      4      0 
    1    264     69     69    100      8      0      0      0      0   1512   1410   1909      4      0 
    0    150     49     51     95      6      0      0      0      0   1512   1410   1517      4      0 
    1    268     69     69    100      8      0      0      0      0   1512   1410   1909      4      0 
    0    152     49     51     95      6      0      0      0      0   1512   1410   1517      4      0 
    1    276     69     69    100      8      0      0      0      0   1512   1410   1909      4      0 
    0    152     49     51     95      6      0      0      0      0   1512   1410   1517      4      0 
    1    273     69     69    100      9      0      0      0      0   1512   1410   1909      4      0 
    0    151     49     51     95      6      0      0      0      0   1512   1410   1517      4      0 
    1    275     69     69    100      8      0      0      0      0   1512   1410   1909      4      0 
    0    150     49     51     95      6      0      0      0      0   1512   1410   1517      4      0 
    1    280     69     69    100      8      0      0      0      0   1512   1410   1909      4      0 
    0    151     49     51     95      6      0      0      0      0   1512   1410   1517      4      0 
    1    265     69     69    100      8      0      0      0      0   1512   1410   1909      4      0 
    0    152     49     51     95      6      0      0      0      0   1512   1410   1517      4      0 
    1    284     69     69    100      8      0      0      0      0   1512   1410   1909      4      0 
    0    152     49     51     95      6      0      0      0      0   1512   1410   1517      4      0 
    1    276     69     69    100      9      0      0      0      0   1512   1410   1909      4      0 
    0    151     49     51     95      6      0      0      0      0   1512   1410   1517      4      0 
    1    277     69     69    100      8      0      0      0      0   1512   1410   1909      4      0 
    0    150     49     51     95      6      0      0      0      0   1512   1410   1517      4      0 
    1    263     69     69    100      8      0      0      0      0   1512   1410   1909      4      0 
    0    151     49     51     95      6      0      0      0      0   1512   1410   1517      4      0 
    1    271     69     69    100      8      0      0      0      0   1512   1410   1909      4      0 
    0    150     49     51     95      6      0      0      0      0   1512   1410   1517      4      0 
    1    278     69     69    100      8      0      0      0      0   1512   1410   1909      4      0 
    0    151     49     51     95      6      0      0      0      0   1512   1410   1517      4      0 
    1    288     69     69    100      8      0      0      0      0   1512   1410   1909      4      0 
    0    150     49     51     95      6      0      0      0      0   1512   1410   1517      4      0 
    1    268     69     69    100      8      0      0      0      0   1512   1410   1909      4      0 
    0    152     49     51     95      6      0      0      0      0   1512   1410   1517      4      0 
    1    275     69     69    100      8      0      0      0      0   1512   1410   1909      4      0 
    0    150     49     51     95      6      0      0      0      0   1512   1410   1517      4      0 
    1    267     69     69    100      8      0      0      0      0   1512   1410   1909      4      0 
    0    151     49     51     95      6      0      0      0      0   1512   1410   1517      4      0 
    1    280     69     69    100      8      0      0      0      0   1512   1410   1909      4      0 
    0    150     49     51     95      6      0      0      0      0   1512   1410   1517      4      0 
    1    283     69     69    100      8      0      0      0      0   1512   1410   1909      4      0 
    0    151     49     51     95      6      0      0      0      0   1512   1410   1517      4      0 
    1    275     69     69    100      8      0      0      0      0   1512   1410   1909      4      0 
# gpu    pwr  gtemp  mtemp     sm    mem    enc    dec    jpg    ofa   mclk   pclk     fb   bar1   ccpm 
# Idx      W      C      C      %      %      %      %      %      %    MHz    MHz     MB     MB     MB 
    0    150     49     51     95      6      0      0      0      0   1512   1410   1517      4      0 
    1    262     69     69    100      8      0      0      0      0   1512   1410   1909      4      0 
    0    150     49     51     95      6      0      0      0      0   1512   1410   1517      4      0 
    1    270     69     69    100      8      0      0      0      0   1512   1410   1909      4      0 
    0    152     49     51     95      6      0      0      0      0   1512   1410   1517      4      0 
    1    281     69     69    100      8      0      0      0      0   1512   1410   1909      4      0 
    0    151     49     51     95      6      0      0      0      0   1512   1410   1517      4      0 
    1    271     69     69    100      8      0      0      0      0   1512   1410   1909      4      0 
    0    150     49     51     95      6      0      0      0      0   1512   1410   1517      4      0 
    1    272     69     69     99      8      0      0      0      0   1512   1410   1909      4      0 
    0    151     49     51     95      6      0      0      0      0   1512   1410   1517      4      0 
    1    274     69     69    100      8      0      0      0      0   1512   1410   1909      4      0 
    0    150     49     51     95      6      0      0      0      0   1512   1410   1517      4      0 
    1    289     69     69    100      8      0      0      0      0   1512   1410   1909      4      0 
    0    150     49     51     95      6      0      0      0      0   1512   1410   1517      4      0 
    1    284     69     69    100      8      0      0      0      0   1512   1410   1909      4      0 
    0    150     49     51     95      6      0      0      0      0   1512   1410   1517      4      0 
    1    275     69     69    100      9      0      0      0      0   1512   1410   1909      4      0 
    0    152     49     51     95      6      0      0      0      0   1512   1410   1517      4      0 
    1    279     69     69    100      9      0      0      0      0   1512   1410   1909      4      0 
    0    150     49     51     95      6      0      0      0      0   1512   1410   1517      4      0 
    1    276     69     69    100      8      0      0      0      0   1512   1410   1909      4      0 
    0    152     49     51     95      6      0      0      0      0   1512   1410   1517      4      0 
    1    287     69     69    100      8      0      0      0      0   1512   1410   1909      4      0 
    0    150     49     51     95      6      0      0      0      0   1512   1410   1517      4      0 
    1    266     69     69    100      8      0      0      0      0   1512   1410   1909      4      0 
    0    150     49     51     95      6      0      0      0      0   1512   1410   1517      4      0 
    1    282     69     69    100      8      0      0      0      0   1512   1410   1909      4      0 
    0    150     49     51     95      6      0      0      0      0   1512   1410   1517      4      0 
    1    275     69     69    100      8      0      0      0      0   1512   1410   1909      4      0 
    0    151     49     51     95      6      0      0      0      0   1512   1410   1517      4      0 
    1    285     69     69    100      8      0      0      0      0   1512   1410   1909      4      0 
    0    149     49     51     95      6      0      0      0      0   1512   1410   1517      4      0 
    1    268     69     69    100      8      0      0      0      0   1512   1410   1909      4      0 
    0    150     49     51     95      6      0      0      0      0   1512   1410   1517      4      0 
    1    274     69     69    100      8      0      0      0      0   1512   1410   1909      4      0 
    0    150     49     51     95      6      0      0      0      0   1512   1410   1517      4      0 
    1    271     69     69    100      8      0      0      0      0   1512   1410   1909      4      0 
    0    150     49     51     95      6      0      0      0      0   1512   1410   1517      4      0 
    1    279     69     69    100      8      0      0      0      0   1512   1410   1909      4      0 
    0    150     49     51     95      6      0      0      0      0   1512   1410   1517      4      0 
    1    274     69     69    100      8      0      0      0      0   1512   1410   1909      4      0 
    0    150     49     51     95      6      0      0      0      0   1512   1410   1517      4      0 
    1    276     69     69    100      8      0      0      0      0   1512   1410   1909      4      0 
# gpu    pwr  gtemp  mtemp     sm    mem    enc    dec    jpg    ofa   mclk   pclk     fb   bar1   ccpm 
# Idx      W      C      C      %      %      %      %      %      %    MHz    MHz     MB     MB     MB 
    0    151     49     51     95      6      0      0      0      0   1512   1410   1517      4      0 
    1    270     69     69    100      8      0      0      0      0   1512   1410   1909      4      0 
    0    151     49     51     95      6      0      0      0      0   1512   1410   1517      4      0 
    1    277     69     69    100      8      0      0      0      0   1512   1410   1909      4      0 
    0    152     49     51     95      6      0      0      0      0   1512   1410   1517      4      0 
    1    281     69     69    100      8      0      0      0      0   1512   1410   1909      4      0 
    0    149     49     51     95      6      0      0      0      0   1512   1410   1517      4      0 
    1    265     69     69    100      8      0      0      0      0   1512   1410   1909      4      0 
    0    152     49     51     95      6      0      0      0      0   1512   1410   1517      4      0 
    1    281     69     69    100      8      0      0      0      0   1512   1410   1909      4      0 
    0    151     49     49     95      6      0      0      0      0   1512   1410   1517      4      0 
    1    269     69     69    100      8      0      0      0      0   1512   1410   1909      4      0 
    0    151     49     51     95      6      0      0      0      0   1512   1410   1517      4      0 
    1    291     69     69    100      8      0      0      0      0   1512   1410   1909      4      0 
    0    149     49     51     95      6      0      0      0      0   1512   1410   1517      4      0 
    1    274     69     69    100      8      0      0      0      0   1512   1410   1909      4      0 
    0    150     49     51     95      6      0      0      0      0   1512   1410   1517      4      0 
    1    269     69     69    100      8      0      0      0      0   1512   1410   1909      4      0 
    0    151     49     51     95      6      0      0      0      0   1512   1410   1517      4      0 
    1    276     69     69    100      8      0      0      0      0   1512   1410   1909      4      0 
    0    150     49     51     95      6      0      0      0      0   1512   1410   1517      4      0 
    1    270     69     69    100      8      0      0      0      0   1512   1410   1909      4      0 
    0    149     49     51     95      6      0      0      0      0   1512   1410   1517      4      0 
    1    277     69     69    100      8      0      0      0      0   1512   1410   1909      4      0 
    0    150     49     49     95      6      0      0      0      0   1512   1410   1517      4      0 
    1    265     69     69    100      8      0      0      0      0   1512   1410   1909      4      0 
    0    152     49     49     95      6      0      0      0      0   1512   1410   1517      4      0 
    1    269     69     69    100      8      0      0      0      0   1512   1410   1909      4      0 
    0    150     49     49     95      6      0      0      0      0   1512   1410   1517      4      0 
    1    265     69     69    100      8      0      0      0      0   1512   1410   1909      4      0 
    0    151     49     51     95      6      0      0      0      0   1512   1410   1517      4      0 
    1    276     69     69    100      8      0      0      0      0   1512   1410   1909      4      0 
    0    150     49     49     95      6      0      0      0      0   1512   1410   1517      4      0 
    1    277     69     69    100      8      0      0      0      0   1512   1410   1909      4      0 
    0    150     49     49     95      6      0      0      0      0   1512   1410   1517      4      0 
    1    273     69     69    100      8      0      0      0      0   1512   1410   1909      4      0 
    0    150     49     51     95      6      0      0      0      0   1512   1410   1517      4      0 
    1    280     69     69    100      8      0      0      0      0   1512   1410   1909      4      0 
    0    150     49     49     95      6      0      0      0      0   1512   1410   1517      4      0 
    1    278     69     69    100      9      0      0      0      0   1512   1410   1909      4      0 
    0    150     49     51     95      6      0      0      0      0   1512   1410   1517      4      0 
    1    265     69     69    100      8      0      0      0      0   1512   1410   1909      4      0 
    0    151     49     49     95      6      0      0      0      0   1512   1410   1517      4      0 
    1    267     69     69     99      8      0      0      0      0   1512   1410   1909      4      0 
# gpu    pwr  gtemp  mtemp     sm    mem    enc    dec    jpg    ofa   mclk   pclk     fb   bar1   ccpm 
# Idx      W      C      C      %      %      %      %      %      %    MHz    MHz     MB     MB     MB 
    0    150     49     51     95      6      0      0      0      0   1512   1410   1517      4      0 
    1    271     69     69    100      8      0      0      0      0   1512   1410   1909      4      0 
    0    151     49     51     95      6      0      0      0      0   1512   1410   1517      4      0 
    1    268     68     69    100      8      0      0      0      0   1512   1410   1909      4      0 
    0    149     49     51     95      6      0      0      0      0   1512   1410   1517      4      0 
    1    281     69     69    100      8      0      0      0      0   1512   1410   1909      4      0 
    0    150     49     49     95      6      0      0      0      0   1512   1410   1517      4      0 
    1    264     69     69    100      8      0      0      0      0   1512   1410   1909      4      0 
    0    148     49     49     95      6      0      0      0      0   1512   1410   1517      4      0 
    1    276     68     69    100      8      0      0      0      0   1512   1410   1909      4      0 
    0    149     49     49     95      6      0      0      0      0   1512   1410   1517      4      0 
    1    281     68     69    100      8      0      0      0      0   1512   1410   1909      4      0 
    0    151     49     49     95      6      0      0      0      0   1512   1410   1517      4      0 
    1    265     69     69    100      8      0      0      0      0   1512   1410   1909      4      0 
    0    151     49     49     95      6      0      0      0      0   1512   1410   1517      4      0 
    1    277     69     69    100      8      0      0      0      0   1512   1410   1909      4      0 
    0    150     49     49     95      6      0      0      0      0   1512   1410   1517      4      0 
    1    284     69     69    100      8      0      0      0      0   1512   1410   1909      4      0 
    0    151     49     49     95      6      0      0      0      0   1512   1410   1517      4      0 
    1    264     69     69    100      8      0      0      0      0   1512   1410   1909      4      0 
    0    152     49     49     95      6      0      0      0      0   1512   1410   1517      4      0 
    1    287     69     69    100      8      0      0      0      0   1512   1410   1909      4      0 
    0    150     49     49     95      6      0      0      0      0   1512   1410   1517      4      0 
    1    267     69     69    100      8      0      0      0      0   1512   1410   1909      4      0 
    0    150     49     49     95      6      0      0      0      0   1512   1410   1517      4      0 
    1    267     69     69    100      8      0      0      0      0   1512   1410   1909      4      0 
    0    150     49     49     95      6      0      0      0      0   1512   1410   1517      4      0 
    1    272     69     69    100      8      0      0      0      0   1512   1410   1909      4      0 
    0    150     49     49     95      6      0      0      0      0   1512   1410   1517      4      0 
    1    270     69     69    100      8      0      0      0      0   1512   1410   1909      4      0 
    0    151     48     49     95      6      0      0      0      0   1512   1410   1517      4      0 
    1    279     69     69    100      8      0      0      0      0   1512   1410   1909      4      0 
    0    152     48     49     95      6      0      0      0      0   1512   1410   1517      4      0 
    1    277     69     69    100      8      0      0      0      0   1512   1410   1909      4      0 
    0    151     48     49     95      6      0      0      0      0   1512   1410   1517      4      0 
    1    265     69     69    100      8      0      0      0      0   1512   1410   1909      4      0 
    0    151     48     49     95      6      0      0      0      0   1512   1410   1517      4      0 
    1    291     69     69    100      8      0      0      0      0   1512   1410   1909      4      0 
    0    150     48     49     95      6      0      0      0      0   1512   1410   1517      4      0 
    1    276     69     69    100      8      0      0      0      0   1512   1410   1909      4      0 
    0    151     48     49     95      6      0      0      0      0   1512   1410   1517      4      0 
    1    275     68     69    100      8      0      0      0      0   1512   1410   1909      4      0 
    0    150     48     49     95      6      0      0      0      0   1512   1410   1517      4      0 
    1    274     69     69    100      8      0      0      0      0   1512   1410   1909      4      0 
# gpu    pwr  gtemp  mtemp     sm    mem    enc    dec    jpg    ofa   mclk   pclk     fb   bar1   ccpm 
# Idx      W      C      C      %      %      %      %      %      %    MHz    MHz     MB     MB     MB 
    0    150     48     49     95      6      0      0      0      0   1512   1410   1517      4      0 
    1    275     69     69    100      8      0      0      0      0   1512   1410   1909      4      0 
    0    152     49     49     95      6      0      0      0      0   1512   1410   1517      4      0 
    1    264     69     69    100      8      0      0      0      0   1512   1410   1909      4      0 
    0    151     48     49     95      6      0      0      0      0   1512   1410   1517      4      0 
    1    267     69     69    100      8      0      0      0      0   1512   1410   1909      4      0 
    0    150     49     49     95      6      0      0      0      0   1512   1410   1517      4      0 
    1    276     69     69    100      8      0      0      0      0   1512   1410   1909      4      0 
    0    148     49     51     95      6      0      0      0      0   1512   1410   1517      4      0 
    1    284     69     69    100      8      0      0      0      0   1512   1410   1909      4      0 
    0    150     49     49     95      6      0      0      0      0   1512   1410   1517      4      0 
    1    277     69     69    100      8      0      0      0      0   1512   1410   1909      4      0 
    0    151     48     49     95      6      0      0      0      0   1512   1410   1517      4      0 
    1    276     69     69    100      8      0      0      0      0   1512   1410   1909      4      0 
    0    151     49     49     95      6      0      0      0      0   1512   1410   1517      4      0 
    1    279     69     69    100      8      0      0      0      0   1512   1410   1909      4      0 
    0    150     49     49     95      6      0      0      0      0   1512   1410   1517      4      0 
    1    266     69     69    100      8      0      0      0      0   1512   1410   1909      4      0 
    0    150     49     49     95      6      0      0      0      0   1512   1410   1517      4      0 
    1    288     69     69    100      8      0      0      0      0   1512   1410   1909      4      0 
    0    150     49     51     95      6      0      0      0      0   1512   1410   1517      4      0 
    1    271     68     69    100      8      0      0      0      0   1512   1410   1909      4      0 
    0    151     49     49     95      6      0      0      0      0   1512   1410   1517      4      0 
    1    267     69     69    100      8      0      0      0      0   1512   1410   1909      4      0 
    0    151     49     51     95      6      0      0      0      0   1512   1410   1517      4      0 
    1    278     69     69    100      8      0      0      0      0   1512   1410   1909      4      0 
    0    151     49     51     95      6      0      0      0      0   1512   1410   1517      4      0 
    1    279     69     69    100      9      0      0      0      0   1512   1410   1909      4      0 
    0    150     49     51     95      6      0      0      0      0   1512   1410   1517      4      0 
    1    283     69     69    100      9      0      0      0      0   1512   1410   1909      4      0 
    0    150     49     51     95      6      0      0      0      0   1512   1410   1517      4      0 
    1    264     68     69    100      8      0      0      0      0   1512   1410   1909      4      0 
    0    150     49     51     95      6      0      0      0      0   1512   1410   1517      4      0 
    1    275     68     69    100      8      0      0      0      0   1512   1410   1909      4      0 
    0    150     49     51     95      6      0      0      0      0   1512   1410   1517      4      0 
    1    267     69     69    100      8      0      0      0      0   1512   1410   1909      4      0 
    0    149     49     51     95      6      0      0      0      0   1512   1410   1517      4      0 
    1    267     69     69    100      8      0      0      0      0   1512   1410   1909      4      0 
    0    152     49     51     95      6      0      0      0      0   1512   1410   1517      4      0 
    1    285     69     69    100      8      0      0      0      0   1512   1410   1909      4      0 
    0    151     49     51     95      6      0      0      0      0   1512   1410   1517      4      0 
    1    275     69     69    100      8      0      0      0      0   1512   1410   1909      4      0 
    0    151     49     51     95      6      0      0      0      0   1512   1410   1517      4      0 
    1    272     69     69    100      8      0      0      0      0   1512   1410   1909      4      0 
# gpu    pwr  gtemp  mtemp     sm    mem    enc    dec    jpg    ofa   mclk   pclk     fb   bar1   ccpm 
# Idx      W      C      C      %      %      %      %      %      %    MHz    MHz     MB     MB     MB 
    0    151     49     49     95      6      0      0      0      0   1512   1410   1517      4      0 
    1    277     69     69    100      8      0      0      0      0   1512   1410   1909      4      0 
    0    151     49     49     95      6      0      0      0      0   1512   1410   1517      4      0 
    1    278     69     69    100      8      0      0      0      0   1512   1410   1909      4      0 
    0    151     49     51     94      6      0      0      0      0   1512   1410   1517      4      0 
    1    263     69     69    100      8      0      0      0      0   1512   1410   1909      4      0 
    0    150     49     51     95      6      0      0      0      0   1512   1410   1517      4      0 
    1    272     69     69    100      8      0      0      0      0   1512   1410   1909      4      0 
    0    151     49     49     95      6      0      0      0      0   1512   1410   1517      4      0 
    1    265     69     69    100      8      0      0      0      0   1512   1410   1909      4      0 
    0    150     49     51     95      6      0      0      0      0   1512   1410   1517      4      0 
    1    278     69     69    100      8      0      0      0      0   1512   1410   1909      4      0 
    0    150     49     51     95      6      0      0      0      0   1512   1410   1517      4      0 
    1    267     69     69    100      8      0      0      0      0   1512   1410   1909      4      0 
    0    150     49     49     95      6      0      0      0      0   1512   1410   1517      4      0 
    1    280     68     69    100      8      0      0      0      0   1512   1410   1909      4      0 
    0    151     49     51     95      6      0      0      0      0   1512   1410   1517      4      0 
    1    275     69     69    100      8      0      0      0      0   1512   1410   1909      4      0 
    0    152     49     51     95      6      0      0      0      0   1512   1410   1517      4      0 
    1    276     69     69    100      8      0      0      0      0   1512   1410   1909      4      0 
    0    151     49     51     95      6      0      0      0      0   1512   1410   1517      4      0 
    1    262     69     69    100      8      0      0      0      0   1512   1410   1909      4      0 
    0    151     49     51     95      6      0      0      0      0   1512   1410   1517      4      0 
    1    270     69     69    100      8      0      0      0      0   1512   1410   1909      4      0 
    0    151     49     51     95      6      0      0      0      0   1512   1410   1517      4      0 
    1    271     69     69    100      8      0      0      0      0   1512   1410   1909      4      0 
    0    150     49     51     95      6      0      0      0      0   1512   1410   1517      4      0 
    1    276     69     69    100      8      0      0      0      0   1512   1410   1909      4      0 
    0    150     49     51     95      6      0      0      0      0   1512   1410   1517      4      0 
    1    271     69     69    100      8      0      0      0      0   1512   1410   1909      4      0 
    0    150     49     51     95      6      0      0      0      0   1512   1410   1517      4      0 
    1    286     69     69    100      8      0      0      0      0   1512   1410   1909      4      0 
    0    152     49     51     95      6      0      0      0      0   1512   1410   1517      4      0 
    1    267     68     69    100      8      0      0      0      0   1512   1410   1909      4      0 
    0    152     49     51     95      6      0      0      0      0   1512   1410   1517      4      0 
    1    275     69     69    100      8      0      0      0      0   1512   1410   1909      4      0 
    0    150     49     51     95      6      0      0      0      0   1512   1410   1517      4      0 
    1    265     69     69    100      8      0      0      0      0   1512   1410   1909      4      0 
    0    149     49     51     95      6      0      0      0      0   1512   1410   1517      4      0 
    1    282     69     69    100      8      0      0      0      0   1512   1410   1909      4      0 
    0    152     49     51     95      6      0      0      0      0   1512   1410   1517      4      0 
    1    269     69     69    100      8      0      0      0      0   1512   1410   1909      4      0 
    0    151     49     51     95      6      0      0      0      0   1512   1410   1517      4      0 
    1    274     69     69    100      8      0      0      0      0   1512   1410   1909      4      0 
# gpu    pwr  gtemp  mtemp     sm    mem    enc    dec    jpg    ofa   mclk   pclk     fb   bar1   ccpm 
# Idx      W      C      C      %      %      %      %      %      %    MHz    MHz     MB     MB     MB 
    0    152     49     51     95      6      0      0      0      0   1512   1410   1517      4      0 
    1    276     69     69    100      8      0      0      0      0   1512   1410   1909      4      0 
    0    151     49     51     95      6      0      0      0      0   1512   1410   1517      4      0 
    1    264     69     69    100      8      0      0      0      0   1512   1410   1909      4      0 
    0    152     49     51     95      6      0      0      0      0   1512   1410   1517      4      0 
    1    278     69     69    100      8      0      0      0      0   1512   1410   1909      4      0 
    0    151     49     51     94      6      0      0      0      0   1512   1410   1517      4      0 
    1    277     69     69    100      8      0      0      0      0   1512   1410   1909      4      0 
    0    150     49     51     95      6      0      0      0      0   1512   1410   1517      4      0 
    1    268     69     69    100      8      0      0      0      0   1512   1410   1909      4      0 
    0    150     49     51     95      6      0      0      0      0   1512   1410   1517      4      0 
    1    273     69     69    100      8      0      0      0      0   1512   1410   1909      4      0 
    0    150     49     51     95      6      0      0      0      0   1512   1410   1517      4      0 
    1    277     69     69    100      8      0      0      0      0   1512   1410   1909      4      0 
    0    150     49     51     95      6      0      0      0      0   1512   1410   1517      4      0 
    1    272     69     69    100      8      0      0      0      0   1512   1410   1909      4      0 
    0    150     49     51     95      6      0      0      0      0   1512   1410   1517      4      0 
    1    277     69     69    100      8      0      0      0      0   1512   1410   1909      4      0 
    0    151     49     51     95      6      0      0      0      0   1512   1410   1517      4      0 
    1    273     69     69    100      8      0      0      0      0   1512   1410   1909      4      0 
    0    151     49     51     95      6      0      0      0      0   1512   1410   1517      4      0 
    1    266     69     69    100      8      0      0      0      0   1512   1410   1909      4      0 
    0    150     49     51     95      6      0      0      0      0   1512   1410   1517      4      0 
    1    290     69     69    100      8      0      0      0      0   1512   1410   1909      4      0 
    0    148     49     51     94      6      0      0      0      0   1512   1410   1517      4      0 
    1    280     69     69    100      8      0      0      0      0   1512   1410   1909      4      0 
    0    150     49     51     94      6      0      0      0      0   1512   1410   1517      4      0 
    1    275     69     69    100      8      0      0      0      0   1512   1410   1909      4      0 
    0    152     49     51     95      6      0      0      0      0   1512   1410   1517      4      0 
    1    280     69     69    100      8      0      0      0      0   1512   1410   1909      4      0 
    0    150     49     51     95      6      0      0      0      0   1512   1410   1517      4      0 
    1    270     69     69    100      8      0      0      0      0   1512   1410   1909      4      0 
    0    150     49     51     95      6      0      0      0      0   1512   1410   1517      4      0 
    1    281     69     69    100      8      0      0      0      0   1512   1410   1909      4      0 
    0    151     49     51     95      6      0      0      0      0   1512   1410   1517      4      0 
    1    288     69     69    100      8      0      0      0      0   1512   1410   1909      4      0 
    0    150     49     51     95      6      0      0      0      0   1512   1410   1517      4      0 
    1    267     69     69    100      8      0      0      0      0   1512   1410   1909      4      0 
    0    150     49     51     95      6      0      0      0      0   1512   1410   1517      4      0 
    1    265     69     69    100      8      0      0      0      0   1512   1410   1909      4      0 
    0    152     49     51     95      6      0      0      0      0   1512   1410   1517      4      0 
    1    277     69     69    100      9      0      0      0      0   1512   1410   1909      4      0 
    0    152     49     51     94      6      0      0      0      0   1512   1410   1517      4      0 
    1    291     69     69    100      8      0      0      0      0   1512   1410   1909      4      0 
# gpu    pwr  gtemp  mtemp     sm    mem    enc    dec    jpg    ofa   mclk   pclk     fb   bar1   ccpm 
# Idx      W      C      C      %      %      %      %      %      %    MHz    MHz     MB     MB     MB 
    0    150     49     51     95      6      0      0      0      0   1512   1410   1517      4      0 
    1    277     69     69    100      9      0      0      0      0   1512   1410   1909      4      0 
    0    150     49     51     95      6      0      0      0      0   1512   1410   1517      4      0 
    1    288     69     69    100      8      0      0      0      0   1512   1410   1909      4      0 
    0    149     49     51     95      6      0      0      0      0   1512   1410   1517      4      0 
    1    278     69     69    100      8      0      0      0      0   1512   1410   1909      4      0 
    0    150     49     51     95      6      0      0      0      0   1512   1410   1517      4      0 
    1    266     69     69    100      8      0      0      0      0   1512   1410   1909      4      0 
    0    151     49     51     95      6      0      0      0      0   1512   1410   1517      4      0 
    1    276     69     69    100      8      0      0      0      0   1512   1410   1909      4      0 
    0    151     49     51     95      6      0      0      0      0   1512   1410   1517      4      0 
    1    281     69     69    100      8      0      0      0      0   1512   1410   1909      4      0 
    0    150     49     51     95      6      0      0      0      0   1512   1410   1517      4      0 
    1    274     69     69    100      8      0      0      0      0   1512   1410   1909      4      0 
    0    150     49     51     94      6      0      0      0      0   1512   1410   1517      4      0 
    1    288     69     69    100      8      0      0      0      0   1512   1410   1909      4      0 
    0    150     49     51     94      6      0      0      0      0   1512   1410   1517      4      0 
    1    263     69     69    100      8      0      0      0      0   1512   1410   1909      4      0 
    0    148     49     51     95      6      0      0      0      0   1512   1410   1517      4      0 
    1    277     69     69    100      8      0      0      0      0   1512   1410   1909      4      0 
    0    151     49     51     95      6      0      0      0      0   1512   1410   1517      4      0 
    1    273     69     69    100      8      0      0      0      0   1512   1410   1909      4      0 
    0    152     49     51     95      6      0      0      0      0   1512   1410   1517      4      0 
    1    289     69     69    100      8      0      0      0      0   1512   1410   1909      4      0 
    0    151     49     51     95      6      0      0      0      0   1512   1410   1517      4      0 
    1    282     69     69    100      8      0      0      0      0   1512   1410   1909      4      0 
    0    148     49     51     95      6      0      0      0      0   1512   1410   1517      4      0 
    1    265     69     69    100      8      0      0      0      0   1512   1410   1909      4      0 
    0    150     49     51     95      6      0      0      0      0   1512   1410   1517      4      0 
    1    275     69     69    100      8      0      0      0      0   1512   1410   1909      4      0 
    0    150     49     51     95      6      0      0      0      0   1512   1410   1517      4      0 
    1    281     69     69    100      8      0      0      0      0   1512   1410   1909      4      0 
    0    150     49     51     95      6      0      0      0      0   1512   1410   1517      4      0 
    1    289     69     69    100      8      0      0      0      0   1512   1410   1909      4      0 
    0    150     49     51     94      6      0      0      0      0   1512   1410   1517      4      0 
    1    264     69     69    100      8      0      0      0      0   1512   1410   1909      4      0 
    0    149     49     51     95      6      0      0      0      0   1512   1410   1517      4      0 
    1    274     69     69    100      8      0      0      0      0   1512   1410   1909      4      0 
    0    150     49     51     95      6      0      0      0      0   1512   1410   1517      4      0 
    1    288     69     69    100      8      0      0      0      0   1512   1410   1909      4      0 
    0    150     49     51     95      6      0      0      0      0   1512   1410   1517      4      0 
    1    263     69     69    100      8      0      0      0      0   1512   1410   1909      4      0 
    0    150     49     51     95      6      0      0      0      0   1512   1410   1517      4      0 
    1    261     69     69    100      8      0      0      0      0   1512   1410   1909      4      0 
# gpu    pwr  gtemp  mtemp     sm    mem    enc    dec    jpg    ofa   mclk   pclk     fb   bar1   ccpm 
# Idx      W      C      C      %      %      %      %      %      %    MHz    MHz     MB     MB     MB 
    0    151     49     51     95      6      0      0      0      0   1512   1410   1517      4      0 
    1    279     69     69    100      8      0      0      0      0   1512   1410   1909      4      0 
    0    151     49     51     95      6      0      0      0      0   1512   1410   1517      4      0 
    1    263     69     69    100      8      0      0      0      0   1512   1410   1909      4      0 
    0    150     49     51     95      6      0      0      0      0   1512   1410   1517      4      0 
    1    276     69     69    100      8      0      0      0      0   1512   1410   1909      4      0 
    0    149     49     51     95      6      0      0      0      0   1512   1410   1517      4      0 
    1    278     69     69    100      8      0      0      0      0   1512   1410   1909      4      0 
    0    151     49     51     94      6      0      0      0      0   1512   1410   1517      4      0 
    1    285     69     69    100      9      0      0      0      0   1512   1410   1909      4      0 
    0    151     49     51     95      6      0      0      0      0   1512   1410   1517      4      0 
    1    278     69     69    100      8      0      0      0      0   1512   1410   1909      4      0 
    0    151     49     51     95      6      0      0      0      0   1512   1410   1517      4      0 
    1    268     69     69    100      8      0      0      0      0   1512   1410   1909      4      0 
    0    152     49     51     95      6      0      0      0      0   1512   1410   1517      4      0 
    1    280     69     69    100      9      0      0      0      0   1512   1410   1909      4      0 
    0    150     49     51     95      6      0      0      0      0   1512   1410   1517      4      0 
    1    263     69     69    100      8      0      0      0      0   1512   1410   1909      4      0 
    0    149     49     51     95      6      0      0      0      0   1512   1410   1517      4      0 
    1    280     69     69    100      8      0      0      0      0   1512   1410   1909      4      0 
    0    151     49     51     95      6      0      0      0      0   1512   1410   1517      4      0 
    1    265     69     69    100      8      0      0      0      0   1512   1410   1909      4      0 
    0    151     49     51     95      6      0      0      0      0   1512   1410   1517      4      0 
    1    292     69     69    100      8      0      0      0      0   1512   1410   1909      4      0 
    0    151     49     51     95      6      0      0      0      0   1512   1410   1517      4      0 
    1    270     69     69    100      8      0      0      0      0   1512   1410   1909      4      0 
    0    151     49     51     95      6      0      0      0      0   1512   1410   1517      4      0 
    1    268     69     69    100      8      0      0      0      0   1512   1410   1909      4      0 
    0    150     49     51     95      6      0      0      0      0   1512   1410   1517      4      0 
    1    276     69     69    100      8      0      0      0      0   1512   1410   1909      4      0 
    0    151     49     51     95      6      0      0      0      0   1512   1410   1517      4      0 
    1    273     69     69    100      9      0      0      0      0   1512   1410   1909      4      0 
    0    150     49     51     95      6      0      0      0      0   1512   1410   1517      4      0 
    1    290     69     69    100      9      0      0      0      0   1512   1410   1909      4      0 
    0    151     49     51     95      6      0      0      0      0   1512   1410   1517      4      0 
    1    272     69     69    100      8      0      0      0      0   1512   1410   1909      4      0 
    0    150     49     51     95      6      0      0      0      0   1512   1410   1517      4      0 
    1    277     69     69    100      8      0      0      0      0   1512   1410   1909      4      0 
    0    151     49     51     95      6      0      0      0      0   1512   1410   1517      4      0 
    1    264     69     69    100      8      0      0      0      0   1512   1410   1909      4      0 
    0    150     49     51     95      6      0      0      0      0   1512   1410   1517      4      0 
    1    273     69     69    100      8      0      0      0      0   1512   1410   1909      4      0 
    0    151     49     51     95      6      0      0      0      0   1512   1410   1517      4      0 
    1    263     69     69    100      8      0      0      0      0   1512   1410   1909      4      0 
# gpu    pwr  gtemp  mtemp     sm    mem    enc    dec    jpg    ofa   mclk   pclk     fb   bar1   ccpm 
# Idx      W      C      C      %      %      %      %      %      %    MHz    MHz     MB     MB     MB 
    0    149     49     51     95      6      0      0      0      0   1512   1410   1517      4      0 
    1    280     69     69    100      8      0      0      0      0   1512   1410   1909      4      0 
    0    151     49     51     95      6      0      0      0      0   1512   1410   1517      4      0 
    1    278     69     69    100      9      0      0      0      0   1512   1410   1909      4      0 
    0    152     49     51     95      6      0      0      0      0   1512   1410   1517      4      0 
    1    273     69     69    100      8      0      0      0      0   1512   1410   1909      4      0 
    0    152     49     51     95      6      0      0      0      0   1512   1410   1517      4      0 
    1    289     69     69    100      8      0      0      0      0   1512   1410   1909      4      0 
    0    151     49     51     95      6      0      0      0      0   1512   1410   1517      4      0 
    1    276     69     69    100      8      0      0      0      0   1512   1410   1909      4      0 
    0    151     49     51     95      6      0      0      0      0   1512   1410   1517      4      0 
    1    270     69     69    100      8      0      0      0      0   1512   1410   1909      4      0 
    0    152     49     51     95      6      0      0      0      0   1512   1410   1517      4      0 
    1    287     69     69    100      8      0      0      0      0   1512   1410   1909      4      0 
    0    150     49     51     95      6      0      0      0      0   1512   1410   1517      4      0 
    1    266     69     69    100      8      0      0      0      0   1512   1410   1909      4      0 
    0    151     49     51     95      6      0      0      0      0   1512   1410   1517      4      0 
    1    276     69     69    100      8      0      0      0      0   1512   1410   1909      4      0 
    0    151     49     51     95      6      0      0      0      0   1512   1410   1517      4      0 
    1    273     69     69    100      8      0      0      0      0   1512   1410   1909      4      0 
    0    151     49     51     95      6      0      0      0      0   1512   1410   1517      4      0 
    1    274     69     69    100      8      0      0      0      0   1512   1410   1909      4      0 
    0    152     49     51     95      6      0      0      0      0   1512   1410   1517      4      0 
    1    265     69     69    100      8      0      0      0      0   1512   1410   1909      4      0 
    0    152     49     51     95      6      0      0      0      0   1512   1410   1517      4      0 
    1    275     69     69    100      8      0      0      0      0   1512   1410   1909      4      0 
    0    151     49     51     95      6      0      0      0      0   1512   1410   1517      4      0 
    1    287     69     69    100      8      0      0      0      0   1512   1410   1909      4      0 
    0    150     49     51     95      6      0      0      0      0   1512   1410   1517      4      0 
    1    272     69     69    100      8      0      0      0      0   1512   1410   1909      4      0 
    0    152     49     51     95      6      0      0      0      0   1512   1410   1517      4      0 
    1    288     69     69    100      8      0      0      0      0   1512   1410   1909      4      0 
    0    150     49     51     95      6      0      0      0      0   1512   1410   1517      4      0 
    1    273     69     69    100      8      0      0      0      0   1512   1410   1909      4      0 
    0    150     49     51     95      6      0      0      0      0   1512   1410   1517      4      0 
    1    289     69     69    100      8      0      0      0      0   1512   1410   1909      4      0 
    0    150     49     51     95      6      0      0      0      0   1512   1410   1517      4      0 
    1    277     69     69    100      8      0      0      0      0   1512   1410   1909      4      0 
    0    151     49     51     95      6      0      0      0      0   1512   1410   1517      4      0 
    1    287     69     69    100      8      0      0      0      0   1512   1410   1909      4      0 
    0    153     49     51     95      6      0      0      0      0   1512   1410   1517      4      0 
    1    287     69     69    100      8      0      0      0      0   1512   1410   1909      4      0 
    0    152     49     51     95      6      0      0      0      0   1512   1410   1517      4      0 
    1    280     69     69    100      8      0      0      0      0   1512   1410   1909      4      0 
# gpu    pwr  gtemp  mtemp     sm    mem    enc    dec    jpg    ofa   mclk   pclk     fb   bar1   ccpm 
# Idx      W      C      C      %      %      %      %      %      %    MHz    MHz     MB     MB     MB 
    0    153     49     51     95      6      0      0      0      0   1512   1410   1517      4      0 
    1    277     69     69    100      8      0      0      0      0   1512   1410   1909      4      0 
    0    150     49     51     95      6      0      0      0      0   1512   1410   1517      4      0 
    1    277     69     69    100      8      0      0      0      0   1512   1410   1909      4      0 
    0    152     49     51     95      6      0      0      0      0   1512   1410   1517      4      0 
    1    275     69     69    100      8      0      0      0      0   1512   1410   1909      4      0 
    0    151     49     51     95      6      0      0      0      0   1512   1410   1517      4      0 
    1    289     69     69    100      8      0      0      0      0   1512   1410   1909      4      0 
    0    151     49     51     95      6      0      0      0      0   1512   1410   1517      4      0 
    1    266     69     69    100      8      0      0      0      0   1512   1410   1909      4      0 
    0    150     49     51     95      6      0      0      0      0   1512   1410   1517      4      0 
    1    276     69     69    100      8      0      0      0      0   1512   1410   1909      4      0 
    0    150     49     51     95      6      0      0      0      0   1512   1410   1517      4      0 
    1    275     69     69    100      8      0      0      0      0   1512   1410   1909      4      0 
    0    151     49     51     95      6      0      0      0      0   1512   1410   1517      4      0 
    1    276     69     69    100      8      0      0      0      0   1512   1410   1909      4      0 
    0    151     49     51     95      6      0      0      0      0   1512   1410   1517      4      0 
    1    286     69     69    100      8      0      0      0      0   1512   1410   1909      4      0 
    0    150     49     51     95      6      0      0      0      0   1512   1410   1517      4      0 
    1    268     69     69    100      8      0      0      0      0   1512   1410   1909      4      0 
    0    152     49     51     95      6      0      0      0      0   1512   1410   1517      4      0 
    1    291     69     69    100      8      0      0      0      0   1512   1410   1909      4      0 
    0    151     49     51     95      6      0      0      0      0   1512   1410   1517      4      0 
    1    265     69     69    100      8      0      0      0      0   1512   1410   1909      4      0 
    0    152     49     51     95      6      0      0      0      0   1512   1410   1517      4      0 
    1    268     69     69    100      8      0      0      0      0   1512   1410   1909      4      0 
    0    152     49     51     95      6      0      0      0      0   1512   1410   1517      4      0 
    1    269     69     69    100      8      0      0      0      0   1512   1410   1909      4      0 
    0    151     49     51     95      6      0      0      0      0   1512   1410   1517      4      0 
    1    263     69     69    100      8      0      0      0      0   1512   1410   1909      4      0 
    0    152     49     51     95      6      0      0      0      0   1512   1410   1517      4      0 
    1    288     69     69    100      8      0      0      0      0   1512   1410   1909      4      0 
    0    150     49     51     95      6      0      0      0      0   1512   1410   1517      4      0 
    1    272     69     69    100      8      0      0      0      0   1512   1410   1909      4      0 
    0    151     49     51     95      6      0      0      0      0   1512   1410   1517      4      0 
    1    272     69     69    100      8      0      0      0      0   1512   1410   1909      4      0 
    0    151     49     51     95      6      0      0      0      0   1512   1410   1517      4      0 
    1    292     69     69    100      9      0      0      0      0   1512   1410   1909      4      0 
    0    151     49     51     95      6      0      0      0      0   1512   1410   1517      4      0 
    1    279     69     69    100      8      0      0      0      0   1512   1410   1909      4      0 
    0    152     49     51     95      6      0      0      0      0   1512   1410   1517      4      0 
    1    270     69     69    100      8      0      0      0      0   1512   1410   1909      4      0 
    0    150     49     51     95      6      0      0      0      0   1512   1410   1517      4      0 
    1    289     69     69    100      8      0      0      0      0   1512   1410   1909      4      0 
# gpu    pwr  gtemp  mtemp     sm    mem    enc    dec    jpg    ofa   mclk   pclk     fb   bar1   ccpm 
# Idx      W      C      C      %      %      %      %      %      %    MHz    MHz     MB     MB     MB 
    0    151     49     51     95      6      0      0      0      0   1512   1410   1517      4      0 
    1    272     69     69    100      8      0      0      0      0   1512   1410   1909      4      0 
    0    151     49     51     95      6      0      0      0      0   1512   1410   1517      4      0 
    1    265     69     69    100      8      0      0      0      0   1512   1410   1909      4      0 
    0    149     49     51     95      6      0      0      0      0   1512   1410   1517      4      0 
    1    287     69     69    100      8      0      0      0      0   1512   1410   1909      4      0 
    0    150     49     51     94      6      0      0      0      0   1512   1410   1517      4      0 
    1    267     69     69    100      8      0      0      0      0   1512   1410   1909      4      0 
    0    151     49     51     95      6      0      0      0      0   1512   1410   1517      4      0 
    1    262     69     69    100      8      0      0      0      0   1512   1410   1909      4      0 
    0    151     49     51     95      6      0      0      0      0   1512   1410   1517      4      0 
    1    273     69     69    100      8      0      0      0      0   1512   1410   1909      4      0 
    0    151     49     51     95      6      0      0      0      0   1512   1410   1517      4      0 
    1    268     69     69    100      8      0      0      0      0   1512   1410   1909      4      0 
    0    151     49     51     95      6      0      0      0      0   1512   1410   1517      4      0 
    1    270     69     69    100      8      0      0      0      0   1512   1410   1909      4      0 
    0    151     49     51     95      6      0      0      0      0   1512   1410   1517      4      0 
    1    275     69     69    100      8      0      0      0      0   1512   1410   1909      4      0 
    0    150     49     51     95      6      0      0      0      0   1512   1410   1517      4      0 
    1    288     69     69    100      8      0      0      0      0   1512   1410   1909      4      0 
    0    152     49     51     95      6      0      0      0      0   1512   1410   1517      4      0 
    1    279     69     69    100      8      0      0      0      0   1512   1410   1909      4      0 
    0    151     49     51     95      6      0      0      0      0   1512   1410   1517      4      0 
    1    278     69     69    100      8      0      0      0      0   1512   1410   1909      4      0 
    0    150     49     51     95      6      0      0      0      0   1512   1410   1517      4      0 
    1    272     69     69    100      8      0      0      0      0   1512   1410   1909      4      0 
    0    151     49     51     95      6      0      0      0      0   1512   1410   1517      4      0 
    1    277     69     69    100      8      0      0      0      0   1512   1410   1909      4      0 
    0    150     49     51     95      6      0      0      0      0   1512   1410   1517      4      0 
    1    280     69     69    100      8      0      0      0      0   1512   1410   1909      4      0 
    0    151     49     51     95      6      0      0      0      0   1512   1410   1517      4      0 
    1    265     69     69    100      8      0      0      0      0   1512   1410   1909      4      0 
    0    148     49     51     95      6      0      0      0      0   1512   1410   1517      4      0 
    1    274     69     69    100      8      0      0      0      0   1512   1410   1909      4      0 
    0    151     49     51     95      6      0      0      0      0   1512   1410   1517      4      0 
    1    276     69     69    100      8      0      0      0      0   1512   1410   1909      4      0 
    0    150     49     51     95      6      0      0      0      0   1512   1410   1517      4      0 
    1    279     69     69    100      8      0      0      0      0   1512   1410   1909      4      0 
    0    149     49     51     95      6      0      0      0      0   1512   1410   1517      4      0 
    1    268     69     69    100      8      0      0      0      0   1512   1410   1909      4      0 
    0    150     49     51     95      6      0      0      0      0   1512   1410   1517      4      0 
    1    276     69     69    100      8      0      0      0      0   1512   1410   1909      4      0 
    0    151     49     51     95      6      0      0      0      0   1512   1410   1517      4      0 
    1    280     69     69    100      8      0      0      0      0   1512   1410   1909      4      0 
# gpu    pwr  gtemp  mtemp     sm    mem    enc    dec    jpg    ofa   mclk   pclk     fb   bar1   ccpm 
# Idx      W      C      C      %      %      %      %      %      %    MHz    MHz     MB     MB     MB 
    0    151     49     51     95      6      0      0      0      0   1512   1410   1517      4      0 
    1    279     69     69    100      8      0      0      0      0   1512   1410   1909      4      0 
    0    149     49     51     95      6      0      0      0      0   1512   1410   1517      4      0 
    1    265     69     69    100      8      0      0      0      0   1512   1410   1909      4      0 
    0    151     49     51     95      6      0      0      0      0   1512   1410   1517      4      0 
    1    278     69     69    100      8      0      0      0      0   1512   1410   1909      4      0 
    0    150     49     51     95      6      0      0      0      0   1512   1410   1517      4      0 
    1    276     69     69    100      8      0      0      0      0   1512   1410   1909      4      0 
    0    150     49     51     95      6      0      0      0      0   1512   1410   1517      4      0 
    1    268     69     69    100      8      0      0      0      0   1512   1410   1909      4      0 
    0    150     49     51     95      6      0      0      0      0   1512   1410   1517      4      0 
    1    280     69     69    100      8      0      0      0      0   1512   1410   1909      4      0 
    0    150     49     51     95      6      0      0      0      0   1512   1410   1517      4      0 
    1    275     69     69    100      8      0      0      0      0   1512   1410   1909      4      0 
    0    150     49     51     95      6      0      0      0      0   1512   1410   1517      4      0 
    1    274     69     69    100      8      0      0      0      0   1512   1410   1909      4      0 
    0    150     49     51     95      6      0      0      0      0   1512   1410   1517      4      0 
    1    289     69     69    100      8      0      0      0      0   1512   1410   1909      4      0 
    0    151     49     51     95      6      0      0      0      0   1512   1410   1517      4      0 
    1    275     69     69    100      8      0      0      0      0   1512   1410   1909      4      0 
    0    152     49     51     95      6      0      0      0      0   1512   1410   1517      4      0 
    1    282     69     69    100      8      0      0      0      0   1512   1410   1909      4      0 
    0    150     49     51     95      6      0      0      0      0   1512   1410   1517      4      0 
    1    275     69     69    100      8      0      0      0      0   1512   1410   1909      4      0 
    0    150     49     51     95      6      0      0      0      0   1512   1410   1517      4      0 
    1    273     69     69    100      8      0      0      0      0   1512   1410   1909      4      0 
    0    151     49     51     95      6      0      0      0      0   1512   1410   1517      4      0 
    1    275     69     69    100      8      0      0      0      0   1512   1410   1909      4      0 
    0    151     49     51     95      6      0      0      0      0   1512   1410   1517      4      0 
    1    282     69     69    100      8      0      0      0      0   1512   1410   1909      4      0 
    0    150     49     51     95      6      0      0      0      0   1512   1410   1517      4      0 
    1    277     69     69    100      8      0      0      0      0   1512   1410   1909      4      0 
    0    150     49     51     95      6      0      0      0      0   1512   1410   1517      4      0 
    1    288     69     69    100      8      0      0      0      0   1512   1410   1909      4      0 
    0    151     49     51     95      6      0      0      0      0   1512   1410   1517      4      0 
    1    280     69     69    100      8      0      0      0      0   1512   1410   1909      4      0 
    0    151     49     51     95      6      0      0      0      0   1512   1410   1517      4      0 
    1    285     69     69    100      8      0      0      0      0   1512   1410   1909      4      0 
    0    151     49     51     95      6      0      0      0      0   1512   1410   1517      4      0 
    1    264     69     69    100      8      0      0      0      0   1512   1410   1909      4      0 
    0    151     49     51     95      6      0      0      0      0   1512   1410   1517      4      0 
    1    287     69     69    100      8      0      0      0      0   1512   1410   1909      4      0 
    0    152     49     51     95      6      0      0      0      0   1512   1410   1517      4      0 
    1    268     69     69    100      8      0      0      0      0   1512   1410   1909      4      0 
# gpu    pwr  gtemp  mtemp     sm    mem    enc    dec    jpg    ofa   mclk   pclk     fb   bar1   ccpm 
# Idx      W      C      C      %      %      %      %      %      %    MHz    MHz     MB     MB     MB 
    0    150     49     51     95      6      0      0      0      0   1512   1410   1517      4      0 
    1    273     69     69    100      8      0      0      0      0   1512   1410   1909      4      0 
    0    150     49     51     95      6      0      0      0      0   1512   1410   1517      4      0 
    1    276     69     69    100      8      0      0      0      0   1512   1410   1909      4      0 
    0    151     49     51     95      6      0      0      0      0   1512   1410   1517      4      0 
    1    272     69     69    100      9      0      0      0      0   1512   1410   1909      4      0 
    0    149     49     49     95      6      0      0      0      0   1512   1410   1517      4      0 
    1    273     68     69    100      8      0      0      0      0   1512   1410   1909      4      0 
    0    152     49     49     95      6      0      0      0      0   1512   1410   1517      4      0 
    1    274     69     69    100      8      0      0      0      0   1512   1410   1909      4      0 
    0    150     49     51     95      6      0      0      0      0   1512   1410   1517      4      0 
    1    273     69     69    100      8      0      0      0      0   1512   1410   1909      4      0 
    0    152     49     49     95      6      0      0      0      0   1512   1410   1517      4      0 
    1    266     69     69    100      8      0      0      0      0   1512   1410   1909      4      0 
    0    152     49     51     95      6      0      0      0      0   1512   1410   1517      4      0 
    1    268     69     69    100      9      0      0      0      0   1512   1410   1909      4      0 
    0    150     49     51     95      6      0      0      0      0   1512   1410   1517      4      0 
    1    277     69     69    100      8      0      0      0      0   1512   1410   1909      4      0 
    0    152     49     51     95      6      0      0      0      0   1512   1410   1517      4      0 
    1    264     69     69    100      8      0      0      0      0   1512   1410   1909      4      0 
    0    152     49     49     95      6      0      0      0      0   1512   1410   1517      4      0 
    1    278     69     69    100      8      0      0      0      0   1512   1410   1909      4      0 
    0    150     49     51     95      6      0      0      0      0   1512   1410   1517      4      0 
    1    271     69     69    100      8      0      0      0      0   1512   1410   1909      4      0 
    0    150     49     51     95      6      0      0      0      0   1512   1410   1517      4      0 
    1    275     69     69    100      8      0      0      0      0   1512   1410   1909      4      0 
    0    150     49     49     95      6      0      0      0      0   1512   1410   1517      4      0 
    1    274     69     69    100      8      0      0      0      0   1512   1410   1909      4      0 
    0    151     49     51     95      6      0      0      0      0   1512   1410   1517      4      0 
    1    277     69     69    100      8      0      0      0      0   1512   1410   1909      4      0 
    0    152     49     49     95      6      0      0      0      0   1512   1410   1517      4      0 
    1    267     69     69    100      8      0      0      0      0   1512   1410   1909      4      0 
    0    151     49     51     95      6      0      0      0      0   1512   1410   1517      4      0 
    1    276     69     69    100      8      0      0      0      0   1512   1410   1909      4      0 
    0    151     49     49     95      6      0      0      0      0   1512   1410   1517      4      0 
    1    278     69     69    100      8      0      0      0      0   1512   1410   1909      4      0 
    0    150     49     49     95      6      0      0      0      0   1512   1410   1517      4      0 
    1    273     69     69    100      8      0      0      0      0   1512   1410   1909      4      0 
    0    150     49     49     95      6      0      0      0      0   1512   1410   1517      4      0 
    1    290     69     69    100      8      0      0      0      0   1512   1410   1909      4      0 
    0    150     49     49     95      6      0      0      0      0   1512   1410   1517      4      0 
    1    270     69     69    100      8      0      0      0      0   1512   1410   1909      4      0 
    0    151     49     49     95      6      0      0      0      0   1512   1410   1517      4      0 
    1    290     69     69    100      8      0      0      0      0   1512   1410   1909      4      0 
# gpu    pwr  gtemp  mtemp     sm    mem    enc    dec    jpg    ofa   mclk   pclk     fb   bar1   ccpm 
# Idx      W      C      C      %      %      %      %      %      %    MHz    MHz     MB     MB     MB 
    0    151     49     49     95      6      0      0      0      0   1512   1410   1517      4      0 
    1    276     69     69    100      8      0      0      0      0   1512   1410   1909      4      0 
    0    151     49     49     95      6      0      0      0      0   1512   1410   1517      4      0 
    1    281     69     69    100      8      0      0      0      0   1512   1410   1909      4      0 
    0    150     49     49     95      6      0      0      0      0   1512   1410   1517      4      0 
    1    281     69     69    100      8      0      0      0      0   1512   1410   1909      4      0 
    0    150     49     51     95      6      0      0      0      0   1512   1410   1517      4      0 
    1    267     69     69    100      8      0      0      0      0   1512   1410   1909      4      0 
    0    151     49     49     95      6      0      0      0      0   1512   1410   1517      4      0 
    1    277     69     69    100      8      0      0      0      0   1512   1410   1909      4      0 
    0    151     49     51     95      6      0      0      0      0   1512   1410   1517      4      0 
    1    264     69     69    100      8      0      0      0      0   1512   1410   1909      4      0 
    0    152     49     51     95      6      0      0      0      0   1512   1410   1517      4      0 
    1    284     69     69    100      8      0      0      0      0   1512   1410   1909      4      0 
    0    149     49     49     95      6      0      0      0      0   1512   1410   1517      4      0 
    1    275     69     69    100      9      0      0      0      0   1512   1410   1909      4      0 
    0    150     49     51     95      6      0      0      0      0   1512   1410   1517      4      0 
    1    288     69     69    100      8      0      0      0      0   1512   1410   1909      4      0 
    0    150     49     49     95      6      0      0      0      0   1512   1410   1517      4      0 
    1    272     69     69    100      8      0      0      0      0   1512   1410   1909      4      0 
    0    151     49     51     95      6      0      0      0      0   1512   1410   1517      4      0 
    1    274     69     69    100      8      0      0      0      0   1512   1410   1909      4      0 
    0    150     49     51     95      6      0      0      0      0   1512   1410   1517      4      0 
    1    288     69     69    100      8      0      0      0      0   1512   1410   1909      4      0 
    0    150     49     51     95      6      0      0      0      0   1512   1410   1517      4      0 
    1    273     69     69    100      8      0      0      0      0   1512   1410   1909      4      0 
    0    152     49     51     95      6      0      0      0      0   1512   1410   1517      4      0 
    1    281     69     69    100      8      0      0      0      0   1512   1410   1909      4      0 
    0    151     49     51     95      6      0      0      0      0   1512   1410   1517      4      0 
    1    288     69     69    100      9      0      0      0      0   1512   1410   1909      4      0 
    0    151     49     51     95      6      0      0      0      0   1512   1410   1517      4      0 
    1    280     69     69    100      8      0      0      0      0   1512   1410   1909      4      0 
    0    150     49     51     95      6      0      0      0      0   1512   1410   1517      4      0 
    1    277     69     69    100      8      0      0      0      0   1512   1410   1909      4      0 
    0    151     49     51     95      6      0      0      0      0   1512   1410   1517      4      0 
    1    269     69     69    100      8      0      0      0      0   1512   1410   1909      4      0 
    0    150     49     51     95      6      0      0      0      0   1512   1410   1517      4      0 
    1    264     69     69    100      8      0      0      0      0   1512   1410   1909      4      0 
    0    150     49     51     95      6      0      0      0      0   1512   1410   1517      4      0 
    1    278     69     69    100      8      0      0      0      0   1512   1410   1909      4      0 
    0    151     49     49     95      6      0      0      0      0   1512   1410   1517      4      0 
    1    268     69     69    100      8      0      0      0      0   1512   1410   1909      4      0 
    0    152     49     51     95      6      0      0      0      0   1512   1410   1517      4      0 
    1    274     69     69    100      8      0      0      0      0   1512   1410   1909      4      0 
# gpu    pwr  gtemp  mtemp     sm    mem    enc    dec    jpg    ofa   mclk   pclk     fb   bar1   ccpm 
# Idx      W      C      C      %      %      %      %      %      %    MHz    MHz     MB     MB     MB 
    0    151     49     51     95      6      0      0      0      0   1512   1410   1517      4      0 
    1    284     69     69    100      8      0      0      0      0   1512   1410   1909      4      0 
    0    151     49     51     95      6      0      0      0      0   1512   1410   1517      4      0 
    1    266     69     69    100      8      0      0      0      0   1512   1410   1909      4      0 
    0    151     49     51     95      6      0      0      0      0   1512   1410   1517      4      0 
    1    272     69     69    100      8      0      0      0      0   1512   1410   1909      4      0 
    0    152     49     51     95      6      0      0      0      0   1512   1410   1517      4      0 
    1    289     69     69    100      8      0      0      0      0   1512   1410   1909      4      0 
    0    149     49     51     95      6      0      0      0      0   1512   1410   1517      4      0 
    1    277     69     69    100      8      0      0      0      0   1512   1410   1909      4      0 
    0    151     49     49     95      6      0      0      0      0   1512   1410   1517      4      0 
    1    277     69     69    100      8      0      0      0      0   1512   1410   1909      4      0 
    0    150     49     49     95      6      0      0      0      0   1512   1410   1517      4      0 
    1    279     69     69    100      8      0      0      0      0   1512   1410   1909      4      0 
    0    150     49     49     95      6      0      0      0      0   1512   1410   1517      4      0 
    1    271     69     69    100      8      0      0      0      0   1512   1410   1909      4      0 
    0    150     49     51     95      6      0      0      0      0   1512   1410   1517      4      0 
    1    273     69     69    100      8      0      0      0      0   1512   1410   1909      4      0 
    0    151     49     51     95      6      0      0      0      0   1512   1410   1517      4      0 
    1    277     69     69    100      8      0      0      0      0   1512   1410   1909      4      0 
    0    151     49     49     95      6      0      0      0      0   1512   1410   1517      4      0 
    1    280     69     69    100      9      0      0      0      0   1512   1410   1909      4      0 
    0    152     49     51     95      6      0      0      0      0   1512   1410   1517      4      0 
    1    282     69     69    100      8      0      0      0      0   1512   1410   1909      4      0 
    0    152     49     51     95      6      0      0      0      0   1512   1410   1517      4      0 
    1    288     69     69    100      8      0      0      0      0   1512   1410   1909      4      0 
    0    150     49     51     95      6      0      0      0      0   1512   1410   1517      4      0 
    1    277     69     69    100      8      0      0      0      0   1512   1410   1909      4      0 
    0    151     49     51     95      6      0      0      0      0   1512   1410   1517      4      0 
    1    275     69     69    100      8      0      0      0      0   1512   1410   1909      4      0 
    0    150     49     49     95      6      0      0      0      0   1512   1410   1517      4      0 
    1    275     69     69    100      8      0      0      0      0   1512   1410   1909      4      0 
    0    150     49     49     95      6      0      0      0      0   1512   1410   1517      4      0 
    1    278     69     69    100      8      0      0      0      0   1512   1410   1909      4      0 
    0    150     49     49     95      6      0      0      0      0   1512   1410   1517      4      0 
    1    275     69     69    100      8      0      0      0      0   1512   1410   1909      4      0 
    0    151     49     49     95      6      0      0      0      0   1512   1410   1517      4      0 
    1    261     69     69    100      8      0      0      0      0   1512   1410   1909      4      0 
    0    150     49     51     95      6      0      0      0      0   1512   1410   1517      4      0 
    1    278     69     69    100      8      0      0      0      0   1512   1410   1909      4      0 
    0    150     49     49     95      6      0      0      0      0   1512   1410   1517      4      0 
    1    265     69     69    100      8      0      0      0      0   1512   1410   1909      4      0 
    0    149     49     49     95      6      0      0      0      0   1512   1410   1517      4      0 
    1    275     69     69    100      8      0      0      0      0   1512   1410   1909      4      0 
# gpu    pwr  gtemp  mtemp     sm    mem    enc    dec    jpg    ofa   mclk   pclk     fb   bar1   ccpm 
# Idx      W      C      C      %      %      %      %      %      %    MHz    MHz     MB     MB     MB 
    0    149     49     49     95      6      0      0      0      0   1512   1410   1517      4      0 
    1    268     69     69    100      8      0      0      0      0   1512   1410   1909      4      0 
    0    152     49     49     95      6      0      0      0      0   1512   1410   1517      4      0 
    1    275     69     69    100      8      0      0      0      0   1512   1410   1909      4      0 
    0    150     49     49     95      6      0      0      0      0   1512   1410   1517      4      0 
    1    275     69     69    100      8      0      0      0      0   1512   1410   1909      4      0 
    0    150     49     49     95      6      0      0      0      0   1512   1410   1517      4      0 
    1    264     69     69    100      8      0      0      0      0   1512   1410   1909      4      0 
    0    148     49     49     95      6      0      0      0      0   1512   1410   1517      4      0 
    1    286     69     69    100      8      0      0      0      0   1512   1410   1909      4      0 
    0    149     49     49     95      6      0      0      0      0   1512   1410   1517      4      0 
    1    262     69     69    100      8      0      0      0      0   1512   1410   1909      4      0 
    0    150     49     49     95      6      0      0      0      0   1512   1410   1517      4      0 
    1    268     69     69    100      8      0      0      0      0   1512   1410   1909      4      0 
    0    150     49     49     95      6      0      0      0      0   1512   1410   1517      4      0 
    1    284     69     69    100      8      0      0      0      0   1512   1410   1909      4      0 
    0    150     49     49     95      6      0      0      0      0   1512   1410   1517      4      0 
    1    280     69     69    100      8      0      0      0      0   1512   1410   1909      4      0 
    0    151     49     49     95      6      0      0      0      0   1512   1410   1517      4      0 
    1    288     69     69    100      8      0      0      0      0   1512   1410   1909      4      0 
    0    150     49     49     95      6      0      0      0      0   1512   1410   1517      4      0 
    1    263     68     69    100      8      0      0      0      0   1512   1410   1909      4      0 
    0    149     48     49     95      6      0      0      0      0   1512   1410   1517      4      0 
    1    266     69     69    100      9      0      0      0      0   1512   1410   1909      4      0 
    0    151     48     49     95      6      0      0      0      0   1512   1410   1517      4      0 
    1    271     69     69    100      8      0      0      0      0   1512   1410   1909      4      0 
    0    150     48     49     95      6      0      0      0      0   1512   1410   1517      4      0 
    1    279     69     69    100      8      0      0      0      0   1512   1410   1909      4      0 
    0    152     48     49     95      6      0      0      0      0   1512   1410   1517      4      0 
    1    276     68     69    100      8      0      0      0      0   1512   1410   1909      4      0 
    0    152     49     49     95      6      0      0      0      0   1512   1410   1517      4      0 
    1    285     69     69    100      8      0      0      0      0   1512   1410   1909      4      0 
    0    151     49     49     95      6      0      0      0      0   1512   1410   1517      4      0 
    1    273     69     69    100      8      0      0      0      0   1512   1410   1909      4      0 
    0    150     49     49     95      6      0      0      0      0   1512   1410   1517      4      0 
    1    279     69     69    100      8      0      0      0      0   1512   1410   1909      4      0 
    0    150     49     49     95      6      0      0      0      0   1512   1410   1517      4      0 
    1    273     69     69    100      8      0      0      0      0   1512   1410   1909      4      0 
    0    150     48     49     95      6      0      0      0      0   1512   1410   1517      4      0 
    1    271     69     69    100      8      0      0      0      0   1512   1410   1909      4      0 
    0    149     48     49     95      6      0      0      0      0   1512   1410   1517      4      0 
    1    276     69     69    100      8      0      0      0      0   1512   1410   1909      4      0 
    0    152     48     49     95      6      0      0      0      0   1512   1410   1517      4      0 
    1    272     69     69     99      8      0      0      0      0   1512   1410   1909      4      0 
# gpu    pwr  gtemp  mtemp     sm    mem    enc    dec    jpg    ofa   mclk   pclk     fb   bar1   ccpm 
# Idx      W      C      C      %      %      %      %      %      %    MHz    MHz     MB     MB     MB 
    0    150     48     49     95      6      0      0      0      0   1512   1410   1517      4      0 
    1    286     69     69    100      8      0      0      0      0   1512   1410   1909      4      0 
    0    151     48     49     95      6      0      0      0      0   1512   1410   1517      4      0 
    1    270     69     69    100      8      0      0      0      0   1512   1410   1909      4      0 
    0    150     48     49     95      6      0      0      0      0   1512   1410   1517      4      0 
    1    274     69     69    100      9      0      0      0      0   1512   1410   1909      4      0 
    0    150     48     49     95      6      0      0      0      0   1512   1410   1517      4      0 
    1    266     69     69    100      8      0      0      0      0   1512   1410   1909      4      0 
    0    151     48     49     95      6      0      0      0      0   1512   1410   1517      4      0 
    1    271     69     69    100      8      0      0      0      0   1512   1410   1909      4      0 
    0    150     49     49     95      6      0      0      0      0   1512   1410   1517      4      0 
    1    269     69     69    100      8      0      0      0      0   1512   1410   1909      4      0 
    0    151     49     49     95      6      0      0      0      0   1512   1410   1517      4      0 
    1    274     69     69    100      9      0      0      0      0   1512   1410   1909      4      0 
    0    150     49     49     95      6      0      0      0      0   1512   1410   1517      4      0 
    1    277     69     69    100      8      0      0      0      0   1512   1410   1909      4      0 
    0    150     49     49     95      6      0      0      0      0   1512   1410   1517      4      0 
    1    275     69     69    100      8      0      0      0      0   1512   1410   1909      4      0 
    0    151     49     49     95      6      0      0      0      0   1512   1410   1517      4      0 
    1    273     69     69    100      8      0      0      0      0   1512   1410   1909      4      0 
    0    150     49     49     95      6      0      0      0      0   1512   1410   1517      4      0 
    1    263     69     69    100      8      0      0      0      0   1512   1410   1909      4      0 
    0    151     49     49     95      6      0      0      0      0   1512   1410   1517      4      0 
    1    270     69     69    100      8      0      0      0      0   1512   1410   1909      4      0 
    0    149     49     49     95      6      0      0      0      0   1512   1410   1517      4      0 
    1    280     69     69    100      8      0      0      0      0   1512   1410   1909      4      0 
    0    151     49     49     95      6      0      0      0      0   1512   1410   1517      4      0 
    1    286     69     69    100      8      0      0      0      0   1512   1410   1909      4      0 
    0    150     49     49     95      6      0      0      0      0   1512   1410   1517      4      0 
    1    266     69     69    100      8      0      0      0      0   1512   1410   1909      4      0 
    0    152     49     49     95      6      0      0      0      0   1512   1410   1517      4      0 
    1    272     69     69    100      8      0      0      0      0   1512   1410   1909      4      0 
    0    151     49     49     95      6      0      0      0      0   1512   1410   1517      4      0 
    1    275     69     69    100      8      0      0      0      0   1512   1410   1909      4      0 
    0    150     49     51     95      6      0      0      0      0   1512   1410   1517      4      0 
    1    267     69     69    100      8      0      0      0      0   1512   1410   1909      4      0 
    0    150     49     49     95      6      0      0      0      0   1512   1410   1517      4      0 
    1    274     69     69    100      8      0      0      0      0   1512   1410   1909      4      0 
    0    150     49     49     95      6      0      0      0      0   1512   1410   1517      4      0 
    1    263     69     69    100      8      0      0      0      0   1512   1410   1909      4      0 
    0    151     49     49     95      6      0      0      0      0   1512   1410   1517      4      0 
    1    273     69     69    100      8      0      0      0      0   1512   1410   1909      4      0 
    0    152     49     51     95      6      0      0      0      0   1512   1410   1517      4      0 
    1    272     69     69    100      8      0      0      0      0   1512   1410   1909      4      0 
# gpu    pwr  gtemp  mtemp     sm    mem    enc    dec    jpg    ofa   mclk   pclk     fb   bar1   ccpm 
# Idx      W      C      C      %      %      %      %      %      %    MHz    MHz     MB     MB     MB 
    0    150     49     49     95      6      0      0      0      0   1512   1410   1517      4      0 
    1    271     69     69    100      8      0      0      0      0   1512   1410   1909      4      0 
    0    150     49     49     95      6      0      0      0      0   1512   1410   1517      4      0 
    1    276     69     69    100      8      0      0      0      0   1512   1410   1909      4      0 
    0    150     49     49     95      6      0      0      0      0   1512   1410   1517      4      0 
    1    276     69     69    100      8      0      0      0      0   1512   1410   1909      4      0 
    0    151     49     49     95      6      0      0      0      0   1512   1410   1517      4      0 
    1    276     69     69    100      8      0      0      0      0   1512   1410   1909      4      0 
    0    151     49     49     95      6      0      0      0      0   1512   1410   1517      4      0 
    1    265     69     69    100      8      0      0      0      0   1512   1410   1909      4      0 
    0    150     49     49     95      6      0      0      0      0   1512   1410   1517      4      0 
    1    278     69     69    100      8      0      0      0      0   1512   1410   1909      4      0 
    0    152     49     49     95      6      0      0      0      0   1512   1410   1517      4      0 
    1    277     69     69    100      8      0      0      0      0   1512   1410   1909      4      0 
    0    149     49     51     95      6      0      0      0      0   1512   1410   1517      4      0 
    1    281     69     69    100      8      0      0      0      0   1512   1410   1909      4      0 
    0    150     49     49     95      6      0      0      0      0   1512   1410   1517      4      0 
    1    274     69     69    100      8      0      0      0      0   1512   1410   1909      4      0 
    0    150     49     49     95      6      0      0      0      0   1512   1410   1517      4      0 
    1    272     69     69    100      8      0      0      0      0   1512   1410   1909      4      0 
    0    151     49     49     95      6      0      0      0      0   1512   1410   1517      4      0 
    1    275     69     69    100      8      0      0      0      0   1512   1410   1909      4      0 
    0    149     49     49     95      6      0      0      0      0   1512   1410   1517      4      0 
    1    265     69     69    100      8      0      0      0      0   1512   1410   1909      4      0 
    0    150     49     49     95      6      0      0      0      0   1512   1410   1517      4      0 
    1    272     69     69    100      8      0      0      0      0   1512   1410   1909      4      0 
    0    149     49     49     95      6      0      0      0      0   1512   1410   1517      4      0 
    1    274     69     69    100      9      0      0      0      0   1512   1410   1909      4      0 
    0    150     49     49     95      6      0      0      0      0   1512   1410   1517      4      0 
    1    277     69     69    100      8      0      0      0      0   1512   1410   1909      4      0 
    0    152     49     49     95      6      0      0      0      0   1512   1410   1517      4      0 
    1    287     69     69    100      8      0      0      0      0   1512   1410   1909      4      0 
    0    151     49     49     95      6      0      0      0      0   1512   1410   1517      4      0 
    1    278     69     69     99      8      0      0      0      0   1512   1410   1909      4      0 
    0    150     49     49     95      6      0      0      0      0   1512   1410   1517      4      0 
    1    277     69     69    100      8      0      0      0      0   1512   1410   1909      4      0 
    0    150     49     49     95      6      0      0      0      0   1512   1410   1517      4      0 
    1    282     69     69    100      8      0      0      0      0   1512   1410   1909      4      0 
    0    149     49     49     95      6      0      0      0      0   1512   1410   1517      4      0 
    1    263     69     69    100      8      0      0      0      0   1512   1410   1909      4      0 
    0    150     49     49     95      6      0      0      0      0   1512   1410   1517      4      0 
    1    267     69     69    100      8      0      0      0      0   1512   1410   1909      4      0 
    0    151     49     49     95      6      0      0      0      0   1512   1410   1517      4      0 
    1    274     69     69    100      8      0      0      0      0   1512   1410   1909      4      0 
# gpu    pwr  gtemp  mtemp     sm    mem    enc    dec    jpg    ofa   mclk   pclk     fb   bar1   ccpm 
# Idx      W      C      C      %      %      %      %      %      %    MHz    MHz     MB     MB     MB 
    0    151     48     49     95      6      0      0      0      0   1512   1410   1517      4      0 
    1    265     69     69    100      9      0      0      0      0   1512   1410   1909      4      0 
    0    151     49     49     95      6      0      0      0      0   1512   1410   1517      4      0 
    1    274     69     69    100      8      0      0      0      0   1512   1410   1909      4      0 
    0    151     49     49     95      6      0      0      0      0   1512   1410   1517      4      0 
    1    265     69     69    100      8      0      0      0      0   1512   1410   1909      4      0 
    0    149     49     49     95      6      0      0      0      0   1512   1410   1517      4      0 
    1    285     69     69    100      8      0      0      0      0   1512   1410   1909      4      0 
    0    149     49     49     95      6      0      0      0      0   1512   1410   1517      4      0 
    1    263     69     69    100      8      0      0      0      0   1512   1410   1909      4      0 
    0    150     49     49     95      6      0      0      0      0   1512   1410   1517      4      0 
    1    273     69     69    100      8      0      0      0      0   1512   1410   1909      4      0 
    0    151     48     49     95      6      0      0      0      0   1512   1410   1517      4      0 
    1    272     69     69    100      8      0      0      0      0   1512   1410   1909      4      0 
    0    150     48     49     95      6      0      0      0      0   1512   1410   1517      4      0 
    1    268     69     69    100      8      0      0      0      0   1512   1410   1909      4      0 
    0    151     49     49     95      6      0      0      0      0   1512   1410   1517      4      0 
    1    262     69     69    100      8      0      0      0      0   1512   1410   1909      4      0 
    0    149     49     49     95      6      0      0      0      0   1512   1410   1517      4      0 
    1    275     69     69    100      8      0      0      0      0   1512   1410   1909      4      0 
    0    151     49     51     95      6      0      0      0      0   1512   1410   1517      4      0 
    1    267     69     69    100      8      0      0      0      0   1512   1410   1909      4      0 
    0    149     49     51     95      6      0      0      0      0   1512   1410   1517      4      0 
    1    270     69     69    100      8      0      0      0      0   1512   1410   1909      4      0 
    0    151     49     49     95      6      0      0      0      0   1512   1410   1517      4      0 
    1    266     69     69    100      8      0      0      0      0   1512   1410   1909      4      0 
    0    150     49     49     95      6      0      0      0      0   1512   1410   1517      4      0 
    1    278     69     69    100      8      0      0      0      0   1512   1410   1909      4      0 
    0    150     49     49     95      6      0      0      0      0   1512   1410   1517      4      0 
    1    290     69     69    100      8      0      0      0      0   1512   1410   1909      4      0 
    0    150     49     49     95      6      0      0      0      0   1512   1410   1517      4      0 
    1    283     69     69    100      8      0      0      0      0   1512   1410   1909      4      0 
    0    151     49     49     95      6      0      0      0      0   1512   1410   1517      4      0 
    1    268     69     69    100      8      0      0      0      0   1512   1410   1909      4      0 
    0    152     49     49     95      6      0      0      0      0   1512   1410   1517      4      0 
    1    284     69     69    100      8      0      0      0      0   1512   1410   1909      4      0 
    0    150     49     49     95      6      0      0      0      0   1512   1410   1517      4      0 
    1    274     69     69    100      8      0      0      0      0   1512   1410   1909      4      0 
    0    149     49     51     95      6      0      0      0      0   1512   1410   1517      4      0 
    1    271     69     69    100      8      0      0      0      0   1512   1410   1909      4      0 
    0    151     49     51     95      6      0      0      0      0   1512   1410   1517      4      0 
    1    270     69     69    100      8      0      0      0      0   1512   1410   1909      4      0 
    0    150     49     49     95      6      0      0      0      0   1512   1410   1517      4      0 
    1    281     69     69    100      8      0      0      0      0   1512   1410   1909      4      0 
# gpu    pwr  gtemp  mtemp     sm    mem    enc    dec    jpg    ofa   mclk   pclk     fb   bar1   ccpm 
# Idx      W      C      C      %      %      %      %      %      %    MHz    MHz     MB     MB     MB 
    0    151     49     49     95      6      0      0      0      0   1512   1410   1517      4      0 
    1    286     69     69    100      8      0      0      0      0   1512   1410   1909      4      0 
    0    151     49     49     95      6      0      0      0      0   1512   1410   1517      4      0 
    1    275     69     69    100      8      0      0      0      0   1512   1410   1909      4      0 
    0    149     49     51     94      6      0      0      0      0   1512   1410   1517      4      0 
    1    278     69     69    100      8      0      0      0      0   1512   1410   1909      4      0 
    0    151     49     49     95      6      0      0      0      0   1512   1410   1517      4      0 
    1    268     69     69    100      8      0      0      0      0   1512   1410   1909      4      0 
    0    150     49     51     95      6      0      0      0      0   1512   1410   1517      4      0 
    1    267     69     69    100      8      0      0      0      0   1512   1410   1909      4      0 
    0    151     49     49     95      6      0      0      0      0   1512   1410   1517      4      0 
    1    274     69     69    100      8      0      0      0      0   1512   1410   1909      4      0 
    0    149     49     51     95      6      0      0      0      0   1512   1410   1517      4      0 
    1    272     69     69    100      8      0      0      0      0   1512   1410   1909      4      0 
    0    152     49     51     95      6      0      0      0      0   1512   1410   1517      4      0 
    1    282     69     69    100      8      0      0      0      0   1512   1410   1909      4      0 
    0    149     49     49     95      6      0      0      0      0   1512   1410   1517      4      0 
    1    267     69     69    100      8      0      0      0      0   1512   1410   1909      4      0 
    0    151     49     51     95      6      0      0      0      0   1512   1410   1517      4      0 
    1    275     69     69    100      8      0      0      0      0   1512   1410   1909      4      0 
    0    150     49     49     95      6      0      0      0      0   1512   1410   1517      4      0 
    1    269     69     69    100      8      0      0      0      0   1512   1410   1909      4      0 
    0    149     49     51     95      6      0      0      0      0   1512   1410   1517      4      0 
    1    284     69     69     99      8      0      0      0      0   1512   1410   1909      4      0 
    0    151     49     51     95      6      0      0      0      0   1512   1410   1517      4      0 
    1    277     69     69    100      8      0      0      0      0   1512   1410   1909      4      0 
    0    148     49     49     95      6      0      0      0      0   1512   1410   1517      4      0 
    1    273     69     69    100      8      0      0      0      0   1512   1410   1909      4      0 
    0    150     49     51     95      6      0      0      0      0   1512   1410   1517      4      0 
    1    285     69     69    100      8      0      0      0      0   1512   1410   1909      4      0 
    0    151     49     49     95      6      0      0      0      0   1512   1410   1517      4      0 
    1    264     69     69    100      8      0      0      0      0   1512   1410   1909      4      0 
    0    151     49     51     95      6      0      0      0      0   1512   1410   1517      4      0 
    1    283     69     69    100      8      0      0      0      0   1512   1410   1909      4      0 
    0    151     49     49     95      6      0      0      0      0   1512   1410   1517      4      0 
    1    265     69     69    100      8      0      0      0      0   1512   1410   1909      4      0 
    0    152     49     51     95      6      0      0      0      0   1512   1410   1517      4      0 
    1    267     69     69    100      8      0      0      0      0   1512   1410   1909      4      0 
    0    150     49     49     95      6      0      0      0      0   1512   1410   1517      4      0 
    1    264     69     69    100      8      0      0      0      0   1512   1410   1909      4      0 
    0    149     49     51     95      6      0      0      0      0   1512   1410   1517      4      0 
    1    271     69     69    100      8      0      0      0      0   1512   1410   1909      4      0 
    0    152     49     49     95      6      0      0      0      0   1512   1410   1517      4      0 
    1    291     69     69    100      8      0      0      0      0   1512   1410   1909      4      0 
# gpu    pwr  gtemp  mtemp     sm    mem    enc    dec    jpg    ofa   mclk   pclk     fb   bar1   ccpm 
# Idx      W      C      C      %      %      %      %      %      %    MHz    MHz     MB     MB     MB 
    0    151     49     49     95      6      0      0      0      0   1512   1410   1517      4      0 
    1    266     69     69    100      8      0      0      0      0   1512   1410   1909      4      0 
    0    152     49     49     95      6      0      0      0      0   1512   1410   1517      4      0 
    1    278     69     69    100      8      0      0      0      0   1512   1410   1909      4      0 
    0    149     49     49     95      6      0      0      0      0   1512   1410   1517      4      0 
    1    284     69     69    100      8      0      0      0      0   1512   1410   1909      4      0 
    0    151     49     51     95      6      0      0      0      0   1512   1410   1517      4      0 
    1    266     69     69    100      9      0      0      0      0   1512   1410   1909      4      0 
    0    149     49     49     95      6      0      0      0      0   1512   1410   1517      4      0 
    1    279     69     69    100      8      0      0      0      0   1512   1410   1909      4      0 
    0    149     49     49     95      6      0      0      0      0   1512   1410   1517      4      0 
    1    277     69     69    100      8      0      0      0      0   1512   1410   1909      4      0 
    0    151     49     49     95      6      0      0      0      0   1512   1410   1517      4      0 
    1    272     69     69    100      8      0      0      0      0   1512   1410   1909      4      0 
    0    151     49     49     95      6      0      0      0      0   1512   1410   1517      4      0 
    1    283     69     69    100      8      0      0      0      0   1512   1410   1909      4      0 
    0    151     49     49     95      6      0      0      0      0   1512   1410   1517      4      0 
    1    273     69     69    100      8      0      0      0      0   1512   1410   1909      4      0 
    0    151     49     49     95      6      0      0      0      0   1512   1410   1517      4      0 
    1    276     69     69    100      8      0      0      0      0   1512   1410   1909      4      0 
    0    151     49     51     95      6      0      0      0      0   1512   1410   1517      4      0 
    1    278     69     69    100      8      0      0      0      0   1512   1410   1909      4      0 
    0    150     49     49     95      6      0      0      0      0   1512   1410   1517      4      0 
    1    266     69     69    100      8      0      0      0      0   1512   1410   1909      4      0 
    0    150     49     49     95      6      0      0      0      0   1512   1410   1517      4      0 
    1    267     69     69    100      8      0      0      0      0   1512   1410   1909      4      0 
    0    151     49     49     95      6      0      0      0      0   1512   1410   1517      4      0 
    1    265     69     69    100      8      0      0      0      0   1512   1410   1909      4      0 
    0    148     49     51     95      6      0      0      0      0   1512   1410   1517      4      0 
    1    268     69     69    100      8      0      0      0      0   1512   1410   1909      4      0 
    0    152     49     51     95      6      0      0      0      0   1512   1410   1517      4      0 
    1    290     69     69    100      8      0      0      0      0   1512   1410   1909      4      0 
    0    150     49     51     95      6      0      0      0      0   1512   1410   1517      4      0 
    1    268     68     69    100      8      0      0      0      0   1512   1410   1909      4      0 
    0    151     49     49     95      6      0      0      0      0   1512   1410   1517      4      0 
    1    291     69     69    100      8      0      0      0      0   1512   1410   1909      4      0 
    0    151     49     51     95      6      0      0      0      0   1512   1410   1517      4      0 
    1    266     69     69    100      8      0      0      0      0   1512   1410   1909      4      0 
    0    151     49     51     95      6      0      0      0      0   1512   1410   1517      4      0 
    1    271     69     69    100      8      0      0      0      0   1512   1410   1909      4      0 
    0    151     49     49     95      6      0      0      0      0   1512   1410   1517      4      0 
    1    274     69     69    100      8      0      0      0      0   1512   1410   1909      4      0 
    0    152     49     49     95      6      0      0      0      0   1512   1410   1517      4      0 
    1    267     69     69    100      8      0      0      0      0   1512   1410   1909      4      0 
# gpu    pwr  gtemp  mtemp     sm    mem    enc    dec    jpg    ofa   mclk   pclk     fb   bar1   ccpm 
# Idx      W      C      C      %      %      %      %      %      %    MHz    MHz     MB     MB     MB 
    0    151     49     51     95      6      0      0      0      0   1512   1410   1517      4      0 
    1    283     69     69    100      8      0      0      0      0   1512   1410   1909      4      0 
    0    150     49     51     95      6      0      0      0      0   1512   1410   1517      4      0 
    1    274     68     69    100      8      0      0      0      0   1512   1410   1909      4      0 
    0    150     49     49     95      6      0      0      0      0   1512   1410   1517      4      0 
    1    283     69     69    100      8      0      0      0      0   1512   1410   1909      4      0 
    0    149     49     49     95      6      0      0      0      0   1512   1410   1517      4      0 
    1    278     69     69    100      8      0      0      0      0   1512   1410   1909      4      0 
    0    150     49     49     95      6      0      0      0      0   1512   1410   1517      4      0 
    1    275     69     69    100      8      0      0      0      0   1512   1410   1909      4      0 
    0    151     49     49     95      6      0      0      0      0   1512   1410   1517      4      0 
    1    274     69     69    100      8      0      0      0      0   1512   1410   1909      4      0 
    0    150     49     49     95      6      0      0      0      0   1512   1410   1517      4      0 
    1    278     69     69     99      8      0      0      0      0   1512   1410   1909      4      0 
    0    149     49     51     95      6      0      0      0      0   1512   1410   1517      4      0 
    1    272     69     69    100      8      0      0      0      0   1512   1410   1909      4      0 
    0    151     49     49     95      6      0      0      0      0   1512   1410   1517      4      0 
    1    277     69     69    100      8      0      0      0      0   1512   1410   1909      4      0 
    0    152     49     51     95      6      0      0      0      0   1512   1410   1517      4      0 
    1    267     69     69    100      8      0      0      0      0   1512   1410   1909      4      0 
    0    150     49     51     95      6      0      0      0      0   1512   1410   1517      4      0 
    1    291     69     69    100      8      0      0      0      0   1512   1410   1909      4      0 
    0    151     49     49     95      6      0      0      0      0   1512   1410   1517      4      0 
    1    275     69     69    100      8      0      0      0      0   1512   1410   1909      4      0 
    0    152     49     49     95      6      0      0      0      0   1512   1410   1517      4      0 
    1    280     69     69    100      8      0      0      0      0   1512   1410   1909      4      0 
    0    150     49     49     95      6      0      0      0      0   1512   1410   1517      4      0 
    1    268     69     69    100      8      0      0      0      0   1512   1410   1909      4      0 
    0    151     49     49     95      6      0      0      0      0   1512   1410   1517      4      0 
    1    273     69     69    100      8      0      0      0      0   1512   1410   1909      4      0 
    0    149     49     51     95      6      0      0      0      0   1512   1410   1517      4      0 
    1    272     69     69    100      8      0      0      0      0   1512   1410   1909      4      0 
    0    150     49     49     95      6      0      0      0      0   1512   1410   1517      4      0 
    1    290     69     69    100      8      0      0      0      0   1512   1410   1909      4      0 
    0    150     49     49     95      6      0      0      0      0   1512   1410   1517      4      0 
    1    268     69     69    100      8      0      0      0      0   1512   1410   1909      4      0 
    0    150     49     49     95      6      0      0      0      0   1512   1410   1517      4      0 
    1    289     69     69    100      8      0      0      0      0   1512   1410   1909      4      0 
    0    150     49     49     95      6      0      0      0      0   1512   1410   1517      4      0 
    1    261     69     69    100      8      0      0      0      0   1512   1410   1909      4      0 
    0    151     49     49     95      6      0      0      0      0   1512   1410   1517      4      0 
    1    284     69     69    100      8      0      0      0      0   1512   1410   1909      4      0 
    0    150     49     51     95      6      0      0      0      0   1512   1410   1517      4      0 
    1    282     69     69    100      8      0      0      0      0   1512   1410   1909      4      0 
# gpu    pwr  gtemp  mtemp     sm    mem    enc    dec    jpg    ofa   mclk   pclk     fb   bar1   ccpm 
# Idx      W      C      C      %      %      %      %      %      %    MHz    MHz     MB     MB     MB 
    0    151     49     49     95      6      0      0      0      0   1512   1410   1517      4      0 
    1    266     69     69    100      8      0      0      0      0   1512   1410   1909      4      0 
    0    150     49     49     95      6      0      0      0      0   1512   1410   1517      4      0 
    1    279     69     69    100      8      0      0      0      0   1512   1410   1909      4      0 
    0    151     49     49     94      6      0      0      0      0   1512   1410   1517      4      0 
    1    263     69     69    100      8      0      0      0      0   1512   1410   1909      4      0 
    0    148     49     51     95      6      0      0      0      0   1512   1410   1517      4      0 
    1    270     69     69    100      8      0      0      0      0   1512   1410   1909      4      0 
    0    151     49     49     95      6      0      0      0      0   1512   1410   1517      4      0 
    1    271     69     69    100      8      0      0      0      0   1512   1410   1909      4      0 
    0    150     49     51     95      6      0      0      0      0   1512   1410   1517      4      0 
    1    292     69     69    100      8      0      0      0      0   1512   1410   1909      4      0 
    0    150     49     49     95      6      0      0      0      0   1512   1410   1517      4      0 
    1    284     69     69    100      8      0      0      0      0   1512   1410   1909      4      0 
    0    151     49     49     95      6      0      0      0      0   1512   1410   1517      4      0 
    1    275     69     69    100      8      0      0      0      0   1512   1410   1909      4      0 
    0    150     49     49     95      6      0      0      0      0   1512   1410   1517      4      0 
    1    276     69     69    100      8      0      0      0      0   1512   1410   1909      4      0 
    0    150     49     49     95      6      0      0      0      0   1512   1410   1517      4      0 
    1    276     69     69    100      8      0      0      0      0   1512   1410   1909      4      0 
    0    149     49     51     94      6      0      0      0      0   1512   1410   1517      4      0 
    1    278     69     69    100      8      0      0      0      0   1512   1410   1909      4      0 
    0    150     49     49     94      6      0      0      0      0   1512   1410   1517      4      0 
    1    290     69     69    100      8      0      0      0      0   1512   1410   1909      4      0 
    0    150     49     49     95      6      0      0      0      0   1512   1410   1517      4      0 
    1    275     69     69    100      8      0      0      0      0   1512   1410   1909      4      0 
    0    151     49     49     95      6      0      0      0      0   1512   1410   1517      4      0 
    1    276     69     69    100      8      0      0      0      0   1512   1410   1909      4      0 
    0    149     49     49     95      6      0      0      0      0   1512   1410   1517      4      0 
    1    270     69     69    100      8      0      0      0      0   1512   1410   1909      4      0 
    0    149     49     49     95      6      0      0      0      0   1512   1410   1517      4      0 
    1    273     69     69    100      8      0      0      0      0   1512   1410   1909      4      0 
    0    151     49     51     95      6      0      0      0      0   1512   1410   1517      4      0 
    1    279     69     69    100      8      0      0      0      0   1512   1410   1909      4      0 
    0    150     49     49     95      6      0      0      0      0   1512   1410   1517      4      0 
    1    277     69     69    100      8      0      0      0      0   1512   1410   1909      4      0 
    0    152     49     49     95      6      0      0      0      0   1512   1410   1517      4      0 
    1    275     69     69    100      8      0      0      0      0   1512   1410   1909      4      0 
    0    151     49     49     95      6      0      0      0      0   1512   1410   1517      4      0 
    1    276     69     69    100      8      0      0      0      0   1512   1410   1909      4      0 
    0    150     49     49     95      6      0      0      0      0   1512   1410   1517      4      0 
    1    276     69     69    100      8      0      0      0      0   1512   1410   1909      4      0 
    0    151     49     49     95      6      0      0      0      0   1512   1410   1517      4      0 
    1    265     69     69    100      8      0      0      0      0   1512   1410   1909      4      0 
# gpu    pwr  gtemp  mtemp     sm    mem    enc    dec    jpg    ofa   mclk   pclk     fb   bar1   ccpm 
# Idx      W      C      C      %      %      %      %      %      %    MHz    MHz     MB     MB     MB 
    0    150     49     49     95      6      0      0      0      0   1512   1410   1517      4      0 
    1    274     69     69    100      8      0      0      0      0   1512   1410   1909      4      0 
    0    151     49     49     95      6      0      0      0      0   1512   1410   1517      4      0 
    1    275     69     69     99      8      0      0      0      0   1512   1410   1909      4      0 
    0    151     49     49     95      6      0      0      0      0   1512   1410   1517      4      0 
    1    289     69     69    100      8      0      0      0      0   1512   1410   1909      4      0 
    0    151     49     51     95      6      0      0      0      0   1512   1410   1517      4      0 
    1    287     69     69    100      8      0      0      0      0   1512   1410   1909      4      0 
    0    150     49     51     95      6      0      0      0      0   1512   1410   1517      4      0 
    1    270     69     69    100      8      0      0      0      0   1512   1410   1909      4      0 
    0    150     49     51     95      6      0      0      0      0   1512   1410   1517      4      0 
    1    280     69     69    100      8      0      0      0      0   1512   1410   1909      4      0 
    0    150     49     51     95      6      0      0      0      0   1512   1410   1517      4      0 
    1    286     69     69    100      8      0      0      0      0   1512   1410   1909      4      0 
    0    152     49     49     95      6      0      0      0      0   1512   1410   1517      4      0 
    1    289     69     69    100      8      0      0      0      0   1512   1410   1909      4      0 
    0    151     49     51     95      6      0      0      0      0   1512   1410   1517      4      0 
    1    264     69     69    100      8      0      0      0      0   1512   1410   1909      4      0 
    0    149     49     51     95      6      0      0      0      0   1512   1410   1517      4      0 
    1    272     69     69    100      8      0      0      0      0   1512   1410   1909      4      0 
    0    151     49     51     95      6      0      0      0      0   1512   1410   1517      4      0 
    1    287     69     69    100      8      0      0      0      0   1512   1410   1909      4      0 
    0    147     49     51     95      6      0      0      0      0   1512   1410   1517      4      0 
    1    276     69     69    100      8      0      0      0      0   1512   1410   1909      4      0 
    0    146     49     51     95      6      0      0      0      0   1512   1410   1517      4      0 
    1    275     69     69    100      8      0      0      0      0   1512   1410   1909      4      0 
    0    149     49     49     95      6      0      0      0      0   1512   1410   1517      4      0 
    1    276     69     69    100      8      0      0      0      0   1512   1410   1909      4      0 
    0    151     49     51     95      6      0      0      0      0   1512   1410   1517      4      0 
    1    287     69     69    100      8      0      0      0      0   1512   1410   1909      4      0 
    0    152     49     51     95      6      0      0      0      0   1512   1410   1517      4      0 
    1    276     69     69    100      8      0      0      0      0   1512   1410   1909      4      0 
    0    151     49     49     95      6      0      0      0      0   1512   1410   1517      4      0 
    1    274     69     69    100      8      0      0      0      0   1512   1410   1909      4      0 
    0    152     49     51     95      6      0      0      0      0   1512   1410   1517      4      0 
    1    280     69     69    100      8      0      0      0      0   1512   1410   1909      4      0 
    0    150     49     51     95      6      0      0      0      0   1512   1410   1517      4      0 
    1    274     69     69    100      8      0      0      0      0   1512   1410   1909      4      0 
    0    151     49     49     95      6      0      0      0      0   1512   1410   1517      4      0 
    1    267     69     69    100      9      0      0      0      0   1512   1410   1909      4      0 
    0    149     49     51     94      6      0      0      0      0   1512   1410   1517      4      0 
    1    272     69     69    100      8      0      0      0      0   1512   1410   1909      4      0 
    0    150     49     51     94      6      0      0      0      0   1512   1410   1517      4      0 
    1    262     69     69    100      8      0      0      0      0   1512   1410   1909      4      0 
# gpu    pwr  gtemp  mtemp     sm    mem    enc    dec    jpg    ofa   mclk   pclk     fb   bar1   ccpm 
# Idx      W      C      C      %      %      %      %      %      %    MHz    MHz     MB     MB     MB 
    0    151     49     49     95      6      0      0      0      0   1512   1410   1517      4      0 
    1    272     69     69    100      8      0      0      0      0   1512   1410   1909      4      0 
    0    150     49     49     95      6      0      0      0      0   1512   1410   1517      4      0 
    1    275     69     69    100      8      0      0      0      0   1512   1410   1909      4      0 
    0    150     49     51     95      6      0      0      0      0   1512   1410   1517      4      0 
    1    280     69     69    100      8      0      0      0      0   1512   1410   1909      4      0 
    0    149     49     49     95      6      0      0      0      0   1512   1410   1517      4      0 
    1    267     68     69    100      8      0      0      0      0   1512   1410   1909      4      0 
    0    150     49     49     95      6      0      0      0      0   1512   1410   1517      4      0 
    1    261     69     69    100      8      0      0      0      0   1512   1410   1909      4      0 
    0    151     49     49     95      6      0      0      0      0   1512   1410   1517      4      0 
    1    275     69     69    100      8      0      0      0      0   1512   1410   1909      4      0 
    0    151     49     49     95      6      0      0      0      0   1512   1410   1517      4      0 
    1    268     69     69    100      8      0      0      0      0   1512   1410   1909      4      0 
    0    150     49     49     95      6      0      0      0      0   1512   1410   1517      4      0 
    1    277     69     69    100      8      0      0      0      0   1512   1410   1909      4      0 
    0    148     49     49     95      6      0      0      0      0   1512   1410   1517      4      0 
    1    265     68     69    100      8      0      0      0      0   1512   1410   1909      4      0 
    0    149     49     49     94      6      0      0      0      0   1512   1410   1517      4      0 
    1    272     69     69    100      8      0      0      0      0   1512   1410   1909      4      0 
    0    150     49     49     94      6      0      0      0      0   1512   1410   1517      4      0 
    1    267     69     69    100      8      0      0      0      0   1512   1410   1909      4      0 
    0    150     49     49     95      6      0      0      0      0   1512   1410   1517      4      0 
    1    280     69     69    100      8      0      0      0      0   1512   1410   1909      4      0 
    0    151     49     49     95      6      0      0      0      0   1512   1410   1517      4      0 
    1    290     69     69    100      8      0      0      0      0   1512   1410   1909      4      0 
    0    151     49     49     95      6      0      0      0      0   1512   1410   1517      4      0 
    1    277     69     69    100      8      0      0      0      0   1512   1410   1909      4      0 
    0    150     49     51     95      6      0      0      0      0   1512   1410   1517      4      0 
    1    267     69     69    100      8      0      0      0      0   1512   1410   1909      4      0 
    0    150     49     49     95      6      0      0      0      0   1512   1410   1517      4      0 
    1    264     69     69    100      8      0      0      0      0   1512   1410   1909      4      0 
    0    150     49     49     95      6      0      0      0      0   1512   1410   1517      4      0 
    1    273     69     69    100      8      0      0      0      0   1512   1410   1909      4      0 
    0    151     49     49     95      6      0      0      0      0   1512   1410   1517      4      0 
    1    271     69     69    100      8      0      0      0      0   1512   1410   1909      4      0 
    0    151     49     49     95      6      0      0      0      0   1512   1410   1517      4      0 
    1    273     69     69     99      9      0      0      0      0   1512   1410   1909      4      0 
    0    149     49     49     95      6      0      0      0      0   1512   1410   1517      4      0 
    1    264     69     69    100      8      0      0      0      0   1512   1410   1909      4      0 
    0    150     49     51     95      6      0      0      0      0   1512   1410   1517      4      0 
    1    274     69     69    100      8      0      0      0      0   1512   1410   1909      4      0 
    0    151     49     51     95      6      0      0      0      0   1512   1410   1517      4      0 
    1    288     69     69    100      8      0      0      0      0   1512   1410   1909      4      0 
# gpu    pwr  gtemp  mtemp     sm    mem    enc    dec    jpg    ofa   mclk   pclk     fb   bar1   ccpm 
# Idx      W      C      C      %      %      %      %      %      %    MHz    MHz     MB     MB     MB 
    0    152     49     51     95      6      0      0      0      0   1512   1410   1517      4      0 
    1    270     69     69    100      8      0      0      0      0   1512   1410   1909      4      0 
    0    150     49     51     95      6      0      0      0      0   1512   1410   1517      4      0 
    1    271     69     69    100      8      0      0      0      0   1512   1410   1909      4      0 
    0    151     49     51     95      6      0      0      0      0   1512   1410   1517      4      0 
    1    266     69     69    100      9      0      0      0      0   1512   1410   1909      4      0 
    0    149     49     51     95      6      0      0      0      0   1512   1410   1517      4      0 
    1    276     69     69    100      8      0      0      0      0   1512   1410   1909      4      0 
    0    150     49     51     95      6      0      0      0      0   1512   1410   1517      4      0 
    1    275     69     69    100      8      0      0      0      0   1512   1410   1909      4      0 
    0    152     49     51     95      6      0      0      0      0   1512   1410   1517      4      0 
    1    273     69     69    100      8      0      0      0      0   1512   1410   1909      4      0 
    0    152     49     51     95      6      0      0      0      0   1512   1410   1517      4      0 
    1    269     69     69    100      8      0      0      0      0   1512   1410   1909      4      0 
    0    151     49     51     95      6      0      0      0      0   1512   1410   1517      4      0 
    1    268     69     69    100      8      0      0      0      0   1512   1410   1909      4      0 
    0    151     49     51     95      6      0      0      0      0   1512   1410   1517      4      0 
    1    267     69     69    100      8      0      0      0      0   1512   1410   1909      4      0 
    0    151     49     51     95      6      0      0      0      0   1512   1410   1517      4      0 
    1    273     69     69    100      8      0      0      0      0   1512   1410   1909      4      0 
    0    151     49     51     95      6      0      0      0      0   1512   1410   1517      4      0 
    1    278     69     69    100      8      0      0      0      0   1512   1410   1909      4      0 
    0    151     49     51     95      6      0      0      0      0   1512   1410   1517      4      0 
    1    267     69     69    100      8      0      0      0      0   1512   1410   1909      4      0 
    0    149     49     51     95      6      0      0      0      0   1512   1410   1517      4      0 
    1    278     69     69    100      8      0      0      0      0   1512   1410   1909      4      0 
    0    149     49     51     95      6      0      0      0      0   1512   1410   1517      4      0 
    1    279     69     69    100      8      0      0      0      0   1512   1410   1909      4      0 
    0    150     49     51     95      6      0      0      0      0   1512   1410   1517      4      0 
    1    264     69     69    100      8      0      0      0      0   1512   1410   1909      4      0 
    0    150     49     51     95      6      0      0      0      0   1512   1410   1517      4      0 
    1    267     69     69    100      8      0      0      0      0   1512   1410   1909      4      0 
    0    150     49     51     95      6      0      0      0      0   1512   1410   1517      4      0 
    1    269     69     69    100      8      0      0      0      0   1512   1410   1909      4      0 
    0    150     49     51     95      6      0      0      0      0   1512   1410   1517      4      0 
    1    276     69     69    100      8      0      0      0      0   1512   1410   1909      4      0 
    0    150     49     51     94      6      0      0      0      0   1512   1410   1517      4      0 
    1    267     69     69    100      8      0      0      0      0   1512   1410   1909      4      0 
    0    149     49     51     95      6      0      0      0      0   1512   1410   1517      4      0 
    1    268     69     69    100      8      0      0      0      0   1512   1410   1909      4      0 
    0    151     49     51     95      6      0      0      0      0   1512   1410   1517      4      0 
    1    291     69     69    100      8      0      0      0      0   1512   1410   1909      4      0 
    0    150     49     51     95      6      0      0      0      0   1512   1410   1517      4      0 
    1    263     69     69    100      8      0      0      0      0   1512   1410   1909      4      0 
# gpu    pwr  gtemp  mtemp     sm    mem    enc    dec    jpg    ofa   mclk   pclk     fb   bar1   ccpm 
# Idx      W      C      C      %      %      %      %      %      %    MHz    MHz     MB     MB     MB 
    0    149     49     51     95      6      0      0      0      0   1512   1410   1517      4      0 
    1    275     69     69    100      8      0      0      0      0   1512   1410   1909      4      0 
    0    151     49     51     95      6      0      0      0      0   1512   1410   1517      4      0 
    1    263     69     69    100      8      0      0      0      0   1512   1410   1909      4      0 
    0    151     49     51     95      6      0      0      0      0   1512   1410   1517      4      0 
    1    274     69     69    100      8      0      0      0      0   1512   1410   1909      4      0 
    0    152     49     51     95      6      0      0      0      0   1512   1410   1517      4      0 
    1    268     69     69    100      8      0      0      0      0   1512   1410   1909      4      0 
    0    149     49     51     94      6      0      0      0      0   1512   1410   1517      4      0 
    1    263     69     69    100      8      0      0      0      0   1512   1410   1909      4      0 
    0    151     49     51     94      6      0      0      0      0   1512   1410   1517      4      0 
    1    272     69     69    100      8      0      0      0      0   1512   1410   1909      4      0 
    0    149     49     51     95      6      0      0      0      0   1512   1410   1517      4      0 
    1    277     68     69    100      8      0      0      0      0   1512   1410   1909      4      0 
    0    151     49     51     95      6      0      0      0      0   1512   1410   1517      4      0 
    1    272     69     69    100      8      0      0      0      0   1512   1410   1909      4      0 
    0    152     49     51     95      6      0      0      0      0   1512   1410   1517      4      0 
    1    285     69     69    100      8      0      0      0      0   1512   1410   1909      4      0 
    0    152     49     51     95      6      0      0      0      0   1512   1410   1517      4      0 
    1    275     68     69    100      8      0      0      0      0   1512   1410   1909      4      0 
    0    152     49     51     95      6      0      0      0      0   1512   1410   1517      4      0 
    1    275     69     69    100      8      0      0      0      0   1512   1410   1909      4      0 
    0    150     49     51     95      6      0      0      0      0   1512   1410   1517      4      0 
    1    279     69     69    100      8      0      0      0      0   1512   1410   1909      4      0 
    0    150     49     51     95      6      0      0      0      0   1512   1410   1517      4      0 
    1    267     69     69    100      8      0      0      0      0   1512   1410   1909      4      0 
    0    151     49     51     95      6      0      0      0      0   1512   1410   1517      4      0 
    1    277     69     69    100      8      0      0      0      0   1512   1410   1909      4      0 
    0    150     49     51     95      6      0      0      0      0   1512   1410   1517      4      0 
    1    262     69     69    100      8      0      0      0      0   1512   1410   1909      4      0 
    0    151     49     51     95      6      0      0      0      0   1512   1410   1517      4      0 
    1    290     69     69    100      8      0      0      0      0   1512   1410   1909      4      0 
    0    150     49     51     95      6      0      0      0      0   1512   1410   1517      4      0 
    1    270     69     69    100      8      0      0      0      0   1512   1410   1909      4      0 
    0    152     49     51     95      6      0      0      0      0   1512   1410   1517      4      0 
    1    277     69     69    100      8      0      0      0      0   1512   1410   1909      4      0 
    0    150     49     51     95      6      0      0      0      0   1512   1410   1517      4      0 
    1    290     69     69    100      8      0      0      0      0   1512   1410   1909      4      0 
    0    151     49     51     95      6      0      0      0      0   1512   1410   1517      4      0 
    1    280     69     69    100      8      0      0      0      0   1512   1410   1909      4      0 
    0    149     49     51     95      6      0      0      0      0   1512   1410   1517      4      0 
    1    262     69     69    100      8      0      0      0      0   1512   1410   1909      4      0 
    0    150     49     51     95      6      0      0      0      0   1512   1410   1517      4      0 
    1    290     69     69    100      8      0      0      0      0   1512   1410   1909      4      0 
# gpu    pwr  gtemp  mtemp     sm    mem    enc    dec    jpg    ofa   mclk   pclk     fb   bar1   ccpm 
# Idx      W      C      C      %      %      %      %      %      %    MHz    MHz     MB     MB     MB 
    0    149     49     51     95      6      0      0      0      0   1512   1410   1517      4      0 
    1    274     69     69    100      8      0      0      0      0   1512   1410   1909      4      0 
    0    150     49     51     95      6      0      0      0      0   1512   1410   1517      4      0 
    1    272     69     69    100      8      0      0      0      0   1512   1410   1909      4      0 
    0    151     49     51     95      6      0      0      0      0   1512   1410   1517      4      0 
    1    269     69     69    100      8      0      0      0      0   1512   1410   1909      4      0 
    0    150     49     51     94      6      0      0      0      0   1512   1410   1517      4      0 
    1    274     69     69    100      8      0      0      0      0   1512   1410   1909      4      0 
    0    151     49     51     95      6      0      0      0      0   1512   1410   1517      4      0 
    1    269     69     69    100      8      0      0      0      0   1512   1410   1909      4      0 
    0    150     49     51     95      6      0      0      0      0   1512   1410   1517      4      0 
    1    260     69     69    100      8      0      0      0      0   1512   1410   1909      4      0 
    0    150     49     51     95      6      0      0      0      0   1512   1410   1517      4      0 
    1    274     69     69    100      8      0      0      0      0   1512   1410   1909      4      0 
    0    151     49     51     95      6      0      0      0      0   1512   1410   1517      4      0 
    1    269     69     69    100      8      0      0      0      0   1512   1410   1909      4      0 
    0    151     49     51     95      6      0      0      0      0   1512   1410   1517      4      0 
    1    272     69     69    100      8      0      0      0      0   1512   1410   1909      4      0 
    0    150     49     51     95      6      0      0      0      0   1512   1410   1517      4      0 
    1    271     69     69    100      8      0      0      0      0   1512   1410   1909      4      0 
    0    150     49     51     95      6      0      0      0      0   1512   1410   1517      4      0 
    1    268     69     69    100      8      0      0      0      0   1512   1410   1909      4      0 
    0    151     49     51     95      6      0      0      0      0   1512   1410   1517      4      0 
    1    277     69     69    100      8      0      0      0      0   1512   1410   1909      4      0 
    0    150     49     51     95      6      0      0      0      0   1512   1410   1517      4      0 
    1    266     69     69    100      8      0      0      0      0   1512   1410   1909      4      0 
    0    151     49     51     95      6      0      0      0      0   1512   1410   1517      4      0 
    1    284     69     69    100      8      0      0      0      0   1512   1410   1909      4      0 
    0    151     49     51     95      6      0      0      0      0   1512   1410   1517      4      0 
    1    273     69     69    100      8      0      0      0      0   1512   1410   1909      4      0 
    0    151     49     51     95      6      0      0      0      0   1512   1410   1517      4      0 
    1    271     69     69    100      8      0      0      0      0   1512   1410   1909      4      0 
    0    151     49     51     95      6      0      0      0      0   1512   1410   1517      4      0 
    1    289     69     69    100      8      0      0      0      0   1512   1410   1909      4      0 
    0    152     49     51     95      6      0      0      0      0   1512   1410   1517      4      0 
    1    273     69     69    100      9      0      0      0      0   1512   1410   1909      4      0 
    0    152     49     51     95      6      0      0      0      0   1512   1410   1517      4      0 
    1    269     69     69    100      8      0      0      0      0   1512   1410   1909      4      0 
    0    150     49     51     95      6      0      0      0      0   1512   1410   1517      4      0 
    1    260     69     69    100      8      0      0      0      0   1512   1410   1909      4      0 
    0    151     49     51     95      6      0      0      0      0   1512   1410   1517      4      0 
    1    276     69     69    100      8      0      0      0      0   1512   1410   1909      4      0 
    0    151     49     51     95      6      0      0      0      0   1512   1410   1517      4      0 
    1    275     69     69    100      8      0      0      0      0   1512   1410   1909      4      0 
# gpu    pwr  gtemp  mtemp     sm    mem    enc    dec    jpg    ofa   mclk   pclk     fb   bar1   ccpm 
# Idx      W      C      C      %      %      %      %      %      %    MHz    MHz     MB     MB     MB 
    0    150     49     51     95      6      0      0      0      0   1512   1410   1517      4      0 
    1    278     69     69    100      8      0      0      0      0   1512   1410   1909      4      0 
    0    150     49     51     94      6      0      0      0      0   1512   1410   1517      4      0 
    1    264     69     69    100      8      0      0      0      0   1512   1410   1909      4      0 
    0    150     49     51     94      6      0      0      0      0   1512   1410   1517      4      0 
    1    267     69     69    100      8      0      0      0      0   1512   1410   1909      4      0 
    0    150     49     51     95      6      0      0      0      0   1512   1410   1517      4      0 
    1    266     69     69    100      8      0      0      0      0   1512   1410   1909      4      0 
    0    149     49     51     95      6      0      0      0      0   1512   1410   1517      4      0 
    1    282     69     69    100      9      0      0      0      0   1512   1410   1909      4      0 
    0    151     49     51     95      6      0      0      0      0   1512   1410   1517      4      0 
    1    269     69     69    100      8      0      0      0      0   1512   1410   1909      4      0 
    0    150     49     51     95      6      0      0      0      0   1512   1410   1517      4      0 
    1    278     69     69    100      9      0      0      0      0   1512   1410   1909      4      0 
    0    151     49     51     95      6      0      0      0      0   1512   1410   1517      4      0 
    1    264     68     69    100      8      0      0      0      0   1512   1410   1909      4      0 
    0    149     49     51     95      6      0      0      0      0   1512   1410   1517      4      0 
    1    276     69     69    100      8      0      0      0      0   1512   1410   1909      4      0 
    0    149     49     49     95      6      0      0      0      0   1512   1410   1517      4      0 
    1    274     69     69    100      9      0      0      0      0   1512   1410   1909      4      0 
    0    151     49     51     94      6      0      0      0      0   1512   1410   1517      4      0 
    1    274     69     69    100      8      0      0      0      0   1512   1410   1909      4      0 
    0    149     49     49     94      6      0      0      0      0   1512   1410   1517      4      0 
    1    281     69     69    100      8      0      0      0      0   1512   1410   1909      4      0 
    0    151     49     51     95      6      0      0      0      0   1512   1410   1517      4      0 
    1    266     69     69    100      8      0      0      0      0   1512   1410   1909      4      0 
    0    149     49     51     95      6      0      0      0      0   1512   1410   1517      4      0 
    1    276     69     69    100      8      0      0      0      0   1512   1410   1909      4      0 
    0    150     49     51     95      6      0      0      0      0   1512   1410   1517      4      0 
    1    275     69     69    100      8      0      0      0      0   1512   1410   1909      4      0 
    0    151     49     51     95      6      0      0      0      0   1512   1410   1517      4      0 
    1    291     69     69    100      8      0      0      0      0   1512   1410   1909      4      0 
    0    150     49     51     95      6      0      0      0      0   1512   1410   1517      4      0 
    1    273     69     69    100      8      0      0      0      0   1512   1410   1909      4      0 
    0    150     49     51     95      6      0      0      0      0   1512   1410   1517      4      0 
    1    284     69     69    100      8      0      0      0      0   1512   1410   1909      4      0 
    0    150     49     49     95      6      0      0      0      0   1512   1410   1517      4      0 
    1    287     69     69    100      8      0      0      0      0   1512   1410   1909      4      0 
    0    150     49     51     95      6      0      0      0      0   1512   1410   1517      4      0 
    1    277     69     69    100      8      0      0      0      0   1512   1410   1909      4      0 
    0    150     49     49     94      6      0      0      0      0   1512   1410   1517      4      0 
    1    287     68     69    100      8      0      0      0      0   1512   1410   1909      4      0 
    0    151     49     51     94      6      0      0      0      0   1512   1410   1517      4      0 
    1    266     69     69    100      8      0      0      0      0   1512   1410   1909      4      0 
# gpu    pwr  gtemp  mtemp     sm    mem    enc    dec    jpg    ofa   mclk   pclk     fb   bar1   ccpm 
# Idx      W      C      C      %      %      %      %      %      %    MHz    MHz     MB     MB     MB 
    0    149     49     51     95      6      0      0      0      0   1512   1410   1517      4      0 
    1    291     69     69    100      8      0      0      0      0   1512   1410   1909      4      0 
    0    149     49     49     95      6      0      0      0      0   1512   1410   1517      4      0 
    1    278     69     69    100      8      0      0      0      0   1512   1410   1909      4      0 
    0    149     49     51     95      6      0      0      0      0   1512   1410   1517      4      0 
    1    261     69     69    100      8      0      0      0      0   1512   1410   1909      4      0 
    0    150     49     49     95      6      0      0      0      0   1512   1410   1517      4      0 
    1    276     69     69    100      8      0      0      0      0   1512   1410   1909      4      0 
    0    150     49     49     95      6      0      0      0      0   1512   1410   1517      4      0 
    1    273     69     69    100      8      0      0      0      0   1512   1410   1909      4      0 
    0    151     49     49     95      6      0      0      0      0   1512   1410   1517      4      0 
    1    277     69     69    100      8      0      0      0      0   1512   1410   1909      4      0 
    0    152     49     49     95      6      0      0      0      0   1512   1410   1517      4      0 
    1    263     69     69    100      8      0      0      0      0   1512   1410   1909      4      0 
    0    150     49     49     94      6      0      0      0      0   1512   1410   1517      4      0 
    1    274     69     69    100      8      0      0      0      0   1512   1410   1909      4      0 
    0    150     49     49     94      6      0      0      0      0   1512   1410   1517      4      0 
    1    291     69     69    100      8      0      0      0      0   1512   1410   1909      4      0 
    0    151     49     49     95      6      0      0      0      0   1512   1410   1517      4      0 
    1    279     69     69    100      8      0      0      0      0   1512   1410   1909      4      0 
    0    151     49     49     95      6      0      0      0      0   1512   1410   1517      4      0 
    1    275     69     69    100      8      0      0      0      0   1512   1410   1909      4      0 
    0    150     49     49     95      6      0      0      0      0   1512   1410   1517      4      0 
    1    279     69     69    100      9      0      0      0      0   1512   1410   1909      4      0 
    0    150     49     51     95      6      0      0      0      0   1512   1410   1517      4      0 
    1    263     69     69    100      8      0      0      0      0   1512   1410   1909      4      0 
    0    150     49     49     95      6      0      0      0      0   1512   1410   1517      4      0 
    1    280     68     69    100      8      0      0      0      0   1512   1410   1909      4      0 
    0    151     49     51     95      6      0      0      0      0   1512   1410   1517      4      0 
    1    275     69     69    100      9      0      0      0      0   1512   1410   1909      4      0 
    0    151     49     49     95      6      0      0      0      0   1512   1410   1517      4      0 
    1    281     69     69    100      8      0      0      0      0   1512   1410   1909      4      0 
    0    150     49     51     95      6      0      0      0      0   1512   1410   1517      4      0 
    1    275     69     69    100      8      0      0      0      0   1512   1410   1909      4      0 
    0    150     49     49     95      6      0      0      0      0   1512   1410   1517      4      0 
    1    282     69     69    100      8      0      0      0      0   1512   1410   1909      4      0 
    0    151     49     49     95      6      0      0      0      0   1512   1410   1517      4      0 
    1    277     69     69    100      8      0      0      0      0   1512   1410   1909      4      0 
    0    149     49     49     95      6      0      0      0      0   1512   1410   1517      4      0 
    1    289     69     69    100      8      0      0      0      0   1512   1410   1909      4      0 
    0    151     49     49     95      6      0      0      0      0   1512   1410   1517      4      0 
    1    280     69     69    100      8      0      0      0      0   1512   1410   1909      4      0 
    0    151     49     49     95      6      0      0      0      0   1512   1410   1517      4      0 
    1    265     68     69    100      8      0      0      0      0   1512   1410   1909      4      0 
# gpu    pwr  gtemp  mtemp     sm    mem    enc    dec    jpg    ofa   mclk   pclk     fb   bar1   ccpm 
# Idx      W      C      C      %      %      %      %      %      %    MHz    MHz     MB     MB     MB 
    0    150     49     49     95      6      0      0      0      0   1512   1410   1517      4      0 
    1    264     69     69    100      9      0      0      0      0   1512   1410   1909      4      0 
    0    151     49     49     95      6      0      0      0      0   1512   1410   1517      4      0 
    1    272     69     69    100      8      0      0      0      0   1512   1410   1909      4      0 
    0    149     49     49     95      6      0      0      0      0   1512   1410   1517      4      0 
    1    281     69     69    100      8      0      0      0      0   1512   1410   1909      4      0 
    0    151     49     49     95      6      0      0      0      0   1512   1410   1517      4      0 
    1    278     69     69    100      8      0      0      0      0   1512   1410   1909      4      0 
    0    152     49     49     95      6      0      0      0      0   1512   1410   1517      4      0 
    1    275     69     69    100      8      0      0      0      0   1512   1410   1909      4      0 
    0    151     49     49     95      6      0      0      0      0   1512   1410   1517      4      0 
    1    275     69     69    100      8      0      0      0      0   1512   1410   1909      4      0 
    0    151     49     49     95      6      0      0      0      0   1512   1410   1517      4      0 
    1    282     69     69    100      8      0      0      0      0   1512   1410   1909      4      0 
    0    150     49     51     95      6      0      0      0      0   1512   1410   1517      4      0 
    1    273     69     69    100      8      0      0      0      0   1512   1410   1909      4      0 
    0    149     49     49     95      6      0      0      0      0   1512   1410   1517      4      0 
    1    286     69     69    100      8      0      0      0      0   1512   1410   1909      4      0 
    0    150     49     49     95      6      0      0      0      0   1512   1410   1517      4      0 
    1    290     69     69    100      9      0      0      0      0   1512   1410   1909      4      0 
    0    151     49     49     95      6      0      0      0      0   1512   1410   1517      4      0 
    1    278     69     69    100      8      0      0      0      0   1512   1410   1909      4      0 
    0    150     49     51     95      6      0      0      0      0   1512   1410   1517      4      0 
    1    268     69     69    100      8      0      0      0      0   1512   1410   1909      4      0 
    0    152     49     49     95      6      0      0      0      0   1512   1410   1517      4      0 
    1    264     69     69    100      8      0      0      0      0   1512   1410   1909      4      0 
    0    150     49     49     95      6      0      0      0      0   1512   1410   1517      4      0 
    1    273     69     69    100      8      0      0      0      0   1512   1410   1909      4      0 
    0    149     49     49     95      6      0      0      0      0   1512   1410   1517      4      0 
    1    268     69     69    100      8      0      0      0      0   1512   1410   1909      4      0 
    0    150     49     51     95      6      0      0      0      0   1512   1410   1517      4      0 
    1    273     69     69    100      8      0      0      0      0   1512   1410   1909      4      0 
    0    151     49     49     95      6      0      0      0      0   1512   1410   1517      4      0 
    1    275     69     69    100      8      0      0      0      0   1512   1410   1909      4      0 
    0    152     49     49     95      6      0      0      0      0   1512   1410   1517      4      0 
    1    285     69     69    100      8      0      0      0      0   1512   1410   1909      4      0 
    0    152     49     49     95      6      0      0      0      0   1512   1410   1517      4      0 
    1    259     69     69    100      8      0      0      0      0   1512   1410   1909      4      0 
    0    150     49     49     95      6      0      0      0      0   1512   1410   1517      4      0 
    1    265     69     69    100      8      0      0      0      0   1512   1410   1909      4      0 
    0    150     49     49     95      6      0      0      0      0   1512   1410   1517      4      0 
    1    275     69     69    100      8      0      0      0      0   1512   1410   1909      4      0 
    0    150     49     49     95      6      0      0      0      0   1512   1410   1517      4      0 
    1    282     69     69    100      8      0      0      0      0   1512   1410   1909      4      0 
# gpu    pwr  gtemp  mtemp     sm    mem    enc    dec    jpg    ofa   mclk   pclk     fb   bar1   ccpm 
# Idx      W      C      C      %      %      %      %      %      %    MHz    MHz     MB     MB     MB 
    0    150     49     49     95      6      0      0      0      0   1512   1410   1517      4      0 
    1    277     69     69    100      8      0      0      0      0   1512   1410   1909      4      0 
    0    150     49     49     95      6      0      0      0      0   1512   1410   1517      4      0 
    1    283     69     69    100      8      0      0      0      0   1512   1410   1909      4      0 
    0    150     49     49     95      6      0      0      0      0   1512   1410   1517      4      0 
    1    273     69     69    100      9      0      0      0      0   1512   1410   1909      4      0 
    0    150     49     49     95      6      0      0      0      0   1512   1410   1517      4      0 
    1    259     69     69    100      8      0      0      0      0   1512   1410   1909      4      0 
    0    150     49     49     95      6      0      0      0      0   1512   1410   1517      4      0 
    1    264     69     69    100      8      0      0      0      0   1512   1410   1909      4      0 
    0    150     49     49     95      6      0      0      0      0   1512   1410   1517      4      0 
    1    274     68     69    100      8      0      0      0      0   1512   1410   1909      4      0 
    0    150     49     51     95      6      0      0      0      0   1512   1410   1517      4      0 
    1    288     68     69    100      8      0      0      0      0   1512   1410   1909      4      0 
    0    150     49     49     95      6      0      0      0      0   1512   1410   1517      4      0 
    1    272     69     69    100      8      0      0      0      0   1512   1410   1909      4      0 
    0    150     49     49     95      6      0      0      0      0   1512   1410   1517      4      0 
    1    263     68     69    100      8      0      0      0      0   1512   1410   1909      4      0 
    0    152     49     49     95      6      0      0      0      0   1512   1410   1517      4      0 
    1    278     68     69    100      8      0      0      0      0   1512   1410   1909      4      0 
    0    149     49     49     95      6      0      0      0      0   1512   1410   1517      4      0 
    1    289     68     69    100      8      0      0      0      0   1512   1410   1909      4      0 
    0    150     49     51     95      6      0      0      0      0   1512   1410   1517      4      0 
    1    279     69     69    100      8      0      0      0      0   1512   1410   1909      4      0 
    0    149     49     49     95      6      0      0      0      0   1512   1410   1517      4      0 
    1    268     68     69    100      8      0      0      0      0   1512   1410   1909      4      0 
    0    150     49     49     95      6      0      0      0      0   1512   1410   1517      4      0 
    1    279     69     69    100      8      0      0      0      0   1512   1410   1909      4      0 
    0    152     49     49     95      6      0      0      0      0   1512   1410   1517      4      0 
    1    279     69     69    100      8      0      0      0      0   1512   1410   1909      4      0 
    0    149     49     49     95      6      0      0      0      0   1512   1410   1517      4      0 
    1    276     69     69    100      8      0      0      0      0   1512   1410   1909      4      0 
    0    152     49     49     95      6      0      0      0      0   1512   1410   1517      4      0 
    1    272     69     69    100      8      0      0      0      0   1512   1410   1909      4      0 
    0    150     49     51     95      6      0      0      0      0   1512   1410   1517      4      0 
    1    277     68     69    100      8      0      0      0      0   1512   1410   1909      4      0 
    0    151     49     49     95      6      0      0      0      0   1512   1410   1517      4      0 
    1    276     68     69    100      8      0      0      0      0   1512   1410   1909      4      0 
    0    149     49     49     95      6      0      0      0      0   1512   1410   1517      4      0 
    1    286     69     69    100      8      0      0      0      0   1512   1410   1909      4      0 
    0    151     49     51     95      6      0      0      0      0   1512   1410   1517      4      0 
    1    264     69     69    100      8      0      0      0      0   1512   1410   1909      4      0 
    0    151     49     51     95      6      0      0      0      0   1512   1410   1517      4      0 
    1    278     69     69    100      8      0      0      0      0   1512   1410   1909      4      0 
# gpu    pwr  gtemp  mtemp     sm    mem    enc    dec    jpg    ofa   mclk   pclk     fb   bar1   ccpm 
# Idx      W      C      C      %      %      %      %      %      %    MHz    MHz     MB     MB     MB 
    0    149     49     51     95      6      0      0      0      0   1512   1410   1517      4      0 
    1    276     68     69    100      8      0      0      0      0   1512   1410   1909      4      0 
    0    152     49     49     95      6      0      0      0      0   1512   1410   1517      4      0 
    1    279     68     69    100      8      0      0      0      0   1512   1410   1909      4      0 
    0    152     49     49     95      6      0      0      0      0   1512   1410   1517      4      0 
    1    268     69     69    100      8      0      0      0      0   1512   1410   1909      4      0 
    0    152     49     49     95      6      0      0      0      0   1512   1410   1517      4      0 
    1    265     69     69    100      8      0      0      0      0   1512   1410   1909      4      0 
    0    150     49     49     95      6      0      0      0      0   1512   1410   1517      4      0 
    1    277     69     69    100      8      0      0      0      0   1512   1410   1909      4      0 
    0    149     49     49     95      6      0      0      0      0   1512   1410   1517      4      0 
    1    286     69     69    100      8      0      0      0      0   1512   1410   1909      4      0 
    0    151     49     49     95      6      0      0      0      0   1512   1410   1517      4      0 
    1    265     69     69    100      9      0      0      0      0   1512   1410   1909      4      0 
    0    151     49     51     95      6      0      0      0      0   1512   1410   1517      4      0 
    1    281     69     69    100      8      0      0      0      0   1512   1410   1909      4      0 
    0    151     49     49     95      6      0      0      0      0   1512   1410   1517      4      0 
    1    280     69     69    100      8      0      0      0      0   1512   1410   1909      4      0 
    0    151     49     49     95      6      0      0      0      0   1512   1410   1517      4      0 
    1    286     69     69    100      8      0      0      0      0   1512   1410   1909      4      0 
    0    150     49     51     95      6      0      0      0      0   1512   1410   1517      4      0 
    1    277     69     69    100      8      0      0      0      0   1512   1410   1909      4      0 
    0    151     49     49     95      6      0      0      0      0   1512   1410   1517      4      0 
    1    278     69     69    100      8      0      0      0      0   1512   1410   1909      4      0 
    0    149     49     51     95      6      0      0      0      0   1512   1410   1517      4      0 
    1    273     69     69    100      9      0      0      0      0   1512   1410   1909      4      0 
    0    150     49     51     95      6      0      0      0      0   1512   1410   1517      4      0 
    1    278     69     69    100      8      0      0      0      0   1512   1410   1909      4      0 
    0    150     49     49     95      6      0      0      0      0   1512   1410   1517      4      0 
    1    270     69     69    100      8      0      0      0      0   1512   1410   1909      4      0 
    0    151     49     49     95      6      0      0      0      0   1512   1410   1517      4      0 
    1    287     69     69    100      8      0      0      0      0   1512   1410   1909      4      0 
    0    149     49     49     95      6      0      0      0      0   1512   1410   1517      4      0 
    1    286     68     69    100      8      0      0      0      0   1512   1410   1909      4      0 
    0    151     49     49     95      6      0      0      0      0   1512   1410   1517      4      0 
    1    270     69     69    100      8      0      0      0      0   1512   1410   1909      4      0 
    0    149     49     49     95      6      0      0      0      0   1512   1410   1517      4      0 
    1    278     69     69    100      8      0      0      0      0   1512   1410   1909      4      0 
    0    150     49     49     95      6      0      0      0      0   1512   1410   1517      4      0 
    1    283     69     69    100      8      0      0      0      0   1512   1410   1909      4      0 
    0    151     49     49     95      6      0      0      0      0   1512   1410   1517      4      0 
    1    282     69     69    100      8      0      0      0      0   1512   1410   1909      4      0 
    0    150     49     49     95      6      0      0      0      0   1512   1410   1517      4      0 
    1    277     69     69    100      8      0      0      0      0   1512   1410   1909      4      0 
# gpu    pwr  gtemp  mtemp     sm    mem    enc    dec    jpg    ofa   mclk   pclk     fb   bar1   ccpm 
# Idx      W      C      C      %      %      %      %      %      %    MHz    MHz     MB     MB     MB 
    0    151     49     51     95      6      0      0      0      0   1512   1410   1517      4      0 
    1    269     69     69    100      8      0      0      0      0   1512   1410   1909      4      0 
    0    151     49     49     95      6      0      0      0      0   1512   1410   1517      4      0 
    1    274     69     69    100      9      0      0      0      0   1512   1410   1909      4      0 
    0    150     49     51     95      6      0      0      0      0   1512   1410   1517      4      0 
    1    278     69     69    100      8      0      0      0      0   1512   1410   1909      4      0 
    0    150     49     51     95      6      0      0      0      0   1512   1410   1517      4      0 
    1    275     69     69    100      8      0      0      0      0   1512   1410   1909      4      0 
    0    151     49     51     95      6      0      0      0      0   1512   1410   1517      4      0 
    1    262     69     69    100      8      0      0      0      0   1512   1410   1909      4      0 
    0    151     49     51     95      6      0      0      0      0   1512   1410   1517      4      0 
    1    277     69     69    100      8      0      0      0      0   1512   1410   1909      4      0 
    0    150     49     51     95      6      0      0      0      0   1512   1410   1517      4      0 
    1    276     69     69    100      8      0      0      0      0   1512   1410   1909      4      0 
    0    151     49     51     95      6      0      0      0      0   1512   1410   1517      4      0 
    1    267     69     69    100      8      0      0      0      0   1512   1410   1909      4      0 
    0    151     49     51     95      6      0      0      0      0   1512   1410   1517      4      0 
    1    267     69     69    100      8      0      0      0      0   1512   1410   1909      4      0 
    0    150     49     51     95      6      0      0      0      0   1512   1410   1517      4      0 
    1    286     69     69    100      8      0      0      0      0   1512   1410   1909      4      0 
    0    151     49     49     95      6      0      0      0      0   1512   1410   1517      4      0 
    1    279     69     69    100      8      0      0      0      0   1512   1410   1909      4      0 
    0    150     49     51     95      6      0      0      0      0   1512   1410   1517      4      0 
    1    260     69     69    100      8      0      0      0      0   1512   1410   1909      4      0 
    0    150     49     51     95      6      0      0      0      0   1512   1410   1517      4      0 
    1    270     69     69    100      9      0      0      0      0   1512   1410   1909      4      0 
    0    150     49     51     95      6      0      0      0      0   1512   1410   1517      4      0 
    1    276     69     69    100      8      0      0      0      0   1512   1410   1909      4      0 
    0    152     49     51     95      6      0      0      0      0   1512   1410   1517      4      0 
    1    271     69     69    100      8      0      0      0      0   1512   1410   1909      4      0 
    0    150     49     51     95      6      0      0      0      0   1512   1410   1517      4      0 
    1    278     69     69    100      8      0      0      0      0   1512   1410   1909      4      0 
    0    150     49     51     95      6      0      0      0      0   1512   1410   1517      4      0 
    1    286     69     69    100      8      0      0      0      0   1512   1410   1909      4      0 
    0    151     49     51     95      6      0      0      0      0   1512   1410   1517      4      0 
    1    275     69     69    100      8      0      0      0      0   1512   1410   1909      4      0 
    0    149     49     51     95      6      0      0      0      0   1512   1410   1517      4      0 
    1    277     69     69    100      8      0      0      0      0   1512   1410   1909      4      0 
    0    151     49     51     95      6      0      0      0      0   1512   1410   1517      4      0 
    1    273     69     69    100      8      0      0      0      0   1512   1410   1909      4      0 
    0    151     49     51     95      6      0      0      0      0   1512   1410   1517      4      0 
    1    269     69     69    100      8      0      0      0      0   1512   1410   1909      4      0 
    0    150     49     49     95      6      0      0      0      0   1512   1410   1517      4      0 
    1    290     69     69    100      8      0      0      0      0   1512   1410   1909      4      0 
# gpu    pwr  gtemp  mtemp     sm    mem    enc    dec    jpg    ofa   mclk   pclk     fb   bar1   ccpm 
# Idx      W      C      C      %      %      %      %      %      %    MHz    MHz     MB     MB     MB 
    0    152     49     51     95      6      0      0      0      0   1512   1410   1517      4      0 
    1    278     69     69    100      9      0      0      0      0   1512   1410   1909      4      0 
    0    150     49     51     95      6      0      0      0      0   1512   1410   1517      4      0 
    1    269     69     69    100      8      0      0      0      0   1512   1410   1909      4      0 
    0    150     49     49     95      6      0      0      0      0   1512   1410   1517      4      0 
    1    280     69     69    100      8      0      0      0      0   1512   1410   1909      4      0 
    0    151     49     49     95      6      0      0      0      0   1512   1410   1517      4      0 
    1    285     69     69    100      9      0      0      0      0   1512   1410   1909      4      0 
    0    151     49     49     95      6      0      0      0      0   1512   1410   1517      4      0 
    1    265     69     69    100      8      0      0      0      0   1512   1410   1909      4      0 
    0    151     49     49     95      6      0      0      0      0   1512   1410   1517      4      0 
    1    275     69     69    100      8      0      0      0      0   1512   1410   1909      4      0 
    0    151     49     49     95      6      0      0      0      0   1512   1410   1517      4      0 
    1    276     69     69    100      8      0      0      0      0   1512   1410   1909      4      0 
    0    149     49     49     95      6      0      0      0      0   1512   1410   1517      4      0 
    1    265     69     69    100      8      0      0      0      0   1512   1410   1909      4      0 
    0    150     49     49     95      6      0      0      0      0   1512   1410   1517      4      0 
    1    287     69     69    100      8      0      0      0      0   1512   1410   1909      4      0 
    0    151     49     51     95      6      0      0      0      0   1512   1410   1517      4      0 
    1    276     69     69    100      8      0      0      0      0   1512   1410   1909      4      0 
    0    150     49     49     95      6      0      0      0      0   1512   1410   1517      4      0 
    1    270     69     69    100      8      0      0      0      0   1512   1410   1909      4      0 
    0    151     49     49     95      6      0      0      0      0   1512   1410   1517      4      0 
    1    274     69     69    100      8      0      0      0      0   1512   1410   1909      4      0 
    0    150     49     51     95      6      0      0      0      0   1512   1410   1517      4      0 
    1    272     69     69    100      8      0      0      0      0   1512   1410   1909      4      0 
    0    150     49     49     95      6      0      0      0      0   1512   1410   1517      4      0 
    1    267     69     69    100      8      0      0      0      0   1512   1410   1909      4      0 
    0    150     49     49     95      6      0      0      0      0   1512   1410   1517      4      0 
    1    274     69     69    100      8      0      0      0      0   1512   1410   1909      4      0 
    0    151     49     49     94      6      0      0      0      0   1512   1410   1517      4      0 
    1    271     69     69    100      8      0      0      0      0   1512   1410   1909      4      0 
    0    151     49     51     95      6      0      0      0      0   1512   1410   1517      4      0 
    1    270     69     69    100      9      0      0      0      0   1512   1410   1909      4      0 
    0    150     49     51     95      6      0      0      0      0   1512   1410   1517      4      0 
    1    277     69     69    100      8      0      0      0      0   1512   1410   1909      4      0 
    0    151     49     51     95      6      0      0      0      0   1512   1410   1517      4      0 
    1    278     69     69    100      8      0      0      0      0   1512   1410   1909      4      0 
    0    152     49     51     95      6      0      0      0      0   1512   1410   1517      4      0 
    1    285     69     69    100      8      0      0      0      0   1512   1410   1909      4      0 
    0    149     49     51     95      6      0      0      0      0   1512   1410   1517      4      0 
    1    269     69     69    100      8      0      0      0      0   1512   1410   1909      4      0 
    0    151     49     51     95      6      0      0      0      0   1512   1410   1517      4      0 
    1    278     68     69    100      8      0      0      0      0   1512   1410   1909      4      0 
# gpu    pwr  gtemp  mtemp     sm    mem    enc    dec    jpg    ofa   mclk   pclk     fb   bar1   ccpm 
# Idx      W      C      C      %      %      %      %      %      %    MHz    MHz     MB     MB     MB 
    0    151     49     51     95      6      0      0      0      0   1512   1410   1517      4      0 
    1    278     69     69    100      8      0      0      0      0   1512   1410   1909      4      0 
    0    151     49     51     95      6      0      0      0      0   1512   1410   1517      4      0 
    1    277     69     69    100      8      0      0      0      0   1512   1410   1909      4      0 
    0    151     49     49     95      6      0      0      0      0   1512   1410   1517      4      0 
    1    273     69     69    100      8      0      0      0      0   1512   1410   1909      4      0 
    0    151     49     51     95      6      0      0      0      0   1512   1410   1517      4      0 
    1    278     68     69    100      9      0      0      0      0   1512   1410   1909      4      0 
    0    150     49     51     95      6      0      0      0      0   1512   1410   1517      4      0 
    1    277     69     69    100      8      0      0      0      0   1512   1410   1909      4      0 
    0    151     49     49     95      6      0      0      0      0   1512   1410   1517      4      0 
    1    278     69     69    100      8      0      0      0      0   1512   1410   1909      4      0 
    0    151     49     51     95      6      0      0      0      0   1512   1410   1517      4      0 
    1    287     69     69    100      8      0      0      0      0   1512   1410   1909      4      0 
    0    151     49     49     95      6      0      0      0      0   1512   1410   1517      4      0 
    1    277     69     69    100      8      0      0      0      0   1512   1410   1909      4      0 
    0    150     49     49     95      6      0      0      0      0   1512   1410   1517      4      0 
    1    266     69     69    100      8      0      0      0      0   1512   1410   1909      4      0 
    0    150     49     49     95      6      0      0      0      0   1512   1410   1517      4      0 
    1    277     69     69    100      8      0      0      0      0   1512   1410   1909      4      0 
    0    151     49     49     95      6      0      0      0      0   1512   1410   1517      4      0 
    1    263     69     69    100      8      0      0      0      0   1512   1410   1909      4      0 
    0    151     49     49     95      6      0      0      0      0   1512   1410   1517      4      0 
    1    291     69     69    100      8      0      0      0      0   1512   1410   1909      4      0 
    0    151     49     49     95      6      0      0      0      0   1512   1410   1517      4      0 
    1    279     69     69    100      8      0      0      0      0   1512   1410   1909      4      0 
    0    150     49     49     95      6      0      0      0      0   1512   1410   1517      4      0 
    1    262     69     69    100      8      0      0      0      0   1512   1410   1909      4      0 
    0    150     49     49     95      6      0      0      0      0   1512   1410   1517      4      0 
    1    280     69     69    100      9      0      0      0      0   1512   1410   1909      4      0 
    0    150     49     51     95      6      0      0      0      0   1512   1410   1517      4      0 
    1    264     69     69    100      8      0      0      0      0   1512   1410   1909      4      0 
    0    149     49     51     95      6      0      0      0      0   1512   1410   1517      4      0 
    1    281     69     69    100      8      0      0      0      0   1512   1410   1909      4      0 
    0    150     49     51     95      6      0      0      0      0   1512   1410   1517      4      0 
    1    280     69     69    100      8      0      0      0      0   1512   1410   1909      4      0 
    0    150     49     49     95      6      0      0      0      0   1512   1410   1517      4      0 
    1    264     69     69    100      8      0      0      0      0   1512   1410   1909      4      0 
    0    150     49     51     95      6      0      0      0      0   1512   1410   1517      4      0 
    1    280     69     69    100      8      0      0      0      0   1512   1410   1909      4      0 
    0    151     49     51     95      6      0      0      0      0   1512   1410   1517      4      0 
    1    272     69     69    100      8      0      0      0      0   1512   1410   1909      4      0 
    0    150     49     49     95      6      0      0      0      0   1512   1410   1517      4      0 
    1    270     69     69    100      9      0      0      0      0   1512   1410   1909      4      0 
# gpu    pwr  gtemp  mtemp     sm    mem    enc    dec    jpg    ofa   mclk   pclk     fb   bar1   ccpm 
# Idx      W      C      C      %      %      %      %      %      %    MHz    MHz     MB     MB     MB 
    0    151     49     51     95      6      0      0      0      0   1512   1410   1517      4      0 
    1    289     69     69    100      8      0      0      0      0   1512   1410   1909      4      0 
    0    150     49     51     95      6      0      0      0      0   1512   1410   1517      4      0 
    1    275     69     69    100      8      0      0      0      0   1512   1410   1909      4      0 
    0    149     49     49     95      6      0      0      0      0   1512   1410   1517      4      0 
    1    274     69     69    100      8      0      0      0      0   1512   1410   1909      4      0 
    0    150     49     51     95      6      0      0      0      0   1512   1410   1517      4      0 
    1    270     69     69    100      8      0      0      0      0   1512   1410   1909      4      0 
    0    150     49     51     95      6      0      0      0      0   1512   1410   1517      4      0 
    1    266     69     69    100      8      0      0      0      0   1512   1410   1909      4      0 
    0    150     49     49     94      6      0      0      0      0   1512   1410   1517      4      0 
    1    285     69     69    100      8      0      0      0      0   1512   1410   1909      4      0 
    0    150     49     49     95      6      0      0      0      0   1512   1410   1517      4      0 
    1    281     69     69    100      8      0      0      0      0   1512   1410   1909      4      0 
    0    149     49     49     95      6      0      0      0      0   1512   1410   1517      4      0 
    1    280     69     69    100      8      0      0      0      0   1512   1410   1909      4      0 
    0    150     49     49     95      6      0      0      0      0   1512   1410   1517      4      0 
    1    287     69     69    100      8      0      0      0      0   1512   1410   1909      4      0 
    0    149     49     49     95      6      0      0      0      0   1512   1410   1517      4      0 
    1    266     69     69    100      8      0      0      0      0   1512   1410   1909      4      0 
    0    150     49     49     95      6      0      0      0      0   1512   1410   1517      4      0 
    1    268     69     69    100      9      0      0      0      0   1512   1410   1909      4      0 
    0    149     49     49     95      6      0      0      0      0   1512   1410   1517      4      0 
    1    270     69     69    100      8      0      0      0      0   1512   1410   1909      4      0 
    0    150     49     49     95      6      0      0      0      0   1512   1410   1517      4      0 
    1    281     69     69    100      8      0      0      0      0   1512   1410   1909      4      0 
    0    150     49     49     94      6      0      0      0      0   1512   1410   1517      4      0 
    1    263     68     69    100      8      0      0      0      0   1512   1410   1909      4      0 
    0    151     49     49     95      6      0      0      0      0   1512   1410   1517      4      0 
    1    276     69     69    100      8      0      0      0      0   1512   1410   1909      4      0 
    0    149     49     49     95      6      0      0      0      0   1512   1410   1517      4      0 
    1    272     69     69    100      8      0      0      0      0   1512   1410   1909      4      0 
    0    151     49     51     95      6      0      0      0      0   1512   1410   1517      4      0 
    1    291     69     69    100      8      0      0      0      0   1512   1410   1909      4      0 
    0    150     49     49     95      6      0      0      0      0   1512   1410   1517      4      0 
    1    263     69     69    100      8      0      0      0      0   1512   1410   1909      4      0 
    0    151     49     49     95      6      0      0      0      0   1512   1410   1517      4      0 
    1    276     69     69    100      8      0      0      0      0   1512   1410   1909      4      0 
    0    150     49     49     95      6      0      0      0      0   1512   1410   1517      4      0 
    1    276     69     69    100      8      0      0      0      0   1512   1410   1909      4      0 
    0    150     49     49     95      6      0      0      0      0   1512   1410   1517      4      0 
    1    270     69     69    100      9      0      0      0      0   1512   1410   1909      4      0 
    0    150     49     49     95      6      0      0      0      0   1512   1410   1517      4      0 
    1    279     69     69    100      9      0      0      0      0   1512   1410   1909      4      0 
# gpu    pwr  gtemp  mtemp     sm    mem    enc    dec    jpg    ofa   mclk   pclk     fb   bar1   ccpm 
# Idx      W      C      C      %      %      %      %      %      %    MHz    MHz     MB     MB     MB 
    0    152     49     49     95      6      0      0      0      0   1512   1410   1517      4      0 
    1    280     69     69    100      8      0      0      0      0   1512   1410   1909      4      0 
    0    149     49     49     95      6      0      0      0      0   1512   1410   1517      4      0 
    1    287     69     69     99      8      0      0      0      0   1512   1410   1909      4      0 
    0    150     49     49     95      6      0      0      0      0   1512   1410   1517      4      0 
    1    264     69     69    100      8      0      0      0      0   1512   1410   1909      4      0 
    0    151     49     49     95      6      0      0      0      0   1512   1410   1517      4      0 
    1    265     69     69    100      9      0      0      0      0   1512   1410   1909      4      0 
    0    151     49     49     95      6      0      0      0      0   1512   1410   1517      4      0 
    1    289     69     69    100      8      0      0      0      0   1512   1410   1909      4      0 
    0    151     49     49     95      6      0      0      0      0   1512   1410   1517      4      0 
    1    278     69     69    100      8      0      0      0      0   1512   1410   1909      4      0 
    0    153     49     51     95      6      0      0      0      0   1512   1410   1517      4      0 
    1    287     69     69    100      8      0      0      0      0   1512   1410   1909      4      0 
    0    151     49     51     95      6      0      0      0      0   1512   1410   1517      4      0 
    1    275     69     69    100      8      0      0      0      0   1512   1410   1909      4      0 
    0    151     49     51     95      6      0      0      0      0   1512   1410   1517      4      0 
    1    276     69     69    100      8      0      0      0      0   1512   1410   1909      4      0 
    0    152     49     49     95      6      0      0      0      0   1512   1410   1517      4      0 
    1    293     69     69    100      8      0      0      0      0   1512   1410   1909      4      0 
    0    150     49     49     95      6      0      0      0      0   1512   1410   1517      4      0 
    1    264     69     69    100      8      0      0      0      0   1512   1410   1909      4      0 
    0    151     49     49     95      6      0      0      0      0   1512   1410   1517      4      0 
    1    284     69     69    100      8      0      0      0      0   1512   1410   1909      4      0 
    0    150     49     49     95      6      0      0      0      0   1512   1410   1517      4      0 
    1    267     69     69    100      8      0      0      0      0   1512   1410   1909      4      0 
    0    150     49     49     95      6      0      0      0      0   1512   1410   1517      4      0 
    1    279     69     69    100      8      0      0      0      0   1512   1410   1909      4      0 
    0    151     49     49     95      6      0      0      0      0   1512   1410   1517      4      0 
    1    265     69     69    100      8      0      0      0      0   1512   1410   1909      4      0 
    0    150     49     49     95      6      0      0      0      0   1512   1410   1517      4      0 
    1    287     69     69    100      8      0      0      0      0   1512   1410   1909      4      0 
    0    149     49     49     95      6      0      0      0      0   1512   1410   1517      4      0 
    1    274     69     69    100      8      0      0      0      0   1512   1410   1909      4      0 
    0    150     49     49     95      6      0      0      0      0   1512   1410   1517      4      0 
    1    279     69     69    100      8      0      0      0      0   1512   1410   1909      4      0 
    0    151     49     51     95      6      0      0      0      0   1512   1410   1517      4      0 
    1    281     69     69    100      8      0      0      0      0   1512   1410   1909      4      0 
    0    150     49     51     95      6      0      0      0      0   1512   1410   1517      4      0 
    1    291     69     69    100      8      0      0      0      0   1512   1410   1909      4      0 
    0    151     49     49     95      6      0      0      0      0   1512   1410   1517      4      0 
    1    281     69     69    100      8      0      0      0      0   1512   1410   1909      4      0 
    0    150     49     49     95      6      0      0      0      0   1512   1410   1517      4      0 
    1    274     69     69    100      8      0      0      0      0   1512   1410   1909      4      0 
# gpu    pwr  gtemp  mtemp     sm    mem    enc    dec    jpg    ofa   mclk   pclk     fb   bar1   ccpm 
# Idx      W      C      C      %      %      %      %      %      %    MHz    MHz     MB     MB     MB 
    0    150     49     51     95      6      0      0      0      0   1512   1410   1517      4      0 
    1    285     69     69    100      8      0      0      0      0   1512   1410   1909      4      0 
    0    150     49     49     95      6      0      0      0      0   1512   1410   1517      4      0 
    1    292     69     69    100      8      0      0      0      0   1512   1410   1909      4      0 
    0    151     49     49     95      6      0      0      0      0   1512   1410   1517      4      0 
    1    290     69     69    100      8      0      0      0      0   1512   1410   1909      4      0 
    0    151     49     49     95      6      0      0      0      0   1512   1410   1517      4      0 
    1    265     69     69    100      8      0      0      0      0   1512   1410   1909      4      0 
    0    151     49     49     95      6      0      0      0      0   1512   1410   1517      4      0 
    1    276     69     69    100      8      0      0      0      0   1512   1410   1909      4      0 
    0    150     49     49     95      6      0      0      0      0   1512   1410   1517      4      0 
    1    277     69     69    100      8      0      0      0      0   1512   1410   1909      4      0 
    0    149     49     49     95      6      0      0      0      0   1512   1410   1517      4      0 
    1    275     69     69    100      8      0      0      0      0   1512   1410   1909      4      0 
    0    152     49     49     95      6      0      0      0      0   1512   1410   1517      4      0 
    1    276     69     69    100      8      0      0      0      0   1512   1410   1909      4      0 
    0    149     49     49     95      6      0      0      0      0   1512   1410   1517      4      0 
    1    277     69     69    100      8      0      0      0      0   1512   1410   1909      4      0 
    0    149     49     49     95      6      0      0      0      0   1512   1410   1517      4      0 
    1    264     69     69    100      8      0      0      0      0   1512   1410   1909      4      0 
    0    151     49     49     95      6      0      0      0      0   1512   1410   1517      4      0 
    1    275     69     69    100      8      0      0      0      0   1512   1410   1909      4      0 
    0    151     49     49     95      6      0      0      0      0   1512   1410   1517      4      0 
    1    275     69     69    100      8      0      0      0      0   1512   1410   1909      4      0 
    0    150     49     49     95      6      0      0      0      0   1512   1410   1517      4      0 
    1    282     69     69    100      8      0      0      0      0   1512   1410   1909      4      0 
    0    149     49     49     95      6      0      0      0      0   1512   1410   1517      4      0 
    1    275     69     69    100      8      0      0      0      0   1512   1410   1909      4      0 
    0    150     49     49     95      6      0      0      0      0   1512   1410   1517      4      0 
    1    276     69     69    100      8      0      0      0      0   1512   1410   1909      4      0 
    0    150     49     49     95      6      0      0      0      0   1512   1410   1517      4      0 
    1    276     69     69    100      8      0      0      0      0   1512   1410   1909      4      0 
    0    151     49     51     95      6      0      0      0      0   1512   1410   1517      4      0 
    1    292     69     69    100      8      0      0      0      0   1512   1410   1909      4      0 
    0    150     49     49     95      6      0      0      0      0   1512   1410   1517      4      0 
    1    266     69     69    100      8      0      0      0      0   1512   1410   1909      4      0 
    0    149     49     49     95      6      0      0      0      0   1512   1410   1517      4      0 
    1    276     69     69     99      8      0      0      0      0   1512   1410   1909      4      0 
    0    151     49     49     95      6      0      0      0      0   1512   1410   1517      4      0 
    1    276     69     69    100      8      0      0      0      0   1512   1410   1909      4      0 
    0    150     49     49     95      6      0      0      0      0   1512   1410   1517      4      0 
    1    279     69     69    100      8      0      0      0      0   1512   1410   1909      4      0 
    0    150     49     49     95      6      0      0      0      0   1512   1410   1517      4      0 
    1    275     69     69    100      8      0      0      0      0   1512   1410   1909      4      0 
# gpu    pwr  gtemp  mtemp     sm    mem    enc    dec    jpg    ofa   mclk   pclk     fb   bar1   ccpm 
# Idx      W      C      C      %      %      %      %      %      %    MHz    MHz     MB     MB     MB 
    0    150     49     49     95      6      0      0      0      0   1512   1410   1517      4      0 
    1    275     69     69    100      8      0      0      0      0   1512   1410   1909      4      0 
    0    151     49     49     95      6      0      0      0      0   1512   1410   1517      4      0 
    1    272     69     69    100      8      0      0      0      0   1512   1410   1909      4      0 
    0    150     49     51     95      6      0      0      0      0   1512   1410   1517      4      0 
    1    292     69     69    100      9      0      0      0      0   1512   1410   1909      4      0 
    0    150     49     49     95      6      0      0      0      0   1512   1410   1517      4      0 
    1    266     69     69    100      8      0      0      0      0   1512   1410   1909      4      0 
    0    150     49     49     95      6      0      0      0      0   1512   1410   1517      4      0 
    1    290     69     69    100      8      0      0      0      0   1512   1410   1909      4      0 
    0    151     49     49     95      6      0      0      0      0   1512   1410   1517      4      0 
    1    276     69     69    100      8      0      0      0      0   1512   1410   1909      4      0 
    0    150     49     49     95      6      0      0      0      0   1512   1410   1517      4      0 
    1    263     69     69    100      8      0      0      0      0   1512   1410   1909      4      0 
    0    151     49     49     95      6      0      0      0      0   1512   1410   1517      4      0 
    1    285     69     69    100      9      0      0      0      0   1512   1410   1909      4      0 
    0    152     49     49     95      6      0      0      0      0   1512   1410   1517      4      0 
    1    265     69     69    100      8      0      0      0      0   1512   1410   1909      4      0 
    0    151     49     49     95      6      0      0      0      0   1512   1410   1517      4      0 
    1    280     69     69    100      8      0      0      0      0   1512   1410   1909      4      0 
    0    151     49     49     95      6      0      0      0      0   1512   1410   1517      4      0 
    1    270     69     69    100      8      0      0      0      0   1512   1410   1909      4      0 
    0    152     49     49     95      6      0      0      0      0   1512   1410   1517      4      0 
    1    276     69     69    100      8      0      0      0      0   1512   1410   1909      4      0 
    0    151     49     49     95      6      0      0      0      0   1512   1410   1517      4      0 
    1    265     69     69    100      8      0      0      0      0   1512   1410   1909      4      0 
    0    151     49     49     94      6      0      0      0      0   1512   1410   1517      4      0 
    1    266     69     69    100      8      0      0      0      0   1512   1410   1909      4      0 
    0    149     49     49     94      6      0      0      0      0   1512   1410   1517      4      0 
    1    262     69     69    100      8      0      0      0      0   1512   1410   1909      4      0 
    0    151     49     49     95      6      0      0      0      0   1512   1410   1517      4      0 
    1    274     69     69    100      8      0      0      0      0   1512   1410   1909      4      0 
    0    150     49     49     95      6      0      0      0      0   1512   1410   1517      4      0 
    1    276     69     69    100      8      0      0      0      0   1512   1410   1909      4      0 
    0    150     49     49     95      6      0      0      0      0   1512   1410   1517      4      0 
    1    287     69     69    100      8      0      0      0      0   1512   1410   1909      4      0 
    0    149     48     49     95      6      0      0      0      0   1512   1410   1517      4      0 
    1    282     69     69    100      8      0      0      0      0   1512   1410   1909      4      0 
    0    150     49     49     95      6      0      0      0      0   1512   1410   1517      4      0 
    1    269     69     69    100      8      0      0      0      0   1512   1410   1909      4      0 
    0    150     49     49     95      6      0      0      0      0   1512   1410   1517      4      0 
    1    284     69     69    100      8      0      0      0      0   1512   1410   1909      4      0 
    0    151     48     49     95      6      0      0      0      0   1512   1410   1517      4      0 
    1    275     69     69    100      8      0      0      0      0   1512   1410   1909      4      0 
# gpu    pwr  gtemp  mtemp     sm    mem    enc    dec    jpg    ofa   mclk   pclk     fb   bar1   ccpm 
# Idx      W      C      C      %      %      %      %      %      %    MHz    MHz     MB     MB     MB 
    0    149     48     49     95      6      0      0      0      0   1512   1410   1517      4      0 
    1    266     69     69    100      8      0      0      0      0   1512   1410   1909      4      0 
    0    149     48     49     94      6      0      0      0      0   1512   1410   1517      4      0 
    1    265     69     69    100      8      0      0      0      0   1512   1410   1909      4      0 
    0    151     48     49     95      6      0      0      0      0   1512   1410   1517      4      0 
    1    267     69     69    100      8      0      0      0      0   1512   1410   1909      4      0 
    0    149     48     49     95      6      0      0      0      0   1512   1410   1517      4      0 
    1    283     69     69    100      8      0      0      0      0   1512   1410   1909      4      0 
    0    150     48     49     95      6      0      0      0      0   1512   1410   1517      4      0 
    1    278     69     69    100      8      0      0      0      0   1512   1410   1909      4      0 
    0    150     48     49     95      6      0      0      0      0   1512   1410   1517      4      0 
    1    272     69     69    100      8      0      0      0      0   1512   1410   1909      4      0 
    0    150     48     49     95      6      0      0      0      0   1512   1410   1517      4      0 
    1    274     69     69    100      8      0      0      0      0   1512   1410   1909      4      0 
    0    150     48     49     95      6      0      0      0      0   1512   1410   1517      4      0 
    1    281     69     69    100      8      0      0      0      0   1512   1410   1909      4      0 
    0    149     48     49     95      6      0      0      0      0   1512   1410   1517      4      0 
    1    266     69     69    100      8      0      0      0      0   1512   1410   1909      4      0 
    0    152     48     49     95      6      0      0      0      0   1512   1410   1517      4      0 
    1    291     69     69    100      8      0      0      0      0   1512   1410   1909      4      0 
    0    149     49     49     95      6      0      0      0      0   1512   1410   1517      4      0 
    1    263     69     69    100      8      0      0      0      0   1512   1410   1909      4      0 
    0    150     49     49     95      6      0      0      0      0   1512   1410   1517      4      0 
    1    280     69     69    100      8      0      0      0      0   1512   1410   1909      4      0 
    0    150     48     49     95      6      0      0      0      0   1512   1410   1517      4      0 
    1    264     69     69    100      8      0      0      0      0   1512   1410   1909      4      0 
    0    150     49     49     95      6      0      0      0      0   1512   1410   1517      4      0 
    1    275     69     69     99      8      0      0      0      0   1512   1410   1909      4      0 
    0    150     49     49     95      6      0      0      0      0   1512   1410   1517      4      0 
    1    288     69     69    100      8      0      0      0      0   1512   1410   1909      4      0 
    0    150     49     49     95      6      0      0      0      0   1512   1410   1517      4      0 
    1    280     69     69    100      8      0      0      0      0   1512   1410   1909      4      0 
    0    150     49     49     95      6      0      0      0      0   1512   1410   1517      4      0 
    1    263     69     69    100      8      0      0      0      0   1512   1410   1909      4      0 
    0    152     49     49     95      6      0      0      0      0   1512   1410   1517      4      0 
    1    287     69     69    100      8      0      0      0      0   1512   1410   1909      4      0 
    0    149     49     51     95      6      0      0      0      0   1512   1410   1517      4      0 
    1    280     69     69    100      8      0      0      0      0   1512   1410   1909      4      0 
    0    151     49     49     95      6      0      0      0      0   1512   1410   1517      4      0 
    1    271     69     69    100      8      0      0      0      0   1512   1410   1909      4      0 
    0    151     49     49     95      6      0      0      0      0   1512   1410   1517      4      0 
    1    280     69     69    100      8      0      0      0      0   1512   1410   1909      4      0 
    0    149     49     49     95      6      0      0      0      0   1512   1410   1517      4      0 
    1    280     69     69    100      8      0      0      0      0   1512   1410   1909      4      0 
# gpu    pwr  gtemp  mtemp     sm    mem    enc    dec    jpg    ofa   mclk   pclk     fb   bar1   ccpm 
# Idx      W      C      C      %      %      %      %      %      %    MHz    MHz     MB     MB     MB 
    0    151     49     49     95      6      0      0      0      0   1512   1410   1517      4      0 
    1    271     69     69    100      8      0      0      0      0   1512   1410   1909      4      0 
    0    151     49     51     95      6      0      0      0      0   1512   1410   1517      4      0 
    1    270     69     69    100      8      0      0      0      0   1512   1410   1909      4      0 
    0    150     49     49     95      6      0      0      0      0   1512   1410   1517      4      0 
    1    268     69     69    100      8      0      0      0      0   1512   1410   1909      4      0 
    0    151     49     49     95      6      0      0      0      0   1512   1410   1517      4      0 
    1    267     69     69    100      8      0      0      0      0   1512   1410   1909      4      0 
    0    151     49     51     95      6      0      0      0      0   1512   1410   1517      4      0 
    1    275     69     69    100      8      0      0      0      0   1512   1410   1909      4      0 
    0    150     49     49     95      6      0      0      0      0   1512   1410   1517      4      0 
    1    277     69     69    100      8      0      0      0      0   1512   1410   1909      4      0 
    0    149     49     49     95      6      0      0      0      0   1512   1410   1517      4      0 
    1    290     69     69    100      8      0      0      0      0   1512   1410   1909      4      0 
    0    150     49     49     95      6      0      0      0      0   1512   1410   1517      4      0 
    1    275     69     69    100      8      0      0      0      0   1512   1410   1909      4      0 
    0    151     49     49     95      6      0      0      0      0   1512   1410   1517      4      0 
    1    266     69     69    100      8      0      0      0      0   1512   1410   1909      4      0 
    0    149     49     49     95      6      0      0      0      0   1512   1410   1517      4      0 
    1    272     69     69    100      8      0      0      0      0   1512   1410   1909      4      0 
    0    149     49     49     95      6      0      0      0      0   1512   1410   1517      4      0 
    1    275     69     69    100      8      0      0      0      0   1512   1410   1909      4      0 
    0    151     49     49     95      6      0      0      0      0   1512   1410   1517      4      0 
    1    283     69     69    100      8      0      0      0      0   1512   1410   1909      4      0 
    0    149     49     51     95      6      0      0      0      0   1512   1410   1517      4      0 
    1    268     69     69    100      8      0      0      0      0   1512   1410   1909      4      0 
    0    149     49     49     95      6      0      0      0      0   1512   1410   1517      4      0 
    1    285     69     69    100      9      0      0      0      0   1512   1410   1909      4      0 
    0    150     49     49     95      6      0      0      0      0   1512   1410   1517      4      0 
    1    273     69     69    100      9      0      0      0      0   1512   1410   1909      4      0 
    0    151     49     49     95      6      0      0      0      0   1512   1410   1517      4      0 
    1    275     69     69    100      8      0      0      0      0   1512   1410   1909      4      0 
    0    152     49     51     95      6      0      0      0      0   1512   1410   1517      4      0 
    1    279     69     69    100      8      0      0      0      0   1512   1410   1909      4      0 
    0    150     49     51     95      6      0      0      0      0   1512   1410   1517      4      0 
    1    275     69     69    100      8      0      0      0      0   1512   1410   1909      4      0 
    0    150     49     49     95      6      0      0      0      0   1512   1410   1517      4      0 
    1    265     69     69    100      8      0      0      0      0   1512   1410   1909      4      0 
    0    151     49     51     95      6      0      0      0      0   1512   1410   1517      4      0 
    1    283     69     69    100      8      0      0      0      0   1512   1410   1909      4      0 
    0    149     49     49     95      6      0      0      0      0   1512   1410   1517      4      0 
    1    267     69     69    100      8      0      0      0      0   1512   1410   1909      4      0 
    0    151     49     49     95      6      0      0      0      0   1512   1410   1517      4      0 
    1    267     69     69    100      8      0      0      0      0   1512   1410   1909      4      0 
# gpu    pwr  gtemp  mtemp     sm    mem    enc    dec    jpg    ofa   mclk   pclk     fb   bar1   ccpm 
# Idx      W      C      C      %      %      %      %      %      %    MHz    MHz     MB     MB     MB 
    0    150     49     49     95      6      0      0      0      0   1512   1410   1517      4      0 
    1    264     69     69    100      8      0      0      0      0   1512   1410   1909      4      0 
    0    150     49     49     95      6      0      0      0      0   1512   1410   1517      4      0 
    1    290     69     69    100      8      0      0      0      0   1512   1410   1909      4      0 
    0    148     48     49     95      6      0      0      0      0   1512   1410   1517      4      0 
    1    275     69     69    100      8      0      0      0      0   1512   1410   1909      4      0 
    0    150     49     49     95      6      0      0      0      0   1512   1410   1517      4      0 
    1    272     69     69    100      8      0      0      0      0   1512   1410   1909      4      0 
    0    150     48     49     95      6      0      0      0      0   1512   1410   1517      4      0 
    1    279     69     69    100      8      0      0      0      0   1512   1410   1909      4      0 
    0    150     48     49     95      6      0      0      0      0   1512   1410   1517      4      0 
    1    281     69     69    100      8      0      0      0      0   1512   1410   1909      4      0 
    0    149     48     49     95      6      0      0      0      0   1512   1410   1517      4      0 
    1    260     69     69    100      8      0      0      0      0   1512   1410   1909      4      0 
    0    151     48     49     95      6      0      0      0      0   1512   1410   1517      4      0 
    1    275     69     69    100      8      0      0      0      0   1512   1410   1909      4      0 
    0    151     48     49     95      6      0      0      0      0   1512   1410   1517      4      0 
    1    278     69     69    100      8      0      0      0      0   1512   1410   1909      4      0 
    0    151     48     49     95      6      0      0      0      0   1512   1410   1517      4      0 
    1    288     69     69    100      8      0      0      0      0   1512   1410   1909      4      0 
    0    151     48     49     95      6      0      0      0      0   1512   1410   1517      4      0 
    1    276     69     69    100      8      0      0      0      0   1512   1410   1909      4      0 
    0    150     48     49     95      6      0      0      0      0   1512   1410   1517      4      0 
    1    271     69     69    100      8      0      0      0      0   1512   1410   1909      4      0 
    0    150     48     49     95      6      0      0      0      0   1512   1410   1517      4      0 
    1    274     69     69    100      8      0      0      0      0   1512   1410   1909      4      0 
    0    151     48     49     95      6      0      0      0      0   1512   1410   1517      4      0 
    1    274     69     69    100      8      0      0      0      0   1512   1410   1909      4      0 
    0    152     48     49     95      6      0      0      0      0   1512   1410   1517      4      0 
    1    259     69     69    100      8      0      0      0      0   1512   1410   1909      4      0 
    0    151     48     49     95      6      0      0      0      0   1512   1410   1517      4      0 
    1    279     69     69    100      9      0      0      0      0   1512   1410   1909      4      0 
    0    151     48     49     95      6      0      0      0      0   1512   1410   1517      4      0 
    1    276     69     69    100      8      0      0      0      0   1512   1410   1909      4      0 
    0    149     48     49     95      6      0      0      0      0   1512   1410   1517      4      0 
    1    270     69     69    100      8      0      0      0      0   1512   1410   1909      4      0 
    0    150     48     49     95      6      0      0      0      0   1512   1410   1517      4      0 
    1    272     69     69    100      8      0      0      0      0   1512   1410   1909      4      0 
    0    150     48     49     95      6      0      0      0      0   1512   1410   1517      4      0 
    1    276     69     69    100      8      0      0      0      0   1512   1410   1909      4      0 
    0    150     48     49     95      6      0      0      0      0   1512   1410   1517      4      0 
    1    278     69     69    100      8      0      0      0      0   1512   1410   1909      4      0 
    0    150     48     49     95      6      0      0      0      0   1512   1410   1517      4      0 
    1    277     68     69    100      8      0      0      0      0   1512   1410   1909      4      0 
# gpu    pwr  gtemp  mtemp     sm    mem    enc    dec    jpg    ofa   mclk   pclk     fb   bar1   ccpm 
# Idx      W      C      C      %      %      %      %      %      %    MHz    MHz     MB     MB     MB 
    0    149     48     49     95      6      0      0      0      0   1512   1410   1517      4      0 
    1    279     69     69    100      8      0      0      0      0   1512   1410   1909      4      0 
    0    149     48     49     95      6      0      0      0      0   1512   1410   1517      4      0 
    1    272     69     69    100      8      0      0      0      0   1512   1410   1909      4      0 
    0    150     48     49     95      6      0      0      0      0   1512   1410   1517      4      0 
    1    271     68     69    100      8      0      0      0      0   1512   1410   1909      4      0 
    0    150     48     49     95      6      0      0      0      0   1512   1410   1517      4      0 
    1    273     69     69    100      8      0      0      0      0   1512   1410   1909      4      0 
    0    150     48     49     95      6      0      0      0      0   1512   1410   1517      4      0 
    1    287     69     69    100      8      0      0      0      0   1512   1410   1909      4      0 
    0    150     48     49     95      6      0      0      0      0   1512   1410   1517      4      0 
    1    269     69     69    100      8      0      0      0      0   1512   1410   1909      4      0 
    0    149     48     49     95      6      0      0      0      0   1512   1410   1517      4      0 
    1    279     69     69    100      8      0      0      0      0   1512   1410   1909      4      0 
    0    150     48     49     95      6      0      0      0      0   1512   1410   1517      4      0 
    1    275     69     69    100      8      0      0      0      0   1512   1410   1909      4      0 
    0    150     48     49     95      6      0      0      0      0   1512   1410   1517      4      0 
    1    280     69     69    100      8      0      0      0      0   1512   1410   1909      4      0 
    0    151     48     49     95      6      0      0      0      0   1512   1410   1517      4      0 
    1    272     69     69    100      8      0      0      0      0   1512   1410   1909      4      0 
    0    151     48     49     95      6      0      0      0      0   1512   1410   1517      4      0 
    1    276     69     69    100      8      0      0      0      0   1512   1410   1909      4      0 
    0    151     48     49     95      6      0      0      0      0   1512   1410   1517      4      0 
    1    276     69     69    100      8      0      0      0      0   1512   1410   1909      4      0 
    0    150     48     49     95      6      0      0      0      0   1512   1410   1517      4      0 
    1    269     68     69    100      8      0      0      0      0   1512   1410   1909      4      0 
    0    150     48     49     95      6      0      0      0      0   1512   1410   1517      4      0 
    1    273     69     69    100      9      0      0      0      0   1512   1410   1909      4      0 
    0    148     48     49     95      6      0      0      0      0   1512   1410   1517      4      0 
    1    284     68     69    100      9      0      0      0      0   1512   1410   1909      4      0 
    0    151     48     49     95      6      0      0      0      0   1512   1410   1517      4      0 
    1    290     68     69    100      8      0      0      0      0   1512   1410   1909      4      0 
    0    151     49     49     95      6      0      0      0      0   1512   1410   1517      4      0 
    1    266     69     69    100      8      0      0      0      0   1512   1410   1909      4      0 
    0    151     48     49     95      6      0      0      0      0   1512   1410   1517      4      0 
    1    274     69     69    100      8      0      0      0      0   1512   1410   1909      4      0 
    0    150     48     49     95      6      0      0      0      0   1512   1410   1517      4      0 
    1    275     68     69    100      8      0      0      0      0   1512   1410   1909      4      0 
    0    150     48     49     95      6      0      0      0      0   1512   1410   1517      4      0 
    1    289     68     69    100      8      0      0      0      0   1512   1410   1909      4      0 
    0    150     48     49     95      6      0      0      0      0   1512   1410   1517      4      0 
    1    266     69     69    100      8      0      0      0      0   1512   1410   1909      4      0 
    0    151     49     49     95      6      0      0      0      0   1512   1410   1517      4      0 
    1    267     69     69    100      8      0      0      0      0   1512   1410   1909      4      0 
# gpu    pwr  gtemp  mtemp     sm    mem    enc    dec    jpg    ofa   mclk   pclk     fb   bar1   ccpm 
# Idx      W      C      C      %      %      %      %      %      %    MHz    MHz     MB     MB     MB 
    0    150     49     49     95      6      0      0      0      0   1512   1410   1517      4      0 
    1    279     69     69    100      8      0      0      0      0   1512   1410   1909      4      0 
    0    151     49     49     95      6      0      0      0      0   1512   1410   1517      4      0 
    1    267     69     69    100      8      0      0      0      0   1512   1410   1909      4      0 
    0    150     49     49     95      6      0      0      0      0   1512   1410   1517      4      0 
    1    271     69     69    100      8      0      0      0      0   1512   1410   1909      4      0 
    0    151     49     49     95      6      0      0      0      0   1512   1410   1517      4      0 
    1    287     68     69    100      8      0      0      0      0   1512   1410   1909      4      0 
    0    150     48     51     95      6      0      0      0      0   1512   1410   1517      4      0 
    1    271     69     69    100      8      0      0      0      0   1512   1410   1909      4      0 
