nep4_zbl 3 Bi Sb Te 
zbl 1.25 2.5
cutoff 6 4 32 12
n_max 6 6
basis_size 8 8
l_max 6 2 0
ANN 60 0
  7.5382732e-02
 -1.9023129e-01
 -2.8552504e-02
 -7.7972090e-01
  1.9452673e-01
 -9.3931638e-02
 -6.8352252e-01
 -1.5845968e+00
 -4.6454167e-01
  2.5451520e-01
  1.4982295e-01
 -1.8140715e+00
 -2.9844839e-02
 -2.1087679e-01
 -4.5010927e-01
  9.9556655e-02
  2.4944465e-01
  4.0595353e-02
  1.0653023e-01
  6.1818016e-01
 -2.6507860e-01
  5.5861864e-03
 -4.9797294e-01
 -1.0094021e-01
 -3.0530894e-01
 -1.3176216e-01
 -9.7403256e-03
 -5.4925680e-01
 -2.2051330e-01
 -2.6980519e-01
  7.8743625e-01
  1.1301906e-01
  4.6629113e-01
  1.0636272e-01
  1.9949545e-01
 -5.2372847e-02
  3.9270049e-01
  4.1314813e-01
  5.1232004e-01
 -5.2934277e-01
  1.6513850e-01
 -3.7621105e-01
  8.1333090e-03
 -1.3288513e-01
 -3.1810779e-02
  3.1555706e-01
 -2.1744668e-01
 -2.6697361e-01
 -9.2527114e-02
 -2.4080990e-01
 -3.7225834e-01
  3.2656744e-02
  6.5881090e+00
  7.9871617e-02
 -9.4838105e-03
  4.5109162e-01
  2.0768467e-01
 -7.1486515e-01
  2.2436672e-01
  7.8058191e-02
  4.0584859e-01
  2.0345151e+00
 -6.8837821e-01
 -3.2419961e-02
  3.2513440e-02
 -2.3347719e-01
  2.7577978e-01
  4.6666484e-02
  9.7500250e-02
  1.0150500e-01
 -1.2650476e-01
 -1.3624334e-01
  2.0622849e-01
 -3.6308417e-01
  2.0324464e-01
  9.3295969e-02
  1.1878163e-01
  6.3735384e-01
  2.7706301e-01
 -1.1973967e-02
  6.1170239e-02
  1.6188438e-01
 -1.6618046e-01
 -4.0419083e-02
  4.5796592e-02
 -7.3549348e-01
 -4.0263843e-02
  8.8736951e-02
 -1.6140099e-01
 -1.3971604e-01
 -3.1016248e-01
 -6.1561994e-02
  5.8637893e-01
 -1.3525978e-01
  1.3312623e-02
  2.5874462e+00
  1.4339910e-01
  2.4308932e+00
  2.6665756e-01
 -4.3507453e-02
  5.3384468e-02
  1.2292743e-01
  6.4906560e-02
 -2.7739754e-01
 -1.6088559e-01
 -1.9571817e-01
  3.0193383e-01
 -8.7309673e-02
 -9.3223706e-02
  1.4461423e-01
 -7.7817634e-02
 -1.6758068e-01
 -6.4792842e-01
 -8.1316280e-01
 -9.0961301e-01
  2.1704893e-01
  2.5505546e-01
 -2.1214852e-02
 -5.0318098e-01
 -1.3432224e-01
 -1.0634766e-01
 -1.4058506e-01
 -2.7384001e-01
 -1.7366615e-01
 -6.9667369e-02
  6.2894970e-01
  2.8242657e-01
 -2.1113695e-01
 -1.6686534e+00
  5.8260763e-01
  2.2674838e-01
  1.2094228e-01
  3.5010877e-01
  6.6656643e-01
 -8.4840879e-02
 -1.5898532e-01
  2.8352308e-01
  2.9377100e-01
 -8.0881372e-02
  1.4058852e-01
 -1.6494310e-01
 -7.7652827e-02
 -4.3883785e-03
 -3.3902663e-01
  2.7522206e-01
  1.6079820e+00
 -9.8186061e-02
  4.4690575e-03
 -2.4886879e-01
  1.9586171e-01
 -2.0922449e+00
  4.5468472e-02
  6.6387838e-01
  3.6297143e-01
  4.0351194e-01
 -5.0896506e+00
  2.0531528e-02
  1.3288724e+00
  9.9026382e-02
  4.8810542e-02
 -1.3666055e-01
 -1.2396219e-01
 -1.1280535e-02
 -3.6174482e-01
  1.0014944e-01
 -9.8501936e-02
 -3.2484359e-01
 -4.8100334e-02
 -5.4140949e-01
  4.6246058e-01
 -5.8296019e-01
 -2.9163536e-01
  2.0112796e-02
 -5.5590415e-01
  5.5724502e-01
  1.1474765e-01
 -7.0319735e-02
 -1.8304123e-02
  2.1145107e-01
 -2.7213901e-01
 -1.1537001e-01
 -2.8580844e-01
 -9.8754011e-02
 -6.6897534e-02
 -5.9851713e-02
  1.3160735e-02
  3.6224082e-01
  2.6618725e-01
 -2.5926200e-01
 -3.5394213e-01
  6.8258023e-01
 -7.4231702e-01
 -7.7270246e-03
  9.1321826e-02
  3.2514971e-01
  4.5345251e-02
 -1.2980622e-02
  2.0216046e-01
 -6.9682978e-02
 -8.2064319e-01
 -3.3198592e-01
 -3.5918170e-01
 -6.2387681e-01
 -9.6486703e-02
 -1.8591796e+00
  4.1013661e-01
 -8.0784279e-01
 -2.3425785e-01
  6.2836245e-02
 -1.5966088e-01
  1.6310608e-01
  3.2934928e-01
 -1.6872434e-01
  5.9267157e-01
  1.8776989e-01
 -6.4025623e-01
 -5.7637823e-01
  2.4620765e-01
 -2.1121235e-01
 -1.7064897e+00
  3.9922839e-01
  1.8343551e-01
  6.3201480e-02
 -1.8447646e-01
  2.0258805e-01
 -1.6468948e-01
  1.7097130e-01
 -8.9336562e-01
  1.2305700e+00
  6.4437585e-03
  9.1448948e-03
  2.4955640e-02
  5.6507075e-01
 -1.2162269e-02
 -1.8767346e-02
 -6.4020902e-02
 -4.4744857e-02
 -2.5834361e-02
  1.4461378e-03
 -8.8928103e-02
  1.9121866e+00
 -3.3868560e-01
  3.3936236e-02
 -5.4598968e-02
  8.2907379e-02
 -2.9446732e-02
  1.3693444e+00
 -6.4700794e-01
  3.3779830e-02
  1.2204225e-01
  6.1894548e-01
  5.3414762e-01
  3.5856988e-02
 -2.5566477e-01
 -6.7422616e-01
 -4.4938111e-01
 -4.9758944e-01
 -2.8757097e-03
 -6.9811091e-02
  4.1840650e-02
 -1.6520910e-01
  6.5193631e-02
  7.4995875e-02
 -1.8860269e-02
  2.5208232e-01
 -8.8964008e-02
 -1.7979044e-01
  4.1181710e-01
  3.9523035e-01
  2.6997745e-01
 -9.9975891e-02
 -1.3753237e+00
 -3.6753935e-01
  1.0841672e-01
  1.0019823e+00
  1.8945181e+00
 -3.1417322e-03
 -4.7410157e-02
  1.2270541e+00
  1.3165005e-01
  2.6831391e-01
 -8.3350815e-02
 -9.4625115e-01
 -4.4437680e-01
 -5.5764997e-01
 -3.1156698e-01
 -1.4263923e-01
  4.9834475e-01
  2.6671189e-01
 -3.9882392e-02
 -5.4798760e-02
 -2.2792865e-01
 -3.5242829e-02
  4.0783804e-02
 -6.6972661e-01
  4.9383795e-01
  1.5942372e-01
  2.8181720e-01
  5.4543704e-01
 -9.3405163e-03
 -2.9725450e-01
  3.4227446e-01
  1.0412803e-01
 -2.9150769e-01
 -1.3103929e+00
  1.6417931e-01
 -8.2514189e-02
 -3.6717701e+00
 -2.5001183e-01
 -3.9273134e-01
  2.4806617e-01
  4.2175871e-01
  4.4824243e-01
 -2.9436368e-01
  2.4614966e-01
  1.8374106e-02
  4.1141772e-01
 -3.3791950e-01
  8.3563310e-01
 -6.1821088e-02
  3.3814415e-02
  1.3134271e-01
 -4.7378251e-01
  2.9264536e-02
 -7.3608518e-02
 -2.0693259e-01
 -1.7706564e-02
 -4.2099556e-01
  1.1745347e-01
 -7.5309807e-01
  1.3661511e-01
 -3.4807506e-01
 -3.6286835e-02
  4.8379710e-01
  5.3659111e-01
 -2.9066908e-01
 -1.7500737e-01
 -1.6817052e+00
 -3.3522969e-01
  3.3144918e-01
  2.8177831e-01
 -2.2787845e-01
 -2.9916772e-01
  4.4537687e-01
 -5.2907860e-01
  8.0517061e-02
 -1.6695428e-01
 -4.9245843e-01
 -3.6635786e-01
 -2.3881787e-02
  2.3043576e-01
  2.9353440e-01
  2.7082561e-02
  8.0390126e-02
 -6.0823375e-01
  6.8987232e-01
  3.6485872e-01
 -7.2505772e-02
  5.1328205e-02
  2.4401180e-01
  4.5922685e-01
  7.2333045e-02
  1.2943654e-01
 -1.2204599e-01
 -8.7299518e-02
 -1.0389894e+00
 -2.3675178e-01
 -4.5632061e-01
 -7.6511025e-02
 -2.7892607e-01
 -8.8260183e-03
  1.2645003e-01
 -1.5814309e-01
 -2.2088392e+00
  1.2702413e-01
  1.5678497e-01
 -5.4595802e-02
  1.4433116e-01
 -3.0725864e-01
 -2.7735040e-01
 -6.0560006e-01
  5.7019770e-02
 -5.6449819e-01
 -3.4278285e-02
  2.0297587e-01
  3.9546075e-01
 -1.7113913e+00
  7.6539123e-01
  4.3614155e-01
  7.6702029e-02
  4.6991557e-01
  1.3039394e-01
 -9.1484666e-02
  5.0357383e-01
 -2.9057520e-02
  6.2954175e-01
 -1.6515419e+00
 -1.9583057e-01
  1.2764164e+00
 -3.5354814e-01
  2.5700480e-01
 -3.1469965e-01
  9.2693470e-02
  3.1521145e-01
 -2.2352105e-02
  6.0493093e-02
  2.2662523e-01
  3.8200635e-01
 -8.8225693e-02
  1.9634263e-01
  9.4921224e-02
 -2.4342225e-01
  6.9717951e-02
  3.7388721e-01
  4.2808768e-01
 -2.3745807e-01
  4.7589436e-02
  3.2377511e-01
  5.5471949e-02
 -1.9326102e-02
  3.6195815e-01
 -8.8007915e-01
  6.1145578e-02
 -3.8535127e-01
 -2.6998058e-01
 -1.1330894e-01
  2.1579464e-01
 -1.1129192e-01
  4.0799469e-02
  1.3393635e-01
 -1.6190062e-01
 -3.5394651e-01
 -1.3048835e-01
 -3.2220235e-01
  1.2964140e+00
  3.2992995e-01
  2.0369914e-01
  5.7055121e-03
  4.5799536e-01
 -1.6239161e-02
  1.8489213e-01
  2.0966619e-01
 -1.8244922e-01
  3.4782183e-01
  6.4484805e-01
 -5.6891207e-02
 -9.0892546e-02
  6.7257220e-01
  5.2443761e-01
 -1.1697023e+00
  2.0000851e+00
 -1.3191751e-01
  1.1796018e+00
 -1.1335195e+00
 -8.7717384e-01
  3.9668508e-02
  2.0074706e-01
 -6.2676501e-01
 -3.2831699e-01
 -5.9280276e-01
 -3.3523580e-01
 -2.0194362e-01
 -6.5385222e-02
 -3.8196266e-01
  1.9054405e-01
  2.7728349e-01
  3.1285027e-01
  1.7314169e-01
  2.0722796e-01
  2.3083182e-01
  3.5276195e-01
 -3.0324045e-01
 -2.3559579e-01
  2.0658348e-02
  4.8289901e-01
 -7.3955632e-03
  2.9872012e-01
  1.8726867e-01
 -2.3490299e-02
 -2.3891199e-02
 -1.0656840e-01
 -4.5591514e-04
  7.2105640e-01
 -4.9729046e-01
  6.3092554e-01
  2.9428461e-01
 -1.3165431e-01
 -3.4605673e-01
  1.3967334e-01
 -2.0659275e-01
  2.3601113e-02
  1.4421978e+00
 -1.4396541e+00
  6.0962711e-02
 -7.3099874e-02
  5.1859146e-01
  4.6424982e-01
  4.7516978e-01
  1.8971355e-01
  3.0107349e-01
 -3.9922276e+00
  1.0211802e-01
  7.0186958e-02
 -4.2326695e-01
  3.5029405e-01
 -2.6288825e-01
  1.0343395e+00
  7.1824882e-03
  5.6658432e-02
 -1.5190046e-01
 -1.8710831e-01
  5.6922781e-01
  3.3566591e-01
 -3.8119468e-01
  1.8187951e-01
 -1.7181952e-01
  4.9804705e-01
 -1.5802073e-01
 -7.6370098e-02
 -1.1714756e-01
 -1.9817756e-01
 -2.3403953e-01
  7.2653122e-02
 -5.3516895e-01
  2.8231282e-02
 -3.5605991e-01
  2.0479082e-01
 -3.8028443e-03
  3.3528361e-01
  6.0366040e-01
 -3.1900036e-01
 -5.5740559e-01
 -1.7116894e-01
 -7.3443943e-01
  3.5686564e-01
  1.7015518e-01
 -1.5686516e-02
 -1.6190188e+00
 -1.1558216e-01
  5.6792088e-02
 -3.7796277e-01
 -4.3859434e-01
 -1.0570692e-01
  6.8702333e-02
 -1.9479841e-01
  4.0445280e-01
 -1.3819806e-02
  4.7470415e-01
 -3.3320469e-01
  7.5958121e-01
  1.4814475e-01
  1.0920662e-01
  7.9271525e-01
  8.2503274e-02
 -4.8331100e-02
  1.0590802e-01
 -2.4275403e-01
 -5.9911661e-02
 -1.0876085e+00
 -7.4471176e-02
 -1.0210611e-01
 -5.4234207e-01
 -2.4176118e+00
 -2.9454917e-01
 -1.0746831e-01
 -6.5597409e-01
  1.2041582e+00
  3.8345292e-01
  7.6455973e-02
 -2.0997258e-01
 -4.9797592e-01
  4.1869879e-01
 -3.0390632e-01
 -3.6442503e-02
  1.3264955e-02
 -4.6265632e-02
  1.7125501e-01
  4.1760185e-01
 -8.0314285e-01
 -5.2816486e-01
 -1.7642766e-01
 -1.5250698e+00
  4.6983153e-01
  3.3246722e+00
  1.8574959e-02
 -2.1614913e-02
 -8.7993033e-02
  9.5405027e-02
  3.9645097e-01
  1.3661484e-01
 -1.1094396e-01
 -1.0283186e-01
 -8.6350635e-02
  4.6270037e-01
 -1.8513712e-01
  6.6842422e-02
  1.7406816e-02
  4.5754761e-01
 -3.6214168e+00
  4.4097524e-02
  1.6322744e-01
 -2.2752571e-01
 -3.3928317e-01
 -1.5621364e-01
  1.4259842e-01
 -2.3824227e-01
 -6.0795116e-01
  4.3572765e-02
  5.1075685e-01
 -2.4028916e-02
 -1.7138469e-01
 -1.8751827e+00
  1.2481734e+00
 -1.6541943e-01
 -7.0713210e-01
  1.1438888e-01
  2.0743732e-01
 -2.6894653e-01
  2.5119442e-01
  5.6253499e-01
  4.7463141e-02
 -8.2920915e-01
 -3.1836468e-01
  1.7080176e-01
  1.3487846e-01
 -6.4493373e-02
 -1.1041208e-02
 -5.4567311e-02
  6.6400546e-01
  2.9563596e+00
  3.2580990e-02
 -1.5051423e-01
 -3.0391079e-01
 -1.4876656e-01
 -1.0162070e+00
  1.9025423e-03
  2.4395411e-01
 -2.6544905e-01
  9.9449623e-01
  2.1814631e-01
 -1.7085309e-01
 -3.8202223e-01
 -3.4961265e-01
  2.2864255e-01
 -1.0742765e-01
  7.1676433e-01
 -5.0846826e-02
 -1.3607691e-01
 -1.3332268e-02
  9.0313596e-01
  2.2340281e-02
  3.7020084e-01
 -9.5842935e-02
  6.9265604e+00
  1.5431974e+00
  9.2472643e-02
 -6.4883135e-02
 -2.8681368e-01
  9.8912671e-02
  5.4584605e-01
  2.3196439e-01
 -7.0189267e-02
 -2.6859403e-01
  7.3138469e-01
 -3.3917132e-01
 -1.6377768e-01
  2.1972193e-01
  1.9993110e-02
  1.7027704e+00
 -4.3515325e-01
 -4.1520491e-01
  6.2812786e-03
  1.5893607e-01
  1.2810498e-01
 -2.1532276e+00
 -6.0837996e-01
 -6.5512800e-01
 -1.3798374e+00
 -3.2277346e-01
 -1.9130844e-01
 -1.8367837e-01
 -3.2976019e-01
 -6.6217333e-02
 -2.2298616e-01
  1.6182812e-01
  5.1316023e-01
  3.9732465e-01
 -3.7439510e-02
 -6.7830318e-01
 -2.7652064e-01
 -5.4468099e-02
 -2.6856165e-02
  9.5398173e-02
 -1.1736414e-01
  7.0279795e-01
 -4.5402491e-01
 -1.0294459e-01
  1.7747436e-01
 -5.9484917e-01
  2.1021436e-01
 -1.1698334e-01
 -2.8200614e-01
 -3.1903896e-01
 -4.0867740e-01
  2.3365793e-01
 -2.0084208e-01
 -1.0465051e-02
  5.6972861e-02
 -1.4506665e-01
 -3.8264088e-02
 -1.3762060e+00
  4.0190029e-01
 -6.5357006e-01
 -1.5604671e+00
  1.0911346e-02
 -1.9016531e-01
 -4.9536198e-02
  1.6134810e+00
  5.1205769e-02
 -1.0950663e-01
  1.0186697e-01
  3.3604570e-03
  2.7375549e-01
  4.4749188e-01
 -4.9568683e-01
 -1.0606837e-01
 -5.8087236e-01
  3.3179402e-01
 -3.9837116e-01
 -9.2249447e-01
 -1.0016125e+00
  1.4271273e-01
  1.7622291e+00
 -5.7775474e-01
  1.6375165e-02
  3.1970967e-02
 -6.4242646e-02
 -5.3524654e-02
 -8.7713987e-01
 -4.1672338e-02
 -7.7155715e-01
  1.3839890e-01
  1.1372941e+00
  1.1792266e-01
 -5.5290997e-01
 -8.2717627e-01
  3.1955627e-01
  2.0636357e-02
 -5.4822421e-01
  3.5507855e-01
 -3.7926814e-01
 -1.0707165e-01
  1.5578105e-01
  3.8750526e-01
  2.1374814e-01
  2.0379378e-01
 -3.6716788e+00
  6.2338328e-01
 -5.3743768e-02
 -1.7995796e+00
  1.4175540e-01
  2.2801901e-01
  2.2993551e-01
  3.7878580e-02
  7.7620286e-01
 -6.1860734e-01
  1.3463770e-01
  2.7614188e-01
  8.1419252e-02
  9.8605081e-02
 -1.2318568e+00
  6.6146767e-01
  2.3314761e-01
  1.4549695e-01
 -2.7081239e-01
  8.8960081e-02
 -4.5019779e-01
  1.7110754e-02
  3.3817938e-01
  2.3622025e-02
 -6.0789589e-02
  9.9102207e-02
 -4.1129121e-01
 -1.2030066e-01
  2.0490719e-01
  9.2707932e-01
  2.3403034e+00
  9.4302982e-01
 -4.8776916e-01
  1.5683362e-01
  6.7300701e-01
  8.0278319e-01
 -1.6236525e+00
 -2.8124958e-01
 -6.7180246e-01
 -1.0860161e-01
  4.6551043e-01
 -3.2814240e-01
 -3.8322695e-02
 -5.7305824e-02
 -1.8382655e-01
 -1.3583122e+00
  1.3459104e-01
 -6.1523259e-01
 -6.5878803e-01
  1.6819219e-01
 -7.5593519e-01
  9.6215105e-01
  5.7620364e-01
 -5.3703398e-01
  2.1170354e+00
  1.1947359e+00
 -1.1568823e-01
  2.2107415e+00
  4.8622546e-01
  1.1377700e-01
 -2.9821616e-01
 -1.1558137e+00
  9.5693380e-01
  1.4683193e-01
  5.9463596e-01
  1.7086717e-01
  2.8084106e+00
  2.2506781e-01
 -1.5273618e+00
 -4.1927469e-01
 -7.0820586e-03
  1.2012010e+00
 -2.3584181e-01
 -8.4820680e-02
 -5.4080689e-01
  6.9896799e-01
  8.3363640e-01
 -1.3002496e-02
  1.0415146e+00
  1.0513369e-01
  4.9974287e-01
 -4.8649561e-01
 -3.4552240e-01
  1.5818761e-01
 -9.7679645e-02
 -1.9287977e-02
 -2.4838693e-02
 -1.7574171e-02
 -3.2738242e-01
 -4.2909068e-01
  1.1289484e-01
 -1.0103344e-01
  1.3652425e+00
  2.2102892e-01
 -2.8213918e-01
  2.6730135e-01
 -6.0931407e-02
 -2.1619339e-01
 -2.7318509e-02
 -2.6882076e-01
 -2.7482352e-01
  5.0280666e-01
 -9.7067930e-02
  1.1360602e-01
 -1.9080061e-01
 -1.5737948e-01
 -7.7259955e-03
  4.6613163e-01
  5.1034823e-02
 -1.7691014e-02
 -1.6216451e-01
 -2.1964534e-01
  1.1380650e-01
  1.9609712e-01
  1.6591626e+00
 -1.7746651e-04
  5.8666754e-01
  1.5126890e-01
 -1.1197853e-01
 -5.6941354e-01
  4.5726198e-01
  6.3344675e-01
 -7.5696129e-03
 -1.6974224e-01
  2.1058676e-01
 -6.8576306e-01
  3.6121720e-01
 -2.7339938e-01
  1.0667369e+00
  2.5860476e-01
 -2.9215744e-01
  2.1711084e-01
  3.4117040e-01
  7.0868254e-01
 -8.3816899e-03
  4.2776182e-01
  6.2311608e-01
 -7.6435558e-02
 -2.5343499e-01
  4.9322116e-01
 -2.2933282e-01
  1.1864718e+00
  2.4792368e+00
 -1.0448363e-01
 -7.9300427e-01
  1.2252671e+00
 -5.8050428e-02
 -7.6671444e-02
  1.8887830e-01
  8.4131777e-02
  2.0424353e-01
 -4.3156985e-02
  3.1207186e-01
 -2.1460660e-01
  1.0392210e-02
  2.6040971e-01
  1.1144494e-01
 -2.8235099e-01
 -3.2741556e-01
 -6.4887874e-02
 -3.6701825e-01
 -4.8101309e-01
  4.2137367e-01
  4.3482456e-01
 -4.1138762e-01
 -4.6179835e-02
  6.4063840e-02
  3.6100435e-01
  4.7569983e-02
 -5.3836912e-01
 -1.5041755e-02
 -3.3260021e-01
  8.6321294e-02
  3.2557231e-01
  2.8623763e-01
  6.0359216e-01
  2.8054890e-01
 -6.0648715e-01
  4.3682590e-01
  2.4255614e-01
 -2.1318275e-01
 -2.0732647e-01
  9.1888392e-01
  2.0153186e-01
 -1.7967463e-01
  3.1514320e-01
 -2.8033314e-02
  1.0121287e-02
 -1.6888273e-01
  7.1734644e-02
 -5.4830797e-02
 -4.7099739e-02
 -1.4304355e-01
  2.9872635e-01
 -2.7972424e-01
  3.8086948e-01
 -1.2280443e-01
 -2.1679695e-01
 -8.3526984e-02
  4.7070227e+00
 -5.9429362e-02
  6.5596700e-02
 -4.6771428e-01
 -5.0739312e-01
  6.7022276e-01
 -4.6189331e-02
 -6.4370893e-02
 -1.1966703e-01
  1.6066927e-02
 -6.5497792e-01
 -1.9746621e-01
  1.3432319e-01
 -2.0469457e-01
 -1.6206759e-01
  1.2130047e-01
  5.7977313e-01
 -3.1428617e-01
  1.1537244e+00
 -2.1496633e-01
  5.7184911e-01
 -1.5043351e-02
  4.0785167e-01
 -4.7407633e-01
  5.5922180e-01
 -2.0316602e-01
  4.5355093e-02
 -9.9064577e-01
 -6.0769117e-01
  3.8968876e-01
  6.1470807e-01
  3.4697032e-01
  2.5359800e-01
  1.7862830e-01
 -5.8696382e-02
 -1.2229843e+00
  4.3119572e-02
 -6.9429097e-03
 -4.1867396e-01
  2.5049248e-01
 -5.8940750e-01
  2.7225962e-01
 -5.4321277e-01
 -3.2570037e-01
  8.0737822e-02
 -1.3746624e-01
  4.0701840e-02
 -3.1768203e-01
 -3.8121164e-01
  9.7614437e-02
 -9.5666099e-01
  1.2343316e-02
  1.4989410e-01
 -7.7539079e-02
 -6.4459747e-01
  1.8597284e-01
 -4.2436406e-01
 -5.4008609e-01
 -5.3836727e-01
 -1.0504618e-01
 -4.3902922e-02
  2.9742828e-01
 -3.5118544e-01
  1.1092634e-01
 -1.9108279e-01
  6.4340696e-02
 -1.8614608e-01
  3.9971477e-01
  6.3071454e-01
 -1.2945054e-01
 -5.4626379e-02
 -5.8784455e-01
 -3.1870720e-01
  4.8897576e-01
  3.7550411e-01
 -5.6671444e-02
 -8.3237514e-03
 -1.8241882e-01
  1.6323891e-01
  4.7152527e-02
  2.5759012e-01
 -2.6111849e-02
  4.0703306e-01
 -9.9848703e-02
  2.1664788e-01
 -1.9298008e-01
 -1.5539223e-01
 -9.0386413e-02
  9.8061550e-01
  7.7026182e-01
 -5.3093612e-01
 -2.3441079e-01
 -2.4936973e-01
  1.1956386e-01
 -5.1984280e-01
 -3.6162913e-02
 -2.8680968e-01
 -3.3926245e-02
 -4.9708152e-01
  2.1345128e-01
 -1.4911369e-02
 -7.4045062e-02
 -2.5512451e-01
  2.9682469e-02
 -4.1836518e-01
  5.6074893e-01
 -3.8103294e-02
  4.5344524e-02
 -5.7049885e-02
  7.4024540e-01
  3.0233378e+00
  3.7119982e+00
 -4.6008152e-01
 -2.5134861e+00
 -4.5341349e-01
 -1.5894473e+00
 -4.7852290e-01
 -1.1740758e+00
  1.3815500e-02
  5.0617933e-01
 -3.6696264e-01
  2.7434470e-02
 -1.1510698e-01
  7.3679107e-01
  3.0692241e+00
  1.6505237e+00
  1.2624370e-01
  6.5911812e-01
  7.2046143e-01
  1.0046283e+00
  8.9101894e-03
 -8.6857092e-01
 -4.8341066e-01
  1.6397691e-01
 -6.5346889e-02
 -2.9362702e-01
  3.1992251e-01
  5.6917392e-02
 -3.2890946e-01
 -2.1550078e+00
  3.3910063e-03
  1.2202953e+00
 -5.7924831e-01
 -2.3018646e-01
  5.2733207e-01
 -6.9149566e-01
  4.4934434e-01
 -2.7074239e-01
 -8.8528955e-01
 -1.3228824e+00
 -1.0009573e+00
  9.5609999e-01
  2.6460407e+00
  1.0497642e-01
  4.3474026e-03
  4.8865229e-01
  2.0134704e+00
  1.4256383e-03
 -4.5634016e-02
  4.7811052e-01
 -1.9840813e-01
 -2.8445366e-01
  3.3535314e-01
  1.5032160e-01
  1.5405295e+00
 -9.4911593e-01
  3.5109305e-01
 -1.7517635e-01
  1.0396919e+00
 -1.9372193e+00
  1.4698622e-02
 -8.1240946e-01
  4.5907918e-02
  2.9488072e-01
 -1.2379143e-01
  4.2431381e-02
  7.9875261e-02
  4.9848943e-03
 -3.8574716e-01
  2.5950438e-01
  1.9276926e-01
  3.1989154e-01
  5.7357758e-01
  4.4504109e-01
 -7.0363670e-03
  1.5118226e-01
 -9.8593080e-01
  1.5291253e-01
  2.1466543e-01
  2.2155931e+00
 -2.6909500e-01
 -6.0753055e-02
 -3.1209651e-01
 -7.4067853e-02
  1.1556404e-01
 -2.2034076e-01
  1.0161634e-01
 -4.8774105e-02
 -1.0338993e-01
 -9.8438032e-02
 -2.6638904e+00
  9.1104008e-02
  9.6753150e-02
  5.1328830e-02
  2.7642766e-01
  3.0475259e-01
 -1.0472231e-01
  1.1442992e-01
  6.2815285e-01
 -1.1221538e-02
 -2.1588831e-01
 -2.1901646e-01
  3.4074348e-01
  6.3883297e-02
 -9.5773339e-02
  3.1522444e-01
  1.3691245e-01
 -7.7213413e-01
  1.0960957e-01
 -4.4037661e-01
 -9.6888117e-02
  1.2546366e-01
  1.3823070e-01
 -2.6749042e-01
 -6.9658197e-02
  5.9159744e-01
  1.7047831e+00
 -2.2408181e-01
  4.1761795e-01
 -4.3971375e-01
  2.0143878e-01
  5.3007138e-01
  6.0062602e-02
 -3.5444105e-01
  4.7550195e-01
  1.6028374e-02
  2.4736845e-01
  3.8361531e-01
 -2.6655012e-01
  1.8708870e-01
  6.4061308e-01
 -8.7224913e-01
  2.5304785e-01
 -1.3430224e-01
  8.2185507e-01
 -7.9431480e-01
 -6.8055339e-02
  3.0676219e-01
 -1.6211417e-03
 -1.7536420e-01
  1.2198652e-01
  9.3623132e-02
 -5.7018911e-03
  6.0560037e-03
  1.0282954e-02
 -2.5543323e-01
 -5.4411195e-02
 -2.8138617e-01
 -1.2532066e+00
  3.1190300e-02
 -1.4999215e-01
  1.2398654e+00
 -7.8275174e-02
 -9.2450762e-01
  1.1778642e-01
  2.3934664e-01
  1.9108227e-01
  2.1405254e-01
 -7.0292008e-01
 -1.5865272e-01
  3.8054675e-01
 -1.7871535e-01
 -1.0669635e-01
 -8.0086049e-03
  2.9378682e-01
 -2.5632508e-02
  4.2230046e-01
 -5.5304695e-02
 -2.1461084e-01
 -1.2938377e-01
 -3.7253106e-01
 -8.9241230e-01
 -5.0773591e-01
 -1.3575788e-02
 -1.0869168e-01
 -1.0340767e-02
 -2.2601511e+00
  2.5757593e-01
 -8.6765133e-02
 -1.0277048e-01
 -3.3405706e-02
  9.3422243e-03
 -3.0818024e-01
  3.4582341e-01
 -3.4806409e-01
 -1.3205703e-01
 -3.8837466e-01
  2.1742351e-01
  3.0114543e-01
  1.9867276e-01
  7.3660958e-01
  9.7210221e-02
 -1.8027599e-01
 -6.2814045e-01
 -4.3336581e-02
 -5.2212290e-02
 -2.1384072e-01
 -4.7902592e-02
 -6.7038827e-02
 -7.6337866e-02
  1.1884777e-01
  3.3986396e-01
  3.0636775e-01
  3.2035440e-01
  2.4957652e-01
  5.6693947e-01
 -3.1317708e-01
  2.1439396e-01
  2.4371973e-01
 -2.1809874e-01
 -2.7811646e-01
 -3.0440779e-02
  4.6823141e-01
  5.4371418e-03
  1.6919819e-01
  1.6647518e-01
  1.4461955e-01
 -1.5608718e-01
 -1.4676787e-01
  2.1656255e-01
 -2.6423916e-01
 -3.4304030e-02
 -9.8988324e-02
  1.4441002e-02
 -4.0002526e-03
  7.0429735e-02
 -2.1641445e+00
 -2.8500042e+00
  4.4204019e-02
 -1.7729861e-01
  5.1006055e-01
 -1.5497287e-01
  7.5741693e-02
  1.3751748e-01
 -1.6194175e-01
  4.2477846e-01
 -1.1647520e+00
 -4.4704032e-01
 -1.5217766e-01
 -3.9205581e-01
  2.0473652e-01
 -5.8986600e-02
 -1.1569864e-01
 -2.2387841e+00
 -1.9418957e+00
 -2.3436543e-01
 -3.9159468e-01
 -4.3315474e-02
 -3.3948588e-01
 -2.2998942e-01
 -3.7506431e-01
 -1.4768186e-01
 -3.0598551e-01
 -1.7845072e-01
 -2.5446582e-01
  7.9461947e-02
 -4.5633829e-01
  2.7119839e-01
 -1.2288518e-01
 -7.7089095e-01
  4.6258029e-01
  3.0666345e-01
  8.2494545e-01
  3.0312324e-01
 -2.0882560e-01
 -7.3691793e-02
  9.5973152e-01
 -1.0154308e+00
 -7.4556515e-02
 -1.0954106e+00
 -2.2846711e-01
 -4.8628867e-02
 -1.1296484e-01
 -7.2064668e-02
  1.1439355e-01
  2.5027621e-01
  1.1677551e-01
  2.8873280e-01
 -4.1107160e-01
  1.0162806e-02
  7.1404302e-01
  8.8553184e-01
  3.2084379e-01
  4.2960349e-01
 -2.7943647e-01
 -2.5070116e-02
  8.2348548e-02
  3.4116030e-01
 -5.4770166e-01
  3.2375604e-01
  4.1621391e-02
 -6.0737032e-01
 -2.6140252e-01
  7.4929416e-02
 -2.4901278e-01
  7.8919172e-02
 -5.7348460e-02
 -1.6236240e-01
 -9.9756151e-02
  1.4544375e+00
 -7.1005769e-02
 -4.6095625e-01
  1.0830425e-01
 -6.1100042e-01
  2.6369044e-01
  2.1841101e-01
  3.7072518e-01
 -2.6602784e-01
 -4.7567353e-02
 -6.6048539e-01
  4.7126821e-01
 -3.1852026e-02
 -1.0836548e-01
  1.9321792e-01
 -3.0565944e-01
 -3.3245626e-01
  9.5815383e-02
  1.1074961e+00
 -1.7648922e-01
 -4.8484087e-01
  8.9683555e-02
 -1.7651826e-01
 -1.0939692e+00
  6.4151056e-02
 -4.1894457e-01
 -4.0539020e-01
  1.0042792e-01
 -3.7992802e-02
 -1.3503727e-01
 -3.2227167e-01
 -2.1529879e-01
 -2.0394753e-01
  1.4164828e-01
 -9.8083057e-02
  2.1036403e-02
  3.6721167e-01
  5.3398842e-01
  2.6232815e-01
 -6.9841707e-01
  3.2888964e-01
 -1.6687682e-01
  1.6328970e-01
 -5.0661352e-02
 -3.0230314e-01
  2.4320003e-01
 -2.6248869e-02
  1.2594372e+00
  2.2107887e-01
  1.5040393e-01
 -7.3767491e-02
  5.4164779e-01
 -3.2415870e-01
 -2.2680430e-01
  4.6071403e-02
 -2.6760137e-01
 -2.0303188e-01
 -8.7787509e-02
  1.9555718e-01
 -3.2514635e-01
 -9.5365107e-02
 -1.4645559e-01
 -1.6389129e-01
 -1.4088471e+00
  1.4710686e-01
  2.8702855e-01
 -4.0031555e-01
 -2.1292223e-01
 -1.2911603e-01
 -1.5159519e-02
  3.2840407e-01
 -1.5531611e-02
  4.3567359e-02
  6.1697915e-02
  2.3381658e-02
  3.5807770e-01
 -4.1882890e-01
 -2.5668913e-01
 -1.0482166e+00
  1.7442893e-02
 -8.2040846e-02
 -4.1280750e-02
 -2.5302052e-01
  1.1999018e-01
 -2.6725587e-02
  2.3583296e-01
 -7.4180707e-02
  9.2913771e-01
 -2.4081300e-01
 -3.8965827e-01
 -2.9707256e-01
  2.8520647e-01
 -1.2308329e+00
  3.2475412e-02
  3.4034632e-02
  5.6655858e-02
  5.0447887e-01
  1.8961725e-01
  2.6381817e-01
 -4.9905777e-02
 -2.1788953e-01
 -1.7395544e-01
  1.5201598e-01
 -1.4115283e-01
 -4.8829220e-02
  1.8620771e+00
  2.0404556e-01
 -4.4759735e-01
 -1.2812954e-01
 -4.3967274e-01
 -1.6459483e-01
 -1.6922727e-02
 -2.5524998e-01
 -1.6451627e-01
 -1.2665184e-01
 -3.7989166e-01
  1.9659244e-01
 -9.5962572e-01
  2.5299855e-02
  1.3890852e-01
  5.2281231e-01
  7.6697491e-02
 -5.3491199e-01
 -5.3878993e-02
  2.9001376e-01
 -1.3107042e+00
  4.8634294e-01
  8.6717680e-02
 -1.0156877e-02
 -3.6645389e-01
 -5.7911992e-01
 -9.6744150e-02
  2.4898009e-02
 -3.7647996e-02
 -2.1142177e-01
  4.1790515e-01
  9.6974961e-02
 -1.3006723e-01
  3.6139616e-01
 -4.5698509e-01
 -1.5209278e-01
 -1.8750149e-01
  1.3341320e+00
 -3.2858539e-01
  1.5553279e-01
 -5.6067002e-01
 -1.9604266e-01
  2.2895579e-01
  8.8416681e-02
 -1.7569596e-01
 -3.5928935e-02
  3.4911335e-01
 -4.7236857e-01
 -1.8841555e+00
 -3.4815824e-01
  3.9168951e-01
  6.4873300e-02
 -3.4165931e-01
 -7.8926885e-01
  1.6238695e+00
 -3.6910036e-01
 -4.1178137e-01
 -1.1765146e-01
 -9.1602212e-01
 -1.5801011e-01
  6.7537141e-01
  5.8801211e-02
  1.7907758e-01
  7.4918471e-02
  6.9141549e-01
  2.7149957e-01
  5.7539985e-02
  5.1001954e-01
 -2.2319767e-01
 -6.9679004e-01
  2.7778262e-01
  3.0408823e-01
  3.7815845e-01
  3.0157268e-01
 -2.7525847e+00
  2.5901955e-01
 -5.2988625e-01
  3.5493365e-01
 -2.8944926e-02
 -7.8808248e-01
  8.7476254e-02
  2.8222156e-01
 -3.5982156e-01
 -1.6392943e-01
  3.2525203e-01
  1.1837468e-01
  2.3045260e-01
 -3.1801257e-01
 -2.3877427e-01
  3.4999296e-01
 -6.2081207e-02
 -4.3466660e-01
  1.1718548e-02
 -2.4367134e-01
 -1.8325942e-02
  1.9476140e-01
  1.0528551e-01
  1.3981970e-01
  1.1989535e-01
 -1.1467227e+00
  6.6236806e-01
 -7.6165140e-01
  5.7787076e-02
  1.2256557e+00
 -1.4220268e+00
 -4.1862074e-01
 -1.1309925e-01
 -3.5196822e+00
 -3.8739118e-01
 -4.9484193e-01
 -1.3824445e-01
 -4.5452127e-01
  6.6313863e-02
  7.7867466e-01
  2.5869606e+00
 -1.5799318e-01
 -6.4563334e-02
  1.2656289e+00
  3.3235353e-01
  7.3634124e-01
 -1.9431080e+00
 -8.3245414e-01
  3.7953854e-02
 -5.9123516e-02
 -1.0128982e-01
 -2.0725839e-03
  6.4013582e-03
 -1.5207433e-02
  9.7899729e-01
 -1.4282552e+00
  4.7685039e-01
  1.3786884e-01
  1.7069024e+00
 -8.2861459e-01
 -1.1273898e-01
  1.3995279e+00
  3.0789721e-01
 -5.9491283e-01
  2.3297307e-01
  1.3316381e+00
  9.6001679e-01
  6.3025856e-01
 -1.9493343e-01
 -5.3241726e-02
  3.9837027e-01
 -3.3863075e-02
  1.1098199e-01
  3.6677754e+00
  2.8336364e-01
  2.3695491e-01
  5.9224768e-03
 -2.3772873e-01
 -1.8533560e-02
 -3.8546848e-01
  2.9104216e-02
 -3.2623775e-02
 -1.2409811e+00
  7.1918450e-02
 -7.0458516e-02
 -6.6283506e-01
 -1.5614082e-01
 -6.5878791e-01
  1.4403480e-01
 -2.7867079e-01
  2.4817919e-03
 -1.0814400e+00
  1.6491584e-01
  7.8255272e-01
  3.0798820e-01
 -5.0359976e-01
  8.7337770e-02
 -1.6592427e-01
 -3.8070992e-01
  2.4651232e-01
 -2.1667768e-01
 -2.1148525e-01
 -6.2640883e-02
 -4.5831832e-01
 -7.0074566e-02
 -3.7344433e-02
 -4.7492273e-02
  6.9510025e-01
  2.2305731e-01
  6.8328276e-02
  3.4106252e-01
  1.8902183e-01
 -3.2428703e-01
  1.6018388e-01
 -9.2836611e-02
 -2.9066830e+00
 -8.8019693e-01
 -4.3450224e-01
 -3.6443892e-01
  1.3145190e-01
  1.1943412e-01
 -2.6466748e-01
  1.8822750e-01
  5.1442016e-02
  1.8270855e-01
 -2.5891343e-02
  4.1656813e-01
  6.0448851e-02
 -7.6439768e-01
 -6.3045543e-01
 -2.7405947e-01
  6.9004230e-02
 -4.7761843e-02
  5.2341437e-01
 -1.6210185e-01
 -2.7950090e-01
 -2.8882477e-01
 -1.1738162e-02
  1.0191616e+00
 -2.2637485e-01
 -7.8884727e-01
 -8.7316476e-02
 -3.2981277e-01
  6.2358147e-01
  1.6059236e-01
 -2.2297259e-02
  2.1711774e-01
  1.3877213e-01
  1.0646869e-01
 -5.8003974e-01
 -2.1253154e+00
 -4.3587517e-02
  1.9781123e-01
  5.3111833e-01
 -6.4967722e-02
 -6.0211394e-02
  2.1795487e+00
  8.8848650e-02
 -1.2786236e-01
 -1.1653221e-01
  2.6638365e-01
 -7.5435221e-01
 -1.0120354e-01
 -1.7829745e-01
  1.0664997e-01
 -1.3624118e-01
 -3.1754649e-01
  1.4015799e-02
 -1.1186065e-01
 -4.9663410e-01
 -3.3049163e-01
 -3.2360685e-01
  3.5022084e-02
  6.6095769e-01
  2.7612671e-01
  8.8857001e-01
 -1.6661625e+00
 -4.8871502e-01
 -3.5664598e-03
  2.1043827e-01
  1.3569538e-01
 -4.2946452e-01
 -1.1210599e-02
  4.3832990e-03
  7.2000891e-02
 -1.6887978e-01
 -5.8828492e-02
  7.0500009e-02
 -9.7814202e-02
  6.2988475e-02
 -1.1505742e-01
  2.6328450e-01
  4.9770024e-02
  2.5387037e-01
  1.6590838e-03
  1.1837865e-02
 -1.2205149e+00
  7.8985506e-01
  1.1370293e-01
  3.5946295e-01
  2.3412865e-01
 -9.9827334e-02
 -2.0529054e-01
  4.1575119e-01
 -3.5583219e-01
 -1.9305477e-01
  1.2815055e-01
 -2.7040017e-01
  1.2257389e-01
  2.5853649e-01
 -2.8455475e-01
  6.2895781e-01
 -2.3394540e-01
  9.1253489e-02
 -2.0434360e-01
 -1.2234891e-01
 -1.0849542e-02
 -1.1540446e-01
  4.4560354e-02
  9.1140285e-02
 -5.4772813e-02
  1.6698925e-02
  1.6200626e-01
 -1.7925505e-01
 -6.6635811e-01
 -1.9525689e+00
 -2.2851813e-01
  1.9319880e-01
  6.0319418e-01
  1.1132046e-02
  2.0386176e-01
  3.4906849e-01
  8.4750064e-02
  3.0402231e-01
  2.1374626e-01
  1.8234773e-01
 -2.0291811e-01
 -5.7602070e-02
  7.4344926e-02
 -2.8731364e-01
  2.8022680e-01
  3.1312913e-01
  2.5267696e-01
  1.6510226e-01
 -6.0613040e-02
  6.3433045e-01
 -6.7215279e-02
 -1.7885925e-02
 -1.0904363e+00
  3.7348896e-01
 -1.8441242e+00
  1.9457921e-01
  1.7057595e-01
  1.1153781e-01
 -2.2321531e-01
  2.3146505e-02
 -2.9449204e-01
  5.3155486e-02
 -2.4828916e+00
  3.3315122e-01
  1.3763846e+00
  1.6843578e-01
  2.8098521e-01
  1.6317667e-02
 -2.2149329e-01
  3.7547383e-01
 -3.5454252e-01
 -2.6530655e-02
  8.2627110e-02
 -4.7797856e-01
  3.4247133e-01
 -2.7180028e-01
  1.6373117e-01
  1.3221103e-01
 -1.7171629e-01
 -1.7014564e+00
  2.1435599e-01
 -2.1438237e-01
  5.8213275e-02
 -4.5924231e-02
 -2.0195806e-02
 -6.5419161e-01
 -5.3027254e-01
  2.0655999e-01
  4.9955171e-02
 -1.6192950e-01
  6.4676277e-02
  9.1226771e-02
 -3.0116168e-01
 -2.4949268e-01
 -1.8939247e-02
 -1.8192002e-01
 -2.5317572e-02
  3.2566032e-01
  3.0371153e-01
  3.0108628e-01
  1.4913937e-01
 -1.3954613e-01
 -4.9195427e-02
 -1.5672088e-02
  1.4001392e-01
 -6.4043730e-01
 -1.7856683e+00
 -1.5572332e+00
 -1.3074480e-01
 -5.1057482e-01
  5.1220298e-01
  4.0952450e-01
  1.1298543e+00
  7.3424965e-01
 -1.3352831e-01
  2.9902193e-01
 -7.8297421e-02
  3.9122617e-01
 -3.1672004e-01
 -1.0581969e-01
 -1.3350822e-01
  5.5569648e-03
  1.1138189e+00
 -5.3333551e-02
 -8.1650817e-01
 -4.9081525e-01
  2.8785893e-01
 -5.2592987e-01
  6.7664340e-02
 -3.1865224e-01
  1.2859286e-01
  2.8926507e-01
 -2.3396951e-01
 -5.6882892e-02
 -1.4772980e-02
  3.6263502e-01
 -1.4066246e-01
 -3.2268572e-01
  1.6109205e+00
  6.9091946e-02
  1.1213280e-03
  1.1186142e-01
 -2.0007189e-01
  1.7428690e-01
  4.7667152e-01
  4.4736166e-02
 -5.1289711e-02
  4.0571611e-02
  4.6546933e-01
  5.2980956e-02
 -6.7803186e-01
  4.2977864e-01
  6.4797305e-02
 -3.6646014e-01
  3.5603601e-02
 -1.9073820e-01
 -1.2887842e-03
 -4.6521887e-01
  2.9619280e-01
  2.0254402e-01
 -1.2992115e-01
 -5.1877741e-02
 -7.1701050e-02
  1.1804541e+00
 -9.2626736e-02
  4.6609366e-01
 -1.3276526e-01
  1.0253186e-01
 -2.8786054e-01
  3.0548590e-01
 -1.8460033e-03
  8.6498372e-02
 -2.9310557e-01
  5.3379159e-02
 -2.4237154e-01
 -1.8019741e-02
  1.4943299e-01
  2.5612232e-01
 -4.7766653e-01
 -2.6236820e-01
  8.1926078e-01
 -3.1241961e-03
 -1.7594364e-01
 -2.4792826e-01
  5.3062297e-02
 -1.7769735e-01
 -1.3892852e-01
  1.1232853e-01
  2.3844439e-01
 -5.2949589e-01
 -2.0367874e-01
  5.2384359e-01
  1.4987638e+00
  9.9506401e-02
  2.4426986e-01
 -2.0168413e-01
 -3.2915077e-01
  7.0710801e-02
 -5.6992966e-01
  5.3871557e-02
 -1.7504595e-01
  1.3230650e-01
  5.0630670e-02
 -1.0594412e+00
 -2.1239658e-01
  1.1371859e+00
  7.0401229e-02
 -2.0114315e-01
 -6.4405274e-01
  3.0984033e-02
  4.4669747e-01
  3.7788255e+00
  2.3920787e-02
  4.6432608e-01
 -2.8731635e-01
 -5.3689909e-01
  4.7175986e-01
 -2.0434358e+00
 -4.2732410e-02
  4.3497965e-01
  1.3264449e-01
  1.7878708e-01
  2.0475328e+00
 -3.4840184e-01
  3.1105382e-02
  4.8257187e-01
  1.4225537e-01
 -2.3809266e-01
 -9.3360968e-02
 -1.1676919e-01
 -1.7392257e-01
 -1.3946536e+00
 -1.8766980e-01
 -1.3691919e-01
 -1.8966495e-01
 -3.1950820e-02
  8.7793416e-01
  1.9770120e-01
 -9.2264391e-02
 -1.7978700e-01
  4.3254426e-01
 -1.8793540e-01
 -4.0154192e-01
  1.1174574e-01
  1.4560714e-01
 -4.9760371e-01
 -1.1442593e-01
  2.0909613e-01
  8.6907558e-02
  3.7211174e-01
  4.1772075e-02
 -4.7688361e-02
 -1.8550988e-01
  1.1287153e-01
  1.1394729e-01
 -4.0037400e-01
 -6.6885702e-02
 -9.0907529e-02
 -3.4515992e-02
  1.4125055e-02
 -1.0073087e+00
 -3.3505172e-01
  1.7256841e-01
 -5.1414959e-02
  7.0386559e-02
 -1.2708306e-01
  1.1889016e-02
  2.4072191e-01
  3.6019780e-02
 -5.5016404e-01
  2.5559965e-01
  7.8219078e-02
 -9.0996408e-01
 -2.4294378e-01
 -2.9297274e-01
  4.7301676e-02
  2.9694942e-01
 -1.3218801e-01
  7.7851039e-01
 -1.9059405e+00
 -1.5050327e+00
  3.1720397e-01
  2.0941450e-01
 -4.1394413e-02
 -4.5373563e-02
  1.3789585e-01
 -3.1113559e-01
 -1.5512739e-01
 -2.5720134e-01
 -1.2448822e+00
 -7.0261717e-02
  1.8160883e+00
  3.2556927e-01
 -1.2386324e-01
 -8.6623049e-01
 -1.0546636e-01
 -9.9747396e-01
  5.5671465e-03
  1.2744554e-02
 -1.3770786e-01
  3.4947224e-02
 -1.9189572e+00
 -1.2925909e-01
  1.1268958e-01
 -6.0289953e-02
  1.2983327e-01
 -1.2281993e-01
  3.3966750e-01
 -4.4739085e-01
 -4.1664076e-01
 -4.3367371e-02
  1.1738461e-01
  8.2411766e-01
 -4.2614035e-02
 -1.5118857e-01
 -2.3963418e+00
  8.7678224e-02
 -3.3012918e-01
  6.3057506e-01
 -1.9427236e-02
  4.0298790e-02
 -1.5937192e-02
  2.2166674e-03
  6.6793621e-01
  6.8697435e-01
 -5.6998116e-01
 -2.4525024e-01
  9.6276648e-02
 -2.0854615e-01
 -9.5720547e-01
  2.1249834e-01
  1.2084822e-01
 -9.9873498e-02
  4.8800603e-02
 -3.5535565e-01
 -1.2152568e+00
  6.6312712e-01
 -4.9026665e-01
 -8.8334102e-03
  2.9565462e-01
  3.4147777e-02
 -1.1624125e-01
  2.1197757e-02
 -2.8413563e+00
  5.4549673e-03
 -6.2125199e-02
  4.6792424e-01
  2.0102841e-01
 -2.6096538e-01
 -7.6170671e-01
  2.9201278e-01
 -3.0958736e-02
 -2.5369808e-01
 -7.1423307e-02
 -1.1599583e-01
  5.5536258e-01
 -5.5334216e-01
 -4.7547218e-01
  1.0264254e+00
  1.7922270e-01
  1.3950570e-01
  1.1501686e-01
  2.1607687e-01
 -2.3018983e-01
 -9.4294794e-02
  2.0529397e-01
 -2.5401807e-01
  1.0384424e-01
  2.0211520e-02
 -7.0376259e-01
  3.0077221e-02
  3.7468672e-02
 -5.0197020e-02
 -1.8967625e-01
  9.5608406e-02
  6.0734427e-01
 -1.1673319e+00
 -6.9121408e-01
  4.8659490e-03
 -1.1603162e-01
 -1.8818492e-01
  4.0370387e-01
  6.6686356e-01
  1.5628625e+00
 -8.6036235e-02
  1.1413239e+00
  7.3599443e-02
  1.5033152e+00
  4.7335127e-01
 -5.0727588e-01
 -3.8536429e-02
 -2.1121726e+00
  1.9127555e-02
 -2.4169326e+00
  1.4815637e+00
  1.3759966e+00
  2.3527071e-01
  2.8777224e-01
 -2.6187515e-01
 -8.3748412e-01
 -1.0557369e+00
  8.7305546e-02
 -3.2364273e-01
  2.1653184e-01
  6.5353376e-01
 -2.8538901e-01
 -4.3331730e-01
  9.0659529e-02
  3.0546358e-01
  9.4238347e-01
 -1.0589669e+00
 -1.1136604e-01
  7.7662446e-02
  1.6443701e-01
  3.4115475e-02
  8.7613150e-02
  1.2340192e-01
 -7.8209959e-02
  7.4480665e-01
  2.7893135e-02
  1.5934077e-01
 -9.5915563e-02
  9.4063461e-02
 -1.2982408e+00
 -1.6776393e-01
 -4.4720811e-01
 -5.1971316e-01
  1.0468652e-01
  2.6397142e-01
  4.1492182e-01
  1.9194008e-01
  4.2038694e-01
 -1.3057700e-02
 -3.1008381e-01
 -1.6692707e-01
 -1.1445640e+00
 -4.6186456e-01
  8.4624326e-01
 -3.8391700e-01
  1.7906806e-01
  1.0090050e-01
  4.1654775e-01
 -1.6883421e-01
 -6.0752845e-01
 -9.6473521e-01
 -7.8455347e-01
 -8.1531167e-01
  8.0235434e-01
 -5.0865382e-02
 -5.4797822e-01
 -2.4910383e-01
  1.9099011e-01
 -3.8967600e-01
  2.2806098e-01
  1.5695919e-01
  6.5129685e-01
 -1.4104284e-01
 -5.1900518e-01
 -3.0582222e-01
  1.3849539e-01
  5.9869730e-01
  2.4639465e-01
 -1.1210317e-01
 -1.1770076e-01
  1.5922090e-01
  9.0177745e-02
 -2.1870155e+00
 -6.6099167e-02
  2.8513503e-01
  2.3843172e-01
 -1.3292915e-01
 -3.9702824e-01
 -6.5934443e-01
  1.5757485e-01
 -2.1005502e-01
 -5.4758410e-03
  3.7892649e-01
 -1.2838459e-01
  2.8784695e-01
 -1.9421199e-01
  1.1884044e-02
  3.2920641e-01
  4.9012309e-01
 -2.7195718e-02
 -2.1825655e-01
 -2.2965536e-02
  2.4285199e-01
  6.6618554e-02
 -8.6525553e-01
 -6.4759904e-01
 -7.1280658e-02
  3.1124306e-01
  2.4065579e-01
  9.0933315e-02
 -4.1857123e-01
 -1.3289078e-01
 -1.0474031e+00
 -6.3855596e-02
 -2.0003857e-01
 -4.9846470e-01
 -2.0939590e-01
 -4.6408793e-01
  3.0667356e-01
 -1.4629751e-01
 -4.1286099e-01
 -3.4369966e-01
  2.7709970e-01
  5.1877671e-01
 -5.0722075e-01
 -8.2727504e-01
 -2.1904724e-02
  5.0269514e-02
  6.6594601e-02
 -1.3437058e-01
  3.6790144e-01
 -4.2731518e-01
 -1.6113183e-01
  8.0047464e-01
  2.6393647e+00
 -2.5942428e+00
  3.9089003e-01
  3.2450780e-01
  2.6029873e+00
  1.1256406e-01
 -2.9931429e-01
  2.7904432e+00
  1.1793608e-01
  8.9240414e-01
 -3.2795361e-01
 -1.2219220e-01
 -3.4959430e-01
 -9.3283653e-02
 -2.7922341e-01
  2.2017086e-01
 -7.9292841e-02
  9.8548025e-01
 -3.4148112e-01
  1.5807775e+00
 -5.7777774e-01
 -5.6002508e-03
  9.0896122e-02
  4.4720194e-01
  6.2194880e-02
 -1.0274104e-01
  3.8778353e-01
  9.9473514e-02
  6.6850030e-01
 -1.7030177e-01
  3.0631375e-01
 -1.1142626e-01
 -1.3158640e-01
 -1.4274065e-01
 -2.0172204e-01
 -1.5614811e+00
 -2.6549497e-01
  2.7717373e-01
 -6.3968754e-01
  4.8728237e-01
  3.1221271e-02
  7.7200377e-01
  1.2187924e+00
 -1.0448627e-02
 -3.8963512e-01
  4.5078915e-01
 -4.0446940e-01
 -1.3238430e+00
 -3.3804792e-01
  1.8632926e-01
  2.3945008e-01
  9.9607125e-02
  7.5916702e-01
 -2.9304850e-01
  5.3718960e-01
  1.8774234e-01
  1.7010363e+00
 -3.2241084e-02
 -4.5772154e-02
 -1.1986772e+00
 -8.3435476e-02
 -7.5694251e-01
 -1.4407399e-01
  1.3636671e-01
 -1.2767550e+00
  4.0890072e-02
 -6.4515823e-01
 -2.9968855e-01
 -3.1939754e-01
 -2.0580411e-01
 -1.7959407e-01
 -5.3946382e-01
  1.8702140e+00
 -3.1337700e+00
 -5.0516587e-01
  6.4667180e-02
 -5.7580829e-01
  2.9515434e-02
 -2.1012862e+00
 -3.3896190e-01
  2.0975766e-01
  4.4584358e-01
 -1.2888036e+00
 -1.9433582e+00
  3.6237791e-01
  3.7929147e-01
 -1.2977770e-01
 -3.1810975e-01
 -4.9053741e-01
 -3.8838905e-01
  3.1899274e-03
 -8.0003822e-01
  1.9377729e-01
  1.1160407e-01
  2.1994497e-01
 -2.4899665e-01
 -2.9991913e-01
 -1.0284857e-01
  5.6057858e-01
 -5.1117461e-02
 -6.9490510e-01
  3.8557914e-01
 -1.1704233e-01
  9.0344526e-02
  9.6085988e-02
 -3.7876213e-01
 -7.8834879e-04
  7.7263512e-02
  9.7731255e-02
  1.9871472e-01
 -3.1144893e-01
 -2.7744725e-01
  1.3079415e-01
 -1.4758797e-01
 -7.6356226e-01
  2.0168150e-02
  3.5952261e-01
 -2.1057203e-01
 -5.9096932e-01
  5.1450491e-01
  1.5101126e-01
 -3.2901981e-01
 -5.8405716e-02
 -1.8711743e-01
  2.6154256e+00
 -5.3244848e-02
 -3.1071699e-01
 -5.8562934e-01
 -3.1395775e-01
 -3.5354774e-02
 -1.7720124e-01
  3.6676764e-01
  1.0076148e-01
  1.1974011e-01
  3.3400301e-02
  1.3854922e-01
  4.6453167e-02
 -2.4609131e-01
 -3.0612543e-01
 -6.7152709e-02
 -8.1946403e-02
  2.3752870e-01
 -1.7049904e-01
 -4.1250378e-02
  2.9704419e-01
  6.2696910e-01
 -1.9118923e-01
  3.7533560e-01
 -2.1366339e+00
  1.7861871e-02
  3.1039527e-01
 -2.3706013e-02
  8.7980372e-01
  8.9590025e-01
  8.5898870e-01
  2.6529462e+00
 -9.2634928e-01
 -4.9137777e-01
 -2.1783540e-01
 -8.7252319e-01
 -1.8635011e-01
 -1.6845770e-01
  3.7813850e-02
 -3.5547368e-02
  3.7057000e-01
 -5.5283224e-03
  8.7988295e-02
  1.0070333e+00
 -1.6014694e-01
  2.1984107e+00
 -3.4382787e-01
 -2.9066646e-01
  1.1303516e-01
  2.2483002e-01
 -2.9613297e-02
 -6.0760908e-02
  2.8887177e-01
  7.2529638e-01
  2.0076053e-01
 -3.1538582e+00
 -3.8568318e-01
 -4.0414062e-01
  1.8382679e-01
  1.9798155e-01
  8.1112593e-02
  2.0812589e-01
  2.7845153e-01
 -2.3507710e-01
 -7.9350956e-02
  9.9229351e-02
 -1.6351858e-01
 -1.4892331e-01
  3.1872943e-01
  6.2216401e-01
  1.6017660e-01
  2.2794362e-02
  3.4181052e-01
 -8.0459572e-02
 -3.7300169e-01
  1.6146064e-02
 -1.5504926e-01
 -4.4383518e-02
  8.8284820e-02
  4.8436556e-02
  2.8126669e-01
 -2.6027868e-02
 -3.5757318e-01
 -1.3703966e-01
 -7.6272160e-01
 -3.6293438e-01
 -1.0892535e+00
 -3.0695498e+00
 -6.5075654e-01
 -2.2149775e-03
 -1.9333445e-01
 -4.0292758e-01
  5.9557182e-01
 -1.8060571e+00
  9.2873737e-02
  3.5121813e-01
 -1.9202350e-01
 -4.7209105e-01
 -4.9324140e-01
 -5.2718204e-01
  2.5603354e-01
 -1.0975708e-03
 -3.8598040e-01
  2.7019516e-01
 -3.8442530e-02
 -2.6005525e-02
  3.4044805e-01
  5.2124155e-01
  4.2710397e-01
 -2.5242990e-01
 -5.8933467e-01
 -9.6920104e-04
  8.1534916e-01
 -2.2452104e-01
 -1.9634847e-01
  1.3062054e-01
  1.5579391e-01
  1.6471225e-01
 -5.3754157e-01
 -1.1889988e-02
 -1.1780944e-01
  1.1886227e-01
  4.9314913e-01
 -2.5495785e-01
  4.6128711e-01
  5.1249921e-01
  1.3912767e-01
  1.2906170e-01
  1.6319336e-01
  4.7492366e-02
 -8.3392754e-02
  9.1171294e-02
 -1.0585480e-01
 -7.1650773e-01
 -1.2115274e-01
  1.6933700e-01
 -5.3902602e-01
  2.3457805e-02
  2.2057548e-01
  7.7494361e-02
 -4.2689291e-01
 -2.1690679e+00
 -4.2036971e-01
  9.8483068e-01
  5.6590384e-01
 -4.9143460e-02
  2.5575295e-01
  6.1720389e-01
 -5.9282613e-01
  3.8714260e-02
  8.4812753e-02
 -8.5518256e-02
 -4.4341397e-01
 -1.9994204e-01
  2.1063489e-01
  2.3974049e-01
  3.4465557e-01
  1.7634134e-01
 -3.2406110e-01
  7.5349160e-02
 -3.0456612e-01
  1.3912401e-01
  9.7218126e-02
 -5.6880623e-02
 -6.4399773e-01
 -1.1414822e-01
  5.8656521e-02
 -1.5193896e-01
  1.4062349e-01
  2.6062727e-01
  1.0879586e-01
  8.9513190e-02
  2.1966329e-01
 -7.6800205e-02
  2.6254907e-01
  3.6179597e+00
  9.1768736e-03
  1.1439544e-01
 -7.7185076e-01
  7.6290078e-02
  6.3595819e-01
  8.5265256e-02
  6.4770430e-01
 -1.3378787e-01
  1.9155619e-03
 -5.1819658e-01
  2.4622887e-01
 -2.8014278e-01
  4.2585453e-01
  1.5486830e-01
  1.3555890e-02
  3.3939442e-01
  1.6557151e-01
  2.1162324e-01
  1.4774549e-02
  4.2540535e-01
  7.6200873e-01
 -8.0906105e-01
 -8.1594133e-01
  9.8771811e-01
  3.0390102e-01
 -2.2972235e-01
 -1.2535606e-01
  1.7420554e-01
  2.1826017e-01
 -3.2463852e-01
  4.3415976e-01
  4.0072482e-02
  9.7662300e-02
  2.3423347e-01
 -1.2770936e-01
  3.8346383e-01
 -3.6196935e-01
  4.3414403e-02
 -5.8961432e-02
 -1.3360447e-01
 -4.9809587e-01
 -3.9944869e-01
 -3.6413416e-01
  2.1946870e-01
 -5.1272128e-02
 -6.3686293e-01
  2.2675911e-01
  3.5532025e-01
  3.6909240e-01
  4.5259583e-01
 -3.4606639e-02
 -2.2743663e-02
  7.4006397e-01
  3.4889621e-01
  6.8432540e-01
 -3.0449396e-01
 -6.3391700e-02
  2.5239903e-01
  5.9815091e-01
  3.2309774e-02
  1.0012700e-01
  5.7265300e-01
  6.3138776e-02
 -1.3114091e-02
 -2.3091385e-01
 -2.2344665e-01
 -7.7392436e-03
  3.0428413e-01
  2.8825021e-01
 -1.8903862e-01
  7.8953885e-02
 -3.8426411e-01
 -4.2051548e-01
  3.5374063e-01
  3.3679357e-01
  3.5019256e-02
 -9.2488959e-02
 -4.1797125e-01
 -1.3407255e+00
 -1.8889172e+00
 -1.1258985e-01
 -5.7135522e-01
  1.7338645e+00
 -1.1637267e-01
  2.7350876e-01
  8.2877837e-02
 -2.7501810e-01
 -2.2097361e-01
 -1.6056490e-01
  1.4985876e-01
 -4.4893244e-01
 -2.8127766e-01
 -5.8818836e-02
  2.1064828e-01
  7.1535277e-01
 -1.3839531e-03
 -3.7879449e-01
  2.6975867e-01
  1.2046557e-01
 -1.0222292e-01
 -1.9784464e-01
  9.3116865e-02
 -6.4363265e-01
  1.5116088e-01
 -1.7461902e-02
  5.5694543e-02
 -5.1601690e-01
 -1.9914955e-01
  1.6501009e-01
 -4.8309471e-02
  1.3526501e-01
  1.4091758e-01
 -3.1565094e-01
  5.8550078e-01
 -9.0342760e-01
 -4.4670856e-01
 -5.3162217e-01
 -1.3649819e-02
  5.6630772e-01
 -7.5730704e-02
 -1.8415633e-01
  4.7254342e-01
 -1.0861229e-01
 -4.5728043e-01
  2.8859932e-02
 -6.5552622e-02
  1.0935310e-01
 -6.7702639e-01
 -2.5230208e-01
  1.5025533e+00
  1.4918914e-01
  1.5548453e-01
 -1.7980865e-01
  2.5588367e-02
  2.6856923e-01
  4.1353405e-01
 -4.7480687e-02
  1.2667854e-02
 -3.3127668e-01
  1.6071765e-01
  9.7933717e-02
 -1.5557645e-01
 -8.3473140e-01
  5.2724701e-01
  2.8506762e-01
 -3.6103311e-01
 -3.6505708e-01
 -1.5518610e-01
 -1.8458675e-01
 -3.2485607e-01
 -3.7578542e+00
 -8.6255059e-02
 -7.6838702e-02
  1.0966744e+00
 -1.0003162e-01
 -3.8151231e-01
 -3.8386937e-02
 -1.5658926e+00
 -2.1467226e+00
  7.1008928e-02
 -4.6463388e-01
  5.8430976e-01
  4.8104900e-01
 -1.0296364e-01
 -1.6801043e-01
  2.8085437e-02
 -3.9699256e-02
 -8.2429297e-02
  3.3889538e-01
 -1.8389267e-01
  1.8367197e-01
 -3.2915109e-01
 -2.5918949e-01
 -1.2319829e-01
 -1.5599830e-01
 -2.5907909e-03
  1.4825313e-01
 -7.8987819e-01
  2.5525352e-01
  4.5726892e-01
 -5.3262252e-01
 -7.9378557e-01
 -4.2527559e-01
 -1.2001848e+00
 -1.0812986e-01
  4.4814307e-02
  4.3923748e-01
  1.3049558e-01
  1.3055866e+00
 -6.3561514e-02
  1.7315891e-01
 -1.0367557e-01
 -8.2528666e-02
  4.6261791e-02
 -4.2479876e-01
 -1.1796670e-01
 -9.7792692e-02
 -1.4324012e-01
 -8.2232431e-02
 -4.1827291e-01
 -2.1865937e-01
 -2.2465156e-01
  9.8241068e-02
  6.3708115e-01
  1.7880931e-02
 -1.4776830e-01
  2.2141223e-01
  3.8983628e-02
  5.5474675e-01
  2.9587862e-01
  4.9646771e-01
 -7.7549122e-02
 -1.9068760e-01
  7.9109132e-02
 -2.8131372e-01
  1.7623232e-01
  5.5553329e-01
  3.1668428e-01
 -3.1748623e-02
  9.2095292e-01
 -1.0500442e-01
 -1.7175013e-01
 -4.7572672e-01
  5.4482952e-02
  1.2065022e-01
 -2.0541058e-01
 -3.7973970e-01
  2.8373069e-01
 -6.5095844e-03
 -2.3621995e+00
  1.6009854e-01
 -3.6452135e-01
  4.4561914e-01
 -4.7230658e-01
 -3.9169905e-03
 -3.6064970e-01
  1.9034590e-01
 -2.2001588e-01
 -1.9138642e-01
 -4.2559749e-01
  1.4160252e-01
 -2.3427771e-01
 -4.5362672e-01
 -3.1650013e-01
  9.6510902e-02
 -1.8578392e-01
 -1.4960413e-01
 -6.8848938e-02
  1.5683407e-01
 -5.7569343e-01
  2.0878649e-01
  1.4325729e-01
 -1.2338748e+00
  1.0538223e-01
 -2.9137754e-03
 -4.2818058e-02
  5.7434648e-02
 -6.5822139e-02
  1.6766135e-02
 -4.9629202e-01
 -4.4450527e-01
  3.5822836e-01
 -2.4299595e-01
 -1.3640453e-01
  2.7287316e-02
  3.3385821e-02
 -6.7270225e-01
 -1.8051995e-01
  4.4026837e-01
 -2.6107913e-01
  3.8351551e-02
  6.9882876e-01
 -1.3928057e-01
 -1.0555392e-01
  4.1018596e-01
 -1.0344923e+00
 -2.0033795e-01
  5.4004836e-01
 -2.0763485e+00
 -5.5948771e-03
 -1.8372972e-01
 -1.1962262e-01
  1.0921276e-01
 -1.1856709e+00
  8.3078831e-02
  5.4727767e-02
  5.8486909e-01
  1.8366814e-02
 -2.3739372e-01
  1.4221451e-01
  2.2353815e-01
 -2.3193787e-01
 -2.2176501e-01
 -3.8637325e-01
  6.1887145e-02
  2.5807497e-01
  2.1362960e+00
 -7.7549741e-02
 -5.1400822e-01
 -2.1145535e-01
  2.8005955e-01
 -1.7003497e-01
 -8.7371039e-01
  1.0188085e+00
 -6.1317995e-02
  3.4489799e-01
 -2.9974747e+00
 -1.1984064e-01
 -1.5481873e-01
 -2.3078823e-01
 -4.8455191e-01
  1.2121398e-01
  2.2481258e-01
  5.3228609e-02
 -2.6949653e-01
  3.3453456e-01
 -1.6127029e-01
 -1.3952419e-01
 -2.0929101e-01
 -6.8090938e-02
 -4.0532735e-01
 -1.8113123e-01
 -3.3167154e-01
  3.1648588e-01
  3.2582767e-02
 -3.8551964e-02
  2.3272505e-01
 -1.2944264e-02
 -3.4701684e-01
 -6.0728198e-01
  3.5696024e-01
 -1.4647206e-02
  9.8754533e-02
 -9.9743891e-01
 -3.6456399e-02
 -7.5959149e-03
 -2.5072071e-01
  3.0389696e-01
 -4.3389653e-03
  2.1643645e-01
 -1.2774833e-01
 -1.6396289e+00
 -2.4015561e-01
 -1.4564560e-01
  6.1321441e-02
 -6.5467632e-03
  4.6336822e-02
 -1.3801716e-01
 -6.1783951e-02
  1.2659165e-01
  1.5525824e+00
 -4.1625831e-01
 -1.9475551e-01
  1.0976179e+00
  1.8188679e-01
 -1.4780754e+00
  4.6768871e-01
 -1.3401034e-01
 -3.1000739e-01
  5.4741585e-01
 -2.3819739e-01
 -5.9935391e-01
  4.2857036e-01
 -2.6556005e+00
  9.3179122e-03
 -7.8441685e-01
  1.2977624e+00
 -6.2153929e-01
  7.9354025e-02
  4.8341206e-01
 -7.8901231e-01
  2.9446605e-01
  9.9926786e-03
  1.6911473e+00
  3.5713489e+00
 -1.6304137e+00
 -1.1505451e+00
 -4.0213603e-01
  1.3298850e-01
  2.7910274e-01
 -1.2107112e+00
 -3.3193859e-01
  2.3602960e-01
 -1.1098160e+00
  6.2679539e+00
  7.4643058e-01
 -3.0668843e-01
 -1.2005775e+00
 -1.1227174e+00
 -1.7029436e+00
 -1.6472289e-01
  2.3736200e+00
  5.0661194e-01
 -1.0460637e-01
  6.6368479e-01
  2.7055216e-01
 -9.7842652e-01
  2.4293019e-01
 -3.4659684e-01
  7.4002892e-01
  3.0880566e+00
 -4.4696315e-04
  1.8505628e-01
 -1.6484585e-01
  9.8602921e-02
 -9.9280268e-01
 -1.1860966e-01
  1.2314915e-01
 -1.1670056e-01
  3.8638178e-01
  8.4654468e-01
 -2.2759365e-01
  7.4679554e-01
  6.7481282e-03
 -1.6923510e+00
 -1.8084146e-01
 -1.6896749e-01
  1.1460086e-01
  6.5400058e-01
 -4.3420202e-01
  9.7284502e-01
  1.0881637e+00
  7.0622109e-02
 -6.5367065e-02
  1.7832944e-01
  1.0772971e-01
  8.5298520e-01
 -7.9687469e-02
 -1.1719263e-01
  4.1580921e-01
  5.8071543e-03
 -1.4192253e-01
 -1.3216282e-01
  3.9899805e-01
  6.0816365e-01
 -7.3701002e-02
  2.2378738e-01
 -3.2421179e-02
  1.3618498e+00
 -2.5015277e-01
  9.8368295e-02
 -3.0066982e-01
 -4.2935964e-01
 -3.4169757e-01
  2.1830520e-01
  5.2618396e-01
  1.3844596e-01
  1.6638446e-01
 -7.2885817e-01
 -5.4742664e-01
 -4.5900372e-01
 -5.9395516e-01
 -1.5469782e-01
 -5.0990862e-01
 -1.5179370e-01
  5.2595893e-03
 -7.7334158e-02
  1.4309892e-01
  2.1367604e-01
  1.1992869e-01
 -3.8748547e-01
  2.9222745e-01
  1.9027572e+00
 -3.4454659e-02
 -1.8772267e-01
  1.8204140e-02
 -2.9957697e-01
 -1.6790214e-01
  3.4538525e-01
  1.8805647e-01
 -2.0498067e-01
 -1.0895826e-01
  1.4949869e-01
  1.9058867e-01
 -3.8900316e-02
 -7.7318442e-01
  5.3374033e-02
  4.5080173e-01
  9.6232247e-01
 -2.2347969e-01
 -2.7868921e-01
  3.5509458e-01
  1.6929250e-02
 -4.0440762e-01
  1.0949820e-01
  2.3477878e-01
 -1.5688278e-01
  7.3889732e-02
  3.6820015e-01
 -1.9465860e-02
 -4.5441532e-01
 -1.0553514e-01
 -2.1859132e-02
  2.5284851e-01
 -3.5091091e-02
 -3.7783884e-02
  4.7805980e-02
 -1.4359644e-01
 -5.9293038e-01
  8.3632457e-01
 -1.1654074e-01
  1.7852221e-02
 -1.9169030e-01
 -2.4355969e-01
  2.9984263e-01
 -2.0472625e-01
  1.1467397e+00
  1.9744693e-01
 -3.5006091e-01
 -6.1323922e-02
  9.5545873e-03
 -1.1601245e-01
  3.5433460e-02
  4.9746737e-01
 -3.4898421e-01
 -2.5135070e-01
  9.6663021e-02
  2.2402547e-01
 -1.1979226e+00
  4.2012191e-01
 -5.4478958e-02
 -8.7975170e-03
 -7.5791455e-03
  1.1590297e-01
  1.8283922e-03
  2.4986714e-02
 -1.0380486e+00
 -3.1368796e-02
  5.7951397e-01
  9.8983213e-02
  1.0713861e-01
  8.6738348e-02
 -8.7940735e-01
 -1.3911839e+00
  5.0077131e-03
  2.3967876e-01
 -1.0624737e-01
  2.5757277e-01
 -1.5538169e-01
  9.4157808e-02
  1.4501040e+00
 -2.4615435e-02
  1.2187058e-01
  3.1942567e-01
 -5.8186352e-01
  4.0090296e-01
 -4.4963062e-01
  1.0116064e-01
 -5.2756840e-01
  1.3531103e-02
 -6.1405414e-01
  2.4721295e-02
  1.7763647e-01
 -3.0745932e-01
 -1.3125755e-01
 -1.3754308e-01
  8.4974565e-02
 -9.1362429e-01
  3.5379601e-01
 -2.1274002e+00
 -5.5603272e-01
  2.2410776e-01
 -1.9111267e+00
 -3.2409266e-01
  2.0059307e+00
  2.4269814e+00
  9.0120159e-02
  2.1172960e-01
 -4.3485731e-02
  2.5099015e-01
 -8.7153018e-02
 -2.4236733e-01
 -2.5913557e-01
 -6.2893167e-02
 -1.8508247e-01
 -2.1028046e-01
  8.2689106e-02
 -6.0982752e-01
 -2.5234026e-01
 -8.3405590e-01
  7.2432953e-01
  9.3270149e-03
  4.9254385e-01
  3.9874128e-01
  6.7267704e-01
  3.0017269e-01
  6.1440486e-01
 -4.7769728e-01
  1.4676321e-01
  8.5258645e-01
 -2.8663201e+00
 -1.1071156e-02
 -1.0372249e-01
  3.1725189e-01
 -3.0929136e-01
  1.2562624e-01
  7.7348731e-02
  4.2215895e-02
 -6.7909414e-01
 -3.5080332e-01
 -2.9798621e-01
 -9.0137255e-01
 -8.2985246e-01
  6.6962793e-02
 -1.2201027e+00
 -9.9081987e-01
 -1.3448688e-01
 -2.7444300e-01
  4.3406811e-01
 -2.0683587e-01
  4.6860132e-01
  4.9064547e-02
 -5.0510786e-02
 -1.7131755e-01
  1.5768650e+00
  3.0390564e-01
  3.9044806e-01
  7.6366588e-02
 -8.6480635e-01
 -3.9414340e-01
  6.1591434e-01
  2.8255296e-01
  3.1625783e-01
 -3.5015449e-02
 -6.2636435e-01
  2.3383603e+00
  3.7510026e-01
 -5.5259025e-01
  4.9245226e-01
  1.2956989e+00
 -2.9973116e-02
  2.8874508e-01
  1.3846473e-01
 -8.0325752e-02
 -3.4987804e-01
 -2.9167509e-01
 -1.1783444e-01
 -7.1791768e-02
  6.5863961e-01
 -1.1411545e+00
  2.9839131e-01
 -8.4386766e-01
 -2.0665588e+00
  2.4289615e-02
  5.1671213e-01
 -3.0701021e-02
  5.1814619e-02
  3.3740404e-01
 -3.3273253e-01
  1.9975954e-01
  2.8337023e-01
 -8.1243291e-02
 -3.7871906e-01
 -5.3048354e-01
  3.7943712e-01
  8.4597990e-02
  6.2736966e-02
 -2.8347658e-02
  3.4342617e-01
  3.5352924e-01
 -1.0841632e-02
  2.1884054e-01
 -1.3919219e-01
 -8.1227165e-01
  3.5720426e-01
  1.9631758e-01
 -8.0128806e-03
 -3.1871101e-01
  6.1542972e-04
  2.0051853e-01
 -1.7623110e-02
 -1.4345881e+00
 -1.8453870e-02
 -2.3257583e-01
 -3.4131876e-01
 -9.9053301e-02
  6.6918528e-01
 -4.4025980e-02
 -1.3355374e-01
  9.9638015e-02
  1.6241857e-01
  2.0153420e-02
  2.8190849e-02
 -7.3635787e-01
 -4.9571421e-02
 -5.3479218e-01
 -4.0137494e-01
 -4.8655468e-01
  3.2060859e-01
 -8.4132731e-02
  3.3770844e-02
 -5.1205188e-01
 -4.6159872e-01
 -2.5157136e-01
  2.1952071e+00
 -5.5129871e-02
  1.4135316e-01
  9.1284221e-01
 -3.1992713e-01
 -7.8274839e-02
  2.6451290e-01
 -1.3808592e-01
  1.5112050e-02
 -9.6083570e-01
 -4.7599080e-01
 -9.0887643e-02
  2.0075665e-01
  8.6674768e-01
  3.1790619e+00
  4.9310017e-01
  2.1920508e-01
 -5.1377326e-01
  2.7860390e-02
  1.2854100e+00
 -6.1694194e-02
  8.3919995e-02
 -6.3341237e-03
 -2.0853068e-01
  1.1967946e-01
  2.9310024e-01
  2.1180101e-02
  2.7752501e-01
 -6.9162667e-02
  1.1935838e-02
 -1.5032214e-02
 -1.8516903e-01
  1.6139001e-01
  4.0884149e-01
 -2.1278149e-01
  2.7837913e+00
  8.9331657e-01
  5.1984034e-02
  1.1192034e-01
  5.8149427e-02
  4.0819135e-01
  4.9382102e-01
 -3.0336440e-01
  1.4089593e-01
  3.3801526e-01
  1.0512719e-01
  1.8129924e-01
 -4.9630675e-02
 -1.1287586e-01
 -1.8328525e-01
  1.6802920e-01
 -1.7504388e+00
 -3.3382809e-01
  2.6208489e+00
  1.1384324e-02
 -8.1428045e-01
 -1.8679596e+00
  3.9600262e-01
  4.7735818e-02
  3.4229520e-01
  5.9389483e-02
 -8.6961940e-02
  9.0883873e-02
  3.9577389e-01
  2.5521446e-02
  1.8324982e-01
  3.0696505e-01
 -2.1112882e-01
 -2.1880053e-02
  1.7593817e-01
 -9.3063951e-02
 -1.6251771e-02
 -2.9405311e-01
  2.6902160e-01
  2.1547045e-01
 -2.4010324e-01
  7.6733321e-02
 -1.3764417e-01
 -8.2117930e-02
 -7.5239867e-02
  1.7760200e-02
 -3.0995819e-01
  2.2313672e-01
 -8.6202049e-01
  1.9533250e-01
 -1.0390760e-01
 -5.0814122e-01
  2.3360236e-01
 -8.1784382e-02
  6.6727377e-02
  3.7794501e-02
 -2.1784309e-01
  4.1815078e-01
  1.5245600e-01
 -1.5082534e-01
  1.1449751e-01
 -4.8268998e-01
  1.2963746e-01
  4.9059396e-03
 -1.7837282e-01
  5.4190427e-02
 -1.6298454e-01
 -4.4539478e-02
 -4.3052265e-01
 -2.3797506e-02
  2.6872972e-01
 -5.0849762e-02
 -1.3142841e+00
 -2.3647942e-01
  1.2231226e-01
 -1.4345026e-01
 -1.0444648e+00
 -3.9519647e-01
 -1.0532649e+00
 -6.9647998e-01
 -8.1873439e-02
  3.3261034e-01
 -4.9113277e-01
 -4.6567553e-01
  2.5895879e-01
 -7.4765098e-01
 -2.3005094e-01
  5.2658468e-01
  4.0140259e-01
 -9.3992281e-01
  7.9352480e-01
  6.8737924e-02
  4.3284975e-02
  1.1973546e-01
  1.7681426e-01
  8.0720103e-01
  3.4727365e-02
 -6.5860197e-02
 -1.0485317e-01
 -4.2548218e-01
  3.1611356e-01
  1.0444833e-01
 -1.4286840e+00
  7.3204199e-03
  6.0057598e-01
 -3.3771130e-01
 -7.0666206e-01
  6.9881040e-01
  1.1245031e+00
 -2.2727770e-01
 -7.1137041e-01
 -2.1711614e-02
  2.0356016e+00
 -6.2050784e-01
 -3.3559054e-01
  1.0087862e-01
 -8.0345041e-01
 -1.7984015e+00
 -3.0222410e-01
  1.5820100e+00
  8.0546355e-01
  5.3079772e-01
 -2.9559222e-03
  1.1016279e+00
 -1.5420852e+00
 -4.0402159e-02
 -8.4571236e-01
  5.9397399e-01
  1.0808063e-01
  1.2779773e+00
 -2.7503965e+00
 -1.7122324e+00
  5.3510779e-01
 -3.1630775e-01
 -1.1810118e-02
 -1.3122563e-01
  1.9566140e+00
  4.5234233e-01
 -1.2748265e+00
 -3.6692652e-01
  1.1777283e+00
  8.2936794e-02
 -1.2474653e+00
  1.9256291e-01
  4.0226791e-02
 -2.0290601e+00
 -7.1320522e-01
 -1.5656139e-01
  1.0561973e+00
 -1.6169289e-01
  1.9423834e+00
 -8.3977920e-01
  6.6484533e-02
  1.1851300e-01
 -8.9545012e-01
  5.8015656e-01
  4.8340571e-01
  2.0186453e-01
 -5.7135552e-02
  5.3480983e-02
  1.4361240e-01
 -3.4366674e+00
  6.1549884e-01
 -4.3899968e-01
  2.7306337e+00
  1.2965249e+00
 -2.3471501e+00
 -1.4239484e-01
  1.1970736e+00
  9.0850765e-01
  7.1992373e-01
 -6.6934878e-01
  2.1033232e-01
  1.3268557e+00
 -6.1743490e-02
  3.5547756e-02
 -4.3392819e-01
 -1.5493777e-01
 -1.3941018e-02
  2.4377904e+00
  1.9096984e-01
 -1.7954323e+00
  8.5390443e-03
  1.0915480e+00
 -7.7749461e-01
  2.5740194e+00
  3.8374776e-01
  2.0974185e+00
 -2.3398450e-01
  9.9997431e-01
 -3.0331451e-01
 -8.5757637e-01
 -2.5893405e-01
 -2.0446055e+00
 -5.2647889e-01
  3.8614178e-01
  1.8420069e+00
  1.8861623e+00
  1.8703548e-02
 -9.3121403e-01
  2.7947754e-01
 -2.4429522e-02
 -5.4660026e-02
  3.3456194e-01
 -2.3820862e-01
  6.9097906e-02
  4.7031227e-01
  1.0541679e-01
 -4.4805661e-01
  6.6254534e-02
  8.9297527e-01
 -7.5164162e-02
 -2.6073989e-01
 -5.6051374e-03
 -6.0118234e-01
 -3.7249647e-02
  3.4340173e-01
  2.8746771e-02
  1.0908282e-01
 -1.1896527e-01
  4.7051370e-02
  1.8681750e-02
 -2.1238889e-01
 -5.8078121e-02
  1.9429438e-02
 -6.3049816e-02
  1.2289146e-01
  2.7308226e-01
  9.9358672e-01
 -1.8637893e-01
  2.5132981e-01
  2.0129904e-01
 -4.9411301e-03
  3.2904142e-01
  9.4833159e-01
  9.8973416e-02
  2.3755510e-01
  2.7665469e-01
 -5.8967844e-02
  1.9249183e-01
 -1.8562777e-01
 -1.2850976e+00
  5.0863896e-02
 -4.6640331e-01
  3.0042633e-01
  2.1350667e-01
 -2.4656689e-01
 -4.6292871e-01
 -4.2947492e-01
  3.8326893e-02
  3.5730548e+00
 -3.3072969e-01
 -3.4357232e-01
  1.2968752e-01
  7.8030221e-02
 -7.0037665e-03
  4.1260455e-02
 -2.6647530e-02
 -3.6959249e-01
  5.8355057e-01
  1.8840270e-01
  1.8279791e-02
 -2.6381415e-01
  1.8669942e-01
 -4.9105021e-01
  8.2716875e-02
 -3.6936548e-02
 -3.1138925e-02
  2.8012398e-01
 -1.7006137e+00
 -7.2712265e-02
 -1.7081358e-01
  3.4521177e-01
  3.2039675e-01
 -2.1872729e-01
 -3.7554559e-01
  3.8316998e-01
  3.7882781e-01
  3.0324396e-02
 -3.8749534e-01
  1.6125799e+00
 -2.8222883e-01
 -1.0544857e-01
  1.4905401e-01
  3.5163034e-02
 -5.3049940e-01
 -5.7194628e-02
  2.8178188e-01
 -4.2178607e-01
  1.9916648e-01
  6.2598102e-02
  1.3531248e-01
  4.0747322e-02
  4.5523021e-01
 -2.9259610e-01
  3.4242272e-02
  1.7810475e-02
  1.1098822e+00
 -1.0150219e-01
 -2.7016023e-01
  7.6009458e-01
 -2.2611517e-01
  2.6134449e-01
  8.7392263e-02
 -5.9501922e-01
  6.4782232e-02
  2.3369123e-01
  3.6465698e-01
  5.6591962e-02
  1.4469021e-02
 -2.8093359e+00
  9.6005559e-02
 -1.4402452e-01
  6.0539418e-01
 -1.5651734e-01
  3.8498005e-01
  4.1985196e-01
  2.1802771e+00
 -1.3858281e-01
  5.7112962e-01
  2.7409640e-01
  4.5237753e-01
  2.5160226e-01
 -7.3120451e-01
  3.1804171e-01
 -2.5264192e-01
  6.6688202e-02
 -1.0019111e-02
 -2.0143222e-02
  3.6962676e-01
  2.9594088e-02
  3.9692354e-04
  3.5617745e+00
 -2.0013192e+00
 -2.2683559e-02
  2.9203180e-02
  3.1713215e-01
 -5.2535617e-01
 -7.9685584e-02
 -4.3338843e-02
 -1.5233323e-01
 -2.9698783e-01
 -1.3914238e-01
  7.9393482e-01
 -3.6386365e-01
 -5.7098810e-02
  4.4224381e-01
 -3.8495174e-01
 -9.5165655e-02
  1.5986678e-01
  1.8152246e-01
  4.1853964e-01
 -1.7342246e-01
  2.0398926e-02
 -4.6421114e-01
  8.0419937e-03
 -7.8997725e-01
 -3.0549755e+00
  1.1020862e-01
  2.1930517e-01
  3.7083036e-01
 -5.4119372e-01
 -2.6117775e-01
 -1.4143026e+00
 -6.8966877e-01
  9.4568962e-01
  3.3126768e-01
 -1.0670241e+00
 -1.4761449e-01
  2.8657991e-02
 -1.8717537e+00
 -2.2527380e-01
  1.7066728e-01
  2.8886467e-01
 -2.6112869e-01
 -1.8031915e-01
 -6.6741860e-01
  7.4543828e-01
 -6.4707674e-02
 -2.3624495e-01
  1.9114093e-01
  8.5810232e-01
  1.8003044e-01
  4.0995821e-01
  3.1754095e-02
 -5.0539855e-02
  2.9583496e-01
 -6.5946686e-01
 -5.0851535e-02
 -1.1241182e+00
  3.4352741e-01
 -1.1085645e-01
  1.4341410e-01
  2.4538115e-01
  3.3545244e-02
  6.8237521e-02
  2.3413649e-01
  6.9741315e-01
  7.8126955e-01
  2.6910704e-01
  4.2802271e-01
  5.8676755e-01
  3.9048657e-01
 -2.9064178e-02
 -7.8550380e-01
  5.5864638e-01
 -7.8680068e-01
  4.2606726e-01
 -2.5848797e-01
  4.5115251e-02
  4.9687165e-01
 -1.0244776e-01
  5.2324973e-02
  2.3981622e-01
 -4.0240744e-01
 -6.6106528e-02
  1.1510270e-01
 -5.0571516e-02
  5.0395292e-01
 -2.7236702e-02
  2.4078920e-01
 -8.3433247e-01
  5.5178519e-02
 -8.6466575e-01
 -6.9320933e-03
 -7.4676937e-01
 -2.6533544e-01
  1.9659195e-02
 -3.0417824e-01
 -2.2164796e-01
 -2.1503437e-01
 -3.0627655e-02
  8.5356295e-01
  2.5877166e-01
 -8.3484985e-02
 -2.4223368e-01
 -1.3835940e-01
 -4.3419078e-02
 -1.8726362e-01
  4.5167886e-02
  6.0084220e-02
  2.9578347e-02
  3.8011077e-01
 -1.2945747e-01
  4.7721842e-01
 -1.2138447e-01
  2.5565735e-01
 -1.5135998e-01
 -1.3321784e+00
  7.6499581e-03
 -1.5998702e-01
 -2.1901332e-01
 -1.8507972e-01
  1.0692877e+00
  1.4164758e-01
  1.6258550e-01
 -5.1616404e-02
  1.8042968e-01
 -3.8868446e-02
  5.0317532e-01
  2.1346619e-02
  5.3024137e-01
  7.5232905e-01
 -4.3540648e-01
  2.3556713e-03
 -2.0703465e-01
 -4.3254919e-02
  4.4754890e-01
  7.9989082e-01
  6.8847992e-02
 -3.6227997e-02
  2.2848567e-02
 -1.9629960e-01
  5.6046027e-01
 -7.8565395e-03
 -2.2931747e+00
 -4.2690212e-01
 -3.0891213e-01
 -3.0663133e-01
 -1.2596335e-01
  2.2922239e-01
 -4.8031602e-02
  1.7770665e-02
  1.3303188e+00
 -3.9449984e-01
  7.8970477e-02
 -3.5150608e-01
  1.1123513e-03
  7.7201009e-01
  6.4729787e-02
  2.5533962e-01
  2.0368695e-02
  6.0295844e-01
  4.4786021e-02
  8.5089244e-02
  2.0913304e-01
  9.7409084e-02
  4.8440742e-01
 -5.3641684e-02
 -1.1103214e+00
 -1.0152305e+00
  1.5865080e-01
 -3.5471293e-01
  4.1577697e-02
 -5.5990678e-01
  7.3158748e-02
  1.0378080e-01
  6.9895200e-03
  3.1510264e-01
  4.4232157e-01
 -2.1076478e-01
 -1.0089486e-01
  6.8096675e-02
  1.4810725e+00
 -2.0497634e-01
 -2.0097141e-01
 -3.8751433e+00
  2.2416948e-01
 -3.4498510e-01
  5.4222494e-01
 -2.8919998e-01
  7.9198503e-01
  1.0644171e-01
  1.8743026e-01
 -4.9266748e-02
 -3.7533443e-02
  2.9736271e-02
 -7.1372926e-02
 -3.4056845e-01
  1.4324217e-01
 -4.8384562e-01
 -2.4091160e+00
  2.2798652e-02
 -3.3621177e-01
 -4.0053517e-01
  1.5712611e-01
  3.4667477e-02
 -1.3050437e-01
 -2.8165108e-01
 -5.5292282e-02
  2.9350951e-01
 -4.2024436e+00
  1.1439764e-01
 -2.2734161e-01
  2.4099623e-01
 -4.5709020e-01
 -1.5446559e-02
 -4.7849976e-02
 -2.1818276e-02
  1.9603880e-01
  2.1656318e-01
 -6.1059754e-02
  3.9200634e-01
 -3.9120607e-02
 -2.8710801e-02
 -1.2965908e+00
  2.8602070e-01
  2.2064868e-01
 -6.1626341e-02
 -1.0807948e-01
 -1.0887010e-01
  1.2246910e+00
 -5.8848280e-01
 -2.6010537e-01
  6.5436391e-03
  4.4985935e-01
 -3.9096206e-02
 -1.4563518e-02
  2.3084767e-01
  1.8883289e-01
  1.8952094e-01
 -9.5035154e-01
 -1.2985764e-01
  2.4404931e+00
  3.2747865e-01
 -4.4798270e-01
 -3.5600004e-01
  2.9938802e-01
 -3.5315480e-02
 -1.0856264e-01
 -6.0643750e-01
  5.5322981e-01
 -2.1675369e-01
 -8.7880202e-02
  1.1168706e-01
 -8.0536616e-01
 -5.7652301e-01
  9.6740550e-01
  4.3343687e-01
  2.1724606e-01
 -8.5661210e-02
 -7.6298010e-01
  1.4586501e-01
 -4.1170880e-02
  7.3293753e-02
  1.8398546e-01
  5.2695674e-01
  3.9321980e-01
  8.6693835e-01
 -3.4557492e-01
  3.1208815e-03
  4.3654394e-01
 -9.6528774e-01
 -6.0920578e-01
  8.6479232e-02
 -1.9266044e-01
 -9.5647079e-01
 -7.3806070e-02
  7.6772147e-03
 -3.3457169e-01
  1.7588036e-01
 -7.7099428e-02
  4.2749658e-01
  3.7646422e-01
  1.7416613e-01
 -4.8948991e-01
 -1.0588286e-01
  7.6924342e-01
  1.7433611e-01
  1.7350945e-01
 -1.4040002e-01
  5.5825591e-01
  3.8207075e-01
 -8.9405799e-01
 -4.7788143e-01
 -3.9548618e-01
  1.0717436e+00
 -3.3239752e-01
  9.7100490e-01
  4.7310388e-01
 -1.5409455e-01
  2.8241801e-01
 -1.1280406e-01
 -4.5976028e-02
  3.4063298e-01
 -1.0973995e-01
 -8.7889665e-01
 -9.0210748e-01
  1.4552617e-02
 -1.2048135e-01
  4.2648184e-01
 -1.4069328e-01
  2.1464870e+00
 -2.3311266e-01
  9.1369873e-01
 -6.4225748e-02
 -8.1429392e-01
  2.5647825e-01
 -3.6044858e-02
  7.9138333e-01
 -1.6117433e-01
  3.9681140e-01
  2.8040904e-01
  4.4183171e-01
 -1.0738347e-01
 -2.0469997e-02
  1.9465259e-01
 -3.2303783e-01
 -6.9860153e-02
 -2.4324493e+00
 -4.3979010e-01
 -1.2848068e+00
  3.5108332e-02
 -3.4828502e-01
  1.0264877e-02
  5.1658634e-02
 -2.0500894e+00
 -5.4681331e-01
  3.0032924e-01
  9.3432575e-02
  2.5621131e-01
 -2.9930514e-01
 -1.7301291e-02
  1.1802156e+00
 -5.3591777e-02
  6.3505340e-01
 -2.3185659e-02
 -1.4407375e-01
 -4.0309463e-02
 -8.6963218e-01
  5.3510755e-01
 -6.8625712e-01
  7.6098323e-01
 -4.9548175e-02
 -8.5463017e-01
  2.8430876e-01
 -8.8346913e-02
  2.7066129e-01
  1.0646087e+00
  4.0683737e-01
  3.2910851e-01
 -1.2549867e-01
  3.6551979e-01
 -3.0762741e-02
  7.8926826e-01
 -2.6870528e-01
 -4.8385553e-02
  1.0510697e+00
  3.3636281e-01
  7.4538749e-01
  8.9651100e-02
 -3.6978853e-01
 -1.9866852e-01
 -5.1288950e-01
  3.8290288e-02
 -3.0418637e-01
  5.1294208e-01
 -4.5329705e-01
 -3.2840925e-01
 -4.4718102e-01
  7.0570964e-01
 -1.6532537e-01
  2.7606088e-01
  3.3355352e-01
 -1.8116289e-01
 -1.0004662e-02
 -1.9863732e-01
  4.3591487e-01
  9.4595380e-02
  9.4231963e-02
 -5.5197084e-01
 -5.1556015e-01
  3.1054419e-01
 -5.2521449e-01
  1.0105439e-01
 -5.4304266e-01
  1.9892655e-01
 -1.1256798e-01
 -2.3500013e-01
 -8.7715954e-01
 -7.8743622e-02
  2.2697551e+00
 -9.7644530e-02
  1.7990492e-01
  1.4264036e+00
  2.6046729e-01
  3.1951165e-01
 -9.3806937e-02
 -2.0895073e-01
  1.6985457e-01
 -1.1891073e-01
  2.5427481e-03
 -4.1522525e-02
 -2.0026200e-01
  9.1931082e-02
 -3.3849347e-01
  2.6577342e-01
  6.7486092e-02
  6.2375627e-02
 -6.4679325e-01
  3.2551384e-01
  5.5274510e-01
 -6.0796708e-02
 -3.0278018e-01
  8.4463274e-01
  1.0104897e+00
 -2.2403071e+00
  7.4628061e-01
  3.9066422e-01
 -6.1347079e-01
  8.9529890e-01
  1.1065719e+00
  2.1616675e-01
  3.3063507e-01
  3.6065597e-02
  2.2967990e-01
  3.4139674e-02
 -2.8140408e-01
 -1.8733464e-01
 -5.2811629e-01
 -1.3709500e-01
  2.2257222e-02
  2.5133842e-01
 -3.8614178e-01
 -1.5187620e-01
 -2.2516181e-01
 -1.7985384e-01
  2.5590232e-01
  3.8871199e-01
  4.0387687e-01
  3.8114518e-01
 -4.1837728e-01
 -4.1662824e-01
 -1.3568205e-02
 -7.0755914e-02
 -8.1226557e-02
  2.8271279e-01
  6.3685298e-01
 -3.2359546e-01
  6.3096029e-01
  3.3229527e-01
 -1.2583761e-01
 -3.0365276e-01
  2.2076160e-01
  2.8485698e-01
 -1.5928532e-01
  5.0139129e-01
  5.1352072e-01
 -1.2528766e+00
  1.9914882e-01
  2.3028369e-01
  1.0555976e-01
  1.4267286e+00
  2.3880114e-01
  2.6802361e-01
 -2.9452708e-01
 -1.6639473e-01
  3.9875966e-01
 -1.6285639e-01
  2.4608560e-01
  1.1285167e+00
 -6.7556314e-02
 -1.1419476e+00
  5.8200109e-01
  1.6430780e+00
  8.5923141e-01
  2.7694216e-01
 -1.5182669e-01
  1.0223374e+00
  5.4277994e-02
 -1.0900059e-01
 -1.9667885e-01
 -6.3630265e-01
 -1.8039802e-01
 -3.8539532e-01
 -2.3231485e+00
 -5.0267279e-01
 -1.3068904e-01
  3.8534272e-02
 -2.2966242e+00
 -2.0664701e-02
 -3.7533265e-01
 -3.1521581e-02
 -3.3755988e-01
 -2.2050377e-03
 -2.5150461e-02
  7.7220297e-01
 -2.0569830e-01
 -5.7326827e-02
 -4.8266616e-02
  2.1088043e-01
  2.1771852e-02
  1.0745092e-01
 -1.3731900e-02
  6.1386935e-02
  3.3208495e-01
  2.7137724e-01
 -5.0804466e-01
 -1.8100572e+00
  1.9634783e-01
 -1.3271664e-01
  2.3854783e-01
  4.7443628e-01
  1.1663141e-01
 -8.0264795e-01
 -1.9751063e-01
  2.4754630e-02
 -7.9470557e-01
 -5.1661342e-01
  7.2812414e-01
  4.0880121e-02
 -1.2142547e-01
  2.2663596e-01
 -5.5061167e-01
 -7.3302656e-02
 -3.1314844e-01
  1.0650682e+00
 -1.1511592e+00
 -1.3572375e-01
  8.4506862e-02
 -3.2101196e-01
 -4.1233819e-02
  2.4108531e-01
 -4.6342188e-01
 -8.6382486e-02
  2.0981932e-02
 -4.5472303e-01
  1.6257088e+00
  6.7980671e-03
  9.5173575e-02
  7.5023472e-02
 -1.4735281e+00
 -4.7021297e-01
  9.5528618e-02
  2.5216880e+00
  4.5308018e-01
  6.1323923e-01
  8.9215553e-01
  6.4682257e-01
 -3.3835500e-01
 -1.3332266e-01
  1.2136146e-01
  2.6297754e-01
 -5.3746987e-02
 -2.7387294e-01
 -1.7749830e-01
 -3.5610095e-01
 -5.8393925e-01
  6.0574853e-01
 -1.2410508e+00
 -2.6187617e-01
 -1.3710745e-02
 -1.1101215e-01
  3.5770252e-01
  6.7049015e-01
  1.4271888e-01
  3.1559777e-01
 -1.9120213e-01
  3.1468591e-01
  7.8755192e-02
  1.0723100e+00
 -1.2329463e-01
 -3.6904201e-02
 -6.6066407e-02
 -7.5694436e-01
 -8.9466155e-02
  2.8278998e-01
  1.8819903e-01
  7.0762611e-03
  2.1726808e-01
  8.1775242e-01
 -3.8009611e-01
 -1.1442407e+00
  1.2477710e+00
  1.5214269e+00
 -1.2264897e+00
 -5.6804365e-01
 -2.0674655e+00
  6.1235743e+00
 -6.2572145e-01
 -1.9893603e-01
 -6.5211818e-02
 -1.6578178e-01
 -5.4033067e-02
 -1.9473442e+00
 -6.1661799e-02
  1.2566825e+00
  5.1536286e-01
 -3.1049656e-02
  1.2136836e-02
  7.0164949e-01
  6.5660906e-01
  5.4216295e-01
 -9.5360029e-01
  8.5669369e-01
 -1.4867873e-02
 -2.0426765e-02
 -5.5941790e-01
  7.7613568e-01
  1.6329318e+00
 -1.3046481e-01
 -5.0753790e-01
 -6.6089171e-01
  8.7283528e-01
 -1.0296990e-01
  3.0633047e+00
 -1.0211555e+00
 -1.9919084e-02
 -6.6117805e-01
 -8.2179552e-01
 -2.0013443e-01
 -3.9190593e-01
  4.9738476e-01
  4.7100541e-01
  2.6518611e-02
  2.5581472e-02
 -3.9845929e-02
 -4.4064224e-02
  2.0697610e-01
  2.6143243e+00
 -2.6641808e+00
  2.7081463e-01
 -3.1280812e-02
  6.1930902e-02
 -2.1117030e-01
  2.8443187e-01
 -2.7201825e-01
  2.2512788e-02
 -7.3788473e-03
  1.2761430e-01
  3.0646017e-01
  7.6530445e-01
  7.5719780e-01
  2.6893681e-02
 -9.1675735e-01
  3.3591565e-01
  4.9634272e-01
 -2.3943638e-02
 -2.0362498e-02
 -5.4528568e-02
  1.4734325e-01
  6.0064602e-01
 -9.3767548e-01
 -1.4717551e-01
 -6.8877138e-02
 -2.9993939e-01
  2.7840903e-01
 -1.5548468e-01
  1.7137867e-01
  2.3011695e-01
  2.4709117e-01
  6.5703553e-01
  2.2649708e-01
 -3.9601541e-01
 -1.1743562e-01
 -1.4446138e-01
  3.7729761e-01
  3.3316940e-01
  1.7717926e-01
 -2.1288602e-01
  1.2611609e-02
  4.8905495e-01
  1.9176836e-01
  5.3076458e-01
  1.9781409e-01
  1.6175470e-01
 -4.2708641e-01
  1.3719574e-01
 -1.4323862e-01
 -6.3353486e-02
  5.6045279e-02
  6.0962807e-02
  5.9179890e-01
 -8.0893017e-02
 -1.0079423e-01
  7.5603271e-01
  5.8824891e-01
 -1.9771166e-01
  2.7650503e-02
 -9.9165983e-02
 -1.0313050e-01
  2.4223612e-01
 -1.0091703e+00
  7.9884785e-01
  5.7884461e-01
  7.6103836e-02
  3.0225378e-01
  2.1658160e-01
 -2.7177656e-01
 -5.4644305e-01
  2.2573885e-01
  2.0379873e-01
  1.0828812e+00
 -3.7324276e-02
 -1.9658115e-02
 -5.2437440e-02
  7.5260693e-01
 -2.4256255e-02
 -6.0985759e-02
  1.9177139e-01
  3.5968683e+00
 -3.2031588e-02
 -4.3376505e-01
 -4.0033139e-02
  2.5426403e-01
  4.4810796e-01
  1.6256986e-02
  1.8951665e-01
 -2.1757437e-01
 -1.5358058e+00
  1.1183295e+00
  1.5565251e-01
 -3.0909605e-02
  6.5017350e-02
  2.3009315e-02
 -1.6065373e-01
 -4.6009153e-01
  1.1720543e-01
  1.1066260e+00
  7.3591284e-02
 -3.7664306e-01
  1.9627882e-02
  1.9382127e-01
  5.8952874e-01
 -2.8137910e-01
 -4.8742878e-01
 -2.2347002e-01
 -2.5860420e-01
 -3.9052363e-02
 -2.1715807e-02
  1.2852445e-01
  8.8832155e-02
 -1.7619189e-02
  6.1402816e-01
 -4.1877942e+00
 -5.9301335e-01
 -1.9576636e-01
 -2.6679254e-01
  5.7750656e-03
 -4.4101065e-01
  7.3641187e-01
  1.6934891e-01
 -8.2678959e-02
 -5.9868217e-01
 -1.9594550e-01
 -1.3084711e-01
 -9.1169804e-01
 -2.4451284e-01
  3.8344428e-01
  1.5568800e-01
  4.3405904e-03
 -3.4575212e-01
 -4.9471739e-01
 -2.6778242e-01
 -5.7195526e-01
 -1.6503756e-01
 -3.4543055e-01
  1.4055695e-01
  1.4278528e-01
  2.7209398e-01
  5.8084905e-02
 -6.1146700e-01
  2.8334862e-01
 -6.8652054e-04
  4.5666790e-01
  3.1242496e-01
  8.5766114e-02
 -1.4210677e-02
 -2.5232950e-01
  3.1341740e-01
 -2.7366698e-01
 -1.5975382e-02
 -2.0014213e-01
 -8.4550971e-01
  2.4901518e-01
 -4.3936172e-01
 -3.0183864e-01
  4.9301662e-02
 -7.1153559e-02
  4.8989493e-01
  1.9750215e-01
 -2.2104969e+00
  1.9497320e-01
 -1.5556511e-01
  2.4323699e+00
 -2.8012878e-01
  2.7765002e-02
  6.2582803e-01
 -1.3540444e+00
 -6.8360025e-01
 -8.7959260e-02
  5.1312870e-01
  3.1391597e-01
  4.8324105e-01
 -1.8081167e+00
  1.1930969e-01
  1.0100075e+00
  1.0514425e-01
  1.4333154e-01
  5.8698022e-01
 -4.2393434e-01
 -5.8075339e-01
 -4.0420267e-01
  3.1845647e-01
  4.7200574e-03
  8.4754117e-03
 -5.2179140e-01
  4.1299725e-01
 -2.5089097e-01
  9.7873874e-02
 -4.5120437e-02
  6.0975355e-01
  2.1130729e-01
 -8.2555450e-02
  1.7330265e-02
  4.5411922e-02
  2.8387171e-01
  5.1122155e-02
 -8.9056492e-02
 -1.3147050e-01
  1.0998241e-01
  3.7454638e-01
  2.6673698e-01
 -1.1172740e-01
 -1.3953400e-01
 -4.5156699e-02
  1.2575259e-02
  8.5105866e-02
  3.3164185e-01
  1.2181954e+00
 -6.0760725e-01
 -1.0426822e-01
 -2.5373654e-02
 -3.5768855e-02
  1.3564779e-01
  8.0072947e-02
 -6.9661126e-02
  4.3560067e-01
 -7.3188469e-02
  4.5322913e-01
  9.3529278e-01
 -2.5931087e-01
  1.0049295e+00
  1.1038002e-01
  1.4020366e-02
 -4.3366417e-01
  1.4840612e-01
 -9.5172775e-01
  1.6530958e-01
  8.5959136e-02
 -8.4862970e-02
  2.4280465e-01
 -5.7126051e-01
 -1.2484438e+00
  2.8595012e-02
 -1.2733281e-01
  3.5425079e-01
  3.6388460e-01
 -7.0285648e-01
 -5.9817404e-02
  1.8493058e-02
  1.3583362e-01
 -2.6487359e-01
  7.5201765e-02
  5.7642817e-01
  3.9548874e-01
 -1.3953221e+00
  1.8033849e-01
 -1.7340479e-02
 -3.6595132e+00
  2.6051366e-01
  2.1328263e-01
  2.3129958e-01
 -5.5436049e-02
 -7.3659338e-02
  2.5483331e-01
  2.7751325e-02
  1.9218321e+00
  2.8449008e-01
  4.7218889e-01
 -2.8626817e-01
 -3.3096811e-01
 -2.1435803e-01
  8.5889973e-02
 -3.2147989e-01
 -1.6019361e-01
 -2.4423188e-01
 -4.8147306e-01
 -5.2012360e-01
 -1.8878199e-02
  2.9517347e-01
 -6.4387031e-02
 -3.5929462e-01
  2.3924961e+00
  1.6467388e-01
 -7.5488485e-02
  6.7961216e-02
 -7.6406693e-01
  1.6572191e-01
 -9.3468386e-01
 -6.3622212e-01
 -3.2955274e-02
  1.1651746e+00
  3.6276287e-01
 -4.8509702e-01
 -6.1705122e-03
 -1.6929480e-01
  1.9645048e-02
  1.0837245e+00
  3.9836216e-01
  1.4029270e+00
  5.8010614e-01
 -1.8042977e-01
 -4.1729742e-01
  1.0352064e-01
 -1.7830287e-01
 -1.2556927e+00
  1.6980241e-01
  6.3560045e-01
 -1.7277963e-01
 -5.2837497e-03
  3.2983452e-01
  2.9946208e-01
 -2.7466735e-01
 -3.1426108e-01
 -3.7060913e-01
 -9.3209916e-01
  1.1119790e-03
  6.7612600e-01
 -1.1325309e-01
 -2.3480090e-01
  1.0563790e-01
  5.8010548e-02
  3.4932753e-01
  3.2609820e-01
  9.8006248e-02
 -1.3390367e-01
 -1.2033536e-01
 -2.8984088e-01
 -5.5401634e-02
  8.7369261e-03
 -2.6694082e-02
  2.7810052e-01
 -2.1680123e-01
 -4.7079125e-01
  4.6132812e-01
 -2.5527511e-02
 -1.4337425e-01
 -2.0422532e-01
  7.4039841e-01
  3.4728122e-01
 -3.7947455e-01
 -8.4388949e-02
  1.4367598e-02
 -2.1292710e-01
  1.7593619e+00
  5.3411026e-02
 -1.8395790e-01
 -1.1958063e-01
  6.6748850e-02
 -5.9978986e-01
 -4.9195996e-01
 -8.5599711e-03
  3.0198646e-01
  1.4540848e-01
 -1.2224399e-01
  8.9433360e-01
  5.0404020e-02
 -9.1472581e-02
 -1.2653200e-01
 -2.3031975e-01
 -4.0172330e-01
 -1.1732794e-01
  2.0403664e+00
 -2.1658023e-01
 -8.7115258e-01
 -7.7294415e-01
 -2.9416955e-01
 -5.2863479e-01
 -2.9094905e-01
  7.1795523e-01
  3.2528135e-01
 -3.3234268e-01
  1.2337738e-01
  8.4385566e-02
  5.7692540e-01
 -3.6828497e-01
  1.1250994e-01
  5.1633590e-01
  1.5259072e-01
  2.3226897e-01
  4.6717593e-01
 -3.9774778e-01
  3.4954440e-02
  4.3142971e-01
 -4.3613198e-01
  2.7192283e-01
  9.7275078e-02
  7.9803579e-02
  1.6059700e-01
 -2.2055742e-01
 -7.2659737e-01
  1.4355583e-02
  4.8176986e-01
 -8.9080945e-02
 -7.5619601e-02
 -4.7587757e-03
  5.7087195e-01
 -3.9183164e-01
  1.3240993e+00
 -3.3169931e-01
  4.2635012e-01
 -3.7975550e-01
 -2.5987807e-01
  1.3560483e-01
  5.9025124e-02
 -7.3880762e-01
  1.0796628e-01
  3.6849084e-01
  2.3885068e-01
  1.0115232e-01
 -7.8486437e-01
 -1.0021003e+00
 -1.8148795e-01
 -1.7540999e-01
  6.3977785e-02
  5.2494961e-01
  1.6337004e-01
 -5.1149851e-01
  1.3861650e+00
 -2.7110696e-01
  4.5566767e-01
  4.6913583e-02
 -5.0048602e-01
 -5.9728950e-02
 -2.1770789e-01
 -6.2613189e-01
 -1.5990911e-01
 -9.8249006e-01
 -7.7663206e-02
 -3.2315934e-01
 -1.4433221e+00
  6.0036007e-02
 -4.7823228e-02
  8.5704900e-02
 -3.8189910e-02
 -4.1064629e-01
  7.7064730e-02
  2.8726596e-01
  8.4279138e-01
 -1.0106897e+00
  1.9452979e-01
 -3.6117437e-01
 -2.9655930e-01
 -1.2184590e+00
  3.3786637e-01
  2.6768216e-01
  8.3425328e-02
 -6.1002880e-01
  1.4469866e-01
 -1.1020393e-01
  1.3495269e-01
  9.9235332e-01
  1.9681963e-01
  3.4611132e-02
 -4.0062580e-01
 -4.8067845e-02
 -2.0448756e-01
 -5.3113753e-01
 -2.6526153e-01
 -1.9387844e-01
  8.9900777e-02
 -4.9475613e-01
  1.9947918e-01
 -1.0481767e-01
  3.4634236e-01
  1.2011747e+00
  6.8568969e-01
 -4.9440497e-01
  7.7905715e-01
 -2.0134268e+00
 -3.0258247e-01
 -3.8832369e-01
  4.6142831e-01
  7.0531362e-01
  2.7169285e-02
 -3.7001797e-03
  2.0910682e-01
  1.0974712e+00
 -1.3783424e-01
 -1.2501691e-02
 -1.3049033e-01
 -1.9380802e-01
  1.3894302e+00
 -3.9387873e-01
 -1.2774910e-02
 -1.4727629e+00
  4.0729439e-01
  5.5232072e-01
  1.3116857e-01
  2.4224608e-01
  1.3429141e+00
  1.1645139e+00
  6.1776829e-01
  7.1847343e-01
  9.1340624e-02
  6.1686760e-01
 -2.2612115e-02
 -5.2575067e-02
  6.5553643e-02
 -4.5809478e-01
  1.3820950e+00
 -4.6354204e-02
 -1.4659611e+00
  2.1393642e-01
  1.9278786e-01
  3.6357734e-01
 -2.3616824e-02
  4.1873112e-01
  1.0841749e-01
  1.8382845e+00
  2.1289001e-01
 -3.7698469e-01
 -1.1096177e-01
 -1.1690737e-01
  2.9443330e-01
  7.5873747e-02
 -2.4063265e-01
 -1.9160798e-01
 -6.3747585e-02
  1.6933729e-01
 -2.5334010e-01
  1.7102178e+00
  1.6494207e+00
 -1.2601840e+00
  6.0980856e-01
 -2.5610392e+00
  9.8687160e-01
 -7.8452063e-01
 -1.0885153e+00
 -2.8910017e-01
 -2.5145310e-01
 -9.5282197e-03
  3.7770504e-01
 -3.2568790e-02
  9.9417335e-01
 -4.5095679e-01
 -2.3827665e-01
 -1.8280755e-01
  2.1407647e-01
  1.7880851e-01
 -1.3219662e+00
  2.3866385e-02
 -1.4834803e+00
  9.4886474e-02
 -8.2424611e-01
  1.1532443e+00
 -2.9779423e-02
  1.1001064e+00
  1.7905550e-02
 -7.0257354e-01
  5.0864726e-02
  1.7806450e-01
 -1.4922270e-01
 -9.8303998e-01
  1.9502483e-02
  1.4771736e-01
  3.8433868e-01
 -1.9371456e-01
 -4.6787593e-01
  6.0464121e-02
  3.1995198e-01
 -6.7414492e-01
 -1.5737770e-01
  4.4114086e-01
  2.9637760e-01
  5.6469012e-03
  1.2609614e+00
  4.3343022e-01
  1.1411827e-01
  3.7940580e-02
 -1.2186912e-01
  4.6849146e-01
 -2.9537293e-01
 -8.9687526e-01
 -1.1352166e+00
 -2.4346878e-01
  2.8745109e-01
  4.9647430e-01
  1.3440992e+00
  1.0444111e-01
  2.5956360e-01
  2.3533747e-01
  3.0732778e-01
  3.0343807e-01
 -3.1201115e+00
 -1.9547383e+00
  4.9043646e-01
  5.3565466e-01
  7.4664638e-03
 -2.1434340e-01
 -1.1254403e-01
  2.0396085e+00
 -3.0785096e-01
 -3.4801045e-01
  6.5130389e-01
  2.2503503e-01
  5.2292943e-01
 -2.1825713e-01
 -3.7390158e-01
  2.2948839e-01
  7.0820791e-01
  9.5076367e-02
  1.5242427e-02
 -3.9311662e-01
 -5.4775854e-03
  4.6148986e-01
  3.1295955e-01
 -6.0481451e-02
 -3.4879524e-01
 -1.6059482e-01
 -1.8220086e-01
 -3.9984089e-01
  1.2311703e-01
  1.5259527e-01
  4.9039751e-01
  3.1848170e-02
  2.1696495e-01
 -1.4729537e-01
  5.0540477e-01
  2.7504650e-01
 -7.3908430e-01
 -7.7455603e-02
 -6.6650654e-03
  4.7115740e-01
 -3.8190201e-01
 -1.0551060e-02
  5.3846039e-02
  1.2982731e-01
  3.6240330e-01
 -6.2929831e-02
 -8.4908925e-02
 -3.0924773e-01
  7.6108390e-01
 -1.8095914e-01
 -4.3902746e-01
  4.7142559e-01
 -1.3242172e+00
 -1.8708019e-01
  5.9373903e-01
  3.6673710e-01
  7.3256129e-01
 -4.0336737e-01
 -6.9939965e-01
  3.7064111e-01
  5.9058338e-01
  3.0103385e-01
 -3.6894538e-02
 -4.9529257e-01
  2.4900527e-01
 -1.0169645e-01
  2.6475021e-01
  5.2140319e-01
 -1.3997857e-01
  2.8299642e-01
  3.8776007e-02
 -4.8201185e-02
  1.0305116e+00
  4.0325947e-02
  7.0710683e-01
 -6.4950919e-01
  1.5079331e-02
 -2.1542578e+00
 -4.5277554e-01
 -3.8063252e-01
  4.4193256e-01
 -8.6633098e-01
  2.7362365e-01
 -5.6957221e-01
  1.5561919e+00
  1.2318576e-01
 -3.0874033e-02
  9.3607998e-01
  3.7037852e-01
  5.0741279e-01
  1.9897526e-02
 -1.4979731e-01
  2.7950135e-01
 -9.9657738e-01
  1.0046257e-01
 -8.3074998e-03
  4.7758582e-01
  2.4670094e-01
 -2.7079216e-01
 -1.3613373e-01
  7.6248012e-02
  7.3212844e-01
  2.8940904e-01
  6.1691646e-02
 -1.4613149e-01
  2.7183765e-01
  3.5992806e+00
  2.0005705e+00
 -7.9555251e-02
 -1.6139697e-01
 -5.8412266e-01
 -3.2301736e-01
 -5.4041445e-03
 -7.1921992e-01
  3.2136142e-02
  3.2166106e-01
  5.4026946e-02
  2.0498373e-01
  3.0311391e-01
 -2.9380092e-01
 -1.2070341e-01
 -1.6948725e+00
 -3.5369241e-01
 -1.0541925e-01
  1.1716213e-01
  1.1555266e-01
 -1.4569063e-01
 -6.4521223e-02
  2.5227246e-01
  2.6142504e-02
 -1.2112387e-01
 -1.4819083e+00
 -1.3256769e-01
 -2.7931264e-01
 -9.3142003e-01
 -7.2635911e-02
  5.3079367e-01
 -6.7886715e-03
 -3.0933523e-01
  1.5297396e-01
  3.3813721e-01
  3.9271343e-01
 -4.9492794e-01
 -4.7653508e-01
  3.1563625e-01
 -5.1382154e-01
 -1.7316725e+00
 -2.6474530e-01
  2.0873454e-01
 -2.7950454e-01
  1.8166142e+00
  2.0467877e-01
 -2.5948825e-01
 -1.5051420e-01
 -3.0899152e-01
  4.1746836e-02
  2.3198643e-01
  5.0574219e-01
  4.7306234e-01
  2.9419512e-01
 -9.6884333e-03
 -1.4320371e+00
 -9.6429598e-01
  9.0816104e-01
 -7.2933815e-02
  2.0538689e-01
 -4.4635463e-01
  1.2344820e-01
 -2.7669823e-01
  8.3361920e-03
 -1.0929382e+00
  1.3044080e-01
 -2.9010850e-01
  2.0492936e-02
  2.5686237e-01
  7.7455118e-02
  8.0783278e-02
  2.5774997e-01
  2.1568155e+00
  3.4200490e-01
 -1.8971778e-01
 -1.4937310e-01
 -8.6738944e-01
 -4.8514423e-01
  3.9871819e+00
 -3.4838644e-01
 -1.0532687e-01
 -3.8448212e-01
 -7.5504065e-02
 -4.6107084e-01
  2.8357080e-01
 -7.6698852e-01
  1.9497303e-02
 -3.2511970e-01
 -2.2325745e+00
 -8.8345140e-02
 -5.3413294e-02
 -3.5682398e-01
  8.8369235e-02
 -6.0298645e-01
 -8.2589097e-02
  3.5624740e-01
 -6.9510601e-02
 -4.0014505e-02
 -2.6873899e-01
  2.6702452e-02
  2.0723999e-02
 -5.3470738e-02
  3.9733227e-02
  5.4773289e-01
 -3.2648689e-01
  9.2665248e-02
  4.3355152e-01
 -2.7745101e-01
 -7.4543446e-01
 -4.8294269e-02
 -3.0158806e-01
  4.8719111e-01
  1.7653666e-02
  4.9274313e-01
  4.4550025e-01
  1.0565286e+00
 -3.0199414e-01
 -1.8483382e-01
  8.9307874e-01
 -4.4789547e-01
  3.5601623e-02
  2.2643955e-01
 -1.5658592e-01
  9.6534379e-02
 -8.9574671e-01
 -1.1290878e-01
 -2.6110593e-02
 -5.8912754e-02
  4.1273391e-01
 -5.0252892e-02
  6.0296357e-01
  2.0500921e-02
 -3.5917261e-01
 -2.2598027e-01
 -7.5640219e-01
 -3.3414137e-02
 -4.0278757e-01
  2.4621328e-02
 -4.8109353e-01
 -4.7623452e-02
  2.1234295e-01
 -1.5742943e-01
  1.3270551e-01
  6.8499573e-02
  6.7112947e-01
  2.8924780e+00
  1.9988462e-01
  2.5882822e-01
 -1.1644036e-01
 -2.8118864e-01
 -5.4812424e-02
  1.3283348e-01
 -2.5028551e-01
 -2.2790039e+00
 -1.3126476e-01
  5.9323557e-02
  4.0943492e-02
 -2.5160962e-01
 -4.4952657e-02
  3.0745968e-01
 -7.3648185e-01
 -4.0502632e-01
 -8.6861953e-02
 -1.3248664e-01
  4.0850812e-01
 -8.0462378e-01
  9.9909700e-02
 -5.0969541e-01
  5.8855359e-02
 -1.2232646e-02
  5.4378808e-01
 -4.0316352e-01
  2.1230556e-01
 -6.9828194e-01
  1.0730040e-01
  1.6910367e-01
  1.5488015e-01
 -3.8196158e-02
  2.2267297e-01
 -5.7896245e-01
 -2.7533132e-01
 -1.1044379e-01
 -1.4799219e-01
 -3.4180433e-01
  1.8061163e-01
  1.9855332e-01
  1.3609880e-01
 -6.1044995e-02
  4.3781232e-02
 -5.7114963e-03
  1.2048488e-01
  1.6004814e-01
  3.1328484e-01
  5.3918648e-01
 -1.8559328e-01
  7.6224297e-01
 -5.6336425e-02
 -5.1105964e-01
  1.0011765e+00
 -1.1555713e+00
 -1.0959351e-01
 -6.5661836e-01
 -2.1978126e-01
  1.6307572e-01
 -5.0510371e-01
  8.8519168e-01
 -3.1969000e-02
 -7.7495016e-02
  1.9543613e-01
 -4.0704912e-01
 -5.6980711e-01
 -8.5653919e-01
  1.4386299e-01
 -3.6743346e-01
  5.4610234e-01
  8.8739768e-02
 -2.4140221e-01
 -7.8379912e-03
 -4.1178769e-01
  7.6976210e-02
  2.1097170e-01
  1.2400495e-01
  8.2244823e-04
  6.2794101e-01
  1.2674837e-01
 -2.4157177e-01
  6.3181287e-01
 -2.6582280e-01
 -1.3676640e-02
  2.3335269e-01
  1.3189125e-01
 -2.4431887e-01
  1.1453640e-01
 -6.4789581e-01
  9.8894425e-02
  3.8893414e-01
 -6.1531890e-02
 -1.1030122e-02
 -3.2651025e-01
  7.0455544e-02
 -5.9201247e-01
 -7.1075074e-02
  2.0892078e-02
 -6.1241072e-01
 -6.6959614e-01
 -2.4732974e-01
 -8.5116786e-01
 -8.9122939e-01
 -1.8328696e-01
 -2.4922739e-01
 -1.3225646e-01
 -7.4644387e-02
 -1.9286355e-01
  6.4393990e-02
  1.1960721e+00
 -1.6999166e-01
 -4.1548976e-01
  2.9250588e-02
  1.6170891e-01
 -1.4240128e-01
  3.7467483e-01
 -5.4375511e-02
  3.1102398e-01
 -6.7813963e-01
 -1.7687960e+00
 -1.0430765e-01
  2.9433081e-01
 -2.4064988e-02
  3.8256958e-01
 -1.0609972e-01
 -3.1308991e-01
 -1.4319773e-01
 -4.8602360e-01
 -5.3703690e-01
  1.5711300e-01
 -2.7961284e-01
  4.2330778e-01
  4.4797668e-01
 -2.1055022e-01
  1.9232173e-01
  1.3539680e+00
  1.2711868e+00
 -2.3588297e+00
 -2.1086719e+00
  4.5647061e-01
 -6.4265412e-01
 -2.9407546e-01
  1.0195281e-01
  7.3971891e-01
  3.4550661e-01
 -3.0331659e-01
 -3.9442894e-01
  9.3551837e-02
  2.9550892e-01
 -2.4693301e-02
 -2.0491931e-01
  2.5057600e+00
  2.8203875e-01
 -6.5824186e-04
  4.7262153e-01
  7.2408521e-01
 -3.8862944e-01
 -1.1939869e-01
  5.8900360e-03
 -2.2318827e-01
 -2.6450014e-02
  2.0468189e-01
  1.0370219e-01
  3.4394157e-01
 -1.9662838e-01
  2.0447868e-01
 -2.4351418e-01
  3.9435720e-01
 -1.3029934e-01
  2.9039523e-01
  1.3257547e-02
  1.9520618e+00
  4.3517047e-01
 -7.2888895e-03
 -2.2513148e-01
 -5.3691411e-01
 -3.8642111e-01
 -1.3339575e-01
  7.9391174e-02
  1.0621563e-01
 -3.1702882e-01
 -8.6504018e-01
 -3.5952285e-02
  9.6640684e-02
 -1.1126322e+00
  7.0164084e-02
  6.1727587e-02
  2.2865285e-01
  1.3662100e-01
 -2.0518705e-01
  1.3601767e-02
 -1.0770853e-02
  2.4357114e+00
  2.0049967e-01
 -1.5429899e-01
 -3.1005374e-01
  1.9696110e+00
 -5.7057029e-01
  5.5640072e-01
 -1.0215995e+00
  3.7163645e-02
  1.0233658e-01
 -4.8288736e-01
 -1.7258732e-02
  2.0538656e-02
  1.6507964e-01
  2.4012241e-01
  5.0483074e-02
 -7.2607577e-02
  3.1079685e-02
  2.6942918e-01
 -3.7949476e-02
 -5.1522100e-01
  4.1349009e-01
  5.5183738e-02
 -1.8405770e-01
 -9.1950320e-02
 -3.4587115e-01
  2.2368287e-01
 -2.7291466e-02
 -1.2024417e+00
 -4.1846192e-01
  3.8045374e-01
 -1.0306683e-01
  1.0552821e-01
 -4.7635987e-01
 -6.0132965e-02
  1.9319210e+00
 -9.5651425e-02
  1.3807836e-01
 -6.7247979e-02
 -6.4691234e-01
 -4.2975304e-01
  1.0466328e-01
  1.0373417e-01
  6.2419617e-01
 -4.7561906e-02
  2.7550340e-01
 -1.8912329e-01
 -1.4164871e-01
 -2.4563560e-01
 -1.2063550e-01
 -1.5073240e-01
 -2.3612151e-01
  3.7954152e-01
  1.3257511e-01
 -4.1058189e-01
 -3.1519462e-03
 -1.1030927e+00
  6.2247169e-01
  1.9763242e+00
  2.4223478e-01
  3.5142127e-01
  1.0486693e+00
  4.7384435e-01
 -8.5297942e-01
 -6.9788039e-02
 -5.6625021e-01
  1.3826180e+00
 -1.0926531e-01
 -1.9426399e-01
  2.5843415e-01
  6.7130804e-02
 -2.6098299e+00
  1.1024826e-02
 -1.3791116e-01
  2.6910269e-01
 -2.9417288e-01
 -7.0952684e-02
 -3.5677251e-01
 -2.6612170e+00
 -5.7402557e-01
  1.9481702e-01
  2.1175101e-02
  7.3223752e-01
  1.9936861e-01
  9.8979199e-01
 -2.6851097e-01
  2.5879666e-01
  1.5085278e-01
 -2.0571589e-01
 -3.4043026e-01
 -1.8206228e-01
  3.6330509e-01
  5.4924667e-02
 -4.7341993e-01
 -2.1811879e-01
 -1.8357851e-01
  3.4439197e-01
  2.7750590e-01
  6.9781676e-02
 -3.9347213e-02
 -3.2065564e-01
  7.2693941e-03
  5.6008983e-01
  2.6989222e-01
 -3.9872494e-02
  4.7868907e-01
 -4.6787739e-01
  5.3555720e-02
  2.5237009e-01
  3.0797142e-01
 -2.0690128e-01
 -2.2035149e-01
 -1.0377764e+00
  9.9098012e-02
 -1.2786902e-01
  4.4676900e-01
  3.2553679e-01
 -5.7125598e-01
 -9.6104473e-02
  7.3080844e-01
 -2.1432224e-01
 -6.1991610e-02
 -3.7837529e-01
  7.2332323e-02
  2.7965674e-01
 -1.3851570e+00
  1.9576851e-01
 -1.3644488e-02
 -7.3899627e-01
  1.1498258e-01
  1.3588016e-01
  4.9285352e-02
  2.4891470e-01
 -1.4358865e-01
  8.9802541e-02
  1.3771654e+00
  5.0729204e-02
  2.5033450e-01
  1.5727083e-01
 -1.6011236e+00
  7.8045821e-01
 -3.4919786e-01
 -1.0349073e-01
 -3.4554616e-01
  1.1046184e-01
 -6.6063428e-01
 -2.1384393e-01
 -9.1735780e-02
 -1.9002259e-01
 -3.8327119e-01
  1.1372837e-01
 -5.3865343e-01
 -1.8867936e-02
  9.2830375e-02
  2.7800599e-01
 -6.5768450e-01
 -2.8826505e-01
 -2.8265393e-01
 -3.0564156e-01
  1.6139181e-01
 -1.5373848e-01
 -4.4947133e+00
  5.6384909e-01
  4.4862470e-01
  2.0972921e-01
 -3.0045357e-01
  4.8694160e-02
 -1.8633305e-01
 -6.9551384e-01
  3.5333179e-02
 -1.8264866e-01
 -4.8879093e-01
  9.9734515e-01
 -7.5389184e-02
  2.8468944e-02
 -1.7628919e-01
 -4.8129770e-01
  1.4083808e-02
  9.5424169e-01
 -8.6695306e-02
 -3.5561209e+00
 -1.5575942e-01
 -6.8242151e-01
 -1.1880987e-01
 -1.9067089e-01
  6.4345998e-01
  1.0100789e-01
 -3.0567071e-03
 -1.7363697e-01
  5.4140717e-01
  1.9740455e-01
  8.5531652e-01
 -6.1494833e-01
 -1.1416979e-01
  2.6916438e-01
 -5.6950021e-01
 -1.7856374e-01
  2.3386845e-01
 -2.2322373e-01
  1.6376314e-01
 -7.2132713e-01
  9.1042668e-02
  8.2240343e-01
 -2.0718771e-01
  1.5516737e-02
  1.4982289e-01
  3.1422764e-02
 -2.7680147e-01
 -4.4201661e-02
  4.1188067e-01
 -1.7056853e-01
 -1.7128059e-01
 -4.6723655e-01
 -8.6871424e-04
 -1.1172835e-01
 -8.3780095e-02
  2.9320982e-01
  3.3502761e-01
 -1.9465646e-01
  3.4696850e-01
  2.8366551e-01
 -4.0963698e-02
 -3.2180455e-01
 -1.9456479e-01
 -1.5338515e-01
 -8.1031960e-01
 -6.9119370e-01
 -7.0685260e-02
  5.0204349e-01
 -6.5008245e-02
 -1.9201002e-01
 -1.9142288e-01
  3.5247841e-01
 -8.1352562e-01
  1.4448915e-01
 -1.1587051e+00
  2.8263658e-01
 -2.4904373e-01
 -8.4533177e-02
 -2.4438238e+00
 -3.3381742e-01
  5.3873222e-02
  7.7998705e-02
 -5.8052438e-01
  1.6768624e-01
  4.2165175e-01
  5.4259390e-01
 -3.9396310e-01
 -8.1093764e-01
 -3.5681584e-01
 -8.1552841e-02
  8.8282472e-01
  2.0825069e-01
 -4.7682937e-02
 -5.4032367e-02
 -4.9309033e-01
  2.2365326e-02
  1.2251814e-01
  4.1245580e-01
 -4.8805702e-01
 -1.5423615e-02
  2.1893065e-01
 -2.2824070e-01
  4.1932529e-01
 -4.5632330e-01
 -5.8841550e-01
  2.4032386e-02
  4.4840714e-01
  5.6644583e-01
 -3.4549471e-02
  4.0361893e-01
 -5.0256604e-01
 -9.8475136e-02
  1.6630341e+00
  1.4175573e-01
  2.6222789e-01
  3.4542075e-01
  4.1933060e-01
 -3.8917232e-01
 -1.6093500e+00
  6.5721208e-01
  1.7764033e-01
  1.7817969e+00
  1.0156920e+00
 -6.7295021e-01
  3.9212433e-01
  9.0265137e-01
  1.4861761e-01
  1.9428256e-01
  2.9880694e-01
  2.3848941e+00
  2.4539001e-01
  3.6416441e-01
 -1.7822077e-02
 -2.3263179e-01
  3.9572948e-01
  2.9500201e-01
  1.1517648e+00
 -1.1949904e-01
  1.5596594e-01
  1.9222251e-01
  3.0141488e-01
 -1.0859206e+00
  6.7537642e-01
 -7.8628176e-01
  3.5520995e-01
 -7.1249843e-02
 -5.6387652e-02
  4.9841145e-01
 -3.3205780e-01
  9.8231542e-01
  3.9931288e-01
  5.5150670e-01
 -5.6114990e-01
  3.5395297e-01
 -1.7548591e-01
 -6.1781943e-01
  1.1186582e-01
  1.9838986e-01
  1.1467587e-02
 -2.4990132e-01
 -8.8499509e-02
 -1.3827385e-01
 -1.5391847e-01
 -3.2281762e-01
  1.2479178e+00
  4.4214185e-02
  4.2577505e-02
 -3.9074010e-01
  1.2896284e-01
 -5.1843548e-01
 -3.3367309e-01
 -1.2552021e-01
  3.5386002e-03
 -2.4486573e+00
  1.6500278e-01
  3.8664144e-01
 -2.7475102e-02
 -1.1346889e-01
  3.4919012e-01
 -2.8801134e-01
 -2.4348399e-01
  4.2770591e-01
  3.4468701e-01
 -1.8238284e-02
  4.1143196e-03
 -5.4278743e-02
 -1.1811671e-01
 -9.3252935e-02
  5.9266108e-01
  1.2051401e-02
  6.2790826e-02
  1.6208839e-01
 -7.5581692e-02
  2.3383163e-01
  2.5770776e+00
  1.3783948e-01
 -6.4797355e-03
 -1.3221291e-01
  1.8485191e+00
  1.3838830e+00
 -1.5086146e-01
  3.7822819e-01
  1.9139060e-01
  7.7160525e-01
 -1.7006314e-01
 -2.4929550e-01
  1.2008679e+00
 -4.0363854e-01
  5.5690032e-01
  6.5662605e-01
 -8.4643149e-01
 -7.5690567e-02
  2.3697829e+00
  2.4857730e-04
 -7.2349273e-02
  1.8423712e-01
  2.9890099e-01
  1.2705730e-01
 -1.4583420e+00
 -1.9496119e-01
  9.3921699e-02
 -4.3551918e-02
 -4.3805194e-01
  2.2526027e-01
  5.4767407e-02
  7.0335597e-01
  1.5301191e+00
 -1.0284277e-01
 -1.0681424e-01
  2.6368624e-01
  8.6981477e-03
 -8.6686295e-01
 -2.3523607e+00
  1.4984381e+00
  2.7372253e-01
 -1.6899451e+00
 -1.0097345e+00
  1.5814564e+00
  4.9169451e-01
 -4.5601528e-02
  3.2771857e+00
 -2.4562144e+00
 -1.4870906e-01
  5.9125762e-02
 -1.7115919e-01
 -7.7433640e-01
 -7.9222016e-02
  3.7886703e-01
  5.2567663e+00
 -6.4028966e-01
 -5.7346928e-01
  1.4421407e+00
  1.6152135e+00
 -1.7742692e-01
  8.5459381e-01
 -2.1344328e+00
  5.1280588e-01
 -5.2678806e-01
 -2.9364586e+00
 -9.4788152e-01
  2.7310960e+00
  1.8883809e-01
  1.2794089e+00
 -1.2851300e+00
 -5.2992362e-01
 -1.0041939e+00
 -2.3500564e+00
  1.1767585e+00
 -2.8341949e-01
  5.7811749e-01
  1.0887966e-01
 -8.1307185e-01
 -2.6791843e-02
  4.2393742e+00
  2.0592861e-01
 -4.9372092e-01
  9.1881514e-01
  2.2723587e-01
 -2.4542820e-01
  5.9704769e-01
  1.8172113e+00
 -7.3313659e-01
 -6.6250153e-02
  4.5072243e-01
  3.9690431e-02
  5.5878264e-01
  5.5561364e-01
 -9.2687058e-01
 -8.4217628e-03
 -1.4752748e+00
  3.8445979e-01
  2.5912273e-01
 -2.9396063e-01
  7.3110070e-03
  5.2121341e-02
 -3.0747699e-02
 -2.2234508e-01
 -1.9500561e-01
  1.8098220e-01
 -3.5718110e-01
 -1.9921778e-01
 -2.9523179e-01
  2.3617566e-01
  3.8003784e-01
 -5.9497410e-01
  5.3392428e-01
 -1.6648507e-02
 -2.4605656e-02
 -4.2299166e-01
  1.1303215e-01
  4.3364022e-02
 -2.7597982e-01
 -1.0076627e-01
  3.2107654e-01
  4.0075734e-01
 -2.7626919e-02
  3.7980908e-01
 -2.9618518e+00
 -3.2312050e-01
 -2.5251856e-01
 -1.3423139e-01
 -2.0884386e-01
  1.2188609e+00
  3.5603541e-01
 -4.3252744e-02
  1.0172305e-01
  6.8890584e-01
  1.9928859e-01
  5.2318138e-01
  1.4673796e-01
 -4.1686437e-01
  6.9861710e-02
 -5.0140429e-01
  7.7546075e-02
  8.1276345e-01
  2.4411939e-01
 -3.1868678e-01
  3.7504429e-01
  3.2937804e-01
 -1.0830351e-01
  5.9008223e-01
  7.6537281e-01
 -3.7392635e-02
  2.2841373e-01
 -2.0969653e-01
  2.2557132e-01
 -6.7400855e-01
 -3.1296286e-01
  1.3461237e-01
 -5.1449984e-01
  2.1244532e-01
  9.7769237e-01
  3.7618227e-02
  1.0183266e-01
  6.9128219e-03
  1.8970545e-01
 -1.4912425e-01
 -5.3286037e+00
 -4.4344297e-01
  4.6477888e-02
 -1.7796788e-02
 -2.3171404e-01
 -1.3079460e-01
  1.1158736e-01
  3.5775971e-01
 -3.7786402e-02
 -5.1312804e-01
  4.1295923e-02
  9.3430027e-02
 -1.1979611e-01
  1.7881855e-01
 -3.6379075e-01
  1.8254247e-01
  4.8694068e-01
  5.1611006e-01
  2.9234339e-02
 -3.4766877e-01
 -1.2196518e-01
 -2.7723590e-01
  7.0155025e-02
 -8.4199941e-01
 -3.9135784e-01
 -1.1470813e-03
  2.8618014e-01
  1.0456513e-01
 -6.6747129e-02
 -6.9717668e-02
 -1.5739491e+00
 -1.5234302e-01
 -1.9440386e-02
  1.5360342e+00
 -6.7845784e-02
 -3.7266043e-01
 -1.3725108e-01
  2.3076387e-02
  1.3445729e-02
  3.2650404e-02
 -2.7301458e-01
  2.3925424e-01
 -1.8888767e-01
  5.0043510e-03
  1.5330310e+00
  3.2785639e-02
  4.1947034e-01
 -1.0011735e-01
  1.4958107e-01
  3.2636726e-01
  8.3525932e-01
  5.5607948e-02
  1.6943069e-01
 -2.6233780e-01
 -2.6974735e-01
 -1.2308513e-01
  6.0504224e-02
  3.7992829e-01
 -5.8762323e-02
 -8.6683393e-02
  3.0310827e-01
 -2.8498391e-02
  6.0853255e-01
 -5.7482851e-01
  2.8554901e-01
  5.4457438e-01
 -5.8738567e-02
  8.2096994e-01
 -1.2684038e-01
 -2.0975472e-01
 -4.5850381e-02
 -7.5967260e-02
 -4.2355356e-01
 -6.8931997e-01
 -7.8930832e-02
 -1.4417797e+00
  1.1925421e-02
  1.5288587e+00
  9.7887087e-01
  2.3439872e-01
  3.4326050e+00
  5.5662692e-01
  3.5576713e-01
 -2.2258112e-02
  2.4287017e-01
 -5.9024704e-01
  1.1846106e-01
 -7.7048801e-02
 -2.3978499e-01
 -1.9390717e-01
  1.1023823e+00
  3.6962736e+00
  1.2123682e-01
 -1.5515082e-01
  8.8367426e-01
  1.0398081e-01
 -4.4009182e-01
 -1.5787946e-01
 -3.9608908e-01
  2.7201852e-01
 -8.0606289e-02
 -2.5498933e-01
  9.0514541e-02
  3.3848402e-01
 -2.7988425e-01
 -1.5392760e-02
 -8.3278351e-02
  1.0884486e-01
 -1.5405251e+00
  2.5362635e-02
  6.4927763e-01
  2.4378739e-01
 -4.8458382e-02
 -1.7548274e-01
 -3.2988968e-01
 -3.9817831e-01
 -3.4336321e-02
 -2.4650878e-01
 -3.5352781e-01
  7.7211872e-02
 -1.8818636e-01
 -1.3895163e-01
  3.9712209e-01
  1.0100674e-01
 -1.3029785e+00
  1.4885846e-01
 -1.0147245e-01
 -7.4404931e-01
 -2.1770473e-01
  4.2668201e-02
  2.6506456e-02
 -1.3308907e+00
  1.3142522e-02
  2.6557362e-01
  2.3303877e-01
  5.4342188e-03
 -3.6098737e-01
  2.8405273e-01
 -1.8462069e-01
 -8.2939826e-02
 -2.7444053e-01
  3.4369890e-02
  4.2573157e-01
 -1.2426462e-01
 -6.1810903e-02
 -5.5884652e-02
 -1.9688207e-01
  1.0212650e+00
  1.2701505e-01
  2.3992439e-01
  2.2533767e-01
 -2.6021841e-01
  9.0296721e-01
 -4.8959527e-02
  1.7070785e+00
 -2.4691224e-01
 -3.5437539e+00
  5.9761608e-01
 -5.1251721e-01
  3.1802449e-01
  2.7003233e+00
 -1.2874389e-02
 -1.7648184e-01
  3.4782499e-01
  3.3322040e-02
 -3.6603886e-01
  1.2906970e-01
  4.9761343e-01
  1.4250329e-01
 -2.2010748e-01
 -1.6368589e-01
 -5.5348700e-01
 -7.4590898e-01
  7.5343154e-02
  2.3302673e-01
 -1.8684746e-01
  1.5721929e-01
  2.0612873e-01
 -5.6828320e-01
 -3.0400321e-01
 -3.1895539e-01
 -4.7342991e-03
 -6.2523037e-01
  6.8173349e-02
 -1.6649157e-01
 -2.5582879e+00
 -2.8566793e-01
 -4.7553524e-02
 -1.4531510e+00
  5.4047648e-03
  6.2845692e-02
 -2.2992417e-01
 -4.1205871e-01
 -1.9378589e-01
  2.8265402e-01
  7.6958096e-01
 -2.5662577e-01
 -1.7771840e-01
 -1.4974684e-01
  5.0848782e-01
  4.2880353e-02
  1.8997411e-01
 -2.2165237e-01
  1.4804007e-01
 -7.5600143e-03
 -3.7036479e-01
 -5.7886618e-01
  1.6497038e-02
 -6.2241286e-01
 -1.0536063e+00
 -9.8601900e-02
 -3.6082339e-01
 -2.8434366e-01
  1.2334096e+00
  6.4390236e-01
 -1.5882279e-01
  5.1950306e-01
  1.7651191e-02
  1.1853682e-01
 -4.1816452e-01
 -6.2906936e-02
  1.2556411e-01
  5.6113636e-01
  1.3942389e-01
  1.2996200e-01
  4.9503189e-01
 -1.7839348e-01
  3.5911179e-01
  2.6331070e-01
  3.2988504e-01
 -5.0566119e-01
  3.0137226e-01
 -9.6219234e-02
  5.4361783e-02
  4.5401528e-01
 -3.9598933e-01
 -2.0215505e-01
 -5.1618107e-02
 -2.2754727e-02
  3.7642175e-01
  1.3476132e-01
 -6.2452191e-01
 -8.5402101e-01
  5.4862118e-01
  1.7045349e-01
 -1.5002511e+00
  5.6187801e-02
  3.0883458e-01
  6.1762672e-02
 -1.1114685e-02
 -1.2690243e-01
 -7.4290037e-01
  4.1281793e-01
 -2.5469398e-01
  9.7902602e-01
  2.4125318e-01
  3.1664681e-01
  1.4977759e-01
 -2.6895931e-01
 -4.8232421e-01
 -1.6899636e-01
  3.0643744e-02
  4.4541222e-01
 -9.4994587e-01
 -6.7558795e-01
  5.1871568e-01
 -1.5188107e+00
 -5.4503596e-01
  3.9073369e-01
  2.2030237e-01
 -7.0012234e-02
  1.1577656e+00
  7.2720581e-01
 -1.0521755e-01
 -4.0767887e-01
 -2.1367390e-01
 -2.7285654e-02
  2.8981051e-01
  1.6582046e-01
 -5.4487508e-02
  2.3308513e-01
 -2.0701067e+00
 -1.6559306e-01
  5.8116764e-01
  8.1722014e-02
  5.8959138e-01
  7.0753612e-02
  4.9663052e-01
 -4.4188809e-01
  3.1244155e-02
  2.3613567e+00
 -1.4178499e-03
 -1.4957467e-02
 -8.4498680e-01
  1.3575355e-02
 -4.7810581e-01
 -1.9379765e-01
  2.7040851e-01
  1.9489497e-02
 -1.8383494e-01
 -1.4228256e-01
  2.5294331e-01
  3.2889176e-02
  1.0971664e-01
 -3.6857843e-01
  2.8578101e-02
 -1.8957767e-01
 -3.3542734e-02
  3.8987246e-01
  3.5098474e-02
  1.2425126e-02
  3.6434722e-01
 -2.2652771e-01
 -6.7029309e-01
 -7.5075656e-01
 -1.1628982e-01
  1.1835897e-01
  2.3977998e-01
 -3.2105193e-01
 -1.4809020e-02
  1.6252138e-01
 -3.1362742e-02
  3.3137181e-01
  7.7359515e-01
  3.0372173e-02
  1.1017977e-01
 -4.5570812e-01
 -3.3465698e-01
 -1.4295024e-01
  1.9239783e-01
  4.3778536e-01
  9.9512376e-02
 -1.7260505e-01
 -4.1756064e-02
 -1.8915837e-01
  2.2667615e-01
 -8.3419979e-01
 -2.6718877e-02
 -5.8518732e-01
 -1.3001129e-01
  8.0657460e-02
 -3.0701714e-02
  2.2370349e-01
 -5.0527471e-01
  3.0320442e-01
  3.2181406e-01
  2.2359866e-01
  3.7575945e-01
 -9.4908141e-02
  2.6539810e-02
 -3.1369296e-01
 -7.8321919e-02
  2.8182533e-01
  3.6082342e-01
 -2.7163270e-01
  2.4876419e-01
 -7.8392780e-01
  7.4961740e-01
 -2.7289886e-02
 -8.6377509e-02
 -2.4585202e-01
 -1.1721476e-01
  3.4308249e-01
 -5.2660120e-01
  3.1712130e-01
  7.6950186e-01
 -9.3947494e-01
 -5.0473428e-01
 -5.2558315e-01
 -3.9734548e-01
 -9.7826822e-03
  4.8667422e-01
  1.5821077e-01
 -1.4885229e-01
 -7.1891822e-02
 -4.9847126e-02
  7.5333994e-03
 -4.2928688e-02
  1.7589787e+00
 -7.7794755e-01
 -1.4790931e+00
  1.0120984e+00
  2.7831221e-01
  6.5070742e-01
  4.5797646e-01
  2.2105144e-01
  2.6897091e-01
  6.3056663e-02
 -1.1290950e+00
 -3.4758583e-01
  1.5033287e+00
  1.2660089e-01
 -6.3901037e-02
  2.6603711e-01
 -2.0265697e-02
 -8.8280670e-02
  1.1084024e+00
 -3.6237386e-01
 -6.9805026e-01
  4.2029809e-02
 -3.6256826e-01
  2.9928673e-03
  4.1510490e-01
 -6.6239941e-01
  1.4153862e-01
  2.8002542e-01
  4.4706106e-01
  3.2387164e-01
 -1.1006738e-01
  6.9002032e-01
 -2.5458455e-01
  4.4737881e-01
  7.6328367e-02
  3.9573960e-02
 -6.1101419e-01
  5.7693779e-01
  2.4613740e-01
 -9.1697812e-01
  2.3726857e-01
  1.2290713e-01
  5.9900001e-02
  3.8374466e-01
  6.6545624e-01
 -2.6967776e-01
 -9.8197974e-02
  6.8754718e-02
 -9.0536636e-01
  1.5216202e-01
 -1.4877404e-01
  4.5252814e+00
 -1.9953096e-01
  1.0693668e-01
  3.4360114e-01
  8.0215961e-02
 -1.5022461e-01
 -3.6994673e-02
 -1.1394395e+00
  2.6489541e-01
  1.2677881e-01
  5.0129902e-01
 -5.3061329e-02
  5.7904834e-01
 -1.9587973e-01
  1.0578603e-01
 -1.0711626e-01
  3.0530207e-02
  7.2422266e-02
 -4.8841217e-01
  7.1299237e-01
  7.8668576e-01
 -6.5965033e-01
 -1.2484910e-01
 -1.7570238e-01
 -2.3823589e-01
 -2.1997662e-01
 -1.9222982e-01
  3.7691835e-01
 -2.0990830e-02
 -1.6003239e-01
  6.6094942e-02
 -2.5416542e-02
 -5.4677057e-01
  1.9703624e-01
 -3.5890304e-02
 -6.5856332e-01
 -4.0824637e-01
  1.9255462e-01
 -7.0826381e-01
 -1.7634623e-01
  2.1613109e-01
 -1.4621308e-01
  1.2668126e+00
  2.0257977e-01
 -1.0468961e-01
 -3.5155803e-01
 -7.8875011e-01
 -1.3886754e-01
  3.5104874e-01
  4.2804163e-02
  4.4245619e-02
 -9.2630766e-02
  1.1293871e-01
  1.2424083e-01
  5.2676380e-01
  4.9078096e-02
 -1.2984873e+00
  8.7175101e-02
 -4.2802837e-02
  7.3609209e-01
  1.1174318e+00
 -3.8285476e-01
 -5.6590319e-01
 -1.1272328e+00
  2.9711671e+00
 -6.1930142e-02
  1.1463086e-01
 -6.0347036e-02
  4.8861369e-01
  2.9680091e-01
 -3.5404317e-02
 -1.0147053e-01
  3.7830420e-02
  2.8560627e-01
 -4.2099461e-01
  4.4994849e-01
 -1.3356483e-01
  1.7511837e-02
 -1.3064194e-01
 -3.1360710e-01
  5.1708393e-02
 -4.4984069e-02
  4.2411855e-01
 -1.7665662e-01
  2.5291818e-01
 -7.4847817e-02
  8.3401553e-02
 -5.1921552e-01
  3.9636332e-01
 -3.3382914e+00
 -4.5100246e-02
  5.5768538e-01
  5.0872791e-01
 -3.7719009e-03
 -2.4154782e-01
 -2.1774870e-01
 -1.3328451e-01
  1.7213933e-01
  8.6207464e-02
 -8.8221920e-01
 -4.8941556e-02
 -4.4524202e-01
 -3.3612460e-01
 -5.4212667e-02
 -1.4104144e-01
 -2.3832048e-01
  5.5893248e-01
 -1.0577869e-01
 -3.5963172e-01
  2.6256073e-01
 -1.3443574e-01
  4.2203581e-01
 -5.8970969e-02
  1.7857260e-01
  1.9471195e-01
 -2.6067439e-01
 -1.1455376e-01
  1.9649719e+00
 -1.7900762e-01
  5.1373857e-01
 -1.5725547e+00
  1.3154747e-01
  2.9616904e-01
  1.6786698e-01
 -2.3079774e-01
 -2.9187620e+00
 -2.0250395e-01
  1.3985968e-01
  2.5449860e-01
 -4.6197695e-01
  6.0822789e-02
  6.5753412e-01
 -1.0962098e-01
 -4.1943360e-02
  5.0931734e-01
 -4.8260510e-01
  4.7835556e-01
  1.0510334e-02
 -1.4989555e-01
  2.9342890e-01
  2.2256699e-01
  2.4066899e-02
  4.1118896e-01
  2.4650688e-01
  1.5894753e-01
 -8.2911268e-02
  2.2396456e-01
  1.0547781e+00
 -2.6872769e-01
  6.1458141e-01
  5.6117177e-01
  2.0512919e-01
 -3.0895057e-01
  3.5045591e-01
  2.0713075e-01
 -5.9823287e-01
 -3.0182394e-01
 -2.9144219e-01
  4.1044500e-01
  1.8740486e-01
  2.4657632e-01
 -1.1042214e-02
 -5.0137572e-02
 -3.4561175e-01
  1.0023752e-01
 -3.6389145e-01
 -7.3410071e-02
 -3.1679830e-01
 -2.2221172e-01
 -1.3594697e-01
 -1.0228670e-01
 -2.7789339e-01
  1.5291107e-01
 -2.5978701e+00
  9.7244221e-01
  1.1250304e+00
 -1.5610229e+00
 -6.3177961e-01
  9.1044313e-01
 -2.8952238e-01
  1.6386189e-01
  2.7746350e-01
  7.8241758e-02
 -3.5085762e-01
  1.4516345e-01
 -1.1167230e-01
 -3.1952310e-01
  4.5737162e-01
 -9.6792124e-02
 -3.1168646e-01
  8.3114810e-02
 -5.7822013e-01
  2.2301136e-01
  5.4941764e-03
 -1.7477536e-01
  3.0027801e-01
 -3.2039970e-01
 -8.3811663e-02
  3.6814168e-01
  8.0401242e-01
 -3.8309523e-01
  1.5567580e-01
 -5.4781185e-03
  2.9951066e-01
  7.5632638e-01
  1.4636008e-01
  6.1021250e-02
  5.9880424e-02
 -4.0212357e-01
 -2.3526115e-02
  2.0366231e-01
 -2.0320132e-01
  3.0887204e-01
 -2.1139653e-01
 -1.4839686e-01
 -7.7871364e-03
  2.6912913e-01
  1.9867625e-02
  1.1329590e+00
  2.5011594e+00
  6.4943604e-02
 -3.6981210e-02
 -4.3887120e-02
 -6.6724978e-02
  2.5718787e-01
 -2.2531472e-01
  4.0871385e-02
  1.5077246e+00
 -1.1298130e-01
 -4.7345051e-01
  5.3471293e-02
  8.4329534e-01
 -7.4711835e-01
  5.8863360e-01
  3.9559811e-02
 -9.7548586e-01
 -1.9279540e-01
 -3.2774553e-01
  3.3343023e-01
 -7.9840994e-01
  7.6286536e-01
 -4.7128998e-02
 -1.8624030e-01
 -1.4702763e-01
 -8.3466865e-02
  1.0002816e-02
  3.1410608e-01
 -3.1109434e-01
 -1.7589021e-01
  1.6072927e-01
  6.8282872e-02
  5.4683685e-01
  1.4448184e-01
 -7.2597690e-02
 -2.6507488e-01
  3.9319059e-01
 -6.1711166e-02
 -9.6129924e-02
  9.0010703e-02
 -1.6480658e+00
 -5.8670197e-02
  3.6432040e-01
 -3.3574820e-01
 -5.8494443e-01
 -9.4712347e-01
 -1.6553015e-01
 -2.0441653e-01
  2.5342615e+00
 -1.9775778e-01
  3.2207537e-01
  5.8279532e-01
 -1.0240670e+00
  3.4436038e-01
 -2.2840700e-01
 -7.9155427e-01
  2.2904914e-02
 -8.2401484e-01
 -8.0616504e-02
  3.4767187e-01
  4.5059543e-02
  2.8898191e-01
 -1.9318540e-01
  1.6861045e-01
  1.0878803e+00
  1.5025376e-01
  4.0150709e-02
 -1.2823507e-01
  2.3551738e-01
 -9.0322185e-01
  7.3786773e-02
 -4.0737591e+00
 -1.1436452e-01
 -9.3787193e-01
 -3.2598096e-01
 -3.2727766e-01
 -1.2173729e-01
  2.7393708e-02
 -2.8915444e-02
 -8.8797170e-01
  2.8924072e-01
  1.0879798e-01
  2.0388291e+00
 -1.2763902e-02
  4.4871107e-02
  2.9164162e-01
 -8.7650940e-02
  5.3151086e-02
  8.0657893e-01
 -1.7093064e-01
 -7.9885608e-01
 -3.5822967e-01
 -3.3225325e-01
 -5.3830355e-01
  4.9024349e-01
  6.2168289e-02
  4.5085736e-02
  2.3487000e-01
  2.6181877e-01
  3.9644539e-01
  2.3861615e-01
  4.4407618e-01
  6.8742371e-01
 -1.0083878e+00
 -1.1065422e-02
  6.7314482e-01
  8.1763998e-02
 -7.6825964e-01
 -8.7361509e-01
 -3.6855847e-01
 -5.7660317e-01
 -6.0564411e-01
 -2.3156223e-01
  9.4953366e-02
 -6.1189455e-01
 -2.3403153e-01
 -5.5237639e-01
 -1.8146870e-01
  4.0711883e-01
  5.5742705e-01
  1.5013577e-01
  7.4979299e-01
  7.0049822e-01
  9.5615527e-03
  4.3220218e-02
 -3.1509075e-01
 -7.2236067e-01
 -1.2673548e+00
  9.2672303e-02
  3.1197212e+00
  3.7226304e-03
 -4.6612188e-02
 -3.6849448e-01
 -4.8294391e-02
 -3.6061887e-02
  1.1905167e-01
  3.2969168e-01
  1.6483579e+00
 -9.9980429e-02
  1.1138000e-01
  1.8312463e-01
  4.1459221e-02
  3.2598129e-01
 -3.9101723e-01
  5.0747263e-01
  1.2477968e-01
 -1.2287188e-01
 -5.3402877e-01
  3.4791805e-02
  3.3529663e-01
  2.0300102e-01
  9.9230744e-02
  4.9761835e-01
  3.7372959e-01
 -1.1636323e-01
  1.3469259e-01
 -3.5566580e-01
 -3.8211429e-01
  1.9541280e-03
  1.9290286e-01
 -1.0698867e-03
 -1.2913409e+00
  2.7550864e-01
 -2.6275504e-01
 -6.0540819e-01
  3.1447038e-01
 -1.5208772e-01
  1.2158521e-01
 -1.3295926e+00
  5.4354314e-02
 -1.0334971e-01
  2.2869354e-01
 -9.5496960e-02
  5.9688393e-02
  1.0648401e-01
  1.5119812e-01
  1.6102558e+00
  1.5154091e+00
  7.3770575e-02
  1.4876416e-01
  5.0171506e-01
  2.2453696e-01
  3.9546333e-02
  1.9980782e-01
 -1.1897337e+00
 -1.0209913e-01
 -1.5737323e-01
 -1.3225122e-01
 -6.9260180e-01
 -4.7930125e-03
  1.2187261e-01
  7.1159638e-02
  1.4123144e+00
  1.2668936e+00
 -2.7688777e-01
  2.4222527e+00
  5.1845592e-01
 -1.4695831e-01
 -3.0328296e-02
  2.3398571e-01
  1.2301566e-01
 -1.1563896e-01
  8.1934690e-02
 -2.3463510e-01
  1.1078309e-01
  1.3774043e-02
  1.0111886e-01
 -3.5218292e-01
 -2.9610467e-01
  4.3238631e-01
  3.3939925e-01
 -1.4900249e-01
 -1.7198227e-01
  7.6830429e-01
  2.2400713e-01
  2.1076258e-02
  8.7044463e-02
 -1.9788386e-02
 -2.0990512e-01
  2.5697870e-02
 -7.4152358e-02
 -7.2826207e-02
  9.7690737e-01
 -9.0465319e-01
  2.5425935e-01
  4.7981670e-01
  7.1391866e-02
 -9.8625548e-02
 -2.5266600e-01
 -1.6593379e-01
  3.0594012e-02
  7.0611310e-01
 -4.2889053e-01
 -6.8691361e-01
  3.3331829e-01
  1.3512949e+00
  3.1479874e-01
 -2.7074262e-01
  6.7449671e-01
  5.0486696e-01
  2.4290099e+00
  1.8403572e+00
 -8.1760222e-03
 -5.5099154e-01
  9.0443212e-01
 -4.0768735e-02
  5.0478965e-01
  3.7710571e+00
  5.6721127e-01
  7.8810632e-01
  6.5891379e-01
  3.8800964e-01
 -7.9844981e-01
 -9.9011266e-01
  1.5141842e+00
  9.2577457e-01
  6.8667048e-01
  7.6276076e-01
  4.2362002e-01
  1.0154891e-01
  5.9164172e-01
 -2.5954404e+00
 -3.1132352e+00
 -1.0655357e+00
  1.5727240e-01
  6.3818711e-01
 -2.3018700e-01
  1.6566922e-01
 -1.2149084e-01
 -2.8613400e-01
  1.4539841e+00
 -3.1750564e-02
 -5.7248563e-01
  6.2869811e-01
  4.3834755e-01
 -1.0599307e-01
  3.8162380e-01
  1.1350669e-01
 -4.0292236e-01
 -1.5599930e+00
  1.0976317e+00
 -4.3393865e-02
  1.1965044e+00
 -2.5013787e-01
  1.9656744e+00
 -3.0776012e-01
 -1.3853239e+00
  6.4004320e-01
 -4.0844362e-02
 -1.9664353e+00
  2.9986806e-02
  1.7133497e-01
  1.7031309e-01
  7.3774881e-03
 -3.4992573e-01
 -1.8931730e-01
 -2.4310389e-01
  2.7060540e-02
 -3.9435163e-02
  1.7555670e-01
  1.0338506e-01
  3.1307604e-02
  1.1261752e-01
 -1.4785098e-01
 -1.4726014e-01
  1.4915316e-01
 -3.5120228e-01
 -6.0224468e-01
  4.9837489e-02
  1.9990683e-01
 -2.2471273e-01
  1.0131685e-01
 -3.8528677e-02
  2.4106024e-01
  1.8903595e-01
 -9.2817575e-02
 -2.9035875e-01
 -4.4104889e-01
 -1.4329704e+00
  5.8801293e-01
  8.2966886e-02
 -2.1332821e-01
  1.0085782e-01
 -1.9647509e-01
 -4.5975626e-01
  1.5714560e+00
  7.6930054e-02
 -4.1974489e-02
 -2.3923184e-04
 -2.6313743e-01
  4.1553947e-01
 -1.2121229e+00
 -2.9256526e-01
  1.8445142e-01
 -4.4917950e-01
  3.2242095e-01
 -9.8715901e-01
 -5.3176872e-02
  1.2965961e-01
 -5.6948364e-01
 -6.7704153e-01
 -2.5278839e-01
  1.9829443e-01
 -8.0888116e-01
  3.4265596e-01
 -4.1491830e-01
  5.2232558e-01
 -2.5745353e-01
  2.4263416e-01
  3.1600194e+00
 -3.0789047e-02
  9.3054146e-01
 -2.2542879e-01
 -1.9215271e-02
  3.7515473e-02
  8.4444857e-01
 -1.3138857e-01
 -2.5650098e-03
 -4.8357628e-02
  3.3703778e-02
  4.9988955e-02
  8.9221979e-03
 -1.0634074e-01
  9.1869414e-02
  3.8325515e-01
 -7.4167091e-01
  1.1405686e-01
  3.6316383e-01
  4.0581901e-02
  3.2653246e-04
 -9.5627466e-03
 -1.8705565e-01
 -4.2870915e-01
 -1.7201944e-01
  3.5225388e-01
 -6.3648802e-01
  5.4281559e-02
 -5.9113886e-02
 -8.0201462e-02
 -2.4705526e-01
  1.5067081e-01
 -2.4923193e-01
 -4.6252525e-01
 -5.1447070e-01
 -7.7360786e-02
 -3.3090344e-01
  1.3418242e-01
  4.4912583e-01
  4.9962286e-02
 -4.4035429e-01
 -2.2590226e-02
  4.2111459e-01
  9.5082872e-02
  4.3128052e-01
 -4.0239757e-01
  6.7888260e-01
  1.2351225e-01
  9.2480771e-02
 -8.6197835e-01
  1.3603224e-01
  6.9864497e-02
  4.4203680e-02
 -5.6297898e-01
 -2.9961976e-01
 -3.4519365e-01
 -1.1721580e+00
 -1.1392087e-01
 -9.8598194e-01
  3.4622629e+00
 -2.3410775e-01
 -1.2768518e+00
  1.0184894e-01
 -4.9332999e-02
  4.7588724e-01
 -5.0637805e-01
 -1.6715038e+00
  1.3013686e-01
 -2.9447886e-01
 -5.5329293e-01
 -8.3038993e-02
 -2.7176493e-01
 -5.9589303e-01
  1.3490759e+00
 -1.1658759e+00
  2.7344372e-02
  7.9446608e-01
  4.4679958e-01
 -3.3977658e-01
 -3.3992440e-01
  5.5248964e-01
  2.9236636e-01
  2.5925877e+00
 -2.2994155e-01
  1.7314236e+00
  3.7103680e-01
  1.6788388e+00
  5.8951807e-01
 -5.6199223e-01
  7.5795032e-02
  1.0510280e+00
  8.4582728e-01
 -1.7743027e-01
  1.6488162e-01
  5.9563214e-01
 -3.2234278e+00
  2.2447206e-01
  1.1292740e+00
 -5.1661855e-01
 -1.8412925e-03
  9.6711677e-01
  2.0908926e+00
  1.7602880e-01
 -8.5813940e-02
 -5.6674641e-01
 -2.7331194e-01
 -1.1543034e-01
  3.2521379e+00
 -6.0498190e-01
 -6.3086808e-01
  1.0898908e+00
 -1.9849882e+00
  1.6551888e+00
  4.1704938e-02
 -1.1372991e+00
 -2.3894137e-01
  1.1470257e+00
  3.1565762e-01
 -1.2774966e+00
  2.3707955e-01
 -1.1688873e+00
  1.2914498e-01
 -3.2994989e-01
  5.7523053e-02
  2.0382510e-01
 -4.5823970e-01
  7.1193588e-01
 -3.6779329e-01
  1.2190201e+00
  1.5733480e-01
  3.3025160e-01
 -1.0683853e-01
  4.5899829e-01
  2.2379711e-01
 -8.8867831e-01
 -3.2739544e-01
 -5.6226653e-01
 -1.2772948e+00
  8.5358638e-01
 -2.0105691e+00
  3.5274085e-01
 -8.5701197e-02
 -2.3727944e-01
 -3.9298463e+00
 -5.6756496e-01
  1.6292024e+00
  4.5300756e+00
  1.1363597e+00
 -4.6789500e-01
  4.9602375e+00
  3.5008380e-01
  8.2701421e-01
 -1.4100865e-01
  8.6290680e-02
  3.9229698e-02
 -1.5793474e+00
 -1.7106650e+00
 -2.9549780e+00
 -1.8285192e-03
 -1.6783862e-01
 -1.0578946e+00
  3.4932446e+00
 -1.3672168e+00
 -2.2614519e-01
 -1.6152638e+00
 -6.9060549e-02
 -2.0765080e+00
  1.0873289e+00
  4.0198669e-01
  8.3693817e-02
 -2.8590256e-01
  5.2309150e-01
 -1.0614643e+00
 -5.4392660e-01
 -2.1481578e+00
 -1.6797365e-01
  2.4066157e+00
  1.1743932e+00
 -1.2720057e+00
 -1.7738696e+00
  1.0005292e+00
  1.8662596e+00
 -4.6803623e-01
 -1.7831558e-01
  1.6174861e+00
  1.6821764e-01
  2.2102785e+00
 -3.2215458e-01
  8.3759630e-01
 -1.2006586e+00
  2.6989930e+00
 -2.2905092e+00
  1.8502682e-02
  1.9224757e+00
  5.3551048e-01
 -2.9437518e-01
 -1.0159214e+00
  1.6744621e+00
  5.4141945e-01
  2.7662797e-02
 -8.3006114e-01
  6.2189419e-02
  2.2799283e-02
  3.1170213e+00
  3.0398467e+00
 -1.5792158e-01
 -8.9112318e-01
 -1.3120979e+00
 -2.3470006e+00
 -4.5021951e-01
  2.6374571e+00
 -8.9571851e-01
  1.9691591e-01
  6.3816595e-01
 -2.1809511e+00
 -6.5877414e-01
  9.4659001e-02
 -1.3460032e+00
 -1.4740525e+00
  1.2042464e+00
  1.2998339e+00
  6.1878163e-02
  8.1577981e-01
  6.8213483e-03
 -1.1588032e-01
 -1.3077165e+00
  7.1972333e-02
 -1.6509318e-01
  7.9802372e-02
 -2.1408255e+00
  3.1971878e-01
  2.9951180e-03
 -6.2337911e-01
  7.9058754e-01
  5.3943396e-01
  3.7924328e-01
 -5.8464754e-01
  3.4913623e-01
  7.9139709e-01
  5.2014446e-01
  2.5462535e-01
 -1.7119916e-01
  1.3421863e-01
  5.4866031e-02
  8.0194545e-01
 -1.7494054e-01
  2.4726737e-01
  1.7967153e-02
  7.0856398e-01
 -5.0320172e-01
  5.0469613e-01
 -6.7619067e-01
 -8.7737489e-01
  1.9620106e+00
 -1.1025129e-01
  1.5419097e-01
  1.5052406e-01
 -5.5575591e-01
  3.4523824e-01
  1.3953656e-01
  9.2794138e-01
 -1.5230179e-01
  2.7113512e-01
 -3.3668309e-01
 -2.7534753e-01
  2.2376932e-01
  8.4141290e-01
 -2.6260743e-01
 -3.2409722e-01
 -2.3339278e-01
 -1.7169802e-01
  4.5764861e-01
 -1.5559839e-01
 -1.4770505e-01
 -5.4348432e-02
  1.9859654e-01
 -9.4325417e-01
  2.0082353e-01
 -6.6961783e-01
  2.3344626e-01
 -4.0249103e-01
  7.9842716e-01
  7.1923572e-01
  9.7931791e-03
  3.7580454e-01
 -1.0361381e+00
 -3.8986298e-01
 -1.9849679e-01
 -1.3486196e-01
  8.5539803e-02
 -3.4897801e-01
  4.6465844e-01
 -5.0763714e-01
 -5.9841919e-01
 -1.9120732e-01
  4.0220764e-02
 -7.2837207e-03
  1.5339121e-01
  2.6653657e+00
 -6.1671466e-01
  5.1558071e-01
  3.5562658e-01
 -4.8599958e-01
 -3.4657082e-01
 -1.3770165e-03
 -2.4674344e-01
 -3.9933026e-01
 -9.5310800e-02
  2.6702669e-01
 -1.2179760e+00
 -1.0892725e-01
 -3.5364524e-01
  4.3247214e-01
  3.4239078e-01
 -5.1652527e-01
  1.2480492e-01
 -1.2600066e-01
  1.1014586e-02
 -1.3605042e-01
 -9.4831020e-02
 -2.9063687e-01
  4.7041458e-01
  2.3128353e-01
 -4.8858806e-02
  3.1739181e-01
 -9.9047974e-02
  2.4888822e-01
  1.1927800e+00
  2.5473359e-01
 -3.9896914e-01
  2.4694060e-01
  2.2602075e-01
 -5.7023005e-03
 -1.2292215e-01
  5.3447660e-02
 -6.8712816e-02
  4.4719562e-02
 -1.8440236e-01
  7.3193491e-02
 -4.2223108e-01
  1.2051260e-01
 -1.8778570e-01
 -5.3115839e-01
 -1.0635240e-01
  1.2347415e-02
  1.0811425e+00
 -6.2879987e-02
 -3.3598188e-01
  1.4341686e+00
 -1.1008784e-01
  6.9013260e-02
 -3.7690303e+00
  7.8105193e-01
 -2.3436026e-01
 -2.2095820e-02
 -1.1766603e-03
 -9.7757660e-02
  4.8215887e-01
  9.5578831e-01
  2.4851868e-01
 -5.4414463e-03
 -1.0502033e-01
 -1.6591606e-01
  3.2791939e-01
  6.6450872e-02
  1.2497277e-02
 -2.5762959e+00
  3.7927800e-01
 -2.6538858e-01
 -6.7410564e-01
 -3.6774781e-01
 -3.7804261e-01
  7.9496568e-01
 -1.4377889e-01
  5.8454648e-02
  7.4850574e-02
 -4.9472108e-02
 -3.4015168e-02
 -4.2730770e-01
 -1.3503905e-01
 -1.5680602e-01
 -5.6450450e-01
  1.3258848e-02
  3.9866827e-02
  4.4090738e+00
  5.3042728e-01
  1.0148060e-01
  8.4476888e-02
 -3.8432711e-01
 -3.9303791e-02
  5.7508420e-02
 -1.2778975e+00
 -8.6070704e-01
  1.0450263e-01
 -6.2241647e-02
 -5.0085652e-01
  5.3835547e-01
  3.5233125e-01
  1.1306989e+00
  2.4306169e-01
  1.2013525e+00
  1.1113658e-02
 -9.1491066e-02
  9.6140467e-02
 -1.1405943e-01
 -4.1663073e-02
 -4.5395534e-02
 -7.2908044e-02
 -1.7093027e-01
  3.2940739e-01
  8.9067802e-02
  4.8459047e-01
  1.8447165e-01
 -5.5429626e-01
  6.2949711e-01
 -8.3785556e-02
 -3.3891290e-02
  3.4546465e-01
  2.6400369e-01
 -7.9974401e-01
  3.4384161e-02
 -2.5912514e-01
 -2.1313800e-01
 -1.4023110e-01
  2.0144771e-01
 -1.9046004e-01
 -2.0265055e+00
 -4.9441233e-02
 -1.4464134e-01
  4.7096723e-01
  2.0417226e-02
  4.0709220e-02
  2.6900810e-01
  7.6957338e-02
 -5.5684811e-01
 -7.7255088e-01
 -3.8426064e-02
  3.5542950e-02
  1.7530431e-01
  4.9024653e-01
 -3.3382344e-01
 -1.3387839e+00
  7.4876256e-02
 -1.4584747e-01
  6.2693787e-01
  2.4559930e-01
 -1.0307908e-01
  5.7653755e-02
 -4.3468216e-01
 -6.7270100e-01
  1.7065799e-01
  1.7157898e+00
  4.5278776e-02
  1.6926128e-01
 -1.6839734e-01
 -1.3672426e-01
  3.0041173e-01
 -8.2965457e-01
  1.9376571e-01
 -5.7328034e-02
  3.3198422e-01
  1.2270068e-02
 -5.7916727e-02
  4.9961290e-01
 -1.6874614e+00
 -1.1096662e-02
  2.0637608e+00
 -5.5256361e-01
  2.4132192e+00
  2.2934318e-01
  1.4446075e-01
 -7.7569999e-02
  6.8075484e-01
  3.1671885e-01
 -4.5240827e-02
  5.9906945e-02
 -1.9089110e-01
 -4.9204625e-02
  2.0155072e-01
 -1.4836841e+00
  2.6330402e-01
 -2.2320843e-01
  1.0368101e-01
  3.0291840e-01
 -2.1967655e-01
 -3.9087859e-01
 -1.0996253e+00
  9.0459891e-02
  3.1210873e-01
 -3.3733773e-01
 -1.1172732e-01
 -4.2945459e-02
  5.5254370e-01
  3.9687160e-01
 -5.4744142e-01
  1.4912835e-01
 -2.8778672e-01
 -2.2750989e-01
  7.7690467e-02
  4.9520111e-01
 -1.6592751e-01
  1.6214401e-01
  1.0986879e-01
 -5.6497282e-01
  1.5834251e-01
  9.2519492e-02
 -3.3935580e-02
 -2.4430375e-01
 -5.1686919e-01
  5.6537051e-02
 -2.0519637e-01
 -3.0249303e-02
  3.5487178e-01
  2.5742812e+00
  4.0410253e-01
 -4.0078998e-01
  1.6280144e-01
  4.2839855e-01
  4.9419731e-01
 -1.5432473e-01
 -2.2928748e-01
 -2.5023869e-01
  9.1798836e-01
  6.0286984e-02
 -4.7427747e-01
  2.0062408e-01
  7.1953416e-02
  2.3047973e-03
 -1.3322692e+00
  1.2730916e+00
  1.3854675e-01
 -5.2066989e-02
  4.7307393e-01
 -1.6204946e-01
 -4.1391069e-01
 -2.5640351e-01
  3.4375826e-01
 -9.3096122e-02
  4.2856553e-01
 -3.6449450e-01
 -3.2880597e-03
  7.8381285e-02
  1.9197458e-03
  1.3411708e-01
 -6.4315386e-02
  1.2684326e+00
  5.0032073e-01
  1.9222561e-02
  1.6691779e+00
  1.0673729e-02
 -4.5225006e-02
 -1.2124427e-01
  4.9127558e-01
  3.4573978e-01
 -1.1488613e-01
 -6.8204947e-02
  2.1270996e-01
 -1.6954073e-01
 -5.9479952e-01
 -2.0624775e-01
 -3.0470476e-03
  3.1674296e-01
 -5.9785623e-02
 -1.5105791e-01
  3.7723713e-02
  1.1040320e+00
 -5.1818192e-02
  2.0612979e-01
  1.9730222e-01
 -6.0611004e-01
 -6.1254632e-01
 -1.5913779e-01
 -5.7600152e-01
 -6.3649797e-01
  2.3830088e-02
  4.0062818e-01
  3.3807838e-01
  4.2072231e-01
 -2.9025933e-01
 -1.6492061e-01
 -6.1810832e-02
 -1.0627472e-01
  1.0061504e-01
 -3.0610733e-02
  2.0321037e-01
 -7.4832678e-02
  9.3771122e-02
 -1.6167031e-01
 -2.8278717e-01
  3.0152056e-01
  5.3266741e-02
 -6.6683657e-02
  2.5135702e-01
 -5.3736947e-02
  9.3189812e-01
  6.6099100e-02
  3.0515426e-01
 -3.0751714e-02
  9.5685817e-02
 -2.0545889e-01
 -3.2358736e-01
 -8.6190529e-02
 -9.6008921e-01
  1.1847967e-03
 -2.7987054e-01
 -2.0607227e-01
 -5.9698480e-01
 -4.5213723e-01
  3.6015943e-02
  3.4358767e-01
  1.5322013e-01
 -1.2193625e-01
  1.6705340e+00
 -3.6923748e-02
 -6.4384997e-01
  6.1684947e-02
  2.0145452e-01
 -5.4957785e-02
  1.3125145e-01
 -8.6495817e-01
  3.7231740e-01
 -2.7364078e-01
  7.7670768e-02
 -6.2417293e-01
 -4.1643813e-01
  4.6552530e-01
  1.1896164e+00
  6.5207999e-04
 -7.4037468e-01
  1.2835129e-01
  3.8399225e-01
  1.7616580e+00
  3.6842799e-01
 -4.0594554e-01
  1.3403540e-02
 -2.6955506e-01
 -3.4186733e-01
  1.7841607e-01
  1.5693375e-01
 -2.6845902e-02
  1.3805179e-01
 -1.1586249e+00
  7.5541750e-02
  1.1075997e+00
 -7.0508830e-02
 -5.8516943e-01
  7.0708632e-01
 -9.6314259e-02
  1.7193542e-01
  1.3383687e-01
 -1.9258209e-01
 -1.9718252e-01
  2.8062848e-02
  6.5374032e-02
 -1.5800582e-01
 -3.7499696e-01
  2.6450378e-01
  5.7625377e-01
  2.7628011e-01
  1.8759707e-01
  1.3416547e+00
  3.6065078e-01
 -1.3082565e-01
  7.0693737e-01
 -2.4515682e-01
  5.1425705e-03
 -5.6811196e-01
  1.9423269e-01
 -5.6646621e-01
 -4.7961038e-01
  2.8149486e-01
 -6.0313630e-01
 -4.0285873e-01
 -7.6469921e-02
 -1.2951622e+00
 -1.5063679e-01
 -1.9926481e-01
  4.9079573e-01
  1.8265784e-01
 -5.8804560e-01
  8.9664221e-02
 -4.5821658e-01
 -1.3724270e-01
  2.6350695e-01
  6.7076072e-02
  2.3962554e-02
 -2.9290727e-01
 -1.4234295e-02
 -2.5356579e-01
 -7.4048007e-01
 -4.4393289e-01
 -3.1470002e-03
 -4.7526178e-01
  1.6655680e-02
 -2.0296256e-01
 -1.1248564e+00
  1.8706758e-01
  1.8960264e+00
  9.0890393e-02
  1.3162655e-01
  2.5484914e-01
  5.1532072e-01
  6.3047451e-01
  8.1581905e-02
 -4.4632366e-01
 -9.5206164e-02
 -1.6082086e-01
 -8.1553727e-01
 -5.3329997e-02
 -6.3673091e-01
 -7.7630693e-01
  5.1197648e-01
  1.9409205e-01
 -1.3288054e+00
 -6.7322540e-01
  7.6907498e-01
 -7.6609530e-02
  5.8419800e-01
  3.7680244e-01
 -5.8353741e-02
 -4.2148739e-01
 -7.9976106e-01
 -6.2390167e-02
 -3.6160266e-01
 -5.9894967e-01
 -2.9856709e-01
 -1.8072060e+00
 -4.9836501e-01
  7.3351991e-01
  3.1408500e-02
 -5.3429514e-02
  3.4957859e-01
 -3.1402609e-01
 -2.0852244e+00
 -4.5173182e+00
  5.1549882e-01
  2.0066924e+00
  1.8012410e+00
 -7.9733145e-01
 -2.2758190e-01
  7.7464867e-01
 -9.1279216e-02
 -1.0738736e-01
 -1.8944906e+00
  5.4697338e-02
  3.8628560e-01
 -3.3193445e-01
 -3.5581139e-01
  1.2065225e+00
  1.6894913e+00
 -2.8443143e-01
 -1.2952417e-01
 -3.0595310e-02
  2.4018710e+00
  5.6078267e-01
 -4.9688268e-02
 -1.3398273e+00
  7.2377324e-02
 -2.3159556e+00
  3.4733194e-01
  1.6876751e-01
  6.1025731e-03
  4.5771383e-02
 -9.8974720e-02
 -8.7556553e-01
 -2.8391153e-01
  3.2752332e-01
  1.3457197e-01
  5.0970858e-01
 -1.3196799e-01
 -7.8113414e-02
 -3.0888683e-01
 -4.1771767e-01
 -5.4150087e-01
  7.5602151e-02
  3.8805503e-02
 -9.3591017e-01
 -1.9268188e-01
 -3.4287614e-01
  6.5415937e-01
  6.1022434e-02
 -1.5830002e+00
  2.5478858e-01
 -2.5653842e-01
 -1.6622163e+00
 -4.0168744e-01
  7.7222520e-03
  2.1016744e-01
  4.5486140e-01
  1.5926647e-01
  1.3942153e+00
  5.0353026e-01
 -5.2795686e-02
  1.0744844e-01
  5.1867582e-02
  1.0109275e-01
  1.5622033e+00
  6.2414698e-02
 -1.4479672e+00
 -1.7013563e-01
  2.0628004e-01
 -8.1752634e-01
 -3.9850813e-01
  8.2004535e-01
 -1.2008954e+00
 -5.0138187e-01
 -1.9260408e+00
  1.7075621e+00
  6.0799050e-01
  2.6217738e-01
  2.4033515e+00
  2.6748755e+00
  4.1878310e-01
 -3.7323263e-01
 -8.8589311e-01
 -5.3739671e-02
  1.0876535e+00
 -1.1286070e+00
  3.6998812e-02
 -1.5925198e+00
  2.9514499e+00
  5.0983018e-01
  1.8446736e+00
  1.6052841e+00
 -1.6051142e-01
  1.0766957e+00
 -2.1371360e+00
  1.9963421e+00
 -1.3531562e+00
  1.6078332e-01
  4.6667087e-01
 -3.8776061e-01
 -3.9288116e-01
  4.7746673e-01
  3.1123111e+00
 -1.4707142e+00
 -3.2194987e-01
 -1.1480945e-01
  3.5245797e-01
 -5.7763863e-01
 -9.0219229e-01
  8.5089236e-01
  6.1950082e-01
  2.8485976e-02
  7.2080582e-02
 -2.6860034e-01
 -8.4227717e-01
  5.3703153e-01
  8.5488103e-02
  1.3723154e-01
  3.7347913e-01
 -7.1025252e-02
 -6.1886281e-01
 -4.7070164e-02
  1.0153104e-01
 -3.7534807e-02
 -5.8093214e-01
  6.9519550e-01
 -1.0185671e+00
  1.3537730e+00
  8.1328534e-02
 -7.4998364e-02
 -1.5469044e-01
 -2.9537266e-01
  1.2295654e-02
 -4.0642110e-01
 -4.8984277e-01
  3.4697935e-02
  2.4058655e-01
 -1.6440398e-01
 -3.4729111e-01
 -2.8298987e-02
 -3.0257232e-02
  1.0575328e-01
  1.0929696e-01
 -1.3626787e-01
 -3.0893531e-01
 -7.7500635e-01
 -3.7479632e-02
  5.5044014e-03
 -4.7992817e-01
 -2.1977015e-01
  1.8766694e-02
  8.1052703e-01
 -5.2282077e-01
  3.6961317e-01
  1.3448718e-01
 -2.7332783e-01
  1.6130698e-01
  6.9026932e-02
 -1.9107386e-02
 -6.1857253e-01
 -4.7432578e-01
 -2.0937477e-01
 -1.1470545e-01
 -1.8705288e-01
  2.5828549e-01
 -1.4367777e-01
 -3.6277041e-01
 -5.1985246e-01
  2.0623395e-02
  2.2516711e-02
 -3.1345972e-01
 -3.6976677e-01
 -3.3444220e-01
 -3.3353025e-01
  1.2743692e-01
 -6.1878598e-01
 -9.1754925e-01
 -1.9276187e+00
 -2.4049306e-01
 -2.3016551e-01
  1.7199785e-01
  1.8993667e-01
  2.8826678e-01
 -1.7859879e-01
  1.1392300e-01
 -2.7803263e-01
  1.2242094e+00
 -2.2475183e-01
  3.7293789e-01
  1.2616310e+00
  2.6299700e-01
  1.4778544e-01
 -3.7572387e-01
 -3.4012508e-01
  8.7938970e-04
 -5.3284693e-01
 -9.5092505e-02
  2.5876164e-01
 -2.3229612e-01
 -1.6758740e-01
 -3.1440252e-01
  1.9624649e+00
 -9.0253122e-02
 -7.7229038e-02
 -2.4884326e+00
 -5.6992367e-02
 -3.4450647e-01
  1.3598903e-01
  1.8490075e-01
 -5.7451934e-02
  1.3547879e-01
 -6.6253722e-01
 -3.2803139e-01
  1.6067190e-01
 -4.3900188e-02
  7.9955861e-02
  1.5038890e-01
 -6.1694944e-01
 -3.0014911e-01
  2.8343838e-01
 -2.6953366e-01
 -2.0647044e+00
 -2.6442862e-01
  1.4204513e-01
 -2.8001964e-01
  9.6957922e-02
  1.5904850e-01
 -9.2199661e-02
 -1.0981406e-01
  4.7258541e-01
  2.3759733e-01
 -1.9432101e-01
  1.4972536e-01
 -2.7768531e-01
 -4.2004935e-02
  7.0728159e-01
 -3.2196203e-01
 -1.2121484e-01
 -3.1303748e-01
  1.4795823e-01
  3.6486030e-01
 -1.5227747e-01
 -1.3883873e+00
  2.5618041e-02
  1.1070513e-01
 -1.4981975e-01
  2.3063707e-01
  2.8258964e-01
  4.2443237e-01
 -9.5830083e-02
 -7.6220876e-01
 -9.6710557e-01
  9.1344100e-01
  1.1896488e-01
  4.6751201e-01
 -2.6213344e-02
  5.3104633e-01
  1.2568589e-01
  2.6085421e-02
 -2.2532897e-01
 -2.4834795e-01
  8.5085459e-02
 -3.5185896e-02
 -4.7439054e-01
 -9.1803908e-01
  7.0138440e-02
 -3.5754636e-01
 -7.9860976e-03
 -1.5057139e-01
  2.9412692e-02
 -2.8636155e-01
 -1.7988305e-03
  1.9455146e-02
 -2.0276910e-02
 -2.2222230e-01
  7.7373564e-02
 -6.3857973e-01
  1.7216970e+00
  3.1025350e-01
 -5.0207295e-02
 -2.2589749e-01
 -1.0775708e-01
  1.0039160e+00
 -1.1362936e-01
  2.0824976e-01
 -1.5045726e-01
  1.7591986e-01
 -4.3890685e-02
  5.8652055e-01
  2.6353502e-01
 -7.2768688e-02
  7.3016062e-02
  5.0002652e-01
 -1.8190412e-01
 -1.0980788e-01
 -7.5418465e-02
  7.0646405e-02
 -1.9811785e-01
 -7.4087882e-01
 -2.7303743e-01
 -1.9876747e-01
  3.7580925e-01
 -2.2201546e-01
 -1.3350935e-01
 -3.9243174e-01
 -2.8306156e-01
 -9.4603002e-01
  3.3445773e-01
 -1.1557306e-01
  7.0238221e-01
  1.1365309e-01
 -1.0504313e-01
 -1.3787638e-02
 -2.4249314e-01
  3.2359076e-01
 -5.8675385e-01
 -7.3187703e-01
 -1.9272794e-01
  1.4171420e-01
 -2.5908384e-01
 -6.1737146e-02
  1.4664403e-02
 -2.0946698e-02
  3.6426264e-01
 -6.3528754e-02
 -2.6995444e-01
 -2.4670864e-02
  4.2799088e-01
 -2.0027645e-01
 -1.2467968e-01
 -1.1728594e-01
  2.4573530e-01
 -2.2962262e-01
 -7.8264350e-01
 -4.4804156e-02
 -3.5324958e-01
 -1.3395068e-01
  3.0334535e-01
  2.5844576e-02
 -7.6772287e-02
 -1.0565469e+00
  3.5181165e-01
  2.4393539e+00
 -1.0063360e+00
  1.6235921e-01
 -3.1792839e-05
  5.8413213e-01
  1.6126296e-01
  3.4355741e-02
  4.7950929e-01
  3.8771072e-01
 -1.6226455e+00
 -2.1271524e-01
 -3.2449853e-01
 -1.2886705e+00
 -1.2981358e-01
 -1.1613116e+00
 -4.2939028e-01
 -6.2016511e-01
  1.1827837e-01
  9.6343711e-02
  3.8307226e-01
 -3.4379181e-02
 -1.7962727e-01
 -4.8472327e-01
 -8.3180899e-03
  1.8680513e-01
 -4.1149385e-02
 -9.7975172e-02
 -3.8187957e-01
  6.6324812e-01
 -5.1640838e-02
  3.1588382e-01
  1.4644992e-01
 -8.8731158e-01
 -2.5419107e-01
 -1.4253747e-01
 -5.8755112e-01
 -2.5328221e-02
  1.5214187e-01
  1.4446343e-01
 -3.3420410e-02
  6.3348758e-01
  1.9490254e-01
 -1.9998750e-01
 -3.2341278e-03
  3.9567733e-01
  1.5880863e-01
 -2.1820042e-01
 -1.0125750e+00
 -8.0043964e-02
 -2.3333217e-01
  1.6878010e-01
 -4.2005467e-01
  6.1171019e-01
 -4.0046498e-01
  2.1861417e-02
 -1.3903801e-01
 -1.1479598e-01
  4.2541686e-02
  1.9822641e-01
 -7.7016741e-02
  6.4267403e-01
 -2.4840963e-01
  1.4228043e-01
 -4.4482328e-02
  8.7077193e-02
 -3.7730986e-01
  5.7305539e-01
  2.3020858e-01
 -1.4520809e-01
  8.8094854e-01
  2.1755055e-01
 -2.0049857e-01
  6.0185798e-02
  1.3947113e-02
  8.5999173e-01
 -3.2469485e-02
 -1.2187377e-01
 -1.1929730e-01
  3.3612289e-02
  1.3635121e-01
  6.4517599e-01
  3.9007362e-02
 -6.9220930e-01
  1.5809093e-02
 -1.7397632e-01
 -4.6804991e-01
 -7.0592687e-02
  1.7699665e+00
  2.3165497e-01
 -2.5282341e-01
 -3.3095028e-02
  8.8480073e-01
  6.6184178e-02
 -2.3813343e-01
 -8.3969291e-03
 -6.8057820e-02
 -1.4331576e-02
 -2.0790722e-02
  4.4082296e-01
  1.0528234e-01
 -2.8917882e-01
  1.8328769e-02
  4.2703328e-01
 -9.2834523e-03
 -1.1658721e-01
  1.7599180e+00
  1.8279748e-01
  1.0579395e+00
  1.0317641e+00
  1.0090651e-01
 -1.2779154e-01
  6.8562783e-02
  1.9164628e-01
  3.0836707e-02
 -1.9142538e-01
  2.9866885e-02
 -1.0085378e+00
 -4.2394841e-01
  2.0361556e-01
 -2.2024967e-01
  5.1524764e-01
  7.8581981e-02
 -3.1376526e+00
  1.4538921e-01
  6.5148848e-01
 -3.6873242e-01
 -1.8984526e-01
 -7.3518062e-01
  6.9076681e-01
 -1.1865296e-01
 -3.7070572e-01
 -7.0791578e-01
  2.8454772e-01
  2.5271751e-02
 -1.3430412e-01
  2.9810566e-01
 -3.2862782e-01
 -2.9902173e-02
 -2.2061617e+00
 -3.4957415e-01
  3.0560052e-01
 -6.7091715e-01
  2.5743464e-02
 -2.2620982e-01
  1.1986824e+00
 -1.0163993e+00
 -1.0562168e-01
 -1.6425933e-01
 -4.9046519e-01
 -1.9913086e+00
  1.1199490e+00
  2.0601846e-01
 -1.2854177e+00
 -3.4585169e-01
  3.5636497e-01
 -2.6572170e-02
 -3.4650177e-01
 -5.3542614e-01
 -6.2561922e-02
 -3.2889715e-01
  6.4068022e-03
 -2.4122247e-03
 -6.0573141e-03
  4.6432201e-02
  1.5696410e-02
 -2.3470038e-01
  8.0552176e-02
 -5.0706071e-01
 -1.5276654e-01
 -9.9373989e-02
 -3.7563242e-02
  1.2917171e-01
  4.8571381e-01
 -1.3937670e-01
  2.8964549e-02
  5.8604982e-02
 -5.6913223e-02
  1.9962127e+00
  9.9914655e-02
 -1.5036856e-01
  1.5909064e-01
 -4.5168731e-01
 -5.0254172e-01
 -7.8555785e-02
 -1.2046334e-01
 -4.9735865e-01
  2.4136643e-01
  5.6008153e-02
 -1.6594236e-01
  3.6825240e-02
 -2.1581614e-01
 -2.4499872e-01
 -6.0085672e-01
  3.5967119e-02
 -1.3420928e+00
  5.1923674e-01
 -2.8436086e-01
  5.4123825e-01
 -3.9942721e-01
  4.0990821e-01
  2.2401804e-02
 -4.8594616e-02
 -6.2463492e-02
  3.0394697e-01
 -4.0425170e-02
  2.9642713e-01
 -3.9249659e-01
  1.8711837e-01
  1.3039905e-01
  3.9666730e-01
 -2.9150173e-01
 -2.8242034e-01
 -1.3697711e-01
 -4.2312196e-01
  2.2358672e-01
  2.4690956e-01
  3.4257272e-01
 -4.7885156e-01
  2.2281840e+00
 -8.7620211e-01
 -1.7731563e+00
 -2.3332012e+00
  1.4915861e+00
  4.0792227e+00
  2.0491716e-01
  1.3949361e+00
 -1.3490676e+00
 -8.7064350e-01
  5.4165399e-01
  2.9370766e+00
 -4.3058462e-02
 -8.3293068e-01
 -3.2599708e-01
 -7.7064085e-01
 -1.4478943e+00
 -6.7169631e-01
 -3.3767492e-01
 -9.6128101e-04
 -4.3706052e-02
  1.4632012e-01
  3.5452768e-02
  2.2689268e-01
  3.2189050e-01
  3.7168038e-01
  3.4484610e-01
  3.3600840e-01
 -3.4111813e-01
 -3.0658064e-02
 -2.3101515e-01
  2.7001423e-01
 -2.1064457e-01
  1.8586800e-01
  3.6283836e-01
 -2.6756451e-01
 -5.2977890e-01
  7.4004102e-01
  9.8403192e-01
  9.2565559e-02
  6.7940247e-01
 -8.8416755e-01
  1.4334308e-01
 -2.2935754e-01
 -1.5631915e+00
  3.1748354e-01
  2.5574714e-01
  8.1701942e-02
  6.2414128e-03
  4.1168037e-01
 -1.1705019e-01
  9.3204904e-01
 -2.1535942e-01
 -5.7477497e-02
  9.9492790e-03
 -2.2891611e-02
  8.2008116e-02
 -1.1516778e+00
 -1.3415959e-01
  5.6792992e-01
  2.9059675e-02
 -8.0175728e-02
  7.8570998e-01
 -3.0249056e-01
  3.5505199e-01
 -3.4547833e-01
  2.6842186e-01
 -1.1553875e+00
 -8.4695652e-02
 -1.4385310e-01
  3.2023099e-01
 -1.9877224e+00
  6.8424530e-02
  1.4807296e-01
  3.0939648e-01
 -3.8224408e-01
 -1.1548740e-01
 -3.9888617e-01
 -7.3463678e-01
 -4.0291768e-01
 -1.5785217e-02
 -2.3929246e-01
  1.1877099e-01
  3.0864081e-01
 -1.3266686e-01
  2.0455836e-01
 -2.1460315e-02
 -2.3796891e-01
  8.9309406e-01
 -1.6615567e-01
  5.5119287e-02
  1.2938939e-01
  4.7992121e-02
 -4.0425533e-01
  6.4930069e-01
 -2.9548213e-01
 -2.7355674e-01
 -9.5534331e-01
 -3.1128499e-01
 -1.1273902e-01
 -1.8113680e-01
  1.6301821e-01
  1.7642456e-01
 -6.1565399e-01
  1.5004061e+00
 -1.0656514e-01
  6.8621315e-02
  1.0055083e+00
  5.4758232e-02
  1.6875561e+00
  3.7897345e-02
  2.4031359e-01
  6.6494614e-01
  2.1259853e-01
  1.4183746e-01
 -2.3831895e-01
 -1.6550100e-01
  1.0120571e-01
 -1.4043762e-01
 -2.6028904e-01
 -5.2368784e-01
 -8.0041938e-02
  1.5322064e-01
 -4.3384798e-02
 -4.1974876e-02
  3.6419073e-01
  8.7141818e-01
  1.2334913e-01
 -6.0728204e-01
  2.0144746e-01
  9.6021757e-02
 -4.0866333e-01
  4.0338168e-01
 -3.7581984e-02
 -1.7134251e-01
 -1.8666381e-01
 -3.7233043e-01
  7.0671725e-01
  5.6955107e-02
  6.1862171e-01
  3.4173861e-01
  5.2348644e-01
 -1.2497061e+00
 -2.2867501e-02
 -5.5332530e-01
 -1.2324010e-02
 -2.8098300e-01
 -4.4330499e-01
  1.2623681e-01
 -2.3323058e-01
 -6.1363112e-02
 -1.6430862e+00
 -2.9766652e-01
 -2.0160364e-02
 -2.9087406e-01
 -9.0937465e-01
  1.1340945e-01
  7.0812178e-01
 -7.2938837e-02
  6.6818476e-02
  7.0916399e-02
 -9.6506760e-02
  1.4549786e-01
 -5.7875589e-02
 -1.7444570e-01
 -2.5456320e-04
  8.5655630e-02
 -5.0401855e-01
  2.5413108e+00
 -1.4279889e+00
 -4.8335007e-01
 -4.4931468e-01
  4.5157135e-02
 -9.8024085e-02
  1.3334207e-01
  1.0142056e+00
  1.3280159e-01
 -2.2343160e-01
  2.1498054e-02
 -8.6740643e-01
 -3.5962361e-01
  1.5626448e-01
 -8.4593880e-01
 -1.1236982e+00
 -4.0813785e-02
  1.2209973e-01
  3.5961419e-01
  3.5851434e-02
 -7.6818436e-02
  1.7811967e-01
 -8.6993653e-01
  7.7880606e-02
  1.5355794e-01
  1.0357584e-01
  5.6406665e-01
 -4.3235630e-01
 -1.9938372e-01
  4.0307548e-03
 -3.0724469e-01
  1.1424912e-01
  2.5565854e-01
  1.2684959e+00
 -4.4950679e-01
  3.1203791e-01
  6.1786234e-02
 -3.0595767e-01
  3.1463817e-01
  2.3049743e-01
  5.1109426e-02
  3.9024696e-02
  6.1076081e-01
 -1.3775569e-01
 -1.5143910e-01
  1.0454007e-01
 -1.2999488e-01
  2.1297641e-01
  7.3673599e-03
 -5.5598378e-02
 -5.3369182e-01
 -2.1899450e-01
  4.7659528e-01
 -1.9402884e-01
  1.4009461e-01
 -1.0937103e+00
 -6.9550328e-02
  1.5642048e+00
  1.0889003e-01
  4.0458760e-01
  5.3068924e-01
  4.3361295e-02
  8.3447307e-02
 -8.9396310e-01
 -1.6013828e-01
  1.8804532e-01
  2.3092368e-01
 -5.3329170e-01
 -4.7901902e-02
 -3.3306348e-01
  2.4805062e-01
  2.2735567e-01
 -2.1959439e-01
  1.2742823e-01
 -3.9755282e-01
  1.8728249e+00
 -3.1643160e-02
 -2.4859333e-01
 -5.8102304e-01
 -4.3147322e-02
  2.6187062e-01
  1.6918480e-01
  3.1384416e+00
  1.4097352e+00
  1.1132861e-01
  2.1122277e-01
 -9.2955157e-02
 -1.3260914e-01
 -7.7089226e-01
 -5.0935555e-01
  6.9668733e-02
  1.5472662e-01
 -5.7734650e-01
  1.1488984e-01
 -4.3922421e-01
 -2.0743987e-01
  1.2508683e-01
 -4.2914677e-01
 -1.0543120e-01
 -4.2037420e-02
  2.8196466e-01
  2.5534010e-01
  2.8797776e-01
 -3.6075450e-02
 -8.2887632e-01
 -3.4356225e-01
 -3.0983850e-01
 -3.2543877e-01
 -4.8946729e-01
 -4.0928856e-01
  8.8882178e-02
  1.3386793e+00
  5.8553398e-01
  9.4127899e-01
  5.7826005e-02
  4.6600652e-01
  2.6530683e+00
  1.2167326e+00
 -1.7695013e-01
 -3.5262529e-02
  4.2180905e-01
  8.4732294e-01
 -2.4739540e+00
 -1.0000034e-01
  3.2478610e-01
  7.9867586e-02
  3.8338292e-01
 -2.3476042e-01
  4.2108458e-01
  4.3137217e-01
 -6.0953963e-01
 -6.1076976e-02
  2.0959334e-02
 -3.5117170e-01
 -1.9069204e-01
  8.1007116e-02
  5.1263824e-02
 -2.0373542e+00
 -1.4481682e-02
  3.7676883e-01
  1.1263627e-02
 -2.7694014e-01
 -4.5473987e-01
  4.1604477e-01
  1.7896936e+00
  2.0278421e-01
  1.2924567e-01
  1.2129631e+00
  8.7350100e-02
 -1.6975403e-02
  3.0821773e-01
 -6.4011306e-02
  3.1267589e-01
 -3.9086989e-01
  7.2178113e-01
 -9.2871778e-02
  1.8832186e-01
 -3.1805620e-01
 -2.2318004e-01
  2.7794954e-01
 -1.8897105e-02
 -1.2714863e-01
  3.6111253e-01
 -1.2514441e-02
  2.5591038e-02
  1.3352911e-01
  1.6277187e-01
 -2.2352288e+00
  2.0715739e-01
 -2.2764339e-01
  4.6894673e-02
 -3.2399863e-01
 -6.7580646e-01
 -1.4992230e+00
 -2.2720462e-01
  2.5401461e-01
  5.7347573e-02
  7.4034232e-01
 -4.3061671e-01
  8.7940335e-02
 -1.4709587e-01
 -4.2813745e-01
 -6.8504566e-01
 -6.8881023e-01
 -3.5185687e-02
  2.6916699e+00
  3.7153170e-02
  1.0345427e-01
  5.8583087e-01
  1.1752643e-01
 -2.6659390e-01
  7.2126053e-02
  1.3221699e-01
  1.0535713e+00
  3.7213724e-02
  1.8122359e-01
 -2.1516092e-02
 -5.2955848e-01
  1.7212620e-01
  7.1535212e-01
 -6.6020302e-03
  9.5905222e-02
  1.8038660e+00
 -1.1113660e-01
  3.0263099e-01
  2.0040198e-01
 -2.2039416e-01
 -3.9558828e-01
 -3.0179866e-02
  1.4090821e-01
  3.3226025e-01
 -1.4059880e-01
 -3.0660003e-01
  2.6366619e-02
 -1.6713658e-01
 -7.1508032e-01
 -6.7409986e-01
  1.7046511e+00
  2.6880008e-01
  4.0494531e-01
  2.0049234e-01
  2.7659964e-03
 -2.0621867e-01
 -1.4696908e-01
 -4.1684997e-01
  2.7681357e-01
  4.5446843e-02
  1.8586257e-02
 -5.2426320e-02
 -2.4321863e-01
  3.3519155e-01
 -3.1283706e-01
  2.6715401e-01
 -1.0481358e-01
  6.4328146e-01
  5.1306337e-01
  5.6115873e-03
 -1.2884063e+00
 -6.5356642e-01
 -8.2424963e-01
 -1.9162941e-01
 -6.5943015e-01
  2.0120379e-01
  7.7894920e-01
  4.9254778e-01
  1.9115691e-01
 -4.2746308e-01
  2.8790531e-01
 -5.1892918e-01
  9.6574646e-01
 -1.2892179e-01
  2.5282567e-02
 -7.9296336e-02
  4.9533013e-02
  8.7101674e-01
  6.4703709e-01
  1.4691225e-02
  8.9115888e-02
  3.1236565e-01
 -3.6604521e-01
 -3.9384371e-01
 -2.0244694e-01
  2.6136293e+00
  2.8832009e-01
  2.7389008e-01
 -4.0618765e-01
  4.2484533e-03
 -2.3187326e-02
 -3.1414294e+00
 -5.7274419e-01
 -2.3372369e-01
 -2.2771400e-01
 -1.6996260e-01
 -1.9248873e-02
 -3.8422015e-01
  3.6457941e-01
 -5.4059809e-01
  2.0806475e+00
 -3.2215691e-01
  2.3865156e-01
 -2.3941321e-02
 -3.6755148e-01
 -1.4168842e-01
  4.0599856e-01
  4.0858805e-01
  4.5399788e-01
 -1.8479010e-01
  9.4183302e-01
  3.7425789e-01
 -2.6097652e-01
  7.3590422e-01
  3.1765890e-01
  3.0490088e-01
  6.4257026e-02
 -3.8504370e-02
  2.2558239e-01
  9.8662823e-02
 -2.6694015e-01
 -8.5552074e-02
 -9.2093360e-01
 -3.9675933e-01
 -3.0189094e-01
  5.3062522e-01
  7.5397092e-01
 -1.0023231e-01
  2.0903187e-01
 -3.3799285e-01
  1.6783090e-01
  2.1575263e-01
  3.2329872e-02
  1.7304692e-01
 -3.7056303e-01
  2.1052201e-01
 -9.2220372e-01
  1.7974520e-01
  5.0494009e-01
  2.6468646e-02
  6.4804718e-02
  3.0688784e-01
  5.1625931e-01
  2.9425064e-01
 -2.2877848e-01
 -4.6562883e-03
  1.4351082e+00
  5.4432577e-01
  3.1139302e+00
  4.2315516e-01
 -6.1663568e-02
 -2.0945489e-02
  8.4890389e-01
 -3.4934174e-02
  4.7538224e-01
 -3.2071957e-01
 -1.6860035e-01
 -4.7676602e-01
  3.0724053e+00
 -4.0997010e-01
  1.4470021e+00
 -7.1833366e-01
 -2.7718918e+00
 -2.3800471e+00
 -2.2246506e+00
  2.9134631e-01
 -1.2685859e+00
 -3.7488067e-01
 -5.1145065e-01
 -1.0350180e+00
  9.8544401e-01
 -2.9675453e+00
  4.3943381e-01
  8.7795779e-02
  1.8892124e-01
  6.9034731e-01
  2.6374712e+00
  7.6239097e-01
  6.4914722e+00
  5.3060181e-02
 -3.7788364e-01
  1.1742034e+00
 -4.1288799e-01
 -4.7994575e-01
  2.4732502e+00
  3.1313378e-02
  2.6746410e-01
 -4.4303665e-01
  9.8520309e-02
 -4.1290632e-01
  6.3715529e-01
  1.2156124e+00
  1.0783337e-01
  3.1562179e-01
 -2.3850558e+00
  3.6295068e-01
 -5.5612851e-02
  1.2131667e+00
 -3.3321745e+00
  6.8566543e-01
  1.8255526e-01
  1.5829763e-01
 -6.8045771e-01
  6.6772234e-01
 -2.1658720e-01
  5.8795172e-01
  6.8310547e-01
  2.4003102e-02
  6.3880026e-01
  1.3423064e-01
  2.5631005e-01
  1.6423704e-01
 -5.8267400e-02
  1.0597340e-01
 -2.5962327e-02
 -9.1027506e-03
 -2.0826085e-01
 -5.0767821e-01
  3.3355749e-01
 -1.5062332e-01
  7.0996457e-01
  2.9733977e-01
  6.5359220e-02
 -7.0035167e-02
 -1.1309049e-01
 -1.7667292e+00
 -1.0663310e-01
  1.4310844e+00
  2.0208115e-02
  1.6482268e-02
 -5.1365024e-01
 -5.0968421e-01
  2.9656547e-01
 -1.8182389e-02
  9.0801680e-01
  1.8041636e-01
 -4.1515833e-01
 -1.9283410e+00
 -4.5793268e-01
  1.9074323e+00
 -1.6229311e-02
 -2.8418717e-03
  1.6347808e-01
  4.2911544e-02
 -6.2267575e-02
 -1.2468840e-01
  2.2837825e-01
  1.5190355e+00
  2.8588307e-01
  1.2129041e-01
 -6.8041754e-01
  7.0676804e-03
  2.4076760e-01
 -6.7066944e-01
 -3.3128387e-01
  2.2907113e-01
  6.7532206e-01
  2.5924078e-01
 -1.6730444e-01
  1.4488043e-01
 -7.7884603e-01
 -1.6795665e-02
 -7.7928698e-01
  7.4954921e-01
  3.7784234e-03
  4.6332183e-01
  6.1550677e-01
 -3.5313860e-02
  5.4770064e-02
 -1.0495919e+00
  3.4699731e+00
  4.0435754e-02
 -1.4624567e+00
  3.6872860e-02
 -1.2235755e-01
 -2.7957502e-01
 -2.4757543e+00
 -4.7707728e-01
 -1.7097624e-01
  3.3888001e-02
  7.3694628e-01
  1.7088820e-01
 -3.3155695e-01
  5.6246284e-02
  6.4317703e-01
 -1.4370592e-01
 -1.8952534e-02
  3.4697536e-02
 -1.5401320e-01
  2.2081691e-01
 -2.3141685e-01
  3.6559057e-01
  4.5082372e-01
  1.0774790e+00
 -1.8185541e-01
  1.3055879e-01
 -3.3952650e-01
 -2.4873948e-01
 -5.0104499e-01
 -5.6926399e-01
 -2.4986547e-01
  1.5697846e-01
  3.0026314e-01
 -3.3347875e-01
 -2.0345682e-01
 -3.3364628e-02
  1.9719915e-01
 -4.1298482e-01
 -3.7016237e-01
  1.8352319e-02
  1.8839573e+00
  2.4699476e-02
 -1.5404594e-01
  8.5561313e-02
 -2.8914127e-01
  3.2627064e-01
  1.7438525e-01
  1.0767349e+00
 -1.5437639e-01
 -5.9434497e-01
 -2.3777691e-01
  3.4991506e-01
  3.1959274e-01
 -1.0445945e-01
 -6.8494046e-01
 -6.9310975e-01
  1.0716532e-01
  9.7333096e-02
 -1.6657226e-01
 -2.3917824e-01
  5.3283300e-02
 -1.0443156e-02
 -1.9601032e-01
  4.7471976e-01
 -1.4159019e-01
 -3.4323879e-02
  2.6581243e-01
  1.2695055e-01
 -6.4725894e-01
  4.1157237e-01
 -5.7609487e-01
  6.2798455e-02
  5.8959756e-02
  2.0498340e-01
 -4.0318239e-02
 -3.2432169e-01
  5.0261199e-02
 -1.9395380e-01
  1.4337914e-01
  3.9982840e-01
 -7.4549802e-02
 -3.0242425e-01
 -3.0002850e-01
  2.4926881e-01
  5.6372499e-01
 -4.4510636e-02
 -4.9166039e-02
  5.3898519e-01
 -6.0046798e-01
 -7.5973260e-01
 -2.5976238e+00
  3.4639493e-02
 -1.2857445e-01
 -5.1686972e-01
  1.7302081e-01
 -3.4201908e-01
  5.2000684e-01
 -2.5148928e-01
  4.8647994e-01
  1.6159528e-01
  2.5232898e-02
  7.6041895e-01
  4.5679208e-02
 -2.9779159e-02
  2.2395106e-01
 -6.7464435e-01
  1.6535230e-01
 -1.2767787e-01
  2.1380647e-01
  8.2752734e-01
  2.7621454e-03
 -2.9159573e-01
  1.3456579e-01
 -2.0785260e-01
 -1.4230642e-01
  5.1349318e-01
  1.5989563e-01
 -4.7273716e-01
 -1.4271128e-01
 -5.7755921e-02
  2.3164785e-01
 -5.6631736e-02
  4.8704398e-01
  4.5137200e-01
 -7.5339729e-01
  2.9519510e-02
 -4.4653431e-01
  6.3583833e-01
 -2.0850569e-01
  3.9110944e-01
  3.5734534e-01
 -7.2961336e-01
 -8.4045930e-03
  4.8780662e-01
  3.0824151e+00
 -1.4675348e-01
 -1.4027271e-01
  2.2441604e+00
  7.8366496e-02
 -1.5208034e-01
  1.4682403e+00
 -8.2183099e-01
  3.5370775e-02
  3.5110500e-01
 -1.1891760e-01
  1.9208203e-01
  1.0104921e-01
  2.9384840e-02
 -4.3026638e-01
 -2.4952166e+00
 -1.9677797e-01
 -5.4670697e-01
 -5.4802269e-01
 -2.5505579e+00
  5.4716551e-01
 -4.1284138e-01
  1.9156042e-01
  3.4377124e-02
  2.6226917e-01
 -2.0638715e-01
  2.6639447e-01
  1.3423854e-01
 -5.2318484e-01
 -2.9983519e-02
  8.7032551e-01
 -2.8537452e-01
 -3.9307743e-01
  3.3894029e-02
 -6.9294047e-01
  1.8036407e-01
  4.2129677e-02
 -3.0117869e-01
 -3.7515324e-01
  2.4812648e-02
  2.7984586e-01
  4.6789166e-01
 -8.3795995e-02
  1.5353611e-02
 -5.9517272e-02
 -1.5667722e+00
  3.4613132e-01
 -1.9640645e-01
  2.8549538e-03
 -2.1168914e-01
 -3.7145624e-01
  8.3743662e-01
 -2.4345866e-01
  9.5582724e-02
 -1.0904097e-01
  1.4099953e-01
 -5.5919260e-01
  6.1851270e-02
 -3.2437554e-01
  2.8488243e-01
 -4.0243727e-01
 -2.9314896e-01
 -1.1250181e+00
  1.9190751e-01
  5.2443585e+00
 -7.8272325e-01
  2.7446277e+00
  5.1831502e-01
  3.7152067e-01
 -6.3375825e-01
 -4.9154794e-01
  3.7785691e-01
 -1.3130102e-01
 -1.2551743e-01
  1.4911495e-01
 -8.6112380e-02
  1.1288836e+00
  2.9752484e-01
  5.6435481e-02
 -1.5316845e-01
  8.0216628e-01
 -1.7419610e+00
  1.9522998e-01
 -8.3296746e-02
  2.9327023e-01
 -1.0580897e-01
 -2.4581364e-01
 -4.4133890e-01
  3.1569129e-01
 -4.6285126e-02
  1.2802821e+00
  2.1111046e-01
 -4.4062650e-01
 -1.2314565e+00
  1.3375939e-01
 -1.4905399e+00
 -1.6457487e+00
 -3.2101676e-01
  7.1538514e-01
 -5.8901668e-01
 -2.1786712e-01
  4.2520595e-01
  1.7000964e-01
 -7.9170179e-01
 -5.7502413e-01
 -3.0716491e-01
  6.7965493e-02
  1.0808868e-01
 -3.5943928e-01
  6.2645502e-02
  1.5706438e-01
  2.9680702e-01
 -2.0915131e-01
  2.6468781e-01
  2.3486382e-01
  1.0661648e-01
  2.9685453e-02
  3.7728259e-01
 -7.2431602e-02
  1.5837137e-02
  1.6623713e-01
  6.5792777e-02
  4.0522881e-02
  3.2769370e-01
 -5.2940142e-01
 -3.3923760e-02
 -8.1179172e-02
 -1.5042137e-01
 -8.0717146e-02
 -3.0094197e-01
  8.2199270e-01
  8.9777458e-01
  8.2875773e-02
 -3.1499249e-01
 -1.0746567e-02
 -4.6924695e-01
 -4.4385444e-02
 -4.2492479e-01
  1.6235243e-01
  2.2802064e-03
 -2.5375047e-01
  1.4224912e-01
 -8.7128513e-02
 -1.9199364e-01
  1.7817339e-01
 -5.6560022e-01
 -9.4847357e-01
 -4.5092732e-01
  9.6659285e-01
  8.3272189e-02
 -6.5237813e-02
  3.7820378e-01
 -1.2075065e+00
  2.2059573e-01
  3.2913673e-01
 -2.2094466e-01
  1.9882135e-01
 -3.4329109e-02
  5.4430142e-02
  5.6013739e-01
 -9.4294518e-01
  8.0942816e-01
 -1.3978408e-01
  2.2763873e-02
  4.2708284e-01
  1.0937420e+00
  2.4264607e-01
 -5.0704885e-01
 -2.9442478e-02
  4.0411177e-01
 -7.4757540e-01
  4.5757718e-02
  3.1796061e-02
  6.8068492e-01
  7.7071793e-02
 -8.0644153e-03
 -3.7553972e-01
 -6.2513133e-03
 -4.2777112e-01
  6.7307276e-01
 -7.6603456e-03
  9.0435654e-01
 -4.7984877e-01
 -7.2398418e-01
  2.4785328e+00
 -3.2499701e-01
  2.8180873e-01
  5.7384032e-01
  1.6599956e-01
 -4.9517247e-01
  2.0479522e+00
  4.8860453e-02
  4.2028180e-01
  8.6256826e-01
  3.9163333e-01
 -7.5060797e-01
 -3.5680231e-01
 -1.6298203e+00
 -2.4694902e-01
  9.9654526e-01
  4.6180862e-01
  7.7059329e-02
 -1.8292238e+00
  2.8002818e+00
 -9.9309331e-01
 -1.3919948e-01
 -1.2563709e+00
 -4.3389893e+00
 -7.4589759e-01
  1.1369083e-01
  9.7029650e-01
  2.2810328e-01
 -1.3370746e+00
 -1.2583834e+00
 -2.8616818e-02
 -2.5986242e-01
 -8.8192141e-03
  1.6839579e-01
  1.2511926e+00
  8.4964818e-01
 -1.4562597e+00
  7.3286223e-01
 -3.9553395e-01
  2.2547983e-01
  3.1366649e-01
  3.4731761e-02
 -2.5937125e-01
  9.7179137e-02
  1.2851317e+00
 -5.9187984e-01
 -3.9161801e-01
  3.5044798e-01
 -1.1234245e-01
 -1.9266731e-01
 -2.9726288e+00
  1.2898827e+00
  8.9799452e-01
 -9.5052123e-03
  6.9729972e-01
  3.5402053e-03
  5.4720783e-01
  2.0840549e+00
  6.2117305e-02
  7.1128629e-02
  2.5254852e-01
  5.0965209e-02
 -1.4377432e+00
 -1.3271740e-01
  7.2151822e-01
 -1.3611300e+00
 -2.3473011e-01
  2.6936823e-01
 -1.0884224e+00
  3.9160821e-01
 -5.9176415e-01
  1.3629097e-02
  1.0119137e+00
 -6.1067337e-01
  2.1940969e-01
  1.1103213e-01
  1.6488472e-01
 -1.3714634e-01
  6.1242229e-01
  2.0319836e-01
 -8.4701830e-01
  1.4094611e-01
 -1.0999328e-01
 -2.9200993e-02
 -1.8545102e-01
  1.2833410e-02
  2.1180548e-02
 -4.0058005e-01
  3.3460131e-01
 -6.1032897e-01
  5.2700168e-01
  8.8668957e-02
  2.2004888e+00
 -1.6944081e-01
  3.0473769e-01
  2.1767075e+00
  4.5162912e-02
  3.6095739e-03
 -7.5032473e-01
  1.7333685e-01
  6.4879388e-01
 -2.3715641e-01
  3.2825950e-01
  1.3446905e-01
 -3.6199203e-01
  3.4628683e-01
 -7.9936403e-01
  2.3697667e+00
  6.4836144e-02
 -1.2218593e-01
 -2.0529781e-01
  1.6682731e-02
  2.3348461e-01
  1.5474565e-01
 -3.8945219e-01
 -4.1364637e-01
 -1.0676997e-02
 -6.0658511e-02
  2.7117616e-01
 -6.4629292e-01
 -2.9442650e-01
 -5.7287288e-01
  5.1687610e-01
  1.7297074e-01
 -2.2415023e-01
  4.6201095e-02
  6.6247833e-01
  6.8419971e-02
  1.1408068e+00
 -3.5357852e-02
 -1.2987714e+00
 -1.0254048e+00
 -3.1992143e-01
  1.9883661e-01
 -2.3156479e-02
 -1.4557446e+00
  4.3734661e-01
  2.3325223e-01
 -5.0613517e-01
  4.4432381e-01
 -2.1523902e-02
  6.5960750e-02
  4.2831857e-02
  1.6626571e-01
 -2.7425632e-01
  6.5827936e-01
  7.9884130e-01
 -5.2272761e-01
 -2.8679353e-01
  8.8877970e-01
 -1.5207581e-01
  1.3565499e-01
  9.2786171e-02
  2.4007809e-01
  7.6240349e-01
 -3.2646126e-01
  1.0484723e+00
  2.1419649e+00
  1.4481009e-02
  6.1446333e-01
 -1.6761625e-01
 -1.6857551e-01
  2.6373237e-02
  8.2839364e-03
  1.4630181e-01
  4.7352046e-02
 -1.8957439e-01
 -2.6618479e-02
  4.4098920e-01
 -2.7455224e-02
 -4.2924470e-01
  7.2742844e-01
 -2.7056283e-01
 -8.4715709e-02
  1.6432168e-01
  3.5938871e-01
  2.5170279e-01
  5.2729905e-01
  1.8949555e-01
  2.5573683e-01
  5.7041484e-01
  1.2567319e-01
  1.0792294e+00
  2.0107904e-01
  7.5819278e-01
 -8.9393455e-01
  6.3909435e-01
 -1.5751419e+00
 -2.2709876e-01
 -1.7207038e-02
 -4.5261899e-01
 -1.5967804e-01
  1.3345583e-01
  9.3045819e-01
  2.6308110e-01
  2.6172921e-01
 -7.8064248e-02
 -6.3721323e-01
 -6.9614165e-02
 -4.5988575e-01
  8.8865024e-01
 -2.7545139e-01
 -4.4860789e-01
  2.2823045e-01
  3.4569255e-01
  1.3284624e-01
  2.2707658e+00
  5.2339405e-01
 -5.8195066e-02
  2.3047182e-01
  2.0178765e-01
  5.5315787e-01
  5.8421742e-02
  4.8437189e-02
  5.2206063e-01
 -3.4310579e-01
 -1.1960312e-01
 -9.9807300e-02
  3.6903167e-01
 -1.3545275e-01
 -2.3777278e-01
 -7.8117006e-02
 -1.9759918e-02
  3.1123704e-01
 -1.8533431e-01
  3.4069458e-01
  1.0459250e-01
 -4.8186809e-02
 -4.5790088e-01
  3.7310174e-01
 -6.3600600e-01
 -4.1618194e-02
 -4.0928289e-01
  2.5853786e-01
 -2.1206603e+00
 -5.7974303e-01
 -4.6563089e-02
 -5.5223101e-01
  2.0491433e+00
 -5.1655620e-01
  1.4478497e-01
  5.0941270e-02
  3.8710028e-02
 -1.5636270e+00
  3.2026437e-01
 -2.4276072e-02
 -1.0845635e+00
  3.2354397e-01
  3.1470248e-01
 -8.5307732e-02
  4.8797685e-01
 -9.6332371e-02
  9.9824488e-02
  9.7599304e-01
  8.4328008e-01
  1.1644990e+00
  2.7222121e-01
 -1.7199355e-01
 -1.4117958e-02
  4.4935051e-01
  1.0089693e+00
 -2.2077711e-01
  4.6220562e-01
  2.9916776e-02
  1.9186431e-01
  1.0901792e+00
 -2.9703680e-02
  4.8603967e-02
 -2.5804946e-01
 -3.2404667e-01
  8.6030187e-03
  1.4033788e-01
 -2.4367450e-01
  2.8393987e-01
  7.6472022e-02
  5.2355802e-01
 -1.5714726e-01
  3.2858604e-01
  4.7756496e-01
  3.2165641e-01
  3.5584995e-01
  5.2222282e-01
  3.0493112e+00
  1.8858810e-01
 -2.2394210e-01
  2.1420840e-02
 -5.4426640e-01
  1.4451046e+00
  1.2295543e-01
  1.1988450e-02
  3.8182467e-01
  2.4564097e-02
 -1.4675684e-01
 -1.6705823e-01
  1.0766497e+00
 -7.0281923e-01
  1.1806753e-01
 -7.1886528e-01
 -6.6958827e-01
  2.4891421e-01
  8.1721939e-02
 -1.4312267e-01
  4.1896313e-01
  1.2361555e-02
  2.5671479e-01
  1.5950492e-02
 -8.4209770e-01
  2.0485282e-02
  9.9862790e-01
 -3.8264704e-01
  5.7458276e-01
  5.5819476e-01
 -3.2981411e-01
 -3.1633225e-01
  5.0702984e-03
 -3.0471775e-01
 -1.3422316e-02
 -4.7349939e-01
  2.3502305e-01
  3.1120580e-01
 -1.6324748e-01
 -2.0287699e-01
 -8.3004780e-02
  2.2305760e-01
 -2.4133012e-02
 -1.1111593e+00
  3.4728274e-01
  2.2842641e-01
 -1.5453611e-01
 -1.1998486e-01
 -2.6051209e+00
 -7.1318790e-02
 -8.9280313e-01
  2.9631374e-02
  1.7270960e-02
  4.3802878e-01
  9.1394949e-01
  1.9072827e-02
 -3.6967257e-01
 -2.6743633e-01
 -2.3623091e-01
 -9.5420815e-02
 -5.4091078e-01
 -5.4969341e-02
  5.7311740e-02
  9.8136373e-02
  2.3705581e-01
  5.2729356e-03
 -5.7059014e-01
  3.2306444e-02
 -4.1664931e-01
 -1.1130828e-01
 -3.1674701e-01
 -3.7742012e+00
  4.1076627e-01
  7.0376784e-02
 -6.2053448e-01
  5.0992054e-01
  1.4276302e-01
 -3.6941403e-01
  3.6872786e-02
  6.6614449e-02
  8.6604580e-02
 -4.3732607e-01
  2.9599544e-02
 -2.8202593e-01
 -5.6536692e-01
 -4.3053263e-01
  9.1810212e-02
 -1.0441292e-02
 -5.8491284e-01
 -1.6554126e-01
  3.3226827e-01
  4.3183759e-01
  3.9316028e-01
  7.8129895e-02
  1.6607571e+00
 -1.4390914e-01
  3.8967632e-02
 -4.2184287e-01
 -8.5942620e-01
 -2.8798353e-02
 -4.1485173e-03
  2.9717028e-01
 -1.7554219e-01
  3.1030722e-02
 -4.8195701e-02
 -1.0309252e+00
 -2.8995100e-01
 -2.4068831e-01
 -2.1095538e-01
 -1.1879489e+00
  1.3673685e-01
 -8.1106529e-02
 -3.4702638e-01
  3.5479581e-01
  9.7324632e-02
 -3.8336790e-01
 -2.2688557e-01
 -3.2867646e-01
 -3.4448206e-01
  5.3231871e-01
  3.6380801e-01
  1.0993306e-01
  1.8179539e-01
  7.8531933e-01
 -2.1650121e-02
  2.6118073e-01
 -1.9702965e-01
 -4.6663633e-01
  1.7991929e-01
  2.3743485e-01
 -4.5574959e-02
 -1.2122350e-01
  3.8999140e-01
  1.4253598e-01
  2.2695513e+00
 -1.0256173e-02
  1.2462640e-01
 -4.3818229e-01
 -6.2261182e-01
 -3.0284706e-01
 -2.4178085e-01
 -1.0282139e-01
  4.7206989e-01
 -2.8974929e-01
  6.0752028e-01
 -2.3253257e+00
 -5.5734062e-01
 -7.2684282e-01
  2.0999873e-01
  9.4257140e-01
  5.0712323e-01
 -2.5790331e-01
  6.2877141e-02
 -3.0633733e-01
  1.8702857e-01
  1.2072241e-01
 -6.5463990e-01
 -4.8898540e-02
  3.4545144e-01
  1.5335868e-01
  2.7851224e-01
 -2.1965227e-01
 -8.8333118e-01
 -1.6160779e-01
 -1.9128969e-01
 -1.8008257e-01
  1.5482637e-01
  2.6632143e-02
 -1.6487790e-02
 -3.5984224e-01
  1.1717133e-01
  2.7603937e-02
  2.3007408e-01
  9.0039104e-02
 -5.3558290e-01
 -8.8891023e-01
 -3.4637474e-02
 -5.6577826e-01
  9.4245091e-02
  1.3260496e-01
 -3.0651698e-01
  7.2446477e-01
  2.2823039e-01
  5.0760698e-01
  1.1079901e-01
  4.4118461e-01
  8.9741874e-01
  5.0890762e-02
  2.8951408e-03
 -9.9685647e-02
 -4.8938283e-01
  1.8710464e-02
 -2.2428171e-01
 -2.4233890e-01
 -2.5958154e-01
 -4.4836217e-01
  2.0788744e-01
  9.0777919e-02
 -7.3198959e-02
 -1.4279176e-02
 -4.9693845e-02
 -3.8572383e-01
 -6.5429509e-01
 -3.7410417e-01
  7.1201354e-01
  1.7611271e-01
 -6.3534431e-02
  2.2960976e-02
  2.6563352e-01
 -4.0439886e-01
 -2.4440812e-01
 -7.7801965e-02
 -1.3636206e-01
  2.0109349e-01
 -3.0685133e-01
 -2.5660235e-01
  1.3140235e-03
  4.9768215e-01
 -1.8641615e-01
 -7.0628911e-01
 -1.5328816e-01
 -3.0498153e-01
  9.0937119e-04
 -1.2647867e-01
 -1.0077245e+00
 -7.1511395e-02
  2.4536383e-01
  7.3135775e-01
  5.0298238e-01
  3.1918433e-01
 -3.9826915e-02
 -7.8460377e-01
  1.8552773e-01
 -7.5747818e-01
 -5.9579748e-01
  6.4146809e-02
  3.4738910e-01
  3.8553819e-01
  1.3246629e+00
 -5.1938640e-03
 -7.4988413e-01
  7.0731831e-01
 -3.4889939e-01
 -3.0441633e-01
  1.5852709e+00
 -7.2605932e-01
  5.5004776e-01
  1.1689383e-01
 -3.7504357e-01
 -4.5531966e-02
  5.6870878e-02
  1.7235124e-01
 -4.7921631e-02
 -4.3015782e-02
  2.0675590e-02
 -2.4401738e-01
 -3.4189245e-01
 -4.4683218e-01
 -8.8326669e-01
 -2.6638394e-02
 -7.5760549e-01
 -1.7267844e-01
  1.8228878e-01
 -2.9919981e-03
  4.4884406e-02
  4.2176935e-01
  2.5786003e-01
  6.2041208e-02
 -8.7855555e-02
  8.1741847e-02
 -1.4048667e-01
  1.3998934e+00
  5.4561329e-01
 -1.6898157e-01
  1.1742232e-01
  7.1822464e-02
  2.3930956e-01
 -2.5742412e-01
  1.3548452e-01
  1.2027196e-01
  1.2784958e-01
 -2.3137941e+00
  5.4143143e-01
 -1.8980125e-01
 -1.6324054e-01
 -2.6049173e-01
 -4.4868294e-02
 -4.4859380e-02
 -1.7186946e-01
 -1.0395392e-01
 -1.6935557e-01
 -2.2291286e-02
  2.4402405e-01
  1.4260039e-01
 -6.8148160e-01
  9.8786600e-02
 -4.2060725e-02
 -2.6656109e-01
 -2.2320600e+00
  2.9483715e-01
  1.2714645e+00
  3.8074082e-01
 -5.7132252e-02
 -2.0776093e-01
  1.7432880e-01
 -8.6582887e-01
  8.2100935e-02
 -2.8768519e-01
  6.3708343e-02
 -1.0219008e-01
 -9.2322074e-02
  2.5181663e-01
  6.0126286e-02
  3.0839257e+00
  1.9816017e-02
 -2.2905077e-01
 -1.6141371e-01
 -4.7760880e-01
 -2.2007482e-02
 -9.8877251e-01
 -7.4781567e-02
  2.1340367e-01
  2.3327522e-01
  7.4376725e-02
  4.8044291e-01
  3.7385821e-01
 -6.9482781e-02
 -8.9246713e-02
  1.0514200e-01
 -3.9239105e-02
  9.1794103e-01
  1.8397591e-01
  2.0145134e-03
 -4.1822362e-01
  3.4104943e-01
  2.6414284e-01
  1.3914254e-01
 -4.3736860e-01
 -2.3196927e-01
  4.5083424e-01
  6.8835443e-01
 -4.6692941e-02
  7.5298584e-01
 -2.3380549e-01
 -7.8356542e-02
 -1.4100136e-01
 -2.4436592e-01
  3.4270976e-02
 -1.2726715e-01
  1.0137875e-01
 -1.7115104e-01
 -2.0979115e-01
 -1.8993406e-01
  4.8002499e-01
  6.7582458e-01
  2.7330345e-01
  6.9571400e-01
  1.9741716e+00
  1.1533993e-01
  6.3539964e-01
 -3.1328824e-01
 -7.2230972e-02
  8.9712963e-02
  1.0616391e-01
 -7.8555804e-01
 -7.3514706e-01
 -6.4367652e-01
  1.5226988e-01
  5.2628458e-01
  1.7695546e-01
  1.6927812e-02
  3.8879672e-01
 -3.4751192e-01
  4.3398249e-01
 -3.2524380e-01
 -3.0919787e-01
  6.7189324e-01
 -4.2957708e-01
  5.2144859e-02
 -2.2365227e-02
  1.1947972e-01
 -1.0752099e-02
  1.3497752e-01
 -1.8048055e-01
 -2.6287356e-01
  4.5673895e-01
 -9.5965695e-03
  5.3639168e-01
 -6.2146598e-01
 -4.0388000e-01
  2.0678641e-01
  3.7103947e-02
  4.8108464e-01
  9.3123876e-02
  5.6257810e-02
  2.7412131e-01
 -5.5262256e-01
  4.9062248e-02
 -2.4845736e-02
  1.1667997e-01
  3.7464994e-01
  3.2816902e-01
 -3.2860100e-01
 -1.0905523e+00
 -9.6487015e-02
  9.8324455e-02
 -3.3490919e-02
 -8.4940322e-02
 -7.6215374e-01
  1.0614485e-01
  4.4178200e-01
  2.1672587e+00
 -2.1079237e+00
  7.4518852e-02
  9.7854090e-01
 -3.6261618e-01
  7.1945691e-01
  6.7680120e-02
  1.0581493e-01
  9.4839126e-01
  2.2805638e+00
 -4.5025977e-01
 -4.6556320e-02
  1.1553930e-01
 -2.4801254e-02
  2.0899655e-01
 -1.0649559e-01
 -5.2445346e-01
  7.3765151e-02
 -1.0414101e+00
 -6.1097747e-01
 -3.7817258e-01
  5.3993356e-01
  1.2561044e-02
 -2.5729361e+00
  3.3215484e-01
 -5.0980713e-02
  9.9551432e-02
 -5.8458704e-01
  5.3468950e-02
 -2.7942979e-01
  2.2158692e+00
 -2.2882761e-01
 -9.4652385e-01
 -3.0143794e-01
  3.1824130e-01
  1.0326798e+00
  6.5302950e-01
 -2.0244313e-02
  4.3499988e-02
 -2.4114673e-01
  1.0307943e+00
  2.8404492e-01
  2.4990585e-01
 -1.2781908e-01
  3.1450215e-01
 -8.8815707e-01
  7.8209616e-02
  5.0161779e-01
  1.1729360e-01
 -6.9071185e-03
  2.5596133e-01
 -2.8876221e-01
 -3.1953752e-01
  9.1147900e-01
 -2.1812826e-01
  7.1813919e-02
  2.9190022e-01
 -2.9441315e-01
  9.9995919e-02
  1.2088726e-02
  5.1263765e-02
 -1.3227780e-02
  1.1538196e-01
  7.9946354e-02
 -4.4771960e-01
  2.3716228e-02
 -5.3074449e-02
 -1.4742644e-01
  9.2856473e-01
 -2.4571978e-01
 -4.1163657e-02
  3.5881531e-01
 -5.2320588e-01
 -9.9779271e-02
 -9.6843457e-01
 -4.2260811e-02
 -5.9315976e-02
  4.0080529e-01
 -1.7646611e-01
  1.0074264e+00
 -3.4505322e-03
 -3.6075708e-01
 -8.1037842e-02
  1.1717302e-01
 -2.1317112e+00
 -7.4313259e-01
  8.2430348e-02
 -2.1837881e-01
  7.7438730e-01
 -1.3078590e-02
  8.8556267e-02
  2.2758322e-02
 -1.6530943e-01
  2.4287184e-01
 -1.3522366e-01
  1.0774984e+00
  2.1375175e-01
 -8.2990631e-02
 -1.1469553e+00
  1.0367901e+00
  4.2702823e+00
 -4.9272102e-01
 -1.4523201e-01
  8.0214745e-01
  6.5323591e-01
  2.4267694e-01
  1.4136679e-01
 -1.0162818e-01
 -1.1968836e-01
  2.2923663e-01
  1.7251229e-01
  4.4714350e-01
 -1.3277008e-01
  1.6409044e-01
  1.1519539e+00
  3.9603341e-02
 -1.6175660e+00
 -3.0739674e-01
 -1.9557959e-01
 -1.3512094e-01
  1.1052588e+00
 -1.4973733e+00
  7.6704204e-01
 -2.7874708e-01
  1.1836194e-01
 -2.9666308e-02
 -1.9053203e-01
  2.4727162e-02
  1.1722549e+00
  4.8572797e-02
  1.3646395e+00
  3.4880802e-01
 -1.9871294e-01
  1.9339352e+00
  4.1172197e-01
  7.1884108e-01
 -2.2614267e-01
 -5.1157045e-01
  1.5063371e-01
 -7.4749762e-01
  5.9663349e-01
 -3.6067015e-01
  4.0247467e-01
 -1.3917853e-02
 -6.9220021e-02
  1.2096239e-02
  6.1165541e-02
 -1.0625561e-01
  8.4922269e-02
  3.7585229e-01
 -1.9719742e-01
  3.7250969e-01
 -5.8619939e-02
  7.2839633e-02
  1.8156181e-01
 -1.0383304e-01
  3.6733812e-01
  7.7559888e-02
  1.8281952e-02
 -4.4507614e-01
 -9.2443615e-02
  3.6326092e-02
  1.2249690e-01
 -1.6405486e-01
  6.2891400e-01
 -2.6980145e+00
 -6.7373883e-04
 -1.5363771e+00
  3.1733007e+00
 -1.6515352e+00
 -3.1050346e+00
  5.7673049e-01
  1.0716183e+00
  4.2142382e-01
 -5.3845924e-01
  8.9622565e-02
 -4.7314596e-01
  3.0051842e-01
  1.9775774e-02
 -7.7623562e-03
 -4.1582352e-01
 -1.3976073e+00
  3.0083516e-01
 -3.8854444e-01
  1.1403396e-01
  3.9188761e-01
 -9.3226634e-02
 -2.6531178e-01
 -6.5561712e-01
  2.7468691e+00
  7.7009952e-01
 -2.8419637e-04
 -7.2332457e-02
 -4.1635564e-01
  3.5063483e-02
  1.1590908e-01
  2.0971990e-01
  1.7102678e-01
  7.9641473e-01
  1.0486990e+00
 -1.6193597e-01
 -5.6080770e-01
 -1.1576055e+00
  2.1603154e-01
 -4.8870778e-01
  2.0097660e-01
 -1.0629596e-01
 -2.7548948e-01
  5.1296882e-02
 -1.9276644e-01
  1.2566309e+00
 -6.5692067e-01
  5.1606309e-01
  8.9250589e-03
 -6.5690541e-01
 -1.6129788e-02
 -5.9402031e-01
 -5.1485735e-01
  3.6690909e-01
 -4.5535946e-03
  6.7036694e-01
 -9.5246351e-01
 -3.4148711e-01
 -2.8878424e-01
 -3.6332825e-01
  1.0519469e-01
 -1.3614711e-01
 -1.3719515e+00
 -1.3817933e+00
  2.1097550e-02
  8.4446162e-01
  6.7086861e-02
 -3.5280462e-02
  4.1321355e-01
 -7.7794984e-02
 -2.6486853e-01
  1.9446330e-01
 -3.8121742e-01
 -2.4939711e-01
  5.7514859e-03
  2.9304385e+00
  2.7556303e-01
  2.5645733e-01
 -2.9117015e-01
  3.3469972e-01
 -1.6162869e-01
  1.2536763e-02
 -5.7111152e-02
  6.7328773e-02
  5.6055075e-01
  2.9585749e-01
  4.9301067e-01
 -8.6661234e-02
  6.3755691e-02
 -2.5652194e-01
  6.0898006e-01
  1.4319701e-01
  7.3279661e-01
 -3.6787754e-01
 -3.9338109e-01
  2.6578683e-01
 -6.2515938e-01
 -1.3824008e+00
 -9.9643481e-01
 -5.9658033e-01
  1.4749646e-01
  4.3090761e-01
  6.6105813e-01
 -5.0094169e-02
 -9.2455283e-02
  6.3365710e-01
  5.1587015e-02
  2.9102221e-01
 -1.8105148e+00
 -2.0978076e-02
 -2.2943476e-01
  3.5914642e-01
  5.2673471e-01
 -1.8440659e-01
 -3.3214188e-01
  1.8581828e-01
  1.0710143e-01
  9.8713064e-01
  2.6150104e-01
  1.2064562e+00
  1.2955733e-01
 -2.2904746e-01
 -5.6513894e-01
 -6.4800397e-02
 -7.6252478e-01
  1.0332615e-01
 -1.4470646e+00
  2.7150676e-01
 -2.2447483e-01
  3.3846852e-01
 -2.0135649e-01
 -1.9439998e-01
 -2.3403332e-01
  5.1480752e-01
 -1.8919279e-01
 -1.1740307e-01
  3.0960608e-01
 -4.4606718e-01
 -1.5461133e-01
  3.8665272e-02
 -4.1493663e-01
 -2.0079570e-02
  3.2519612e-01
  3.1169292e-01
 -5.1980484e-01
  2.5789428e-01
 -1.9649717e-01
  3.3978024e-01
  3.2040840e-01
 -1.7737933e-01
  1.0244299e-01
 -1.7123371e-01
 -6.5863431e-02
 -2.4739066e-01
 -6.4928293e-02
  8.9992356e-01
 -1.6249731e+00
  1.6367726e-01
 -8.9470327e-01
 -1.9815214e-01
  9.3924797e-01
 -5.1204032e-01
 -2.7969804e-01
 -1.7762501e-02
  3.9914903e-01
  1.4638892e+00
  1.1213051e+00
 -1.0937295e-01
 -1.0872708e-01
 -3.3181846e-01
  1.7788013e-02
 -1.7765173e+00
  6.9704428e-02
  4.7114244e-01
 -9.1417264e-03
 -5.5685956e-02
  5.2970731e-01
 -7.1702737e-01
  1.4143004e-01
 -8.5318714e-02
 -1.2277009e-01
 -2.0919751e-01
 -5.4564905e-01
  1.4581487e-01
 -2.1268010e+00
 -2.2781606e-01
  9.3891293e-01
 -9.7821124e-02
 -3.2898796e-01
 -6.5224242e-01
  7.8480840e-02
 -7.6252311e-02
  2.5950009e-01
 -4.6879661e-01
  7.0029235e-01
  6.7881590e-01
 -1.2179421e-02
 -7.6652996e-02
 -3.8490844e-01
  1.7784813e-01
  1.9316930e-01
  3.5064486e-01
 -1.5365667e+00
 -8.0799931e-01
  1.4327651e-01
 -5.4568011e-01
  1.6853441e+00
  1.0819665e+00
 -7.6334989e-01
  2.5986144e-02
 -1.7337638e-01
  2.8882980e-01
 -1.6052727e-01
 -1.1719574e-01
  1.1462584e-01
  5.6060302e-01
 -1.9922535e-01
  1.4763329e+00
 -7.6134831e-02
 -7.6796412e-02
  1.1479468e-02
 -7.1753848e-01
  1.2034985e-01
  1.0772703e+00
 -1.4946051e+00
 -1.1300075e+00
  1.3368495e+00
  9.9339473e-01
 -1.0137565e+00
  1.4846424e+00
 -9.1667330e-01
 -3.4800240e-01
  1.3007408e+00
  4.8800588e-01
  2.3812938e-01
  4.6042415e-01
  9.4273394e-01
  3.8785622e-01
 -6.7490256e-01
 -1.3470832e+00
 -1.3566625e-02
 -1.3546942e-01
 -3.6044806e-01
 -5.7431859e-01
 -3.0815682e-01
  1.2646055e-01
 -3.2449905e-02
 -1.2920399e+00
  6.0969543e-01
 -1.2359498e+00
 -6.2713987e-01
  3.1280485e-01
  1.7682528e-01
 -2.6229972e-01
  3.6471638e-01
  1.6220595e-01
 -3.1091049e-01
  3.1673336e-01
  2.8924024e+00
  1.2155792e-02
 -3.5741322e-02
 -5.3039230e-02
 -6.5042160e-02
  2.9024306e-01
 -2.4510907e-01
  6.6609281e-01
 -1.6668067e+00
 -6.5857536e-01
  1.3223499e-01
  1.2464504e-01
 -8.3656144e-01
  2.2058304e-01
 -4.5953941e-01
 -1.2906106e-01
 -7.2417808e-01
  4.9317500e-01
  1.6361986e-01
  5.3636365e-02
 -2.0554948e-01
 -3.6346796e-01
  1.3592051e+00
  4.3664333e-01
 -1.6952717e-01
 -3.0245507e-01
  8.9217150e-01
 -4.2030954e-01
 -1.6929312e-01
 -4.6848732e-01
 -1.0465798e-01
 -1.8653972e-01
  2.3784712e-01
  3.9968827e-01
  4.0200353e-02
 -1.7732963e-01
 -1.8778970e+00
  5.0753891e-02
 -1.8445386e-01
 -3.6511250e+00
  8.0940992e-02
 -7.7584910e-01
 -7.0218332e-02
  4.3267533e-03
  6.4805502e-01
  3.5706329e-01
 -1.0260133e-01
 -3.6226419e-01
 -4.9878699e-01
  1.9050847e-01
  6.5833902e-01
 -8.5390693e-01
  2.3340297e-01
 -5.6259491e-02
  2.1367219e-01
  4.5514444e-01
  3.3288485e-01
  1.3462351e-01
 -8.8864452e-01
 -9.4133222e-01
 -8.5364699e-01
 -3.9129728e-01
  6.8314642e-02
 -4.7075123e-01
  3.0603105e-01
  4.5119379e-02
 -1.2200752e-01
  2.7348464e+00
 -2.3412947e-01
 -8.5793018e-01
 -2.9339266e-01
  5.5971670e-01
  1.1553114e-01
 -2.5210944e-01
 -2.3196176e-01
 -3.2109818e-01
 -5.1132506e-01
 -1.4675931e-02
  5.7969034e-01
  6.0186371e-02
 -3.0382419e-01
  4.0852916e-01
  8.5025722e-01
 -2.0135987e+00
 -9.4315386e-01
  2.4470152e-01
  8.1025517e-01
  2.4893291e+00
  4.2481524e-01
  5.1862526e-01
  2.8709108e-01
  1.2036040e-01
  7.9785186e-01
  9.7227514e-01
  8.6344264e-02
 -4.6403497e-02
  2.0370951e+00
  3.7896022e-01
  1.4014391e+00
  1.9083828e-01
 -3.3972615e-01
 -3.4020665e-01
 -2.5254384e-01
 -5.9034389e-01
  9.7830266e-01
 -3.4681197e-02
  1.8800560e-01
  3.6484501e-01
 -2.3384295e-01
 -5.1459527e-01
 -7.4284083e-01
  9.7364360e-01
  1.6859213e-01
  1.5348551e-01
 -3.4356769e-02
  3.2507066e-02
  2.5875884e-01
 -1.3731052e+00
 -8.6691612e-01
  2.5703618e-01
  2.5795296e-01
  2.9083356e-01
 -1.2050799e-01
  2.7566859e-01
 -2.4623527e-01
  1.3434364e-01
  1.9611567e-01
 -8.6051278e-02
 -3.6861888e-01
 -2.1790703e-01
 -1.2066960e+00
  7.2524351e-01
 -4.9564603e-01
 -4.4136474e-01
 -2.0527045e-01
  3.6735535e-01
  4.5082711e-02
  1.6536620e+00
 -1.2491951e+00
  2.8917214e-04
  9.5831817e-01
  2.1516964e-01
 -2.9841846e-02
  5.3768271e-01
 -6.0924721e-01
  4.9113117e-02
  1.4588542e-01
  2.2841723e-01
 -9.8761797e-02
 -1.2008380e-02
 -1.5731758e-01
  5.4961614e-02
  2.3875637e+00
 -5.7290196e-01
 -1.8361048e-01
 -8.6351037e-01
  1.2012763e-02
  7.8589141e-02
  1.7961515e-01
  2.3282854e-01
 -6.6627033e-02
 -1.6391732e-01
 -3.1581555e-02
  1.2415434e+00
 -3.2441780e-02
 -7.2666220e-02
 -2.4182281e-01
  1.1639251e+00
  4.9403137e-01
 -1.1513252e-01
  1.7226538e-01
 -1.3030253e-01
 -2.9809400e-01
  1.5790539e-02
 -7.0676357e-03
  2.3474988e-01
 -2.5138468e-01
  3.2735080e-02
  6.0311690e-02
  6.8174589e-01
  7.0293307e-02
 -2.9906926e-01
  9.3650192e-01
  8.7842874e-02
  8.1276834e-02
  9.2564428e-01
  4.5534664e-01
 -1.6037962e-01
 -1.4556766e+00
 -8.7077349e-02
  2.0923962e-01
 -3.1422431e+00
 -2.9848518e-02
  2.1146640e-01
 -1.0320470e-02
 -2.9864445e-01
 -3.2817230e-01
  1.2478817e-01
 -1.9577019e-01
  5.6211051e-02
 -2.0036912e+00
 -2.0022935e-01
 -1.6698277e+00
 -9.5026642e-01
  6.7297810e-01
  8.7584868e-02
  1.2859234e-02
 -2.2428966e-01
 -2.8814063e+00
  8.7845951e-01
  8.8204843e-01
 -5.8644131e-02
 -1.6822149e+00
  4.4798806e-01
  1.3149753e+00
  1.1629689e+00
  1.7326229e+00
  1.8518171e-01
  2.3149723e-01
 -9.1912419e-01
 -4.9321190e-02
 -2.2914039e-02
  8.1306702e-01
  1.5128542e-01
 -8.8080563e-02
 -1.1793748e-02
  2.7241161e-01
  2.7981815e+00
  5.9068412e-02
 -1.6649662e-02
 -1.6116419e+00
  7.0247143e-03
 -2.3575996e-01
 -4.7499967e-01
 -3.5427240e-01
  2.4694393e+00
 -1.4765865e+00
  2.7369007e-01
 -4.2723081e-01
 -3.3288550e-01
  1.2725093e+00
  2.5706272e+00
  1.6182617e+00
 -1.5680629e+00
 -9.5626362e-02
 -2.8763428e+00
 -4.9597666e-01
 -1.7821026e-01
 -2.2528143e+00
 -1.4609741e+00
  6.3364834e-01
  3.3271793e-02
  1.4849326e-01
  7.5868266e-03
  1.7681672e-01
 -4.7662817e-02
 -4.7333494e-01
  7.2751935e-03
 -3.0380771e-02
  3.6966693e-02
 -1.6110335e-01
  8.4645975e-01
 -7.0713621e-01
  6.0872242e-02
 -6.5429404e-02
  1.0378966e-02
 -3.0072561e-01
 -3.8487133e-01
 -6.4744627e-01
 -2.0500585e-02
 -1.5399513e+00
 -5.0299770e-01
 -2.1159422e-01
  5.1741982e-01
 -1.6753808e-01
 -2.4425907e-01
  1.0457960e-01
 -1.0301792e-02
  9.3781024e-02
  1.7797653e-01
 -7.2662130e-02
  3.8826525e-01
  4.6566135e-01
 -7.7640772e-02
 -2.6519708e-02
 -4.6670631e-02
  2.6538089e-01
  3.4278548e-01
  5.0361706e-03
  6.7071688e-01
 -3.8554832e-02
 -2.6685157e-01
  1.0880833e-02
  5.2564943e-01
  8.5498941e-01
 -8.3147772e-02
 -2.3812494e+00
 -3.9383319e-01
  1.1763379e-02
 -2.4204013e-01
  6.0490340e-02
  1.8393238e-01
  1.0903572e-01
  3.7540268e-02
 -6.3810442e-03
  1.0129321e-02
 -4.3532854e-01
 -2.1439099e-01
  3.7899965e-01
 -1.0506159e-01
 -1.1183231e+01
 -6.3509721e-01
 -1.0892584e+00
 -7.9804629e-01
 -3.5127465e-02
 -3.6419129e-01
  1.7537531e+00
  7.4656326e-01
 -2.8107479e+00
 -2.1939609e+00
 -8.1726366e-01
 -8.2216427e-02
  4.2972760e+00
 -2.3820944e-01
  3.3584194e+00
  1.1868318e+00
 -1.2584713e+00
  2.6780314e+00
 -2.8147607e+00
  4.6635690e-01
 -1.9405303e+00
 -2.2216711e-02
  9.6481019e-01
 -2.2236147e+00
  3.3991435e+00
 -1.8397634e+00
  5.3794676e-01
  8.8599128e-01
 -5.0392139e-01
 -3.1270072e-01
  4.6982944e-01
  3.6448726e-01
  2.1402674e+00
  2.8849247e-01
  1.0476015e+00
 -8.0487561e-01
  8.1597650e-01
  1.5843598e-02
  1.4688776e+00
 -1.3468246e+00
 -2.6065223e-02
  1.5725616e+00
 -1.0720185e+00
  1.9300562e-01
 -3.1540279e+00
  2.8021874e+00
 -6.4663135e-02
  1.1568055e+00
  9.2489964e-01
  1.7517600e+00
  5.3738183e-01
  1.7606323e+00
  2.5088400e-01
  8.7381124e-01
  1.2674423e+00
 -6.8275565e-01
  3.5295103e-02
  2.5725422e+00
  9.8419029e-01
  5.8899850e-01
  4.4569933e-01
 -5.2958465e+00
 -1.3652740e+00
  6.3857496e-01
 -2.7916175e-01
  1.7183301e-01
 -2.1802027e+00
 -5.0385392e-01
  1.6895958e+00
  1.6438311e+00
 -2.9571733e+00
  1.9278912e-01
 -1.0231311e+00
 -6.6907531e-01
 -3.6552235e-01
 -3.4121530e+00
 -1.4340457e-02
  9.3389601e-01
  1.0082041e+00
 -1.6323342e+00
 -1.9868094e+00
 -6.6396743e-02
 -1.6746985e+00
 -3.9767531e-01
  2.2652283e-01
 -2.4141394e-01
  1.6657251e+00
  2.6154561e+00
 -1.5873346e+00
 -2.4293976e+00
 -8.0164725e-01
 -9.1603599e-02
 -1.0695258e-02
  3.4285147e-02
  1.6116151e-01
  2.4449325e-01
 -6.4667147e-01
 -2.6147577e-01
  6.1433744e-01
 -8.7624145e-01
  9.0238857e-01
 -5.0812411e-01
 -1.0003668e+00
 -5.8588606e-01
 -1.3421680e+00
  9.0109491e-01
 -2.2081139e+00
 -1.3122832e-03
 -1.1478127e-01
  7.6987910e-01
  1.9760116e+00
 -1.5019768e+00
 -1.0497568e+00
 -1.1386552e+00
  3.5819721e-01
  2.0394783e+00
  3.4976490e+00
  8.3987057e-01
 -1.9111264e+00
  1.9714496e-01
  1.8941993e+00
 -4.2775642e-02
  2.0373937e-01
  1.8427376e-01
 -1.0243493e+00
 -1.6969693e-03
 -3.4185634e+00
  1.2213432e-01
 -6.3707775e-01
 -1.4438697e+00
 -9.1230422e-02
 -1.1197020e+00
 -1.9431887e+00
  1.2153465e-01
  1.4288657e+00
  1.4559916e+00
  4.9126238e-01
 -6.1010146e-01
 -4.9658151e+00
 -7.0007309e-02
 -4.3412158e-01
  1.1514411e+00
 -1.0976840e-02
 -1.4170088e+00
  2.0119948e+00
 -8.0970824e-01
 -9.1571772e-01
  7.9798496e-01
 -2.3204322e-01
 -8.0445677e-01
  1.6743548e+00
 -2.6416400e-01
 -6.0098857e-01
 -5.8625108e-01
 -7.4299347e-01
  3.4930533e-01
  3.8696626e-01
 -9.8388070e-01
 -4.2118198e-01
  7.0178801e-01
  3.7359229e-01
 -1.3605487e-01
 -2.1321058e-01
  1.1414696e+00
 -4.0369616e+00
  5.4772514e-01
 -1.0766678e-01
  8.3398652e-01
  2.0445657e+00
  1.1594950e+00
  3.8019085e+00
  2.1402845e+00
 -1.5375451e-02
  3.5922047e-01
  2.0270333e-01
 -1.0129441e+00
  5.9806907e-01
 -6.5462261e-01
 -1.8504027e+00
 -3.0331451e-02
 -1.0057496e-01
 -2.9682758e+00
 -2.7260721e-01
 -2.9407270e+00
  1.1413440e-01
 -1.5626982e+00
  1.6762395e+00
  1.3518876e+00
 -2.9790813e-01
  1.6735567e+00
 -3.1565193e-02
  1.7052416e+00
 -3.4525847e-01
  6.0599089e-01
 -1.9045478e+00
  2.7707413e-01
  3.1380866e+00
 -8.5003443e-02
  9.8359650e-01
 -8.0583386e-02
 -6.8800211e-02
  6.6923565e-01
 -3.2731918e-01
 -1.2705501e+00
 -5.2995884e-01
  1.4431981e+00
  2.0066187e+00
  1.3764942e+00
  2.8398879e+00
  2.6129692e+00
 -4.5596603e-01
 -8.5763830e-01
  1.5760001e+00
  2.3859663e-01
  2.4436905e+00
  2.2162373e+00
  2.4856496e-01
 -3.3735794e-01
  1.1842133e+00
 -8.3099864e-02
 -1.3097464e+00
 -6.2728107e-02
  2.5569720e+00
  1.1328011e-01
  1.6704024e+00
 -4.9078548e-01
 -3.8936234e+00
 -8.6849946e-01
  1.4006859e+00
  6.5185420e-02
 -6.9831777e-01
 -1.4591751e-01
 -6.1820036e-01
 -3.1743486e+00
  1.6876900e+00
 -2.6429384e+00
 -1.0602223e+00
  1.2343981e+00
 -1.3013176e+00
 -1.9006439e+00
  1.9501860e+00
 -7.8623481e-03
  1.3699377e+00
  1.3864764e+00
  7.0451671e-01
 -3.7675974e-01
  2.6331201e+00
 -2.4795033e-02
  3.1262568e-01
 -1.4991052e-01
  2.8343866e+00
 -1.6864343e+00
  4.7859576e-01
  1.4812580e-01
 -3.1769398e-01
  1.3783597e+00
 -3.2987174e-01
 -2.4074808e-02
 -8.5828626e-01
 -2.5172801e+00
 -1.1539037e-01
 -1.7910742e+00
  2.0299737e-01
 -4.7233173e-01
 -6.5900117e-01
  6.2643123e-01
 -1.5577981e+00
  1.0873448e+00
  6.1572766e-01
 -3.0334431e-01
 -2.2642920e+00
  8.4552991e-01
 -2.6058576e-01
  2.0552146e+00
  2.5327849e-01
  3.9061312e-02
 -2.3480266e-02
 -2.2844179e+00
  5.5099028e-01
 -1.5893353e+00
 -8.2583735e-03
  1.3199660e-02
  1.3464112e+00
  5.7182622e-01
  2.2294489e-01
  1.5859658e+00
 -1.7764688e+00
  2.2739019e+00
  2.1844737e-01
 -5.1140707e-02
 -1.4390491e+00
  3.9807999e-01
  9.8563582e-01
  2.9145098e+00
 -2.7080147e+00
 -1.0810059e+00
  2.3479519e+00
 -2.4053569e+00
 -2.2642201e-01
  1.7102177e-01
  1.4511593e-01
  1.0848551e-02
  1.2180941e+00
  1.2669195e-01
  3.7057716e-01
 -4.4648826e-01
 -3.5364822e-01
 -1.4286910e-01
  6.6187650e-01
 -1.6890947e-02
  1.8461180e+00
  9.2494828e-01
 -6.9710100e-01
 -3.7652951e-01
 -1.6216101e-01
  1.6452945e+00
  6.8050170e-01
  1.2682586e+00
  2.5063372e-01
  1.3387897e+00
 -6.7568278e-01
 -7.2282177e-01
 -3.4496844e+00
 -4.6200280e+00
  1.0515957e+00
  8.4834717e-02
  6.4496391e-02
 -2.7066078e+00
 -1.4138714e-02
  1.7365735e+00
  1.2883328e+00
 -1.1426880e+00
 -2.0541320e+00
 -8.6537093e-01
  2.4205720e-01
 -4.7035981e-02
  1.8164216e-01
 -2.0644171e-02
  6.7858911e+00
  3.9930797e-01
 -3.1084523e-01
 -3.2691262e+00
 -2.6831430e-01
  1.3387711e+00
 -1.4210597e+00
 -7.4345726e-01
  3.5679240e+00
  5.1590949e-01
  1.3207902e+00
  3.5115089e+00
  1.0531610e+00
  3.9442091e+00
 -1.5976202e+00
 -2.5696960e-01
 -5.2833390e-01
  5.6223061e-02
  5.7593524e-01
 -2.5207983e-02
 -1.0606797e+00
 -2.7437562e-01
  8.2207847e-01
 -3.2013237e-01
  4.3816414e-01
 -2.1743160e-01
 -1.4985915e-01
  2.1150215e+00
  1.0221386e+00
  3.3939719e-01
 -2.0869808e-01
  4.0220153e-02
 -1.0701116e+00
  2.8373351e+00
 -3.0091672e+00
 -8.4850621e-01
  3.3817568e-01
  1.2433090e+00
  9.5571768e-01
  1.7747364e+00
  1.4315224e+00
 -5.0258690e-01
 -9.8487085e-01
 -9.4346976e-01
  1.1210073e+00
 -1.8376215e-01
 -1.0083086e+00
 -1.2127413e+00
 -1.2327096e-01
 -1.2608542e+00
  2.7629316e-01
 -7.8138870e-01
  1.1530282e-02
  9.2950678e-01
 -1.1105568e+00
  1.0530585e+00
 -3.1916473e+00
 -1.3268028e+00
  3.9385629e-01
 -1.4464328e+00
 -2.2126253e+00
 -2.7012765e+00
  1.5405776e-01
 -1.2789458e+00
  1.5614954e+00
 -8.5406530e-01
  2.5469771e-01
 -1.6818857e-02
 -1.6197133e+00
 -2.8902015e-01
 -5.4944891e-01
 -1.0144136e+00
 -1.0769776e+00
  8.7474942e-01
  1.9116788e+00
  8.2778609e-01
 -1.7766154e+00
  3.3988729e-03
  9.6255792e-03
 -1.6091913e+00
 -2.6658309e+00
  1.2488239e-02
 -4.8452926e-01
 -2.1440048e+00
 -1.3787781e+00
  1.2361065e+00
  2.4580324e-02
  5.3608984e-01
  1.3698950e+00
  8.0423409e-01
 -4.5226280e-02
  8.6632305e-01
 -2.6396942e-01
 -2.2021334e+00
 -5.2227473e-01
 -2.5793359e+00
 -8.8096052e-01
 -2.0185287e+00
 -8.1423885e-01
  1.5520827e-01
 -1.1664854e+00
 -1.1230947e+00
 -1.6276108e+00
 -9.7172767e-01
 -9.2961434e-03
 -3.0892581e-01
  6.8784946e-01
  1.3158617e+00
  1.2338480e-01
 -1.3604252e+00
  3.7266219e-01
  1.6094722e-01
 -4.1338615e+00
  1.5531874e+00
 -1.2879536e+00
 -5.7804370e-01
 -8.7604058e-01
 -1.3930243e+00
 -1.8007648e-01
  3.6251634e-01
  4.6799183e+00
  8.0355716e-01
  1.5381350e-01
 -6.3223290e-01
 -7.5833511e-01
 -1.7237395e-01
 -4.6926698e-01
  1.5682155e-01
 -8.5920602e-01
  2.6369059e-01
  6.3131735e-02
 -1.1668211e+00
 -9.5358258e-01
 -3.4046714e+00
  1.0155416e+00
  1.5700966e+00
 -2.4221423e-01
 -1.0292856e-01
  1.0873358e+00
 -2.3522146e+00
  5.7802957e-01
  6.8521595e-01
 -7.2236109e-01
  2.1284256e+00
  5.9638214e-01
 -1.6830111e+00
 -3.6219454e-01
 -1.1295402e+00
 -6.4814933e-02
 -8.5222024e-01
 -3.2852154e-02
  8.6018288e-01
  2.8611491e+00
  4.0753514e-01
 -1.3686451e+00
 -1.9514717e-02
 -2.1463037e+00
  1.6152669e+00
 -5.6636488e-01
  3.4273785e-01
 -1.6579565e+00
 -3.8699810e-03
 -1.4938796e+00
 -1.0464592e+00
  4.3934438e-01
 -7.2485405e-01
  1.9456421e+00
  1.1366913e-01
 -3.8474700e-01
  1.1710023e+00
 -2.9266659e-02
  1.1250647e+00
  1.8464619e+00
  8.4847018e-02
 -1.6261128e+00
  1.1073589e+00
  1.7046812e+00
  3.7377828e-01
 -3.5072976e-01
  7.9940833e-02
  5.3453464e-02
  1.7769217e-01
  2.3985577e+00
  3.1840239e+00
  1.2289859e+00
  6.4862895e-01
 -3.1259231e-02
 -1.4404824e+00
 -5.9246266e-01
 -5.9334511e-01
 -6.6693807e-01
 -9.5797533e-01
  2.1858420e+00
  4.3690750e-01
 -5.5469203e-01
  2.4535582e+00
 -5.5054827e+00
 -2.4461508e+00
 -8.0483037e-01
 -2.6100109e+00
 -1.1913219e-01
 -3.7113157e-01
  6.8245202e-01
 -1.7615858e-01
 -4.6956822e-02
 -2.2800207e+00
  1.0008802e-01
 -1.1515852e-01
 -9.3773466e-01
  7.2521918e-02
  4.3655235e-01
  2.5687821e+00
  1.5439630e+00
  3.7451003e-02
 -2.4485192e+00
 -6.5535480e-01
 -4.2504776e-01
  1.6635282e+00
 -1.6974339e+00
 -1.8994092e+00
  2.7376518e+00
 -4.5844048e-01
 -4.1230860e-01
 -4.3513814e-01
  1.0940651e+00
  1.1243271e+00
  1.5760263e+00
 -6.7294461e-01
  1.5945883e-01
 -1.3758171e+00
 -1.0162743e-01
 -2.1286982e-01
 -7.4185610e-01
  2.3754229e-01
  4.1440576e-01
  2.2352828e-02
  6.3647521e-01
 -2.5938758e-01
 -1.0793053e-01
 -9.9655457e-02
 -2.9422815e-03
  3.9296114e-01
  4.7612723e-02
 -4.6143673e-02
 -5.8925945e-01
 -1.7364838e+00
 -3.1564653e-01
 -1.1972923e-01
 -4.2814608e-03
 -3.7966621e-01
  3.4269640e+00
 -1.4829636e-03
 -1.2693604e+00
 -1.0896702e-01
 -1.0309663e+00
 -8.9782721e-01
 -1.6689295e+00
 -8.6862125e-02
 -4.6127960e-01
  6.2520009e-01
 -3.1133547e-01
 -1.1154799e+00
 -3.3684340e-01
 -2.3876715e-01
 -1.0863930e+00
 -1.1763625e-01
 -3.6894327e-01
 -3.9302845e-02
  7.9212159e-01
  7.5776078e-02
 -3.6443576e-01
  4.0592691e-01
 -1.4059128e-01
  8.1647158e-01
 -1.4082150e+00
 -4.7265477e-02
  3.1567919e-01
 -4.9870181e-01
  6.8108100e-01
 -2.3300627e-01
 -1.7905071e+00
 -1.1871754e+00
  1.7111202e+00
 -1.1756139e+00
  2.6521799e-01
  3.6867911e-01
  3.2946655e-01
  4.6938028e-02
 -1.6603244e-02
  6.8453985e-01
  1.9422085e+00
  1.1682061e+00
 -2.9584038e-01
 -3.4447286e-01
  1.2056098e-01
 -7.8368492e-02
  8.2349914e-01
  2.8252947e-01
 -4.0908992e-01
 -3.7996322e-01
 -1.0231971e+00
  4.6633089e-01
  7.8551006e-01
 -2.7677184e-02
  8.0270505e-01
 -8.0370106e-02
  1.2869000e-02
  3.5351367e+00
  9.3898267e-02
 -1.1391155e+00
  4.6255791e-01
  3.9971733e-01
  2.0547954e-03
 -3.8526267e-01
 -4.1682997e-01
 -8.3440864e-01
 -1.2229246e-01
  1.5464259e+00
  2.5517663e-01
  1.6418821e-01
  4.2541325e-02
  2.6057371e-01
  5.5084783e-01
 -1.3570760e-01
  1.9251828e-01
 -1.0027127e+00
  1.7574135e-02
  6.8525088e-01
 -4.0861654e-01
 -3.3153966e-02
  2.7852660e-01
 -7.9867822e-01
  5.3230786e-01
  6.6997659e-01
  2.0783665e+00
 -1.6823776e+00
 -3.9183921e-01
 -3.8038474e-02
  1.1851748e+00
  1.1146535e-02
 -2.0401189e+00
  6.7747958e-02
  1.2025764e-01
 -3.3410445e-01
  9.5860988e-02
  9.9262977e-01
 -5.9038705e-01
  3.1664205e-01
 -1.9649519e-01
 -9.7885448e-01
  1.1646292e-01
 -3.4694731e-02
 -2.3603747e+00
 -1.0375620e-01
 -2.1933045e+00
  8.4031828e-02
  1.0397455e-01
  7.0981301e-02
 -9.5678318e-01
  4.3138366e-02
  8.7322402e-01
  8.0954003e-01
 -2.6716237e+00
 -8.7236333e-01
 -3.6952910e-01
 -1.2849472e-01
  2.2781196e-01
 -1.1881144e-01
 -1.6438119e-01
  4.4708658e-02
  2.9908538e-01
 -2.3253951e+00
 -5.7207040e-02
  3.2015932e-01
  3.5140079e-01
  4.6156999e-01
  1.9077426e-01
  2.6842266e-01
  1.1469442e-02
  1.1682041e+00
 -1.5892877e-01
 -7.5370485e-01
 -1.1134896e+00
  3.9165404e-01
  3.1787619e-01
 -6.2318403e-02
  4.0078667e-01
  2.6661494e-01
 -1.4972267e+00
  7.5619501e-01
 -9.2249137e-01
  3.6427790e-01
  3.1488454e-01
  5.6021798e-01
  6.9607836e-01
 -4.6457946e-02
 -1.2366374e+00
  1.8900294e+00
 -1.5831001e+00
 -3.7408662e-01
  5.0543356e+00
 -8.0897078e-02
 -4.0915650e-01
 -4.7551263e-02
 -4.7431968e-02
 -1.3141055e-01
 -1.1125485e+00
 -3.3857722e-02
 -7.8108054e-01
  2.2363758e+00
  2.1153386e-01
  1.2985182e-01
 -1.5108874e+00
 -2.2433113e-01
 -5.0066805e-01
  7.9361719e-01
  2.0841105e+00
  1.4729986e+00
 -1.0371995e+00
  1.5099161e+00
  4.1940197e-01
 -1.0123424e-01
 -3.9001530e-01
  2.5362551e-01
 -1.9601282e+00
 -9.2317015e-01
  8.9611322e-01
 -1.4366765e-01
  9.4206609e-02
 -2.9207247e-01
 -1.0994872e+00
  3.8049623e-01
 -8.2049811e-01
  5.9227605e+00
  2.4709461e+00
  7.5349045e-01
  7.0779699e-01
 -4.6233623e-03
  1.3640109e-01
 -1.1325745e-02
  1.1007509e+00
  6.9484301e-02
  1.1949292e+00
  2.0554972e+00
 -7.2726387e-01
 -1.6316538e-01
  3.9244708e-01
 -1.6488244e-01
  1.0149051e+00
 -5.8710016e-02
 -2.1386328e-01
 -1.3704998e+00
  3.0572748e-01
 -4.2472389e-01
  2.0272524e+00
 -3.5076159e-01
  5.0965488e-01
 -7.4925834e-01
  1.4530198e-01
  2.1253218e-01
 -2.2436686e+00
 -1.1867470e+00
  3.5225642e-01
 -3.2289524e+00
 -2.6203662e-01
  4.3918049e-01
  9.6631283e-01
 -1.0638700e-01
 -2.0401628e-01
  8.3062552e-02
 -1.1454700e+00
 -8.0639732e-01
 -1.4285648e+00
 -1.7933756e-01
 -1.0870979e+00
 -1.3413290e+00
 -1.8758091e-01
  1.5827736e-01
  7.2200942e-01
  4.1659656e-01
  8.2749045e-01
 -1.0657362e+00
 -6.6246897e-02
  4.9440112e-02
 -1.8803957e+00
 -9.8560846e-01
 -2.5917685e-01
 -9.1097677e-01
 -1.0916737e+00
  7.2467707e-02
  1.3973555e-01
 -6.4469123e-01
 -2.7711225e+00
 -1.0194407e+00
  8.2042116e-01
  6.2978253e-02
 -2.0585480e+00
  1.1940378e+00
  9.5883143e-01
  7.1048146e-01
 -6.0919032e-02
 -2.2598557e-01
  2.9703424e+00
  8.3025999e-02
  1.0727767e+00
 -1.2393519e+00
  4.8630714e-01
 -1.1870033e+00
 -5.1941478e-01
  2.4614857e-01
  3.2029286e-01
  2.0189799e-01
  2.0594537e-01
  1.8319219e-01
  5.5492723e-01
  1.2427257e+00
  4.6001086e-01
  5.9990239e-01
 -8.1561333e-01
 -7.8356868e-01
  1.4903627e-01
 -1.2454227e+00
  4.4287145e-02
 -4.0208957e-01
 -1.1282477e+00
  4.0443546e-01
  8.8235468e-01
 -2.0433000e-01
 -3.1056464e-01
  1.9458306e-01
  6.3042498e-01
  4.2684838e-01
 -1.5820087e+00
 -9.1827440e-01
  4.9373779e-02
  7.0873129e-01
 -1.5035875e-01
 -2.6259926e-01
  6.3119811e-01
  2.9525807e-01
  7.0199005e-02
  9.9420708e-01
 -5.2605951e-01
 -8.1463128e-01
  2.2949660e+00
  3.6638163e-02
 -1.6348924e-01
 -3.7219343e-01
 -2.3156838e-01
  2.9420316e-01
  8.6152267e-01
  6.4542776e-01
  1.0137751e-01
  2.3516443e+00
  5.0773144e-02
  3.0610895e-01
  5.9247011e-01
  3.5414630e-01
  7.2422624e-03
  9.3162483e-01
  1.0388603e+00
 -4.4948345e-01
 -1.6429187e+00
 -3.2618847e-01
  6.9281243e-02
  1.7587718e-01
 -6.2316257e-01
 -1.8644592e-01
  2.5813249e-01
  7.6488423e-01
  3.3709898e+00
 -3.8909259e-01
 -3.2718059e-01
 -3.7356086e-02
  6.7201197e-01
  2.0345339e-01
  1.7668550e-01
  5.9966528e-01
  1.2586929e-01
 -8.7740058e-01
  8.1888306e-01
 -5.2448820e-02
  1.0543690e+00
  1.7443618e-01
 -3.2249805e-02
 -4.5500807e-02
  1.2858123e+00
 -3.3204250e-02
 -1.0039364e+00
 -1.4256679e+00
  1.9023916e-01
  6.7234911e-02
  1.2331692e+00
 -6.9993490e-01
 -1.3342258e-01
 -4.2821881e-01
 -1.1060522e+00
  8.2898176e-01
 -1.9325694e+00
 -1.1421535e-02
 -2.7610493e-01
  1.0734330e+00
  4.3764949e-02
 -7.6891971e-03
  8.5572851e-01
 -1.4481312e+00
 -2.8363535e-01
 -4.8998362e-01
 -2.7208602e-01
  5.6633508e-01
  1.1868641e+00
  1.5094958e-01
  2.6571774e-01
 -2.9157397e-01
 -2.2727480e+00
 -8.7242007e-01
 -3.4873921e-01
 -5.7307202e-01
 -1.9068427e-01
  6.7873412e-01
 -1.6690278e-02
  2.9005939e-01
 -1.7730072e+00
 -2.4388137e+00
 -1.3854278e+00
  1.3437819e+00
  1.4343521e-01
  5.9016240e-01
 -2.2047342e-01
 -1.0449021e-01
 -3.7765172e-01
 -5.8560181e-01
 -4.0835887e-01
  3.9696186e-03
  6.0653228e-01
 -5.2088773e-01
 -8.4744073e-02
 -3.5243101e-02
 -1.4323191e-01
  5.7147378e-01
  4.5893422e-01
 -8.8538331e-01
 -3.6062270e-01
 -5.9020869e-02
 -3.2347304e-01
 -1.4010237e-01
 -4.6705898e-02
  9.2060253e-02
 -1.2237505e+00
  1.0242881e+00
 -2.8575975e-01
 -4.4095808e-01
 -4.4471288e-01
 -5.9341979e-01
  1.7401868e-01
  6.9801021e-01
 -1.0295237e+00
 -9.6455139e-01
 -5.6618428e-01
 -2.5636296e+00
 -2.4340689e+00
  3.2814345e-01
  5.7223123e-01
 -1.0616066e-01
  1.6866683e+00
  1.2681839e-01
  7.7789605e-02
  2.3427775e+00
 -2.3402259e+00
 -4.2900684e-01
 -4.6273941e-01
  2.7969861e-01
 -2.1203230e-01
  8.5295951e-01
 -6.6641462e-01
 -3.7579861e-01
  2.0658064e+00
 -3.1067138e+00
 -2.1343608e+00
  4.6361503e-01
  2.0047781e-01
  8.8140428e-02
  5.7123125e-01
 -8.3701881e-03
 -2.6423725e-01
  2.6870506e+00
  7.4229199e-01
 -2.5908986e-01
  2.9734555e-01
  4.3645200e-01
  2.0152770e-01
  1.0081158e+00
  4.5792788e-02
 -9.8120475e-01
 -3.7857953e-01
 -4.0202469e-01
 -1.9202324e+00
  1.3306431e+00
  2.6871145e-01
 -1.5868997e-02
  8.9074701e-01
  7.6180273e-01
 -4.3442339e-01
 -6.1453861e-01
  1.1771797e+00
  2.3856317e-01
  5.6486833e-01
  7.8775227e-04
  3.3018108e-02
 -3.6472008e-01
 -2.6567638e-02
  4.2515656e-01
 -8.0109584e-01
 -1.7543858e-01
 -2.6968232e-01
 -4.6701139e-01
  1.3065718e-01
  9.9849038e-02
  2.0647309e+00
  2.7551550e-01
  1.1811286e+00
  6.5263712e-01
  1.1275067e+00
  4.8622271e-01
 -9.4664139e-01
  8.9435443e-02
  1.6558704e-01
 -5.1116824e-01
 -4.0694606e-01
 -6.9722605e-01
  2.8183663e-01
  3.1226540e-01
  3.9358002e-01
  2.6383871e-01
 -4.7069211e-02
 -1.5575406e-01
  1.8440093e+00
  4.4155266e-02
 -2.2265223e-01
 -3.6163417e-01
  2.3676448e+00
 -1.2346081e+00
  4.3823376e+00
 -5.6540203e-01
 -7.4025773e-02
 -3.5336766e+00
 -8.5940346e-02
 -5.8360077e-03
 -1.0729249e-01
  5.0889021e-01
  1.8662359e+00
  1.1584413e-01
 -9.9851626e-01
 -3.0721188e-02
  3.6235662e+00
  1.0358471e-01
  1.0712548e-01
 -4.1154847e-01
 -2.8995471e+00
  1.2229191e+00
  2.4851482e+00
  3.8013348e-01
  7.3824428e-02
  2.0810184e-01
  2.2210710e-01
 -6.9499636e-01
 -1.3277984e+00
 -7.7077889e-01
  1.1234572e+00
  1.5085841e+00
 -7.7459961e-02
 -3.9448625e-01
  5.7203197e-01
  9.8712541e-02
 -9.2928894e-02
  1.3332473e-01
 -7.2923803e-01
 -1.3483738e+00
  1.8200912e-01
  3.9553949e-01
  1.5062012e-01
 -8.0000007e-01
 -5.5942702e-01
 -1.0096827e-01
 -1.4690723e+00
  6.0790962e-01
 -3.7940642e-01
  2.7109000e-01
  6.6429339e-02
 -3.5344011e-01
  5.0845778e-01
  1.0366295e-01
  8.0204505e-01
  3.5572845e-01
  2.7557001e-01
  3.4509140e-01
 -6.6188112e-02
  8.6479537e-02
  8.6479537e-02
  8.6479537e-02
  8.6479537e-02
  8.6479537e-02
  8.6479537e-02
  8.6479537e-02
  8.2010871e-01
  8.2010871e-01
  8.2010871e-01
  8.2010871e-01
  8.2010871e-01
  8.2010871e-01
  8.2010871e-01
  2.9526749e-01
  2.9526749e-01
  2.9526749e-01
  2.9526749e-01
  2.9526749e-01
  2.9526749e-01
  2.9526749e-01
  1.8743868e-01
  1.8743868e-01
  1.8743868e-01
  1.8743868e-01
  1.8743868e-01
  1.8743868e-01
  1.8743868e-01
  5.7249520e-02
  5.7249520e-02
  5.7249520e-02
  5.7249520e-02
  5.7249520e-02
  5.7249520e-02
  5.7249520e-02
  2.1329978e-01
  2.1329978e-01
  2.1329978e-01
  2.1329978e-01
  2.1329978e-01
  2.1329978e-01
  2.1329978e-01
  1.0398739e-01
  1.0398739e-01
  1.0398739e-01
  1.0398739e-01
  1.0398739e-01
  1.0398739e-01
  1.0398739e-01
  5.3564626e-01
  5.3564626e-01
  5.3564626e-01
  5.3564626e-01
  5.3564626e-01
  5.3564626e-01
  5.3564626e-01
