# gpu    pwr  gtemp  mtemp     sm    mem    enc    dec    jpg    ofa   mclk   pclk     fb   bar1   ccpm 
# Idx      W      C      C      %      %      %      %      %      %    MHz    MHz     MB     MB     MB 
    0     44     39     43      0      0      0      0      0      0   1512    210      3      2      0 
    1     79     57     59      0      0      0      0      0      0   1512   1410      0      1      0 
    0     43     39     43      0      0      0      0      0      0   1512    210      3      2      0 
    1    224     61     63     93     22      0      0      0      0   1512   1410   1589      4      0 
    0     43     38     41      0      0      0      0      0      0   1512    210      3      2      0 
    1    224     62     65     94     22      0      0      0      0   1512   1410   1589      4      0 
    0     43     38     41      0      0      0      0      0      0   1512    210      3      2      0 
    1    226     63     65     94     22      0      0      0      0   1512   1410   1589      4      0 
    0     43     38     41      0      0      0      0      0      0   1512    210      3      2      0 
    1    230     64     67     94     22      0      0      0      0   1512   1410   1589      4      0 
    0     43     38     41      0      0      0      0      0      0   1512    210      3      2      0 
    1    227     65     67     94     22      0      0      0      0   1512   1410   1589      4      0 
    0     43     38     41      0      0      0      0      0      0   1512    210      3      2      0 
    1    227     65     69     94     22      0      0      0      0   1512   1410   1589      4      0 
    0     42     37     41      0      0      0      0      0      0   1512    210      3      2      0 
    1    225     65     67     94     22      0      0      0      0   1512   1410   1589      4      0 
    0     42     37     41      0      0      0      0      0      0   1512    210      3      2      0 
    1    227     64     67     94     22      0      0      0      0   1512   1410   1589      4      0 
    0     42     36     41      0      0      0      0      0      0   1512    210      3      2      0 
    1    227     65     67     94     22      0      0      0      0   1512   1410   1589      4      0 
    0     42     36     39      0      0      0      0      0      0   1512    210      3      2      0 
    1    227     65     67     94     22      0      0      0      0   1512   1410   1589      4      0 
    0     42     36     39      0      0      0      0      0      0   1512    210      3      2      0 
    1    229     64     67     94     22      0      0      0      0   1512   1410   1589      4      0 
    0     42     36     39      0      0      0      0      0      0   1512    210      3      2      0 
    1    229     65     67     94     22      0      0      0      0   1512   1410   1589      4      0 
    0     42     35     39      0      0      0      0      0      0   1512    210      3      2      0 
    1    228     65     69     94     22      0      0      0      0   1512   1410   1589      4      0 
    0     42     35     39      0      0      0      0      0      0   1512    210      3      2      0 
    1    226     64     67     94     22      0      0      0      0   1512   1410   1589      4      0 
    0     42     35     39      0      0      0      0      0      0   1512    210      3      2      0 
    1    229     64     67     94     22      0      0      0      0   1512   1410   1589      4      0 
    0     42     35     39      0      0      0      0      0      0   1512    210      3      2      0 
    1    226     65     67     94     22      0      0      0      0   1512   1410   1589      4      0 
    0     42     35     39      0      0      0      0      0      0   1512    210      3      2      0 
    1    225     65     67     94     22      0      0      0      0   1512   1410   1589      4      0 
    0     41     34     37      0      0      0      0      0      0   1512    210      3      2      0 
    1    225     64     67     94     22      0      0      0      0   1512   1410   1589      4      0 
    0     42     34     37      0      0      0      0      0      0   1512    210      3      2      0 
    1    229     65     67     94     22      0      0      0      0   1512   1410   1589      4      0 
    0     42     34     37      0      0      0      0      0      0   1512    210      3      2      0 
    1    231     65     67     93     22      0      0      0      0   1512   1410   1589      4      0 
    0     41     34     37      0      0      0      0      0      0   1512    210      3      2      0 
    1    227     64     67     94     22      0      0      0      0   1512   1410   1589      4      0 
# gpu    pwr  gtemp  mtemp     sm    mem    enc    dec    jpg    ofa   mclk   pclk     fb   bar1   ccpm 
# Idx      W      C      C      %      %      %      %      %      %    MHz    MHz     MB     MB     MB 
    0     41     34     37      0      0      0      0      0      0   1512    210      3      2      0 
    1    225     64     67     94     22      0      0      0      0   1512   1410   1589      4      0 
    0     42     34     37      0      0      0      0      0      0   1512    210      3      2      0 
    1    226     65     69     94     22      0      0      0      0   1512   1410   1589      4      0 
    0     42     34     37      0      0      0      0      0      0   1512    210      3      2      0 
    1    228     65     67     94     22      0      0      0      0   1512   1410   1589      4      0 
    0     41     33     37      0      0      0      0      0      0   1512    210      3      2      0 
    1    227     64     67     94     22      0      0      0      0   1512   1410   1589      4      0 
    0     41     33     37      0      0      0      0      0      0   1512    210      3      2      0 
    1    226     65     67     94     22      0      0      0      0   1512   1410   1589      4      0 
    0     41     33     37      0      0      0      0      0      0   1512    210      3      2      0 
    1    231     65     69     94     22      0      0      0      0   1512   1410   1589      4      0 
    0     42     33     37      0      0      0      0      0      0   1512    210      3      2      0 
    1    228     65     67     95     22      0      0      0      0   1512   1410   1589      4      0 
    0     42     33     37      0      0      0      0      0      0   1512    210      3      2      0 
    1    229     64     67     95     22      0      0      0      0   1512   1410   1589      4      0 
    0     41     33     37      0      0      0      0      0      0   1512    210      3      2      0 
    1    228     65     69     94     22      0      0      0      0   1512   1410   1589      4      0 
    0     41     33     37      0      0      0      0      0      0   1512    210      3      2      0 
    1    227     65     69     94     22      0      0      0      0   1512   1410   1589      4      0 
    0     41     33     37      0      0      0      0      0      0   1512    210      3      2      0 
    1    225     64     67     94     22      0      0      0      0   1512   1410   1589      4      0 
    0     41     33     37      0      0      0      0      0      0   1512    210      3      2      0 
    1    225     64     67     94     22      0      0      0      0   1512   1410   1589      4      0 
    0     41     33     37      0      0      0      0      0      0   1512    210      3      2      0 
    1    227     65     69     94     22      0      0      0      0   1512   1410   1589      4      0 
    0     41     33     37      0      0      0      0      0      0   1512    210      3      2      0 
    1    230     65     69     94     22      0      0      0      0   1512   1410   1589      4      0 
    0     41     33     37      0      0      0      0      0      0   1512    210      3      2      0 
    1    229     65     67     94     22      0      0      0      0   1512   1410   1589      4      0 
    0     41     33     37      0      0      0      0      0      0   1512    210      3      2      0 
    1    228     64     67     94     22      0      0      0      0   1512   1410   1589      4      0 
    0     41     33     37      0      0      0      0      0      0   1512    210      3      2      0 
    1    227     65     69     94     22      0      0      0      0   1512   1410   1589      4      0 
    0     41     33     37      0      0      0      0      0      0   1512    210      3      2      0 
    1    226     65     69     94     22      0      0      0      0   1512   1410   1589      4      0 
    0     41     33     37      0      0      0      0      0      0   1512    210      3      2      0 
    1    227     64     67     94     22      0      0      0      0   1512   1410   1589      4      0 
    0     42     33     35      0      0      0      0      0      0   1512    210      3      2      0 
    1    230     64     67     94     22      0      0      0      0   1512   1410   1589      4      0 
    0     42     33     37      0      0      0      0      0      0   1512    210      3      2      0 
    1    231     65     69     94     22      0      0      0      0   1512   1410   1589      4      0 
    0     42     33     37      0      0      0      0      0      0   1512    210      3      2      0 
    1    228     65     69     94     22      0      0      0      0   1512   1410   1589      4      0 
# gpu    pwr  gtemp  mtemp     sm    mem    enc    dec    jpg    ofa   mclk   pclk     fb   bar1   ccpm 
# Idx      W      C      C      %      %      %      %      %      %    MHz    MHz     MB     MB     MB 
    0     41     33     35      0      0      0      0      0      0   1512    210      3      2      0 
    1    241     65     67     98     24      0      0      0      0   1512   1410   1585      4      0 
    0     41     33     35      0      0      0      0      0      0   1512    210      3      2      0 
    1    241     64     67     98     24      0      0      0      0   1512   1410   1585      4      0 
    0     41     33     35      0      0      0      0      0      0   1512    210      3      2      0 
    1    245     65     69     98     24      0      0      0      0   1512   1410   1585      4      0 
    0     42     33     35      0      0      0      0      0      0   1512    210      3      2      0 
    1    242     65     69     98     24      0      0      0      0   1512   1410   1585      4      0 
    0     42     32     35      0      0      0      0      0      0   1512    210      3      2      0 
    1    242     65     69     98     24      0      0      0      0   1512   1410   1585      4      0 
    0     41     32     35      0      0      0      0      0      0   1512    210      3      2      0 
    1    241     64     67     98     24      0      0      0      0   1512   1410   1585      4      0 
    0     41     32     35      0      0      0      0      0      0   1512    210      3      2      0 
    1    242     65     67     98     24      0      0      0      0   1512   1410   1585      4      0 
    0     41     32     35      0      0      0      0      0      0   1512    210      3      2      0 
    1    239     65     69     98     24      0      0      0      0   1512   1410   1585      4      0 
    0     42     32     35      0      0      0      0      0      0   1512    210      3      2      0 
    1    240     65     69     98     24      0      0      0      0   1512   1410   1585      4      0 
    0     41     32     35      0      0      0      0      0      0   1512    210      3      2      0 
    1    243     65     67     98     24      0      0      0      0   1512   1410   1585      4      0 
    0     41     32     35      0      0      0      0      0      0   1512    210      3      2      0 
    1    239     64     67     98     24      0      0      0      0   1512   1410   1585      4      0 
    0     41     32     35      0      0      0      0      0      0   1512    210      3      2      0 
    1    241     65     69     98     24      0      0      0      0   1512   1410   1585      4      0 
    0     42     32     35      0      0      0      0      0      0   1512    210      3      2      0 
    1    239     65     69     98     24      0      0      0      0   1512   1410   1585      4      0 
    0     41     32     35      0      0      0      0      0      0   1512    210      3      2      0 
    1    246     65     69     98     24      0      0      0      0   1512   1410   1585      4      0 
    0     41     32     35      0      0      0      0      0      0   1512    210      3      2      0 
    1    242     64     67     98     24      0      0      0      0   1512   1410   1585      4      0 
    0     42     32     35      0      0      0      0      0      0   1512    210      3      2      0 
    1    239     65     67     98     24      0      0      0      0   1512   1410   1585      4      0 
    0     41     32     35      0      0      0      0      0      0   1512    210      3      2      0 
    1    242     65     69     98     24      0      0      0      0   1512   1410   1585      4      0 
    0     41     32     35      0      0      0      0      0      0   1512    210      3      2      0 
    1    243     65     69     98     24      0      0      0      0   1512   1410   1585      4      0 
    0     41     32     35      0      0      0      0      0      0   1512    210      3      2      0 
    1    242     65     67     98     24      0      0      0      0   1512   1410   1585      4      0 
    0     41     32     35      0      0      0      0      0      0   1512    210      3      2      0 
    1    245     64     67     98     24      0      0      0      0   1512   1410   1585      4      0 
    0     42     32     35      0      0      0      0      0      0   1512    210      3      2      0 
    1    246     65     69     98     24      0      0      0      0   1512   1410   1585      4      0 
    0     41     32     35      0      0      0      0      0      0   1512    210      3      2      0 
    1    247     65     69     98     24      0      0      0      0   1512   1410   1585      4      0 
# gpu    pwr  gtemp  mtemp     sm    mem    enc    dec    jpg    ofa   mclk   pclk     fb   bar1   ccpm 
# Idx      W      C      C      %      %      %      %      %      %    MHz    MHz     MB     MB     MB 
    0     41     32     35      0      0      0      0      0      0   1512    210      3      2      0 
    1    242     65     69     98     24      0      0      0      0   1512   1410   1585      4      0 
    0     41     32     35      0      0      0      0      0      0   1512    210      3      2      0 
    1    243     65     67     98     24      0      0      0      0   1512   1410   1585      4      0 
    0     41     32     35      0      0      0      0      0      0   1512    210      3      2      0 
    1    239     64     67     98     24      0      0      0      0   1512   1410   1585      4      0 
    0     41     32     35      0      0      0      0      0      0   1512    210      3      2      0 
    1    242     65     69     98     24      0      0      0      0   1512   1410   1585      4      0 
    0     41     32     35      0      0      0      0      0      0   1512    210      3      2      0 
    1    242     65     69     98     24      0      0      0      0   1512   1410   1585      4      0 
    0     41     32     35      0      0      0      0      0      0   1512    210      3      2      0 
    1    240     65     67     98     24      0      0      0      0   1512   1410   1585      4      0 
    0     41     32     35      0      0      0      0      0      0   1512    210      3      2      0 
    1    240     64     67     98     24      0      0      0      0   1512   1410   1585      4      0 
    0     41     32     35      0      0      0      0      0      0   1512    210      3      2      0 
    1    244     65     69     98     24      0      0      0      0   1512   1410   1585      4      0 
    0     41     32     35      0      0      0      0      0      0   1512    210      3      2      0 
    1    242     65     69     98     24      0      0      0      0   1512   1410   1585      4      0 
    0     41     32     35      0      0      0      0      0      0   1512    210      3      2      0 
    1    246     65     69     98     24      0      0      0      0   1512   1410   1585      4      0 
    0     41     32     35      0      0      0      0      0      0   1512    210      3      2      0 
    1    241     65     67     98     24      0      0      0      0   1512   1410   1585      4      0 
    0     41     32     35      0      0      0      0      0      0   1512    210      3      2      0 
    1    243     64     67     98     24      0      0      0      0   1512   1410   1585      4      0 
    0     41     32     35      0      0      0      0      0      0   1512    210      3      2      0 
    1    241     65     69     98     24      0      0      0      0   1512   1410   1585      4      0 
    0     41     32     35      0      0      0      0      0      0   1512    210      3      2      0 
    1    242     65     69     98     24      0      0      0      0   1512   1410   1585      4      0 
    0     41     32     35      0      0      0      0      0      0   1512    210      3      2      0 
    1    245     65     67     98     24      0      0      0      0   1512   1410   1585      4      0 
    0     41     32     35      0      0      0      0      0      0   1512    210      3      2      0 
    1    244     64     67     98     24      0      0      0      0   1512   1410   1585      4      0 
    0     41     32     35      0      0      0      0      0      0   1512    210      3      2      0 
    1    243     65     69     98     24      0      0      0      0   1512   1410   1585      4      0 
    0     41     32     35      0      0      0      0      0      0   1512    210      3      2      0 
    1    243     65     69     98     24      0      0      0      0   1512   1410   1585      4      0 
    0     41     32     35      0      0      0      0      0      0   1512    210      3      2      0 
    1    242     65     69     98     24      0      0      0      0   1512   1410   1585      4      0 
    0     41     32     35      0      0      0      0      0      0   1512    210      3      2      0 
    1    244     65     67     98     24      0      0      0      0   1512   1410   1585      4      0 
    0     41     32     35      0      0      0      0      0      0   1512    210      3      2      0 
    1    244     64     67     98     24      0      0      0      0   1512   1410   1585      4      0 
    0     41     32     35      0      0      0      0      0      0   1512    210      3      2      0 
    1    245     65     69     98     24      0      0      0      0   1512   1410   1585      4      0 
# gpu    pwr  gtemp  mtemp     sm    mem    enc    dec    jpg    ofa   mclk   pclk     fb   bar1   ccpm 
# Idx      W      C      C      %      %      %      %      %      %    MHz    MHz     MB     MB     MB 
    0     41     32     35      0      0      0      0      0      0   1512    210      3      2      0 
    1    242     65     69     98     24      0      0      0      0   1512   1410   1585      4      0 
    0     41     32     35      0      0      0      0      0      0   1512    210      3      2      0 
    1    241     65     67     98     24      0      0      0      0   1512   1410   1585      4      0 
    0     41     32     35      0      0      0      0      0      0   1512    210      3      2      0 
    1    243     64     67     98     24      0      0      0      0   1512   1410   1585      4      0 
    0     41     32     35      0      0      0      0      0      0   1512    210      3      2      0 
    1    242     65     69     98     24      0      0      0      0   1512   1410   1585      4      0 
    0     41     32     35      0      0      0      0      0      0   1512    210      3      2      0 
    1    246     65     69     98     24      0      0      0      0   1512   1410   1585      4      0 
    0     41     32     35      0      0      0      0      0      0   1512    210      3      2      0 
    1    243     65     69     98     24      0      0      0      0   1512   1410   1585      4      0 
    0     40     32     35      0      0      0      0      0      0   1512    210      3      2      0 
    1    243     65     67     98     24      0      0      0      0   1512   1410   1585      4      0 
    0     41     32     35      0      0      0      0      0      0   1512    210      3      2      0 
    1    239     64     67     98     24      0      0      0      0   1512   1410   1585      4      0 
    0     41     32     35      0      0      0      0      0      0   1512    210      3      2      0 
    1    246     65     69     98     24      0      0      0      0   1512   1410   1585      4      0 
    0     41     32     35      0      0      0      0      0      0   1512    210      3      2      0 
    1    246     65     69     98     24      0      0      0      0   1512   1410   1585      4      0 
    0     41     32     35      0      0      0      0      0      0   1512    210      3      2      0 
    1    245     65     69     98     24      0      0      0      0   1512   1410   1585      4      0 
    0     41     32     35      0      0      0      0      0      0   1512    210      3      2      0 
    1    244     64     67     98     24      0      0      0      0   1512   1410   1585      4      0 
    0     41     32     35      0      0      0      0      0      0   1512    210      3      2      0 
    1    241     65     69     98     24      0      0      0      0   1512   1410   1585      4      0 
    0     42     32     35      0      0      0      0      0      0   1512    210      3      2      0 
    1    240     65     69     98     24      0      0      0      0   1512   1410   1585      4      0 
    0     41     32     35      0      0      0      0      0      0   1512    210      3      2      0 
    1    245     65     69     98     24      0      0      0      0   1512   1410   1585      4      0 
    0     41     32     35      0      0      0      0      0      0   1512    210      3      2      0 
    1    242     65     67     98     24      0      0      0      0   1512   1410   1585      4      0 
    0     41     32     35      0      0      0      0      0      0   1512    210      3      2      0 
    1    241     64     67     98     24      0      0      0      0   1512   1410   1585      4      0 
    0     41     32     35      0      0      0      0      0      0   1512    210      3      2      0 
    1    244     65     69     98     24      0      0      0      0   1512   1410   1585      4      0 
    0     41     32     35      0      0      0      0      0      0   1512    210      3      2      0 
    1    241     65     69     98     24      0      0      0      0   1512   1410   1585      4      0 
    0     41     32     35      0      0      0      0      0      0   1512    210      3      2      0 
    1    242     65     69     98     24      0      0      0      0   1512   1410   1585      4      0 
    0     41     32     35      0      0      0      0      0      0   1512    210      3      2      0 
    1    241     64     67     98     24      0      0      0      0   1512   1410   1585      4      0 
    0     40     32     35      0      0      0      0      0      0   1512    210      3      2      0 
    1    241     65     67     98     24      0      0      0      0   1512   1410   1585      4      0 
# gpu    pwr  gtemp  mtemp     sm    mem    enc    dec    jpg    ofa   mclk   pclk     fb   bar1   ccpm 
# Idx      W      C      C      %      %      %      %      %      %    MHz    MHz     MB     MB     MB 
    0     41     32     35      0      0      0      0      0      0   1512    210      3      2      0 
    1    241     65     69     98     24      0      0      0      0   1512   1410   1585      4      0 
    0     41     32     35      0      0      0      0      0      0   1512    210      3      2      0 
    1    239     65     69     98     24      0      0      0      0   1512   1410   1585      4      0 
    0     41     32     35      0      0      0      0      0      0   1512    210      3      2      0 
    1    244     65     67     98     24      0      0      0      0   1512   1410   1585      4      0 
    0     41     32     35      0      0      0      0      0      0   1512    210      3      2      0 
    1    242     64     67     98     24      0      0      0      0   1512   1410   1585      4      0 
    0     41     32     35      0      0      0      0      0      0   1512    210      3      2      0 
    1    247     65     69     98     24      0      0      0      0   1512   1410   1585      4      0 
    0     41     32     35      0      0      0      0      0      0   1512    210      3      2      0 
    1    247     65     69     98     24      0      0      0      0   1512   1410   1585      4      0 
    0     41     32     35      0      0      0      0      0      0   1512    210      3      2      0 
    1    239     65     69     98     24      0      0      0      0   1512   1410   1585      4      0 
    0     41     32     35      0      0      0      0      0      0   1512    210      3      2      0 
    1    240     64     67     98     24      0      0      0      0   1512   1410   1585      4      0 
    0     41     32     35      0      0      0      0      0      0   1512    210      3      2      0 
    1    240     65     69     98     24      0      0      0      0   1512   1410   1585      4      0 
    0     41     32     35      0      0      0      0      0      0   1512    210      3      2      0 
    1    245     65     69     98     24      0      0      0      0   1512   1410   1585      4      0 
    0     41     32     35      0      0      0      0      0      0   1512    210      3      2      0 
    1    240     65     69     98     24      0      0      0      0   1512   1410   1585      4      0 
    0     41     32     35      0      0      0      0      0      0   1512    210      3      2      0 
    1    245     65     67     98     24      0      0      0      0   1512   1410   1585      4      0 
    0     41     32     35      0      0      0      0      0      0   1512    210      3      2      0 
    1    244     64     67     98     24      0      0      0      0   1512   1410   1585      4      0 
    0     41     32     35      0      0      0      0      0      0   1512    210      3      2      0 
    1    247     65     69     98     24      0      0      0      0   1512   1410   1585      4      0 
    0     41     32     35      0      0      0      0      0      0   1512    210      3      2      0 
    1    246     65     69     98     24      0      0      0      0   1512   1410   1585      4      0 
    0     41     32     35      0      0      0      0      0      0   1512    210      3      2      0 
    1    241     65     69     98     24      0      0      0      0   1512   1410   1585      4      0 
    0     41     32     35      0      0      0      0      0      0   1512    210      3      2      0 
    1    245     64     67     98     24      0      0      0      0   1512   1410   1585      4      0 
    0     41     32     35      0      0      0      0      0      0   1512    210      3      2      0 
    1    243     65     67     98     24      0      0      0      0   1512   1410   1585      4      0 
    0     41     32     35      0      0      0      0      0      0   1512    210      3      2      0 
    1    246     65     69     98     24      0      0      0      0   1512   1410   1585      4      0 
    0     41     32     35      0      0      0      0      0      0   1512    210      3      2      0 
    1    242     65     69     98     24      0      0      0      0   1512   1410   1585      4      0 
    0     41     32     35      0      0      0      0      0      0   1512    210      3      2      0 
    1    243     65     67     98     24      0      0      0      0   1512   1410   1585      4      0 
    0     41     32     35      0      0      0      0      0      0   1512    210      3      2      0 
    1    245     64     67     98     24      0      0      0      0   1512   1410   1585      4      0 
# gpu    pwr  gtemp  mtemp     sm    mem    enc    dec    jpg    ofa   mclk   pclk     fb   bar1   ccpm 
# Idx      W      C      C      %      %      %      %      %      %    MHz    MHz     MB     MB     MB 
    0     41     32     35      0      0      0      0      0      0   1512    210      3      2      0 
    1    241     65     69     98     24      0      0      0      0   1512   1410   1585      4      0 
    0     41     32     35      0      0      0      0      0      0   1512    210      3      2      0 
    1    245     65     69     98     24      0      0      0      0   1512   1410   1585      4      0 
    0     41     32     35      0      0      0      0      0      0   1512    210      3      2      0 
    1    244     65     69     98     24      0      0      0      0   1512   1410   1585      4      0 
    0     41     32     35      0      0      0      0      0      0   1512    210      3      2      0 
    1    244     64     67     98     24      0      0      0      0   1512   1410   1585      4      0 
    0     41     32     35      0      0      0      0      0      0   1512    210      3      2      0 
    1    240     65     67     98     24      0      0      0      0   1512   1410   1585      4      0 
    0     41     32     35      0      0      0      0      0      0   1512    210      3      2      0 
    1    243     65     69     98     24      0      0      0      0   1512   1410   1585      4      0 
    0     41     32     35      0      0      0      0      0      0   1512    210      3      2      0 
    1    240     65     69     98     24      0      0      0      0   1512   1410   1585      4      0 
    0     41     32     35      0      0      0      0      0      0   1512    210      3      2      0 
    1    246     65     67     98     24      0      0      0      0   1512   1410   1585      4      0 
    0     41     32     35      0      0      0      0      0      0   1512    210      3      2      0 
    1    239     64     67     98     24      0      0      0      0   1512   1410   1585      4      0 
    0     41     32     35      0      0      0      0      0      0   1512    210      3      2      0 
    1    244     65     69     98     24      0      0      0      0   1512   1410   1585      4      0 
    0     41     32     35      0      0      0      0      0      0   1512    210      3      2      0 
    1    241     65     69     98     24      0      0      0      0   1512   1410   1585      4      0 
    0     41     32     35      0      0      0      0      0      0   1512    210      3      2      0 
    1    246     65     69     98     24      0      0      0      0   1512   1410   1585      4      0 
    0     41     32     35      0      0      0      0      0      0   1512    210      3      2      0 
    1    246     65     67     98     24      0      0      0      0   1512   1410   1585      4      0 
    0     41     32     35      0      0      0      0      0      0   1512    210      3      2      0 
    1    241     64     67     98     24      0      0      0      0   1512   1410   1585      4      0 
    0     41     32     35      0      0      0      0      0      0   1512    210      3      2      0 
    1    242     65     69     98     24      0      0      0      0   1512   1410   1585      4      0 
    0     41     32     35      0      0      0      0      0      0   1512    210      3      2      0 
    1    246     65     69     98     24      0      0      0      0   1512   1410   1585      4      0 
    0     41     32     35      0      0      0      0      0      0   1512    210      3      2      0 
    1    244     65     67     98     24      0      0      0      0   1512   1410   1585      4      0 
    0     41     32     35      0      0      0      0      0      0   1512    210      3      2      0 
    1    241     64     67     98     24      0      0      0      0   1512   1410   1585      4      0 
    0     41     32     35      0      0      0      0      0      0   1512    210      3      2      0 
    1    241     64     67     98     24      0      0      0      0   1512   1410   1585      4      0 
    0     41     32     35      0      0      0      0      0      0   1512    210      3      2      0 
    1    237     65     69     98     24      0      0      0      0   1512   1410   1585      4      0 
    0     41     32     35      0      0      0      0      0      0   1512    210      3      2      0 
    1    245     65     69     98     24      0      0      0      0   1512   1410   1585      4      0 
    0     41     32     35      0      0      0      0      0      0   1512    210      3      2      0 
    1    245     65     67     98     24      0      0      0      0   1512   1410   1585      4      0 
# gpu    pwr  gtemp  mtemp     sm    mem    enc    dec    jpg    ofa   mclk   pclk     fb   bar1   ccpm 
# Idx      W      C      C      %      %      %      %      %      %    MHz    MHz     MB     MB     MB 
    0     41     32     35      0      0      0      0      0      0   1512    210      3      2      0 
    1    245     64     67     98     24      0      0      0      0   1512   1410   1585      4      0 
    0     41     32     35      0      0      0      0      0      0   1512    210      3      2      0 
    1    240     65     69     98     24      0      0      0      0   1512   1410   1585      4      0 
    0     41     32     35      0      0      0      0      0      0   1512    210      3      2      0 
    1    243     65     69     98     24      0      0      0      0   1512   1410   1585      4      0 
    0     41     32     35      0      0      0      0      0      0   1512    210      3      2      0 
    1    245     65     67     98     24      0      0      0      0   1512   1410   1585      4      0 
    0     42     32     35      0      0      0      0      0      0   1512    210      3      2      0 
    1    242     64     67     98     24      0      0      0      0   1512   1410   1585      4      0 
    0     41     32     35      0      0      0      0      0      0   1512    210      3      2      0 
    1    242     65     67     98     24      0      0      0      0   1512   1410   1585      4      0 
    0     42     32     35      0      0      0      0      0      0   1512    210      3      2      0 
    1    243     65     69     98     24      0      0      0      0   1512   1410   1585      4      0 
    0     41     32     35      0      0      0      0      0      0   1512    210      3      2      0 
    1    247     65     69     98     24      0      0      0      0   1512   1410   1585      4      0 
    0     41     32     35      0      0      0      0      0      0   1512    210      3      2      0 
    1    241     65     67     98     24      0      0      0      0   1512   1410   1585      4      0 
    0     41     32     35      0      0      0      0      0      0   1512    210      3      2      0 
    1    244     64     67     98     24      0      0      0      0   1512   1410   1585      4      0 
    0     41     32     35      0      0      0      0      0      0   1512    210      3      2      0 
    1    244     65     69     98     24      0      0      0      0   1512   1410   1585      4      0 
    0     41     32     35      0      0      0      0      0      0   1512    210      3      2      0 
    1    243     65     69     98     24      0      0      0      0   1512   1410   1585      4      0 
    0     41     32     35      0      0      0      0      0      0   1512    210      3      2      0 
    1    244     65     69     98     24      0      0      0      0   1512   1410   1585      4      0 
    0     41     32     35      0      0      0      0      0      0   1512    210      3      2      0 
    1    244     64     67     98     24      0      0      0      0   1512   1410   1585      4      0 
    0     41     32     35      0      0      0      0      0      0   1512    210      3      2      0 
    1    242     65     67     98     24      0      0      0      0   1512   1410   1585      4      0 
    0     41     32     35      0      0      0      0      0      0   1512    210      3      2      0 
    1    245     65     69     98     24      0      0      0      0   1512   1410   1585      4      0 
    0     41     32     35      0      0      0      0      0      0   1512    210      3      2      0 
    1    239     65     69     98     24      0      0      0      0   1512   1410   1585      4      0 
    0     41     32     35      0      0      0      0      0      0   1512    210      3      2      0 
    1    245     65     67     98     24      0      0      0      0   1512   1410   1585      4      0 
    0     41     32     35      0      0      0      0      0      0   1512    210      3      2      0 
    1    242     64     67     98     24      0      0      0      0   1512   1410   1585      4      0 
    0     41     32     35      0      0      0      0      0      0   1512    210      3      2      0 
    1    245     65     69     98     24      0      0      0      0   1512   1410   1585      4      0 
    0     41     32     35      0      0      0      0      0      0   1512    210      3      2      0 
    1    243     65     69     98     24      0      0      0      0   1512   1410   1585      4      0 
    0     41     32     35      0      0      0      0      0      0   1512    210      3      2      0 
    1    243     65     69     98     24      0      0      0      0   1512   1410   1585      4      0 
# gpu    pwr  gtemp  mtemp     sm    mem    enc    dec    jpg    ofa   mclk   pclk     fb   bar1   ccpm 
# Idx      W      C      C      %      %      %      %      %      %    MHz    MHz     MB     MB     MB 
    0     41     32     35      0      0      0      0      0      0   1512    210      3      2      0 
    1    245     64     67     98     24      0      0      0      0   1512   1410   1585      4      0 
    0     41     32     35      0      0      0      0      0      0   1512    210      3      2      0 
    1    243     65     67     98     24      0      0      0      0   1512   1410   1585      4      0 
    0     41     32     35      0      0      0      0      0      0   1512    210      3      2      0 
    1    243     65     69     98     24      0      0      0      0   1512   1410   1585      4      0 
    0     41     32     35      0      0      0      0      0      0   1512    210      3      2      0 
    1    246     65     69     98     24      0      0      0      0   1512   1410   1585      4      0 
    0     42     32     35      0      0      0      0      0      0   1512    210      3      2      0 
    1    240     65     69     98     24      0      0      0      0   1512   1410   1585      4      0 
    0     41     32     35      0      0      0      0      0      0   1512    210      3      2      0 
    1    241     64     67     98     24      0      0      0      0   1512   1410   1585      4      0 
    0     41     32     35      0      0      0      0      0      0   1512    210      3      2      0 
    1    242     65     67     98     24      0      0      0      0   1512   1410   1585      4      0 
    0     41     32     35      0      0      0      0      0      0   1512    210      3      2      0 
    1    247     65     69     98     24      0      0      0      0   1512   1410   1585      4      0 
    0     41     32     35      0      0      0      0      0      0   1512    210      3      2      0 
    1    242     65     69     98     24      0      0      0      0   1512   1410   1585      4      0 
    0     41     32     35      0      0      0      0      0      0   1512    210      3      2      0 
    1    242     65     67     98     24      0      0      0      0   1512   1410   1585      4      0 
    0     41     32     35      0      0      0      0      0      0   1512    210      3      2      0 
    1    243     64     67     98     24      0      0      0      0   1512   1410   1585      4      0 
    0     41     32     35      0      0      0      0      0      0   1512    210      3      2      0 
    1    245     65     69     98     24      0      0      0      0   1512   1410   1585      4      0 
    0     41     32     35      0      0      0      0      0      0   1512    210      3      2      0 
    1    241     65     69     98     24      0      0      0      0   1512   1410   1585      4      0 
    0     41     32     35      0      0      0      0      0      0   1512    210      3      2      0 
    1    240     65     69     98     24      0      0      0      0   1512   1410   1585      4      0 
    0     41     32     35      0      0      0      0      0      0   1512    210      3      2      0 
    1    241     64     67     98     24      0      0      0      0   1512   1410   1585      4      0 
    0     41     32     35      0      0      0      0      0      0   1512    210      3      2      0 
    1    241     65     67     98     24      0      0      0      0   1512   1410   1585      4      0 
    0     41     32     35      0      0      0      0      0      0   1512    210      3      2      0 
    1    246     65     69     98     24      0      0      0      0   1512   1410   1585      4      0 
    0     41     32     35      0      0      0      0      0      0   1512    210      3      2      0 
    1    241     65     69     98     24      0      0      0      0   1512   1410   1585      4      0 
    0     41     32     35      0      0      0      0      0      0   1512    210      3      2      0 
    1    244     65     67     98     24      0      0      0      0   1512   1410   1585      4      0 
    0     41     32     35      0      0      0      0      0      0   1512    210      3      2      0 
    1    243     64     67     98     24      0      0      0      0   1512   1410   1585      4      0 
    0     41     32     35      0      0      0      0      0      0   1512    210      3      2      0 
    1    243     65     69     98     24      0      0      0      0   1512   1410   1585      4      0 
    0     41     32     35      0      0      0      0      0      0   1512    210      3      2      0 
    1    240     65     69     98     24      0      0      0      0   1512   1410   1585      4      0 
# gpu    pwr  gtemp  mtemp     sm    mem    enc    dec    jpg    ofa   mclk   pclk     fb   bar1   ccpm 
# Idx      W      C      C      %      %      %      %      %      %    MHz    MHz     MB     MB     MB 
    0     41     32     35      0      0      0      0      0      0   1512    210      3      2      0 
    1    242     65     67     98     24      0      0      0      0   1512   1410   1585      4      0 
    0     41     32     35      0      0      0      0      0      0   1512    210      3      2      0 
    1    243     64     67     98     24      0      0      0      0   1512   1410   1585      4      0 
    0     41     32     35      0      0      0      0      0      0   1512    210      3      2      0 
    1    247     65     67     98     24      0      0      0      0   1512   1410   1585      4      0 
    0     41     32     35      0      0      0      0      0      0   1512    210      3      2      0 
    1    245     65     69     98     24      0      0      0      0   1512   1410   1585      4      0 
    0     41     32     35      0      0      0      0      0      0   1512    210      3      2      0 
    1    243     65     69     98     24      0      0      0      0   1512   1410   1585      4      0 
    0     41     32     35      0      0      0      0      0      0   1512    210      3      2      0 
    1    244     65     67     98     24      0      0      0      0   1512   1410   1585      4      0 
    0     41     32     35      0      0      0      0      0      0   1512    210      3      2      0 
    1    238     64     67     98     24      0      0      0      0   1512   1410   1585      4      0 
    0     41     32     35      0      0      0      0      0      0   1512    210      3      2      0 
    1    248     65     69     98     24      0      0      0      0   1512   1410   1585      4      0 
    0     41     32     35      0      0      0      0      0      0   1512    210      3      2      0 
    1    243     65     69     98     24      0      0      0      0   1512   1410   1585      4      0 
    0     41     32     35      0      0      0      0      0      0   1512    210      3      2      0 
    1    242     65     69     98     24      0      0      0      0   1512   1410   1585      4      0 
    0     41     32     35      0      0      0      0      0      0   1512    210      3      2      0 
    1    243     64     67     98     24      0      0      0      0   1512   1410   1585      4      0 
    0     40     32     35      0      0      0      0      0      0   1512    210      3      2      0 
    1    244     65     67     98     24      0      0      0      0   1512   1410   1585      4      0 
    0     41     32     35      0      0      0      0      0      0   1512    210      3      2      0 
    1    248     65     69     98     24      0      0      0      0   1512   1410   1585      4      0 
    0     41     32     35      0      0      0      0      0      0   1512    210      3      2      0 
    1    243     65     69     98     24      0      0      0      0   1512   1410   1585      4      0 
    0     41     32     35      0      0      0      0      0      0   1512    210      3      2      0 
    1    245     65     67     98     24      0      0      0      0   1512   1410   1585      4      0 
    0     41     32     35      0      0      0      0      0      0   1512    210      3      2      0 
    1    241     64     67     98     24      0      0      0      0   1512   1410   1585      4      0 
    0     41     32     35      0      0      0      0      0      0   1512    210      3      2      0 
    1    245     65     69     98     24      0      0      0      0   1512   1410   1585      4      0 
    0     41     32     35      0      0      0      0      0      0   1512    210      3      2      0 
    1    243     65     69     98     24      0      0      0      0   1512   1410   1585      4      0 
    0     41     32     35      0      0      0      0      0      0   1512    210      3      2      0 
    1    243     65     69     98     24      0      0      0      0   1512   1410   1585      4      0 
    0     41     32     35      0      0      0      0      0      0   1512    210      3      2      0 
    1    241     65     67     98     24      0      0      0      0   1512   1410   1585      4      0 
    0     41     32     35      0      0      0      0      0      0   1512    210      3      2      0 
    1    240     64     67     98     24      0      0      0      0   1512   1410   1585      4      0 
    0     41     32     35      0      0      0      0      0      0   1512    210      3      2      0 
    1    242     65     69     98     24      0      0      0      0   1512   1410   1585      4      0 
# gpu    pwr  gtemp  mtemp     sm    mem    enc    dec    jpg    ofa   mclk   pclk     fb   bar1   ccpm 
# Idx      W      C      C      %      %      %      %      %      %    MHz    MHz     MB     MB     MB 
    0     40     32     35      0      0      0      0      0      0   1512    210      3      2      0 
    1    250     65     69     98     24      0      0      0      0   1512   1410   1585      4      0 
    0     41     32     35      0      0      0      0      0      0   1512    210      3      2      0 
    1    246     65     69     98     24      0      0      0      0   1512   1410   1585      4      0 
    0     41     32     35      0      0      0      0      0      0   1512    210      3      2      0 
    1    245     64     67     98     24      0      0      0      0   1512   1410   1585      4      0 
    0     41     32     35      0      0      0      0      0      0   1512    210      3      2      0 
    1    243     65     67     98     24      0      0      0      0   1512   1410   1585      4      0 
    0     41     32     35      0      0      0      0      0      0   1512    210      3      2      0 
    1    242     65     69     98     24      0      0      0      0   1512   1410   1585      4      0 
    0     41     32     35      0      0      0      0      0      0   1512    210      3      2      0 
    1    243     65     69     98     24      0      0      0      0   1512   1410   1585      4      0 
    0     41     32     35      0      0      0      0      0      0   1512    210      3      2      0 
    1    249     65     67     98     24      0      0      0      0   1512   1410   1585      4      0 
    0     41     32     35      0      0      0      0      0      0   1512    210      3      2      0 
    1    241     64     67     98     24      0      0      0      0   1512   1410   1585      4      0 
    0     41     32     35      0      0      0      0      0      0   1512    210      3      2      0 
    1    244     65     69     98     24      0      0      0      0   1512   1410   1585      4      0 
    0     41     32     35      0      0      0      0      0      0   1512    210      3      2      0 
    1    246     65     69     98     24      0      0      0      0   1512   1410   1585      4      0 
    0     41     32     35      0      0      0      0      0      0   1512    210      3      2      0 
    1    246     65     69     98     24      0      0      0      0   1512   1410   1585      4      0 
    0     41     32     35      0      0      0      0      0      0   1512    210      3      2      0 
    1    245     64     67     98     24      0      0      0      0   1512   1410   1585      4      0 
    0     41     32     35      0      0      0      0      0      0   1512    210      3      2      0 
    1    240     64     67     98     24      0      0      0      0   1512   1410   1585      4      0 
    0     41     32     35      0      0      0      0      0      0   1512    210      3      2      0 
    1    245     65     69     98     24      0      0      0      0   1512   1410   1585      4      0 
    0     41     32     35      0      0      0      0      0      0   1512    210      3      2      0 
    1    244     65     69     98     24      0      0      0      0   1512   1410   1585      4      0 
    0     41     32     35      0      0      0      0      0      0   1512    210      3      2      0 
    1    241     65     67     98     24      0      0      0      0   1512   1410   1585      4      0 
    0     41     32     35      0      0      0      0      0      0   1512    210      3      2      0 
    1    244     64     67     98     24      0      0      0      0   1512   1410   1585      4      0 
    0     41     32     35      0      0      0      0      0      0   1512    210      3      2      0 
    1    241     65     69     98     24      0      0      0      0   1512   1410   1585      4      0 
    0     41     32     35      0      0      0      0      0      0   1512    210      3      2      0 
    1    241     65     69     98     24      0      0      0      0   1512   1410   1585      4      0 
    0     41     32     35      0      0      0      0      0      0   1512    210      3      2      0 
    1    241     65     69     98     24      0      0      0      0   1512   1410   1585      4      0 
    0     41     32     35      0      0      0      0      0      0   1512    210      3      2      0 
    1    241     64     67     98     24      0      0      0      0   1512   1410   1585      4      0 
    0     41     32     35      0      0      0      0      0      0   1512    210      3      2      0 
    1    237     64     67     98     24      0      0      0      0   1512   1410   1585      4      0 
# gpu    pwr  gtemp  mtemp     sm    mem    enc    dec    jpg    ofa   mclk   pclk     fb   bar1   ccpm 
# Idx      W      C      C      %      %      %      %      %      %    MHz    MHz     MB     MB     MB 
    0     41     32     35      0      0      0      0      0      0   1512    210      3      2      0 
    1    244     65     69     98     24      0      0      0      0   1512   1410   1585      4      0 
    0     41     32     35      0      0      0      0      0      0   1512    210      3      2      0 
    1    233     65     69     98     24      0      0      0      0   1512   1410   1585      4      0 
    0     41     32     35      0      0      0      0      0      0   1512    210      3      2      0 
    1    241     65     67     98     24      0      0      0      0   1512   1410   1585      4      0 
    0     41     32     35      0      0      0      0      0      0   1512    210      3      2      0 
    1    242     64     67     98     24      0      0      0      0   1512   1410   1585      4      0 
    0     41     32     35      0      0      0      0      0      0   1512    210      3      2      0 
    1    244     65     69     98     24      0      0      0      0   1512   1410   1585      4      0 
    0     42     32     35      0      0      0      0      0      0   1512    210      3      2      0 
    1    241     65     69     98     24      0      0      0      0   1512   1410   1585      4      0 
    0     41     32     35      0      0      0      0      0      0   1512    210      3      2      0 
    1    241     65     69     98     24      0      0      0      0   1512   1410   1585      4      0 
    0     41     32     35      0      0      0      0      0      0   1512    210      3      2      0 
    1    239     65     67     98     24      0      0      0      0   1512   1410   1585      4      0 
    0     41     32     35      0      0      0      0      0      0   1512    210      3      2      0 
    1    245     64     67     98     24      0      0      0      0   1512   1410   1585      4      0 
    0     41     32     35      0      0      0      0      0      0   1512    210      3      2      0 
    1    244     65     69     98     24      0      0      0      0   1512   1410   1585      4      0 
    0     41     32     35      0      0      0      0      0      0   1512    210      3      2      0 
    1    246     65     69     98     24      0      0      0      0   1512   1410   1585      4      0 
    0     41     32     35      0      0      0      0      0      0   1512    210      3      2      0 
    1    243     65     69     98     24      0      0      0      0   1512   1410   1585      4      0 
    0     41     32     35      0      0      0      0      0      0   1512    210      3      2      0 
    1    241     64     67     98     24      0      0      0      0   1512   1410   1585      4      0 
    0     42     32     35      0      0      0      0      0      0   1512    210      3      2      0 
    1    241     65     67     98     24      0      0      0      0   1512   1410   1585      4      0 
    0     41     32     35      0      0      0      0      0      0   1512    210      3      2      0 
    1    241     65     69     98     24      0      0      0      0   1512   1410   1585      4      0 
    0     41     32     35      0      0      0      0      0      0   1512    210      3      2      0 
    1    240     65     69     98     24      0      0      0      0   1512   1410   1585      4      0 
    0     41     32     35      0      0      0      0      0      0   1512    210      3      2      0 
    1    244     65     67     98     24      0      0      0      0   1512   1410   1585      4      0 
    0     41     32     35      0      0      0      0      0      0   1512    210      3      2      0 
    1    244     64     67     98     24      0      0      0      0   1512   1410   1585      4      0 
    0     41     32     35      0      0      0      0      0      0   1512    210      3      2      0 
    1    246     65     69     98     24      0      0      0      0   1512   1410   1585      4      0 
    0     41     32     35      0      0      0      0      0      0   1512    210      3      2      0 
    1    240     65     69     98     24      0      0      0      0   1512   1410   1585      4      0 
    0     41     32     35      0      0      0      0      0      0   1512    210      3      2      0 
    1    244     65     69     98     24      0      0      0      0   1512   1410   1585      4      0 
    0     41     32     35      0      0      0      0      0      0   1512    210      3      2      0 
    1    244     65     67     98     24      0      0      0      0   1512   1410   1585      4      0 
# gpu    pwr  gtemp  mtemp     sm    mem    enc    dec    jpg    ofa   mclk   pclk     fb   bar1   ccpm 
# Idx      W      C      C      %      %      %      %      %      %    MHz    MHz     MB     MB     MB 
    0     41     32     35      0      0      0      0      0      0   1512    210      3      2      0 
    1    245     65     67     98     24      0      0      0      0   1512   1410   1585      4      0 
    0     41     32     35      0      0      0      0      0      0   1512    210      3      2      0 
    1    243     65     69     98     24      0      0      0      0   1512   1410   1585      4      0 
    0     41     32     35      0      0      0      0      0      0   1512    210      3      2      0 
    1    242     65     69     98     24      0      0      0      0   1512   1410   1585      4      0 
    0     41     32     35      0      0      0      0      0      0   1512    210      3      2      0 
    1    242     65     67     98     24      0      0      0      0   1512   1410   1585      4      0 
    0     41     32     35      0      0      0      0      0      0   1512    210      3      2      0 
    1    240     64     67     98     24      0      0      0      0   1512   1410   1585      4      0 
    0     42     32     35      0      0      0      0      0      0   1512    210      3      2      0 
    1    241     65     67     98     24      0      0      0      0   1512   1410   1585      4      0 
    0     41     32     35      0      0      0      0      0      0   1512    210      3      2      0 
    1    239     65     69     98     24      0      0      0      0   1512   1410   1585      4      0 
    0     41     32     35      0      0      0      0      0      0   1512    210      3      2      0 
    1    239     65     69     98     24      0      0      0      0   1512   1410   1585      4      0 
    0     41     32     35      0      0      0      0      0      0   1512    210      3      2      0 
    1    243     65     67     98     24      0      0      0      0   1512   1410   1585      4      0 
    0     41     32     35      0      0      0      0      0      0   1512    210      3      2      0 
    1    244     64     67     98     24      0      0      0      0   1512   1410   1585      4      0 
    0     41     32     35      0      0      0      0      0      0   1512    210      3      2      0 
    1    243     65     69     98     24      0      0      0      0   1512   1410   1585      4      0 
    0     41     32     35      0      0      0      0      0      0   1512    210      3      2      0 
    1    242     65     69     98     24      0      0      0      0   1512   1410   1585      4      0 
    0     41     32     35      0      0      0      0      0      0   1512    210      3      2      0 
    1    240     65     69     98     24      0      0      0      0   1512   1410   1585      4      0 
    0     42     32     35      0      0      0      0      0      0   1512    210      3      2      0 
    1    245     64     67     98     24      0      0      0      0   1512   1410   1585      4      0 
    0     41     32     35      0      0      0      0      0      0   1512    210      3      2      0 
    1    245     65     67     98     24      0      0      0      0   1512   1410   1585      4      0 
    0     41     32     35      0      0      0      0      0      0   1512    210      3      2      0 
    1    245     65     69     98     24      0      0      0      0   1512   1410   1585      4      0 
    0     41     32     35      0      0      0      0      0      0   1512    210      3      2      0 
    1    245     65     69     98     24      0      0      0      0   1512   1410   1585      4      0 
    0     41     32     35      0      0      0      0      0      0   1512    210      3      2      0 
    1    239     65     67     98     24      0      0      0      0   1512   1410   1585      4      0 
    0     42     32     35      0      0      0      0      0      0   1512    210      3      2      0 
    1    244     64     67     98     24      0      0      0      0   1512   1410   1585      4      0 
    0     41     32     35      0      0      0      0      0      0   1512    210      3      2      0 
    1    243     65     69     98     24      0      0      0      0   1512   1410   1585      4      0 
    0     41     32     35      0      0      0      0      0      0   1512    210      3      2      0 
    1    242     65     69     98     24      0      0      0      0   1512   1410   1585      4      0 
    0     41     32     35      0      0      0      0      0      0   1512    210      3      2      0 
    1    246     65     67     98     24      0      0      0      0   1512   1410   1585      4      0 
# gpu    pwr  gtemp  mtemp     sm    mem    enc    dec    jpg    ofa   mclk   pclk     fb   bar1   ccpm 
# Idx      W      C      C      %      %      %      %      %      %    MHz    MHz     MB     MB     MB 
    0     41     32     35      0      0      0      0      0      0   1512    210      3      2      0 
    1    245     64     67     98     24      0      0      0      0   1512   1410   1585      4      0 
    0     41     32     35      0      0      0      0      0      0   1512    210      3      2      0 
    1    246     65     67     98     24      0      0      0      0   1512   1410   1585      4      0 
    0     41     32     35      0      0      0      0      0      0   1512    210      3      2      0 
    1    243     65     69     98     24      0      0      0      0   1512   1410   1585      4      0 
    0     41     32     35      0      0      0      0      0      0   1512    210      3      2      0 
    1    240     65     69     98     24      0      0      0      0   1512   1410   1585      4      0 
    0     41     32     35      0      0      0      0      0      0   1512    210      3      2      0 
    1    241     65     67     98     24      0      0      0      0   1512   1410   1585      4      0 
    0     41     32     35      0      0      0      0      0      0   1512    210      3      2      0 
    1    240     64     67     98     24      0      0      0      0   1512   1410   1585      4      0 
    0     41     32     35      0      0      0      0      0      0   1512    210      3      2      0 
    1    246     65     69     98     24      0      0      0      0   1512   1410   1585      4      0 
    0     42     32     35      0      0      0      0      0      0   1512    210      3      2      0 
    1    242     65     69     98     24      0      0      0      0   1512   1410   1585      4      0 
    0     41     32     35      0      0      0      0      0      0   1512    210      3      2      0 
    1    240     65     69     98     24      0      0      0      0   1512   1410   1585      4      0 
    0     41     32     35      0      0      0      0      0      0   1512    210      3      2      0 
    1    244     64     67     98     24      0      0      0      0   1512   1410   1585      4      0 
    0     42     32     35      0      0      0      0      0      0   1512    210      3      2      0 
    1    241     65     67     98     24      0      0      0      0   1512   1410   1585      4      0 
    0     41     32     35      0      0      0      0      0      0   1512    210      3      2      0 
    1    246     65     69     98     24      0      0      0      0   1512   1410   1585      4      0 
    0     40     32     35      0      0      0      0      0      0   1512    210      3      2      0 
    1    242     65     69     98     24      0      0      0      0   1512   1410   1585      4      0 
    0     41     32     35      0      0      0      0      0      0   1512    210      3      2      0 
    1    239     65     67     98     24      0      0      0      0   1512   1410   1585      4      0 
    0     42     32     35      0      0      0      0      0      0   1512    210      3      2      0 
    1    240     64     67     98     24      0      0      0      0   1512   1410   1585      4      0 
    0     41     32     35      0      0      0      0      0      0   1512    210      3      2      0 
    1    240     65     67     98     24      0      0      0      0   1512   1410   1585      4      0 
    0     40     32     35      0      0      0      0      0      0   1512    210      3      2      0 
    1    243     65     69     98     24      0      0      0      0   1512   1410   1585      4      0 
    0     41     32     35      0      0      0      0      0      0   1512    210      3      2      0 
    1    241     65     69     98     24      0      0      0      0   1512   1410   1585      4      0 
    0     41     32     35      0      0      0      0      0      0   1512    210      3      2      0 
    1    240     65     67     98     24      0      0      0      0   1512   1410   1585      4      0 
    0     41     32     35      0      0      0      0      0      0   1512    210      3      2      0 
    1    244     64     67     98     24      0      0      0      0   1512   1410   1585      4      0 
    0     41     32     35      0      0      0      0      0      0   1512    210      3      2      0 
    1    241     65     69     98     24      0      0      0      0   1512   1410   1585      4      0 
    0     41     32     35      0      0      0      0      0      0   1512    210      3      2      0 
    1    246     65     69     98     24      0      0      0      0   1512   1410   1585      4      0 
# gpu    pwr  gtemp  mtemp     sm    mem    enc    dec    jpg    ofa   mclk   pclk     fb   bar1   ccpm 
# Idx      W      C      C      %      %      %      %      %      %    MHz    MHz     MB     MB     MB 
    0     41     32     35      0      0      0      0      0      0   1512    210      3      2      0 
    1    242     65     69     98     24      0      0      0      0   1512   1410   1585      4      0 
    0     41     32     35      0      0      0      0      0      0   1512    210      3      2      0 
    1    241     64     67     98     24      0      0      0      0   1512   1410   1585      4      0 
    0     41     32     35      0      0      0      0      0      0   1512    210      3      2      0 
    1    245     65     69     98     24      0      0      0      0   1512   1410   1585      4      0 
    0     41     32     35      0      0      0      0      0      0   1512    210      3      2      0 
    1    245     65     69     98     24      0      0      0      0   1512   1410   1585      4      0 
    0     41     32     35      0      0      0      0      0      0   1512    210      3      2      0 
    1    242     65     69     98     24      0      0      0      0   1512   1410   1585      4      0 
    0     41     32     35      0      0      0      0      0      0   1512    210      3      2      0 
    1    244     64     67     98     24      0      0      0      0   1512   1410   1585      4      0 
    0     41     32     35      0      0      0      0      0      0   1512    210      3      2      0 
    1    244     64     67     98     24      0      0      0      0   1512   1410   1585      4      0 
    0     42     32     35      0      0      0      0      0      0   1512    210      3      2      0 
    1    238     65     69     98     24      0      0      0      0   1512   1410   1585      4      0 
    0     41     32     35      0      0      0      0      0      0   1512    210      3      2      0 
    1    245     65     69     98     24      0      0      0      0   1512   1410   1585      4      0 
    0     41     32     35      0      0      0      0      0      0   1512    210      3      2      0 
    1    238     65     67     98     24      0      0      0      0   1512   1410   1585      4      0 
    0     41     32     35      0      0      0      0      0      0   1512    210      3      2      0 
    1    245     64     67     98     24      0      0      0      0   1512   1410   1585      4      0 
    0     41     32     35      0      0      0      0      0      0   1512    210      3      2      0 
    1    242     65     69     98     24      0      0      0      0   1512   1410   1585      4      0 
    0     41     32     35      0      0      0      0      0      0   1512    210      3      2      0 
    1    242     65     69     98     24      0      0      0      0   1512   1410   1585      4      0 
    0     42     32     35      0      0      0      0      0      0   1512    210      3      2      0 
    1    242     65     69     98     24      0      0      0      0   1512   1410   1585      4      0 
    0     41     32     35      0      0      0      0      0      0   1512    210      3      2      0 
    1    242     65     67     98     24      0      0      0      0   1512   1410   1585      4      0 
    0     42     32     35      0      0      0      0      0      0   1512    210      3      2      0 
    1    243     64     67     98     24      0      0      0      0   1512   1410   1585      4      0 
    0     41     32     35      0      0      0      0      0      0   1512    210      3      2      0 
    1    243     65     69     98     24      0      0      0      0   1512   1410   1585      4      0 
    0     41     32     35      0      0      0      0      0      0   1512    210      3      2      0 
    1    244     65     69     98     24      0      0      0      0   1512   1410   1585      4      0 
    0     41     32     35      0      0      0      0      0      0   1512    210      3      2      0 
    1    243     65     67     98     24      0      0      0      0   1512   1410   1585      4      0 
    0     42     32     35      0      0      0      0      0      0   1512    210      3      2      0 
    1    244     64     67     98     24      0      0      0      0   1512   1410   1585      4      0 
    0     42     32     35      0      0      0      0      0      0   1512    210      3      2      0 
    1    246     65     69     98     24      0      0      0      0   1512   1410   1585      4      0 
    0     41     32     35      0      0      0      0      0      0   1512    210      3      2      0 
    1    243     65     69     98     24      0      0      0      0   1512   1410   1585      4      0 
# gpu    pwr  gtemp  mtemp     sm    mem    enc    dec    jpg    ofa   mclk   pclk     fb   bar1   ccpm 
# Idx      W      C      C      %      %      %      %      %      %    MHz    MHz     MB     MB     MB 
    0     41     32     35      0      0      0      0      0      0   1512    210      3      2      0 
    1    244     65     69     98     24      0      0      0      0   1512   1410   1585      4      0 
    0     41     32     35      0      0      0      0      0      0   1512    210      3      2      0 
    1    239     65     67     98     24      0      0      0      0   1512   1410   1585      4      0 
    0     41     32     35      0      0      0      0      0      0   1512    210      3      2      0 
    1    240     64     67     98     24      0      0      0      0   1512   1410   1585      4      0 
    0     41     32     35      0      0      0      0      0      0   1512    210      3      2      0 
    1    242     65     69     98     24      0      0      0      0   1512   1410   1585      4      0 
    0     42     32     35      0      0      0      0      0      0   1512    210      3      2      0 
    1    242     65     69     98     24      0      0      0      0   1512   1410   1585      4      0 
    0     41     32     35      0      0      0      0      0      0   1512    210      3      2      0 
    1    237     65     69     98     24      0      0      0      0   1512   1410   1585      4      0 
    0     41     32     35      0      0      0      0      0      0   1512    210      3      2      0 
    1    239     64     67     98     24      0      0      0      0   1512   1410   1585      4      0 
    0     41     32     35      0      0      0      0      0      0   1512    210      3      2      0 
    1    241     65     67     98     24      0      0      0      0   1512   1410   1585      4      0 
    0     41     32     35      0      0      0      0      0      0   1512    210      3      2      0 
    1    244     65     69     98     24      0      0      0      0   1512   1410   1585      4      0 
    0     41     32     35      0      0      0      0      0      0   1512    210      3      2      0 
    1    242     65     69     98     24      0      0      0      0   1512   1410   1585      4      0 
    0     42     32     35      0      0      0      0      0      0   1512    210      3      2      0 
    1    240     65     67     98     24      0      0      0      0   1512   1410   1585      4      0 
    0     41     32     35      0      0      0      0      0      0   1512    210      3      2      0 
    1    244     64     67     98     24      0      0      0      0   1512   1410   1585      4      0 
    0     41     32     35      0      0      0      0      0      0   1512    210      3      2      0 
    1    242     65     69     98     24      0      0      0      0   1512   1410   1585      4      0 
    0     42     32     35      0      0      0      0      0      0   1512    210      3      2      0 
    1    242     65     69     98     24      0      0      0      0   1512   1410   1585      4      0 
    0     41     32     35      0      0      0      0      0      0   1512    210      3      2      0 
    1    245     65     69     98     24      0      0      0      0   1512   1410   1585      4      0 
    0     42     32     35      0      0      0      0      0      0   1512    210      3      2      0 
    1    242     65     67     98     24      0      0      0      0   1512   1410   1585      4      0 
    0     41     32     35      0      0      0      0      0      0   1512    210      3      2      0 
    1    237     64     67     98     24      0      0      0      0   1512   1410   1585      4      0 
    0     41     32     35      0      0      0      0      0      0   1512    210      3      2      0 
    1    245     65     69     98     24      0      0      0      0   1512   1410   1585      4      0 
    0     41     32     35      0      0      0      0      0      0   1512    210      3      2      0 
    1    243     65     69     98     24      0      0      0      0   1512   1410   1585      4      0 
    0     40     32     35      0      0      0      0      0      0   1512    210      3      2      0 
    1    246     65     67     98     24      0      0      0      0   1512   1410   1585      4      0 
    0     41     32     35      0      0      0      0      0      0   1512    210      3      2      0 
    1    241     64     67     98     24      0      0      0      0   1512   1410   1585      4      0 
    0     42     32     35      0      0      0      0      0      0   1512    210      3      2      0 
    1    239     65     67     98     24      0      0      0      0   1512   1410   1585      4      0 
# gpu    pwr  gtemp  mtemp     sm    mem    enc    dec    jpg    ofa   mclk   pclk     fb   bar1   ccpm 
# Idx      W      C      C      %      %      %      %      %      %    MHz    MHz     MB     MB     MB 
    0     41     32     35      0      0      0      0      0      0   1512    210      3      2      0 
    1    247     66     69     98     24      0      0      0      0   1512   1410   1585      4      0 
    0     41     32     35      0      0      0      0      0      0   1512    210      3      2      0 
    1    242     65     69     98     24      0      0      0      0   1512   1410   1585      4      0 
    0     41     32     35      0      0      0      0      0      0   1512    210      3      2      0 
    1    246     65     69     98     24      0      0      0      0   1512   1410   1585      4      0 
    0     41     32     35      0      0      0      0      0      0   1512    210      3      2      0 
    1    239     64     67     98     24      0      0      0      0   1512   1410   1585      4      0 
    0     41     32     35      0      0      0      0      0      0   1512    210      3      2      0 
    1    242     65     67     98     24      0      0      0      0   1512   1410   1585      4      0 
    0     41     32     35      0      0      0      0      0      0   1512    210      3      2      0 
    1    242     65     69     98     24      0      0      0      0   1512   1410   1585      4      0 
    0     40     32     35      0      0      0      0      0      0   1512    210      3      2      0 
    1    239     65     69     98     24      0      0      0      0   1512   1410   1585      4      0 
    0     41     32     35      0      0      0      0      0      0   1512    210      3      2      0 
    1    239     65     67     98     24      0      0      0      0   1512   1410   1585      4      0 
    0     41     32     35      0      0      0      0      0      0   1512    210      3      2      0 
    1    241     64     67     98     24      0      0      0      0   1512   1410   1585      4      0 
    0     40     32     35      0      0      0      0      0      0   1512    210      3      2      0 
    1    243     65     69     98     24      0      0      0      0   1512   1410   1585      4      0 
    0     41     32     35      0      0      0      0      0      0   1512    210      3      2      0 
    1    242     65     69     98     24      0      0      0      0   1512   1410   1585      4      0 
    0     42     32     35      0      0      0      0      0      0   1512    210      3      2      0 
    1    239     65     67     98     24      0      0      0      0   1512   1410   1585      4      0 
    0     42     32     35      0      0      0      0      0      0   1512    210      3      2      0 
    1    238     64     67     98     24      0      0      0      0   1512   1410   1585      4      0 
    0     41     32     35      0      0      0      0      0      0   1512    210      3      2      0 
    1    238     65     69     98     24      0      0      0      0   1512   1410   1585      4      0 
    0     41     32     35      0      0      0      0      0      0   1512    210      3      2      0 
    1    244     65     69     98     24      0      0      0      0   1512   1410   1585      4      0 
    0     41     32     35      0      0      0      0      0      0   1512    210      3      2      0 
    1    242     65     69     98     24      0      0      0      0   1512   1410   1585      4      0 
    0     42     32     35      0      0      0      0      0      0   1512    210      3      2      0 
    1    247     65     67     98     24      0      0      0      0   1512   1410   1585      4      0 
    0     41     32     35      0      0      0      0      0      0   1512    210      3      2      0 
    1    244     65     67     98     24      0      0      0      0   1512   1410   1585      4      0 
    0     41     32     35      0      0      0      0      0      0   1512    210      3      2      0 
    1    242     65     69     98     24      0      0      0      0   1512   1410   1585      4      0 
    0     41     32     35      0      0      0      0      0      0   1512    210      3      2      0 
    1    244     65     69     98     24      0      0      0      0   1512   1410   1585      4      0 
    0     41     32     35      0      0      0      0      0      0   1512    210      3      2      0 
    1    242     65     69     99     24      0      0      0      0   1512   1410   1585      4      0 
    0     41     32     35      0      0      0      0      0      0   1512    210      3      2      0 
    1    243     64     67     98     24      0      0      0      0   1512   1410   1585      4      0 
# gpu    pwr  gtemp  mtemp     sm    mem    enc    dec    jpg    ofa   mclk   pclk     fb   bar1   ccpm 
# Idx      W      C      C      %      %      %      %      %      %    MHz    MHz     MB     MB     MB 
    0     41     32     35      0      0      0      0      0      0   1512    210      3      2      0 
    1    247     65     67     98     24      0      0      0      0   1512   1410   1585      4      0 
    0     42     32     35      0      0      0      0      0      0   1512    210      3      2      0 
    1    242     65     69     98     24      0      0      0      0   1512   1410   1585      4      0 
    0     41     32     35      0      0      0      0      0      0   1512    210      3      2      0 
    1    243     65     69     98     24      0      0      0      0   1512   1410   1585      4      0 
    0     41     32     35      0      0      0      0      0      0   1512    210      3      2      0 
    1    240     65     67     98     24      0      0      0      0   1512   1410   1585      4      0 
    0     42     32     35      0      0      0      0      0      0   1512    210      3      2      0 
    1    241     64     67     98     24      0      0      0      0   1512   1410   1585      4      0 
    0     41     32     35      0      0      0      0      0      0   1512    210      3      2      0 
    1    237     65     69     98     24      0      0      0      0   1512   1410   1585      4      0 
    0     42     32     35      0      0      0      0      0      0   1512    210      3      2      0 
    1    246     65     69     98     24      0      0      0      0   1512   1410   1585      4      0 
    0     41     32     35      0      0      0      0      0      0   1512    210      3      2      0 
    1    242     65     69     98     24      0      0      0      0   1512   1410   1585      4      0 
    0     41     32     35      0      0      0      0      0      0   1512    210      3      2      0 
    1    244     65     67     98     24      0      0      0      0   1512   1410   1585      4      0 
    0     41     32     35      0      0      0      0      0      0   1512    210      3      2      0 
    1    243     65     67     98     24      0      0      0      0   1512   1410   1585      4      0 
    0     41     32     35      0      0      0      0      0      0   1512    210      3      2      0 
    1    241     65     69     98     24      0      0      0      0   1512   1410   1585      4      0 
    0     41     32     35      0      0      0      0      0      0   1512    210      3      2      0 
    1    243     65     69     98     24      0      0      0      0   1512   1410   1585      4      0 
    0     41     32     35      0      0      0      0      0      0   1512    210      3      2      0 
    1    244     65     69     98     24      0      0      0      0   1512   1410   1585      4      0 
    0     41     32     35      0      0      0      0      0      0   1512    210      3      2      0 
    1    238     64     67     98     24      0      0      0      0   1512   1410   1585      4      0 
    0     41     32     35      0      0      0      0      0      0   1512    210      3      2      0 
    1    245     65     69     98     24      0      0      0      0   1512   1410   1585      4      0 
    0     41     32     35      0      0      0      0      0      0   1512    210      3      2      0 
    1    243     65     69     98     24      0      0      0      0   1512   1410   1585      4      0 
    0     41     32     35      0      0      0      0      0      0   1512    210      3      2      0 
    1    243     65     69     98     24      0      0      0      0   1512   1410   1585      4      0 
    0     41     32     35      0      0      0      0      0      0   1512    210      3      2      0 
    1    240     65     67     98     24      0      0      0      0   1512   1410   1585      4      0 
    0     41     32     35      0      0      0      0      0      0   1512    210      3      2      0 
    1    239     64     67     98     24      0      0      0      0   1512   1410   1585      4      0 
    0     41     32     35      0      0      0      0      0      0   1512    210      3      2      0 
    1    246     65     69     98     24      0      0      0      0   1512   1410   1585      4      0 
    0     41     32     35      0      0      0      0      0      0   1512    210      3      2      0 
    1    242     65     69     98     24      0      0      0      0   1512   1410   1585      4      0 
    0     41     32     35      0      0      0      0      0      0   1512    210      3      2      0 
    1    239     65     67     98     24      0      0      0      0   1512   1410   1585      4      0 
# gpu    pwr  gtemp  mtemp     sm    mem    enc    dec    jpg    ofa   mclk   pclk     fb   bar1   ccpm 
# Idx      W      C      C      %      %      %      %      %      %    MHz    MHz     MB     MB     MB 
    0     41     32     35      0      0      0      0      0      0   1512    210      3      2      0 
    1    243     64     67     98     24      0      0      0      0   1512   1410   1585      4      0 
    0     42     32     35      0      0      0      0      0      0   1512    210      3      2      0 
    1    242     65     67     98     24      0      0      0      0   1512   1410   1585      4      0 
    0     41     32     35      0      0      0      0      0      0   1512    210      3      2      0 
    1    247     65     69     98     24      0      0      0      0   1512   1410   1585      4      0 
    0     41     32     35      0      0      0      0      0      0   1512    210      3      2      0 
    1    243     65     69     98     24      0      0      0      0   1512   1410   1585      4      0 
    0     41     32     35      0      0      0      0      0      0   1512    210      3      2      0 
    1    240     65     67     98     24      0      0      0      0   1512   1410   1585      4      0 
    0     41     32     35      0      0      0      0      0      0   1512    210      3      2      0 
    1    234     64     67     98     24      0      0      0      0   1512   1410   1585      4      0 
    0     41     32     35      0      0      0      0      0      0   1512    210      3      2      0 
    1    243     65     69     98     24      0      0      0      0   1512   1410   1585      4      0 
    0     42     32     35      0      0      0      0      0      0   1512    210      3      2      0 
    1    244     65     69     98     24      0      0      0      0   1512   1410   1585      4      0 
    0     41     32     35      0      0      0      0      0      0   1512    210      3      2      0 
    1    243     65     69     98     24      0      0      0      0   1512   1410   1585      4      0 
    0     42     32     35      0      0      0      0      0      0   1512    210      3      2      0 
    1    238     64     67     98     24      0      0      0      0   1512   1410   1585      4      0 
    0     41     32     35      0      0      0      0      0      0   1512    210      3      2      0 
    1    242     65     67     98     24      0      0      0      0   1512   1410   1585      4      0 
    0     41     32     35      0      0      0      0      0      0   1512    210      3      2      0 
    1    246     65     69     98     24      0      0      0      0   1512   1410   1585      4      0 
    0     41     32     35      0      0      0      0      0      0   1512    210      3      2      0 
    1    238     65     69     98     24      0      0      0      0   1512   1410   1585      4      0 
    0     41     32     35      0      0      0      0      0      0   1512    210      3      2      0 
    1    241     65     67     98     24      0      0      0      0   1512   1410   1585      4      0 
    0     42     32     35      0      0      0      0      0      0   1512    210      3      2      0 
    1    238     64     67     98     24      0      0      0      0   1512   1410   1585      4      0 
    0     41     32     35      0      0      0      0      0      0   1512    210      3      2      0 
    1    241     65     69     98     24      0      0      0      0   1512   1410   1585      4      0 
    0     42     32     35      0      0      0      0      0      0   1512    210      3      2      0 
    1    243     65     69     98     24      0      0      0      0   1512   1410   1585      4      0 
    0     41     32     35      0      0      0      0      0      0   1512    210      3      2      0 
    1    246     65     69     98     24      0      0      0      0   1512   1410   1585      4      0 
    0     40     32     35      0      0      0      0      0      0   1512    210      3      2      0 
    1    237     65     67     98     24      0      0      0      0   1512   1410   1585      4      0 
    0     41     32     35      0      0      0      0      0      0   1512    210      3      2      0 
    1    238     65     67     98     24      0      0      0      0   1512   1410   1585      4      0 
    0     40     32     35      0      0      0      0      0      0   1512    210      3      2      0 
    1    242     66     69     98     24      0      0      0      0   1512   1410   1585      4      0 
    0     41     32     35      0      0      0      0      0      0   1512    210      3      2      0 
    1    239     65     69     99     24      0      0      0      0   1512   1410   1585      4      0 
# gpu    pwr  gtemp  mtemp     sm    mem    enc    dec    jpg    ofa   mclk   pclk     fb   bar1   ccpm 
# Idx      W      C      C      %      %      %      %      %      %    MHz    MHz     MB     MB     MB 
    0     41     32     35      0      0      0      0      0      0   1512    210      3      2      0 
    1    242     65     69     98     24      0      0      0      0   1512   1410   1585      4      0 
    0     41     32     35      0      0      0      0      0      0   1512    210      3      2      0 
    1    240     64     67     98     24      0      0      0      0   1512   1410   1585      4      0 
    0     41     32     35      0      0      0      0      0      0   1512    210      3      2      0 
    1    246     65     67     98     24      0      0      0      0   1512   1410   1585      4      0 
    0     42     32     35      0      0      0      0      0      0   1512    210      3      2      0 
    1    240     65     69     98     24      0      0      0      0   1512   1410   1585      4      0 
    0     42     32     35      0      0      0      0      0      0   1512    210      3      2      0 
    1    242     65     69     98     24      0      0      0      0   1512   1410   1585      4      0 
    0     41     32     35      0      0      0      0      0      0   1512    210      3      2      0 
    1    242     65     67     98     24      0      0      0      0   1512   1410   1585      4      0 
    0     41     32     35      0      0      0      0      0      0   1512    210      3      2      0 
    1    242     64     67     98     24      0      0      0      0   1512   1410   1585      4      0 
    0     41     32     35      0      0      0      0      0      0   1512    210      3      2      0 
    1    245     65     69     98     24      0      0      0      0   1512   1410   1585      4      0 
    0     41     32     35      0      0      0      0      0      0   1512    210      3      2      0 
    1    241     65     69     98     24      0      0      0      0   1512   1410   1585      4      0 
    0     41     32     35      0      0      0      0      0      0   1512    210      3      2      0 
    1    245     65     69     98     24      0      0      0      0   1512   1410   1585      4      0 
    0     41     32     35      0      0      0      0      0      0   1512    210      3      2      0 
    1    245     64     67     98     24      0      0      0      0   1512   1410   1585      4      0 
    0     40     32     35      0      0      0      0      0      0   1512    210      3      2      0 
    1    238     64     67     98     24      0      0      0      0   1512   1410   1585      4      0 
    0     41     32     35      0      0      0      0      0      0   1512    210      3      2      0 
    1    244     65     69     98     24      0      0      0      0   1512   1410   1585      4      0 
    0     41     32     35      0      0      0      0      0      0   1512    210      3      2      0 
    1    241     65     69     98     24      0      0      0      0   1512   1410   1585      4      0 
    0     41     32     35      0      0      0      0      0      0   1512    210      3      2      0 
    1    245     65     67     98     24      0      0      0      0   1512   1410   1585      4      0 
    0     42     32     35      0      0      0      0      0      0   1512    210      3      2      0 
    1    245     64     67     98     24      0      0      0      0   1512   1410   1585      4      0 
    0     42     32     35      0      0      0      0      0      0   1512    210      3      2      0 
    1    242     65     67     98     24      0      0      0      0   1512   1410   1585      4      0 
    0     41     32     35      0      0      0      0      0      0   1512    210      3      2      0 
    1    246     65     69     98     24      0      0      0      0   1512   1410   1585      4      0 
    0     42     32     35      0      0      0      0      0      0   1512    210      3      2      0 
    1    246     65     69     98     24      0      0      0      0   1512   1410   1585      4      0 
    0     41     32     35      0      0      0      0      0      0   1512    210      3      2      0 
    1    246     65     67     98     24      0      0      0      0   1512   1410   1585      4      0 
    0     41     32     35      0      0      0      0      0      0   1512    210      3      2      0 
    1    239     65     67     98     24      0      0      0      0   1512   1410   1585      4      0 
    0     41     32     35      0      0      0      0      0      0   1512    210      3      2      0 
    1    244     65     69     98     24      0      0      0      0   1512   1410   1585      4      0 
# gpu    pwr  gtemp  mtemp     sm    mem    enc    dec    jpg    ofa   mclk   pclk     fb   bar1   ccpm 
# Idx      W      C      C      %      %      %      %      %      %    MHz    MHz     MB     MB     MB 
    0     41     32     35      0      0      0      0      0      0   1512    210      3      2      0 
    1    243     65     69     98     24      0      0      0      0   1512   1410   1585      4      0 
    0     41     32     35      0      0      0      0      0      0   1512    210      3      2      0 
    1    242     65     67     98     24      0      0      0      0   1512   1410   1585      4      0 
    0     41     32     35      0      0      0      0      0      0   1512    210      3      2      0 
    1    243     64     67     98     24      0      0      0      0   1512   1410   1585      4      0 
    0     41     32     35      0      0      0      0      0      0   1512    210      3      2      0 
    1    242     65     69     98     24      0      0      0      0   1512   1410   1585      4      0 
    0     41     32     35      0      0      0      0      0      0   1512    210      3      2      0 
    1     83     62     67      9      2      0      0      0      0   1512   1410   1657      4      0 
    0     41     32     35      0      0      0      0      0      0   1512    210      3      2      0 
    1    232     64     67     96     24      0      0      0      0   1512   1410   1657      4      0 
    0     41     32     35      0      0      0      0      0      0   1512    210      3      2      0 
    1    233     64     67     96     24      0      0      0      0   1512   1410   1657      4      0 
    0     41     32     35      0      0      0      0      0      0   1512    210      3      2      0 
    1    234     65     69     96     24      0      0      0      0   1512   1410   1657      4      0 
    0     41     32     35      0      0      0      0      0      0   1512    210      3      2      0 
    1    238     65     69     96     24      0      0      0      0   1512   1410   1657      4      0 
    0     42     32     35      0      0      0      0      0      0   1512    210      3      2      0 
    1    237     64     67     96     24      0      0      0      0   1512   1410   1657      4      0 
    0     41     32     35      0      0      0      0      0      0   1512    210      3      2      0 
    1    234     65     67     96     24      0      0      0      0   1512   1410   1657      4      0 
    0     41     32     35      0      0      0      0      0      0   1512    210      3      2      0 
    1    236     65     69     95     24      0      0      0      0   1512   1410   1657      4      0 
    0     41     32     35      0      0      0      0      0      0   1512    210      3      2      0 
    1    237     65     67     96     24      0      0      0      0   1512   1410   1657      4      0 
    0     41     32     35      0      0      0      0      0      0   1512    210      3      2      0 
    1    234     64     67     96     24      0      0      0      0   1512   1410   1657      4      0 
    0     41     32     35      0      0      0      0      0      0   1512    210      3      2      0 
    1    238     65     69     96     24      0      0      0      0   1512   1410   1657      4      0 
    0     41     32     35      0      0      0      0      0      0   1512    210      3      2      0 
    1    234     65     69     96     24      0      0      0      0   1512   1410   1657      4      0 
    0     41     32     35      0      0      0      0      0      0   1512    210      3      2      0 
    1    237     65     67     96     24      0      0      0      0   1512   1410   1657      4      0 
    0     41     32     35      0      0      0      0      0      0   1512    210      3      2      0 
    1    242     64     67     96     24      0      0      0      0   1512   1410   1657      4      0 
    0     41     32     35      0      0      0      0      0      0   1512    210      3      2      0 
    1    236     65     69     96     24      0      0      0      0   1512   1410   1657      4      0 
    0     41     32     35      0      0      0      0      0      0   1512    210      3      2      0 
    1    238     65     69     96     24      0      0      0      0   1512   1410   1657      4      0 
    0     41     32     35      0      0      0      0      0      0   1512    210      3      2      0 
    1    238     65     69     96     24      0      0      0      0   1512   1410   1657      4      0 
    0     41     32     35      0      0      0      0      0      0   1512    210      3      2      0 
    1    236     64     67     96     24      0      0      0      0   1512   1410   1657      4      0 
# gpu    pwr  gtemp  mtemp     sm    mem    enc    dec    jpg    ofa   mclk   pclk     fb   bar1   ccpm 
# Idx      W      C      C      %      %      %      %      %      %    MHz    MHz     MB     MB     MB 
    0     42     32     35      0      0      0      0      0      0   1512    210      3      2      0 
    1    236     65     67     96     24      0      0      0      0   1512   1410   1657      4      0 
    0     41     32     35      0      0      0      0      0      0   1512    210      3      2      0 
    1    237     65     69     96     24      0      0      0      0   1512   1410   1657      4      0 
    0     41     32     35      0      0      0      0      0      0   1512    210      3      2      0 
    1    233     65     69     96     24      0      0      0      0   1512   1410   1657      4      0 
    0     41     32     35      0      0      0      0      0      0   1512    210      3      2      0 
    1    233     64     67     96     24      0      0      0      0   1512   1410   1657      4      0 
    0     41     32     35      0      0      0      0      0      0   1512    210      3      2      0 
    1    234     65     69     96     24      0      0      0      0   1512   1410   1657      4      0 
    0     41     32     35      0      0      0      0      0      0   1512    210      3      2      0 
    1    235     65     69     96     24      0      0      0      0   1512   1410   1657      4      0 
    0     41     32     35      0      0      0      0      0      0   1512    210      3      2      0 
    1    234     65     67     96     24      0      0      0      0   1512   1410   1657      4      0 
    0     41     32     35      0      0      0      0      0      0   1512    210      3      2      0 
    1    231     64     67     96     24      0      0      0      0   1512   1410   1657      4      0 
    0     41     32     35      0      0      0      0      0      0   1512    210      3      2      0 
    1    240     65     69     96     24      0      0      0      0   1512   1410   1657      4      0 
    0     42     32     35      0      0      0      0      0      0   1512    210      3      2      0 
    1    235     66     69     96     24      0      0      0      0   1512   1410   1657      4      0 
    0     41     32     35      0      0      0      0      0      0   1512    210      3      2      0 
    1    237     65     69     96     24      0      0      0      0   1512   1410   1657      4      0 
    0     41     32     35      0      0      0      0      0      0   1512    210      3      2      0 
    1    237     64     67     96     24      0      0      0      0   1512   1410   1657      4      0 
    0     42     32     35      0      0      0      0      0      0   1512    210      3      2      0 
    1    232     64     67     96     24      0      0      0      0   1512   1410   1657      4      0 
    0     41     32     35      0      0      0      0      0      0   1512    210      3      2      0 
    1    240     65     69     96     24      0      0      0      0   1512   1410   1657      4      0 
    0     41     32     35      0      0      0      0      0      0   1512    210      3      2      0 
    1    234     65     69     96     24      0      0      0      0   1512   1410   1657      4      0 
    0     41     32     35      0      0      0      0      0      0   1512    210      3      2      0 
    1    235     64     67     95     24      0      0      0      0   1512   1410   1657      4      0 
    0     41     32     35      0      0      0      0      0      0   1512    210      3      2      0 
    1    236     64     67     96     24      0      0      0      0   1512   1410   1657      4      0 
    0     41     32     35      0      0      0      0      0      0   1512    210      3      2      0 
    1    237     65     69     96     24      0      0      0      0   1512   1410   1657      4      0 
    0     41     32     35      0      0      0      0      0      0   1512    210      3      2      0 
    1    234     65     69     96     24      0      0      0      0   1512   1410   1657      4      0 
    0     41     32     35      0      0      0      0      0      0   1512    210      3      2      0 
    1    231     64     67     96     24      0      0      0      0   1512   1410   1657      4      0 
    0     41     32     35      0      0      0      0      0      0   1512    210      3      2      0 
    1    234     65     67     96     24      0      0      0      0   1512   1410   1657      4      0 
    0     41     32     35      0      0      0      0      0      0   1512    210      3      2      0 
    1    237     65     69     96     24      0      0      0      0   1512   1410   1657      4      0 
# gpu    pwr  gtemp  mtemp     sm    mem    enc    dec    jpg    ofa   mclk   pclk     fb   bar1   ccpm 
# Idx      W      C      C      %      %      %      %      %      %    MHz    MHz     MB     MB     MB 
    0     41     32     35      0      0      0      0      0      0   1512    210      3      2      0 
    1    237     65     69     96     24      0      0      0      0   1512   1410   1657      4      0 
    0     41     32     35      0      0      0      0      0      0   1512    210      3      2      0 
    1    233     64     67     96     24      0      0      0      0   1512   1410   1657      4      0 
    0     41     32     35      0      0      0      0      0      0   1512    210      3      2      0 
    1    237     65     67     96     24      0      0      0      0   1512   1410   1657      4      0 
    0     41     32     35      0      0      0      0      0      0   1512    210      3      2      0 
    1    235     65     69     96     24      0      0      0      0   1512   1410   1657      4      0 
    0     42     32     35      0      0      0      0      0      0   1512    210      3      2      0 
    1    234     65     67     96     24      0      0      0      0   1512   1410   1657      4      0 
    0     41     32     35      0      0      0      0      0      0   1512    210      3      2      0 
    1    234     64     67     96     24      0      0      0      0   1512   1410   1657      4      0 
    0     41     32     35      0      0      0      0      0      0   1512    210      3      2      0 
    1    234     65     69     96     24      0      0      0      0   1512   1410   1657      4      0 
    0     41     32     35      0      0      0      0      0      0   1512    210      3      2      0 
    1    233     65     69     96     24      0      0      0      0   1512   1410   1657      4      0 
    0     41     32     35      0      0      0      0      0      0   1512    210      3      2      0 
    1    233     64     67     96     24      0      0      0      0   1512   1410   1657      4      0 
    0     41     32     35      0      0      0      0      0      0   1512    210      3      2      0 
    1    234     64     67     95     24      0      0      0      0   1512   1410   1657      4      0 
    0     41     32     35      0      0      0      0      0      0   1512    210      3      2      0 
    1    240     65     69     96     24      0      0      0      0   1512   1410   1657      4      0 
    0     41     32     35      0      0      0      0      0      0   1512    210      3      2      0 
    1    235     65     69     96     24      0      0      0      0   1512   1410   1657      4      0 
    0     41     32     35      0      0      0      0      0      0   1512    210      3      2      0 
    1    237     64     67     96     24      0      0      0      0   1512   1410   1657      4      0 
    0     41     32     35      0      0      0      0      0      0   1512    210      3      2      0 
    1    236     65     67     96     24      0      0      0      0   1512   1410   1657      4      0 
    0     41     32     35      0      0      0      0      0      0   1512    210      3      2      0 
    1    237     65     69     96     24      0      0      0      0   1512   1410   1657      4      0 
    0     41     32     35      0      0      0      0      0      0   1512    210      3      2      0 
    1    238     65     69     96     24      0      0      0      0   1512   1410   1657      4      0 
    0     41     32     35      0      0      0      0      0      0   1512    210      3      2      0 
    1    232     64     67     96     24      0      0      0      0   1512   1410   1657      4      0 
    0     41     32     35      0      0      0      0      0      0   1512    210      3      2      0 
    1    235     65     69     96     24      0      0      0      0   1512   1410   1657      4      0 
    0     41     32     35      0      0      0      0      0      0   1512    210      3      2      0 
    1    235     65     69     96     24      0      0      0      0   1512   1410   1657      4      0 
    0     41     32     35      0      0      0      0      0      0   1512    210      3      2      0 
    1    237     65     69     96     24      0      0      0      0   1512   1410   1657      4      0 
    0     41     32     35      0      0      0      0      0      0   1512    210      3      2      0 
    1    234     64     67     96     24      0      0      0      0   1512   1410   1657      4      0 
    0     41     32     35      0      0      0      0      0      0   1512    210      3      2      0 
    1    238     65     69     96     24      0      0      0      0   1512   1410   1657      4      0 
# gpu    pwr  gtemp  mtemp     sm    mem    enc    dec    jpg    ofa   mclk   pclk     fb   bar1   ccpm 
# Idx      W      C      C      %      %      %      %      %      %    MHz    MHz     MB     MB     MB 
    0     41     32     35      0      0      0      0      0      0   1512    210      3      2      0 
    1    237     65     69     96     24      0      0      0      0   1512   1410   1657      4      0 
    0     41     32     35      0      0      0      0      0      0   1512    210      3      2      0 
    1    238     65     67     96     24      0      0      0      0   1512   1410   1657      4      0 
    0     41     32     35      0      0      0      0      0      0   1512    210      3      2      0 
    1    237     64     67     96     24      0      0      0      0   1512   1410   1657      4      0 
    0     41     32     35      0      0      0      0      0      0   1512    210      3      2      0 
    1    232     65     69     96     24      0      0      0      0   1512   1410   1657      4      0 
    0     41     32     35      0      0      0      0      0      0   1512    210      3      2      0 
    1    233     65     69     96     24      0      0      0      0   1512   1410   1657      4      0 
    0     41     32     35      0      0      0      0      0      0   1512    210      3      2      0 
    1    231     64     67     96     24      0      0      0      0   1512   1410   1657      4      0 
    0     41     32     35      0      0      0      0      0      0   1512    210      3      2      0 
    1    237     65     67     96     24      0      0      0      0   1512   1410   1657      4      0 
    0     41     32     35      0      0      0      0      0      0   1512    210      3      2      0 
    1    237     65     69     96     24      0      0      0      0   1512   1410   1657      4      0 
    0     41     32     35      0      0      0      0      0      0   1512    210      3      2      0 
    1    236     65     69     96     24      0      0      0      0   1512   1410   1657      4      0 
    0     41     32     35      0      0      0      0      0      0   1512    210      3      2      0 
    1    233     64     67     96     24      0      0      0      0   1512   1410   1657      4      0 
    0     41     32     35      0      0      0      0      0      0   1512    210      3      2      0 
    1    238     65     67     96     24      0      0      0      0   1512   1410   1657      4      0 
    0     41     32     35      0      0      0      0      0      0   1512    210      3      2      0 
    1    239     65     69     96     24      0      0      0      0   1512   1410   1657      4      0 
    0     40     32     35      0      0      0      0      0      0   1512    210      3      2      0 
    1    234     65     67     96     24      0      0      0      0   1512   1410   1657      4      0 
    0     41     32     35      0      0      0      0      0      0   1512    210      3      2      0 
    1    237     64     67     96     24      0      0      0      0   1512   1410   1657      4      0 
    0     42     32     35      0      0      0      0      0      0   1512    210      3      2      0 
    1    235     65     69     96     24      0      0      0      0   1512   1410   1657      4      0 
    0     41     32     35      0      0      0      0      0      0   1512    210      3      2      0 
    1    241     65     69     96     24      0      0      0      0   1512   1410   1657      4      0 
    0     41     32     35      0      0      0      0      0      0   1512    210      3      2      0 
    1    233     65     67     96     24      0      0      0      0   1512   1410   1657      4      0 
    0     42     32     35      0      0      0      0      0      0   1512    210      3      2      0 
    1    236     64     67     96     24      0      0      0      0   1512   1410   1657      4      0 
    0     42     32     35      0      0      0      0      0      0   1512    210      3      2      0 
    1    240     65     69     96     24      0      0      0      0   1512   1410   1657      4      0 
    0     41     32     35      0      0      0      0      0      0   1512    210      3      2      0 
    1    236     65     69     96     24      0      0      0      0   1512   1410   1657      4      0 
    0     41     32     35      0      0      0      0      0      0   1512    210      3      2      0 
    1    237     65     67     96     24      0      0      0      0   1512   1410   1657      4      0 
    0     41     32     35      0      0      0      0      0      0   1512    210      3      2      0 
    1    238     64     67     96     24      0      0      0      0   1512   1410   1657      4      0 
# gpu    pwr  gtemp  mtemp     sm    mem    enc    dec    jpg    ofa   mclk   pclk     fb   bar1   ccpm 
# Idx      W      C      C      %      %      %      %      %      %    MHz    MHz     MB     MB     MB 
    0     41     32     35      0      0      0      0      0      0   1512    210      3      2      0 
    1    238     65     69     96     24      0      0      0      0   1512   1410   1657      4      0 
    0     41     32     35      0      0      0      0      0      0   1512    210      3      2      0 
    1    234     65     69     96     24      0      0      0      0   1512   1410   1657      4      0 
    0     41     32     35      0      0      0      0      0      0   1512    210      3      2      0 
    1    233     64     67     96     24      0      0      0      0   1512   1410   1657      4      0 
    0     41     32     35      0      0      0      0      0      0   1512    210      3      2      0 
    1    236     65     67     96     24      0      0      0      0   1512   1410   1657      4      0 
    0     42     32     35      0      0      0      0      0      0   1512    210      3      2      0 
    1    235     66     69     96     24      0      0      0      0   1512   1410   1657      4      0 
    0     41     32     35      0      0      0      0      0      0   1512    210      3      2      0 
    1    239     65     69     96     24      0      0      0      0   1512   1410   1657      4      0 
    0     41     32     35      0      0      0      0      0      0   1512    210      3      2      0 
    1    237     65     67     96     24      0      0      0      0   1512   1410   1657      4      0 
    0     41     32     35      0      0      0      0      0      0   1512    210      3      2      0 
    1    232     64     67     96     24      0      0      0      0   1512   1410   1657      4      0 
    0     41     32     35      0      0      0      0      0      0   1512    210      3      2      0 
    1    237     65     69     96     24      0      0      0      0   1512   1410   1657      4      0 
    0     41     32     35      0      0      0      0      0      0   1512    210      3      2      0 
    1    235     65     69     96     24      0      0      0      0   1512   1410   1657      4      0 
    0     41     32     35      0      0      0      0      0      0   1512    210      3      2      0 
    1    237     65     67     96     24      0      0      0      0   1512   1410   1657      4      0 
    0     41     32     35      0      0      0      0      0      0   1512    210      3      2      0 
    1    240     64     67     96     24      0      0      0      0   1512   1410   1657      4      0 
    0     41     32     35      0      0      0      0      0      0   1512    210      3      2      0 
    1    236     65     69     96     24      0      0      0      0   1512   1410   1657      4      0 
    0     41     32     35      0      0      0      0      0      0   1512    210      3      2      0 
    1    238     65     69     96     24      0      0      0      0   1512   1410   1657      4      0 
    0     41     32     35      0      0      0      0      0      0   1512    210      3      2      0 
    1    238     64     67     96     24      0      0      0      0   1512   1410   1657      4      0 
    0     41     32     35      0      0      0      0      0      0   1512    210      3      2      0 
    1    238     64     67     96     24      0      0      0      0   1512   1410   1657      4      0 
    0     41     32     35      0      0      0      0      0      0   1512    210      3      2      0 
    1    236     65     69     96     24      0      0      0      0   1512   1410   1657      4      0 
    0     41     32     35      0      0      0      0      0      0   1512    210      3      2      0 
    1    239     65     69     96     24      0      0      0      0   1512   1410   1657      4      0 
    0     41     32     35      0      0      0      0      0      0   1512    210      3      2      0 
    1    239     64     67     96     24      0      0      0      0   1512   1410   1657      4      0 
    0     42     32     35      0      0      0      0      0      0   1512    210      3      2      0 
    1    234     65     67     96     24      0      0      0      0   1512   1410   1657      4      0 
    0     41     32     35      0      0      0      0      0      0   1512    210      3      2      0 
    1    238     65     69     95     24      0      0      0      0   1512   1410   1657      4      0 
    0     41     32     35      0      0      0      0      0      0   1512    210      3      2      0 
    1    237     65     69     96     24      0      0      0      0   1512   1410   1657      4      0 
# gpu    pwr  gtemp  mtemp     sm    mem    enc    dec    jpg    ofa   mclk   pclk     fb   bar1   ccpm 
# Idx      W      C      C      %      %      %      %      %      %    MHz    MHz     MB     MB     MB 
    0     42     32     35      0      0      0      0      0      0   1512    210      3      2      0 
    1    236     64     67     96     24      0      0      0      0   1512   1410   1657      4      0 
    0     41     32     35      0      0      0      0      0      0   1512    210      3      2      0 
    1    238     65     67     95     24      0      0      0      0   1512   1410   1657      4      0 
    0     41     32     35      0      0      0      0      0      0   1512    210      3      2      0 
    1    233     65     69     96     24      0      0      0      0   1512   1410   1657      4      0 
    0     42     32     35      0      0      0      0      0      0   1512    210      3      2      0 
    1    235     65     67     96     24      0      0      0      0   1512   1410   1657      4      0 
    0     41     32     35      0      0      0      0      0      0   1512    210      3      2      0 
    1    230     64     67     96     24      0      0      0      0   1512   1410   1657      4      0 
    0     41     32     35      0      0      0      0      0      0   1512    210      3      2      0 
    1    234     65     69     96     24      0      0      0      0   1512   1410   1657      4      0 
    0     41     32     35      0      0      0      0      0      0   1512    210      3      2      0 
    1    237     65     69     96     24      0      0      0      0   1512   1410   1657      4      0 
    0     41     32     35      0      0      0      0      0      0   1512    210      3      2      0 
    1    237     65     69     96     24      0      0      0      0   1512   1410   1657      4      0 
    0     41     32     35      0      0      0      0      0      0   1512    210      3      2      0 
    1    238     64     67     96     24      0      0      0      0   1512   1410   1657      4      0 
    0     42     32     35      0      0      0      0      0      0   1512    210      3      2      0 
    1    235     65     67     96     24      0      0      0      0   1512   1410   1657      4      0 
    0     41     32     35      0      0      0      0      0      0   1512    210      3      2      0 
    1    235     65     69     96     24      0      0      0      0   1512   1410   1657      4      0 
    0     41     32     35      0      0      0      0      0      0   1512    210      3      2      0 
    1    234     65     69     96     24      0      0      0      0   1512   1410   1657      4      0 
    0     41     32     35      0      0      0      0      0      0   1512    210      3      2      0 
    1    235     64     67     96     24      0      0      0      0   1512   1410   1657      4      0 
    0     42     32     35      0      0      0      0      0      0   1512    210      3      2      0 
    1    236     65     69     96     24      0      0      0      0   1512   1410   1657      4      0 
    0     41     32     35      0      0      0      0      0      0   1512    210      3      2      0 
    1    235     65     69     96     24      0      0      0      0   1512   1410   1657      4      0 
    0     42     32     35      0      0      0      0      0      0   1512    210      3      2      0 
    1    237     65     67     96     24      0      0      0      0   1512   1410   1657      4      0 
    0     42     32     35      0      0      0      0      0      0   1512    210      3      2      0 
    1    235     64     67     96     24      0      0      0      0   1512   1410   1657      4      0 
    0     41     32     35      0      0      0      0      0      0   1512    210      3      2      0 
    1    238     65     69     96     24      0      0      0      0   1512   1410   1657      4      0 
    0     41     32     35      0      0      0      0      0      0   1512    210      3      2      0 
    1    236     65     69     96     24      0      0      0      0   1512   1410   1657      4      0 
    0     41     32     35      0      0      0      0      0      0   1512    210      3      2      0 
    1    235     64     67     96     24      0      0      0      0   1512   1410   1657      4      0 
    0     41     32     35      0      0      0      0      0      0   1512    210      3      2      0 
    1    234     64     67     96     24      0      0      0      0   1512   1410   1657      4      0 
    0     42     32     35      0      0      0      0      0      0   1512    210      3      2      0 
    1    238     65     69     96     24      0      0      0      0   1512   1410   1657      4      0 
# gpu    pwr  gtemp  mtemp     sm    mem    enc    dec    jpg    ofa   mclk   pclk     fb   bar1   ccpm 
# Idx      W      C      C      %      %      %      %      %      %    MHz    MHz     MB     MB     MB 
    0     41     32     35      0      0      0      0      0      0   1512    210      3      2      0 
    1    235     65     69     96     24      0      0      0      0   1512   1410   1657      4      0 
    0     41     32     35      0      0      0      0      0      0   1512    210      3      2      0 
    1    237     64     67     96     24      0      0      0      0   1512   1410   1657      4      0 
    0     41     32     35      0      0      0      0      0      0   1512    210      3      2      0 
    1    236     64     67     96     24      0      0      0      0   1512   1410   1657      4      0 
    0     41     32     35      0      0      0      0      0      0   1512    210      3      2      0 
    1    239     65     69     96     24      0      0      0      0   1512   1410   1657      4      0 
    0     41     32     35      0      0      0      0      0      0   1512    210      3      2      0 
    1    233     65     69     96     24      0      0      0      0   1512   1410   1657      4      0 
    0     41     32     35      0      0      0      0      0      0   1512    210      3      2      0 
    1    233     64     67     96     24      0      0      0      0   1512   1410   1657      4      0 
    0     42     32     35      0      0      0      0      0      0   1512    210      3      2      0 
    1    236     65     67     96     24      0      0      0      0   1512   1410   1657      4      0 
    0     41     32     35      0      0      0      0      0      0   1512    210      3      2      0 
    1    238     65     69     96     24      0      0      0      0   1512   1410   1657      4      0 
    0     41     32     35      0      0      0      0      0      0   1512    210      3      2      0 
    1    233     65     67     95     24      0      0      0      0   1512   1410   1657      4      0 
    0     41     32     35      0      0      0      0      0      0   1512    210      3      2      0 
    1    236     64     67     96     24      0      0      0      0   1512   1410   1657      4      0 
    0     41     32     35      0      0      0      0      0      0   1512    210      3      2      0 
    1    235     65     69     97     24      0      0      0      0   1512   1410   1657      4      0 
    0     41     32     35      0      0      0      0      0      0   1512    210      3      2      0 
    1    235     65     69     97     24      0      0      0      0   1512   1410   1657      4      0 
    0     42     32     35      0      0      0      0      0      0   1512    210      3      2      0 
    1    239     65     67     97     24      0      0      0      0   1512   1410   1657      4      0 
    0     41     32     35      0      0      0      0      0      0   1512    210      3      2      0 
    1    234     64     67     96     24      0      0      0      0   1512   1410   1657      4      0 
    0     42     32     35      0      0      0      0      0      0   1512    210      3      2      0 
    1    234     65     69     96     24      0      0      0      0   1512   1410   1657      4      0 
    0     42     32     35      0      0      0      0      0      0   1512    210      3      2      0 
    1    235     66     69     96     24      0      0      0      0   1512   1410   1657      4      0 
    0     42     32     35      0      0      0      0      0      0   1512    210      3      2      0 
    1    237     65     69     96     24      0      0      0      0   1512   1410   1657      4      0 
    0     41     32     35      0      0      0      0      0      0   1512    210      3      2      0 
    1    236     65     67     96     24      0      0      0      0   1512   1410   1657      4      0 
    0     41     32     35      0      0      0      0      0      0   1512    210      3      2      0 
    1    233     64     67     96     24      0      0      0      0   1512   1410   1657      4      0 
    0     41     32     35      0      0      0      0      0      0   1512    210      3      2      0 
    1    236     65     69     96     24      0      0      0      0   1512   1410   1657      4      0 
    0     42     32     35      0      0      0      0      0      0   1512    210      3      2      0 
    1    236     65     69     96     24      0      0      0      0   1512   1410   1657      4      0 
    0     41     32     35      0      0      0      0      0      0   1512    210      3      2      0 
    1    235     64     67     95     24      0      0      0      0   1512   1410   1657      4      0 
# gpu    pwr  gtemp  mtemp     sm    mem    enc    dec    jpg    ofa   mclk   pclk     fb   bar1   ccpm 
# Idx      W      C      C      %      %      %      %      %      %    MHz    MHz     MB     MB     MB 
    0     41     32     35      0      0      0      0      0      0   1512    210      3      2      0 
    1    233     65     67     96     24      0      0      0      0   1512   1410   1657      4      0 
    0     42     32     35      0      0      0      0      0      0   1512    210      3      2      0 
    1    234     65     69     96     24      0      0      0      0   1512   1410   1657      4      0 
    0     41     32     35      0      0      0      0      0      0   1512    210      3      2      0 
    1    237     65     67     96     24      0      0      0      0   1512   1410   1657      4      0 
    0     42     32     35      0      0      0      0      0      0   1512    210      3      2      0 
    1    235     64     67     96     24      0      0      0      0   1512   1410   1657      4      0 
    0     41     32     35      0      0      0      0      0      0   1512    210      3      2      0 
    1    234     65     69     96     24      0      0      0      0   1512   1410   1657      4      0 
    0     41     32     35      0      0      0      0      0      0   1512    210      3      2      0 
    1    239     65     69     96     24      0      0      0      0   1512   1410   1657      4      0 
    0     42     32     35      0      0      0      0      0      0   1512    210      3      2      0 
    1    232     65     67     96     24      0      0      0      0   1512   1410   1657      4      0 
    0     41     32     35      0      0      0      0      0      0   1512    210      3      2      0 
    1    236     64     67     96     24      0      0      0      0   1512   1410   1657      4      0 
    0     41     32     35      0      0      0      0      0      0   1512    210      3      2      0 
    1    236     65     69     96     24      0      0      0      0   1512   1410   1657      4      0 
    0     41     32     35      0      0      0      0      0      0   1512    210      3      2      0 
    1    235     65     69     96     24      0      0      0      0   1512   1410   1657      4      0 
    0     41     32     35      0      0      0      0      0      0   1512    210      3      2      0 
    1    240     64     67     96     24      0      0      0      0   1512   1410   1657      4      0 
    0     41     32     35      0      0      0      0      0      0   1512    210      3      2      0 
    1    239     65     67     96     24      0      0      0      0   1512   1410   1657      4      0 
    0     41     32     35      0      0      0      0      0      0   1512    210      3      2      0 
    1    233     65     69     96     24      0      0      0      0   1512   1410   1657      4      0 
    0     41     32     35      0      0      0      0      0      0   1512    210      3      2      0 
    1    233     65     69     96     24      0      0      0      0   1512   1410   1657      4      0 
    0     41     32     35      0      0      0      0      0      0   1512    210      3      2      0 
    1    233     64     67     96     24      0      0      0      0   1512   1410   1657      4      0 
    0     41     32     35      0      0      0      0      0      0   1512    210      3      2      0 
    1    237     65     69     96     24      0      0      0      0   1512   1410   1657      4      0 
    0     41     32     35      0      0      0      0      0      0   1512    210      3      2      0 
    1    234     65     69     96     24      0      0      0      0   1512   1410   1657      4      0 
    0     41     32     35      0      0      0      0      0      0   1512    210      3      2      0 
    1    237     65     67     96     24      0      0      0      0   1512   1410   1657      4      0 
    0     41     32     35      0      0      0      0      0      0   1512    210      3      2      0 
    1    238     64     67     96     24      0      0      0      0   1512   1410   1657      4      0 
    0     42     32     35      0      0      0      0      0      0   1512    210      3      2      0 
    1    236     65     69     96     24      0      0      0      0   1512   1410   1657      4      0 
    0     41     32     35      0      0      0      0      0      0   1512    210      3      2      0 
    1    239     65     69     96     24      0      0      0      0   1512   1410   1657      4      0 
    0     41     32     35      0      0      0      0      0      0   1512    210      3      2      0 
    1    238     65     67     96     24      0      0      0      0   1512   1410   1657      4      0 
# gpu    pwr  gtemp  mtemp     sm    mem    enc    dec    jpg    ofa   mclk   pclk     fb   bar1   ccpm 
# Idx      W      C      C      %      %      %      %      %      %    MHz    MHz     MB     MB     MB 
    0     41     32     35      0      0      0      0      0      0   1512    210      3      2      0 
    1    234     64     67     96     24      0      0      0      0   1512   1410   1657      4      0 
    0     41     32     35      0      0      0      0      0      0   1512    210      3      2      0 
    1    236     65     69     96     24      0      0      0      0   1512   1410   1657      4      0 
    0     41     32     35      0      0      0      0      0      0   1512    210      3      2      0 
    1    235     65     69     96     24      0      0      0      0   1512   1410   1657      4      0 
    0     41     32     35      0      0      0      0      0      0   1512    210      3      2      0 
    1    233     65     67     96     24      0      0      0      0   1512   1410   1657      4      0 
    0     41     32     35      0      0      0      0      0      0   1512    210      3      2      0 
    1    236     64     67     96     24      0      0      0      0   1512   1410   1657      4      0 
    0     41     32     35      0      0      0      0      0      0   1512    210      3      2      0 
    1    233     65     69     96     24      0      0      0      0   1512   1410   1657      4      0 
    0     41     32     35      0      0      0      0      0      0   1512    210      3      2      0 
    1    235     65     69     96     24      0      0      0      0   1512   1410   1657      4      0 
    0     41     32     35      0      0      0      0      0      0   1512    210      3      2      0 
    1    234     64     67     96     24      0      0      0      0   1512   1410   1657      4      0 
    0     41     32     35      0      0      0      0      0      0   1512    210      3      2      0 
    1    234     65     67     96     24      0      0      0      0   1512   1410   1657      4      0 
    0     41     32     35      0      0      0      0      0      0   1512    210      3      2      0 
    1    231     65     69     96     24      0      0      0      0   1512   1410   1657      4      0 
    0     42     32     35      0      0      0      0      0      0   1512    210      3      2      0 
    1    235     65     67     96     24      0      0      0      0   1512   1410   1657      4      0 
    0     41     32     35      0      0      0      0      0      0   1512    210      3      2      0 
    1    235     64     67     96     24      0      0      0      0   1512   1410   1657      4      0 
    0     41     32     35      0      0      0      0      0      0   1512    210      3      2      0 
    1    234     65     69     96     24      0      0      0      0   1512   1410   1657      4      0 
    0     41     32     35      0      0      0      0      0      0   1512    210      3      2      0 
    1    236     65     69     96     24      0      0      0      0   1512   1410   1657      4      0 
    0     42     32     35      0      0      0      0      0      0   1512    210      3      2      0 
    1    234     65     67     96     24      0      0      0      0   1512   1410   1657      4      0 
    0     42     32     35      0      0      0      0      0      0   1512    210      3      2      0 
    1    238     64     67     96     24      0      0      0      0   1512   1410   1657      4      0 
    0     41     32     35      0      0      0      0      0      0   1512    210      3      2      0 
    1    238     65     69     96     24      0      0      0      0   1512   1410   1657      4      0 
    0     41     32     35      0      0      0      0      0      0   1512    210      3      2      0 
    1    235     65     69     96     24      0      0      0      0   1512   1410   1657      4      0 
    0     41     32     35      0      0      0      0      0      0   1512    210      3      2      0 
    1    237     65     67     96     24      0      0      0      0   1512   1410   1657      4      0 
    0     42     32     35      0      0      0      0      0      0   1512    210      3      2      0 
    1    233     64     67     96     24      0      0      0      0   1512   1410   1657      4      0 
    0     42     32     35      0      0      0      0      0      0   1512    210      3      2      0 
    1    233     65     69     96     24      0      0      0      0   1512   1410   1657      4      0 
    0     41     32     35      0      0      0      0      0      0   1512    210      3      2      0 
    1    237     65     69     96     24      0      0      0      0   1512   1410   1657      4      0 
# gpu    pwr  gtemp  mtemp     sm    mem    enc    dec    jpg    ofa   mclk   pclk     fb   bar1   ccpm 
# Idx      W      C      C      %      %      %      %      %      %    MHz    MHz     MB     MB     MB 
    0     41     32     35      0      0      0      0      0      0   1512    210      3      2      0 
    1    238     64     67     96     24      0      0      0      0   1512   1410   1657      4      0 
    0     41     32     35      0      0      0      0      0      0   1512    210      3      2      0 
    1    234     64     67     97     24      0      0      0      0   1512   1410   1657      4      0 
    0     41     32     35      0      0      0      0      0      0   1512    210      3      2      0 
    1    234     65     69     96     24      0      0      0      0   1512   1410   1657      4      0 
    0     41     32     35      0      0      0      0      0      0   1512    210      3      2      0 
    1    234     65     69     96     24      0      0      0      0   1512   1410   1657      4      0 
    0     42     32     35      0      0      0      0      0      0   1512    210      3      2      0 
    1    238     64     67     96     24      0      0      0      0   1512   1410   1657      4      0 
    0     42     32     35      0      0      0      0      0      0   1512    210      3      2      0 
    1    237     64     67     96     24      0      0      0      0   1512   1410   1657      4      0 
    0     41     32     35      0      0      0      0      0      0   1512    210      3      2      0 
    1    234     65     69     96     24      0      0      0      0   1512   1410   1657      4      0 
    0     42     32     35      0      0      0      0      0      0   1512    210      3      2      0 
    1    234     65     69     96     24      0      0      0      0   1512   1410   1657      4      0 
    0     41     32     35      0      0      0      0      0      0   1512    210      3      2      0 
    1    229     64     67     96     24      0      0      0      0   1512   1410   1657      4      0 
    0     41     32     35      0      0      0      0      0      0   1512    210      3      2      0 
    1    238     65     67     96     24      0      0      0      0   1512   1410   1657      4      0 
    0     42     32     35      0      0      0      0      0      0   1512    210      3      2      0 
    1    237     65     69     96     24      0      0      0      0   1512   1410   1657      4      0 
    0     41     32     35      0      0      0      0      0      0   1512    210      3      2      0 
    1    234     65     69     96     24      0      0      0      0   1512   1410   1657      4      0 
    0     41     32     35      0      0      0      0      0      0   1512    210      3      2      0 
    1    235     64     67     96     24      0      0      0      0   1512   1410   1657      4      0 
    0     41     32     35      0      0      0      0      0      0   1512    210      3      2      0 
    1    239     64     67     95     24      0      0      0      0   1512   1410   1657      4      0 
    0     41     32     35      0      0      0      0      0      0   1512    210      3      2      0 
    1    233     65     69     96     24      0      0      0      0   1512   1410   1657      4      0 
    0     41     32     35      0      0      0      0      0      0   1512    210      3      2      0 
    1    239     65     69     96     24      0      0      0      0   1512   1410   1657      4      0 
    0     41     32     35      0      0      0      0      0      0   1512    210      3      2      0 
    1    234     64     67     96     24      0      0      0      0   1512   1410   1657      4      0 
    0     41     32     35      0      0      0      0      0      0   1512    210      3      2      0 
    1    235     65     67     96     24      0      0      0      0   1512   1410   1657      4      0 
    0     42     32     35      0      0      0      0      0      0   1512    210      3      2      0 
    1    236     65     69     96     24      0      0      0      0   1512   1410   1657      4      0 
    0     42     32     35      0      0      0      0      0      0   1512    210      3      2      0 
    1    236     65     69     96     24      0      0      0      0   1512   1410   1657      4      0 
    0     41     32     35      0      0      0      0      0      0   1512    210      3      2      0 
    1    231     64     67     96     24      0      0      0      0   1512   1410   1657      4      0 
    0     42     32     35      0      0      0      0      0      0   1512    210      3      2      0 
    1    231     64     67     96     24      0      0      0      0   1512   1410   1657      4      0 
# gpu    pwr  gtemp  mtemp     sm    mem    enc    dec    jpg    ofa   mclk   pclk     fb   bar1   ccpm 
# Idx      W      C      C      %      %      %      %      %      %    MHz    MHz     MB     MB     MB 
    0     41     32     35      0      0      0      0      0      0   1512    210      3      2      0 
    1    235     65     69     96     24      0      0      0      0   1512   1410   1657      4      0 
    0     41     32     35      0      0      0      0      0      0   1512    210      3      2      0 
    1    234     65     69     96     24      0      0      0      0   1512   1410   1657      4      0 
    0     41     32     35      0      0      0      0      0      0   1512    210      3      2      0 
    1    234     64     67     96     24      0      0      0      0   1512   1410   1657      4      0 
    0     41     32     35      0      0      0      0      0      0   1512    210      3      2      0 
    1    234     65     69     96     24      0      0      0      0   1512   1410   1657      4      0 
    0     41     32     35      0      0      0      0      0      0   1512    210      3      2      0 
    1    235     65     69     96     24      0      0      0      0   1512   1410   1657      4      0 
    0     41     32     35      0      0      0      0      0      0   1512    210      3      2      0 
    1    237     65     67     96     24      0      0      0      0   1512   1410   1657      4      0 
    0     41     32     35      0      0      0      0      0      0   1512    210      3      2      0 
    1    234     64     67     96     24      0      0      0      0   1512   1410   1657      4      0 
    0     42     32     35      0      0      0      0      0      0   1512    210      3      2      0 
    1    234     65     69     96     24      0      0      0      0   1512   1410   1657      4      0 
    0     41     32     35      0      0      0      0      0      0   1512    210      3      2      0 
    1    235     65     69     96     24      0      0      0      0   1512   1410   1657      4      0 
    0     42     32     35      0      0      0      0      0      0   1512    210      3      2      0 
    1    237     65     67     96     24      0      0      0      0   1512   1410   1657      4      0 
    0     41     32     35      0      0      0      0      0      0   1512    210      3      2      0 
    1    233     64     67     96     24      0      0      0      0   1512   1410   1657      4      0 
    0     42     32     35      0      0      0      0      0      0   1512    210      3      2      0 
    1    236     65     69     96     24      0      0      0      0   1512   1410   1657      4      0 
    0     41     32     35      0      0      0      0      0      0   1512    210      3      2      0 
    1    234     65     69     96     24      0      0      0      0   1512   1410   1657      4      0 
    0     41     32     35      0      0      0      0      0      0   1512    210      3      2      0 
    1    235     65     69     96     24      0      0      0      0   1512   1410   1657      4      0 
    0     41     32     35      0      0      0      0      0      0   1512    210      3      2      0 
    1    233     64     67     96     24      0      0      0      0   1512   1410   1657      4      0 
    0     41     32     35      0      0      0      0      0      0   1512    210      3      2      0 
    1    237     65     69     96     24      0      0      0      0   1512   1410   1657      4      0 
    0     41     32     35      0      0      0      0      0      0   1512    210      3      2      0 
    1    238     65     69     96     24      0      0      0      0   1512   1410   1657      4      0 
    0     41     32     35      0      0      0      0      0      0   1512    210      3      2      0 
    1    232     65     67     95     24      0      0      0      0   1512   1410   1657      4      0 
    0     41     32     35      0      0      0      0      0      0   1512    210      3      2      0 
    1    238     64     67     96     24      0      0      0      0   1512   1410   1657      4      0 
    0     42     32     35      0      0      0      0      0      0   1512    210      3      2      0 
    1    235     65     69     97     24      0      0      0      0   1512   1410   1657      4      0 
    0     42     32     35      0      0      0      0      0      0   1512    210      3      2      0 
    1    232     65     69     96     24      0      0      0      0   1512   1410   1657      4      0 
    0     42     32     35      0      0      0      0      0      0   1512    210      3      2      0 
    1    230     64     67     96     24      0      0      0      0   1512   1410   1657      4      0 
# gpu    pwr  gtemp  mtemp     sm    mem    enc    dec    jpg    ofa   mclk   pclk     fb   bar1   ccpm 
# Idx      W      C      C      %      %      %      %      %      %    MHz    MHz     MB     MB     MB 
    0     42     32     35      0      0      0      0      0      0   1512    210      3      2      0 
    1    236     64     67     96     24      0      0      0      0   1512   1410   1657      4      0 
    0     41     32     35      0      0      0      0      0      0   1512    210      3      2      0 
    1    234     65     69     96     24      0      0      0      0   1512   1410   1657      4      0 
    0     41     32     35      0      0      0      0      0      0   1512    210      3      2      0 
    1    232     65     69     96     24      0      0      0      0   1512   1410   1657      4      0 
    0     41     32     35      0      0      0      0      0      0   1512    210      3      2      0 
    1    236     64     67     96     24      0      0      0      0   1512   1410   1657      4      0 
    0     41     32     35      0      0      0      0      0      0   1512    210      3      2      0 
    1    234     65     67     96     24      0      0      0      0   1512   1410   1657      4      0 
    0     41     32     35      0      0      0      0      0      0   1512    210      3      2      0 
    1    240     65     69     96     24      0      0      0      0   1512   1410   1657      4      0 
    0     41     32     35      0      0      0      0      0      0   1512    210      3      2      0 
    1    239     65     69     96     24      0      0      0      0   1512   1410   1657      4      0 
    0     41     32     35      0      0      0      0      0      0   1512    210      3      2      0 
    1    234     65     67     96     24      0      0      0      0   1512   1410   1657      4      0 
    0     41     32     35      0      0      0      0      0      0   1512    210      3      2      0 
    1    235     64     67     96     24      0      0      0      0   1512   1410   1657      4      0 
    0     41     32     35      0      0      0      0      0      0   1512    210      3      2      0 
    1    238     65     69     96     24      0      0      0      0   1512   1410   1657      4      0 
    0     41     32     35      0      0      0      0      0      0   1512    210      3      2      0 
    1    233     65     69     96     24      0      0      0      0   1512   1410   1657      4      0 
    0     41     32     35      0      0      0      0      0      0   1512    210      3      2      0 
    1    222     64     67     96     24      0      0      0      0   1512   1410   1657      4      0 
    0     41     32     35      0      0      0      0      0      0   1512    210      3      2      0 
    1    237     65     67     96     24      0      0      0      0   1512   1410   1657      4      0 
    0     41     32     35      0      0      0      0      0      0   1512    210      3      2      0 
    1    239     65     69     96     24      0      0      0      0   1512   1410   1657      4      0 
    0     41     32     35      0      0      0      0      0      0   1512    210      3      2      0 
    1    232     65     69     96     24      0      0      0      0   1512   1410   1657      4      0 
    0     41     32     35      0      0      0      0      0      0   1512    210      3      2      0 
    1    234     64     67     96     24      0      0      0      0   1512   1410   1657      4      0 
    0     41     32     35      0      0      0      0      0      0   1512    210      3      2      0 
    1    235     65     67     96     24      0      0      0      0   1512   1410   1657      4      0 
    0     41     32     35      0      0      0      0      0      0   1512    210      3      2      0 
    1    238     65     69     96     24      0      0      0      0   1512   1410   1657      4      0 
    0     41     32     35      0      0      0      0      0      0   1512    210      3      2      0 
    1    237     65     69     96     24      0      0      0      0   1512   1410   1657      4      0 
    0     41     32     35      0      0      0      0      0      0   1512    210      3      2      0 
    1    236     64     67     96     24      0      0      0      0   1512   1410   1657      4      0 
    0     41     32     35      0      0      0      0      0      0   1512    210      3      2      0 
    1    233     65     67     96     24      0      0      0      0   1512   1410   1657      4      0 
    0     41     32     35      0      0      0      0      0      0   1512    210      3      2      0 
    1    239     65     69     96     24      0      0      0      0   1512   1410   1657      4      0 
# gpu    pwr  gtemp  mtemp     sm    mem    enc    dec    jpg    ofa   mclk   pclk     fb   bar1   ccpm 
# Idx      W      C      C      %      %      %      %      %      %    MHz    MHz     MB     MB     MB 
    0     40     32     35      0      0      0      0      0      0   1512    210      3      2      0 
    1    242     65     69     96     24      0      0      0      0   1512   1410   1657      4      0 
    0     41     32     35      0      0      0      0      0      0   1512    210      3      2      0 
    1    238     64     67     96     24      0      0      0      0   1512   1410   1657      4      0 
    0     41     32     35      0      0      0      0      0      0   1512    210      3      2      0 
    1    231     65     69     96     24      0      0      0      0   1512   1410   1657      4      0 
    0     41     32     35      0      0      0      0      0      0   1512    210      3      2      0 
    1    234     65     69     96     24      0      0      0      0   1512   1410   1657      4      0 
    0     41     32     35      0      0      0      0      0      0   1512    210      3      2      0 
    1    235     65     67     96     24      0      0      0      0   1512   1410   1657      4      0 
    0     41     32     35      0      0      0      0      0      0   1512    210      3      2      0 
    1    234     64     67     96     24      0      0      0      0   1512   1410   1657      4      0 
    0     41     32     35      0      0      0      0      0      0   1512    210      3      2      0 
    1    236     65     69     96     24      0      0      0      0   1512   1410   1657      4      0 
    0     41     32     35      0      0      0      0      0      0   1512    210      3      2      0 
    1    236     65     69     96     24      0      0      0      0   1512   1410   1657      4      0 
    0     41     32     35      0      0      0      0      0      0   1512    210      3      2      0 
    1    237     64     67     96     24      0      0      0      0   1512   1410   1657      4      0 
    0     41     32     35      0      0      0      0      0      0   1512    210      3      2      0 
    1    235     65     67     96     24      0      0      0      0   1512   1410   1657      4      0 
    0     41     32     35      0      0      0      0      0      0   1512    210      3      2      0 
    1    235     65     69     96     24      0      0      0      0   1512   1410   1657      4      0 
    0     41     32     35      0      0      0      0      0      0   1512    210      3      2      0 
    1    236     65     69     96     24      0      0      0      0   1512   1410   1657      4      0 
    0     41     32     35      0      0      0      0      0      0   1512    210      3      2      0 
    1    234     64     67     96     24      0      0      0      0   1512   1410   1657      4      0 
    0     41     32     35      0      0      0      0      0      0   1512    210      3      2      0 
    1    235     65     67     96     24      0      0      0      0   1512   1410   1657      4      0 
    0     42     32     35      0      0      0      0      0      0   1512    210      3      2      0 
    1    238     65     69     96     24      0      0      0      0   1512   1410   1657      4      0 
    0     41     32     35      0      0      0      0      0      0   1512    210      3      2      0 
    1    232     65     69     95     24      0      0      0      0   1512   1410   1657      4      0 
    0     41     32     35      0      0      0      0      0      0   1512    210      3      2      0 
    1    235     64     67     96     24      0      0      0      0   1512   1410   1657      4      0 
    0     41     32     35      0      0      0      0      0      0   1512    210      3      2      0 
    1    235     65     69     96     24      0      0      0      0   1512   1410   1657      4      0 
    0     41     32     35      0      0      0      0      0      0   1512    210      3      2      0 
    1    231     65     69     96     24      0      0      0      0   1512   1410   1657      4      0 
    0     42     32     35      0      0      0      0      0      0   1512    210      3      2      0 
    1    234     65     67     96     24      0      0      0      0   1512   1410   1657      4      0 
    0     41     32     35      0      0      0      0      0      0   1512    210      3      2      0 
    1    236     64     67     96     24      0      0      0      0   1512   1410   1657      4      0 
    0     41     32     35      0      0      0      0      0      0   1512    210      3      2      0 
    1    236     65     69     96     24      0      0      0      0   1512   1410   1657      4      0 
# gpu    pwr  gtemp  mtemp     sm    mem    enc    dec    jpg    ofa   mclk   pclk     fb   bar1   ccpm 
# Idx      W      C      C      %      %      %      %      %      %    MHz    MHz     MB     MB     MB 
    0     42     32     35      0      0      0      0      0      0   1512    210      3      2      0 
    1    235     65     69     96     24      0      0      0      0   1512   1410   1657      4      0 
    0     41     32     35      0      0      0      0      0      0   1512    210      3      2      0 
    1    237     65     67     96     24      0      0      0      0   1512   1410   1657      4      0 
    0     42     32     35      0      0      0      0      0      0   1512    210      3      2      0 
    1    237     65     67     96     24      0      0      0      0   1512   1410   1657      4      0 
    0     41     32     35      0      0      0      0      0      0   1512    210      3      2      0 
    1    237     65     69     96     24      0      0      0      0   1512   1410   1657      4      0 
    0     41     32     35      0      0      0      0      0      0   1512    210      3      2      0 
    1    238     65     69     96     24      0      0      0      0   1512   1410   1657      4      0 
    0     42     32     35      0      0      0      0      0      0   1512    210      3      2      0 
    1    236     64     67     96     24      0      0      0      0   1512   1410   1657      4      0 
    0     41     32     35      0      0      0      0      0      0   1512    210      3      2      0 
    1    238     64     67     95     24      0      0      0      0   1512   1410   1657      4      0 
    0     41     32     35      0      0      0      0      0      0   1512    210      3      2      0 
    1    237     65     69     96     24      0      0      0      0   1512   1410   1657      4      0 
    0     42     32     35      0      0      0      0      0      0   1512    210      3      2      0 
    1    235     65     69     96     24      0      0      0      0   1512   1410   1657      4      0 
    0     41     32     35      0      0      0      0      0      0   1512    210      3      2      0 
    1    236     64     67     96     24      0      0      0      0   1512   1410   1657      4      0 
    0     41     32     35      0      0      0      0      0      0   1512    210      3      2      0 
    1    235     65     67     96     24      0      0      0      0   1512   1410   1657      4      0 
    0     42     32     35      0      0      0      0      0      0   1512    210      3      2      0 
    1    235     65     69     96     24      0      0      0      0   1512   1410   1657      4      0 
    0     42     32     35      0      0      0      0      0      0   1512    210      3      2      0 
    1    238     65     69     96     24      0      0      0      0   1512   1410   1657      4      0 
    0     41     32     35      0      0      0      0      0      0   1512    210      3      2      0 
    1    236     64     67     96     24      0      0      0      0   1512   1410   1657      4      0 
    0     42     32     35      0      0      0      0      0      0   1512    210      3      2      0 
    1    239     65     69     96     24      0      0      0      0   1512   1410   1657      4      0 
    0     41     32     35      0      0      0      0      0      0   1512    210      3      2      0 
    1    233     65     69     96     24      0      0      0      0   1512   1410   1657      4      0 
    0     41     32     35      0      0      0      0      0      0   1512    210      3      2      0 
    1    237     65     67     96     24      0      0      0      0   1512   1410   1657      4      0 
    0     41     32     35      0      0      0      0      0      0   1512    210      3      2      0 
    1    236     64     67     96     24      0      0      0      0   1512   1410   1657      4      0 
    0     41     32     35      0      0      0      0      0      0   1512    210      3      2      0 
    1    237     65     69     96     24      0      0      0      0   1512   1410   1657      4      0 
    0     41     32     35      0      0      0      0      0      0   1512    210      3      2      0 
    1    237     65     69     96     24      0      0      0      0   1512   1410   1657      4      0 
    0     42     32     35      0      0      0      0      0      0   1512    210      3      2      0 
    1    234     64     67     96     24      0      0      0      0   1512   1410   1657      4      0 
    0     42     32     35      0      0      0      0      0      0   1512    210      3      2      0 
    1    234     64     67     96     24      0      0      0      0   1512   1410   1657      4      0 
# gpu    pwr  gtemp  mtemp     sm    mem    enc    dec    jpg    ofa   mclk   pclk     fb   bar1   ccpm 
# Idx      W      C      C      %      %      %      %      %      %    MHz    MHz     MB     MB     MB 
    0     41     32     35      0      0      0      0      0      0   1512    210      3      2      0 
    1    237     65     69     96     24      0      0      0      0   1512   1410   1657      4      0 
    0     40     32     35      0      0      0      0      0      0   1512    210      3      2      0 
    1    241     65     69     97     24      0      0      0      0   1512   1410   1657      4      0 
    0     41     32     35      0      0      0      0      0      0   1512    210      3      2      0 
    1    233     65     69     96     24      0      0      0      0   1512   1410   1657      4      0 
    0     41     32     35      0      0      0      0      0      0   1512    210      3      2      0 
    1    237     64     67     96     24      0      0      0      0   1512   1410   1657      4      0 
    0     42     32     35      0      0      0      0      0      0   1512    210      3      2      0 
    1    234     65     67     96     24      0      0      0      0   1512   1410   1657      4      0 
    0     41     32     35      0      0      0      0      0      0   1512    210      3      2      0 
    1    233     65     69     96     24      0      0      0      0   1512   1410   1657      4      0 
    0     42     32     35      0      0      0      0      0      0   1512    210      3      2      0 
    1    233     65     67     96     24      0      0      0      0   1512   1410   1657      4      0 
    0     41     32     35      0      0      0      0      0      0   1512    210      3      2      0 
    1    231     64     67     96     24      0      0      0      0   1512   1410   1657      4      0 
    0     41     32     35      0      0      0      0      0      0   1512    210      3      2      0 
    1    235     65     69     96     24      0      0      0      0   1512   1410   1657      4      0 
    0     41     32     35      0      0      0      0      0      0   1512    210      3      2      0 
    1    237     65     69     96     24      0      0      0      0   1512   1410   1657      4      0 
    0     42     32     35      0      0      0      0      0      0   1512    210      3      2      0 
    1    236     65     67     96     24      0      0      0      0   1512   1410   1657      4      0 
    0     41     32     35      0      0      0      0      0      0   1512    210      3      2      0 
    1    237     64     67     96     24      0      0      0      0   1512   1410   1657      4      0 
    0     41     32     35      0      0      0      0      0      0   1512    210      3      2      0 
    1    238     65     69     96     24      0      0      0      0   1512   1410   1657      4      0 
    0     42     32     35      0      0      0      0      0      0   1512    210      3      2      0 
    1    241     65     69     95     24      0      0      0      0   1512   1410   1657      4      0 
    0     41     32     35      0      0      0      0      0      0   1512    210      3      2      0 
    1    234     64     67     96     24      0      0      0      0   1512   1410   1657      4      0 
    0     41     32     35      0      0      0      0      0      0   1512    210      3      2      0 
    1    236     64     67     96     24      0      0      0      0   1512   1410   1657      4      0 
    0     41     32     35      0      0      0      0      0      0   1512    210      3      2      0 
    1    238     65     69     96     24      0      0      0      0   1512   1410   1657      4      0 
    0     41     32     35      0      0      0      0      0      0   1512    210      3      2      0 
    1    237     65     69     96     24      0      0      0      0   1512   1410   1657      4      0 
    0     41     32     35      0      0      0      0      0      0   1512    210      3      2      0 
    1    234     65     69     96     24      0      0      0      0   1512   1410   1657      4      0 
    0     42     32     35      0      0      0      0      0      0   1512    210      3      2      0 
    1    234     64     67     96     24      0      0      0      0   1512   1410   1657      4      0 
    0     41     32     35      0      0      0      0      0      0   1512    210      3      2      0 
    1    234     65     69     96     24      0      0      0      0   1512   1410   1657      4      0 
    0     42     32     35      0      0      0      0      0      0   1512    210      3      2      0 
    1    240     65     69     96     24      0      0      0      0   1512   1410   1657      4      0 
# gpu    pwr  gtemp  mtemp     sm    mem    enc    dec    jpg    ofa   mclk   pclk     fb   bar1   ccpm 
# Idx      W      C      C      %      %      %      %      %      %    MHz    MHz     MB     MB     MB 
    0     41     32     35      0      0      0      0      0      0   1512    210      3      2      0 
    1    234     65     67     96     24      0      0      0      0   1512   1410   1657      4      0 
    0     42     32     35      0      0      0      0      0      0   1512    210      3      2      0 
    1    237     64     67     96     24      0      0      0      0   1512   1410   1657      4      0 
    0     41     32     35      0      0      0      0      0      0   1512    210      3      2      0 
    1    237     65     69     96     24      0      0      0      0   1512   1410   1657      4      0 
    0     41     32     35      0      0      0      0      0      0   1512    210      3      2      0 
    1    233     65     69     96     24      0      0      0      0   1512   1410   1657      4      0 
    0     41     32     35      0      0      0      0      0      0   1512    210      3      2      0 
    1    235     64     67     80     20      0      0      0      0   1512   1410   1657      4      0 
    0     41     32     35      0      0      0      0      0      0   1512    210      3      2      0 
    1    237     65     67     96     24      0      0      0      0   1512   1410   1657      4      0 
    0     42     32     35      0      0      0      0      0      0   1512    210      3      2      0 
    1    237     65     69     96     24      0      0      0      0   1512   1410   1657      4      0 
    0     41     32     35      0      0      0      0      0      0   1512    210      3      2      0 
    1    234     65     69     96     24      0      0      0      0   1512   1410   1657      4      0 
    0     41     32     35      0      0      0      0      0      0   1512    210      3      2      0 
    1    231     64     67     96     24      0      0      0      0   1512   1410   1657      4      0 
    0     41     32     35      0      0      0      0      0      0   1512    210      3      2      0 
    1    238     65     67     96     24      0      0      0      0   1512   1410   1657      4      0 
    0     41     32     35      0      0      0      0      0      0   1512    210      3      2      0 
    1    239     66     69     96     24      0      0      0      0   1512   1410   1657      4      0 
    0     42     32     35      0      0      0      0      0      0   1512    210      3      2      0 
    1    237     65     69     96     24      0      0      0      0   1512   1410   1657      4      0 
    0     41     32     35      0      0      0      0      0      0   1512    210      3      2      0 
    1    236     65     69     96     24      0      0      0      0   1512   1410   1657      4      0 
    0     41     32     35      0      0      0      0      0      0   1512    210      3      2      0 
    1    233     64     67     96     24      0      0      0      0   1512   1410   1657      4      0 
    0     41     32     35      0      0      0      0      0      0   1512    210      3      2      0 
    1    242     65     67     97     24      0      0      0      0   1512   1410   1657      4      0 
    0     41     32     35      0      0      0      0      0      0   1512    210      3      2      0 
    1    236     65     69     96     24      0      0      0      0   1512   1410   1657      4      0 
    0     41     32     35      0      0      0      0      0      0   1512    210      3      2      0 
    1    238     65     67     96     24      0      0      0      0   1512   1410   1657      4      0 
    0     41     32     35      0      0      0      0      0      0   1512    210      3      2      0 
    1    235     64     67     95     24      0      0      0      0   1512   1410   1657      4      0 
    0     41     32     35      0      0      0      0      0      0   1512    210      3      2      0 
    1    232     65     69     96     24      0      0      0      0   1512   1410   1657      4      0 
    0     41     32     35      0      0      0      0      0      0   1512    210      3      2      0 
    1    235     65     69     96     24      0      0      0      0   1512   1410   1657      4      0 
    0     40     32     35      0      0      0      0      0      0   1512    210      3      2      0 
    1    238     64     67     95     24      0      0      0      0   1512   1410   1657      4      0 
    0     41     32     35      0      0      0      0      0      0   1512    210      3      2      0 
    1    233     64     67     96     24      0      0      0      0   1512   1410   1657      4      0 
# gpu    pwr  gtemp  mtemp     sm    mem    enc    dec    jpg    ofa   mclk   pclk     fb   bar1   ccpm 
# Idx      W      C      C      %      %      %      %      %      %    MHz    MHz     MB     MB     MB 
    0     41     32     35      0      0      0      0      0      0   1512    210      3      2      0 
    1    238     65     69     96     24      0      0      0      0   1512   1410   1657      4      0 
    0     41     32     35      0      0      0      0      0      0   1512    210      3      2      0 
    1    234     65     69     96     24      0      0      0      0   1512   1410   1657      4      0 
    0     41     32     35      0      0      0      0      0      0   1512    210      3      2      0 
    1    233     64     67     96     24      0      0      0      0   1512   1410   1657      4      0 
    0     42     32     35      0      0      0      0      0      0   1512    210      3      2      0 
    1    235     65     67     96     24      0      0      0      0   1512   1410   1657      4      0 
    0     42     32     35      0      0      0      0      0      0   1512    210      3      2      0 
    1    240     65     69     96     24      0      0      0      0   1512   1410   1657      4      0 
    0     41     32     35      0      0      0      0      0      0   1512    210      3      2      0 
    1    235     65     69     96     24      0      0      0      0   1512   1410   1657      4      0 
    0     41     32     35      0      0      0      0      0      0   1512    210      3      2      0 
    1    238     64     67     96     24      0      0      0      0   1512   1410   1657      4      0 
    0     41     32     35      0      0      0      0      0      0   1512    210      3      2      0 
    1    236     64     67     96     24      0      0      0      0   1512   1410   1657      4      0 
    0     41     32     35      0      0      0      0      0      0   1512    210      3      2      0 
    1    236     65     69     96     24      0      0      0      0   1512   1410   1657      4      0 
    0     41     32     35      0      0      0      0      0      0   1512    210      3      2      0 
    1    233     65     69     96     24      0      0      0      0   1512   1410   1657      4      0 
    0     41     32     35      0      0      0      0      0      0   1512    210      3      2      0 
    1    238     64     67     96     24      0      0      0      0   1512   1410   1657      4      0 
    0     41     32     35      0      0      0      0      0      0   1512    210      3      2      0 
    1    239     65     67     96     24      0      0      0      0   1512   1410   1657      4      0 
    0     41     32     35      0      0      0      0      0      0   1512    210      3      2      0 
    1    236     65     69     96     24      0      0      0      0   1512   1410   1657      4      0 
    0     41     32     35      0      0      0      0      0      0   1512    210      3      2      0 
    1    237     65     69     96     24      0      0      0      0   1512   1410   1657      4      0 
    0     41     32     35      0      0      0      0      0      0   1512    210      3      2      0 
    1    236     65     67     96     24      0      0      0      0   1512   1410   1657      4      0 
    0     41     32     35      0      0      0      0      0      0   1512    210      3      2      0 
    1    237     64     67     96     24      0      0      0      0   1512   1410   1657      4      0 
    0     42     32     35      0      0      0      0      0      0   1512    210      3      2      0 
    1    237     65     69     96     24      0      0      0      0   1512   1410   1657      4      0 
    0     41     32     35      0      0      0      0      0      0   1512    210      3      2      0 
    1    233     65     69     96     24      0      0      0      0   1512   1410   1657      4      0 
    0     42     32     35      0      0      0      0      0      0   1512    210      3      2      0 
    1    238     64     67     96     24      0      0      0      0   1512   1410   1657      4      0 
    0     42     32     35      0      0      0      0      0      0   1512    210      3      2      0 
    1    234     65     67     96     24      0      0      0      0   1512   1410   1657      4      0 
    0     42     32     35      0      0      0      0      0      0   1512    210      3      2      0 
    1    232     65     69     96     24      0      0      0      0   1512   1410   1657      4      0 
    0     41     32     35      0      0      0      0      0      0   1512    210      3      2      0 
    1    235     65     69     96     24      0      0      0      0   1512   1410   1657      4      0 
# gpu    pwr  gtemp  mtemp     sm    mem    enc    dec    jpg    ofa   mclk   pclk     fb   bar1   ccpm 
# Idx      W      C      C      %      %      %      %      %      %    MHz    MHz     MB     MB     MB 
    0     41     32     35      0      0      0      0      0      0   1512    210      3      2      0 
    1    238     65     67     96     24      0      0      0      0   1512   1410   1657      4      0 
    0     41     32     35      0      0      0      0      0      0   1512    210      3      2      0 
    1    231     64     67     96     24      0      0      0      0   1512   1410   1657      4      0 
    0     40     32     35      0      0      0      0      0      0   1512    210      3      2      0 
    1    237     65     69     96     24      0      0      0      0   1512   1410   1657      4      0 
    0     42     32     35      0      0      0      0      0      0   1512    210      3      2      0 
    1    235     65     69     96     24      0      0      0      0   1512   1410   1657      4      0 
    0     41     32     35      0      0      0      0      0      0   1512    210      3      2      0 
    1    238     64     67     96     24      0      0      0      0   1512   1410   1657      4      0 
    0     41     32     35      0      0      0      0      0      0   1512    210      3      2      0 
    1    232     64     67     96     24      0      0      0      0   1512   1410   1657      4      0 
    0     41     32     35      0      0      0      0      0      0   1512    210      3      2      0 
    1    239     65     69     96     24      0      0      0      0   1512   1410   1657      4      0 
    0     41     32     35      0      0      0      0      0      0   1512    210      3      2      0 
    1    237     65     69     96     24      0      0      0      0   1512   1410   1657      4      0 
    0     41     32     35      0      0      0      0      0      0   1512    210      3      2      0 
    1    235     65     67     96     24      0      0      0      0   1512   1410   1657      4      0 
    0     42     32     35      0      0      0      0      0      0   1512    210      3      2      0 
    1    233     64     67     96     24      0      0      0      0   1512   1410   1657      4      0 
    0     41     32     35      0      0      0      0      0      0   1512    210      3      2      0 
    1    235     65     69     96     24      0      0      0      0   1512   1410   1657      4      0 
    0     41     32     35      0      0      0      0      0      0   1512    210      3      2      0 
    1    237     65     69     96     24      0      0      0      0   1512   1410   1657      4      0 
    0     41     32     35      0      0      0      0      0      0   1512    210      3      2      0 
    1    233     64     67     96     24      0      0      0      0   1512   1410   1657      4      0 
    0     40     32     35      0      0      0      0      0      0   1512    210      3      2      0 
    1    234     65     67     96     24      0      0      0      0   1512   1410   1657      4      0 
    0     41     32     35      0      0      0      0      0      0   1512    210      3      2      0 
    1    234     65     69     96     24      0      0      0      0   1512   1410   1657      4      0 
    0     41     32     35      0      0      0      0      0      0   1512    210      3      2      0 
    1    237     65     69     96     24      0      0      0      0   1512   1410   1657      4      0 
    0     41     32     35      0      0      0      0      0      0   1512    210      3      2      0 
    1    232     64     67     96     24      0      0      0      0   1512   1410   1657      4      0 
    0     41     32     35      0      0      0      0      0      0   1512    210      3      2      0 
    1    234     65     67     96     24      0      0      0      0   1512   1410   1657      4      0 
    0     41     32     35      0      0      0      0      0      0   1512    210      3      2      0 
    1    237     65     69     95     24      0      0      0      0   1512   1410   1657      4      0 
    0     41     32     35      0      0      0      0      0      0   1512    210      3      2      0 
    1    235     65     67     96     24      0      0      0      0   1512   1410   1657      4      0 
    0     41     32     35      0      0      0      0      0      0   1512    210      3      2      0 
    1    232     64     67     96     24      0      0      0      0   1512   1410   1657      4      0 
    0     40     32     35      0      0      0      0      0      0   1512    210      3      2      0 
    1    234     65     69     96     24      0      0      0      0   1512   1410   1657      4      0 
# gpu    pwr  gtemp  mtemp     sm    mem    enc    dec    jpg    ofa   mclk   pclk     fb   bar1   ccpm 
# Idx      W      C      C      %      %      %      %      %      %    MHz    MHz     MB     MB     MB 
    0     41     32     35      0      0      0      0      0      0   1512    210      3      2      0 
    1    234     65     69     96     24      0      0      0      0   1512   1410   1657      4      0 
    0     41     32     35      0      0      0      0      0      0   1512    210      3      2      0 
    1    235     65     67     96     24      0      0      0      0   1512   1410   1657      4      0 
    0     41     32     35      0      0      0      0      0      0   1512    210      3      2      0 
    1    236     64     67     96     24      0      0      0      0   1512   1410   1657      4      0 
    0     41     32     35      0      0      0      0      0      0   1512    210      3      2      0 
    1    236     65     69     96     24      0      0      0      0   1512   1410   1657      4      0 
    0     41     32     35      0      0      0      0      0      0   1512    210      3      2      0 
    1    237     65     69     96     24      0      0      0      0   1512   1410   1657      4      0 
    0     41     32     35      0      0      0      0      0      0   1512    210      3      2      0 
    1    235     65     69     96     24      0      0      0      0   1512   1410   1657      4      0 
    0     41     32     35      0      0      0      0      0      0   1512    210      3      2      0 
    1    237     64     67     96     24      0      0      0      0   1512   1410   1657      4      0 
    0     41     32     35      0      0      0      0      0      0   1512    210      3      2      0 
    1    234     65     67     96     24      0      0      0      0   1512   1410   1657      4      0 
    0     41     32     35      0      0      0      0      0      0   1512    210      3      2      0 
    1    234     65     69     96     24      0      0      0      0   1512   1410   1657      4      0 
    0     41     32     35      0      0      0      0      0      0   1512    210      3      2      0 
    1    239     65     69     95     24      0      0      0      0   1512   1410   1657      4      0 
    0     41     32     35      0      0      0      0      0      0   1512    210      3      2      0 
    1    237     64     67     96     24      0      0      0      0   1512   1410   1657      4      0 
    0     41     32     35      0      0      0      0      0      0   1512    210      3      2      0 
    1    236     65     67     96     24      0      0      0      0   1512   1410   1657      4      0 
    0     41     32     35      0      0      0      0      0      0   1512    210      3      2      0 
    1    238     65     69     96     24      0      0      0      0   1512   1410   1657      4      0 
    0     41     32     35      0      0      0      0      0      0   1512    210      3      2      0 
    1    234     65     69     96     24      0      0      0      0   1512   1410   1657      4      0 
    0     42     32     35      0      0      0      0      0      0   1512    210      3      2      0 
    1    234     64     67     96     24      0      0      0      0   1512   1410   1657      4      0 
    0     41     32     35      0      0      0      0      0      0   1512    210      3      2      0 
    1    234     65     67     96     24      0      0      0      0   1512   1410   1657      4      0 
    0     41     32     35      0      0      0      0      0      0   1512    210      3      2      0 
    1    240     65     69     96     24      0      0      0      0   1512   1410   1657      4      0 
    0     41     32     35      0      0      0      0      0      0   1512    210      3      2      0 
    1    238     65     69     96     24      0      0      0      0   1512   1410   1657      4      0 
    0     41     32     35      0      0      0      0      0      0   1512    210      3      2      0 
    1    233     64     67     96     24      0      0      0      0   1512   1410   1657      4      0 
    0     42     32     35      0      0      0      0      0      0   1512    210      3      2      0 
    1    234     65     67     96     24      0      0      0      0   1512   1410   1657      4      0 
    0     41     32     35      0      0      0      0      0      0   1512    210      3      2      0 
    1    238     65     69     96     24      0      0      0      0   1512   1410   1657      4      0 
    0     41     32     35      0      0      0      0      0      0   1512    210      3      2      0 
    1    231     65     67     96     24      0      0      0      0   1512   1410   1657      4      0 
# gpu    pwr  gtemp  mtemp     sm    mem    enc    dec    jpg    ofa   mclk   pclk     fb   bar1   ccpm 
# Idx      W      C      C      %      %      %      %      %      %    MHz    MHz     MB     MB     MB 
    0     41     32     35      0      0      0      0      0      0   1512    210      3      2      0 
    1    235     64     67     96     24      0      0      0      0   1512   1410   1657      4      0 
    0     41     32     35      0      0      0      0      0      0   1512    210      3      2      0 
    1    233     65     69     96     24      0      0      0      0   1512   1410   1657      4      0 
    0     41     32     35      0      0      0      0      0      0   1512    210      3      2      0 
    1    237     65     69     96     24      0      0      0      0   1512   1410   1657      4      0 
    0     41     32     35      0      0      0      0      0      0   1512    210      3      2      0 
    1    225     65     67     95     24      0      0      0      0   1512   1410   1657      4      0 
    0     41     32     35      0      0      0      0      0      0   1512    210      3      2      0 
    1    236     64     67     96     24      0      0      0      0   1512   1410   1657      4      0 
    0     41     32     35      0      0      0      0      0      0   1512    210      3      2      0 
    1    236     65     69     96     24      0      0      0      0   1512   1410   1657      4      0 
    0     42     32     35      0      0      0      0      0      0   1512    210      3      2      0 
    1    238     65     69     96     24      0      0      0      0   1512   1410   1657      4      0 
    0     41     32     35      0      0      0      0      0      0   1512    210      3      2      0 
    1    235     64     67     96     24      0      0      0      0   1512   1410   1657      4      0 
    0     42     32     35      0      0      0      0      0      0   1512    210      3      2      0 
    1    236     65     67     96     24      0      0      0      0   1512   1410   1657      4      0 
    0     42     32     35      0      0      0      0      0      0   1512    210      3      2      0 
    1    236     65     69     96     24      0      0      0      0   1512   1410   1657      4      0 
    0     42     32     35      0      0      0      0      0      0   1512    210      3      2      0 
    1    239     65     69     96     24      0      0      0      0   1512   1410   1657      4      0 
    0     41     32     35      0      0      0      0      0      0   1512    210      3      2      0 
    1    235     64     67     96     24      0      0      0      0   1512   1410   1657      4      0 
    0     41     32     35      0      0      0      0      0      0   1512    210      3      2      0 
    1    235     65     67     96     24      0      0      0      0   1512   1410   1657      4      0 
    0     41     32     35      0      0      0      0      0      0   1512    210      3      2      0 
    1    236     65     69     96     24      0      0      0      0   1512   1410   1657      4      0 
    0     42     32     35      0      0      0      0      0      0   1512    210      3      2      0 
    1    234     65     69     96     24      0      0      0      0   1512   1410   1657      4      0 
    0     41     32     35      0      0      0      0      0      0   1512    210      3      2      0 
    1    237     64     67     96     24      0      0      0      0   1512   1410   1657      4      0 
    0     42     32     35      0      0      0      0      0      0   1512    210      3      2      0 
    1    234     65     67     96     24      0      0      0      0   1512   1410   1657      4      0 
    0     41     32     35      0      0      0      0      0      0   1512    210      3      2      0 
    1    235     65     69     96     24      0      0      0      0   1512   1410   1657      4      0 
    0     41     32     35      0      0      0      0      0      0   1512    210      3      2      0 
    1    234     65     67     96     24      0      0      0      0   1512   1410   1657      4      0 
    0     41     32     35      0      0      0      0      0      0   1512    210      3      2      0 
    1    232     64     67     96     24      0      0      0      0   1512   1410   1657      4      0 
    0     42     32     35      0      0      0      0      0      0   1512    210      3      2      0 
    1    233     65     69     96     24      0      0      0      0   1512   1410   1657      4      0 
    0     41     32     35      0      0      0      0      0      0   1512    210      3      2      0 
    1    237     65     69     96     24      0      0      0      0   1512   1410   1657      4      0 
# gpu    pwr  gtemp  mtemp     sm    mem    enc    dec    jpg    ofa   mclk   pclk     fb   bar1   ccpm 
# Idx      W      C      C      %      %      %      %      %      %    MHz    MHz     MB     MB     MB 
    0     41     32     35      0      0      0      0      0      0   1512    210      3      2      0 
    1    235     64     67     96     24      0      0      0      0   1512   1410   1657      4      0 
    0     41     32     35      0      0      0      0      0      0   1512    210      3      2      0 
    1    236     65     67     96     24      0      0      0      0   1512   1410   1657      4      0 
    0     41     32     35      0      0      0      0      0      0   1512    210      3      2      0 
    1    235     65     69     96     24      0      0      0      0   1512   1410   1657      4      0 
    0     41     32     35      0      0      0      0      0      0   1512    210      3      2      0 
    1    233     65     69     96     24      0      0      0      0   1512   1410   1657      4      0 
    0     41     32     35      0      0      0      0      0      0   1512    210      3      2      0 
    1    231     64     67     96     24      0      0      0      0   1512   1410   1657      4      0 
    0     41     32     35      0      0      0      0      0      0   1512    210      3      2      0 
    1    234     65     69     96     24      0      0      0      0   1512   1410   1657      4      0 
    0     41     32     35      0      0      0      0      0      0   1512    210      3      2      0 
    1    235     65     69     96     24      0      0      0      0   1512   1410   1657      4      0 
    0     42     32     35      0      0      0      0      0      0   1512    210      3      2      0 
    1    237     65     67     96     24      0      0      0      0   1512   1410   1657      4      0 
    0     41     32     35      0      0      0      0      0      0   1512    210      3      2      0 
    1    235     64     67     96     24      0      0      0      0   1512   1410   1657      4      0 
    0     41     32     35      0      0      0      0      0      0   1512    210      3      2      0 
    1    238     65     69     96     24      0      0      0      0   1512   1410   1657      4      0 
    0     41     32     35      0      0      0      0      0      0   1512    210      3      2      0 
    1    237     65     69     96     24      0      0      0      0   1512   1410   1657      4      0 
    0     41     32     35      0      0      0      0      0      0   1512    210      3      2      0 
    1    234     64     67     96     24      0      0      0      0   1512   1410   1657      4      0 
    0     41     32     35      0      0      0      0      0      0   1512    210      3      2      0 
    1    234     65     67     96     24      0      0      0      0   1512   1410   1657      4      0 
    0     42     32     35      0      0      0      0      0      0   1512    210      3      2      0 
    1    237     65     69     96     24      0      0      0      0   1512   1410   1657      4      0 
    0     41     32     35      0      0      0      0      0      0   1512    210      3      2      0 
    1    238     65     69     96     24      0      0      0      0   1512   1410   1657      4      0 
    0     41     32     35      0      0      0      0      0      0   1512    210      3      2      0 
    1    236     64     67     96     24      0      0      0      0   1512   1410   1657      4      0 
    0     41     32     35      0      0      0      0      0      0   1512    210      3      2      0 
    1    238     65     69     96     24      0      0      0      0   1512   1410   1657      4      0 
    0     41     32     35      0      0      0      0      0      0   1512    210      3      2      0 
    1    240     65     69     96     24      0      0      0      0   1512   1410   1657      4      0 
    0     41     32     35      0      0      0      0      0      0   1512    210      3      2      0 
    1    234     65     69     96     24      0      0      0      0   1512   1410   1657      4      0 
    0     41     32     35      0      0      0      0      0      0   1512    210      3      2      0 
    1    235     64     67     96     24      0      0      0      0   1512   1410   1657      4      0 
    0     42     32     35      0      0      0      0      0      0   1512    210      3      2      0 
    1    238     65     67     96     24      0      0      0      0   1512   1410   1657      4      0 
    0     41     32     35      0      0      0      0      0      0   1512    210      3      2      0 
    1    235     65     69     96     24      0      0      0      0   1512   1410   1657      4      0 
# gpu    pwr  gtemp  mtemp     sm    mem    enc    dec    jpg    ofa   mclk   pclk     fb   bar1   ccpm 
# Idx      W      C      C      %      %      %      %      %      %    MHz    MHz     MB     MB     MB 
    0     41     32     35      0      0      0      0      0      0   1512    210      3      2      0 
    1    235     65     67     96     24      0      0      0      0   1512   1410   1657      4      0 
    0     41     32     35      0      0      0      0      0      0   1512    210      3      2      0 
    1    232     64     67     95     24      0      0      0      0   1512   1410   1657      4      0 
    0     41     32     35      0      0      0      0      0      0   1512    210      3      2      0 
    1    238     65     69     96     24      0      0      0      0   1512   1410   1657      4      0 
    0     41     32     35      0      0      0      0      0      0   1512    210      3      2      0 
    1    234     65     69     96     24      0      0      0      0   1512   1410   1657      4      0 
    0     42     32     35      0      0      0      0      0      0   1512    210      3      2      0 
    1    235     65     67     96     24      0      0      0      0   1512   1410   1657      4      0 
    0     42     32     35      0      0      0      0      0      0   1512    210      3      2      0 
    1    233     65     67     96     24      0      0      0      0   1512   1410   1657      4      0 
    0     41     32     35      0      0      0      0      0      0   1512    210      3      2      0 
    1    235     65     69     96     24      0      0      0      0   1512   1410   1657      4      0 
    0     42     32     35      0      0      0      0      0      0   1512    210      3      2      0 
    1    237     65     69     96     24      0      0      0      0   1512   1410   1657      4      0 
    0     42     32     35      0      0      0      0      0      0   1512    210      3      2      0 
    1    238     64     67     96     24      0      0      0      0   1512   1410   1657      4      0 
    0     41     32     35      0      0      0      0      0      0   1512    210      3      2      0 
    1    234     65     67     96     24      0      0      0      0   1512   1410   1657      4      0 
    0     41     32     35      0      0      0      0      0      0   1512    210      3      2      0 
    1    236     65     69     96     24      0      0      0      0   1512   1410   1657      4      0 
    0     41     32     35      0      0      0      0      0      0   1512    210      3      2      0 
    1    237     65     69     95     24      0      0      0      0   1512   1410   1657      4      0 
    0     42     32     35      0      0      0      0      0      0   1512    210      3      2      0 
    1    235     64     67     96     24      0      0      0      0   1512   1410   1657      4      0 
    0     41     32     35      0      0      0      0      0      0   1512    210      3      2      0 
    1    234     65     69     96     24      0      0      0      0   1512   1410   1657      4      0 
    0     41     32     35      0      0      0      0      0      0   1512    210      3      2      0 
    1    233     65     69     95     24      0      0      0      0   1512   1410   1657      4      0 
    0     41     32     35      0      0      0      0      0      0   1512    210      3      2      0 
    1    237     65     69     96     24      0      0      0      0   1512   1410   1657      4      0 
    0     41     32     35      0      0      0      0      0      0   1512    210      3      2      0 
    1    235     65     67     96     24      0      0      0      0   1512   1410   1657      4      0 
    0     41     32     35      0      0      0      0      0      0   1512    210      3      2      0 
    1    234     64     67     96     24      0      0      0      0   1512   1410   1657      4      0 
    0     41     32     35      0      0      0      0      0      0   1512    210      3      2      0 
    1    235     65     69     96     24      0      0      0      0   1512   1410   1657      4      0 
    0     41     32     35      0      0      0      0      0      0   1512    210      3      2      0 
    1    237     65     69     96     24      0      0      0      0   1512   1410   1657      4      0 
    0     42     32     35      0      0      0      0      0      0   1512    210      3      2      0 
    1    236     64     67     96     24      0      0      0      0   1512   1410   1657      4      0 
    0     41     32     35      0      0      0      0      0      0   1512    210      3      2      0 
    1    236     65     69     96     24      0      0      0      0   1512   1410   1657      4      0 
# gpu    pwr  gtemp  mtemp     sm    mem    enc    dec    jpg    ofa   mclk   pclk     fb   bar1   ccpm 
# Idx      W      C      C      %      %      %      %      %      %    MHz    MHz     MB     MB     MB 
    0     41     32     35      0      0      0      0      0      0   1512    210      3      2      0 
    1    235     65     69     96     24      0      0      0      0   1512   1410   1657      4      0 
    0     41     32     35      0      0      0      0      0      0   1512    210      3      2      0 
    1    237     65     67     96     24      0      0      0      0   1512   1410   1657      4      0 
    0     41     32     35      0      0      0      0      0      0   1512    210      3      2      0 
    1    235     64     67     96     24      0      0      0      0   1512   1410   1657      4      0 
    0     42     32     35      0      0      0      0      0      0   1512    210      3      2      0 
    1    234     65     69     96     24      0      0      0      0   1512   1410   1657      4      0 
    0     41     32     35      0      0      0      0      0      0   1512    210      3      2      0 
    1    238     65     69     96     24      0      0      0      0   1512   1410   1657      4      0 
    0     41     32     35      0      0      0      0      0      0   1512    210      3      2      0 
    1    236     65     67     95     24      0      0      0      0   1512   1410   1657      4      0 
    0     41     32     35      0      0      0      0      0      0   1512    210      3      2      0 
    1    234     64     67     96     24      0      0      0      0   1512   1410   1657      4      0 
    0     41     32     35      0      0      0      0      0      0   1512    210      3      2      0 
    1    234     65     69     96     24      0      0      0      0   1512   1410   1657      4      0 
    0     41     32     35      0      0      0      0      0      0   1512    210      3      2      0 
    1    234     65     69     96     24      0      0      0      0   1512   1410   1657      4      0 
    0     41     32     35      0      0      0      0      0      0   1512    210      3      2      0 
    1    234     64     67     96     24      0      0      0      0   1512   1410   1657      4      0 
    0     41     32     35      0      0      0      0      0      0   1512    210      3      2      0 
    1    238     65     67     96     24      0      0      0      0   1512   1410   1657      4      0 
    0     41     32     35      0      0      0      0      0      0   1512    210      3      2      0 
    1    235     65     69     96     24      0      0      0      0   1512   1410   1657      4      0 
    0     41     32     35      0      0      0      0      0      0   1512    210      3      2      0 
    1    236     65     69     96     24      0      0      0      0   1512   1410   1657      4      0 
    0     42     32     35      0      0      0      0      0      0   1512    210      3      2      0 
    1    238     64     67     96     24      0      0      0      0   1512   1410   1657      4      0 
    0     41     32     35      0      0      0      0      0      0   1512    210      3      2      0 
    1    237     64     67     96     24      0      0      0      0   1512   1410   1657      4      0 
    0     42     32     35      0      0      0      0      0      0   1512    210      3      2      0 
    1    234     65     69     96     24      0      0      0      0   1512   1410   1657      4      0 
    0     41     32     35      0      0      0      0      0      0   1512    210      3      2      0 
    1    239     65     69     96     24      0      0      0      0   1512   1410   1657      4      0 
    0     41     32     35      0      0      0      0      0      0   1512    210      3      2      0 
    1    230     64     67     96     24      0      0      0      0   1512   1410   1657      4      0 
    0     41     32     35      0      0      0      0      0      0   1512    210      3      2      0 
    1    236     64     67     96     24      0      0      0      0   1512   1410   1657      4      0 
    0     41     32     35      0      0      0      0      0      0   1512    210      3      2      0 
    1    239     65     69     96     24      0      0      0      0   1512   1410   1657      4      0 
    0     41     32     35      0      0      0      0      0      0   1512    210      3      2      0 
    1    235     65     69     96     24      0      0      0      0   1512   1410   1657      4      0 
    0     41     32     35      0      0      0      0      0      0   1512    210      3      2      0 
    1    235     64     67     95     24      0      0      0      0   1512   1410   1657      4      0 
# gpu    pwr  gtemp  mtemp     sm    mem    enc    dec    jpg    ofa   mclk   pclk     fb   bar1   ccpm 
# Idx      W      C      C      %      %      %      %      %      %    MHz    MHz     MB     MB     MB 
    0     41     32     35      0      0      0      0      0      0   1512    210      3      2      0 
    1    238     65     67     96     24      0      0      0      0   1512   1410   1657      4      0 
    0     41     32     35      0      0      0      0      0      0   1512    210      3      2      0 
    1    237     65     69     96     24      0      0      0      0   1512   1410   1657      4      0 
    0     41     32     35      0      0      0      0      0      0   1512    210      3      2      0 
    1    233     65     67     96     24      0      0      0      0   1512   1410   1657      4      0 
    0     41     32     35      0      0      0      0      0      0   1512    210      3      2      0 
    1    233     64     67     96     24      0      0      0      0   1512   1410   1657      4      0 
    0     41     32     35      0      0      0      0      0      0   1512    210      3      2      0 
    1    239     65     69     96     24      0      0      0      0   1512   1410   1657      4      0 
    0     41     32     35      0      0      0      0      0      0   1512    210      3      2      0 
    1    237     66     69     96     24      0      0      0      0   1512   1410   1657      4      0 
    0     42     32     35      0      0      0      0      0      0   1512    210      3      2      0 
    1    236     65     69     96     24      0      0      0      0   1512   1410   1657      4      0 
    0     41     32     35      0      0      0      0      0      0   1512    210      3      2      0 
    1    233     64     67     96     24      0      0      0      0   1512   1410   1657      4      0 
    0     42     32     35      0      0      0      0      0      0   1512    210      3      2      0 
    1    232     64     67     96     24      0      0      0      0   1512   1410   1657      4      0 
    0     41     32     35      0      0      0      0      0      0   1512    210      3      2      0 
    1    237     65     69     96     24      0      0      0      0   1512   1410   1657      4      0 
    0     41     32     35      0      0      0      0      0      0   1512    210      3      2      0 
    1    234     65     69     96     24      0      0      0      0   1512   1410   1657      4      0 
    0     41     32     35      0      0      0      0      0      0   1512    210      3      2      0 
    1    234     64     67     96     24      0      0      0      0   1512   1410   1657      4      0 
    0     41     32     35      0      0      0      0      0      0   1512    210      3      2      0 
    1    237     64     67     95     24      0      0      0      0   1512   1410   1657      4      0 
    0     42     32     35      0      0      0      0      0      0   1512    210      3      2      0 
    1    239     65     69     96     24      0      0      0      0   1512   1410   1657      4      0 
    0     42     32     35      0      0      0      0      0      0   1512    210      3      2      0 
    1    239     65     69     96     24      0      0      0      0   1512   1410   1657      4      0 
    0     41     32     35      0      0      0      0      0      0   1512    210      3      2      0 
    1    235     64     67     96     24      0      0      0      0   1512   1410   1657      4      0 
    0     41     32     35      0      0      0      0      0      0   1512    210      3      2      0 
    1    236     65     69     96     24      0      0      0      0   1512   1410   1657      4      0 
    0     41     32     35      0      0      0      0      0      0   1512    210      3      2      0 
    1    236     65     69     96     24      0      0      0      0   1512   1410   1657      4      0 
    0     41     32     35      0      0      0      0      0      0   1512    210      3      2      0 
    1    235     65     67     96     24      0      0      0      0   1512   1410   1657      4      0 
    0     41     32     35      0      0      0      0      0      0   1512    210      3      2      0 
    1    233     64     67     96     24      0      0      0      0   1512   1410   1657      4      0 
    0     41     32     35      0      0      0      0      0      0   1512    210      3      2      0 
    1    234     65     69     96     24      0      0      0      0   1512   1410   1657      4      0 
    0     41     32     35      0      0      0      0      0      0   1512    210      3      2      0 
    1    237     65     69     97     24      0      0      0      0   1512   1410   1657      4      0 
# gpu    pwr  gtemp  mtemp     sm    mem    enc    dec    jpg    ofa   mclk   pclk     fb   bar1   ccpm 
# Idx      W      C      C      %      %      %      %      %      %    MHz    MHz     MB     MB     MB 
    0     41     32     35      0      0      0      0      0      0   1512    210      3      2      0 
    1    237     65     67     96     24      0      0      0      0   1512   1410   1657      4      0 
    0     42     32     35      0      0      0      0      0      0   1512    210      3      2      0 
    1    234     64     67     96     24      0      0      0      0   1512   1410   1657      4      0 
    0     41     32     35      0      0      0      0      0      0   1512    210      3      2      0 
    1    235     65     69     96     24      0      0      0      0   1512   1410   1657      4      0 
    0     41     32     35      0      0      0      0      0      0   1512    210      3      2      0 
    1    238     65     69     96     24      0      0      0      0   1512   1410   1657      4      0 
    0     41     32     35      0      0      0      0      0      0   1512    210      3      2      0 
    1    235     65     67     96     24      0      0      0      0   1512   1410   1657      4      0 
    0     41     32     35      0      0      0      0      0      0   1512    210      3      2      0 
    1    238     64     67     96     24      0      0      0      0   1512   1410   1657      4      0 
    0     42     32     35      0      0      0      0      0      0   1512    210      3      2      0 
    1    232     65     67     96     24      0      0      0      0   1512   1410   1657      4      0 
    0     41     32     35      0      0      0      0      0      0   1512    210      3      2      0 
    1    235     65     69     96     24      0      0      0      0   1512   1410   1657      4      0 
    0     41     32     35      0      0      0      0      0      0   1512    210      3      2      0 
    1    233     65     67     96     24      0      0      0      0   1512   1410   1657      4      0 
    0     41     32     35      0      0      0      0      0      0   1512    210      3      2      0 
    1    237     64     67     96     24      0      0      0      0   1512   1410   1657      4      0 
    0     41     32     35      0      0      0      0      0      0   1512    210      3      2      0 
    1    234     65     69     96     24      0      0      0      0   1512   1410   1657      4      0 
    0     41     32     35      0      0      0      0      0      0   1512    210      3      2      0 
    1    235     65     69     96     24      0      0      0      0   1512   1410   1657      4      0 
    0     41     32     35      0      0      0      0      0      0   1512    210      3      2      0 
    1    234     65     67     96     24      0      0      0      0   1512   1410   1657      4      0 
    0     41     32     35      0      0      0      0      0      0   1512    210      3      2      0 
    1    234     64     67     96     24      0      0      0      0   1512   1410   1657      4      0 
    0     41     32     35      0      0      0      0      0      0   1512    210      3      2      0 
    1    236     65     69     96     24      0      0      0      0   1512   1410   1657      4      0 
    0     41     32     35      0      0      0      0      0      0   1512    210      3      2      0 
    1    238     65     69     96     24      0      0      0      0   1512   1410   1657      4      0 
    0     41     32     35      0      0      0      0      0      0   1512    210      3      2      0 
    1    242     65     67     96     24      0      0      0      0   1512   1410   1657      4      0 
    0     41     32     35      0      0      0      0      0      0   1512    210      3      2      0 
    1    232     64     67     96     24      0      0      0      0   1512   1410   1657      4      0 
    0     41     32     35      0      0      0      0      0      0   1512    210      3      2      0 
    1    243     65     69     96     24      0      0      0      0   1512   1410   1657      4      0 
    0     41     32     35      0      0      0      0      0      0   1512    210      3      2      0 
    1    233     65     69     96     24      0      0      0      0   1512   1410   1657      4      0 
    0     41     32     35      0      0      0      0      0      0   1512    210      3      2      0 
    1    238     65     67     96     24      0      0      0      0   1512   1410   1657      4      0 
    0     41     32     35      0      0      0      0      0      0   1512    210      3      2      0 
    1    233     64     67     96     24      0      0      0      0   1512   1410   1657      4      0 
# gpu    pwr  gtemp  mtemp     sm    mem    enc    dec    jpg    ofa   mclk   pclk     fb   bar1   ccpm 
# Idx      W      C      C      %      %      %      %      %      %    MHz    MHz     MB     MB     MB 
    0     41     32     35      0      0      0      0      0      0   1512    210      3      2      0 
    1    239     65     69     96     24      0      0      0      0   1512   1410   1657      4      0 
    0     41     32     35      0      0      0      0      0      0   1512    210      3      2      0 
    1    236     65     69     96     24      0      0      0      0   1512   1410   1657      4      0 
    0     42     32     35      0      0      0      0      0      0   1512    210      3      2      0 
    1    233     65     67     96     24      0      0      0      0   1512   1410   1657      4      0 
    0     41     32     35      0      0      0      0      0      0   1512    210      3      2      0 
    1    235     64     67     96     24      0      0      0      0   1512   1410   1657      4      0 
    0     40     32     35      0      0      0      0      0      0   1512    210      3      2      0 
    1    237     65     69     96     24      0      0      0      0   1512   1410   1657      4      0 
    0     41     32     35      0      0      0      0      0      0   1512    210      3      2      0 
    1    236     65     69     96     24      0      0      0      0   1512   1410   1657      4      0 
    0     41     32     35      0      0      0      0      0      0   1512    210      3      2      0 
    1    232     64     67     96     24      0      0      0      0   1512   1410   1657      4      0 
    0     41     32     35      0      0      0      0      0      0   1512    210      3      2      0 
    1    239     65     67     96     24      0      0      0      0   1512   1410   1657      4      0 
    0     41     32     35      0      0      0      0      0      0   1512    210      3      2      0 
    1    236     65     69     96     24      0      0      0      0   1512   1410   1657      4      0 
    0     41     32     35      0      0      0      0      0      0   1512    210      3      2      0 
    1    238     65     69     96     24      0      0      0      0   1512   1410   1657      4      0 
    0     41     32     35      0      0      0      0      0      0   1512    210      3      2      0 
    1    233     64     67     96     24      0      0      0      0   1512   1410   1657      4      0 
    0     41     32     35      0      0      0      0      0      0   1512    210      3      2      0 
    1    239     65     69     96     24      0      0      0      0   1512   1410   1657      4      0 
    0     41     32     35      0      0      0      0      0      0   1512    210      3      2      0 
    1    235     65     69     96     24      0      0      0      0   1512   1410   1657      4      0 
    0     41     32     35      0      0      0      0      0      0   1512    210      3      2      0 
    1    233     64     67     96     24      0      0      0      0   1512   1410   1657      4      0 
    0     41     32     35      0      0      0      0      0      0   1512    210      3      2      0 
    1    232     65     67     96     24      0      0      0      0   1512   1410   1657      4      0 
    0     41     32     35      0      0      0      0      0      0   1512    210      3      2      0 
    1    238     65     69     96     24      0      0      0      0   1512   1410   1657      4      0 
    0     41     32     35      0      0      0      0      0      0   1512    210      3      2      0 
    1    237     65     69     96     24      0      0      0      0   1512   1410   1657      4      0 
    0     41     32     35      0      0      0      0      0      0   1512    210      3      2      0 
    1    234     64     67     97     24      0      0      0      0   1512   1410   1657      4      0 
    0     41     32     35      0      0      0      0      0      0   1512    210      3      2      0 
    1    239     65     67     96     24      0      0      0      0   1512   1410   1657      4      0 
    0     41     32     35      0      0      0      0      0      0   1512    210      3      2      0 
    1    238     65     69     96     24      0      0      0      0   1512   1410   1657      4      0 
    0     41     32     35      0      0      0      0      0      0   1512    210      3      2      0 
    1    235     65     69     96     24      0      0      0      0   1512   1410   1657      4      0 
    0     41     32     35      0      0      0      0      0      0   1512    210      3      2      0 
    1    235     64     67     96     24      0      0      0      0   1512   1410   1657      4      0 
# gpu    pwr  gtemp  mtemp     sm    mem    enc    dec    jpg    ofa   mclk   pclk     fb   bar1   ccpm 
# Idx      W      C      C      %      %      %      %      %      %    MHz    MHz     MB     MB     MB 
    0     41     32     35      0      0      0      0      0      0   1512    210      3      2      0 
    1    237     65     67     96     24      0      0      0      0   1512   1410   1657      4      0 
    0     41     32     35      0      0      0      0      0      0   1512    210      3      2      0 
    1    235     65     69     96     24      0      0      0      0   1512   1410   1657      4      0 
    0     41     32     35      0      0      0      0      0      0   1512    210      3      2      0 
    1    238     65     69     96     24      0      0      0      0   1512   1410   1657      4      0 
    0     42     32     35      0      0      0      0      0      0   1512    210      3      2      0 
    1    236     64     67     96     24      0      0      0      0   1512   1410   1657      4      0 
    0     41     32     35      0      0      0      0      0      0   1512    210      3      2      0 
    1    225     65     69     96     24      0      0      0      0   1512   1410   1657      4      0 
    0     41     32     35      0      0      0      0      0      0   1512    210      3      2      0 
    1    233     65     69     96     24      0      0      0      0   1512   1410   1657      4      0 
    0     41     32     35      0      0      0      0      0      0   1512    210      3      2      0 
    1    233     65     67     96     24      0      0      0      0   1512   1410   1657      4      0 
    0     41     32     35      0      0      0      0      0      0   1512    210      3      2      0 
    1    234     64     67     96     24      0      0      0      0   1512   1410   1657      4      0 
    0     41     32     35      0      0      0      0      0      0   1512    210      3      2      0 
    1    236     65     69     96     24      0      0      0      0   1512   1410   1657      4      0 
    0     41     32     35      0      0      0      0      0      0   1512    210      3      2      0 
    1    238     65     69     96     24      0      0      0      0   1512   1410   1657      4      0 
    0     41     32     35      0      0      0      0      0      0   1512    210      3      2      0 
    1    234     65     67     96     24      0      0      0      0   1512   1410   1657      4      0 
    0     41     32     35      0      0      0      0      0      0   1512    210      3      2      0 
    1    235     64     67     96     24      0      0      0      0   1512   1410   1657      4      0 
    0     42     32     35      0      0      0      0      0      0   1512    210      3      2      0 
    1    238     65     69     96     24      0      0      0      0   1512   1410   1657      4      0 
    0     41     32     35      0      0      0      0      0      0   1512    210      3      2      0 
    1    237     65     69     96     24      0      0      0      0   1512   1410   1657      4      0 
    0     41     32     35      0      0      0      0      0      0   1512    210      3      2      0 
    1    238     64     67     96     24      0      0      0      0   1512   1410   1657      4      0 
    0     41     32     35      0      0      0      0      0      0   1512    210      3      2      0 
    1    237     65     67     96     24      0      0      0      0   1512   1410   1657      4      0 
    0     41     32     35      0      0      0      0      0      0   1512    210      3      2      0 
    1    235     65     69     96     24      0      0      0      0   1512   1410   1657      4      0 
    0     42     32     35      0      0      0      0      0      0   1512    210      3      2      0 
    1    237     65     69     96     24      0      0      0      0   1512   1410   1657      4      0 
    0     41     32     35      0      0      0      0      0      0   1512    210      3      2      0 
    1    233     64     67     96     24      0      0      0      0   1512   1410   1657      4      0 
    0     41     32     35      0      0      0      0      0      0   1512    210      3      2      0 
    1    237     65     69     96     24      0      0      0      0   1512   1410   1657      4      0 
    0     41     32     35      0      0      0      0      0      0   1512    210      3      2      0 
    1    237     66     69     96     24      0      0      0      0   1512   1410   1657      4      0 
    0     41     32     35      0      0      0      0      0      0   1512    210      3      2      0 
    1    235     65     69     96     24      0      0      0      0   1512   1410   1657      4      0 
# gpu    pwr  gtemp  mtemp     sm    mem    enc    dec    jpg    ofa   mclk   pclk     fb   bar1   ccpm 
# Idx      W      C      C      %      %      %      %      %      %    MHz    MHz     MB     MB     MB 
    0     41     32     35      0      0      0      0      0      0   1512    210      3      2      0 
    1    234     64     67     96     24      0      0      0      0   1512   1410   1657      4      0 
    0     41     32     35      0      0      0      0      0      0   1512    210      3      2      0 
    1    230     64     67     96     24      0      0      0      0   1512   1410   1657      4      0 
    0     41     32     35      0      0      0      0      0      0   1512    210      3      2      0 
    1    233     65     69     96     24      0      0      0      0   1512   1410   1657      4      0 
    0     42     32     35      0      0      0      0      0      0   1512    210      3      2      0 
    1    237     65     69     96     24      0      0      0      0   1512   1410   1657      4      0 
    0     41     32     35      0      0      0      0      0      0   1512    210      3      2      0 
    1    237     65     67     96     24      0      0      0      0   1512   1410   1657      4      0 
    0     41     32     35      0      0      0      0      0      0   1512    210      3      2      0 
    1    236     64     67     96     24      0      0      0      0   1512   1410   1657      4      0 
    0     41     32     35      0      0      0      0      0      0   1512    210      3      2      0 
    1    234     65     69     96     24      0      0      0      0   1512   1410   1657      4      0 
    0     41     32     35      0      0      0      0      0      0   1512    210      3      2      0 
    1    234     65     69     96     24      0      0      0      0   1512   1410   1657      4      0 
    0     41     32     35      0      0      0      0      0      0   1512    210      3      2      0 
    1    236     64     67     95     24      0      0      0      0   1512   1410   1657      4      0 
    0     41     32     35      0      0      0      0      0      0   1512    210      3      2      0 
    1    239     64     67     96     24      0      0      0      0   1512   1410   1657      4      0 
    0     41     32     35      0      0      0      0      0      0   1512    210      3      2      0 
    1    234     65     69     96     24      0      0      0      0   1512   1410   1657      4      0 
    0     42     32     35      0      0      0      0      0      0   1512    210      3      2      0 
    1    238     65     69     96     24      0      0      0      0   1512   1410   1657      4      0 
    0     41     32     35      0      0      0      0      0      0   1512    210      3      2      0 
    1    234     64     67     96     24      0      0      0      0   1512   1410   1657      4      0 
    0     41     32     35      0      0      0      0      0      0   1512    210      3      2      0 
    1    236     64     67     96     24      0      0      0      0   1512   1410   1657      4      0 
    0     41     32     35      0      0      0      0      0      0   1512    210      3      2      0 
    1    234     65     69     96     24      0      0      0      0   1512   1410   1657      4      0 
    0     41     32     35      0      0      0      0      0      0   1512    210      3      2      0 
    1    235     65     69     96     24      0      0      0      0   1512   1410   1657      4      0 
    0     41     32     35      0      0      0      0      0      0   1512    210      3      2      0 
    1    232     64     67     96     24      0      0      0      0   1512   1410   1657      4      0 
    0     41     32     35      0      0      0      0      0      0   1512    210      3      2      0 
    1    234     65     67     96     24      0      0      0      0   1512   1410   1657      4      0 
    0     41     32     35      0      0      0      0      0      0   1512    210      3      2      0 
    1    237     65     69     96     24      0      0      0      0   1512   1410   1657      4      0 
    0     42     32     35      0      0      0      0      0      0   1512    210      3      2      0 
    1    238     65     69     96     24      0      0      0      0   1512   1410   1657      4      0 
    0     40     32     35      0      0      0      0      0      0   1512    210      3      2      0 
    1    236     64     67     96     24      0      0      0      0   1512   1410   1657      4      0 
    0     41     32     35      0      0      0      0      0      0   1512    210      3      2      0 
    1    236     65     67     96     24      0      0      0      0   1512   1410   1657      4      0 
# gpu    pwr  gtemp  mtemp     sm    mem    enc    dec    jpg    ofa   mclk   pclk     fb   bar1   ccpm 
# Idx      W      C      C      %      %      %      %      %      %    MHz    MHz     MB     MB     MB 
    0     42     32     35      0      0      0      0      0      0   1512    210      3      2      0 
    1    237     65     69     96     24      0      0      0      0   1512   1410   1657      4      0 
    0     41     32     35      0      0      0      0      0      0   1512    210      3      2      0 
    1    234     65     69     96     24      0      0      0      0   1512   1410   1657      4      0 
    0     41     32     35      0      0      0      0      0      0   1512    210      3      2      0 
    1    235     64     67     96     24      0      0      0      0   1512   1410   1657      4      0 
    0     41     32     35      0      0      0      0      0      0   1512    210      3      2      0 
    1    236     65     69     96     24      0      0      0      0   1512   1410   1657      4      0 
    0     41     32     35      0      0      0      0      0      0   1512    210      3      2      0 
    1    237     65     69     96     24      0      0      0      0   1512   1410   1657      4      0 
    0     42     32     35      0      0      0      0      0      0   1512    210      3      2      0 
    1    233     65     67     96     24      0      0      0      0   1512   1410   1657      4      0 
    0     41     32     35      0      0      0      0      0      0   1512    210      3      2      0 
    1    235     64     67     96     24      0      0      0      0   1512   1410   1657      4      0 
    0     42     32     35      0      0      0      0      0      0   1512    210      3      2      0 
    1    235     65     69     96     24      0      0      0      0   1512   1410   1657      4      0 
    0     41     32     35      0      0      0      0      0      0   1512    210      3      2      0 
    1    239     65     69     97     24      0      0      0      0   1512   1410   1657      4      0 
    0     42     32     35      0      0      0      0      0      0   1512    210      3      2      0 
    1    239     64     67     97     24      0      0      0      0   1512   1410   1657      4      0 
    0     41     32     35      0      0      0      0      0      0   1512    210      3      2      0 
    1    238     64     67     96     24      0      0      0      0   1512   1410   1657      4      0 
    0     41     32     35      0      0      0      0      0      0   1512    210      3      2      0 
    1    235     65     69     96     24      0      0      0      0   1512   1410   1657      4      0 
    0     41     32     35      0      0      0      0      0      0   1512    210      3      2      0 
    1    240     65     69     95     24      0      0      0      0   1512   1410   1657      4      0 
    0     41     32     35      0      0      0      0      0      0   1512    210      3      2      0 
    1    240     65     67     96     24      0      0      0      0   1512   1410   1657      4      0 
    0     41     32     35      0      0      0      0      0      0   1512    210      3      2      0 
    1    236     64     67     96     24      0      0      0      0   1512   1410   1657      4      0 
    0     42     32     35      0      0      0      0      0      0   1512    210      3      2      0 
    1    235     65     69     96     24      0      0      0      0   1512   1410   1657      4      0 
    0     41     32     35      0      0      0      0      0      0   1512    210      3      2      0 
    1    237     65     69     96     24      0      0      0      0   1512   1410   1657      4      0 
    0     42     32     35      0      0      0      0      0      0   1512    210      3      2      0 
    1    241     64     67     96     24      0      0      0      0   1512   1410   1657      4      0 
    0     42     32     35      0      0      0      0      0      0   1512    210      3      2      0 
    1    238     65     67     96     24      0      0      0      0   1512   1410   1657      4      0 
    0     41     32     35      0      0      0      0      0      0   1512    210      3      2      0 
    1    233     65     69     96     24      0      0      0      0   1512   1410   1657      4      0 
    0     41     32     35      0      0      0      0      0      0   1512    210      3      2      0 
    1    238     65     69     96     24      0      0      0      0   1512   1410   1657      4      0 
    0     41     32     35      0      0      0      0      0      0   1512    210      3      2      0 
    1    238     64     67     96     24      0      0      0      0   1512   1410   1657      4      0 
# gpu    pwr  gtemp  mtemp     sm    mem    enc    dec    jpg    ofa   mclk   pclk     fb   bar1   ccpm 
# Idx      W      C      C      %      %      %      %      %      %    MHz    MHz     MB     MB     MB 
    0     41     32     35      0      0      0      0      0      0   1512    210      3      2      0 
    1    237     64     67     96     24      0      0      0      0   1512   1410   1657      4      0 
    0     42     32     35      0      0      0      0      0      0   1512    210      3      2      0 
    1    243     65     69     96     24      0      0      0      0   1512   1410   1657      4      0 
    0     41     32     35      0      0      0      0      0      0   1512    210      3      2      0 
    1    235     65     69     96     24      0      0      0      0   1512   1410   1657      4      0 
    0     41     32     35      0      0      0      0      0      0   1512    210      3      2      0 
    1    237     64     67     96     24      0      0      0      0   1512   1410   1657      4      0 
    0     41     32     35      0      0      0      0      0      0   1512    210      3      2      0 
    1    231     65     67     96     24      0      0      0      0   1512   1410   1657      4      0 
    0     41     32     35      0      0      0      0      0      0   1512    210      3      2      0 
    1    237     65     69     96     24      0      0      0      0   1512   1410   1657      4      0 
    0     42     32     35      0      0      0      0      0      0   1512    210      3      2      0 
    1    236     65     67     96     24      0      0      0      0   1512   1410   1657      4      0 
    0     41     32     35      0      0      0      0      0      0   1512    210      3      2      0 
    1    236     64     67     96     24      0      0      0      0   1512   1410   1657      4      0 
    0     41     32     35      0      0      0      0      0      0   1512    210      3      2      0 
    1    239     65     69     96     24      0      0      0      0   1512   1410   1657      4      0 
    0     41     32     35      0      0      0      0      0      0   1512    210      3      2      0 
    1    241     65     69     95     24      0      0      0      0   1512   1410   1657      4      0 
    0     41     32     35      0      0      0      0      0      0   1512    210      3      2      0 
    1    233     65     67     96     24      0      0      0      0   1512   1410   1657      4      0 
    0     41     32     35      0      0      0      0      0      0   1512    210      3      2      0 
    1    239     64     67     96     24      0      0      0      0   1512   1410   1657      4      0 
    0     41     32     35      0      0      0      0      0      0   1512    210      3      2      0 
    1    235     65     69     96     24      0      0      0      0   1512   1410   1657      4      0 
    0     41     32     35      0      0      0      0      0      0   1512    210      3      2      0 
    1    237     65     69     96     24      0      0      0      0   1512   1410   1657      4      0 
    0     41     32     35      0      0      0      0      0      0   1512    210      3      2      0 
    1    237     64     67     96     24      0      0      0      0   1512   1410   1657      4      0 
    0     41     32     35      0      0      0      0      0      0   1512    210      3      2      0 
    1    239     64     67     96     24      0      0      0      0   1512   1410   1657      4      0 
    0     41     32     35      0      0      0      0      0      0   1512    210      3      2      0 
    1    237     65     69     96     24      0      0      0      0   1512   1410   1657      4      0 
    0     41     32     35      0      0      0      0      0      0   1512    210      3      2      0 
    1    234     65     69     96     24      0      0      0      0   1512   1410   1657      4      0 
    0     41     32     35      0      0      0      0      0      0   1512    210      3      2      0 
    1    232     65     67     96     24      0      0      0      0   1512   1410   1657      4      0 
    0     41     32     35      0      0      0      0      0      0   1512    210      3      2      0 
    1    237     64     67     96     24      0      0      0      0   1512   1410   1657      4      0 
    0     41     32     35      0      0      0      0      0      0   1512    210      3      2      0 
    1    233     65     69     96     24      0      0      0      0   1512   1410   1657      4      0 
    0     41     32     35      0      0      0      0      0      0   1512    210      3      2      0 
    1    238     65     69     96     24      0      0      0      0   1512   1410   1657      4      0 
# gpu    pwr  gtemp  mtemp     sm    mem    enc    dec    jpg    ofa   mclk   pclk     fb   bar1   ccpm 
# Idx      W      C      C      %      %      %      %      %      %    MHz    MHz     MB     MB     MB 
    0     41     32     35      0      0      0      0      0      0   1512    210      3      2      0 
    1    237     65     69     96     24      0      0      0      0   1512   1410   1657      4      0 
    0     41     32     35      0      0      0      0      0      0   1512    210      3      2      0 
    1    233     64     67     96     24      0      0      0      0   1512   1410   1657      4      0 
    0     41     32     35      0      0      0      0      0      0   1512    210      3      2      0 
    1    232     65     67     96     24      0      0      0      0   1512   1410   1657      4      0 
    0     41     32     35      0      0      0      0      0      0   1512    210      3      2      0 
    1    235     65     69     96     24      0      0      0      0   1512   1410   1657      4      0 
    0     41     32     35      0      0      0      0      0      0   1512    210      3      2      0 
    1    234     65     67     96     24      0      0      0      0   1512   1410   1657      4      0 
    0     41     32     35      0      0      0      0      0      0   1512    210      3      2      0 
    1    233     64     67     96     24      0      0      0      0   1512   1410   1657      4      0 
    0     41     32     35      0      0      0      0      0      0   1512    210      3      2      0 
    1    235     65     69     96     24      0      0      0      0   1512   1410   1657      4      0 
    0     41     32     35      0      0      0      0      0      0   1512    210      3      2      0 
    1    232     65     69     96     24      0      0      0      0   1512   1410   1657      4      0 
    0     42     32     35      0      0      0      0      0      0   1512    210      3      2      0 
    1    239     65     67     96     24      0      0      0      0   1512   1410   1657      4      0 
    0     41     32     35      0      0      0      0      0      0   1512    210      3      2      0 
    1    237     64     67     96     24      0      0      0      0   1512   1410   1657      4      0 
    0     41     32     35      0      0      0      0      0      0   1512    210      3      2      0 
    1    238     65     69     96     24      0      0      0      0   1512   1410   1657      4      0 
    0     41     32     35      0      0      0      0      0      0   1512    210      3      2      0 
    1    235     65     69     96     24      0      0      0      0   1512   1410   1657      4      0 
    0     41     32     35      0      0      0      0      0      0   1512    210      3      2      0 
    1    237     64     67     96     24      0      0      0      0   1512   1410   1657      4      0 
    0     42     32     35      0      0      0      0      0      0   1512    210      3      2      0 
    1    237     64     67     96     24      0      0      0      0   1512   1410   1657      4      0 
    0     41     32     35      0      0      0      0      0      0   1512    210      3      2      0 
    1    240     65     69     96     24      0      0      0      0   1512   1410   1657      4      0 
    0     41     32     35      0      0      0      0      0      0   1512    210      3      2      0 
    1    237     65     67     96     24      0      0      0      0   1512   1410   1657      4      0 
    0     42     32     35      0      0      0      0      0      0   1512    210      3      2      0 
    1    236     64     67     96     24      0      0      0      0   1512   1410   1657      4      0 
    0     41     32     35      0      0      0      0      0      0   1512    210      3      2      0 
    1    240     65     69     96     24      0      0      0      0   1512   1410   1657      4      0 
    0     41     32     35      0      0      0      0      0      0   1512    210      3      2      0 
    1    232     65     69     96     24      0      0      0      0   1512   1410   1657      4      0 
    0     42     32     35      0      0      0      0      0      0   1512    210      3      2      0 
    1    232     65     67     96     24      0      0      0      0   1512   1410   1657      4      0 
    0     41     32     35      0      0      0      0      0      0   1512    210      3      2      0 
    1    240     64     67     96     24      0      0      0      0   1512   1410   1657      4      0 
    0     41     32     35      0      0      0      0      0      0   1512    210      3      2      0 
    1    237     65     67     96     24      0      0      0      0   1512   1410   1657      4      0 
# gpu    pwr  gtemp  mtemp     sm    mem    enc    dec    jpg    ofa   mclk   pclk     fb   bar1   ccpm 
# Idx      W      C      C      %      %      %      %      %      %    MHz    MHz     MB     MB     MB 
    0     41     32     35      0      0      0      0      0      0   1512    210      3      2      0 
    1    241     65     69     96     24      0      0      0      0   1512   1410   1657      4      0 
    0     41     32     35      0      0      0      0      0      0   1512    210      3      2      0 
    1    238     65     69     96     24      0      0      0      0   1512   1410   1657      4      0 
    0     41     32     35      0      0      0      0      0      0   1512    210      3      2      0 
    1    238     64     67     97     24      0      0      0      0   1512   1410   1657      4      0 
    0     42     32     35      0      0      0      0      0      0   1512    210      3      2      0 
    1    237     65     69     96     24      0      0      0      0   1512   1410   1657      4      0 
    0     41     32     35      0      0      0      0      0      0   1512    210      3      2      0 
    1    234     65     69     96     24      0      0      0      0   1512   1410   1657      4      0 
    0     41     32     35      0      0      0      0      0      0   1512    210      3      2      0 
    1    236     65     67     96     24      0      0      0      0   1512   1410   1657      4      0 
    0     41     32     35      0      0      0      0      0      0   1512    210      3      2      0 
    1    235     64     67     96     24      0      0      0      0   1512   1410   1657      4      0 
    0     41     32     35      0      0      0      0      0      0   1512    210      3      2      0 
    1    238     65     69     96     24      0      0      0      0   1512   1410   1657      4      0 
    0     40     32     35      0      0      0      0      0      0   1512    210      3      2      0 
    1    236     65     69     96     24      0      0      0      0   1512   1410   1657      4      0 
    0     41     32     35      0      0      0      0      0      0   1512    210      3      2      0 
    1    234     64     67     96     24      0      0      0      0   1512   1410   1657      4      0 
    0     42     32     35      0      0      0      0      0      0   1512    210      3      2      0 
    1    233     64     67     96     24      0      0      0      0   1512   1410   1657      4      0 
    0     40     32     35      0      0      0      0      0      0   1512    210      3      2      0 
    1    234     65     69     96     24      0      0      0      0   1512   1410   1657      4      0 
    0     41     32     35      0      0      0      0      0      0   1512    210      3      2      0 
    1    237     65     69     96     24      0      0      0      0   1512   1410   1657      4      0 
    0     41     32     35      0      0      0      0      0      0   1512    210      3      2      0 
    1    240     64     67     96     24      0      0      0      0   1512   1410   1657      4      0 
    0     41     32     35      0      0      0      0      0      0   1512    210      3      2      0 
    1    237     65     69     96     24      0      0      0      0   1512   1410   1657      4      0 
    0     41     32     35      0      0      0      0      0      0   1512    210      3      2      0 
    1    238     65     69     96     24      0      0      0      0   1512   1410   1657      4      0 
    0     41     32     35      0      0      0      0      0      0   1512    210      3      2      0 
    1    238     65     69     96     24      0      0      0      0   1512   1410   1657      4      0 
    0     41     32     35      0      0      0      0      0      0   1512    210      3      2      0 
    1    234     64     67     96     24      0      0      0      0   1512   1410   1657      4      0 
    0     41     32     35      0      0      0      0      0      0   1512    210      3      2      0 
    1    237     65     69     96     24      0      0      0      0   1512   1410   1657      4      0 
    0     42     32     35      0      0      0      0      0      0   1512    210      3      2      0 
    1    238     65     69     96     24      0      0      0      0   1512   1410   1657      4      0 
    0     41     32     35      0      0      0      0      0      0   1512    210      3      2      0 
    1    235     65     67     96     24      0      0      0      0   1512   1410   1657      4      0 
    0     42     32     35      0      0      0      0      0      0   1512    210      3      2      0 
    1    236     64     67     96     24      0      0      0      0   1512   1410   1657      4      0 
# gpu    pwr  gtemp  mtemp     sm    mem    enc    dec    jpg    ofa   mclk   pclk     fb   bar1   ccpm 
# Idx      W      C      C      %      %      %      %      %      %    MHz    MHz     MB     MB     MB 
    0     41     32     35      0      0      0      0      0      0   1512    210      3      2      0 
    1    238     65     69     96     24      0      0      0      0   1512   1410   1657      4      0 
    0     41     32     35      0      0      0      0      0      0   1512    210      3      2      0 
    1    237     65     69     96     24      0      0      0      0   1512   1410   1657      4      0 
    0     41     32     35      0      0      0      0      0      0   1512    210      3      2      0 
    1    237     64     67     96     24      0      0      0      0   1512   1410   1657      4      0 
    0     41     32     35      0      0      0      0      0      0   1512    210      3      2      0 
    1    236     64     67     96     24      0      0      0      0   1512   1410   1657      4      0 
    0     42     32     35      0      0      0      0      0      0   1512    210      3      2      0 
    1    239     65     69     96     24      0      0      0      0   1512   1410   1657      4      0 
    0     41     32     35      0      0      0      0      0      0   1512    210      3      2      0 
    1    237     65     69     96     24      0      0      0      0   1512   1410   1657      4      0 
    0     42     32     35      0      0      0      0      0      0   1512    210      3      2      0 
    1    233     64     67     96     24      0      0      0      0   1512   1410   1657      4      0 
    0     41     32     35      0      0      0      0      0      0   1512    210      3      2      0 
    1    237     65     67     96     24      0      0      0      0   1512   1410   1657      4      0 
    0     41     32     35      0      0      0      0      0      0   1512    210      3      2      0 
    1    236     65     69     96     24      0      0      0      0   1512   1410   1657      4      0 
    0     42     32     35      0      0      0      0      0      0   1512    210      3      2      0 
    1    235     65     67     96     24      0      0      0      0   1512   1410   1657      4      0 
    0     41     32     35      0      0      0      0      0      0   1512    210      3      2      0 
    1    232     64     67     96     24      0      0      0      0   1512   1410   1657      4      0 
    0     41     32     35      0      0      0      0      0      0   1512    210      3      2      0 
    1    237     65     69     96     24      0      0      0      0   1512   1410   1657      4      0 
    0     42     32     35      0      0      0      0      0      0   1512    210      3      2      0 
    1    237     65     69     96     24      0      0      0      0   1512   1410   1657      4      0 
    0     41     32     35      0      0      0      0      0      0   1512    210      3      2      0 
    1    234     64     67     96     24      0      0      0      0   1512   1410   1657      4      0 
    0     41     32     35      0      0      0      0      0      0   1512    210      3      2      0 
    1    236     65     67     95     24      0      0      0      0   1512   1410   1657      4      0 
    0     41     32     35      0      0      0      0      0      0   1512    210      3      2      0 
    1    232     65     69     96     24      0      0      0      0   1512   1410   1657      4      0 
    0     41     32     35      0      0      0      0      0      0   1512    210      3      2      0 
    1    237     65     69     96     24      0      0      0      0   1512   1410   1657      4      0 
    0     42     32     35      0      0      0      0      0      0   1512    210      3      2      0 
    1    236     64     67     96     24      0      0      0      0   1512   1410   1657      4      0 
    0     41     32     35      0      0      0      0      0      0   1512    210      3      2      0 
    1    236     65     69     96     24      0      0      0      0   1512   1410   1657      4      0 
    0     41     32     35      0      0      0      0      0      0   1512    210      3      2      0 
    1    240     65     69     96     24      0      0      0      0   1512   1410   1657      4      0 
    0     41     32     35      0      0      0      0      0      0   1512    210      3      2      0 
    1    233     65     67     96     24      0      0      0      0   1512   1410   1657      4      0 
    0     41     32     35      0      0      0      0      0      0   1512    210      3      2      0 
    1    235     64     67     96     24      0      0      0      0   1512   1410   1657      4      0 
# gpu    pwr  gtemp  mtemp     sm    mem    enc    dec    jpg    ofa   mclk   pclk     fb   bar1   ccpm 
# Idx      W      C      C      %      %      %      %      %      %    MHz    MHz     MB     MB     MB 
    0     41     32     35      0      0      0      0      0      0   1512    210      3      2      0 
    1    237     65     69     96     24      0      0      0      0   1512   1410   1657      4      0 
    0     41     32     35      0      0      0      0      0      0   1512    210      3      2      0 
    1    237     65     69     96     24      0      0      0      0   1512   1410   1657      4      0 
    0     41     32     35      0      0      0      0      0      0   1512    210      3      2      0 
    1    235     64     67     96     24      0      0      0      0   1512   1410   1657      4      0 
    0     41     32     35      0      0      0      0      0      0   1512    210      3      2      0 
    1    238     65     67     96     24      0      0      0      0   1512   1410   1657      4      0 
    0     41     32     35      0      0      0      0      0      0   1512    210      3      2      0 
    1    232     65     69     96     24      0      0      0      0   1512   1410   1657      4      0 
    0     41     32     35      0      0      0      0      0      0   1512    210      3      2      0 
    1    236     65     69     96     24      0      0      0      0   1512   1410   1657      4      0 
    0     41     32     35      0      0      0      0      0      0   1512    210      3      2      0 
    1    237     64     67     96     24      0      0      0      0   1512   1410   1657      4      0 
    0     41     32     35      0      0      0      0      0      0   1512    210      3      2      0 
    1    237     65     67     96     24      0      0      0      0   1512   1410   1657      4      0 
    0     41     32     35      0      0      0      0      0      0   1512    210      3      2      0 
    1    238     65     69     95     24      0      0      0      0   1512   1410   1657      4      0 
    0     41     32     35      0      0      0      0      0      0   1512    210      3      2      0 
    1    237     65     69     96     24      0      0      0      0   1512   1410   1657      4      0 
    0     41     32     35      0      0      0      0      0      0   1512    210      3      2      0 
    1    234     64     67     96     24      0      0      0      0   1512   1410   1657      4      0 
    0     41     32     35      0      0      0      0      0      0   1512    210      3      2      0 
    1    231     65     69     96     24      0      0      0      0   1512   1410   1657      4      0 
    0     41     32     35      0      0      0      0      0      0   1512    210      3      2      0 
    1    237     65     69     96     24      0      0      0      0   1512   1410   1657      4      0 
    0     41     32     35      0      0      0      0      0      0   1512    210      3      2      0 
    1    235     65     69     96     24      0      0      0      0   1512   1410   1657      4      0 
    0     42     32     35      0      0      0      0      0      0   1512    210      3      2      0 
    1    235     64     67     96     24      0      0      0      0   1512   1410   1657      4      0 
    0     41     32     35      0      0      0      0      0      0   1512    210      3      2      0 
    1    234     64     67     96     24      0      0      0      0   1512   1410   1657      4      0 
    0     41     32     35      0      0      0      0      0      0   1512    210      3      2      0 
    1    234     65     69     96     24      0      0      0      0   1512   1410   1657      4      0 
    0     42     32     35      0      0      0      0      0      0   1512    210      3      2      0 
    1    235     65     69     96     24      0      0      0      0   1512   1410   1657      4      0 
    0     41     32     35      0      0      0      0      0      0   1512    210      3      2      0 
    1    237     64     67     96     24      0      0      0      0   1512   1410   1657      4      0 
    0     41     32     35      0      0      0      0      0      0   1512    210      3      2      0 
    1    234     65     67     96     24      0      0      0      0   1512   1410   1657      4      0 
    0     41     32     35      0      0      0      0      0      0   1512    210      3      2      0 
    1    238     66     69     96     24      0      0      0      0   1512   1410   1657      4      0 
    0     42     32     35      0      0      0      0      0      0   1512    210      3      2      0 
    1    237     65     69     96     24      0      0      0      0   1512   1410   1657      4      0 
# gpu    pwr  gtemp  mtemp     sm    mem    enc    dec    jpg    ofa   mclk   pclk     fb   bar1   ccpm 
# Idx      W      C      C      %      %      %      %      %      %    MHz    MHz     MB     MB     MB 
    0     41     32     35      0      0      0      0      0      0   1512    210      3      2      0 
    1    229     64     67     96     24      0      0      0      0   1512   1410   1657      4      0 
    0     41     32     35      0      0      0      0      0      0   1512    210      3      2      0 
    1    234     64     67     96     24      0      0      0      0   1512   1410   1657      4      0 
    0     42     32     35      0      0      0      0      0      0   1512    210      3      2      0 
    1    237     65     69     95     24      0      0      0      0   1512   1410   1657      4      0 
    0     41     32     35      0      0      0      0      0      0   1512    210      3      2      0 
    1    238     65     69     96     24      0      0      0      0   1512   1410   1657      4      0 
    0     41     32     35      0      0      0      0      0      0   1512    210      3      2      0 
    1    238     64     67     97     24      0      0      0      0   1512   1410   1657      4      0 
    0     41     32     35      0      0      0      0      0      0   1512    210      3      2      0 
    1    233     65     67     96     24      0      0      0      0   1512   1410   1657      4      0 
    0     41     32     35      0      0      0      0      0      0   1512    210      3      2      0 
    1    236     65     69     96     24      0      0      0      0   1512   1410   1657      4      0 
    0     42     32     35      0      0      0      0      0      0   1512    210      3      2      0 
    1    238     65     69     96     24      0      0      0      0   1512   1410   1657      4      0 
    0     42     32     35      0      0      0      0      0      0   1512    210      3      2      0 
    1    240     64     67     96     24      0      0      0      0   1512   1410   1657      4      0 
    0     41     32     35      0      0      0      0      0      0   1512    210      3      2      0 
    1    235     65     67     96     24      0      0      0      0   1512   1410   1657      4      0 
    0     41     32     35      0      0      0      0      0      0   1512    210      3      2      0 
    1    234     65     69     96     24      0      0      0      0   1512   1410   1657      4      0 
    0     41     32     35      0      0      0      0      0      0   1512    210      3      2      0 
    1    238     65     67     96     24      0      0      0      0   1512   1410   1657      4      0 
    0     41     32     35      0      0      0      0      0      0   1512    210      3      2      0 
    1    237     64     67     96     24      0      0      0      0   1512   1410   1657      4      0 
    0     41     32     35      0      0      0      0      0      0   1512    210      3      2      0 
    1    235     65     69     96     24      0      0      0      0   1512   1410   1657      4      0 
    0     41     32     35      0      0      0      0      0      0   1512    210      3      2      0 
    1    235     65     69     96     24      0      0      0      0   1512   1410   1657      4      0 
    0     40     32     35      0      0      0      0      0      0   1512    210      3      2      0 
    1    239     65     67     96     24      0      0      0      0   1512   1410   1657      4      0 
    0     41     32     35      0      0      0      0      0      0   1512    210      3      2      0 
    1    235     64     67     96     24      0      0      0      0   1512   1410   1657      4      0 
    0     42     32     35      0      0      0      0      0      0   1512    210      3      2      0 
    1    238     65     69     96     24      0      0      0      0   1512   1410   1657      4      0 
    0     41     32     35      0      0      0      0      0      0   1512    210      3      2      0 
    1    236     65     69     96     24      0      0      0      0   1512   1410   1657      4      0 
    0     41     32     35      0      0      0      0      0      0   1512    210      3      2      0 
    1    238     65     69     96     24      0      0      0      0   1512   1410   1657      4      0 
    0     41     32     35      0      0      0      0      0      0   1512    210      3      2      0 
    1    237     64     67     96     24      0      0      0      0   1512   1410   1657      4      0 
    0     41     32     35      0      0      0      0      0      0   1512    210      3      2      0 
    1    239     65     67     96     24      0      0      0      0   1512   1410   1657      4      0 
# gpu    pwr  gtemp  mtemp     sm    mem    enc    dec    jpg    ofa   mclk   pclk     fb   bar1   ccpm 
# Idx      W      C      C      %      %      %      %      %      %    MHz    MHz     MB     MB     MB 
    0     41     32     35      0      0      0      0      0      0   1512    210      3      2      0 
    1    236     65     69     96     24      0      0      0      0   1512   1410   1657      4      0 
    0     42     32     35      0      0      0      0      0      0   1512    210      3      2      0 
    1    237     65     69     96     24      0      0      0      0   1512   1410   1657      4      0 
    0     41     32     35      0      0      0      0      0      0   1512    210      3      2      0 
    1    238     64     67     96     24      0      0      0      0   1512   1410   1657      4      0 
    0     42     32     35      0      0      0      0      0      0   1512    210      3      2      0 
    1    236     64     67     96     24      0      0      0      0   1512   1410   1657      4      0 
    0     41     32     35      0      0      0      0      0      0   1512    210      3      2      0 
    1    239     65     69     96     24      0      0      0      0   1512   1410   1657      4      0 
    0     41     32     35      0      0      0      0      0      0   1512    210      3      2      0 
    1    234     65     69     96     24      0      0      0      0   1512   1410   1657      4      0 
    0     41     32     35      0      0      0      0      0      0   1512    210      3      2      0 
    1    233     64     67     95     24      0      0      0      0   1512   1410   1657      4      0 
    0     42     32     35      0      0      0      0      0      0   1512    210      3      2      0 
    1    237     65     67     96     24      0      0      0      0   1512   1410   1657      4      0 
    0     41     32     35      0      0      0      0      0      0   1512    210      3      2      0 
    1    239     66     69     96     24      0      0      0      0   1512   1410   1657      4      0 
    0     41     32     35      0      0      0      0      0      0   1512    210      3      2      0 
    1    236     65     69     95     24      0      0      0      0   1512   1410   1657      4      0 
    0     41     32     35      0      0      0      0      0      0   1512    210      3      2      0 
    1    236     65     67     96     24      0      0      0      0   1512   1410   1657      4      0 
    0     41     32     35      0      0      0      0      0      0   1512    210      3      2      0 
    1    238     64     67     96     24      0      0      0      0   1512   1410   1657      4      0 
    0     41     32     35      0      0      0      0      0      0   1512    210      3      2      0 
    1    215     65     69     96     24      0      0      0      0   1512   1410   1657      4      0 
    0     41     32     35      0      0      0      0      0      0   1512    210      3      2      0 
    1    238     65     69     96     24      0      0      0      0   1512   1410   1657      4      0 
    0     41     32     35      0      0      0      0      0      0   1512    210      3      2      0 
    1    235     65     67     96     24      0      0      0      0   1512   1410   1657      4      0 
    0     41     32     35      0      0      0      0      0      0   1512    210      3      2      0 
    1    233     64     67     96     24      0      0      0      0   1512   1410   1657      4      0 
    0     41     32     35      0      0      0      0      0      0   1512    210      3      2      0 
    1    236     65     69     96     24      0      0      0      0   1512   1410   1657      4      0 
    0     42     32     35      0      0      0      0      0      0   1512    210      3      2      0 
    1    236     65     69     96     24      0      0      0      0   1512   1410   1657      4      0 
    0     41     32     35      0      0      0      0      0      0   1512    210      3      2      0 
    1    236     65     67     96     24      0      0      0      0   1512   1410   1657      4      0 
    0     41     32     35      0      0      0      0      0      0   1512    210      3      2      0 
    1    237     64     67     95     24      0      0      0      0   1512   1410   1657      4      0 
    0     41     32     35      0      0      0      0      0      0   1512    210      3      2      0 
    1    233     65     67     96     24      0      0      0      0   1512   1410   1657      4      0 
    0     41     32     35      0      0      0      0      0      0   1512    210      3      2      0 
    1    238     65     69     96     24      0      0      0      0   1512   1410   1657      4      0 
# gpu    pwr  gtemp  mtemp     sm    mem    enc    dec    jpg    ofa   mclk   pclk     fb   bar1   ccpm 
# Idx      W      C      C      %      %      %      %      %      %    MHz    MHz     MB     MB     MB 
    0     42     32     35      0      0      0      0      0      0   1512    210      3      2      0 
    1    231     65     69     96     24      0      0      0      0   1512   1410   1657      4      0 
    0     41     32     35      0      0      0      0      0      0   1512    210      3      2      0 
    1    233     64     67     96     24      0      0      0      0   1512   1410   1657      4      0 
    0     41     32     35      0      0      0      0      0      0   1512    210      3      2      0 
    1    235     65     67     96     24      0      0      0      0   1512   1410   1657      4      0 
    0     42     32     35      0      0      0      0      0      0   1512    210      3      2      0 
    1    234     66     69     96     24      0      0      0      0   1512   1410   1657      4      0 
    0     41     32     35      0      0      0      0      0      0   1512    210      3      2      0 
    1    235     65     69     96     24      0      0      0      0   1512   1410   1657      4      0 
    0     42     32     35      0      0      0      0      0      0   1512    210      3      2      0 
    1    239     65     67     96     24      0      0      0      0   1512   1410   1657      4      0 
    0     42     32     35      0      0      0      0      0      0   1512    210      3      2      0 
    1    233     64     67     96     24      0      0      0      0   1512   1410   1657      4      0 
    0     41     32     35      0      0      0      0      0      0   1512    210      3      2      0 
    1    238     65     69     96     24      0      0      0      0   1512   1410   1657      4      0 
    0     41     32     35      0      0      0      0      0      0   1512    210      3      2      0 
    1    235     65     69     96     24      0      0      0      0   1512   1410   1657      4      0 
    0     42     32     35      0      0      0      0      0      0   1512    210      3      2      0 
    1    233     64     67     96     24      0      0      0      0   1512   1410   1657      4      0 
    0     41     32     35      0      0      0      0      0      0   1512    210      3      2      0 
    1    235     64     67     96     24      0      0      0      0   1512   1410   1657      4      0 
    0     41     32     35      0      0      0      0      0      0   1512    210      3      2      0 
    1    232     65     69     96     24      0      0      0      0   1512   1410   1657      4      0 
    0     41     32     35      0      0      0      0      0      0   1512    210      3      2      0 
    1    233     65     69     96     24      0      0      0      0   1512   1410   1657      4      0 
    0     41     32     35      0      0      0      0      0      0   1512    210      3      2      0 
    1    237     64     67     96     24      0      0      0      0   1512   1410   1657      4      0 
    0     41     32     35      0      0      0      0      0      0   1512    210      3      2      0 
    1    237     65     67     96     24      0      0      0      0   1512   1410   1657      4      0 
    0     41     32     35      0      0      0      0      0      0   1512    210      3      2      0 
    1    242     66     69     96     24      0      0      0      0   1512   1410   1657      4      0 
    0     41     32     35      0      0      0      0      0      0   1512    210      3      2      0 
    1    235     65     69     96     24      0      0      0      0   1512   1410   1657      4      0 
    0     41     32     35      0      0      0      0      0      0   1512    210      3      2      0 
    1    234     64     67     96     24      0      0      0      0   1512   1410   1657      4      0 
    0     41     32     35      0      0      0      0      0      0   1512    210      3      2      0 
    1    234     64     67     96     24      0      0      0      0   1512   1410   1657      4      0 
    0     41     32     35      0      0      0      0      0      0   1512    210      3      2      0 
    1    235     65     69     96     24      0      0      0      0   1512   1410   1657      4      0 
    0     41     32     35      0      0      0      0      0      0   1512    210      3      2      0 
    1    231     65     69     95     24      0      0      0      0   1512   1410   1657      4      0 
    0     41     32     35      0      0      0      0      0      0   1512    210      3      2      0 
    1    237     65     67     96     24      0      0      0      0   1512   1410   1657      4      0 
# gpu    pwr  gtemp  mtemp     sm    mem    enc    dec    jpg    ofa   mclk   pclk     fb   bar1   ccpm 
# Idx      W      C      C      %      %      %      %      %      %    MHz    MHz     MB     MB     MB 
    0     41     32     35      0      0      0      0      0      0   1512    210      3      2      0 
    1    234     64     67     96     24      0      0      0      0   1512   1410   1657      4      0 
    0     42     32     35      0      0      0      0      0      0   1512    210      3      2      0 
    1    226     65     69     96     24      0      0      0      0   1512   1410   1657      4      0 
    0     41     32     35      0      0      0      0      0      0   1512    210      3      2      0 
    1    237     65     69     96     24      0      0      0      0   1512   1410   1657      4      0 
    0     41     32     35      0      0      0      0      0      0   1512    210      3      2      0 
    1    234     64     67     96     24      0      0      0      0   1512   1410   1657      4      0 
    0     40     32     35      0      0      0      0      0      0   1512    210      3      2      0 
    1    237     64     67     96     24      0      0      0      0   1512   1410   1657      4      0 
    0     42     32     35      0      0      0      0      0      0   1512    210      3      2      0 
    1    232     65     69     96     24      0      0      0      0   1512   1410   1657      4      0 
    0     41     32     35      0      0      0      0      0      0   1512    210      3      2      0 
    1    238     65     69     96     24      0      0      0      0   1512   1410   1657      4      0 
    0     41     32     35      0      0      0      0      0      0   1512    210      3      2      0 
    1    235     64     67     96     24      0      0      0      0   1512   1410   1657      4      0 
    0     41     32     35      0      0      0      0      0      0   1512    210      3      2      0 
    1    236     65     67     95     24      0      0      0      0   1512   1410   1657      4      0 
    0     41     32     35      0      0      0      0      0      0   1512    210      3      2      0 
    1    237     65     69     96     24      0      0      0      0   1512   1410   1657      4      0 
    0     41     32     35      0      0      0      0      0      0   1512    210      3      2      0 
    1    235     65     67     96     24      0      0      0      0   1512   1410   1657      4      0 
    0     41     32     35      0      0      0      0      0      0   1512    210      3      2      0 
    1    235     64     67     96     24      0      0      0      0   1512   1410   1657      4      0 
    0     41     32     35      0      0      0      0      0      0   1512    210      3      2      0 
    1    237     65     69     96     24      0      0      0      0   1512   1410   1657      4      0 
    0     42     32     35      0      0      0      0      0      0   1512    210      3      2      0 
    1    232     65     69     96     24      0      0      0      0   1512   1410   1657      4      0 
    0     41     32     35      0      0      0      0      0      0   1512    210      3      2      0 
    1    240     64     67     96     24      0      0      0      0   1512   1410   1657      4      0 
    0     41     32     35      0      0      0      0      0      0   1512    210      3      2      0 
    1    235     65     67     96     24      0      0      0      0   1512   1410   1657      4      0 
    0     41     32     35      0      0      0      0      0      0   1512    210      3      2      0 
    1    232     65     69     96     24      0      0      0      0   1512   1410   1657      4      0 
    0     42     32     35      0      0      0      0      0      0   1512    210      3      2      0 
    1    238     65     69     96     24      0      0      0      0   1512   1410   1657      4      0 
    0     41     32     35      0      0      0      0      0      0   1512    210      3      2      0 
    1    235     64     67     96     24      0      0      0      0   1512   1410   1657      4      0 
    0     42     32     35      0      0      0      0      0      0   1512    210      3      2      0 
    1    237     64     67     96     24      0      0      0      0   1512   1410   1657      4      0 
    0     41     32     35      0      0      0      0      0      0   1512    210      3      2      0 
    1    237     65     69     96     24      0      0      0      0   1512   1410   1657      4      0 
    0     42     32     35      0      0      0      0      0      0   1512    210      3      2      0 
    1    237     65     67     95     24      0      0      0      0   1512   1410   1657      4      0 
# gpu    pwr  gtemp  mtemp     sm    mem    enc    dec    jpg    ofa   mclk   pclk     fb   bar1   ccpm 
# Idx      W      C      C      %      %      %      %      %      %    MHz    MHz     MB     MB     MB 
    0     41     32     35      0      0      0      0      0      0   1512    210      3      2      0 
    1    235     64     67     96     24      0      0      0      0   1512   1410   1657      4      0 
    0     42     32     35      0      0      0      0      0      0   1512    210      3      2      0 
    1    233     65     69     96     24      0      0      0      0   1512   1410   1657      4      0 
    0     41     32     35      0      0      0      0      0      0   1512    210      3      2      0 
    1    234     65     69     96     24      0      0      0      0   1512   1410   1657      4      0 
    0     41     32     35      0      0      0      0      0      0   1512    210      3      2      0 
    1    237     65     67     96     24      0      0      0      0   1512   1410   1657      4      0 
    0     41     32     35      0      0      0      0      0      0   1512    210      3      2      0 
    1    237     64     67     96     24      0      0      0      0   1512   1410   1657      4      0 
    0     41     32     35      0      0      0      0      0      0   1512    210      3      2      0 
    1    235     65     69     96     24      0      0      0      0   1512   1410   1657      4      0 
    0     41     32     35      0      0      0      0      0      0   1512    210      3      2      0 
    1    238     65     69     96     24      0      0      0      0   1512   1410   1657      4      0 
    0     41     32     35      0      0      0      0      0      0   1512    210      3      2      0 
    1    233     65     67     96     24      0      0      0      0   1512   1410   1657      4      0 
    0     41     32     35      0      0      0      0      0      0   1512    210      3      2      0 
    1    235     64     67     96     24      0      0      0      0   1512   1410   1657      4      0 
    0     41     32     35      0      0      0      0      0      0   1512    210      3      2      0 
    1    237     65     69     95     24      0      0      0      0   1512   1410   1657      4      0 
    0     41     32     35      0      0      0      0      0      0   1512    210      3      2      0 
    1    236     65     69     96     24      0      0      0      0   1512   1410   1657      4      0 
    0     41     32     35      0      0      0      0      0      0   1512    210      3      2      0 
    1    239     64     67     96     24      0      0      0      0   1512   1410   1657      4      0 
    0     41     32     35      0      0      0      0      0      0   1512    210      3      2      0 
    1    234     65     67     96     24      0      0      0      0   1512   1410   1657      4      0 
    0     41     32     35      0      0      0      0      0      0   1512    210      3      2      0 
    1    239     65     69     96     24      0      0      0      0   1512   1410   1657      4      0 
    0     41     32     35      0      0      0      0      0      0   1512    210      3      2      0 
    1    232     65     67     96     24      0      0      0      0   1512   1410   1657      4      0 
    0     41     32     35      0      0      0      0      0      0   1512    210      3      2      0 
    1    237     64     67     96     24      0      0      0      0   1512   1410   1657      4      0 
    0     41     32     35      0      0      0      0      0      0   1512    210      3      2      0 
    1    239     65     67     96     24      0      0      0      0   1512   1410   1657      4      0 
    0     41     32     35      0      0      0      0      0      0   1512    210      3      2      0 
    1    234     65     69     96     24      0      0      0      0   1512   1410   1657      4      0 
    0     41     32     35      0      0      0      0      0      0   1512    210      3      2      0 
    1    235     65     69     96     24      0      0      0      0   1512   1410   1657      4      0 
    0     41     32     35      0      0      0      0      0      0   1512    210      3      2      0 
    1    232     64     67     96     24      0      0      0      0   1512   1410   1657      4      0 
    0     41     32     35      0      0      0      0      0      0   1512    210      3      2      0 
    1    232     65     67     96     24      0      0      0      0   1512   1410   1657      4      0 
    0     41     32     35      0      0      0      0      0      0   1512    210      3      2      0 
    1    240     66     69     96     24      0      0      0      0   1512   1410   1657      4      0 
# gpu    pwr  gtemp  mtemp     sm    mem    enc    dec    jpg    ofa   mclk   pclk     fb   bar1   ccpm 
# Idx      W      C      C      %      %      %      %      %      %    MHz    MHz     MB     MB     MB 
    0     41     32     35      0      0      0      0      0      0   1512    210      3      2      0 
    1    236     65     69     95     24      0      0      0      0   1512   1410   1657      4      0 
    0     41     32     35      0      0      0      0      0      0   1512    210      3      2      0 
    1    234     64     67     96     24      0      0      0      0   1512   1410   1657      4      0 
    0     41     32     35      0      0      0      0      0      0   1512    210      3      2      0 
    1    237     64     67     96     24      0      0      0      0   1512   1410   1657      4      0 
    0     41     32     35      0      0      0      0      0      0   1512    210      3      2      0 
    1    239     65     69     96     24      0      0      0      0   1512   1410   1657      4      0 
    0     41     32     35      0      0      0      0      0      0   1512    210      3      2      0 
    1    234     65     69     96     24      0      0      0      0   1512   1410   1657      4      0 
    0     41     32     35      0      0      0      0      0      0   1512    210      3      2      0 
    1    233     64     67     96     24      0      0      0      0   1512   1410   1657      4      0 
    0     41     32     35      0      0      0      0      0      0   1512    210      3      2      0 
    1    235     65     67     96     24      0      0      0      0   1512   1410   1657      4      0 
    0     41     32     35      0      0      0      0      0      0   1512    210      3      2      0 
    1    238     65     69     96     24      0      0      0      0   1512   1410   1657      4      0 
    0     41     32     35      0      0      0      0      0      0   1512    210      3      2      0 
    1    234     65     69     96     24      0      0      0      0   1512   1410   1657      4      0 
    0     41     32     35      0      0      0      0      0      0   1512    210      3      2      0 
    1    231     64     67     96     24      0      0      0      0   1512   1410   1657      4      0 
    0     41     32     35      0      0      0      0      0      0   1512    210      3      2      0 
    1    236     65     67     95     24      0      0      0      0   1512   1410   1657      4      0 
    0     42     32     35      0      0      0      0      0      0   1512    210      3      2      0 
    1    234     65     69     96     24      0      0      0      0   1512   1410   1657      4      0 
    0     41     32     35      0      0      0      0      0      0   1512    210      3      2      0 
    1    239     65     67     96     24      0      0      0      0   1512   1410   1657      4      0 
    0     41     32     35      0      0      0      0      0      0   1512    210      3      2      0 
    1    233     64     67     96     24      0      0      0      0   1512   1410   1657      4      0 
    0     41     32     35      0      0      0      0      0      0   1512    210      3      2      0 
    1    237     65     69     96     24      0      0      0      0   1512   1410   1657      4      0 
    0     41     32     35      0      0      0      0      0      0   1512    210      3      2      0 
    1    236     65     69     96     24      0      0      0      0   1512   1410   1657      4      0 
    0     41     32     35      0      0      0      0      0      0   1512    210      3      2      0 
    1    233     64     67     96     24      0      0      0      0   1512   1410   1657      4      0 
    0     41     32     35      0      0      0      0      0      0   1512    210      3      2      0 
    1    237     64     67     96     24      0      0      0      0   1512   1410   1657      4      0 
    0     41     32     35      0      0      0      0      0      0   1512    210      3      2      0 
    1    234     65     69     96     24      0      0      0      0   1512   1410   1657      4      0 
    0     41     32     35      0      0      0      0      0      0   1512    210      3      2      0 
    1    238     65     67     96     24      0      0      0      0   1512   1410   1657      4      0 
    0     41     32     35      0      0      0      0      0      0   1512    210      3      2      0 
    1    236     64     67     95     24      0      0      0      0   1512   1410   1657      4      0 
    0     41     32     35      0      0      0      0      0      0   1512    210      3      2      0 
    1    236     65     67     96     24      0      0      0      0   1512   1410   1657      4      0 
# gpu    pwr  gtemp  mtemp     sm    mem    enc    dec    jpg    ofa   mclk   pclk     fb   bar1   ccpm 
# Idx      W      C      C      %      %      %      %      %      %    MHz    MHz     MB     MB     MB 
    0     41     32     35      0      0      0      0      0      0   1512    210      3      2      0 
    1    234     65     69     96     24      0      0      0      0   1512   1410   1657      4      0 
    0     41     32     35      0      0      0      0      0      0   1512    210      3      2      0 
    1    237     64     67     95     24      0      0      0      0   1512   1410   1657      4      0 
    0     41     32     35      0      0      0      0      0      0   1512    210      3      2      0 
    1    233     64     67     96     24      0      0      0      0   1512   1410   1657      4      0 
    0     41     32     35      0      0      0      0      0      0   1512    210      3      2      0 
    1    241     65     69     96     24      0      0      0      0   1512   1410   1657      4      0 
    0     41     32     35      0      0      0      0      0      0   1512    210      3      2      0 
    1    237     65     69     96     24      0      0      0      0   1512   1410   1657      4      0 
    0     41     32     35      0      0      0      0      0      0   1512    210      3      2      0 
    1    237     64     67     96     24      0      0      0      0   1512   1410   1657      4      0 
    0     41     32     35      0      0      0      0      0      0   1512    210      3      2      0 
    1    234     65     67     96     24      0      0      0      0   1512   1410   1657      4      0 
    0     41     32     35      0      0      0      0      0      0   1512    210      3      2      0 
    1    239     65     69     96     24      0      0      0      0   1512   1410   1657      4      0 
    0     41     32     35      0      0      0      0      0      0   1512    210      3      2      0 
    1    235     65     67     95     24      0      0      0      0   1512   1410   1657      4      0 
    0     41     32     35      0      0      0      0      0      0   1512    210      3      2      0 
    1    232     64     67     96     24      0      0      0      0   1512   1410   1657      4      0 
    0     41     32     35      0      0      0      0      0      0   1512    210      3      2      0 
    1    235     65     69     96     24      0      0      0      0   1512   1410   1657      4      0 
    0     41     32     35      0      0      0      0      0      0   1512    210      3      2      0 
    1    237     65     69     95     24      0      0      0      0   1512   1410   1657      4      0 
    0     41     32     35      0      0      0      0      0      0   1512    210      3      2      0 
    1    236     65     67     96     24      0      0      0      0   1512   1410   1657      4      0 
    0     41     32     35      0      0      0      0      0      0   1512    210      3      2      0 
    1    239     64     67     96     24      0      0      0      0   1512   1410   1657      4      0 
    0     40     32     35      0      0      0      0      0      0   1512    210      3      2      0 
    1    238     65     69     96     24      0      0      0      0   1512   1410   1657      4      0 
    0     41     32     35      0      0      0      0      0      0   1512    210      3      2      0 
    1    236     65     69     96     24      0      0      0      0   1512   1410   1657      4      0 
    0     41     32     35      0      0      0      0      0      0   1512    210      3      2      0 
    1    235     64     67     96     24      0      0      0      0   1512   1410   1657      4      0 
    0     41     32     35      0      0      0      0      0      0   1512    210      3      2      0 
    1    237     64     67     96     24      0      0      0      0   1512   1410   1657      4      0 
    0     41     32     35      0      0      0      0      0      0   1512    210      3      2      0 
    1    232     65     69     96     24      0      0      0      0   1512   1410   1657      4      0 
    0     41     32     35      0      0      0      0      0      0   1512    210      3      2      0 
    1    238     65     69     96     24      0      0      0      0   1512   1410   1657      4      0 
    0     41     32     35      0      0      0      0      0      0   1512    210      3      2      0 
    1    234     64     67     96     24      0      0      0      0   1512   1410   1657      4      0 
    0     41     32     35      0      0      0      0      0      0   1512    210      3      2      0 
    1    236     65     67     95     24      0      0      0      0   1512   1410   1657      4      0 
# gpu    pwr  gtemp  mtemp     sm    mem    enc    dec    jpg    ofa   mclk   pclk     fb   bar1   ccpm 
# Idx      W      C      C      %      %      %      %      %      %    MHz    MHz     MB     MB     MB 
    0     41     32     35      0      0      0      0      0      0   1512    210      3      2      0 
    1    231     65     69     96     24      0      0      0      0   1512   1410   1657      4      0 
    0     41     32     35      0      0      0      0      0      0   1512    210      3      2      0 
    1    236     65     67     96     24      0      0      0      0   1512   1410   1657      4      0 
    0     41     32     35      0      0      0      0      0      0   1512    210      3      2      0 
    1    232     64     67     96     24      0      0      0      0   1512   1410   1657      4      0 
    0     41     32     35      0      0      0      0      0      0   1512    210      3      2      0 
    1    236     65     69     96     24      0      0      0      0   1512   1410   1657      4      0 
    0     42     32     35      0      0      0      0      0      0   1512    210      3      2      0 
    1    236     65     69     96     24      0      0      0      0   1512   1410   1657      4      0 
    0     41     32     35      0      0      0      0      0      0   1512    210      3      2      0 
    1    234     65     67     96     24      0      0      0      0   1512   1410   1657      4      0 
    0     41     32     35      0      0      0      0      0      0   1512    210      3      2      0 
    1    235     64     67     96     24      0      0      0      0   1512   1410   1657      4      0 
    0     41     32     35      0      0      0      0      0      0   1512    210      3      2      0 
    1    234     65     69     96     24      0      0      0      0   1512   1410   1657      4      0 
    0     41     32     35      0      0      0      0      0      0   1512    210      3      2      0 
    1    232     65     69     96     24      0      0      0      0   1512   1410   1657      4      0 
    0     41     32     35      0      0      0      0      0      0   1512    210      3      2      0 
    1    234     64     67     95     24      0      0      0      0   1512   1410   1657      4      0 
    0     41     32     35      0      0      0      0      0      0   1512    210      3      2      0 
    1    233     65     67     96     24      0      0      0      0   1512   1410   1657      4      0 
    0     41     32     35      0      0      0      0      0      0   1512    210      3      2      0 
    1    233     65     69     96     24      0      0      0      0   1512   1410   1657      4      0 
    0     41     32     35      0      0      0      0      0      0   1512    210      3      2      0 
    1    233     65     67     96     24      0      0      0      0   1512   1410   1657      4      0 
    0     41     32     35      0      0      0      0      0      0   1512    210      3      2      0 
    1    234     64     67     96     24      0      0      0      0   1512   1410   1657      4      0 
    0     41     32     35      0      0      0      0      0      0   1512    210      3      2      0 
    1    235     65     69     96     24      0      0      0      0   1512   1410   1657      4      0 
    0     41     32     35      0      0      0      0      0      0   1512    210      3      2      0 
    1    233     65     69     96     24      0      0      0      0   1512   1410   1657      4      0 
    0     41     32     35      0      0      0      0      0      0   1512    210      3      2      0 
    1    233     65     67     96     24      0      0      0      0   1512   1410   1657      4      0 
    0     41     32     35      0      0      0      0      0      0   1512    210      3      2      0 
    1    234     64     67     96     24      0      0      0      0   1512   1410   1657      4      0 
    0     41     32     35      0      0      0      0      0      0   1512    210      3      2      0 
    1    236     65     69     96     24      0      0      0      0   1512   1410   1657      4      0 
    0     41     32     35      0      0      0      0      0      0   1512    210      3      2      0 
    1    233     65     69     96     24      0      0      0      0   1512   1410   1657      4      0 
    0     41     32     35      0      0      0      0      0      0   1512    210      3      2      0 
    1    236     65     69     96     24      0      0      0      0   1512   1410   1657      4      0 
    0     41     32     35      0      0      0      0      0      0   1512    210      3      2      0 
    1    235     64     67     96     24      0      0      0      0   1512   1410   1657      4      0 
# gpu    pwr  gtemp  mtemp     sm    mem    enc    dec    jpg    ofa   mclk   pclk     fb   bar1   ccpm 
# Idx      W      C      C      %      %      %      %      %      %    MHz    MHz     MB     MB     MB 
    0     41     32     35      0      0      0      0      0      0   1512    210      3      2      0 
    1    237     65     69     95     24      0      0      0      0   1512   1410   1657      4      0 
    0     41     32     35      0      0      0      0      0      0   1512    210      3      2      0 
    1    237     65     69     96     24      0      0      0      0   1512   1410   1657      4      0 
    0     41     32     35      0      0      0      0      0      0   1512    210      3      2      0 
    1    232     65     67     96     24      0      0      0      0   1512   1410   1657      4      0 
    0     41     32     35      0      0      0      0      0      0   1512    210      3      2      0 
    1    232     64     67     96     24      0      0      0      0   1512   1410   1657      4      0 
    0     41     32     35      0      0      0      0      0      0   1512    210      3      2      0 
    1    231     65     69     96     24      0      0      0      0   1512   1410   1657      4      0 
    0     41     32     35      0      0      0      0      0      0   1512    210      3      2      0 
    1    239     65     69     96     24      0      0      0      0   1512   1410   1657      4      0 
    0     41     32     35      0      0      0      0      0      0   1512    210      3      2      0 
    1    232     65     69     96     24      0      0      0      0   1512   1410   1657      4      0 
    0     41     32     35      0      0      0      0      0      0   1512    210      3      2      0 
    1    237     64     67     96     24      0      0      0      0   1512   1410   1657      4      0 
    0     41     32     35      0      0      0      0      0      0   1512    210      3      2      0 
    1    235     65     69     96     24      0      0      0      0   1512   1410   1657      4      0 
    0     41     32     35      0      0      0      0      0      0   1512    210      3      2      0 
    1    233     65     69     96     24      0      0      0      0   1512   1410   1657      4      0 
    0     41     32     35      0      0      0      0      0      0   1512    210      3      2      0 
    1    232     65     67     96     24      0      0      0      0   1512   1410   1657      4      0 
    0     41     32     35      0      0      0      0      0      0   1512    210      3      2      0 
    1    238     64     67     96     24      0      0      0      0   1512   1410   1657      4      0 
    0     41     32     35      0      0      0      0      0      0   1512    210      3      2      0 
    1    236     65     69     96     24      0      0      0      0   1512   1410   1657      4      0 
    0     41     32     35      0      0      0      0      0      0   1512    210      3      2      0 
    1    234     65     69     96     24      0      0      0      0   1512   1410   1657      4      0 
    0     41     32     35      0      0      0      0      0      0   1512    210      3      2      0 
    1    230     65     67     96     24      0      0      0      0   1512   1410   1657      4      0 
    0     41     32     35      0      0      0      0      0      0   1512    210      3      2      0 
    1    239     64     67     96     24      0      0      0      0   1512   1410   1657      4      0 
    0     41     32     35      0      0      0      0      0      0   1512    210      3      2      0 
    1    238     65     69     96     24      0      0      0      0   1512   1410   1657      4      0 
    0     41     32     35      0      0      0      0      0      0   1512    210      3      2      0 
    1    237     65     69     96     24      0      0      0      0   1512   1410   1657      4      0 
    0     41     32     35      0      0      0      0      0      0   1512    210      3      2      0 
    1    234     65     67     96     24      0      0      0      0   1512   1410   1657      4      0 
    0     41     32     35      0      0      0      0      0      0   1512    210      3      2      0 
    1    234     64     67     96     24      0      0      0      0   1512   1410   1657      4      0 
    0     41     32     35      0      0      0      0      0      0   1512    210      3      2      0 
    1    234     65     67     95     24      0      0      0      0   1512   1410   1657      4      0 
    0     42     32     35      0      0      0      0      0      0   1512    210      3      2      0 
    1    235     65     69     96     24      0      0      0      0   1512   1410   1657      4      0 
# gpu    pwr  gtemp  mtemp     sm    mem    enc    dec    jpg    ofa   mclk   pclk     fb   bar1   ccpm 
# Idx      W      C      C      %      %      %      %      %      %    MHz    MHz     MB     MB     MB 
    0     41     32     35      0      0      0      0      0      0   1512    210      3      2      0 
    1    236     65     67     96     24      0      0      0      0   1512   1410   1657      4      0 
    0     41     32     35      0      0      0      0      0      0   1512    210      3      2      0 
    1    231     64     67     96     24      0      0      0      0   1512   1410   1657      4      0 
    0     41     32     35      0      0      0      0      0      0   1512    210      3      2      0 
    1    238     65     69     96     24      0      0      0      0   1512   1410   1657      4      0 
    0     41     32     35      0      0      0      0      0      0   1512    210      3      2      0 
    1    239     65     69     96     24      0      0      0      0   1512   1410   1657      4      0 
    0     41     32     35      0      0      0      0      0      0   1512    210      3      2      0 
    1    234     64     67     96     24      0      0      0      0   1512   1410   1657      4      0 
    0     41     32     35      0      0      0      0      0      0   1512    210      3      2      0 
    1    234     65     67     96     24      0      0      0      0   1512   1410   1657      4      0 
    0     42     32     35      0      0      0      0      0      0   1512    210      3      2      0 
    1    238     65     69     96     24      0      0      0      0   1512   1410   1657      4      0 
    0     41     32     35      0      0      0      0      0      0   1512    210      3      2      0 
    1    232     65     67     96     24      0      0      0      0   1512   1410   1657      4      0 
    0     41     32     35      0      0      0      0      0      0   1512    210      3      2      0 
    1    238     64     67     95     24      0      0      0      0   1512   1410   1657      4      0 
    0     41     32     35      0      0      0      0      0      0   1512    210      3      2      0 
    1    234     65     69     96     24      0      0      0      0   1512   1410   1657      4      0 
    0     41     32     35      0      0      0      0      0      0   1512    210      3      2      0 
    1    235     65     69     96     24      0      0      0      0   1512   1410   1657      4      0 
    0     41     32     35      0      0      0      0      0      0   1512    210      3      2      0 
    1    238     64     67     95     24      0      0      0      0   1512   1410   1657      4      0 
    0     41     32     35      0      0      0      0      0      0   1512    210      3      2      0 
    1    234     64     67     96     24      0      0      0      0   1512   1410   1657      4      0 
    0     40     32     35      0      0      0      0      0      0   1512    210      3      2      0 
    1    238     65     69     96     24      0      0      0      0   1512   1410   1657      4      0 
    0     41     32     35      0      0      0      0      0      0   1512    210      3      2      0 
    1    235     65     69     96     24      0      0      0      0   1512   1410   1657      4      0 
    0     41     32     35      0      0      0      0      0      0   1512    210      3      2      0 
    1    235     64     67     96     24      0      0      0      0   1512   1410   1657      4      0 
    0     41     32     35      0      0      0      0      0      0   1512    210      3      2      0 
    1    241     65     67     96     24      0      0      0      0   1512   1410   1657      4      0 
    0     42     32     35      0      0      0      0      0      0   1512    210      3      2      0 
    1    236     65     69     96     24      0      0      0      0   1512   1410   1657      4      0 
    0     41     32     35      0      0      0      0      0      0   1512    210      3      2      0 
    1    231     65     67     95     24      0      0      0      0   1512   1410   1657      4      0 
    0     41     32     35      0      0      0      0      0      0   1512    210      3      2      0 
    1    238     64     67     96     24      0      0      0      0   1512   1410   1657      4      0 
    0     41     32     35      0      0      0      0      0      0   1512    210      3      2      0 
    1    235     65     67     96     24      0      0      0      0   1512   1410   1657      4      0 
    0     41     32     35      0      0      0      0      0      0   1512    210      3      2      0 
    1    233     65     69     95     24      0      0      0      0   1512   1410   1657      4      0 
# gpu    pwr  gtemp  mtemp     sm    mem    enc    dec    jpg    ofa   mclk   pclk     fb   bar1   ccpm 
# Idx      W      C      C      %      %      %      %      %      %    MHz    MHz     MB     MB     MB 
    0     40     32     35      0      0      0      0      0      0   1512    210      3      2      0 
    1    237     65     69     96     24      0      0      0      0   1512   1410   1657      4      0 
    0     41     32     35      0      0      0      0      0      0   1512    210      3      2      0 
    1    233     64     67     96     24      0      0      0      0   1512   1410   1657      4      0 
    0     41     32     35      0      0      0      0      0      0   1512    210      3      2      0 
    1    237     65     69     96     24      0      0      0      0   1512   1410   1657      4      0 
    0     41     32     35      0      0      0      0      0      0   1512    210      3      2      0 
    1    240     65     69     96     24      0      0      0      0   1512   1410   1657      4      0 
    0     41     32     35      0      0      0      0      0      0   1512    210      3      2      0 
    1    234     65     67     96     24      0      0      0      0   1512   1410   1657      4      0 
    0     41     32     35      0      0      0      0      0      0   1512    210      3      2      0 
    1    240     64     67     96     24      0      0      0      0   1512   1410   1657      4      0 
    0     41     32     35      0      0      0      0      0      0   1512    210      3      2      0 
    1    239     65     69     96     24      0      0      0      0   1512   1410   1657      4      0 
    0     41     32     35      0      0      0      0      0      0   1512    210      3      2      0 
    1    237     65     69     96     24      0      0      0      0   1512   1410   1657      4      0 
    0     42     32     35      0      0      0      0      0      0   1512    210      3      2      0 
    1    238     65     67     96     24      0      0      0      0   1512   1410   1657      4      0 
    0     41     32     35      0      0      0      0      0      0   1512    210      3      2      0 
    1    237     64     67     95     24      0      0      0      0   1512   1410   1657      4      0 
    0     41     32     35      0      0      0      0      0      0   1512    210      3      2      0 
    1    236     65     69     96     24      0      0      0      0   1512   1410   1657      4      0 
    0     41     32     35      0      0      0      0      0      0   1512    210      3      2      0 
    1    233     65     69     96     24      0      0      0      0   1512   1410   1657      4      0 
    0     41     32     35      0      0      0      0      0      0   1512    210      3      2      0 
    1    231     64     67     95     24      0      0      0      0   1512   1410   1657      4      0 
    0     41     32     35      0      0      0      0      0      0   1512    210      3      2      0 
    1    236     64     67     96     24      0      0      0      0   1512   1410   1657      4      0 
    0     41     32     35      0      0      0      0      0      0   1512    210      3      2      0 
    1    236     65     69     96     24      0      0      0      0   1512   1410   1657      4      0 
    0     41     32     35      0      0      0      0      0      0   1512    210      3      2      0 
    1    232     65     69     96     24      0      0      0      0   1512   1410   1657      4      0 
    0     41     32     35      0      0      0      0      0      0   1512    210      3      2      0 
    1    233     64     67     96     24      0      0      0      0   1512   1410   1657      4      0 
    0     41     32     35      0      0      0      0      0      0   1512    210      3      2      0 
    1    237     65     67     96     24      0      0      0      0   1512   1410   1657      4      0 
    0     41     32     35      0      0      0      0      0      0   1512    210      3      2      0 
    1    235     65     69     96     24      0      0      0      0   1512   1410   1657      4      0 
    0     41     32     35      0      0      0      0      0      0   1512    210      3      2      0 
    1    236     65     67     96     24      0      0      0      0   1512   1410   1657      4      0 
    0     41     32     35      0      0      0      0      0      0   1512    210      3      2      0 
    1    236     64     67     96     24      0      0      0      0   1512   1410   1657      4      0 
    0     41     32     35      0      0      0      0      0      0   1512    210      3      2      0 
    1    231     65     69     96     24      0      0      0      0   1512   1410   1657      4      0 
# gpu    pwr  gtemp  mtemp     sm    mem    enc    dec    jpg    ofa   mclk   pclk     fb   bar1   ccpm 
# Idx      W      C      C      %      %      %      %      %      %    MHz    MHz     MB     MB     MB 
    0     41     32     35      0      0      0      0      0      0   1512    210      3      2      0 
    1    237     65     69     96     24      0      0      0      0   1512   1410   1657      4      0 
    0     41     32     35      0      0      0      0      0      0   1512    210      3      2      0 
    1    234     64     67     96     24      0      0      0      0   1512   1410   1657      4      0 
    0     41     32     35      0      0      0      0      0      0   1512    210      3      2      0 
    1    234     64     67     96     24      0      0      0      0   1512   1410   1657      4      0 
    0     41     32     35      0      0      0      0      0      0   1512    210      3      2      0 
    1    235     65     69     95     24      0      0      0      0   1512   1410   1657      4      0 
    0     41     32     35      0      0      0      0      0      0   1512    210      3      2      0 
    1    238     65     67     96     24      0      0      0      0   1512   1410   1657      4      0 
    0     41     32     35      0      0      0      0      0      0   1512    210      3      2      0 
    1    236     64     67     96     24      0      0      0      0   1512   1410   1657      4      0 
    0     41     32     35      0      0      0      0      0      0   1512    210      3      2      0 
    1    232     65     67     96     24      0      0      0      0   1512   1410   1657      4      0 
    0     41     32     35      0      0      0      0      0      0   1512    210      3      2      0 
    1    235     66     69     96     24      0      0      0      0   1512   1410   1657      4      0 
    0     41     32     35      0      0      0      0      0      0   1512    210      3      2      0 
    1    240     65     69     96     24      0      0      0      0   1512   1410   1657      4      0 
    0     41     32     35      0      0      0      0      0      0   1512    210      3      2      0 
    1    236     65     67     96     24      0      0      0      0   1512   1410   1657      4      0 
    0     41     32     35      0      0      0      0      0      0   1512    210      3      2      0 
    1    238     64     67     95     24      0      0      0      0   1512   1410   1657      4      0 
    0     40     32     35      0      0      0      0      0      0   1512    210      3      2      0 
    1    238     65     67     96     24      0      0      0      0   1512   1410   1657      4      0 
    0     41     32     35      0      0      0      0      0      0   1512    210      3      2      0 
    1    234     65     69     96     24      0      0      0      0   1512   1410   1657      4      0 
    0     41     32     35      0      0      0      0      0      0   1512    210      3      2      0 
    1    237     64     67     96     24      0      0      0      0   1512   1410   1657      4      0 
    0     41     32     35      0      0      0      0      0      0   1512    210      3      2      0 
    1    233     65     67     96     24      0      0      0      0   1512   1410   1657      4      0 
    0     41     32     35      0      0      0      0      0      0   1512    210      3      2      0 
    1    234     65     69     96     24      0      0      0      0   1512   1410   1657      4      0 
    0     41     32     35      0      0      0      0      0      0   1512    210      3      2      0 
    1    238     65     69     96     24      0      0      0      0   1512   1410   1657      4      0 
    0     41     32     35      0      0      0      0      0      0   1512    210      3      2      0 
    1    238     64     67     96     24      0      0      0      0   1512   1410   1657      4      0 
    0     41     32     35      0      0      0      0      0      0   1512    210      3      2      0 
    1    233     65     67     96     24      0      0      0      0   1512   1410   1657      4      0 
    0     41     32     35      0      0      0      0      0      0   1512    210      3      2      0 
    1    239     65     69     96     24      0      0      0      0   1512   1410   1657      4      0 
    0     41     32     35      0      0      0      0      0      0   1512    210      3      2      0 
    1    240     65     67     95     24      0      0      0      0   1512   1410   1657      4      0 
    0     41     32     35      0      0      0      0      0      0   1512    210      3      2      0 
    1    234     64     67     96     24      0      0      0      0   1512   1410   1657      4      0 
# gpu    pwr  gtemp  mtemp     sm    mem    enc    dec    jpg    ofa   mclk   pclk     fb   bar1   ccpm 
# Idx      W      C      C      %      %      %      %      %      %    MHz    MHz     MB     MB     MB 
    0     41     32     35      0      0      0      0      0      0   1512    210      3      2      0 
    1    237     65     69     96     24      0      0      0      0   1512   1410   1657      4      0 
    0     41     32     35      0      0      0      0      0      0   1512    210      3      2      0 
    1    235     65     69     96     24      0      0      0      0   1512   1410   1657      4      0 
    0     41     32     35      0      0      0      0      0      0   1512    210      3      2      0 
    1    235     65     67     96     24      0      0      0      0   1512   1410   1657      4      0 
    0     41     32     35      0      0      0      0      0      0   1512    210      3      2      0 
    1    235     64     67     96     24      0      0      0      0   1512   1410   1657      4      0 
    0     41     32     35      0      0      0      0      0      0   1512    210      3      2      0 
    1    238     65     69     95     24      0      0      0      0   1512   1410   1657      4      0 
    0     41     32     35      0      0      0      0      0      0   1512    210      3      2      0 
    1    239     65     69     96     24      0      0      0      0   1512   1410   1657      4      0 
    0     41     32     35      0      0      0      0      0      0   1512    210      3      2      0 
    1    241     65     69     96     24      0      0      0      0   1512   1410   1657      4      0 
    0     40     32     35      0      0      0      0      0      0   1512    210      3      2      0 
    1    236     64     67     96     24      0      0      0      0   1512   1410   1657      4      0 
    0     41     32     35      0      0      0      0      0      0   1512    210      3      2      0 
    1    241     65     69     96     24      0      0      0      0   1512   1410   1657      4      0 
    0     41     32     35      0      0      0      0      0      0   1512    210      3      2      0 
    1    236     65     69     96     24      0      0      0      0   1512   1410   1657      4      0 
    0     41     32     35      0      0      0      0      0      0   1512    210      3      2      0 
    1    234     65     67     96     24      0      0      0      0   1512   1410   1657      4      0 
    0     41     32     35      0      0      0      0      0      0   1512    210      3      2      0 
    1    234     64     67     96     24      0      0      0      0   1512   1410   1657      4      0 
    0     41     32     35      0      0      0      0      0      0   1512    210      3      2      0 
    1    238     65     69     96     24      0      0      0      0   1512   1410   1657      4      0 
    0     41     32     35      0      0      0      0      0      0   1512    210      3      2      0 
    1    238     65     69     96     24      0      0      0      0   1512   1410   1657      4      0 
    0     41     32     35      0      0      0      0      0      0   1512    210      3      2      0 
    1    233     64     67     95     24      0      0      0      0   1512   1410   1657      4      0 
    0     41     32     35      0      0      0      0      0      0   1512    210      3      2      0 
    1    233     64     67     96     24      0      0      0      0   1512   1410   1657      4      0 
    0     41     32     35      0      0      0      0      0      0   1512    210      3      2      0 
    1    237     65     69     96     24      0      0      0      0   1512   1410   1657      4      0 
    0     41     32     35      0      0      0      0      0      0   1512    210      3      2      0 
    1    234     65     69     96     24      0      0      0      0   1512   1410   1657      4      0 
    0     41     32     35      0      0      0      0      0      0   1512    210      3      2      0 
    1    236     64     67     96     24      0      0      0      0   1512   1410   1657      4      0 
    0     41     32     35      0      0      0      0      0      0   1512    210      3      2      0 
    1    238     65     67     96     24      0      0      0      0   1512   1410   1657      4      0 
    0     41     32     35      0      0      0      0      0      0   1512    210      3      2      0 
    1    238     65     69     96     24      0      0      0      0   1512   1410   1657      4      0 
    0     41     32     35      0      0      0      0      0      0   1512    210      3      2      0 
    1    236     65     67     95     24      0      0      0      0   1512   1410   1657      4      0 
# gpu    pwr  gtemp  mtemp     sm    mem    enc    dec    jpg    ofa   mclk   pclk     fb   bar1   ccpm 
# Idx      W      C      C      %      %      %      %      %      %    MHz    MHz     MB     MB     MB 
    0     41     32     35      0      0      0      0      0      0   1512    210      3      2      0 
    1    234     64     67     96     24      0      0      0      0   1512   1410   1657      4      0 
    0     42     32     35      0      0      0      0      0      0   1512    210      3      2      0 
    1    237     65     69     96     24      0      0      0      0   1512   1410   1657      4      0 
    0     41     32     35      0      0      0      0      0      0   1512    210      3      2      0 
    1    219     65     69     95     24      0      0      0      0   1512   1410   1657      4      0 
    0     41     32     35      0      0      0      0      0      0   1512    210      3      2      0 
    1    232     64     67     96     24      0      0      0      0   1512   1410   1657      4      0 
    0     41     32     35      0      0      0      0      0      0   1512    210      3      2      0 
    1    239     64     67     96     24      0      0      0      0   1512   1410   1657      4      0 
    0     41     32     35      0      0      0      0      0      0   1512    210      3      2      0 
    1    235     65     69     96     24      0      0      0      0   1512   1410   1657      4      0 
    0     41     32     35      0      0      0      0      0      0   1512    210      3      2      0 
    1    235     65     69     96     24      0      0      0      0   1512   1410   1657      4      0 
    0     41     32     35      0      0      0      0      0      0   1512    210      3      2      0 
    1    231     64     67     96     24      0      0      0      0   1512   1410   1657      4      0 
    0     41     32     35      0      0      0      0      0      0   1512    210      3      2      0 
    1    232     65     67     96     24      0      0      0      0   1512   1410   1657      4      0 
    0     41     32     35      0      0      0      0      0      0   1512    210      3      2      0 
    1    236     65     69     96     24      0      0      0      0   1512   1410   1657      4      0 
    0     41     32     35      0      0      0      0      0      0   1512    210      3      2      0 
    1    233     65     69     96     24      0      0      0      0   1512   1410   1657      4      0 
    0     41     32     35      0      0      0      0      0      0   1512    210      3      2      0 
    1    232     64     67     96     24      0      0      0      0   1512   1410   1657      4      0 
    0     41     32     35      0      0      0      0      0      0   1512    210      3      2      0 
    1    236     65     69     95     24      0      0      0      0   1512   1410   1657      4      0 
    0     41     32     35      0      0      0      0      0      0   1512    210      3      2      0 
    1    234     65     69     96     24      0      0      0      0   1512   1410   1657      4      0 
    0     41     32     35      0      0      0      0      0      0   1512    210      3      2      0 
    1    237     64     67     96     24      0      0      0      0   1512   1410   1657      4      0 
    0     41     32     35      0      0      0      0      0      0   1512    210      3      2      0 
    1    235     64     67     95     24      0      0      0      0   1512   1410   1657      4      0 
    0     41     32     35      0      0      0      0      0      0   1512    210      3      2      0 
    1    237     65     69     96     24      0      0      0      0   1512   1410   1657      4      0 
    0     41     32     35      0      0      0      0      0      0   1512    210      3      2      0 
    1    237     65     69     96     24      0      0      0      0   1512   1410   1657      4      0 
    0     41     32     35      0      0      0      0      0      0   1512    210      3      2      0 
    1    239     65     67     96     24      0      0      0      0   1512   1410   1657      4      0 
    0     41     32     35      0      0      0      0      0      0   1512    210      3      2      0 
    1    237     64     67     96     24      0      0      0      0   1512   1410   1657      4      0 
    0     41     32     35      0      0      0      0      0      0   1512    210      3      2      0 
    1    238     65     69     96     24      0      0      0      0   1512   1410   1657      4      0 
    0     41     32     35      0      0      0      0      0      0   1512    210      3      2      0 
    1    236     65     69     96     24      0      0      0      0   1512   1410   1657      4      0 
# gpu    pwr  gtemp  mtemp     sm    mem    enc    dec    jpg    ofa   mclk   pclk     fb   bar1   ccpm 
# Idx      W      C      C      %      %      %      %      %      %    MHz    MHz     MB     MB     MB 
    0     41     32     35      0      0      0      0      0      0   1512    210      3      2      0 
    1    240     65     67     95     24      0      0      0      0   1512   1410   1657      4      0 
    0     41     32     35      0      0      0      0      0      0   1512    210      3      2      0 
    1    237     64     67     96     24      0      0      0      0   1512   1410   1657      4      0 
    0     42     32     35      0      0      0      0      0      0   1512    210      3      2      0 
    1    238     65     69     96     24      0      0      0      0   1512   1410   1657      4      0 
    0     41     32     35      0      0      0      0      0      0   1512    210      3      2      0 
    1    236     65     69     96     24      0      0      0      0   1512   1410   1657      4      0 
    0     41     32     35      0      0      0      0      0      0   1512    210      3      2      0 
    1    238     65     69     96     24      0      0      0      0   1512   1410   1657      4      0 
    0     41     32     35      0      0      0      0      0      0   1512    210      3      2      0 
    1    234     64     67     96     24      0      0      0      0   1512   1410   1657      4      0 
    0     42     32     35      0      0      0      0      0      0   1512    210      3      2      0 
    1    236     65     67     96     24      0      0      0      0   1512   1410   1657      4      0 
    0     41     32     35      0      0      0      0      0      0   1512    210      3      2      0 
    1    234     65     69     96     24      0      0      0      0   1512   1410   1657      4      0 
    0     41     32     35      0      0      0      0      0      0   1512    210      3      2      0 
    1    234     65     67     96     24      0      0      0      0   1512   1410   1657      4      0 
    0     41     32     35      0      0      0      0      0      0   1512    210      3      2      0 
    1    236     64     67     96     24      0      0      0      0   1512   1410   1657      4      0 
    0     41     32     35      0      0      0      0      0      0   1512    210      3      2      0 
    1    236     65     69     96     24      0      0      0      0   1512   1410   1657      4      0 
    0     41     32     35      0      0      0      0      0      0   1512    210      3      2      0 
    1    235     65     69     96     24      0      0      0      0   1512   1410   1657      4      0 
    0     41     32     35      0      0      0      0      0      0   1512    210      3      2      0 
    1    235     65     67     96     24      0      0      0      0   1512   1410   1657      4      0 
    0     41     32     35      0      0      0      0      0      0   1512    210      3      2      0 
    1    236     64     67     96     24      0      0      0      0   1512   1410   1657      4      0 
    0     41     32     35      0      0      0      0      0      0   1512    210      3      2      0 
    1    234     65     69     96     24      0      0      0      0   1512   1410   1657      4      0 
    0     41     32     35      0      0      0      0      0      0   1512    210      3      2      0 
    1    237     65     69     96     24      0      0      0      0   1512   1410   1657      4      0 
    0     41     32     35      0      0      0      0      0      0   1512    210      3      2      0 
    1    234     64     67     96     24      0      0      0      0   1512   1410   1657      4      0 
    0     41     32     35      0      0      0      0      0      0   1512    210      3      2      0 
    1    237     65     67     96     24      0      0      0      0   1512   1410   1657      4      0 
    0     41     32     35      0      0      0      0      0      0   1512    210      3      2      0 
    1    238     66     69     96     24      0      0      0      0   1512   1410   1657      4      0 
    0     41     32     35      0      0      0      0      0      0   1512    210      3      2      0 
    1    237     65     69     96     24      0      0      0      0   1512   1410   1657      4      0 
    0     41     32     35      0      0      0      0      0      0   1512    210      3      2      0 
    1    238     65     69     96     24      0      0      0      0   1512   1410   1657      4      0 
    0     41     32     35      0      0      0      0      0      0   1512    210      3      2      0 
    1    236     64     67     96     24      0      0      0      0   1512   1410   1657      4      0 
# gpu    pwr  gtemp  mtemp     sm    mem    enc    dec    jpg    ofa   mclk   pclk     fb   bar1   ccpm 
# Idx      W      C      C      %      %      %      %      %      %    MHz    MHz     MB     MB     MB 
    0     41     32     35      0      0      0      0      0      0   1512    210      3      2      0 
    1    238     65     69     96     24      0      0      0      0   1512   1410   1657      4      0 
    0     41     32     35      0      0      0      0      0      0   1512    210      3      2      0 
    1    233     65     69     95     24      0      0      0      0   1512   1410   1657      4      0 
    0     41     32     35      0      0      0      0      0      0   1512    210      3      2      0 
    1    237     65     67     96     24      0      0      0      0   1512   1410   1657      4      0 
    0     41     32     35      0      0      0      0      0      0   1512    210      3      2      0 
    1    237     64     67     96     24      0      0      0      0   1512   1410   1657      4      0 
    0     41     32     35      0      0      0      0      0      0   1512    210      3      2      0 
    1    234     65     69     96     24      0      0      0      0   1512   1410   1657      4      0 
    0     42     32     35      0      0      0      0      0      0   1512    210      3      2      0 
    1    236     65     69     96     24      0      0      0      0   1512   1410   1657      4      0 
    0     41     32     35      0      0      0      0      0      0   1512    210      3      2      0 
    1    233     65     67     96     24      0      0      0      0   1512   1410   1657      4      0 
    0     42     32     35      0      0      0      0      0      0   1512    210      3      2      0 
    1    232     64     67     96     24      0      0      0      0   1512   1410   1657      4      0 
    0     41     32     35      0      0      0      0      0      0   1512    210      3      2      0 
    1    236     65     69     96     24      0      0      0      0   1512   1410   1657      4      0 
    0     41     32     35      0      0      0      0      0      0   1512    210      3      2      0 
    1    237     65     69     96     24      0      0      0      0   1512   1410   1657      4      0 
    0     41     32     35      0      0      0      0      0      0   1512    210      3      2      0 
    1    240     64     67     96     24      0      0      0      0   1512   1410   1657      4      0 
    0     41     32     35      0      0      0      0      0      0   1512    210      3      2      0 
    1    236     65     67     96     24      0      0      0      0   1512   1410   1657      4      0 
    0     42     32     35      0      0      0      0      0      0   1512    210      3      2      0 
    1    235     66     69     96     24      0      0      0      0   1512   1410   1657      4      0 
    0     41     32     35      0      0      0      0      0      0   1512    210      3      2      0 
    1    235     65     69     96     24      0      0      0      0   1512   1410   1657      4      0 
    0     41     32     35      0      0      0      0      0      0   1512    210      3      2      0 
    1    233     65     69     96     24      0      0      0      0   1512   1410   1657      4      0 
    0     41     32     35      0      0      0      0      0      0   1512    210      3      2      0 
    1    233     64     67     96     24      0      0      0      0   1512   1410   1657      4      0 
    0     41     32     35      0      0      0      0      0      0   1512    210      3      2      0 
    1    236     65     67     96     24      0      0      0      0   1512   1410   1657      4      0 
    0     41     32     35      0      0      0      0      0      0   1512    210      3      2      0 
    1    234     65     69     96     24      0      0      0      0   1512   1410   1657      4      0 
    0     41     32     35      0      0      0      0      0      0   1512    210      3      2      0 
    1    237     65     67     96     24      0      0      0      0   1512   1410   1657      4      0 
    0     42     32     35      0      0      0      0      0      0   1512    210      3      2      0 
    1    233     64     67     96     24      0      0      0      0   1512   1410   1657      4      0 
    0     41     32     35      0      0      0      0      0      0   1512    210      3      2      0 
    1    234     65     67     96     24      0      0      0      0   1512   1410   1657      4      0 
    0     41     32     35      0      0      0      0      0      0   1512    210      3      2      0 
    1    236     65     69     96     24      0      0      0      0   1512   1410   1657      4      0 
# gpu    pwr  gtemp  mtemp     sm    mem    enc    dec    jpg    ofa   mclk   pclk     fb   bar1   ccpm 
# Idx      W      C      C      %      %      %      %      %      %    MHz    MHz     MB     MB     MB 
    0     41     32     35      0      0      0      0      0      0   1512    210      3      2      0 
    1    234     65     67     96     24      0      0      0      0   1512   1410   1657      4      0 
    0     42     32     35      0      0      0      0      0      0   1512    210      3      2      0 
    1    236     64     67     96     24      0      0      0      0   1512   1410   1657      4      0 
    0     41     32     35      0      0      0      0      0      0   1512    210      3      2      0 
    1    237     65     69     95     24      0      0      0      0   1512   1410   1657      4      0 
    0     41     32     35      0      0      0      0      0      0   1512    210      3      2      0 
    1    238     65     69     96     24      0      0      0      0   1512   1410   1657      4      0 
    0     41     32     35      0      0      0      0      0      0   1512    210      3      2      0 
    1    235     64     67     96     24      0      0      0      0   1512   1410   1657      4      0 
    0     41     32     35      0      0      0      0      0      0   1512    210      3      2      0 
    1    233     65     67     96     24      0      0      0      0   1512   1410   1657      4      0 
    0     41     32     35      0      0      0      0      0      0   1512    210      3      2      0 
    1    233     65     69     96     24      0      0      0      0   1512   1410   1657      4      0 
    0     41     32     35      0      0      0      0      0      0   1512    210      3      2      0 
    1    236     65     67     96     24      0      0      0      0   1512   1410   1657      4      0 
    0     41     32     35      0      0      0      0      0      0   1512    210      3      2      0 
    1    233     64     67     96     24      0      0      0      0   1512   1410   1657      4      0 
    0     41     32     35      0      0      0      0      0      0   1512    210      3      2      0 
    1    236     65     67     96     24      0      0      0      0   1512   1410   1657      4      0 
    0     42     32     35      0      0      0      0      0      0   1512    210      3      2      0 
    1    233     65     69     96     24      0      0      0      0   1512   1410   1657      4      0 
    0     41     32     35      0      0      0      0      0      0   1512    210      3      2      0 
    1    238     65     67     96     24      0      0      0      0   1512   1410   1657      4      0 
    0     41     32     35      0      0      0      0      0      0   1512    210      3      2      0 
    1    232     64     67     95     24      0      0      0      0   1512   1410   1657      4      0 
    0     41     32     35      0      0      0      0      0      0   1512    210      3      2      0 
    1    233     65     69     96     24      0      0      0      0   1512   1410   1657      4      0 
    0     41     32     35      0      0      0      0      0      0   1512    210      3      2      0 
    1    234     65     69     96     24      0      0      0      0   1512   1410   1657      4      0 
    0     41     32     35      0      0      0      0      0      0   1512    210      3      2      0 
    1    231     64     67     96     24      0      0      0      0   1512   1410   1657      4      0 
    0     41     32     35      0      0      0      0      0      0   1512    210      3      2      0 
    1    234     65     67     96     24      0      0      0      0   1512   1410   1657      4      0 
    0     41     32     35      0      0      0      0      0      0   1512    210      3      2      0 
    1    232     65     69     96     24      0      0      0      0   1512   1410   1657      4      0 
    0     41     32     35      0      0      0      0      0      0   1512    210      3      2      0 
    1    235     65     69     96     24      0      0      0      0   1512   1410   1657      4      0 
    0     41     32     35      0      0      0      0      0      0   1512    210      3      2      0 
    1    230     64     67     96     24      0      0      0      0   1512   1410   1657      4      0 
    0     41     32     35      0      0      0      0      0      0   1512    210      3      2      0 
    1    233     65     67     96     24      0      0      0      0   1512   1410   1657      4      0 
    0     42     32     35      0      0      0      0      0      0   1512    210      3      2      0 
    1    236     65     69     96     24      0      0      0      0   1512   1410   1657      4      0 
# gpu    pwr  gtemp  mtemp     sm    mem    enc    dec    jpg    ofa   mclk   pclk     fb   bar1   ccpm 
# Idx      W      C      C      %      %      %      %      %      %    MHz    MHz     MB     MB     MB 
    0     41     32     35      0      0      0      0      0      0   1512    210      3      2      0 
    1    233     65     67     95     24      0      0      0      0   1512   1410   1657      4      0 
    0     41     32     35      0      0      0      0      0      0   1512    210      3      2      0 
    1    233     64     67     96     24      0      0      0      0   1512   1410   1657      4      0 
    0     41     32     35      0      0      0      0      0      0   1512    210      3      2      0 
    1    234     65     69     96     24      0      0      0      0   1512   1410   1657      4      0 
    0     41     32     35      0      0      0      0      0      0   1512    210      3      2      0 
    1    234     65     69     96     24      0      0      0      0   1512   1410   1657      4      0 
    0     41     32     35      0      0      0      0      0      0   1512    210      3      2      0 
    1    236     64     67     96     24      0      0      0      0   1512   1410   1657      4      0 
    0     41     32     35      0      0      0      0      0      0   1512    210      3      2      0 
    1    232     64     67     96     24      0      0      0      0   1512   1410   1657      4      0 
    0     41     32     35      0      0      0      0      0      0   1512    210      3      2      0 
    1    234     65     69     96     24      0      0      0      0   1512   1410   1657      4      0 
    0     41     32     35      0      0      0      0      0      0   1512    210      3      2      0 
    1    231     65     69     96     24      0      0      0      0   1512   1410   1657      4      0 
    0     41     32     35      0      0      0      0      0      0   1512    210      3      2      0 
    1    237     64     67     96     24      0      0      0      0   1512   1410   1657      4      0 
    0     41     32     35      0      0      0      0      0      0   1512    210      3      2      0 
    1    237     65     67     96     24      0      0      0      0   1512   1410   1657      4      0 
    0     41     32     35      0      0      0      0      0      0   1512    210      3      2      0 
    1    233     65     69     95     24      0      0      0      0   1512   1410   1657      4      0 
    0     41     32     35      0      0      0      0      0      0   1512    210      3      2      0 
    1    235     65     67     96     24      0      0      0      0   1512   1410   1657      4      0 
    0     41     32     35      0      0      0      0      0      0   1512    210      3      2      0 
    1    233     64     67     96     24      0      0      0      0   1512   1410   1657      4      0 
    0     41     32     35      0      0      0      0      0      0   1512    210      3      2      0 
    1    226     65     69     96     24      0      0      0      0   1512   1410   1657      4      0 
    0     41     32     35      0      0      0      0      0      0   1512    210      3      2      0 
    1    239     65     69     96     24      0      0      0      0   1512   1410   1657      4      0 
    0     41     32     35      0      0      0      0      0      0   1512    210      3      2      0 
    1    236     65     67     96     24      0      0      0      0   1512   1410   1657      4      0 
    0     41     32     35      0      0      0      0      0      0   1512    210      3      2      0 
    1    237     64     67     96     24      0      0      0      0   1512   1410   1657      4      0 
    0     41     32     35      0      0      0      0      0      0   1512    210      3      2      0 
    1    236     65     69     96     24      0      0      0      0   1512   1410   1657      4      0 
    0     41     32     35      0      0      0      0      0      0   1512    210      3      2      0 
    1    236     65     69     96     24      0      0      0      0   1512   1410   1657      4      0 
    0     41     32     35      0      0      0      0      0      0   1512    210      3      2      0 
    1    233     65     67     96     24      0      0      0      0   1512   1410   1657      4      0 
    0     41     32     35      0      0      0      0      0      0   1512    210      3      2      0 
    1    237     64     67     96     24      0      0      0      0   1512   1410   1657      4      0 
    0     41     32     35      0      0      0      0      0      0   1512    210      3      2      0 
    1    235     65     69     96     24      0      0      0      0   1512   1410   1657      4      0 
# gpu    pwr  gtemp  mtemp     sm    mem    enc    dec    jpg    ofa   mclk   pclk     fb   bar1   ccpm 
# Idx      W      C      C      %      %      %      %      %      %    MHz    MHz     MB     MB     MB 
    0     41     32     35      0      0      0      0      0      0   1512    210      3      2      0 
    1    238     65     69     96     24      0      0      0      0   1512   1410   1657      4      0 
    0     41     32     35      0      0      0      0      0      0   1512    210      3      2      0 
    1    233     64     67     95     24      0      0      0      0   1512   1410   1657      4      0 
    0     41     32     35      0      0      0      0      0      0   1512    210      3      2      0 
    1    238     64     67     96     24      0      0      0      0   1512   1410   1657      4      0 
    0     41     32     35      0      0      0      0      0      0   1512    210      3      2      0 
    1    233     65     69     96     24      0      0      0      0   1512   1410   1657      4      0 
    0     41     32     35      0      0      0      0      0      0   1512    210      3      2      0 
    1    236     65     69     96     24      0      0      0      0   1512   1410   1657      4      0 
    0     41     32     35      0      0      0      0      0      0   1512    210      3      2      0 
    1    233     64     67     96     24      0      0      0      0   1512   1410   1657      4      0 
    0     41     32     35      0      0      0      0      0      0   1512    210      3      2      0 
    1    239     65     67     96     24      0      0      0      0   1512   1410   1657      4      0 
    0     41     32     35      0      0      0      0      0      0   1512    210      3      2      0 
    1    235     65     69     96     24      0      0      0      0   1512   1410   1657      4      0 
    0     41     32     35      0      0      0      0      0      0   1512    210      3      2      0 
    1    238     65     69     96     24      0      0      0      0   1512   1410   1657      4      0 
    0     41     32     35      0      0      0      0      0      0   1512    210      3      2      0 
    1    230     64     67     96     24      0      0      0      0   1512   1410   1657      4      0 
    0     41     32     35      0      0      0      0      0      0   1512    210      3      2      0 
    1    239     64     67     96     24      0      0      0      0   1512   1410   1657      4      0 
    0     41     32     35      0      0      0      0      0      0   1512    210      3      2      0 
    1    233     65     69     95     24      0      0      0      0   1512   1410   1657      4      0 
    0     41     32     35      0      0      0      0      0      0   1512    210      3      2      0 
    1    236     65     69     96     24      0      0      0      0   1512   1410   1657      4      0 
    0     41     32     35      0      0      0      0      0      0   1512    210      3      2      0 
    1    236     64     67     96     24      0      0      0      0   1512   1410   1657      4      0 
    0     41     32     35      0      0      0      0      0      0   1512    210      3      2      0 
    1    234     65     67     96     24      0      0      0      0   1512   1410   1657      4      0 
    0     41     32     35      0      0      0      0      0      0   1512    210      3      2      0 
    1    238     65     69     96     24      0      0      0      0   1512   1410   1657      4      0 
    0     41     32     35      0      0      0      0      0      0   1512    210      3      2      0 
    1    236     65     67     96     24      0      0      0      0   1512   1410   1657      4      0 
    0     41     32     35      0      0      0      0      0      0   1512    210      3      2      0 
    1    234     64     67     96     24      0      0      0      0   1512   1410   1657      4      0 
    0     41     32     35      0      0      0      0      0      0   1512    210      3      2      0 
    1    233     65     69     96     24      0      0      0      0   1512   1410   1657      4      0 
    0     41     32     35      0      0      0      0      0      0   1512    210      3      2      0 
    1    234     65     69     96     24      0      0      0      0   1512   1410   1657      4      0 
    0     41     32     35      0      0      0      0      0      0   1512    210      3      2      0 
    1    234     65     67     96     24      0      0      0      0   1512   1410   1657      4      0 
    0     42     32     35      0      0      0      0      0      0   1512    210      3      2      0 
    1    233     64     67     95     24      0      0      0      0   1512   1410   1657      4      0 
# gpu    pwr  gtemp  mtemp     sm    mem    enc    dec    jpg    ofa   mclk   pclk     fb   bar1   ccpm 
# Idx      W      C      C      %      %      %      %      %      %    MHz    MHz     MB     MB     MB 
    0     41     32     35      0      0      0      0      0      0   1512    210      3      2      0 
    1    237     65     69     96     24      0      0      0      0   1512   1410   1657      4      0 
    0     41     32     35      0      0      0      0      0      0   1512    210      3      2      0 
    1    239     65     69     96     24      0      0      0      0   1512   1410   1657      4      0 
    0     41     32     35      0      0      0      0      0      0   1512    210      3      2      0 
    1    234     64     67     95     24      0      0      0      0   1512   1410   1657      4      0 
    0     41     32     35      0      0      0      0      0      0   1512    210      3      2      0 
    1    235     65     67     96     24      0      0      0      0   1512   1410   1657      4      0 
    0     42     32     35      0      0      0      0      0      0   1512    210      3      2      0 
    1    237     65     69     96     24      0      0      0      0   1512   1410   1657      4      0 
    0     41     32     35      0      0      0      0      0      0   1512    210      3      2      0 
    1    233     65     69     96     24      0      0      0      0   1512   1410   1657      4      0 
    0     41     32     35      0      0      0      0      0      0   1512    210      3      2      0 
    1    236     64     67     96     24      0      0      0      0   1512   1410   1657      4      0 
    0     41     32     35      0      0      0      0      0      0   1512    210      3      2      0 
    1    239     65     67     96     24      0      0      0      0   1512   1410   1657      4      0 
    0     41     32     35      0      0      0      0      0      0   1512    210      3      2      0 
    1    238     65     69     96     24      0      0      0      0   1512   1410   1657      4      0 
    0     41     32     35      0      0      0      0      0      0   1512    210      3      2      0 
    1    234     65     69     96     24      0      0      0      0   1512   1410   1657      4      0 
    0     41     32     35      0      0      0      0      0      0   1512    210      3      2      0 
    1    234     64     67     96     24      0      0      0      0   1512   1410   1657      4      0 
    0     41     32     35      0      0      0      0      0      0   1512    210      3      2      0 
    1    236     64     67     96     24      0      0      0      0   1512   1410   1657      4      0 
    0     42     32     35      0      0      0      0      0      0   1512    210      3      2      0 
    1    235     65     69     96     24      0      0      0      0   1512   1410   1657      4      0 
    0     41     32     35      0      0      0      0      0      0   1512    210      3      2      0 
    1    236     65     69     96     24      0      0      0      0   1512   1410   1657      4      0 
    0     41     32     35      0      0      0      0      0      0   1512    210      3      2      0 
    1    231     64     67     96     24      0      0      0      0   1512   1410   1657      4      0 
    0     41     32     35      0      0      0      0      0      0   1512    210      3      2      0 
    1    235     64     67     96     24      0      0      0      0   1512   1410   1657      4      0 
    0     41     32     35      0      0      0      0      0      0   1512    210      3      2      0 
    1    236     65     69     96     24      0      0      0      0   1512   1410   1657      4      0 
    0     41     32     35      0      0      0      0      0      0   1512    210      3      2      0 
    1    237     65     69     96     24      0      0      0      0   1512   1410   1657      4      0 
    0     41     32     35      0      0      0      0      0      0   1512    210      3      2      0 
    1    235     64     67     96     24      0      0      0      0   1512   1410   1657      4      0 
    0     41     32     35      0      0      0      0      0      0   1512    210      3      2      0 
    1    235     65     67     96     24      0      0      0      0   1512   1410   1657      4      0 
    0     41     32     35      0      0      0      0      0      0   1512    210      3      2      0 
    1    238     65     69     96     24      0      0      0      0   1512   1410   1657      4      0 
    0     41     32     35      0      0      0      0      0      0   1512    210      3      2      0 
    1    238     65     67     96     24      0      0      0      0   1512   1410   1657      4      0 
# gpu    pwr  gtemp  mtemp     sm    mem    enc    dec    jpg    ofa   mclk   pclk     fb   bar1   ccpm 
# Idx      W      C      C      %      %      %      %      %      %    MHz    MHz     MB     MB     MB 
    0     42     32     35      0      0      0      0      0      0   1512    210      3      2      0 
    1    237     64     67     95     24      0      0      0      0   1512   1410   1657      4      0 
    0     41     32     35      0      0      0      0      0      0   1512    210      3      2      0 
    1    236     65     67     96     24      0      0      0      0   1512   1410   1657      4      0 
    0     41     32     35      0      0      0      0      0      0   1512    210      3      2      0 
    1    236     65     69     96     24      0      0      0      0   1512   1410   1657      4      0 
    0     41     32     35      0      0      0      0      0      0   1512    210      3      2      0 
    1    235     65     69     96     24      0      0      0      0   1512   1410   1657      4      0 
    0     42     32     35      0      0      0      0      0      0   1512    210      3      2      0 
    1    233     64     67     96     24      0      0      0      0   1512   1410   1657      4      0 
    0     41     32     35      0      0      0      0      0      0   1512    210      3      2      0 
    1    234     65     69     96     24      0      0      0      0   1512   1410   1657      4      0 
    0     41     32     35      0      0      0      0      0      0   1512    210      3      2      0 
    1    232     65     69     96     24      0      0      0      0   1512   1410   1657      4      0 
    0     41     32     35      0      0      0      0      0      0   1512    210      3      2      0 
    1    233     65     67     96     24      0      0      0      0   1512   1410   1657      4      0 
    0     41     32     35      0      0      0      0      0      0   1512    210      3      2      0 
    1    233     64     67     96     24      0      0      0      0   1512   1410   1657      4      0 
    0     41     32     35      0      0      0      0      0      0   1512    210      3      2      0 
    1    237     65     69     96     24      0      0      0      0   1512   1410   1657      4      0 
    0     42     32     35      0      0      0      0      0      0   1512    210      3      2      0 
    1    236     65     69     95     24      0      0      0      0   1512   1410   1657      4      0 
    0     41     32     35      0      0      0      0      0      0   1512    210      3      2      0 
    1    237     65     67     96     24      0      0      0      0   1512   1410   1657      4      0 
    0     41     32     35      0      0      0      0      0      0   1512    210      3      2      0 
    1    237     64     67     96     24      0      0      0      0   1512   1410   1657      4      0 
    0     41     32     35      0      0      0      0      0      0   1512    210      3      2      0 
    1    237     65     69     96     24      0      0      0      0   1512   1410   1657      4      0 
    0     41     32     35      0      0      0      0      0      0   1512    210      3      2      0 
    1    236     65     69     96     24      0      0      0      0   1512   1410   1657      4      0 
    0     41     32     35      0      0      0      0      0      0   1512    210      3      2      0 
    1    233     64     67     96     24      0      0      0      0   1512   1410   1657      4      0 
    0     41     32     35      0      0      0      0      0      0   1512    210      3      2      0 
    1    233     64     67     96     24      0      0      0      0   1512   1410   1657      4      0 
    0     41     32     35      0      0      0      0      0      0   1512    210      3      2      0 
    1    239     65     69     96     24      0      0      0      0   1512   1410   1657      4      0 
    0     41     32     35      0      0      0      0      0      0   1512    210      3      2      0 
    1    235     65     69     96     24      0      0      0      0   1512   1410   1657      4      0 
    0     41     32     35      0      0      0      0      0      0   1512    210      3      2      0 
    1    234     64     67     96     24      0      0      0      0   1512   1410   1657      4      0 
    0     41     32     35      0      0      0      0      0      0   1512    210      3      2      0 
    1    234     65     67     96     24      0      0      0      0   1512   1410   1657      4      0 
    0     41     32     35      0      0      0      0      0      0   1512    210      3      2      0 
    1    237     66     69     96     24      0      0      0      0   1512   1410   1657      4      0 
# gpu    pwr  gtemp  mtemp     sm    mem    enc    dec    jpg    ofa   mclk   pclk     fb   bar1   ccpm 
# Idx      W      C      C      %      %      %      %      %      %    MHz    MHz     MB     MB     MB 
    0     41     32     35      0      0      0      0      0      0   1512    210      3      2      0 
    1    235     65     69     96     24      0      0      0      0   1512   1410   1657      4      0 
    0     41     32     35      0      0      0      0      0      0   1512    210      3      2      0 
    1    237     65     67     95     24      0      0      0      0   1512   1410   1657      4      0 
    0     41     32     35      0      0      0      0      0      0   1512    210      3      2      0 
    1    237     64     67     96     24      0      0      0      0   1512   1410   1657      4      0 
    0     41     32     35      0      0      0      0      0      0   1512    210      3      2      0 
    1    238     65     67     96     24      0      0      0      0   1512   1410   1657      4      0 
    0     41     32     35      0      0      0      0      0      0   1512    210      3      2      0 
    1    238     65     69     96     24      0      0      0      0   1512   1410   1657      4      0 
    0     42     32     35      0      0      0      0      0      0   1512    210      3      2      0 
    1    237     65     67     96     24      0      0      0      0   1512   1410   1657      4      0 
    0     41     32     35      0      0      0      0      0      0   1512    210      3      2      0 
    1    236     64     67     96     24      0      0      0      0   1512   1410   1657      4      0 
    0     41     32     35      0      0      0      0      0      0   1512    210      3      2      0 
    1    237     65     69     96     24      0      0      0      0   1512   1410   1657      4      0 
    0     41     32     35      0      0      0      0      0      0   1512    210      3      2      0 
    1    237     65     69     96     24      0      0      0      0   1512   1410   1657      4      0 
    0     42     32     35      0      0      0      0      0      0   1512    210      3      2      0 
    1    237     65     67     96     24      0      0      0      0   1512   1410   1657      4      0 
    0     41     32     35      0      0      0      0      0      0   1512    210      3      2      0 
    1    234     64     67     96     24      0      0      0      0   1512   1410   1657      4      0 
    0     42     32     35      0      0      0      0      0      0   1512    210      3      2      0 
    1    237     65     69     96     24      0      0      0      0   1512   1410   1657      4      0 
    0     41     32     35      0      0      0      0      0      0   1512    210      3      2      0 
    1    234     65     69     96     24      0      0      0      0   1512   1410   1657      4      0 
    0     41     32     35      0      0      0      0      0      0   1512    210      3      2      0 
    1    232     65     67     96     24      0      0      0      0   1512   1410   1657      4      0 
    0     41     32     35      0      0      0      0      0      0   1512    210      3      2      0 
    1    235     64     67     95     24      0      0      0      0   1512   1410   1657      4      0 
    0     41     32     35      0      0      0      0      0      0   1512    210      3      2      0 
    1    235     65     69     96     24      0      0      0      0   1512   1410   1657      4      0 
    0     41     32     35      0      0      0      0      0      0   1512    210      3      2      0 
    1    236     65     69     96     24      0      0      0      0   1512   1410   1657      4      0 
    0     40     32     35      0      0      0      0      0      0   1512    210      3      2      0 
    1    234     65     67     96     24      0      0      0      0   1512   1410   1657      4      0 
    0     41     32     35      0      0      0      0      0      0   1512    210      3      2      0 
    1    236     64     67     96     24      0      0      0      0   1512   1410   1657      4      0 
    0     41     32     35      0      0      0      0      0      0   1512    210      3      2      0 
    1    237     64     67     96     24      0      0      0      0   1512   1410   1657      4      0 
    0     41     32     35      0      0      0      0      0      0   1512    210      3      2      0 
    1    235     65     69     96     24      0      0      0      0   1512   1410   1657      4      0 
    0     41     32     35      0      0      0      0      0      0   1512    210      3      2      0 
    1    235     65     67     96     24      0      0      0      0   1512   1410   1657      4      0 
# gpu    pwr  gtemp  mtemp     sm    mem    enc    dec    jpg    ofa   mclk   pclk     fb   bar1   ccpm 
# Idx      W      C      C      %      %      %      %      %      %    MHz    MHz     MB     MB     MB 
    0     41     32     35      0      0      0      0      0      0   1512    210      3      2      0 
    1    233     64     67     96     24      0      0      0      0   1512   1410   1657      4      0 
    0     41     32     35      0      0      0      0      0      0   1512    210      3      2      0 
    1    234     65     69     96     24      0      0      0      0   1512   1410   1657      4      0 
    0     41     32     35      0      0      0      0      0      0   1512    210      3      2      0 
    1    233     65     69     96     24      0      0      0      0   1512   1410   1657      4      0 
    0     41     32     35      0      0      0      0      0      0   1512    210      3      2      0 
    1    232     65     67     96     24      0      0      0      0   1512   1410   1657      4      0 
    0     41     32     35      0      0      0      0      0      0   1512    210      3      2      0 
    1    235     64     67     97     24      0      0      0      0   1512   1410   1657      4      0 
    0     41     32     35      0      0      0      0      0      0   1512    210      3      2      0 
    1    238     65     69     96     24      0      0      0      0   1512   1410   1657      4      0 
    0     41     32     35      0      0      0      0      0      0   1512    210      3      2      0 
    1    236     65     69     97     24      0      0      0      0   1512   1410   1657      4      0 
    0     40     32     35      0      0      0      0      0      0   1512    210      3      2      0 
    1    235     64     67     96     24      0      0      0      0   1512   1410   1657      4      0 
    0     41     32     35      0      0      0      0      0      0   1512    210      3      2      0 
    1    234     65     67     96     24      0      0      0      0   1512   1410   1657      4      0 
    0     41     32     35      0      0      0      0      0      0   1512    210      3      2      0 
    1    235     65     69     96     24      0      0      0      0   1512   1410   1657      4      0 
    0     41     32     35      0      0      0      0      0      0   1512    210      3      2      0 
    1    238     65     69     96     24      0      0      0      0   1512   1410   1657      4      0 
    0     41     32     35      0      0      0      0      0      0   1512    210      3      2      0 
    1    235     64     67     96     24      0      0      0      0   1512   1410   1657      4      0 
    0     41     32     35      0      0      0      0      0      0   1512    210      3      2      0 
    1    237     65     67     96     24      0      0      0      0   1512   1410   1657      4      0 
    0     41     32     35      0      0      0      0      0      0   1512    210      3      2      0 
    1    238     65     69     96     24      0      0      0      0   1512   1410   1657      4      0 
    0     41     32     35      0      0      0      0      0      0   1512    210      3      2      0 
    1    237     65     69     96     24      0      0      0      0   1512   1410   1657      4      0 
    0     42     32     35      0      0      0      0      0      0   1512    210      3      2      0 
    1    238     64     67     96     24      0      0      0      0   1512   1410   1657      4      0 
    0     41     32     35      0      0      0      0      0      0   1512    210      3      2      0 
    1    235     65     67     96     24      0      0      0      0   1512   1410   1657      4      0 
    0     41     32     35      0      0      0      0      0      0   1512    210      3      2      0 
    1    233     65     69     96     24      0      0      0      0   1512   1410   1657      4      0 
    0     41     32     35      0      0      0      0      0      0   1512    210      3      2      0 
    1    237     65     69     96     24      0      0      0      0   1512   1410   1657      4      0 
    0     41     32     35      0      0      0      0      0      0   1512    210      3      2      0 
    1    232     64     67     96     24      0      0      0      0   1512   1410   1657      4      0 
    0     41     32     35      0      0      0      0      0      0   1512    210      3      2      0 
    1    234     65     67     96     24      0      0      0      0   1512   1410   1657      4      0 
    0     42     32     35      0      0      0      0      0      0   1512    210      3      2      0 
    1    235     65     69     96     24      0      0      0      0   1512   1410   1657      4      0 
# gpu    pwr  gtemp  mtemp     sm    mem    enc    dec    jpg    ofa   mclk   pclk     fb   bar1   ccpm 
# Idx      W      C      C      %      %      %      %      %      %    MHz    MHz     MB     MB     MB 
    0     41     32     35      0      0      0      0      0      0   1512    210      3      2      0 
    1    235     65     67     96     24      0      0      0      0   1512   1410   1657      4      0 
    0     41     32     35      0      0      0      0      0      0   1512    210      3      2      0 
    1    235     64     67     96     24      0      0      0      0   1512   1410   1657      4      0 
    0     41     32     35      0      0      0      0      0      0   1512    210      3      2      0 
    1    234     65     69     95     24      0      0      0      0   1512   1410   1657      4      0 
    0     41     32     35      0      0      0      0      0      0   1512    210      3      2      0 
    1    236     65     69     96     24      0      0      0      0   1512   1410   1657      4      0 
    0     41     32     35      0      0      0      0      0      0   1512    210      3      2      0 
    1    235     65     69     96     24      0      0      0      0   1512   1410   1657      4      0 
    0     41     32     35      0      0      0      0      0      0   1512    210      3      2      0 
    1    232     64     67     96     24      0      0      0      0   1512   1410   1657      4      0 
    0     41     32     35      0      0      0      0      0      0   1512    210      3      2      0 
    1    234     65     69     96     24      0      0      0      0   1512   1410   1657      4      0 
    0     41     32     35      0      0      0      0      0      0   1512    210      3      2      0 
    1    243     65     69     96     24      0      0      0      0   1512   1410   1657      4      0 
    0     41     32     35      0      0      0      0      0      0   1512    210      3      2      0 
    1    234     65     67     96     24      0      0      0      0   1512   1410   1657      4      0 
    0     41     32     35      0      0      0      0      0      0   1512    210      3      2      0 
    1    235     64     67     96     24      0      0      0      0   1512   1410   1657      4      0 
    0     42     32     35      0      0      0      0      0      0   1512    210      3      2      0 
    1    235     65     69     96     24      0      0      0      0   1512   1410   1657      4      0 
    0     41     32     35      0      0      0      0      0      0   1512    210      3      2      0 
    1    238     65     69     96     24      0      0      0      0   1512   1410   1657      4      0 
    0     42     32     35      0      0      0      0      0      0   1512    210      3      2      0 
    1    238     64     67     96     24      0      0      0      0   1512   1410   1657      4      0 
    0     41     32     35      0      0      0      0      0      0   1512    210      3      2      0 
    1    233     64     67     96     24      0      0      0      0   1512   1410   1657      4      0 
    0     42     32     35      0      0      0      0      0      0   1512    210      3      2      0 
    1    240     65     69     96     24      0      0      0      0   1512   1410   1657      4      0 
    0     40     32     35      0      0      0      0      0      0   1512    210      3      2      0 
    1    232     65     69     96     24      0      0      0      0   1512   1410   1657      4      0 
    0     41     32     35      0      0      0      0      0      0   1512    210      3      2      0 
    1    233     64     67     96     24      0      0      0      0   1512   1410   1657      4      0 
    0     41     32     35      0      0      0      0      0      0   1512    210      3      2      0 
    1    236     64     67     96     24      0      0      0      0   1512   1410   1657      4      0 
    0     41     32     35      0      0      0      0      0      0   1512    210      3      2      0 
    1    242     65     69     95     24      0      0      0      0   1512   1410   1657      4      0 
    0     41     32     35      0      0      0      0      0      0   1512    210      3      2      0 
    1    237     65     69     96     24      0      0      0      0   1512   1410   1657      4      0 
    0     41     32     35      0      0      0      0      0      0   1512    210      3      2      0 
    1    234     64     67     96     24      0      0      0      0   1512   1410   1657      4      0 
    0     41     32     35      0      0      0      0      0      0   1512    210      3      2      0 
    1    228     64     67     96     24      0      0      0      0   1512   1410   1657      4      0 
# gpu    pwr  gtemp  mtemp     sm    mem    enc    dec    jpg    ofa   mclk   pclk     fb   bar1   ccpm 
# Idx      W      C      C      %      %      %      %      %      %    MHz    MHz     MB     MB     MB 
    0     41     32     35      0      0      0      0      0      0   1512    210      3      2      0 
    1    236     65     69     96     24      0      0      0      0   1512   1410   1657      4      0 
    0     41     32     35      0      0      0      0      0      0   1512    210      3      2      0 
    1    235     65     69     96     24      0      0      0      0   1512   1410   1657      4      0 
    0     41     32     35      0      0      0      0      0      0   1512    210      3      2      0 
    1    234     64     67     96     24      0      0      0      0   1512   1410   1657      4      0 
    0     41     32     35      0      0      0      0      0      0   1512    210      3      2      0 
    1    238     65     67     96     24      0      0      0      0   1512   1410   1657      4      0 
    0     42     32     35      0      0      0      0      0      0   1512    210      3      2      0 
    1    237     65     69     96     24      0      0      0      0   1512   1410   1657      4      0 
    0     41     32     35      0      0      0      0      0      0   1512    210      3      2      0 
    1    233     65     67     96     24      0      0      0      0   1512   1410   1657      4      0 
    0     41     32     35      0      0      0      0      0      0   1512    210      3      2      0 
    1    236     64     67     96     24      0      0      0      0   1512   1410   1657      4      0 
    0     41     32     35      0      0      0      0      0      0   1512    210      3      2      0 
    1    235     65     69     96     24      0      0      0      0   1512   1410   1657      4      0 
    0     41     32     35      0      0      0      0      0      0   1512    210      3      2      0 
    1    233     65     69     96     24      0      0      0      0   1512   1410   1657      4      0 
    0     41     32     35      0      0      0      0      0      0   1512    210      3      2      0 
    1    235     65     67     96     24      0      0      0      0   1512   1410   1657      4      0 
    0     41     32     35      0      0      0      0      0      0   1512    210      3      2      0 
    1    236     64     67     96     24      0      0      0      0   1512   1410   1657      4      0 
    0     41     32     35      0      0      0      0      0      0   1512    210      3      2      0 
    1    235     65     69     96     24      0      0      0      0   1512   1410   1657      4      0 
    0     41     32     35      0      0      0      0      0      0   1512    210      3      2      0 
    1    238     65     69     96     24      0      0      0      0   1512   1410   1657      4      0 
    0     41     32     35      0      0      0      0      0      0   1512    210      3      2      0 
    1    238     65     67     96     24      0      0      0      0   1512   1410   1657      4      0 
    0     40     32     35      0      0      0      0      0      0   1512    210      3      2      0 
    1    237     64     67     96     24      0      0      0      0   1512   1410   1657      4      0 
    0     40     32     35      0      0      0      0      0      0   1512    210      3      2      0 
    1    235     65     69     96     24      0      0      0      0   1512   1410   1657      4      0 
    0     41     32     35      0      0      0      0      0      0   1512    210      3      2      0 
    1    233     65     69     96     24      0      0      0      0   1512   1410   1657      4      0 
    0     41     32     35      0      0      0      0      0      0   1512    210      3      2      0 
    1    238     64     67     96     24      0      0      0      0   1512   1410   1657      4      0 
    0     42     32     35      0      0      0      0      0      0   1512    210      3      2      0 
    1    238     65     67     96     24      0      0      0      0   1512   1410   1657      4      0 
    0     42     32     35      0      0      0      0      0      0   1512    210      3      2      0 
    1    239     65     69     96     24      0      0      0      0   1512   1410   1657      4      0 
    0     41     32     35      0      0      0      0      0      0   1512    210      3      2      0 
    1    235     65     67     96     24      0      0      0      0   1512   1410   1657      4      0 
    0     41     32     35      0      0      0      0      0      0   1512    210      3      2      0 
    1    233     64     67     96     24      0      0      0      0   1512   1410   1657      4      0 
# gpu    pwr  gtemp  mtemp     sm    mem    enc    dec    jpg    ofa   mclk   pclk     fb   bar1   ccpm 
# Idx      W      C      C      %      %      %      %      %      %    MHz    MHz     MB     MB     MB 
    0     41     32     35      0      0      0      0      0      0   1512    210      3      2      0 
    1    234     65     67     96     24      0      0      0      0   1512   1410   1657      4      0 
    0     41     32     35      0      0      0      0      0      0   1512    210      3      2      0 
    1    235     65     69     96     24      0      0      0      0   1512   1410   1657      4      0 
    0     41     32     35      0      0      0      0      0      0   1512    210      3      2      0 
    1    234     65     67     96     24      0      0      0      0   1512   1410   1657      4      0 
    0     41     32     35      0      0      0      0      0      0   1512    210      3      2      0 
    1    234     64     67     96     24      0      0      0      0   1512   1410   1657      4      0 
    0     41     32     35      0      0      0      0      0      0   1512    210      3      2      0 
    1    234     65     69     96     24      0      0      0      0   1512   1410   1657      4      0 
    0     41     32     35      0      0      0      0      0      0   1512    210      3      2      0 
    1    238     65     69     96     24      0      0      0      0   1512   1410   1657      4      0 
    0     41     32     35      0      0      0      0      0      0   1512    210      3      2      0 
    1    234     65     67     96     24      0      0      0      0   1512   1410   1657      4      0 
    0     41     32     35      0      0      0      0      0      0   1512    210      3      2      0 
    1    235     64     67     96     24      0      0      0      0   1512   1410   1657      4      0 
    0     41     32     35      0      0      0      0      0      0   1512    210      3      2      0 
    1    234     65     69     96     24      0      0      0      0   1512   1410   1657      4      0 
    0     41     32     35      0      0      0      0      0      0   1512    210      3      2      0 
    1    234     65     69     96     24      0      0      0      0   1512   1410   1657      4      0 
    0     41     32     35      0      0      0      0      0      0   1512    210      3      2      0 
    1    236     64     67     96     24      0      0      0      0   1512   1410   1657      4      0 
    0     41     32     35      0      0      0      0      0      0   1512    210      3      2      0 
    1    238     65     67     96     24      0      0      0      0   1512   1410   1657      4      0 
    0     41     32     35      0      0      0      0      0      0   1512    210      3      2      0 
    1    235     65     69     96     24      0      0      0      0   1512   1410   1657      4      0 
    0     42     32     35      0      0      0      0      0      0   1512    210      3      2      0 
    1    233     65     69     96     24      0      0      0      0   1512   1410   1657      4      0 
    0     41     32     35      0      0      0      0      0      0   1512    210      3      2      0 
    1    238     64     67     96     24      0      0      0      0   1512   1410   1657      4      0 
    0     41     32     35      0      0      0      0      0      0   1512    210      3      2      0 
    1    233     65     69     96     24      0      0      0      0   1512   1410   1657      4      0 
    0     41     32     35      0      0      0      0      0      0   1512    210      3      2      0 
    1    235     65     69     95     24      0      0      0      0   1512   1410   1657      4      0 
    0     41     32     35      0      0      0      0      0      0   1512    210      3      2      0 
    1    234     65     67     96     24      0      0      0      0   1512   1410   1657      4      0 
    0     41     32     35      0      0      0      0      0      0   1512    210      3      2      0 
    1    234     64     67     96     24      0      0      0      0   1512   1410   1657      4      0 
    0     42     32     35      0      0      0      0      0      0   1512    210      3      2      0 
    1    236     65     69     96     24      0      0      0      0   1512   1410   1657      4      0 
    0     41     32     35      0      0      0      0      0      0   1512    210      3      2      0 
    1    237     65     69     96     24      0      0      0      0   1512   1410   1657      4      0 
    0     40     32     35      0      0      0      0      0      0   1512    210      3      2      0 
    1    235     64     67     96     24      0      0      0      0   1512   1410   1657      4      0 
# gpu    pwr  gtemp  mtemp     sm    mem    enc    dec    jpg    ofa   mclk   pclk     fb   bar1   ccpm 
# Idx      W      C      C      %      %      %      %      %      %    MHz    MHz     MB     MB     MB 
    0     41     32     35      0      0      0      0      0      0   1512    210      3      2      0 
    1    236     65     67     96     24      0      0      0      0   1512   1410   1657      4      0 
    0     42     32     35      0      0      0      0      0      0   1512    210      3      2      0 
    1    238     65     69     96     24      0      0      0      0   1512   1410   1657      4      0 
    0     41     32     35      0      0      0      0      0      0   1512    210      3      2      0 
    1    234     65     69     96     24      0      0      0      0   1512   1410   1657      4      0 
    0     41     32     35      0      0      0      0      0      0   1512    210      3      2      0 
    1    234     64     67     96     24      0      0      0      0   1512   1410   1657      4      0 
    0     41     32     35      0      0      0      0      0      0   1512    210      3      2      0 
    1    237     65     69     96     24      0      0      0      0   1512   1410   1657      4      0 
    0     41     32     35      0      0      0      0      0      0   1512    210      3      2      0 
    1    235     65     69     96     24      0      0      0      0   1512   1410   1657      4      0 
    0     41     32     35      0      0      0      0      0      0   1512    210      3      2      0 
    1    237     65     67     96     24      0      0      0      0   1512   1410   1657      4      0 
    0     41     32     35      0      0      0      0      0      0   1512    210      3      2      0 
    1    234     64     67     96     24      0      0      0      0   1512   1410   1657      4      0 
    0     41     32     35      0      0      0      0      0      0   1512    210      3      2      0 
    1    237     65     69     96     24      0      0      0      0   1512   1410   1657      4      0 
    0     41     32     35      0      0      0      0      0      0   1512    210      3      2      0 
    1    236     65     69     96     24      0      0      0      0   1512   1410   1657      4      0 
    0     41     32     35      0      0      0      0      0      0   1512    210      3      2      0 
    1    234     64     67     95     24      0      0      0      0   1512   1410   1657      4      0 
    0     41     32     35      0      0      0      0      0      0   1512    210      3      2      0 
    1    236     64     67     96     24      0      0      0      0   1512   1410   1657      4      0 
    0     41     32     35      0      0      0      0      0      0   1512    210      3      2      0 
    1    240     65     69     96     24      0      0      0      0   1512   1410   1657      4      0 
    0     41     32     35      0      0      0      0      0      0   1512    210      3      2      0 
    1    234     65     69     96     24      0      0      0      0   1512   1410   1657      4      0 
    0     41     32     35      0      0      0      0      0      0   1512    210      3      2      0 
    1    233     64     67     96     24      0      0      0      0   1512   1410   1657      4      0 
    0     41     32     35      0      0      0      0      0      0   1512    210      3      2      0 
    1    234     64     67     96     24      0      0      0      0   1512   1410   1657      4      0 
    0     41     32     35      0      0      0      0      0      0   1512    210      3      2      0 
    1    236     65     69     96     24      0      0      0      0   1512   1410   1657      4      0 
    0     41     32     35      0      0      0      0      0      0   1512    210      3      2      0 
    1    236     65     69     96     24      0      0      0      0   1512   1410   1657      4      0 
    0     41     32     35      0      0      0      0      0      0   1512    210      3      2      0 
    1    238     65     69     96     24      0      0      0      0   1512   1410   1657      4      0 
    0     42     32     35      0      0      0      0      0      0   1512    210      3      2      0 
    1    236     64     67     96     24      0      0      0      0   1512   1410   1657      4      0 
    0     41     32     35      0      0      0      0      0      0   1512    210      3      2      0 
    1    238     65     69     96     24      0      0      0      0   1512   1410   1657      4      0 
    0     41     32     35      0      0      0      0      0      0   1512    210      3      2      0 
    1    233     65     69     96     24      0      0      0      0   1512   1410   1657      4      0 
# gpu    pwr  gtemp  mtemp     sm    mem    enc    dec    jpg    ofa   mclk   pclk     fb   bar1   ccpm 
# Idx      W      C      C      %      %      %      %      %      %    MHz    MHz     MB     MB     MB 
    0     41     32     35      0      0      0      0      0      0   1512    210      3      2      0 
    1    238     65     67     96     24      0      0      0      0   1512   1410   1657      4      0 
    0     41     32     35      0      0      0      0      0      0   1512    210      3      2      0 
    1    236     64     67     95     24      0      0      0      0   1512   1410   1657      4      0 
    0     41     32     35      0      0      0      0      0      0   1512    210      3      2      0 
    1    234     65     69     96     24      0      0      0      0   1512   1410   1657      4      0 
    0     42     32     35      0      0      0      0      0      0   1512    210      3      2      0 
    1    238     65     69     96     24      0      0      0      0   1512   1410   1657      4      0 
    0     41     32     35      0      0      0      0      0      0   1512    210      3      2      0 
    1    231     64     67     95     24      0      0      0      0   1512   1410   1657      4      0 
    0     41     32     35      0      0      0      0      0      0   1512    210      3      2      0 
    1    235     64     67     96     24      0      0      0      0   1512   1410   1657      4      0 
    0     41     32     35      0      0      0      0      0      0   1512    210      3      2      0 
    1    237     65     69     96     24      0      0      0      0   1512   1410   1657      4      0 
    0     41     32     35      0      0      0      0      0      0   1512    210      3      2      0 
    1    235     65     69     96     24      0      0      0      0   1512   1410   1657      4      0 
    0     41     32     35      0      0      0      0      0      0   1512    210      3      2      0 
    1    235     64     67     96     24      0      0      0      0   1512   1410   1657      4      0 
    0     41     32     35      0      0      0      0      0      0   1512    210      3      2      0 
    1    237     64     67     96     24      0      0      0      0   1512   1410   1657      4      0 
    0     41     32     35      0      0      0      0      0      0   1512    210      3      2      0 
    1    238     65     69     96     24      0      0      0      0   1512   1410   1657      4      0 
    0     41     32     35      0      0      0      0      0      0   1512    210      3      2      0 
    1    235     65     69     96     24      0      0      0      0   1512   1410   1657      4      0 
    0     41     32     35      0      0      0      0      0      0   1512    210      3      2      0 
    1    236     65     69     96     24      0      0      0      0   1512   1410   1657      4      0 
    0     41     32     35      0      0      0      0      0      0   1512    210      3      2      0 
    1    236     64     67     96     24      0      0      0      0   1512   1410   1657      4      0 
    0     41     32     35      0      0      0      0      0      0   1512    210      3      2      0 
    1    234     65     69     96     24      0      0      0      0   1512   1410   1657      4      0 
    0     41     32     35      0      0      0      0      0      0   1512    210      3      2      0 
    1    236     65     69     96     24      0      0      0      0   1512   1410   1657      4      0 
    0     41     32     35      0      0      0      0      0      0   1512    210      3      2      0 
    1    235     65     67     96     24      0      0      0      0   1512   1410   1657      4      0 
    0     42     32     35      0      0      0      0      0      0   1512    210      3      2      0 
    1    233     64     67     96     24      0      0      0      0   1512   1410   1657      4      0 
    0     41     32     35      0      0      0      0      0      0   1512    210      3      2      0 
    1    234     65     69     96     24      0      0      0      0   1512   1410   1657      4      0 
    0     41     32     35      0      0      0      0      0      0   1512    210      3      2      0 
    1    235     65     69     96     24      0      0      0      0   1512   1410   1657      4      0 
    0     41     32     35      0      0      0      0      0      0   1512    210      3      2      0 
    1    233     65     69     96     24      0      0      0      0   1512   1410   1657      4      0 
    0     42     32     35      0      0      0      0      0      0   1512    210      3      2      0 
    1    237     64     67     97     24      0      0      0      0   1512   1410   1657      4      0 
# gpu    pwr  gtemp  mtemp     sm    mem    enc    dec    jpg    ofa   mclk   pclk     fb   bar1   ccpm 
# Idx      W      C      C      %      %      %      %      %      %    MHz    MHz     MB     MB     MB 
    0     41     32     35      0      0      0      0      0      0   1512    210      3      2      0 
    1    232     65     69     96     24      0      0      0      0   1512   1410   1657      4      0 
    0     42     32     35      0      0      0      0      0      0   1512    210      3      2      0 
    1    239     65     69     96     24      0      0      0      0   1512   1410   1657      4      0 
    0     41     32     35      0      0      0      0      0      0   1512    210      3      2      0 
    1    231     65     67     96     24      0      0      0      0   1512   1410   1657      4      0 
    0     41     32     35      0      0      0      0      0      0   1512    210      3      2      0 
    1    236     64     67     96     24      0      0      0      0   1512   1410   1657      4      0 
    0     41     32     35      0      0      0      0      0      0   1512    210      3      2      0 
    1    235     65     69     96     24      0      0      0      0   1512   1410   1657      4      0 
    0     42     32     35      0      0      0      0      0      0   1512    210      3      2      0 
    1    236     65     69     96     24      0      0      0      0   1512   1410   1657      4      0 
    0     41     32     35      0      0      0      0      0      0   1512    210      3      2      0 
    1    232     65     67     96     24      0      0      0      0   1512   1410   1657      4      0 
    0     41     32     35      0      0      0      0      0      0   1512    210      3      2      0 
    1    233     64     67     96     24      0      0      0      0   1512   1410   1657      4      0 
    0     41     32     35      0      0      0      0      0      0   1512    210      3      2      0 
    1    233     65     69     96     24      0      0      0      0   1512   1410   1657      4      0 
    0     42     32     35      0      0      0      0      0      0   1512    210      3      2      0 
    1    235     65     69     96     24      0      0      0      0   1512   1410   1657      4      0 
    0     41     32     35      0      0      0      0      0      0   1512    210      3      2      0 
    1    231     64     67     96     24      0      0      0      0   1512   1410   1657      4      0 
    0     42     32     35      0      0      0      0      0      0   1512    210      3      2      0 
    1    235     64     67     96     24      0      0      0      0   1512   1410   1657      4      0 
    0     42     32     35      0      0      0      0      0      0   1512    210      3      2      0 
    1    240     65     69     96     24      0      0      0      0   1512   1410   1657      4      0 
    0     41     32     35      0      0      0      0      0      0   1512    210      3      2      0 
    1    236     65     69     96     24      0      0      0      0   1512   1410   1657      4      0 
    0     41     32     35      0      0      0      0      0      0   1512    210      3      2      0 
    1    233     65     67     96     24      0      0      0      0   1512   1410   1657      4      0 
    0     41     32     35      0      0      0      0      0      0   1512    210      3      2      0 
    1    237     64     67     96     24      0      0      0      0   1512   1410   1657      4      0 
    0     41     32     35      0      0      0      0      0      0   1512    210      3      2      0 
    1    233     65     67     96     24      0      0      0      0   1512   1410   1657      4      0 
    0     41     32     35      0      0      0      0      0      0   1512    210      3      2      0 
    1    236     65     69     96     24      0      0      0      0   1512   1410   1657      4      0 
    0     41     32     35      0      0      0      0      0      0   1512    210      3      2      0 
    1    233     65     67     96     24      0      0      0      0   1512   1410   1657      4      0 
    0     41     32     35      0      0      0      0      0      0   1512    210      3      2      0 
    1    235     64     67     96     24      0      0      0      0   1512   1410   1657      4      0 
    0     41     32     35      0      0      0      0      0      0   1512    210      3      2      0 
    1    236     65     69     96     24      0      0      0      0   1512   1410   1657      4      0 
    0     41     32     35      0      0      0      0      0      0   1512    210      3      2      0 
    1    235     65     69     96     24      0      0      0      0   1512   1410   1657      4      0 
# gpu    pwr  gtemp  mtemp     sm    mem    enc    dec    jpg    ofa   mclk   pclk     fb   bar1   ccpm 
# Idx      W      C      C      %      %      %      %      %      %    MHz    MHz     MB     MB     MB 
    0     41     32     35      0      0      0      0      0      0   1512    210      3      2      0 
    1    238     64     67     96     24      0      0      0      0   1512   1410   1657      4      0 
    0     41     32     35      0      0      0      0      0      0   1512    210      3      2      0 
    1    239     64     67     96     24      0      0      0      0   1512   1410   1657      4      0 
    0     41     32     35      0      0      0      0      0      0   1512    210      3      2      0 
    1    238     65     69     95     24      0      0      0      0   1512   1410   1657      4      0 
    0     41     32     35      0      0      0      0      0      0   1512    210      3      2      0 
    1    233     65     67     96     24      0      0      0      0   1512   1410   1657      4      0 
    0     41     32     35      0      0      0      0      0      0   1512    210      3      2      0 
    1    234     64     67     96     24      0      0      0      0   1512   1410   1657      4      0 
    0     41     32     35      0      0      0      0      0      0   1512    210      3      2      0 
    1    236     65     67     96     24      0      0      0      0   1512   1410   1657      4      0 
    0     41     32     35      0      0      0      0      0      0   1512    210      3      2      0 
    1    240     65     69     96     24      0      0      0      0   1512   1410   1657      4      0 
    0     41     32     35      0      0      0      0      0      0   1512    210      3      2      0 
    1    234     65     67     96     24      0      0      0      0   1512   1410   1657      4      0 
    0     41     32     35      0      0      0      0      0      0   1512    210      3      2      0 
    1    236     64     67     97     24      0      0      0      0   1512   1410   1657      4      0 
    0     41     32     35      0      0      0      0      0      0   1512    210      3      2      0 
    1    238     65     67     96     24      0      0      0      0   1512   1410   1657      4      0 
    0     41     32     35      0      0      0      0      0      0   1512    210      3      2      0 
    1    234     65     69     96     24      0      0      0      0   1512   1410   1657      4      0 
    0     42     32     35      0      0      0      0      0      0   1512    210      3      2      0 
    1    234     65     69     96     24      0      0      0      0   1512   1410   1657      4      0 
    0     41     32     35      0      0      0      0      0      0   1512    210      3      2      0 
    1    238     64     67     96     24      0      0      0      0   1512   1410   1657      4      0 
    0     41     32     35      0      0      0      0      0      0   1512    210      3      2      0 
    1    237     65     67     96     24      0      0      0      0   1512   1410   1657      4      0 
    0     41     32     35      0      0      0      0      0      0   1512    210      3      2      0 
    1    234     65     69     96     24      0      0      0      0   1512   1410   1657      4      0 
    0     41     32     35      0      0      0      0      0      0   1512    210      3      2      0 
    1    233     65     67     95     24      0      0      0      0   1512   1410   1657      4      0 
    0     41     32     35      0      0      0      0      0      0   1512    210      3      2      0 
    1    233     64     67     96     24      0      0      0      0   1512   1410   1657      4      0 
    0     41     32     35      0      0      0      0      0      0   1512    210      3      2      0 
    1    238     65     69     96     24      0      0      0      0   1512   1410   1657      4      0 
    0     41     32     35      0      0      0      0      0      0   1512    210      3      2      0 
    1    239     65     69     96     24      0      0      0      0   1512   1410   1657      4      0 
    0     41     32     35      0      0      0      0      0      0   1512    210      3      2      0 
    1    234     65     67     96     24      0      0      0      0   1512   1410   1657      4      0 
    0     41     32     35      0      0      0      0      0      0   1512    210      3      2      0 
    1    235     64     67     96     24      0      0      0      0   1512   1410   1657      4      0 
    0     41     32     35      0      0      0      0      0      0   1512    210      3      2      0 
    1    239     65     69     96     24      0      0      0      0   1512   1410   1657      4      0 
# gpu    pwr  gtemp  mtemp     sm    mem    enc    dec    jpg    ofa   mclk   pclk     fb   bar1   ccpm 
# Idx      W      C      C      %      %      %      %      %      %    MHz    MHz     MB     MB     MB 
    0     42     32     35      0      0      0      0      0      0   1512    210      3      2      0 
    1    234     65     69     96     24      0      0      0      0   1512   1410   1657      4      0 
    0     41     32     35      0      0      0      0      0      0   1512    210      3      2      0 
    1    234     64     67     96     24      0      0      0      0   1512   1410   1657      4      0 
    0     41     32     35      0      0      0      0      0      0   1512    210      3      2      0 
    1    235     64     67     96     24      0      0      0      0   1512   1410   1657      4      0 
    0     42     32     35      0      0      0      0      0      0   1512    210      3      2      0 
    1    235     65     69     96     24      0      0      0      0   1512   1410   1657      4      0 
    0     42     32     35      0      0      0      0      0      0   1512    210      3      2      0 
    1    237     65     69     96     24      0      0      0      0   1512   1410   1657      4      0 
    0     41     32     35      0      0      0      0      0      0   1512    210      3      2      0 
    1    238     64     67     96     24      0      0      0      0   1512   1410   1657      4      0 
    0     41     32     35      0      0      0      0      0      0   1512    210      3      2      0 
    1    237     65     67     96     24      0      0      0      0   1512   1410   1657      4      0 
    0     40     32     35      0      0      0      0      0      0   1512    210      3      2      0 
    1    236     65     69     96     24      0      0      0      0   1512   1410   1657      4      0 
    0     41     32     35      0      0      0      0      0      0   1512    210      3      2      0 
    1    237     65     69     96     24      0      0      0      0   1512   1410   1657      4      0 
    0     41     32     35      0      0      0      0      0      0   1512    210      3      2      0 
    1    234     64     67     96     24      0      0      0      0   1512   1410   1657      4      0 
    0     41     32     35      0      0      0      0      0      0   1512    210      3      2      0 
    1    233     65     67     96     24      0      0      0      0   1512   1410   1657      4      0 
    0     41     32     35      0      0      0      0      0      0   1512    210      3      2      0 
    1    238     65     69     96     24      0      0      0      0   1512   1410   1657      4      0 
    0     41     32     35      0      0      0      0      0      0   1512    210      3      2      0 
    1    236     65     67     96     24      0      0      0      0   1512   1410   1657      4      0 
    0     41     32     35      0      0      0      0      0      0   1512    210      3      2      0 
    1    238     64     67     96     24      0      0      0      0   1512   1410   1657      4      0 
    0     41     32     35      0      0      0      0      0      0   1512    210      3      2      0 
    1    236     65     69     96     24      0      0      0      0   1512   1410   1657      4      0 
    0     41     32     35      0      0      0      0      0      0   1512    210      3      2      0 
    1    239     65     69     96     24      0      0      0      0   1512   1410   1657      4      0 
    0     41     32     35      0      0      0      0      0      0   1512    210      3      2      0 
    1    235     65     67     96     24      0      0      0      0   1512   1410   1657      4      0 
    0     41     32     35      0      0      0      0      0      0   1512    210      3      2      0 
    1    232     64     67     96     24      0      0      0      0   1512   1410   1657      4      0 
    0     41     32     35      0      0      0      0      0      0   1512    210      3      2      0 
    1    232     65     69     96     24      0      0      0      0   1512   1410   1657      4      0 
    0     41     32     35      0      0      0      0      0      0   1512    210      3      2      0 
    1    236     65     69     96     24      0      0      0      0   1512   1410   1657      4      0 
    0     41     32     35      0      0      0      0      0      0   1512    210      3      2      0 
    1    234     64     67     96     24      0      0      0      0   1512   1410   1657      4      0 
    0     41     32     35      0      0      0      0      0      0   1512    210      3      2      0 
    1    237     65     67     96     24      0      0      0      0   1512   1410   1657      4      0 
# gpu    pwr  gtemp  mtemp     sm    mem    enc    dec    jpg    ofa   mclk   pclk     fb   bar1   ccpm 
# Idx      W      C      C      %      %      %      %      %      %    MHz    MHz     MB     MB     MB 
    0     41     32     35      0      0      0      0      0      0   1512    210      3      2      0 
    1    239     65     69     96     24      0      0      0      0   1512   1410   1657      4      0 
    0     41     32     35      0      0      0      0      0      0   1512    210      3      2      0 
    1    237     65     69     96     24      0      0      0      0   1512   1410   1657      4      0 
    0     41     32     35      0      0      0      0      0      0   1512    210      3      2      0 
    1    234     64     67     96     24      0      0      0      0   1512   1410   1657      4      0 
    0     41     32     35      0      0      0      0      0      0   1512    210      3      2      0 
    1    236     65     67     96     24      0      0      0      0   1512   1410   1657      4      0 
    0     41     32     35      0      0      0      0      0      0   1512    210      3      2      0 
    1    234     65     69     96     24      0      0      0      0   1512   1410   1657      4      0 
    0     41     32     35      0      0      0      0      0      0   1512    210      3      2      0 
    1    233     65     67     96     24      0      0      0      0   1512   1410   1657      4      0 
    0     41     32     35      0      0      0      0      0      0   1512    210      3      2      0 
    1    235     64     67     96     24      0      0      0      0   1512   1410   1657      4      0 
    0     41     32     35      0      0      0      0      0      0   1512    210      3      2      0 
    1    236     65     69     96     24      0      0      0      0   1512   1410   1657      4      0 
    0     41     32     35      0      0      0      0      0      0   1512    210      3      2      0 
    1    235     65     69     96     24      0      0      0      0   1512   1410   1657      4      0 
    0     41     32     35      0      0      0      0      0      0   1512    210      3      2      0 
    1    236     64     67     96     24      0      0      0      0   1512   1410   1657      4      0 
    0     41     32     35      0      0      0      0      0      0   1512    210      3      2      0 
    1    230     64     67     96     24      0      0      0      0   1512   1410   1657      4      0 
    0     41     32     35      0      0      0      0      0      0   1512    210      3      2      0 
    1    235     65     69     96     24      0      0      0      0   1512   1410   1657      4      0 
    0     41     32     35      0      0      0      0      0      0   1512    210      3      2      0 
    1    238     65     69     96     24      0      0      0      0   1512   1410   1657      4      0 
    0     41     32     35      0      0      0      0      0      0   1512    210      3      2      0 
    1    234     65     67     96     24      0      0      0      0   1512   1410   1657      4      0 
    0     41     32     35      0      0      0      0      0      0   1512    210      3      2      0 
    1    234     64     67     96     24      0      0      0      0   1512   1410   1657      4      0 
    0     41     32     35      0      0      0      0      0      0   1512    210      3      2      0 
    1    234     65     69     96     24      0      0      0      0   1512   1410   1657      4      0 
    0     41     32     35      0      0      0      0      0      0   1512    210      3      2      0 
    1    234     65     69     96     24      0      0      0      0   1512   1410   1657      4      0 
    0     40     32     35      0      0      0      0      0      0   1512    210      3      2      0 
    1    232     65     67     96     24      0      0      0      0   1512   1410   1657      4      0 
    0     42     32     35      0      0      0      0      0      0   1512    210      3      2      0 
    1    235     64     67     96     24      0      0      0      0   1512   1410   1657      4      0 
    0     41     32     35      0      0      0      0      0      0   1512    210      3      2      0 
    1    234     65     69     96     24      0      0      0      0   1512   1410   1657      4      0 
    0     41     32     35      0      0      0      0      0      0   1512    210      3      2      0 
    1    237     65     69     96     24      0      0      0      0   1512   1410   1657      4      0 
    0     42     32     35      0      0      0      0      0      0   1512    210      3      2      0 
    1    235     64     67     96     24      0      0      0      0   1512   1410   1657      4      0 
# gpu    pwr  gtemp  mtemp     sm    mem    enc    dec    jpg    ofa   mclk   pclk     fb   bar1   ccpm 
# Idx      W      C      C      %      %      %      %      %      %    MHz    MHz     MB     MB     MB 
    0     41     32     35      0      0      0      0      0      0   1512    210      3      2      0 
    1    236     65     67     95     24      0      0      0      0   1512   1410   1657      4      0 
    0     41     32     35      0      0      0      0      0      0   1512    210      3      2      0 
    1    234     65     69     96     24      0      0      0      0   1512   1410   1657      4      0 
    0     41     32     35      0      0      0      0      0      0   1512    210      3      2      0 
    1    235     65     67     96     24      0      0      0      0   1512   1410   1657      4      0 
    0     41     32     35      0      0      0      0      0      0   1512    210      3      2      0 
    1    239     64     67     96     24      0      0      0      0   1512   1410   1657      4      0 
    0     41     32     35      0      0      0      0      0      0   1512    210      3      2      0 
    1    237     65     67     96     24      0      0      0      0   1512   1410   1657      4      0 
    0     41     32     35      0      0      0      0      0      0   1512    210      3      2      0 
    1    233     66     69     96     24      0      0      0      0   1512   1410   1657      4      0 
    0     42     32     35      0      0      0      0      0      0   1512    210      3      2      0 
    1    236     65     69     96     24      0      0      0      0   1512   1410   1657      4      0 
    0     41     32     35      0      0      0      0      0      0   1512    210      3      2      0 
    1    236     65     67     96     24      0      0      0      0   1512   1410   1657      4      0 
    0     41     32     35      0      0      0      0      0      0   1512    210      3      2      0 
    1    231     64     67     96     24      0      0      0      0   1512   1410   1657      4      0 
    0     41     32     35      0      0      0      0      0      0   1512    210      3      2      0 
    1    235     65     69     96     24      0      0      0      0   1512   1410   1657      4      0 
    0     41     32     35      0      0      0      0      0      0   1512    210      3      2      0 
    1    236     65     69     96     24      0      0      0      0   1512   1410   1657      4      0 
    0     41     32     35      0      0      0      0      0      0   1512    210      3      2      0 
    1    235     65     69     96     24      0      0      0      0   1512   1410   1657      4      0 
    0     41     32     35      0      0      0      0      0      0   1512    210      3      2      0 
    1    233     64     67     96     24      0      0      0      0   1512   1410   1657      4      0 
    0     41     32     35      0      0      0      0      0      0   1512    210      3      2      0 
    1    239     65     69     95     24      0      0      0      0   1512   1410   1657      4      0 
    0     42     32     35      0      0      0      0      0      0   1512    210      3      2      0 
    1    236     65     69     96     24      0      0      0      0   1512   1410   1657      4      0 
    0     41     32     35      0      0      0      0      0      0   1512    210      3      2      0 
    1    237     65     67     96     24      0      0      0      0   1512   1410   1657      4      0 
    0     40     32     35      0      0      0      0      0      0   1512    210      3      2      0 
    1    240     64     67     96     24      0      0      0      0   1512   1410   1657      4      0 
    0     41     32     35      0      0      0      0      0      0   1512    210      3      2      0 
    1    235     65     69     96     24      0      0      0      0   1512   1410   1657      4      0 
    0     41     32     35      0      0      0      0      0      0   1512    210      3      2      0 
    1    234     65     69     96     24      0      0      0      0   1512   1410   1657      4      0 
    0     42     32     35      0      0      0      0      0      0   1512    210      3      2      0 
    1    236     65     67     96     24      0      0      0      0   1512   1410   1657      4      0 
    0     41     32     35      0      0      0      0      0      0   1512    210      3      2      0 
    1    235     64     67     96     24      0      0      0      0   1512   1410   1657      4      0 
    0     41     32     35      0      0      0      0      0      0   1512    210      3      2      0 
    1    237     65     67     96     24      0      0      0      0   1512   1410   1657      4      0 
# gpu    pwr  gtemp  mtemp     sm    mem    enc    dec    jpg    ofa   mclk   pclk     fb   bar1   ccpm 
# Idx      W      C      C      %      %      %      %      %      %    MHz    MHz     MB     MB     MB 
    0     42     32     35      0      0      0      0      0      0   1512    210      3      2      0 
    1    237     65     69     96     24      0      0      0      0   1512   1410   1657      4      0 
    0     40     32     35      0      0      0      0      0      0   1512    210      3      2      0 
    1    236     65     69     96     24      0      0      0      0   1512   1410   1657      4      0 
    0     41     32     35      0      0      0      0      0      0   1512    210      3      2      0 
    1    236     64     67     96     24      0      0      0      0   1512   1410   1657      4      0 
    0     41     32     35      0      0      0      0      0      0   1512    210      3      2      0 
    1    233     65     67     96     24      0      0      0      0   1512   1410   1657      4      0 
    0     41     32     35      0      0      0      0      0      0   1512    210      3      2      0 
    1    240     65     69     96     24      0      0      0      0   1512   1410   1657      4      0 
    0     41     32     35      0      0      0      0      0      0   1512    210      3      2      0 
    1    238     65     69     96     24      0      0      0      0   1512   1410   1657      4      0 
    0     41     32     35      0      0      0      0      0      0   1512    210      3      2      0 
    1    237     64     67     96     24      0      0      0      0   1512   1410   1657      4      0 
    0     41     32     35      0      0      0      0      0      0   1512    210      3      2      0 
    1    230     65     67     96     24      0      0      0      0   1512   1410   1657      4      0 
    0     41     32     35      0      0      0      0      0      0   1512    210      3      2      0 
    1    238     65     69     96     24      0      0      0      0   1512   1410   1657      4      0 
    0     41     32     35      0      0      0      0      0      0   1512    210      3      2      0 
    1    234     65     69     96     24      0      0      0      0   1512   1410   1657      4      0 
    0     41     32     35      0      0      0      0      0      0   1512    210      3      2      0 
    1    233     64     67     96     24      0      0      0      0   1512   1410   1657      4      0 
    0     41     32     35      0      0      0      0      0      0   1512    210      3      2      0 
    1    238     65     69     96     24      0      0      0      0   1512   1410   1657      4      0 
    0     41     32     35      0      0      0      0      0      0   1512    210      3      2      0 
    1    237     65     69     96     24      0      0      0      0   1512   1410   1657      4      0 
    0     41     32     35      0      0      0      0      0      0   1512    210      3      2      0 
    1    238     65     69     96     24      0      0      0      0   1512   1410   1657      4      0 
    0     41     32     35      0      0      0      0      0      0   1512    210      3      2      0 
    1    234     64     67     96     24      0      0      0      0   1512   1410   1657      4      0 
    0     42     32     35      0      0      0      0      0      0   1512    210      3      2      0 
    1    231     64     67     96     24      0      0      0      0   1512   1410   1657      4      0 
    0     41     32     35      0      0      0      0      0      0   1512    210      3      2      0 
    1    238     65     69     96     24      0      0      0      0   1512   1410   1657      4      0 
    0     41     32     35      0      0      0      0      0      0   1512    210      3      2      0 
    1    235     65     69     96     24      0      0      0      0   1512   1410   1657      4      0 
    0     41     32     35      0      0      0      0      0      0   1512    210      3      2      0 
    1    233     64     67     96     24      0      0      0      0   1512   1410   1657      4      0 
    0     41     32     35      0      0      0      0      0      0   1512    210      3      2      0 
    1    237     65     67     96     24      0      0      0      0   1512   1410   1657      4      0 
    0     41     32     35      0      0      0      0      0      0   1512    210      3      2      0 
    1    235     65     69     96     24      0      0      0      0   1512   1410   1657      4      0 
    0     41     32     35      0      0      0      0      0      0   1512    210      3      2      0 
    1    235     65     67     96     24      0      0      0      0   1512   1410   1657      4      0 
# gpu    pwr  gtemp  mtemp     sm    mem    enc    dec    jpg    ofa   mclk   pclk     fb   bar1   ccpm 
# Idx      W      C      C      %      %      %      %      %      %    MHz    MHz     MB     MB     MB 
    0     41     32     35      0      0      0      0      0      0   1512    210      3      2      0 
    1    233     64     67     96     24      0      0      0      0   1512   1410   1657      4      0 
    0     41     32     35      0      0      0      0      0      0   1512    210      3      2      0 
    1    235     65     69     96     24      0      0      0      0   1512   1410   1657      4      0 
    0     41     32     35      0      0      0      0      0      0   1512    210      3      2      0 
    1    236     65     69     96     24      0      0      0      0   1512   1410   1657      4      0 
    0     41     32     35      0      0      0      0      0      0   1512    210      3      2      0 
    1    237     65     67     96     24      0      0      0      0   1512   1410   1657      4      0 
    0     42     32     35      0      0      0      0      0      0   1512    210      3      2      0 
    1    235     64     67     96     24      0      0      0      0   1512   1410   1657      4      0 
    0     41     32     35      0      0      0      0      0      0   1512    210      3      2      0 
    1    233     65     69     96     24      0      0      0      0   1512   1410   1657      4      0 
    0     41     32     35      0      0      0      0      0      0   1512    210      3      2      0 
    1    236     66     69     96     24      0      0      0      0   1512   1410   1657      4      0 
    0     41     32     35      0      0      0      0      0      0   1512    210      3      2      0 
    1    236     65     69     96     24      0      0      0      0   1512   1410   1657      4      0 
    0     41     32     35      0      0      0      0      0      0   1512    210      3      2      0 
    1    233     65     67     96     24      0      0      0      0   1512   1410   1657      4      0 
    0     41     32     35      0      0      0      0      0      0   1512    210      3      2      0 
    1    234     64     67     96     24      0      0      0      0   1512   1410   1657      4      0 
    0     41     32     35      0      0      0      0      0      0   1512    210      3      2      0 
    1    232     65     69     96     24      0      0      0      0   1512   1410   1657      4      0 
    0     42     32     35      0      0      0      0      0      0   1512    210      3      2      0 
    1    237     65     69     96     24      0      0      0      0   1512   1410   1657      4      0 
    0     41     32     35      0      0      0      0      0      0   1512    210      3      2      0 
    1    237     64     67     96     24      0      0      0      0   1512   1410   1657      4      0 
    0     41     32     35      0      0      0      0      0      0   1512    210      3      2      0 
    1    237     64     67     96     24      0      0      0      0   1512   1410   1657      4      0 
    0     41     32     35      0      0      0      0      0      0   1512    210      3      2      0 
    1    235     65     69     96     24      0      0      0      0   1512   1410   1657      4      0 
    0     41     32     35      0      0      0      0      0      0   1512    210      3      2      0 
    1    234     65     69     96     24      0      0      0      0   1512   1410   1657      4      0 
    0     41     32     35      0      0      0      0      0      0   1512    210      3      2      0 
    1    237     64     67     96     24      0      0      0      0   1512   1410   1657      4      0 
    0     41     32     35      0      0      0      0      0      0   1512    210      3      2      0 
    1    235     65     69     96     24      0      0      0      0   1512   1410   1657      4      0 
    0     41     32     35      0      0      0      0      0      0   1512    210      3      2      0 
    1    235     65     69     96     24      0      0      0      0   1512   1410   1657      4      0 
    0     42     32     35      0      0      0      0      0      0   1512    210      3      2      0 
    1    236     65     69     96     24      0      0      0      0   1512   1410   1657      4      0 
    0     41     32     35      0      0      0      0      0      0   1512    210      3      2      0 
    1    237     64     67     96     24      0      0      0      0   1512   1410   1657      4      0 
    0     41     32     35      0      0      0      0      0      0   1512    210      3      2      0 
    1    234     65     67     96     24      0      0      0      0   1512   1410   1657      4      0 
# gpu    pwr  gtemp  mtemp     sm    mem    enc    dec    jpg    ofa   mclk   pclk     fb   bar1   ccpm 
# Idx      W      C      C      %      %      %      %      %      %    MHz    MHz     MB     MB     MB 
    0     41     32     35      0      0      0      0      0      0   1512    210      3      2      0 
    1    234     65     69     96     24      0      0      0      0   1512   1410   1657      4      0 
    0     41     32     35      0      0      0      0      0      0   1512    210      3      2      0 
    1    235     65     67     96     24      0      0      0      0   1512   1410   1657      4      0 
    0     41     32     35      0      0      0      0      0      0   1512    210      3      2      0 
    1    239     64     67     96     24      0      0      0      0   1512   1410   1657      4      0 
    0     41     32     35      0      0      0      0      0      0   1512    210      3      2      0 
    1    236     65     69     96     24      0      0      0      0   1512   1410   1657      4      0 
    0     41     32     35      0      0      0      0      0      0   1512    210      3      2      0 
    1    239     65     69     96     24      0      0      0      0   1512   1410   1657      4      0 
    0     41     32     35      0      0      0      0      0      0   1512    210      3      2      0 
    1    233     64     67     95     24      0      0      0      0   1512   1410   1657      4      0 
    0     41     32     35      0      0      0      0      0      0   1512    210      3      2      0 
    1    238     65     67     96     24      0      0      0      0   1512   1410   1657      4      0 
    0     41     32     35      0      0      0      0      0      0   1512    210      3      2      0 
    1    240     65     69     96     24      0      0      0      0   1512   1410   1657      4      0 
    0     41     32     35      0      0      0      0      0      0   1512    210      3      2      0 
    1    233     65     69     96     24      0      0      0      0   1512   1410   1657      4      0 
    0     41     32     35      0      0      0      0      0      0   1512    210      3      2      0 
    1    232     64     67     96     24      0      0      0      0   1512   1410   1657      4      0 
    0     41     32     35      0      0      0      0      0      0   1512    210      3      2      0 
    1    233     65     67     96     24      0      0      0      0   1512   1410   1657      4      0 
    0     41     32     35      0      0      0      0      0      0   1512    210      3      2      0 
    1    235     65     69     96     24      0      0      0      0   1512   1410   1657      4      0 
    0     41     32     35      0      0      0      0      0      0   1512    210      3      2      0 
    1    238     65     67     96     24      0      0      0      0   1512   1410   1657      4      0 
    0     41     32     35      0      0      0      0      0      0   1512    210      3      2      0 
    1    236     64     67     96     24      0      0      0      0   1512   1410   1657      4      0 
    0     41     32     35      0      0      0      0      0      0   1512    210      3      2      0 
    1    234     65     69     96     24      0      0      0      0   1512   1410   1657      4      0 
    0     41     32     35      0      0      0      0      0      0   1512    210      3      2      0 
    1    233     65     69     96     24      0      0      0      0   1512   1410   1657      4      0 
    0     41     32     35      0      0      0      0      0      0   1512    210      3      2      0 
    1    237     65     67     96     24      0      0      0      0   1512   1410   1657      4      0 
    0     41     32     35      0      0      0      0      0      0   1512    210      3      2      0 
    1    236     64     67     96     24      0      0      0      0   1512   1410   1657      4      0 
    0     41     32     35      0      0      0      0      0      0   1512    210      3      2      0 
    1    235     65     69     95     24      0      0      0      0   1512   1410   1657      4      0 
    0     41     32     35      0      0      0      0      0      0   1512    210      3      2      0 
    1    238     65     69     96     24      0      0      0      0   1512   1410   1657      4      0 
    0     41     32     35      0      0      0      0      0      0   1512    210      3      2      0 
    1    234     64     67     96     24      0      0      0      0   1512   1410   1657      4      0 
    0     41     32     35      0      0      0      0      0      0   1512    210      3      2      0 
    1    234     65     67     96     24      0      0      0      0   1512   1410   1657      4      0 
# gpu    pwr  gtemp  mtemp     sm    mem    enc    dec    jpg    ofa   mclk   pclk     fb   bar1   ccpm 
# Idx      W      C      C      %      %      %      %      %      %    MHz    MHz     MB     MB     MB 
    0     41     32     35      0      0      0      0      0      0   1512    210      3      2      0 
    1    238     65     69     96     24      0      0      0      0   1512   1410   1657      4      0 
    0     41     32     35      0      0      0      0      0      0   1512    210      3      2      0 
    1    237     65     69     96     24      0      0      0      0   1512   1410   1657      4      0 
    0     41     32     35      0      0      0      0      0      0   1512    210      3      2      0 
    1    233     64     67     96     24      0      0      0      0   1512   1410   1657      4      0 
    0     41     32     35      0      0      0      0      0      0   1512    210      3      2      0 
    1    231     65     67     96     24      0      0      0      0   1512   1410   1657      4      0 
    0     41     32     35      0      0      0      0      0      0   1512    210      3      2      0 
    1    233     65     69     96     24      0      0      0      0   1512   1410   1657      4      0 
    0     41     32     35      0      0      0      0      0      0   1512    210      3      2      0 
    1    238     65     67     96     24      0      0      0      0   1512   1410   1657      4      0 
    0     41     32     35      0      0      0      0      0      0   1512    210      3      2      0 
    1    237     64     67     96     24      0      0      0      0   1512   1410   1657      4      0 
    0     41     32     35      0      0      0      0      0      0   1512    210      3      2      0 
    1    231     65     67     96     24      0      0      0      0   1512   1410   1657      4      0 
    0     40     32     35      0      0      0      0      0      0   1512    210      3      2      0 
    1    233     65     69     96     24      0      0      0      0   1512   1410   1657      4      0 
    0     41     32     35      0      0      0      0      0      0   1512    210      3      2      0 
    1    233     65     67     96     24      0      0      0      0   1512   1410   1657      4      0 
    0     41     32     35      0      0      0      0      0      0   1512    210      3      2      0 
    1    232     64     67     96     24      0      0      0      0   1512   1410   1657      4      0 
    0     41     32     35      0      0      0      0      0      0   1512    210      3      2      0 
    1    236     65     69     97     24      0      0      0      0   1512   1410   1657      4      0 
    0     41     32     35      0      0      0      0      0      0   1512    210      3      2      0 
    1    233     65     69     96     24      0      0      0      0   1512   1410   1657      4      0 
    0     41     32     35      0      0      0      0      0      0   1512    210      3      2      0 
    1    233     64     67     96     24      0      0      0      0   1512   1410   1657      4      0 
    0     40     32     35      0      0      0      0      0      0   1512    210      3      2      0 
    1    234     64     67     96     24      0      0      0      0   1512   1410   1657      4      0 
    0     41     32     35      0      0      0      0      0      0   1512    210      3      2      0 
    1    233     65     69     95     24      0      0      0      0   1512   1410   1657      4      0 
    0     42     32     35      0      0      0      0      0      0   1512    210      3      2      0 
    1    236     65     69     96     24      0      0      0      0   1512   1410   1657      4      0 
    0     41     32     35      0      0      0      0      0      0   1512    210      3      2      0 
    1    234     64     67     96     24      0      0      0      0   1512   1410   1657      4      0 
    0     42     32     35      0      0      0      0      0      0   1512    210      3      2      0 
    1    234     65     67     96     24      0      0      0      0   1512   1410   1657      4      0 
    0     41     32     35      0      0      0      0      0      0   1512    210      3      2      0 
    1    237     65     69     96     24      0      0      0      0   1512   1410   1657      4      0 
    0     41     32     35      0      0      0      0      0      0   1512    210      3      2      0 
    1    236     65     67     96     24      0      0      0      0   1512   1410   1657      4      0 
    0     41     32     35      0      0      0      0      0      0   1512    210      3      2      0 
    1    234     64     67     96     24      0      0      0      0   1512   1410   1657      4      0 
# gpu    pwr  gtemp  mtemp     sm    mem    enc    dec    jpg    ofa   mclk   pclk     fb   bar1   ccpm 
# Idx      W      C      C      %      %      %      %      %      %    MHz    MHz     MB     MB     MB 
    0     41     32     35      0      0      0      0      0      0   1512    210      3      2      0 
    1    233     65     67     96     24      0      0      0      0   1512   1410   1657      4      0 
    0     41     32     35      0      0      0      0      0      0   1512    210      3      2      0 
    1    235     65     69     96     24      0      0      0      0   1512   1410   1657      4      0 
    0     41     32     35      0      0      0      0      0      0   1512    210      3      2      0 
    1    238     65     69     96     24      0      0      0      0   1512   1410   1657      4      0 
    0     41     32     35      0      0      0      0      0      0   1512    210      3      2      0 
    1    234     64     67     96     24      0      0      0      0   1512   1410   1657      4      0 
    0     41     32     35      0      0      0      0      0      0   1512    210      3      2      0 
    1    235     65     69     96     24      0      0      0      0   1512   1410   1657      4      0 
    0     42     32     35      0      0      0      0      0      0   1512    210      3      2      0 
    1    237     65     69     96     24      0      0      0      0   1512   1410   1657      4      0 
    0     41     32     35      0      0      0      0      0      0   1512    210      3      2      0 
    1    237     65     67     96     24      0      0      0      0   1512   1410   1657      4      0 
    0     41     32     35      0      0      0      0      0      0   1512    210      3      2      0 
    1    235     64     67     96     24      0      0      0      0   1512   1410   1657      4      0 
    0     41     32     35      0      0      0      0      0      0   1512    210      3      2      0 
    1    238     65     69     96     24      0      0      0      0   1512   1410   1657      4      0 
    0     41     32     35      0      0      0      0      0      0   1512    210      3      2      0 
    1    238     65     69     96     24      0      0      0      0   1512   1410   1657      4      0 
    0     41     32     35      0      0      0      0      0      0   1512    210      3      2      0 
    1    235     64     67     96     24      0      0      0      0   1512   1410   1657      4      0 
    0     41     32     35      0      0      0      0      0      0   1512    210      3      2      0 
    1    236     64     67     96     24      0      0      0      0   1512   1410   1657      4      0 
    0     41     32     35      0      0      0      0      0      0   1512    210      3      2      0 
    1    237     65     69     96     24      0      0      0      0   1512   1410   1657      4      0 
    0     41     32     35      0      0      0      0      0      0   1512    210      3      2      0 
    1    233     65     69     96     24      0      0      0      0   1512   1410   1657      4      0 
    0     41     32     35      0      0      0      0      0      0   1512    210      3      2      0 
    1    235     65     67     97     24      0      0      0      0   1512   1410   1657      4      0 
    0     41     32     35      0      0      0      0      0      0   1512    210      3      2      0 
    1    236     64     67     96     24      0      0      0      0   1512   1410   1657      4      0 
    0     41     32     35      0      0      0      0      0      0   1512    210      3      2      0 
    1    234     65     69     95     24      0      0      0      0   1512   1410   1657      4      0 
    0     42     32     35      0      0      0      0      0      0   1512    210      3      2      0 
    1    239     66     69     96     24      0      0      0      0   1512   1410   1657      4      0 
    0     41     32     35      0      0      0      0      0      0   1512    210      3      2      0 
    1    237     65     69     96     24      0      0      0      0   1512   1410   1657      4      0 
    0     41     32     35      0      0      0      0      0      0   1512    210      3      2      0 
    1    236     65     67     95     24      0      0      0      0   1512   1410   1657      4      0 
    0     41     32     35      0      0      0      0      0      0   1512    210      3      2      0 
    1    234     64     67     96     24      0      0      0      0   1512   1410   1657      4      0 
    0     41     32     35      0      0      0      0      0      0   1512    210      3      2      0 
    1    236     65     69     96     24      0      0      0      0   1512   1410   1657      4      0 
# gpu    pwr  gtemp  mtemp     sm    mem    enc    dec    jpg    ofa   mclk   pclk     fb   bar1   ccpm 
# Idx      W      C      C      %      %      %      %      %      %    MHz    MHz     MB     MB     MB 
    0     41     32     35      0      0      0      0      0      0   1512    210      3      2      0 
    1    221     65     69     96     24      0      0      0      0   1512   1410   1657      4      0 
    0     41     32     35      0      0      0      0      0      0   1512    210      3      2      0 
    1    236     64     67     96     24      0      0      0      0   1512   1410   1657      4      0 
    0     41     32     35      0      0      0      0      0      0   1512    210      3      2      0 
    1    234     65     67     96     24      0      0      0      0   1512   1410   1657      4      0 
    0     41     32     35      0      0      0      0      0      0   1512    210      3      2      0 
    1    236     65     69     96     24      0      0      0      0   1512   1410   1657      4      0 
    0     41     32     35      0      0      0      0      0      0   1512    210      3      2      0 
    1    237     65     69     96     24      0      0      0      0   1512   1410   1657      4      0 
    0     41     32     35      0      0      0      0      0      0   1512    210      3      2      0 
    1    234     64     67     96     24      0      0      0      0   1512   1410   1657      4      0 
    0     41     32     35      0      0      0      0      0      0   1512    210      3      2      0 
    1    237     65     69     96     24      0      0      0      0   1512   1410   1657      4      0 
    0     41     32     35      0      0      0      0      0      0   1512    210      3      2      0 
    1    238     65     69     96     24      0      0      0      0   1512   1410   1657      4      0 
    0     41     32     35      0      0      0      0      0      0   1512    210      3      2      0 
    1    236     65     67     96     24      0      0      0      0   1512   1410   1657      4      0 
    0     40     32     35      0      0      0      0      0      0   1512    210      3      2      0 
    1    234     64     67     96     24      0      0      0      0   1512   1410   1657      4      0 
    0     41     32     35      0      0      0      0      0      0   1512    210      3      2      0 
    1    232     65     69     96     24      0      0      0      0   1512   1410   1657      4      0 
    0     41     32     35      0      0      0      0      0      0   1512    210      3      2      0 
    1    233     65     69     96     24      0      0      0      0   1512   1410   1657      4      0 
    0     41     32     35      0      0      0      0      0      0   1512    210      3      2      0 
    1    238     65     67     96     24      0      0      0      0   1512   1410   1657      4      0 
    0     41     32     35      0      0      0      0      0      0   1512    210      3      2      0 
    1    236     64     67     95     24      0      0      0      0   1512   1410   1657      4      0 
    0     41     32     35      0      0      0      0      0      0   1512    210      3      2      0 
    1    239     65     69     96     24      0      0      0      0   1512   1410   1657      4      0 
    0     41     32     35      0      0      0      0      0      0   1512    210      3      2      0 
    1    237     65     69     96     24      0      0      0      0   1512   1410   1657      4      0 
    0     41     32     35      0      0      0      0      0      0   1512    210      3      2      0 
    1    235     64     67     96     24      0      0      0      0   1512   1410   1657      4      0 
    0     41     32     35      0      0      0      0      0      0   1512    210      3      2      0 
    1    236     64     67     96     24      0      0      0      0   1512   1410   1657      4      0 
    0     41     32     35      0      0      0      0      0      0   1512    210      3      2      0 
    1    236     65     69     96     24      0      0      0      0   1512   1410   1657      4      0 
    0     41     32     35      0      0      0      0      0      0   1512    210      3      2      0 
    1    235     65     69     96     24      0      0      0      0   1512   1410   1657      4      0 
    0     41     32     35      0      0      0      0      0      0   1512    210      3      2      0 
    1    237     64     67     96     24      0      0      0      0   1512   1410   1657      4      0 
    0     41     32     35      0      0      0      0      0      0   1512    210      3      2      0 
    1    235     65     67     96     24      0      0      0      0   1512   1410   1657      4      0 
# gpu    pwr  gtemp  mtemp     sm    mem    enc    dec    jpg    ofa   mclk   pclk     fb   bar1   ccpm 
# Idx      W      C      C      %      %      %      %      %      %    MHz    MHz     MB     MB     MB 
    0     41     32     35      0      0      0      0      0      0   1512    210      3      2      0 
    1    235     65     69     96     24      0      0      0      0   1512   1410   1657      4      0 
    0     41     32     35      0      0      0      0      0      0   1512    210      3      2      0 
    1    240     65     67     96     24      0      0      0      0   1512   1410   1657      4      0 
    0     41     32     35      0      0      0      0      0      0   1512    210      3      2      0 
    1    238     64     67     96     24      0      0      0      0   1512   1410   1657      4      0 
    0     41     32     35      0      0      0      0      0      0   1512    210      3      2      0 
    1    237     65     69     96     24      0      0      0      0   1512   1410   1657      4      0 
    0     41     32     35      0      0      0      0      0      0   1512    210      3      2      0 
    1    238     65     69     95     24      0      0      0      0   1512   1410   1657      4      0 
    0     41     32     35      0      0      0      0      0      0   1512    210      3      2      0 
    1    235     64     67     96     24      0      0      0      0   1512   1410   1657      4      0 
    0     41     32     35      0      0      0      0      0      0   1512    210      3      2      0 
    1    231     64     67     96     24      0      0      0      0   1512   1410   1657      4      0 
    0     41     32     35      0      0      0      0      0      0   1512    210      3      2      0 
    1    234     65     69     96     24      0      0      0      0   1512   1410   1657      4      0 
    0     41     32     35      0      0      0      0      0      0   1512    210      3      2      0 
    1    233     65     69     96     24      0      0      0      0   1512   1410   1657      4      0 
    0     41     32     35      0      0      0      0      0      0   1512    210      3      2      0 
    1    233     65     67     96     24      0      0      0      0   1512   1410   1657      4      0 
    0     41     32     35      0      0      0      0      0      0   1512    210      3      2      0 
    1    234     64     67     96     24      0      0      0      0   1512   1410   1657      4      0 
    0     41     32     35      0      0      0      0      0      0   1512    210      3      2      0 
    1    234     65     69     96     24      0      0      0      0   1512   1410   1657      4      0 
    0     41     32     35      0      0      0      0      0      0   1512    210      3      2      0 
    1    238     65     69     96     24      0      0      0      0   1512   1410   1657      4      0 
    0     41     32     35      0      0      0      0      0      0   1512    210      3      2      0 
    1    235     65     67     96     24      0      0      0      0   1512   1410   1657      4      0 
    0     41     32     35      0      0      0      0      0      0   1512    210      3      2      0 
    1    233     64     67     96     24      0      0      0      0   1512   1410   1657      4      0 
    0     41     32     35      0      0      0      0      0      0   1512    210      3      2      0 
    1    231     65     69     96     24      0      0      0      0   1512   1410   1657      4      0 
    0     41     32     35      0      0      0      0      0      0   1512    210      3      2      0 
    1    234     65     69     96     24      0      0      0      0   1512   1410   1657      4      0 
    0     41     32     35      0      0      0      0      0      0   1512    210      3      2      0 
    1    238     65     67     96     24      0      0      0      0   1512   1410   1657      4      0 
    0     41     32     35      0      0      0      0      0      0   1512    210      3      2      0 
    1    234     65     67     96     24      0      0      0      0   1512   1410   1657      4      0 
    0     41     32     35      0      0      0      0      0      0   1512    210      3      2      0 
    1    234     65     69     96     24      0      0      0      0   1512   1410   1657      4      0 
    0     41     32     35      0      0      0      0      0      0   1512    210      3      2      0 
    1    235     65     69     95     24      0      0      0      0   1512   1410   1657      4      0 
    0     41     32     35      0      0      0      0      0      0   1512    210      3      2      0 
    1    233     64     67     96     24      0      0      0      0   1512   1410   1657      4      0 
# gpu    pwr  gtemp  mtemp     sm    mem    enc    dec    jpg    ofa   mclk   pclk     fb   bar1   ccpm 
# Idx      W      C      C      %      %      %      %      %      %    MHz    MHz     MB     MB     MB 
    0     41     32     35      0      0      0      0      0      0   1512    210      3      2      0 
    1    233     65     69     96     24      0      0      0      0   1512   1410   1657      4      0 
    0     40     32     35      0      0      0      0      0      0   1512    210      3      2      0 
    1    234     65     69     96     24      0      0      0      0   1512   1410   1657      4      0 
    0     41     32     35      0      0      0      0      0      0   1512    210      3      2      0 
    1    231     65     67     96     24      0      0      0      0   1512   1410   1657      4      0 
    0     41     32     35      0      0      0      0      0      0   1512    210      3      2      0 
    1    234     64     67     96     24      0      0      0      0   1512   1410   1657      4      0 
    0     41     32     35      0      0      0      0      0      0   1512    210      3      2      0 
    1    235     65     69     96     24      0      0      0      0   1512   1410   1657      4      0 
    0     41     32     35      0      0      0      0      0      0   1512    210      3      2      0 
    1    239     65     69     96     24      0      0      0      0   1512   1410   1657      4      0 
    0     41     32     35      0      0      0      0      0      0   1512    210      3      2      0 
    1    232     65     69     96     24      0      0      0      0   1512   1410   1657      4      0 
    0     41     32     35      0      0      0      0      0      0   1512    210      3      2      0 
    1    234     64     67     96     24      0      0      0      0   1512   1410   1657      4      0 
    0     40     32     35      0      0      0      0      0      0   1512    210      3      2      0 
    1    238     65     69     96     24      0      0      0      0   1512   1410   1657      4      0 
    0     41     32     35      0      0      0      0      0      0   1512    210      3      2      0 
    1    235     66     69     96     24      0      0      0      0   1512   1410   1657      4      0 
    0     42     32     35      0      0      0      0      0      0   1512    210      3      2      0 
    1    233     65     69     96     24      0      0      0      0   1512   1410   1657      4      0 
    0     41     32     35      0      0      0      0      0      0   1512    210      3      2      0 
    1    238     64     67     95     24      0      0      0      0   1512   1410   1657      4      0 
    0     41     32     35      0      0      0      0      0      0   1512    210      3      2      0 
    1    234     65     67     96     24      0      0      0      0   1512   1410   1657      4      0 
    0     41     32     35      0      0      0      0      0      0   1512    210      3      2      0 
    1    235     65     69     96     24      0      0      0      0   1512   1410   1657      4      0 
    0     42     32     35      0      0      0      0      0      0   1512    210      3      2      0 
    1    238     65     69     96     24      0      0      0      0   1512   1410   1657      4      0 
    0     41     32     35      0      0      0      0      0      0   1512    210      3      2      0 
    1    233     64     67     96     24      0      0      0      0   1512   1410   1657      4      0 
    0     41     32     35      0      0      0      0      0      0   1512    210      3      2      0 
    1    237     65     69     96     24      0      0      0      0   1512   1410   1657      4      0 
    0     41     32     35      0      0      0      0      0      0   1512    210      3      2      0 
    1    235     65     69     96     24      0      0      0      0   1512   1410   1657      4      0 
    0     41     32     35      0      0      0      0      0      0   1512    210      3      2      0 
    1    232     65     67     96     24      0      0      0      0   1512   1410   1657      4      0 
    0     41     32     35      0      0      0      0      0      0   1512    210      3      2      0 
    1    237     64     67     96     24      0      0      0      0   1512   1410   1657      4      0 
    0     41     32     35      0      0      0      0      0      0   1512    210      3      2      0 
    1    238     65     69     96     24      0      0      0      0   1512   1410   1657      4      0 
    0     41     32     35      0      0      0      0      0      0   1512    210      3      2      0 
    1    234     65     69     96     24      0      0      0      0   1512   1410   1657      4      0 
# gpu    pwr  gtemp  mtemp     sm    mem    enc    dec    jpg    ofa   mclk   pclk     fb   bar1   ccpm 
# Idx      W      C      C      %      %      %      %      %      %    MHz    MHz     MB     MB     MB 
    0     41     32     35      0      0      0      0      0      0   1512    210      3      2      0 
    1    234     64     67     96     24      0      0      0      0   1512   1410   1657      4      0 
    0     41     32     35      0      0      0      0      0      0   1512    210      3      2      0 
    1    235     64     67     96     24      0      0      0      0   1512   1410   1657      4      0 
    0     41     32     35      0      0      0      0      0      0   1512    210      3      2      0 
    1    238     65     69     96     24      0      0      0      0   1512   1410   1657      4      0 
    0     41     32     35      0      0      0      0      0      0   1512    210      3      2      0 
    1    235     65     69     96     24      0      0      0      0   1512   1410   1657      4      0 
    0     41     32     35      0      0      0      0      0      0   1512    210      3      2      0 
    1    239     65     69     96     24      0      0      0      0   1512   1410   1657      4      0 
    0     41     32     35      0      0      0      0      0      0   1512    210      3      2      0 
    1    233     64     67     96     24      0      0      0      0   1512   1410   1657      4      0 
    0     41     32     35      0      0      0      0      0      0   1512    210      3      2      0 
    1    234     65     67     96     24      0      0      0      0   1512   1410   1657      4      0 
    0     41     32     35      0      0      0      0      0      0   1512    210      3      2      0 
    1    234     65     69     96     24      0      0      0      0   1512   1410   1657      4      0 
    0     41     32     35      0      0      0      0      0      0   1512    210      3      2      0 
    1    234     65     69     96     24      0      0      0      0   1512   1410   1657      4      0 
    0     42     32     35      0      0      0      0      0      0   1512    210      3      2      0 
    1    235     64     67     96     24      0      0      0      0   1512   1410   1657      4      0 
    0     41     32     35      0      0      0      0      0      0   1512    210      3      2      0 
    1    235     65     69     96     24      0      0      0      0   1512   1410   1657      4      0 
    0     41     32     35      0      0      0      0      0      0   1512    210      3      2      0 
    1    236     65     69     96     24      0      0      0      0   1512   1410   1657      4      0 
    0     41     32     35      0      0      0      0      0      0   1512    210      3      2      0 
    1    232     65     67     96     24      0      0      0      0   1512   1410   1657      4      0 
    0     41     32     35      0      0      0      0      0      0   1512    210      3      2      0 
    1    233     64     67     96     24      0      0      0      0   1512   1410   1657      4      0 
    0     41     32     35      0      0      0      0      0      0   1512    210      3      2      0 
    1    235     65     69     96     24      0      0      0      0   1512   1410   1657      4      0 
    0     41     32     35      0      0      0      0      0      0   1512    210      3      2      0 
    1    235     65     69     96     24      0      0      0      0   1512   1410   1657      4      0 
    0     41     32     35      0      0      0      0      0      0   1512    210      3      2      0 
    1    236     65     67     96     24      0      0      0      0   1512   1410   1657      4      0 
    0     41     32     35      0      0      0      0      0      0   1512    210      3      2      0 
    1    237     64     67     96     24      0      0      0      0   1512   1410   1657      4      0 
    0     41     32     35      0      0      0      0      0      0   1512    210      3      2      0 
    1    237     65     69     96     24      0      0      0      0   1512   1410   1657      4      0 
    0     41     32     35      0      0      0      0      0      0   1512    210      3      2      0 
    1    232     65     69     96     24      0      0      0      0   1512   1410   1657      4      0 
    0     41     32     35      0      0      0      0      0      0   1512    210      3      2      0 
    1    232     65     67     96     24      0      0      0      0   1512   1410   1657      4      0 
    0     42     32     35      0      0      0      0      0      0   1512    210      3      2      0 
    1    233     64     67     96     24      0      0      0      0   1512   1410   1657      4      0 
# gpu    pwr  gtemp  mtemp     sm    mem    enc    dec    jpg    ofa   mclk   pclk     fb   bar1   ccpm 
# Idx      W      C      C      %      %      %      %      %      %    MHz    MHz     MB     MB     MB 
    0     41     32     35      0      0      0      0      0      0   1512    210      3      2      0 
    1    237     65     69     96     24      0      0      0      0   1512   1410   1657      4      0 
    0     41     32     35      0      0      0      0      0      0   1512    210      3      2      0 
    1    233     65     69     96     24      0      0      0      0   1512   1410   1657      4      0 
    0     41     32     35      0      0      0      0      0      0   1512    210      3      2      0 
    1    233     65     67     96     24      0      0      0      0   1512   1410   1657      4      0 
    0     41     32     35      0      0      0      0      0      0   1512    210      3      2      0 
    1    233     64     67     96     24      0      0      0      0   1512   1410   1657      4      0 
    0     41     32     35      0      0      0      0      0      0   1512    210      3      2      0 
    1    237     65     69     96     24      0      0      0      0   1512   1410   1657      4      0 
    0     41     32     35      0      0      0      0      0      0   1512    210      3      2      0 
    1    237     65     69     96     24      0      0      0      0   1512   1410   1657      4      0 
    0     42     32     35      0      0      0      0      0      0   1512    210      3      2      0 
    1    238     64     67     96     24      0      0      0      0   1512   1410   1657      4      0 
    0     41     32     35      0      0      0      0      0      0   1512    210      3      2      0 
    1    233     65     67     96     24      0      0      0      0   1512   1410   1657      4      0 
    0     41     32     35      0      0      0      0      0      0   1512    210      3      2      0 
    1    236     65     69     96     24      0      0      0      0   1512   1410   1657      4      0 
    0     41     32     35      0      0      0      0      0      0   1512    210      3      2      0 
    1    234     65     69     95     24      0      0      0      0   1512   1410   1657      4      0 
    0     41     32     35      0      0      0      0      0      0   1512    210      3      2      0 
    1    234     64     67     96     24      0      0      0      0   1512   1410   1657      4      0 
    0     41     32     35      0      0      0      0      0      0   1512    210      3      2      0 
    1    234     65     69     97     24      0      0      0      0   1512   1410   1657      4      0 
    0     41     32     35      0      0      0      0      0      0   1512    210      3      2      0 
    1    236     65     69     96     24      0      0      0      0   1512   1410   1657      4      0 
    0     42     32     35      0      0      0      0      0      0   1512    210      3      2      0 
    1    232     65     69     96     24      0      0      0      0   1512   1410   1657      4      0 
    0     41     32     35      0      0      0      0      0      0   1512    210      3      2      0 
    1    233     64     67     96     24      0      0      0      0   1512   1410   1657      4      0 
    0     41     32     35      0      0      0      0      0      0   1512    210      3      2      0 
    1    234     65     69     96     24      0      0      0      0   1512   1410   1657      4      0 
    0     41     32     35      0      0      0      0      0      0   1512    210      3      2      0 
    1    233     65     69     96     24      0      0      0      0   1512   1410   1657      4      0 
    0     41     32     35      0      0      0      0      0      0   1512    210      3      2      0 
    1    237     65     67     96     24      0      0      0      0   1512   1410   1657      4      0 
    0     41     32     35      0      0      0      0      0      0   1512    210      3      2      0 
    1    236     64     67     96     24      0      0      0      0   1512   1410   1657      4      0 
    0     41     32     35      0      0      0      0      0      0   1512    210      3      2      0 
    1    238     65     69     96     24      0      0      0      0   1512   1410   1657      4      0 
    0     42     32     35      0      0      0      0      0      0   1512    210      3      2      0 
    1    236     65     69     96     24      0      0      0      0   1512   1410   1657      4      0 
    0     41     32     35      0      0      0      0      0      0   1512    210      3      2      0 
    1    235     65     69     96     24      0      0      0      0   1512   1410   1657      4      0 
# gpu    pwr  gtemp  mtemp     sm    mem    enc    dec    jpg    ofa   mclk   pclk     fb   bar1   ccpm 
# Idx      W      C      C      %      %      %      %      %      %    MHz    MHz     MB     MB     MB 
    0     41     32     35      0      0      0      0      0      0   1512    210      3      2      0 
    1    234     64     67     96     24      0      0      0      0   1512   1410   1657      4      0 
    0     42     32     35      0      0      0      0      0      0   1512    210      3      2      0 
    1    234     65     67     96     24      0      0      0      0   1512   1410   1657      4      0 
    0     41     32     35      0      0      0      0      0      0   1512    210      3      2      0 
    1    233     65     69     96     24      0      0      0      0   1512   1410   1657      4      0 
    0     41     32     35      0      0      0      0      0      0   1512    210      3      2      0 
    1    238     65     69     96     24      0      0      0      0   1512   1410   1657      4      0 
    0     41     32     35      0      0      0      0      0      0   1512    210      3      2      0 
    1    237     65     67     96     24      0      0      0      0   1512   1410   1657      4      0 
    0     41     32     35      0      0      0      0      0      0   1512    210      3      2      0 
    1    237     64     67     96     24      0      0      0      0   1512   1410   1657      4      0 
    0     41     32     35      0      0      0      0      0      0   1512    210      3      2      0 
    1    234     65     69     96     24      0      0      0      0   1512   1410   1657      4      0 
    0     41     32     35      0      0      0      0      0      0   1512    210      3      2      0 
    1    234     65     69     96     24      0      0      0      0   1512   1410   1657      4      0 
    0     41     32     35      0      0      0      0      0      0   1512    210      3      2      0 
    1    233     64     67     96     24      0      0      0      0   1512   1410   1657      4      0 
    0     41     32     35      0      0      0      0      0      0   1512    210      3      2      0 
    1    231     64     67     96     24      0      0      0      0   1512   1410   1657      4      0 
    0     41     32     35      0      0      0      0      0      0   1512    210      3      2      0 
    1    236     65     69     96     24      0      0      0      0   1512   1410   1657      4      0 
    0     40     32     35      0      0      0      0      0      0   1512    210      3      2      0 
    1    233     65     69     96     24      0      0      0      0   1512   1410   1657      4      0 
    0     41     32     35      0      0      0      0      0      0   1512    210      3      2      0 
    1    234     64     67     96     24      0      0      0      0   1512   1410   1657      4      0 
    0     41     32     35      0      0      0      0      0      0   1512    210      3      2      0 
    1    236     65     67     96     24      0      0      0      0   1512   1410   1657      4      0 
    0     41     32     35      0      0      0      0      0      0   1512    210      3      2      0 
    1    236     65     69     96     24      0      0      0      0   1512   1410   1657      4      0 
    0     41     32     35      0      0      0      0      0      0   1512    210      3      2      0 
    1    234     65     69     96     24      0      0      0      0   1512   1410   1657      4      0 
    0     41     32     35      0      0      0      0      0      0   1512    210      3      2      0 
    1    234     64     67     96     24      0      0      0      0   1512   1410   1657      4      0 
    0     41     32     35      0      0      0      0      0      0   1512    210      3      2      0 
    1    235     65     67     96     24      0      0      0      0   1512   1410   1657      4      0 
    0     42     32     35      0      0      0      0      0      0   1512    210      3      2      0 
    1    238     65     69     96     24      0      0      0      0   1512   1410   1657      4      0 
    0     41     32     35      0      0      0      0      0      0   1512    210      3      2      0 
    1    235     65     67     96     24      0      0      0      0   1512   1410   1657      4      0 
    0     41     32     35      0      0      0      0      0      0   1512    210      3      2      0 
    1    231     64     67     96     24      0      0      0      0   1512   1410   1657      4      0 
    0     41     32     35      0      0      0      0      0      0   1512    210      3      2      0 
    1    233     65     69     96     24      0      0      0      0   1512   1410   1657      4      0 
# gpu    pwr  gtemp  mtemp     sm    mem    enc    dec    jpg    ofa   mclk   pclk     fb   bar1   ccpm 
# Idx      W      C      C      %      %      %      %      %      %    MHz    MHz     MB     MB     MB 
    0     41     32     35      0      0      0      0      0      0   1512    210      3      2      0 
    1    234     65     69     96     24      0      0      0      0   1512   1410   1657      4      0 
    0     42     32     35      0      0      0      0      0      0   1512    210      3      2      0 
    1    239     65     67     96     24      0      0      0      0   1512   1410   1657      4      0 
    0     41     32     35      0      0      0      0      0      0   1512    210      3      2      0 
    1    236     64     67     96     24      0      0      0      0   1512   1410   1657      4      0 
    0     41     32     35      0      0      0      0      0      0   1512    210      3      2      0 
    1    234     65     69     96     24      0      0      0      0   1512   1410   1657      4      0 
    0     42     32     35      0      0      0      0      0      0   1512    210      3      2      0 
    1    238     65     69     96     24      0      0      0      0   1512   1410   1657      4      0 
    0     42     32     35      0      0      0      0      0      0   1512    210      3      2      0 
    1    237     64     67     96     24      0      0      0      0   1512   1410   1657      4      0 
    0     41     32     35      0      0      0      0      0      0   1512    210      3      2      0 
    1    234     65     67     96     24      0      0      0      0   1512   1410   1657      4      0 
    0     41     32     35      0      0      0      0      0      0   1512    210      3      2      0 
    1    239     66     69     96     24      0      0      0      0   1512   1410   1657      4      0 
    0     41     32     35      0      0      0      0      0      0   1512    210      3      2      0 
    1    237     65     69     96     24      0      0      0      0   1512   1410   1657      4      0 
    0     41     32     35      0      0      0      0      0      0   1512    210      3      2      0 
    1    235     65     67     96     24      0      0      0      0   1512   1410   1657      4      0 
    0     41     32     35      0      0      0      0      0      0   1512    210      3      2      0 
    1    234     64     67     95     24      0      0      0      0   1512   1410   1657      4      0 
    0     41     32     35      0      0      0      0      0      0   1512    210      3      2      0 
    1    233     65     69     96     24      0      0      0      0   1512   1410   1657      4      0 
    0     41     32     35      0      0      0      0      0      0   1512    210      3      2      0 
    1    238     65     69     96     24      0      0      0      0   1512   1410   1657      4      0 
    0     41     32     35      0      0      0      0      0      0   1512    210      3      2      0 
    1    232     65     69     96     24      0      0      0      0   1512   1410   1657      4      0 
    0     41     32     35      0      0      0      0      0      0   1512    210      3      2      0 
    1    234     64     67     96     24      0      0      0      0   1512   1410   1657      4      0 
    0     41     32     35      0      0      0      0      0      0   1512    210      3      2      0 
    1    237     65     69     96     24      0      0      0      0   1512   1410   1657      4      0 
    0     41     32     35      0      0      0      0      0      0   1512    210      3      2      0 
    1    233     65     69     96     24      0      0      0      0   1512   1410   1657      4      0 
    0     41     32     35      0      0      0      0      0      0   1512    210      3      2      0 
    1    237     65     69     96     24      0      0      0      0   1512   1410   1657      4      0 
    0     41     32     35      0      0      0      0      0      0   1512    210      3      2      0 
    1    233     64     67     96     24      0      0      0      0   1512   1410   1657      4      0 
    0     41     32     35      0      0      0      0      0      0   1512    210      3      2      0 
    1    235     65     69     96     24      0      0      0      0   1512   1410   1657      4      0 
    0     41     32     35      0      0      0      0      0      0   1512    210      3      2      0 
    1    238     65     69     96     24      0      0      0      0   1512   1410   1657      4      0 
    0     41     32     35      0      0      0      0      0      0   1512    210      3      2      0 
    1    234     65     69     96     24      0      0      0      0   1512   1410   1657      4      0 
# gpu    pwr  gtemp  mtemp     sm    mem    enc    dec    jpg    ofa   mclk   pclk     fb   bar1   ccpm 
# Idx      W      C      C      %      %      %      %      %      %    MHz    MHz     MB     MB     MB 
    0     41     32     35      0      0      0      0      0      0   1512    210      3      2      0 
    1    236     64     67     96     24      0      0      0      0   1512   1410   1657      4      0 
    0     41     32     35      0      0      0      0      0      0   1512    210      3      2      0 
    1    236     65     67     96     24      0      0      0      0   1512   1410   1657      4      0 
    0     41     32     35      0      0      0      0      0      0   1512    210      3      2      0 
    1    237     65     69     96     24      0      0      0      0   1512   1410   1657      4      0 
    0     41     32     35      0      0      0      0      0      0   1512    210      3      2      0 
    1    236     65     69     96     24      0      0      0      0   1512   1410   1657      4      0 
    0     42     32     35      0      0      0      0      0      0   1512    210      3      2      0 
    1    237     64     67     96     24      0      0      0      0   1512   1410   1657      4      0 
    0     41     32     35      0      0      0      0      0      0   1512    210      3      2      0 
    1    234     65     67     96     24      0      0      0      0   1512   1410   1657      4      0 
    0     41     32     35      0      0      0      0      0      0   1512    210      3      2      0 
    1    237     65     69     96     24      0      0      0      0   1512   1410   1657      4      0 
    0     41     32     35      0      0      0      0      0      0   1512    210      3      2      0 
    1    230     65     67     96     24      0      0      0      0   1512   1410   1657      4      0 
    0     41     32     35      0      0      0      0      0      0   1512    210      3      2      0 
    1    232     64     67     96     24      0      0      0      0   1512   1410   1657      4      0 
    0     41     32     35      0      0      0      0      0      0   1512    210      3      2      0 
    1    238     65     69     96     24      0      0      0      0   1512   1410   1657      4      0 
    0     41     32     35      0      0      0      0      0      0   1512    210      3      2      0 
    1    238     65     69     96     24      0      0      0      0   1512   1410   1657      4      0 
    0     40     32     35      0      0      0      0      0      0   1512    210      3      2      0 
    1    235     64     67     96     24      0      0      0      0   1512   1410   1657      4      0 
    0     41     32     35      0      0      0      0      0      0   1512    210      3      2      0 
    1    237     65     67     96     24      0      0      0      0   1512   1410   1657      4      0 
    0     41     32     35      0      0      0      0      0      0   1512    210      3      2      0 
    1    237     65     69     96     24      0      0      0      0   1512   1410   1657      4      0 
    0     41     32     35      0      0      0      0      0      0   1512    210      3      2      0 
    1    235     65     67     96     24      0      0      0      0   1512   1410   1657      4      0 
    0     42     32     35      0      0      0      0      0      0   1512    210      3      2      0 
    1    234     64     67     96     24      0      0      0      0   1512   1410   1657      4      0 
    0     41     32     35      0      0      0      0      0      0   1512    210      3      2      0 
    1    238     65     69     96     24      0      0      0      0   1512   1410   1657      4      0 
    0     41     32     35      0      0      0      0      0      0   1512    210      3      2      0 
    1    237     65     69     95     24      0      0      0      0   1512   1410   1657      4      0 
    0     41     32     35      0      0      0      0      0      0   1512    210      3      2      0 
    1    238     65     67     96     24      0      0      0      0   1512   1410   1657      4      0 
    0     41     32     35      0      0      0      0      0      0   1512    210      3      2      0 
    1    235     64     67     96     24      0      0      0      0   1512   1410   1657      4      0 
    0     41     32     35      0      0      0      0      0      0   1512    210      3      2      0 
    1    227     65     69     96     24      0      0      0      0   1512   1410   1657      4      0 
    0     42     32     35      0      0      0      0      0      0   1512    210      3      2      0 
    1    239     65     69     96     24      0      0      0      0   1512   1410   1657      4      0 
# gpu    pwr  gtemp  mtemp     sm    mem    enc    dec    jpg    ofa   mclk   pclk     fb   bar1   ccpm 
# Idx      W      C      C      %      %      %      %      %      %    MHz    MHz     MB     MB     MB 
    0     41     32     35      0      0      0      0      0      0   1512    210      3      2      0 
    1    233     65     67     96     24      0      0      0      0   1512   1410   1657      4      0 
    0     41     32     35      0      0      0      0      0      0   1512    210      3      2      0 
    1    235     64     67     96     24      0      0      0      0   1512   1410   1657      4      0 
    0     41     32     35      0      0      0      0      0      0   1512    210      3      2      0 
    1    237     65     69     96     24      0      0      0      0   1512   1410   1657      4      0 
    0     41     32     35      0      0      0      0      0      0   1512    210      3      2      0 
    1    235     65     69     96     24      0      0      0      0   1512   1410   1657      4      0 
    0     41     32     35      0      0      0      0      0      0   1512    210      3      2      0 
    1    234     64     67     96     24      0      0      0      0   1512   1410   1657      4      0 
    0     41     32     35      0      0      0      0      0      0   1512    210      3      2      0 
    1    237     65     67     96     24      0      0      0      0   1512   1410   1657      4      0 
    0     42     32     35      0      0      0      0      0      0   1512    210      3      2      0 
    1    239     65     69     96     24      0      0      0      0   1512   1410   1657      4      0 
    0     41     32     35      0      0      0      0      0      0   1512    210      3      2      0 
    1    234     65     69     96     24      0      0      0      0   1512   1410   1657      4      0 
    0     42     32     35      0      0      0      0      0      0   1512    210      3      2      0 
    1    232     64     67     96     24      0      0      0      0   1512   1410   1657      4      0 
    0     41     32     35      0      0      0      0      0      0   1512    210      3      2      0 
    1    239     65     69     96     24      0      0      0      0   1512   1410   1657      4      0 
    0     41     32     35      0      0      0      0      0      0   1512    210      3      2      0 
    1    232     65     69     96     24      0      0      0      0   1512   1410   1657      4      0 
    0     41     32     35      0      0      0      0      0      0   1512    210      3      2      0 
    1    237     65     67     95     24      0      0      0      0   1512   1410   1657      4      0 
    0     41     32     35      0      0      0      0      0      0   1512    210      3      2      0 
    1    237     64     67     96     24      0      0      0      0   1512   1410   1657      4      0 
    0     41     32     35      0      0      0      0      0      0   1512    210      3      2      0 
    1    237     65     69     96     24      0      0      0      0   1512   1410   1657      4      0 
    0     42     32     35      0      0      0      0      0      0   1512    210      3      2      0 
    1    233     65     69     96     24      0      0      0      0   1512   1410   1657      4      0 
    0     42     32     35      0      0      0      0      0      0   1512    210      3      2      0 
    1    234     64     67     96     24      0      0      0      0   1512   1410   1657      4      0 
    0     41     32     35      0      0      0      0      0      0   1512    210      3      2      0 
    1    234     65     67     96     24      0      0      0      0   1512   1410   1657      4      0 
    0     41     32     35      0      0      0      0      0      0   1512    210      3      2      0 
    1    235     65     69     96     24      0      0      0      0   1512   1410   1657      4      0 
    0     41     32     35      0      0      0      0      0      0   1512    210      3      2      0 
    1    238     65     69     96     24      0      0      0      0   1512   1410   1657      4      0 
    0     42     32     35      0      0      0      0      0      0   1512    210      3      2      0 
    1    236     64     67     96     24      0      0      0      0   1512   1410   1657      4      0 
    0     41     32     35      0      0      0      0      0      0   1512    210      3      2      0 
    1    232     65     67     96     24      0      0      0      0   1512   1410   1657      4      0 
    0     41     32     35      0      0      0      0      0      0   1512    210      3      2      0 
    1    238     65     69     96     24      0      0      0      0   1512   1410   1657      4      0 
# gpu    pwr  gtemp  mtemp     sm    mem    enc    dec    jpg    ofa   mclk   pclk     fb   bar1   ccpm 
# Idx      W      C      C      %      %      %      %      %      %    MHz    MHz     MB     MB     MB 
    0     42     32     35      0      0      0      0      0      0   1512    210      3      2      0 
    1    236     65     69     96     24      0      0      0      0   1512   1410   1657      4      0 
    0     41     32     35      0      0      0      0      0      0   1512    210      3      2      0 
    1    234     65     67     96     24      0      0      0      0   1512   1410   1657      4      0 
    0     41     32     35      0      0      0      0      0      0   1512    210      3      2      0 
    1    234     64     67     95     24      0      0      0      0   1512   1410   1657      4      0 
    0     42     32     35      0      0      0      0      0      0   1512    210      3      2      0 
    1    234     65     69     96     24      0      0      0      0   1512   1410   1657      4      0 
    0     41     32     35      0      0      0      0      0      0   1512    210      3      2      0 
    1    237     65     69     97     24      0      0      0      0   1512   1410   1657      4      0 
    0     41     32     35      0      0      0      0      0      0   1512    210      3      2      0 
    1    237     64     67     96     24      0      0      0      0   1512   1410   1657      4      0 
    0     41     32     35      0      0      0      0      0      0   1512    210      3      2      0 
    1    236     65     67     96     24      0      0      0      0   1512   1410   1657      4      0 
    0     41     32     35      0      0      0      0      0      0   1512    210      3      2      0 
    1    239     65     69     97     24      0      0      0      0   1512   1410   1657      4      0 
    0     41     32     35      0      0      0      0      0      0   1512    210      3      2      0 
    1    238     65     67     96     24      0      0      0      0   1512   1410   1657      4      0 
    0     41     32     35      0      0      0      0      0      0   1512    210      3      2      0 
    1    235     64     67     96     24      0      0      0      0   1512   1410   1657      4      0 
    0     41     32     35      0      0      0      0      0      0   1512    210      3      2      0 
    1    236     65     69     96     24      0      0      0      0   1512   1410   1657      4      0 
    0     41     32     35      0      0      0      0      0      0   1512    210      3      2      0 
    1    234     65     69     96     24      0      0      0      0   1512   1410   1657      4      0 
    0     41     32     35      0      0      0      0      0      0   1512    210      3      2      0 
    1    233     64     67     96     24      0      0      0      0   1512   1410   1657      4      0 
    0     41     32     35      0      0      0      0      0      0   1512    210      3      2      0 
    1    238     65     67     97     24      0      0      0      0   1512   1410   1657      4      0 
    0     41     32     35      0      0      0      0      0      0   1512    210      3      2      0 
    1    234     65     69     96     24      0      0      0      0   1512   1410   1657      4      0 
    0     42     32     35      0      0      0      0      0      0   1512    210      3      2      0 
    1    235     65     69     96     24      0      0      0      0   1512   1410   1657      4      0 
    0     41     32     35      0      0      0      0      0      0   1512    210      3      2      0 
    1    235     64     67     96     24      0      0      0      0   1512   1410   1657      4      0 
    0     42     32     35      0      0      0      0      0      0   1512    210      3      2      0 
    1    232     65     69     96     24      0      0      0      0   1512   1410   1657      4      0 
    0     41     32     35      0      0      0      0      0      0   1512    210      3      2      0 
    1    240     65     69     96     24      0      0      0      0   1512   1410   1657      4      0 
    0     41     32     35      0      0      0      0      0      0   1512    210      3      2      0 
    1    237     65     69     96     24      0      0      0      0   1512   1410   1657      4      0 
    0     41     32     35      0      0      0      0      0      0   1512    210      3      2      0 
    1    238     64     67     96     24      0      0      0      0   1512   1410   1657      4      0 
    0     41     32     35      0      0      0      0      0      0   1512    210      3      2      0 
    1    228     65     67     96     24      0      0      0      0   1512   1410   1657      4      0 
# gpu    pwr  gtemp  mtemp     sm    mem    enc    dec    jpg    ofa   mclk   pclk     fb   bar1   ccpm 
# Idx      W      C      C      %      %      %      %      %      %    MHz    MHz     MB     MB     MB 
    0     41     32     35      0      0      0      0      0      0   1512    210      3      2      0 
    1    240     65     69     96     24      0      0      0      0   1512   1410   1657      4      0 
    0     41     32     35      0      0      0      0      0      0   1512    210      3      2      0 
    1    237     65     69     96     24      0      0      0      0   1512   1410   1657      4      0 
    0     42     32     35      0      0      0      0      0      0   1512    210      3      2      0 
    1    231     64     67     96     24      0      0      0      0   1512   1410   1657      4      0 
    0     41     32     35      0      0      0      0      0      0   1512    210      3      2      0 
    1    234     65     67     96     24      0      0      0      0   1512   1410   1657      4      0 
    0     41     32     35      0      0      0      0      0      0   1512    210      3      2      0 
    1    233     65     69     96     24      0      0      0      0   1512   1410   1657      4      0 
    0     41     32     35      0      0      0      0      0      0   1512    210      3      2      0 
    1    233     65     67     96     24      0      0      0      0   1512   1410   1657      4      0 
    0     41     32     35      0      0      0      0      0      0   1512    210      3      2      0 
    1    235     64     67     96     24      0      0      0      0   1512   1410   1657      4      0 
    0     41     32     35      0      0      0      0      0      0   1512    210      3      2      0 
    1    235     65     69     96     24      0      0      0      0   1512   1410   1657      4      0 
    0     41     32     35      0      0      0      0      0      0   1512    210      3      2      0 
    1    231     65     69     96     24      0      0      0      0   1512   1410   1657      4      0 
    0     41     32     35      0      0      0      0      0      0   1512    210      3      2      0 
    1    234     65     67     95     24      0      0      0      0   1512   1410   1657      4      0 
    0     41     32     35      0      0      0      0      0      0   1512    210      3      2      0 
    1    235     64     67     96     24      0      0      0      0   1512   1410   1657      4      0 
    0     41     32     35      0      0      0      0      0      0   1512    210      3      2      0 
    1    238     65     69     96     24      0      0      0      0   1512   1410   1657      4      0 
    0     41     32     35      0      0      0      0      0      0   1512    210      3      2      0 
    1    233     65     69     95     24      0      0      0      0   1512   1410   1657      4      0 
    0     41     32     35      0      0      0      0      0      0   1512    210      3      2      0 
    1    232     65     67     96     24      0      0      0      0   1512   1410   1657      4      0 
    0     41     32     35      0      0      0      0      0      0   1512    210      3      2      0 
    1    234     64     67     96     24      0      0      0      0   1512   1410   1657      4      0 
    0     41     32     35      0      0      0      0      0      0   1512    210      3      2      0 
    1    235     65     69     96     24      0      0      0      0   1512   1410   1657      4      0 
    0     41     32     35      0      0      0      0      0      0   1512    210      3      2      0 
    1    235     65     69     97     24      0      0      0      0   1512   1410   1657      4      0 
    0     41     32     35      0      0      0      0      0      0   1512    210      3      2      0 
    1    235     64     67     97     24      0      0      0      0   1512   1410   1657      4      0 
    0     41     32     35      0      0      0      0      0      0   1512    210      3      2      0 
    1    232     64     67     96     24      0      0      0      0   1512   1410   1657      4      0 
    0     41     32     35      0      0      0      0      0      0   1512    210      3      2      0 
    1    234     65     69     96     24      0      0      0      0   1512   1410   1657      4      0 
    0     41     32     35      0      0      0      0      0      0   1512    210      3      2      0 
    1    238     65     67     96     24      0      0      0      0   1512   1410   1657      4      0 
    0     42     32     35      0      0      0      0      0      0   1512    210      3      2      0 
    1    234     64     67     96     24      0      0      0      0   1512   1410   1657      4      0 
# gpu    pwr  gtemp  mtemp     sm    mem    enc    dec    jpg    ofa   mclk   pclk     fb   bar1   ccpm 
# Idx      W      C      C      %      %      %      %      %      %    MHz    MHz     MB     MB     MB 
    0     42     32     35      0      0      0      0      0      0   1512    210      3      2      0 
    1    235     64     67     96     24      0      0      0      0   1512   1410   1657      4      0 
    0     41     32     35      0      0      0      0      0      0   1512    210      3      2      0 
    1    233     65     69     96     24      0      0      0      0   1512   1410   1657      4      0 
    0     41     32     35      0      0      0      0      0      0   1512    210      3      2      0 
    1    234     65     67     96     24      0      0      0      0   1512   1410   1657      4      0 
    0     41     32     35      0      0      0      0      0      0   1512    210      3      2      0 
    1    232     64     67     96     24      0      0      0      0   1512   1410   1657      4      0 
    0     41     32     35      0      0      0      0      0      0   1512    210      3      2      0 
    1    237     65     69     96     24      0      0      0      0   1512   1410   1657      4      0 
    0     41     32     35      0      0      0      0      0      0   1512    210      3      2      0 
    1    237     65     69     96     24      0      0      0      0   1512   1410   1657      4      0 
    0     41     32     35      0      0      0      0      0      0   1512    210      3      2      0 
    1    237     64     67     96     24      0      0      0      0   1512   1410   1657      4      0 
    0     41     32     35      0      0      0      0      0      0   1512    210      3      2      0 
    1    233     64     67     96     24      0      0      0      0   1512   1410   1657      4      0 
    0     42     32     35      0      0      0      0      0      0   1512    210      3      2      0 
    1    232     65     69     96     24      0      0      0      0   1512   1410   1657      4      0 
    0     41     32     35      0      0      0      0      0      0   1512    210      3      2      0 
    1    237     65     69     96     24      0      0      0      0   1512   1410   1657      4      0 
    0     41     32     35      0      0      0      0      0      0   1512    210      3      2      0 
    1    231     64     67     96     24      0      0      0      0   1512   1410   1657      4      0 
    0     42     32     35      0      0      0      0      0      0   1512    210      3      2      0 
    1    233     65     67     96     24      0      0      0      0   1512   1410   1657      4      0 
    0     41     32     35      0      0      0      0      0      0   1512    210      3      2      0 
    1    236     65     69     96     24      0      0      0      0   1512   1410   1657      4      0 
    0     41     32     35      0      0      0      0      0      0   1512    210      3      2      0 
    1    236     65     69     96     24      0      0      0      0   1512   1410   1657      4      0 
    0     41     32     35      0      0      0      0      0      0   1512    210      3      2      0 
    1    238     64     67     96     24      0      0      0      0   1512   1410   1657      4      0 
    0     41     32     35      0      0      0      0      0      0   1512    210      3      2      0 
    1    235     65     67     96     24      0      0      0      0   1512   1410   1657      4      0 
    0     41     32     35      0      0      0      0      0      0   1512    210      3      2      0 
    1    234     65     69     96     24      0      0      0      0   1512   1410   1657      4      0 
    0     41     32     35      0      0      0      0      0      0   1512    210      3      2      0 
    1    240     65     69     96     24      0      0      0      0   1512   1410   1657      4      0 
    0     41     32     35      0      0      0      0      0      0   1512    210      3      2      0 
    1    233     64     67     96     24      0      0      0      0   1512   1410   1657      4      0 
    0     41     32     35      0      0      0      0      0      0   1512    210      3      2      0 
    1    237     64     67     96     24      0      0      0      0   1512   1410   1657      4      0 
    0     41     32     35      0      0      0      0      0      0   1512    210      3      2      0 
    1    238     65     69     96     24      0      0      0      0   1512   1410   1657      4      0 
    0     41     32     35      0      0      0      0      0      0   1512    210      3      2      0 
    1    237     65     69     96     24      0      0      0      0   1512   1410   1657      4      0 
# gpu    pwr  gtemp  mtemp     sm    mem    enc    dec    jpg    ofa   mclk   pclk     fb   bar1   ccpm 
# Idx      W      C      C      %      %      %      %      %      %    MHz    MHz     MB     MB     MB 
    0     41     32     35      0      0      0      0      0      0   1512    210      3      2      0 
    1    229     64     67     96     24      0      0      0      0   1512   1410   1657      4      0 
    0     41     32     35      0      0      0      0      0      0   1512    210      3      2      0 
    1    233     64     67     96     24      0      0      0      0   1512   1410   1657      4      0 
    0     41     32     35      0      0      0      0      0      0   1512    210      3      2      0 
    1    236     65     69     96     24      0      0      0      0   1512   1410   1657      4      0 
    0     41     32     35      0      0      0      0      0      0   1512    210      3      2      0 
    1    239     65     69     96     24      0      0      0      0   1512   1410   1657      4      0 
    0     41     32     35      0      0      0      0      0      0   1512    210      3      2      0 
    1    233     64     67     96     24      0      0      0      0   1512   1410   1657      4      0 
    0     41     32     35      0      0      0      0      0      0   1512    210      3      2      0 
    1    233     65     67     96     24      0      0      0      0   1512   1410   1657      4      0 
    0     41     32     35      0      0      0      0      0      0   1512    210      3      2      0 
    1    235     65     69     96     24      0      0      0      0   1512   1410   1657      4      0 
    0     41     32     35      0      0      0      0      0      0   1512    210      3      2      0 
    1    234     65     69     96     24      0      0      0      0   1512   1410   1657      4      0 
    0     41     32     35      0      0      0      0      0      0   1512    210      3      2      0 
    1    232     64     67     96     24      0      0      0      0   1512   1410   1657      4      0 
    0     41     32     35      0      0      0      0      0      0   1512    210      3      2      0 
    1    236     64     67     96     24      0      0      0      0   1512   1410   1657      4      0 
    0     41     32     35      0      0      0      0      0      0   1512    210      3      2      0 
    1    235     65     69     96     24      0      0      0      0   1512   1410   1657      4      0 
    0     41     32     35      0      0      0      0      0      0   1512    210      3      2      0 
    1    238     65     69     96     24      0      0      0      0   1512   1410   1657      4      0 
    0     41     32     35      0      0      0      0      0      0   1512    210      3      2      0 
    1    233     64     67     96     24      0      0      0      0   1512   1410   1657      4      0 
    0     41     32     35      0      0      0      0      0      0   1512    210      3      2      0 
    1    233     64     67     96     24      0      0      0      0   1512   1410   1657      4      0 
    0     41     32     35      0      0      0      0      0      0   1512    210      3      2      0 
    1    235     65     69     96     24      0      0      0      0   1512   1410   1657      4      0 
    0     41     32     35      0      0      0      0      0      0   1512    210      3      2      0 
    1    236     65     69     96     24      0      0      0      0   1512   1410   1657      4      0 
    0     41     32     35      0      0      0      0      0      0   1512    210      3      2      0 
    1    236     65     67     95     24      0      0      0      0   1512   1410   1657      4      0 
    0     41     32     35      0      0      0      0      0      0   1512    210      3      2      0 
    1    233     64     67     96     24      0      0      0      0   1512   1410   1657      4      0 
    0     42     32     35      0      0      0      0      0      0   1512    210      3      2      0 
    1    235     65     69     96     24      0      0      0      0   1512   1410   1657      4      0 
    0     41     32     35      0      0      0      0      0      0   1512    210      3      2      0 
    1    233     65     69     96     24      0      0      0      0   1512   1410   1657      4      0 
    0     41     32     35      0      0      0      0      0      0   1512    210      3      2      0 
    1    239     64     67     96     24      0      0      0      0   1512   1410   1657      4      0 
    0     41     32     35      0      0      0      0      0      0   1512    210      3      2      0 
    1    232     65     67     96     24      0      0      0      0   1512   1410   1657      4      0 
# gpu    pwr  gtemp  mtemp     sm    mem    enc    dec    jpg    ofa   mclk   pclk     fb   bar1   ccpm 
# Idx      W      C      C      %      %      %      %      %      %    MHz    MHz     MB     MB     MB 
    0     41     32     35      0      0      0      0      0      0   1512    210      3      2      0 
    1    234     65     69     96     24      0      0      0      0   1512   1410   1657      4      0 
    0     41     32     35      0      0      0      0      0      0   1512    210      3      2      0 
    1    237     65     69     96     24      0      0      0      0   1512   1410   1657      4      0 
    0     41     32     35      0      0      0      0      0      0   1512    210      3      2      0 
    1    236     64     67     96     24      0      0      0      0   1512   1410   1657      4      0 
    0     41     32     35      0      0      0      0      0      0   1512    210      3      2      0 
    1    233     65     69     96     24      0      0      0      0   1512   1410   1657      4      0 
    0     40     32     35      0      0      0      0      0      0   1512    210      3      2      0 
    1    235     66     69     96     24      0      0      0      0   1512   1410   1657      4      0 
    0     41     32     35      0      0      0      0      0      0   1512    210      3      2      0 
    1    234     65     69     96     24      0      0      0      0   1512   1410   1657      4      0 
    0     41     32     35      0      0      0      0      0      0   1512    210      3      2      0 
    1    235     64     67     96     24      0      0      0      0   1512   1410   1657      4      0 
    0     41     32     35      0      0      0      0      0      0   1512    210      3      2      0 
    1    236     65     67     96     24      0      0      0      0   1512   1410   1657      4      0 
    0     41     32     35      0      0      0      0      0      0   1512    210      3      2      0 
    1    239     65     69     96     24      0      0      0      0   1512   1410   1657      4      0 
    0     41     32     35      0      0      0      0      0      0   1512    210      3      2      0 
    1    235     65     69     96     24      0      0      0      0   1512   1410   1657      4      0 
    0     41     32     35      0      0      0      0      0      0   1512    210      3      2      0 
    1    233     64     67     96     24      0      0      0      0   1512   1410   1657      4      0 
    0     41     32     35      0      0      0      0      0      0   1512    210      3      2      0 
    1    232     65     67     96     24      0      0      0      0   1512   1410   1657      4      0 
    0     41     32     35      0      0      0      0      0      0   1512    210      3      2      0 
    1    236     65     69     96     24      0      0      0      0   1512   1410   1657      4      0 
    0     41     32     35      0      0      0      0      0      0   1512    210      3      2      0 
    1    231     65     67     96     24      0      0      0      0   1512   1410   1657      4      0 
    0     41     32     35      0      0      0      0      0      0   1512    210      3      2      0 
    1    238     64     67     96     24      0      0      0      0   1512   1410   1657      4      0 
    0     41     32     35      0      0      0      0      0      0   1512    210      3      2      0 
    1    234     65     69     96     24      0      0      0      0   1512   1410   1657      4      0 
    0     41     32     35      0      0      0      0      0      0   1512    210      3      2      0 
    1    234     65     69     96     24      0      0      0      0   1512   1410   1657      4      0 
    0     41     32     35      0      0      0      0      0      0   1512    210      3      2      0 
    1    235     64     67     97     24      0      0      0      0   1512   1410   1657      4      0 
    0     41     32     35      0      0      0      0      0      0   1512    210      3      2      0 
    1    239     65     67     96     24      0      0      0      0   1512   1410   1657      4      0 
    0     40     32     35      0      0      0      0      0      0   1512    210      3      2      0 
    1    234     65     69     96     24      0      0      0      0   1512   1410   1657      4      0 
    0     41     32     35      0      0      0      0      0      0   1512    210      3      2      0 
    1    231     65     67     96     24      0      0      0      0   1512   1410   1657      4      0 
    0     41     32     35      0      0      0      0      0      0   1512    210      3      2      0 
    1    233     64     67     96     24      0      0      0      0   1512   1410   1657      4      0 
# gpu    pwr  gtemp  mtemp     sm    mem    enc    dec    jpg    ofa   mclk   pclk     fb   bar1   ccpm 
# Idx      W      C      C      %      %      %      %      %      %    MHz    MHz     MB     MB     MB 
    0     41     32     35      0      0      0      0      0      0   1512    210      3      2      0 
    1    236     65     69     96     24      0      0      0      0   1512   1410   1657      4      0 
    0     41     32     35      0      0      0      0      0      0   1512    210      3      2      0 
    1    238     65     69     95     24      0      0      0      0   1512   1410   1657      4      0 
    0     40     32     35      0      0      0      0      0      0   1512    210      3      2      0 
    1    235     65     69     96     24      0      0      0      0   1512   1410   1657      4      0 
    0     41     32     35      0      0      0      0      0      0   1512    210      3      2      0 
    1    233     64     67     96     24      0      0      0      0   1512   1410   1657      4      0 
    0     41     32     35      0      0      0      0      0      0   1512    210      3      2      0 
    1    239     64     67     96     24      0      0      0      0   1512   1410   1657      4      0 
    0     41     32     35      0      0      0      0      0      0   1512    210      3      2      0 
    1    235     65     69     96     24      0      0      0      0   1512   1410   1657      4      0 
    0     41     32     35      0      0      0      0      0      0   1512    210      3      2      0 
    1    238     65     67     96     24      0      0      0      0   1512   1410   1657      4      0 
    0     41     32     35      0      0      0      0      0      0   1512    210      3      2      0 
    1    232     64     67     96     24      0      0      0      0   1512   1410   1657      4      0 
    0     41     32     35      0      0      0      0      0      0   1512    210      3      2      0 
    1    234     65     67     96     24      0      0      0      0   1512   1410   1657      4      0 
    0     40     32     35      0      0      0      0      0      0   1512    210      3      2      0 
    1    239     65     69     96     24      0      0      0      0   1512   1410   1657      4      0 
    0     41     32     35      0      0      0      0      0      0   1512    210      3      2      0 
    1    235     65     67     96     24      0      0      0      0   1512   1410   1657      4      0 
    0     41     32     35      0      0      0      0      0      0   1512    210      3      2      0 
    1    237     64     67     96     24      0      0      0      0   1512   1410   1657      4      0 
    0     41     32     35      0      0      0      0      0      0   1512    210      3      2      0 
    1    233     65     69     96     24      0      0      0      0   1512   1410   1657      4      0 
    0     41     32     35      0      0      0      0      0      0   1512    210      3      2      0 
    1    234     65     69     96     24      0      0      0      0   1512   1410   1657      4      0 
    0     41     32     35      0      0      0      0      0      0   1512    210      3      2      0 
    1    237     64     67     96     24      0      0      0      0   1512   1410   1657      4      0 
    0     41     32     35      0      0      0      0      0      0   1512    210      3      2      0 
    1    237     64     67     96     24      0      0      0      0   1512   1410   1657      4      0 
    0     41     32     35      0      0      0      0      0      0   1512    210      3      2      0 
    1    233     65     69     96     24      0      0      0      0   1512   1410   1657      4      0 
    0     41     32     35      0      0      0      0      0      0   1512    210      3      2      0 
    1    235     65     69     96     24      0      0      0      0   1512   1410   1657      4      0 
    0     41     32     35      0      0      0      0      0      0   1512    210      3      2      0 
    1    236     64     67     96     24      0      0      0      0   1512   1410   1657      4      0 
    0     41     32     35      0      0      0      0      0      0   1512    210      3      2      0 
    1    235     65     69     96     24      0      0      0      0   1512   1410   1657      4      0 
    0     42     32     35      0      0      0      0      0      0   1512    210      3      2      0 
    1    237     65     69     96     24      0      0      0      0   1512   1410   1657      4      0 
    0     41     32     35      0      0      0      0      0      0   1512    210      3      2      0 
    1    239     65     69     96     24      0      0      0      0   1512   1410   1657      4      0 
# gpu    pwr  gtemp  mtemp     sm    mem    enc    dec    jpg    ofa   mclk   pclk     fb   bar1   ccpm 
# Idx      W      C      C      %      %      %      %      %      %    MHz    MHz     MB     MB     MB 
    0     41     32     35      0      0      0      0      0      0   1512    210      3      2      0 
    1    231     64     67     96     24      0      0      0      0   1512   1410   1657      4      0 
    0     41     32     35      0      0      0      0      0      0   1512    210      3      2      0 
    1    235     65     67     96     24      0      0      0      0   1512   1410   1657      4      0 
    0     41     32     35      0      0      0      0      0      0   1512    210      3      2      0 
    1    236     66     69     96     24      0      0      0      0   1512   1410   1657      4      0 
    0     41     32     35      0      0      0      0      0      0   1512    210      3      2      0 
    1    237     65     69     96     24      0      0      0      0   1512   1410   1657      4      0 
    0     41     32     35      0      0      0      0      0      0   1512    210      3      2      0 
    1    240     65     67     96     24      0      0      0      0   1512   1410   1657      4      0 
    0     41     32     35      0      0      0      0      0      0   1512    210      3      2      0 
    1    236     64     67     96     24      0      0      0      0   1512   1410   1657      4      0 
    0     41     32     35      0      0      0      0      0      0   1512    210      3      2      0 
    1    234     65     69     96     24      0      0      0      0   1512   1410   1657      4      0 
    0     41     32     35      0      0      0      0      0      0   1512    210      3      2      0 
    1    238     65     69     96     24      0      0      0      0   1512   1410   1657      4      0 
    0     41     32     35      0      0      0      0      0      0   1512    210      3      2      0 
    1    238     65     67     96     24      0      0      0      0   1512   1410   1657      4      0 
    0     41     32     35      0      0      0      0      0      0   1512    210      3      2      0 
    1    233     64     67     96     24      0      0      0      0   1512   1410   1657      4      0 
    0     41     32     35      0      0      0      0      0      0   1512    210      3      2      0 
    1    233     65     69     96     24      0      0      0      0   1512   1410   1657      4      0 
    0     41     32     35      0      0      0      0      0      0   1512    210      3      2      0 
    1    231     65     67     95     24      0      0      0      0   1512   1410   1657      4      0 
    0     41     32     35      0      0      0      0      0      0   1512    210      3      2      0 
    1    233     64     67     96     24      0      0      0      0   1512   1410   1657      4      0 
    0     41     32     35      0      0      0      0      0      0   1512    210      3      2      0 
    1    234     65     69     97     24      0      0      0      0   1512   1410   1657      4      0 
    0     41     32     35      0      0      0      0      0      0   1512    210      3      2      0 
    1    231     65     69     96     24      0      0      0      0   1512   1410   1657      4      0 
    0     41     32     35      0      0      0      0      0      0   1512    210      3      2      0 
    1    238     65     67     96     24      0      0      0      0   1512   1410   1657      4      0 
    0     42     32     35      0      0      0      0      0      0   1512    210      3      2      0 
    1    233     64     67     96     24      0      0      0      0   1512   1410   1657      4      0 
    0     41     32     35      0      0      0      0      0      0   1512    210      3      2      0 
    1    237     65     69     96     24      0      0      0      0   1512   1410   1657      4      0 
    0     41     32     35      0      0      0      0      0      0   1512    210      3      2      0 
    1    238     65     69     96     24      0      0      0      0   1512   1410   1657      4      0 
    0     41     32     35      0      0      0      0      0      0   1512    210      3      2      0 
    1    235     64     67     96     24      0      0      0      0   1512   1410   1657      4      0 
    0     41     32     35      0      0      0      0      0      0   1512    210      3      2      0 
    1    235     65     67     96     24      0      0      0      0   1512   1410   1657      4      0 
    0     41     32     35      0      0      0      0      0      0   1512    210      3      2      0 
    1    234     65     69     96     24      0      0      0      0   1512   1410   1657      4      0 
# gpu    pwr  gtemp  mtemp     sm    mem    enc    dec    jpg    ofa   mclk   pclk     fb   bar1   ccpm 
# Idx      W      C      C      %      %      %      %      %      %    MHz    MHz     MB     MB     MB 
    0     41     32     35      0      0      0      0      0      0   1512    210      3      2      0 
    1    234     65     69     96     24      0      0      0      0   1512   1410   1657      4      0 
    0     41     32     35      0      0      0      0      0      0   1512    210      3      2      0 
    1    232     64     67     96     24      0      0      0      0   1512   1410   1657      4      0 
    0     41     32     35      0      0      0      0      0      0   1512    210      3      2      0 
    1    234     65     67     95     24      0      0      0      0   1512   1410   1657      4      0 
    0     42     32     35      0      0      0      0      0      0   1512    210      3      2      0 
    1    235     65     69     96     24      0      0      0      0   1512   1410   1657      4      0 
    0     41     32     35      0      0      0      0      0      0   1512    210      3      2      0 
    1    235     65     69     96     24      0      0      0      0   1512   1410   1657      4      0 
    0     40     32     35      0      0      0      0      0      0   1512    210      3      2      0 
    1    238     64     67     96     24      0      0      0      0   1512   1410   1657      4      0 
    0     41     32     35      0      0      0      0      0      0   1512    210      3      2      0 
    1    235     64     67     96     24      0      0      0      0   1512   1410   1657      4      0 
    0     41     32     35      0      0      0      0      0      0   1512    210      3      2      0 
    1    236     65     69     96     24      0      0      0      0   1512   1410   1657      4      0 
    0     41     32     35      0      0      0      0      0      0   1512    210      3      2      0 
    1    238     65     67     96     24      0      0      0      0   1512   1410   1657      4      0 
    0     41     32     35      0      0      0      0      0      0   1512    210      3      2      0 
    1    234     64     67     96     24      0      0      0      0   1512   1410   1657      4      0 
    0     41     32     35      0      0      0      0      0      0   1512    210      3      2      0 
    1    232     65     69     96     24      0      0      0      0   1512   1410   1657      4      0 
    0     42     32     35      0      0      0      0      0      0   1512    210      3      2      0 
    1    237     65     69     96     24      0      0      0      0   1512   1410   1657      4      0 
    0     41     32     35      0      0      0      0      0      0   1512    210      3      2      0 
    1    236     65     67     96     24      0      0      0      0   1512   1410   1657      4      0 
    0     41     32     35      0      0      0      0      0      0   1512    210      3      2      0 
    1    241     64     67     96     24      0      0      0      0   1512   1410   1657      4      0 
    0     41     32     35      0      0      0      0      0      0   1512    210      3      2      0 
    1    236     65     69     96     24      0      0      0      0   1512   1410   1657      4      0 
    0     41     32     35      0      0      0      0      0      0   1512    210      3      2      0 
    1    236     65     69     96     24      0      0      0      0   1512   1410   1657      4      0 
    0     41     32     35      0      0      0      0      0      0   1512    210      3      2      0 
    1    238     64     67     96     24      0      0      0      0   1512   1410   1657      4      0 
    0     41     32     35      0      0      0      0      0      0   1512    210      3      2      0 
    1    238     65     67     96     24      0      0      0      0   1512   1410   1657      4      0 
    0     41     32     35      0      0      0      0      0      0   1512    210      3      2      0 
    1    232     65     69     96     24      0      0      0      0   1512   1410   1657      4      0 
    0     41     32     35      0      0      0      0      0      0   1512    210      3      2      0 
    1    235     65     69     96     24      0      0      0      0   1512   1410   1657      4      0 
    0     41     32     35      0      0      0      0      0      0   1512    210      3      2      0 
    1    238     65     69     96     24      0      0      0      0   1512   1410   1657      4      0 
    0     41     32     35      0      0      0      0      0      0   1512    210      3      2      0 
    1    236     64     67     96     24      0      0      0      0   1512   1410   1657      4      0 
# gpu    pwr  gtemp  mtemp     sm    mem    enc    dec    jpg    ofa   mclk   pclk     fb   bar1   ccpm 
# Idx      W      C      C      %      %      %      %      %      %    MHz    MHz     MB     MB     MB 
    0     41     32     35      0      0      0      0      0      0   1512    210      3      2      0 
    1    233     65     69     96     24      0      0      0      0   1512   1410   1657      4      0 
    0     41     32     35      0      0      0      0      0      0   1512    210      3      2      0 
    1    235     65     69     96     24      0      0      0      0   1512   1410   1657      4      0 
    0     41     32     35      0      0      0      0      0      0   1512    210      3      2      0 
    1    236     65     67     96     24      0      0      0      0   1512   1410   1657      4      0 
    0     41     32     35      0      0      0      0      0      0   1512    210      3      2      0 
    1    237     64     67     96     24      0      0      0      0   1512   1410   1657      4      0 
    0     41     32     35      0      0      0      0      0      0   1512    210      3      2      0 
    1    238     65     69     96     24      0      0      0      0   1512   1410   1657      4      0 
    0     41     32     35      0      0      0      0      0      0   1512    210      3      2      0 
    1    234     65     69     96     24      0      0      0      0   1512   1410   1657      4      0 
    0     41     32     35      0      0      0      0      0      0   1512    210      3      2      0 
    1    232     64     67     96     24      0      0      0      0   1512   1410   1657      4      0 
    0     41     32     35      0      0      0      0      0      0   1512    210      3      2      0 
    1    236     65     67     96     24      0      0      0      0   1512   1410   1657      4      0 
    0     41     32     35      0      0      0      0      0      0   1512    210      3      2      0 
    1    234     65     69     96     24      0      0      0      0   1512   1410   1657      4      0 
    0     41     32     35      0      0      0      0      0      0   1512    210      3      2      0 
    1    238     65     67     96     24      0      0      0      0   1512   1410   1657      4      0 
    0     41     32     35      0      0      0      0      0      0   1512    210      3      2      0 
    1    236     64     67     96     24      0      0      0      0   1512   1410   1657      4      0 
    0     41     32     35      0      0      0      0      0      0   1512    210      3      2      0 
    1    235     65     69     96     24      0      0      0      0   1512   1410   1657      4      0 
    0     41     32     35      0      0      0      0      0      0   1512    210      3      2      0 
    1    238     65     69     96     24      0      0      0      0   1512   1410   1657      4      0 
    0     41     32     35      0      0      0      0      0      0   1512    210      3      2      0 
    1    237     64     67     96     24      0      0      0      0   1512   1410   1657      4      0 
    0     41     32     35      0      0      0      0      0      0   1512    210      3      2      0 
    1    236     64     67     96     24      0      0      0      0   1512   1410   1657      4      0 
    0     41     32     35      0      0      0      0      0      0   1512    210      3      2      0 
    1    229     65     69     96     24      0      0      0      0   1512   1410   1657      4      0 
    0     41     32     35      0      0      0      0      0      0   1512    210      3      2      0 
    1    234     65     69     96     24      0      0      0      0   1512   1410   1657      4      0 
    0     41     32     35      0      0      0      0      0      0   1512    210      3      2      0 
    1    234     64     67     96     24      0      0      0      0   1512   1410   1657      4      0 
    0     41     32     35      0      0      0      0      0      0   1512    210      3      2      0 
    1    233     65     67     96     24      0      0      0      0   1512   1410   1657      4      0 
    0     41     32     35      0      0      0      0      0      0   1512    210      3      2      0 
    1    236     65     69     96     24      0      0      0      0   1512   1410   1657      4      0 
    0     41     32     35      0      0      0      0      0      0   1512    210      3      2      0 
    1    237     65     69     96     24      0      0      0      0   1512   1410   1657      4      0 
    0     41     32     35      0      0      0      0      0      0   1512    210      3      2      0 
    1    235     64     67     96     24      0      0      0      0   1512   1410   1657      4      0 
# gpu    pwr  gtemp  mtemp     sm    mem    enc    dec    jpg    ofa   mclk   pclk     fb   bar1   ccpm 
# Idx      W      C      C      %      %      %      %      %      %    MHz    MHz     MB     MB     MB 
    0     41     32     35      0      0      0      0      0      0   1512    210      3      2      0 
    1    238     65     67     96     24      0      0      0      0   1512   1410   1657      4      0 
    0     41     32     35      0      0      0      0      0      0   1512    210      3      2      0 
    1    238     65     69     96     24      0      0      0      0   1512   1410   1657      4      0 
    0     41     32     35      0      0      0      0      0      0   1512    210      3      2      0 
    1    231     65     69     96     24      0      0      0      0   1512   1410   1657      4      0 
    0     41     32     35      0      0      0      0      0      0   1512    210      3      2      0 
    1    234     64     67     95     24      0      0      0      0   1512   1410   1657      4      0 
    0     41     32     35      0      0      0      0      0      0   1512    210      3      2      0 
    1    234     64     67     96     24      0      0      0      0   1512   1410   1657      4      0 
    0     41     32     35      0      0      0      0      0      0   1512    210      3      2      0 
    1    238     65     69     96     24      0      0      0      0   1512   1410   1657      4      0 
    0     41     32     35      0      0      0      0      0      0   1512    210      3      2      0 
    1    234     65     69     96     24      0      0      0      0   1512   1410   1657      4      0 
    0     41     32     35      0      0      0      0      0      0   1512    210      3      2      0 
    1    232     64     67     96     24      0      0      0      0   1512   1410   1657      4      0 
    0     41     32     35      0      0      0      0      0      0   1512    210      3      2      0 
    1    234     65     69     97     24      0      0      0      0   1512   1410   1657      4      0 
    0     41     32     35      0      0      0      0      0      0   1512    210      3      2      0 
    1    239     65     69     96     24      0      0      0      0   1512   1410   1657      4      0 
    0     42     32     35      0      0      0      0      0      0   1512    210      3      2      0 
    1    237     65     67     96     24      0      0      0      0   1512   1410   1657      4      0 
    0     41     32     35      0      0      0      0      0      0   1512    210      3      2      0 
    1    234     64     67     96     24      0      0      0      0   1512   1410   1657      4      0 
    0     41     32     35      0      0      0      0      0      0   1512    210      3      2      0 
    1    238     65     69     96     24      0      0      0      0   1512   1410   1657      4      0 
    0     41     32     35      0      0      0      0      0      0   1512    210      3      2      0 
    1    236     65     69     96     24      0      0      0      0   1512   1410   1657      4      0 
    0     41     32     35      0      0      0      0      0      0   1512    210      3      2      0 
    1    238     64     67     96     24      0      0      0      0   1512   1410   1657      4      0 
    0     41     32     35      0      0      0      0      0      0   1512    210      3      2      0 
    1    235     64     67     96     24      0      0      0      0   1512   1410   1657      4      0 
    0     41     32     35      0      0      0      0      0      0   1512    210      3      2      0 
    1    238     65     69     96     24      0      0      0      0   1512   1410   1657      4      0 
    0     42     32     35      0      0      0      0      0      0   1512    210      3      2      0 
    1    234     65     69     96     24      0      0      0      0   1512   1410   1657      4      0 
    0     41     32     35      0      0      0      0      0      0   1512    210      3      2      0 
    1    235     65     67     96     24      0      0      0      0   1512   1410   1657      4      0 
    0     41     32     35      0      0      0      0      0      0   1512    210      3      2      0 
    1    232     64     67     96     24      0      0      0      0   1512   1410   1657      4      0 
    0     42     32     35      0      0      0      0      0      0   1512    210      3      2      0 
    1    235     65     69     96     24      0      0      0      0   1512   1410   1657      4      0 
    0     42     32     35      0      0      0      0      0      0   1512    210      3      2      0 
    1    238     65     69     96     24      0      0      0      0   1512   1410   1657      4      0 
# gpu    pwr  gtemp  mtemp     sm    mem    enc    dec    jpg    ofa   mclk   pclk     fb   bar1   ccpm 
# Idx      W      C      C      %      %      %      %      %      %    MHz    MHz     MB     MB     MB 
    0     42     32     35      0      0      0      0      0      0   1512    210      3      2      0 
    1    237     64     67     95     24      0      0      0      0   1512   1410   1657      4      0 
    0     41     32     35      0      0      0      0      0      0   1512    210      3      2      0 
    1    237     65     67     96     24      0      0      0      0   1512   1410   1657      4      0 
    0     41     32     35      0      0      0      0      0      0   1512    210      3      2      0 
    1    238     65     69     96     24      0      0      0      0   1512   1410   1657      4      0 
    0     41     32     35      0      0      0      0      0      0   1512    210      3      2      0 
    1    235     65     69     96     24      0      0      0      0   1512   1410   1657      4      0 
    0     41     32     35      0      0      0      0      0      0   1512    210      3      2      0 
    1    236     64     67     96     24      0      0      0      0   1512   1410   1657      4      0 
    0     41     32     35      0      0      0      0      0      0   1512    210      3      2      0 
    1    238     65     67     96     24      0      0      0      0   1512   1410   1657      4      0 
    0     41     32     35      0      0      0      0      0      0   1512    210      3      2      0 
    1    237     65     69     96     24      0      0      0      0   1512   1410   1657      4      0 
    0     41     32     35      0      0      0      0      0      0   1512    210      3      2      0 
    1    235     65     67     96     24      0      0      0      0   1512   1410   1657      4      0 
    0     41     32     35      0      0      0      0      0      0   1512    210      3      2      0 
    1    235     64     67     96     24      0      0      0      0   1512   1410   1657      4      0 
    0     41     32     35      0      0      0      0      0      0   1512    210      3      2      0 
    1    237     65     69     96     24      0      0      0      0   1512   1410   1657      4      0 
    0     41     32     35      0      0      0      0      0      0   1512    210      3      2      0 
    1    237     65     69     96     24      0      0      0      0   1512   1410   1657      4      0 
    0     41     32     35      0      0      0      0      0      0   1512    210      3      2      0 
    1    232     64     67     96     24      0      0      0      0   1512   1410   1657      4      0 
    0     41     32     35      0      0      0      0      0      0   1512    210      3      2      0 
    1    234     65     67     96     24      0      0      0      0   1512   1410   1657      4      0 
    0     41     32     35      0      0      0      0      0      0   1512    210      3      2      0 
    1    236     65     69     96     24      0      0      0      0   1512   1410   1657      4      0 
    0     41     32     35      0      0      0      0      0      0   1512    210      3      2      0 
    1    236     65     67     96     24      0      0      0      0   1512   1410   1657      4      0 
    0     41     32     35      0      0      0      0      0      0   1512    210      3      2      0 
    1    235     64     67     96     24      0      0      0      0   1512   1410   1657      4      0 
    0     40     32     35      0      0      0      0      0      0   1512    210      3      2      0 
    1    235     65     67     96     24      0      0      0      0   1512   1410   1657      4      0 
    0     41     32     35      0      0      0      0      0      0   1512    210      3      2      0 
    1    233     65     69     96     24      0      0      0      0   1512   1410   1657      4      0 
    0     41     32     35      0      0      0      0      0      0   1512    210      3      2      0 
    1    236     65     67     96     24      0      0      0      0   1512   1410   1657      4      0 
    0     42     32     35      0      0      0      0      0      0   1512    210      3      2      0 
    1    239     64     67     96     24      0      0      0      0   1512   1410   1657      4      0 
    0     41     32     35      0      0      0      0      0      0   1512    210      3      2      0 
    1    234     65     69     96     24      0      0      0      0   1512   1410   1657      4      0 
    0     41     32     35      0      0      0      0      0      0   1512    210      3      2      0 
    1    238     65     69     96     24      0      0      0      0   1512   1410   1657      4      0 
# gpu    pwr  gtemp  mtemp     sm    mem    enc    dec    jpg    ofa   mclk   pclk     fb   bar1   ccpm 
# Idx      W      C      C      %      %      %      %      %      %    MHz    MHz     MB     MB     MB 
    0     42     32     35      0      0      0      0      0      0   1512    210      3      2      0 
    1    235     64     67     96     24      0      0      0      0   1512   1410   1657      4      0 
    0     41     32     35      0      0      0      0      0      0   1512    210      3      2      0 
    1    237     64     67     96     24      0      0      0      0   1512   1410   1657      4      0 
    0     41     32     35      0      0      0      0      0      0   1512    210      3      2      0 
    1    238     65     69     96     24      0      0      0      0   1512   1410   1657      4      0 
    0     41     32     35      0      0      0      0      0      0   1512    210      3      2      0 
    1    236     65     69     96     24      0      0      0      0   1512   1410   1657      4      0 
    0     41     32     35      0      0      0      0      0      0   1512    210      3      2      0 
    1    234     65     67     96     24      0      0      0      0   1512   1410   1657      4      0 
    0     42     32     35      0      0      0      0      0      0   1512    210      3      2      0 
    1    232     64     67     96     24      0      0      0      0   1512   1410   1657      4      0 
    0     41     32     35      0      0      0      0      0      0   1512    210      3      2      0 
    1    234     65     69     96     24      0      0      0      0   1512   1410   1657      4      0 
    0     41     32     35      0      0      0      0      0      0   1512    210      3      2      0 
    1    235     65     69     95     24      0      0      0      0   1512   1410   1657      4      0 
    0     41     32     35      0      0      0      0      0      0   1512    210      3      2      0 
    1    235     64     67     96     24      0      0      0      0   1512   1410   1657      4      0 
    0     41     32     35      0      0      0      0      0      0   1512    210      3      2      0 
    1    234     64     67     96     24      0      0      0      0   1512   1410   1657      4      0 
    0     41     32     35      0      0      0      0      0      0   1512    210      3      2      0 
    1    233     65     69     95     24      0      0      0      0   1512   1410   1657      4      0 
    0     41     32     35      0      0      0      0      0      0   1512    210      3      2      0 
    1    239     65     69     96     24      0      0      0      0   1512   1410   1657      4      0 
    0     41     32     35      0      0      0      0      0      0   1512    210      3      2      0 
    1    235     65     67     96     24      0      0      0      0   1512   1410   1657      4      0 
    0     41     32     35      0      0      0      0      0      0   1512    210      3      2      0 
    1    232     64     67     96     24      0      0      0      0   1512   1410   1657      4      0 
    0     42     32     35      0      0      0      0      0      0   1512    210      3      2      0 
    1    235     65     69     96     24      0      0      0      0   1512   1410   1657      4      0 
    0     41     32     35      0      0      0      0      0      0   1512    210      3      2      0 
    1    237     65     69     96     24      0      0      0      0   1512   1410   1657      4      0 
    0     41     32     35      0      0      0      0      0      0   1512    210      3      2      0 
    1    231     64     67     96     24      0      0      0      0   1512   1410   1657      4      0 
    0     42     32     35      0      0      0      0      0      0   1512    210      3      2      0 
    1    238     65     67     96     24      0      0      0      0   1512   1410   1657      4      0 
    0     41     32     35      0      0      0      0      0      0   1512    210      3      2      0 
    1    235     65     69     96     24      0      0      0      0   1512   1410   1657      4      0 
    0     41     32     35      0      0      0      0      0      0   1512    210      3      2      0 
    1    237     65     69     96     24      0      0      0      0   1512   1410   1657      4      0 
    0     41     32     35      0      0      0      0      0      0   1512    210      3      2      0 
    1    235     64     67     96     24      0      0      0      0   1512   1410   1657      4      0 
    0     41     32     35      0      0      0      0      0      0   1512    210      3      2      0 
    1    233     65     69     96     24      0      0      0      0   1512   1410   1657      4      0 
# gpu    pwr  gtemp  mtemp     sm    mem    enc    dec    jpg    ofa   mclk   pclk     fb   bar1   ccpm 
# Idx      W      C      C      %      %      %      %      %      %    MHz    MHz     MB     MB     MB 
    0     41     32     35      0      0      0      0      0      0   1512    210      3      2      0 
    1    239     65     69     96     24      0      0      0      0   1512   1410   1657      4      0 
    0     42     32     35      0      0      0      0      0      0   1512    210      3      2      0 
    1    236     65     67     96     24      0      0      0      0   1512   1410   1657      4      0 
    0     41     32     35      0      0      0      0      0      0   1512    210      3      2      0 
    1    238     64     67     96     24      0      0      0      0   1512   1410   1657      4      0 
    0     42     32     35      0      0      0      0      0      0   1512    210      3      2      0 
    1    235     65     69     96     24      0      0      0      0   1512   1410   1657      4      0 
    0     41     32     35      0      0      0      0      0      0   1512    210      3      2      0 
    1    235     65     69     96     24      0      0      0      0   1512   1410   1657      4      0 
    0     41     32     35      0      0      0      0      0      0   1512    210      3      2      0 
    1    233     64     67     96     24      0      0      0      0   1512   1410   1657      4      0 
    0     41     32     35      0      0      0      0      0      0   1512    210      3      2      0 
    1    235     65     67     96     24      0      0      0      0   1512   1410   1657      4      0 
    0     42     32     35      0      0      0      0      0      0   1512    210      3      2      0 
    1    237     65     69     96     24      0      0      0      0   1512   1410   1657      4      0 
    0     41     32     35      0      0      0      0      0      0   1512    210      3      2      0 
    1    237     65     67     96     24      0      0      0      0   1512   1410   1657      4      0 
    0     41     32     35      0      0      0      0      0      0   1512    210      3      2      0 
    1    236     64     67     96     24      0      0      0      0   1512   1410   1657      4      0 
    0     41     32     35      0      0      0      0      0      0   1512    210      3      2      0 
    1    235     65     69     96     24      0      0      0      0   1512   1410   1657      4      0 
    0     41     32     35      0      0      0      0      0      0   1512    210      3      2      0 
    1    238     65     69     96     24      0      0      0      0   1512   1410   1657      4      0 
    0     41     32     35      0      0      0      0      0      0   1512    210      3      2      0 
    1    234     65     67     96     24      0      0      0      0   1512   1410   1657      4      0 
    0     41     32     35      0      0      0      0      0      0   1512    210      3      2      0 
    1    234     64     67     96     24      0      0      0      0   1512   1410   1657      4      0 
    0     41     32     35      0      0      0      0      0      0   1512    210      3      2      0 
    1    238     65     69     96     24      0      0      0      0   1512   1410   1657      4      0 
    0     41     32     35      0      0      0      0      0      0   1512    210      3      2      0 
    1    235     65     69     96     24      0      0      0      0   1512   1410   1657      4      0 
    0     42     32     35      0      0      0      0      0      0   1512    210      3      2      0 
    1    238     65     67     96     24      0      0      0      0   1512   1410   1657      4      0 
    0     41     32     35      0      0      0      0      0      0   1512    210      3      2      0 
    1    231     64     67     95     24      0      0      0      0   1512   1410   1657      4      0 
    0     41     32     35      0      0      0      0      0      0   1512    210      3      2      0 
    1    235     65     67     96     24      0      0      0      0   1512   1410   1657      4      0 
    0     41     32     35      0      0      0      0      0      0   1512    210      3      2      0 
    1    236     65     69     96     24      0      0      0      0   1512   1410   1657      4      0 
    0     41     32     35      0      0      0      0      0      0   1512    210      3      2      0 
    1    236     65     69     96     24      0      0      0      0   1512   1410   1657      4      0 
    0     42     32     35      0      0      0      0      0      0   1512    210      3      2      0 
    1    234     64     67     96     24      0      0      0      0   1512   1410   1657      4      0 
# gpu    pwr  gtemp  mtemp     sm    mem    enc    dec    jpg    ofa   mclk   pclk     fb   bar1   ccpm 
# Idx      W      C      C      %      %      %      %      %      %    MHz    MHz     MB     MB     MB 
    0     41     32     35      0      0      0      0      0      0   1512    210      3      2      0 
    1    233     64     67     96     24      0      0      0      0   1512   1410   1657      4      0 
    0     41     32     35      0      0      0      0      0      0   1512    210      3      2      0 
    1    236     65     69     96     24      0      0      0      0   1512   1410   1657      4      0 
    0     41     32     35      0      0      0      0      0      0   1512    210      3      2      0 
    1    232     65     69     96     24      0      0      0      0   1512   1410   1657      4      0 
    0     41     32     35      0      0      0      0      0      0   1512    210      3      2      0 
    1    230     64     67     96     24      0      0      0      0   1512   1410   1657      4      0 
    0     41     32     35      0      0      0      0      0      0   1512    210      3      2      0 
    1    233     65     67     96     24      0      0      0      0   1512   1410   1657      4      0 
    0     41     32     35      0      0      0      0      0      0   1512    210      3      2      0 
    1    236     65     69     96     24      0      0      0      0   1512   1410   1657      4      0 
    0     41     32     35      0      0      0      0      0      0   1512    210      3      2      0 
    1    234     65     69     96     24      0      0      0      0   1512   1410   1657      4      0 
    0     41     32     35      0      0      0      0      0      0   1512    210      3      2      0 
    1    238     64     67     96     24      0      0      0      0   1512   1410   1657      4      0 
    0     40     32     35      0      0      0      0      0      0   1512    210      3      2      0 
    1    236     65     67     96     24      0      0      0      0   1512   1410   1657      4      0 
    0     41     32     35      0      0      0      0      0      0   1512    210      3      2      0 
    1    237     65     69     96     24      0      0      0      0   1512   1410   1657      4      0 
    0     41     32     35      0      0      0      0      0      0   1512    210      3      2      0 
    1    236     65     69     96     24      0      0      0      0   1512   1410   1657      4      0 
    0     41     32     35      0      0      0      0      0      0   1512    210      3      2      0 
    1    231     64     67     96     24      0      0      0      0   1512   1410   1657      4      0 
    0     41     32     35      0      0      0      0      0      0   1512    210      3      2      0 
    1    236     65     69     96     24      0      0      0      0   1512   1410   1657      4      0 
    0     41     32     35      0      0      0      0      0      0   1512    210      3      2      0 
    1    234     65     69     96     24      0      0      0      0   1512   1410   1657      4      0 
    0     41     32     35      0      0      0      0      0      0   1512    210      3      2      0 
    1    235     65     67     96     24      0      0      0      0   1512   1410   1657      4      0 
    0     41     32     35      0      0      0      0      0      0   1512    210      3      2      0 
    1    237     64     67     96     24      0      0      0      0   1512   1410   1657      4      0 
    0     41     32     35      0      0      0      0      0      0   1512    210      3      2      0 
    1    239     65     69     96     24      0      0      0      0   1512   1410   1657      4      0 
    0     41     32     35      0      0      0      0      0      0   1512    210      3      2      0 
    1    239     65     69     96     24      0      0      0      0   1512   1410   1657      4      0 
    0     41     32     35      0      0      0      0      0      0   1512    210      3      2      0 
    1    236     64     67     96     24      0      0      0      0   1512   1410   1657      4      0 
    0     41     32     35      0      0      0      0      0      0   1512    210      3      2      0 
    1    229     64     67     96     24      0      0      0      0   1512   1410   1657      4      0 
    0     41     32     35      0      0      0      0      0      0   1512    210      3      2      0 
    1    231     65     69     96     24      0      0      0      0   1512   1410   1657      4      0 
    0     41     32     35      0      0      0      0      0      0   1512    210      3      2      0 
    1    231     65     67     96     24      0      0      0      0   1512   1410   1657      4      0 
# gpu    pwr  gtemp  mtemp     sm    mem    enc    dec    jpg    ofa   mclk   pclk     fb   bar1   ccpm 
# Idx      W      C      C      %      %      %      %      %      %    MHz    MHz     MB     MB     MB 
    0     41     32     35      0      0      0      0      0      0   1512    210      3      2      0 
    1    233     64     67     96     24      0      0      0      0   1512   1410   1657      4      0 
    0     42     32     35      0      0      0      0      0      0   1512    210      3      2      0 
    1    235     65     69     96     24      0      0      0      0   1512   1410   1657      4      0 
    0     41     32     35      0      0      0      0      0      0   1512    210      3      2      0 
    1    232     65     69     96     24      0      0      0      0   1512   1410   1657      4      0 
    0     40     32     35      0      0      0      0      0      0   1512    210      3      2      0 
    1    236     65     67     96     24      0      0      0      0   1512   1410   1657      4      0 
    0     41     32     35      0      0      0      0      0      0   1512    210      3      2      0 
    1    233     64     67     96     24      0      0      0      0   1512   1410   1657      4      0 
    0     41     32     35      0      0      0      0      0      0   1512    210      3      2      0 
    1    235     65     69     96     24      0      0      0      0   1512   1410   1657      4      0 
    0     41     32     35      0      0      0      0      0      0   1512    210      3      2      0 
    1    238     65     69     96     24      0      0      0      0   1512   1410   1657      4      0 
    0     41     32     35      0      0      0      0      0      0   1512    210      3      2      0 
    1    234     65     67     96     24      0      0      0      0   1512   1410   1657      4      0 
    0     41     32     35      0      0      0      0      0      0   1512    210      3      2      0 
    1    234     64     67     96     24      0      0      0      0   1512   1410   1657      4      0 
    0     41     32     35      0      0      0      0      0      0   1512    210      3      2      0 
    1    239     65     69     96     24      0      0      0      0   1512   1410   1657      4      0 
    0     41     32     35      0      0      0      0      0      0   1512    210      3      2      0 
    1    238     65     69     96     24      0      0      0      0   1512   1410   1657      4      0 
    0     41     32     35      0      0      0      0      0      0   1512    210      3      2      0 
    1    237     65     67     96     24      0      0      0      0   1512   1410   1657      4      0 
    0     41     32     35      0      0      0      0      0      0   1512    210      3      2      0 
    1    232     64     67     96     24      0      0      0      0   1512   1410   1657      4      0 
    0     41     32     35      0      0      0      0      0      0   1512    210      3      2      0 
    1    239     65     69     96     24      0      0      0      0   1512   1410   1657      4      0 
    0     41     32     35      0      0      0      0      0      0   1512    210      3      2      0 
    1    233     65     69     96     24      0      0      0      0   1512   1410   1657      4      0 
    0     41     32     35      0      0      0      0      0      0   1512    210      3      2      0 
    1    236     64     67     96     24      0      0      0      0   1512   1410   1657      4      0 
    0     41     32     35      0      0      0      0      0      0   1512    210      3      2      0 
    1    236     64     67     96     24      0      0      0      0   1512   1410   1657      4      0 
    0     41     32     35      0      0      0      0      0      0   1512    210      3      2      0 
    1    236     65     69     96     24      0      0      0      0   1512   1410   1657      4      0 
    0     41     32     35      0      0      0      0      0      0   1512    210      3      2      0 
    1    234     65     69     96     24      0      0      0      0   1512   1410   1657      4      0 
    0     41     32     35      0      0      0      0      0      0   1512    210      3      2      0 
    1    232     64     67     96     24      0      0      0      0   1512   1410   1657      4      0 
    0     41     32     35      0      0      0      0      0      0   1512    210      3      2      0 
    1    236     65     67     96     24      0      0      0      0   1512   1410   1657      4      0 
    0     40     32     35      0      0      0      0      0      0   1512    210      3      2      0 
    1    238     65     69     96     24      0      0      0      0   1512   1410   1657      4      0 
# gpu    pwr  gtemp  mtemp     sm    mem    enc    dec    jpg    ofa   mclk   pclk     fb   bar1   ccpm 
# Idx      W      C      C      %      %      %      %      %      %    MHz    MHz     MB     MB     MB 
    0     41     32     35      0      0      0      0      0      0   1512    210      3      2      0 
    1    238     65     69     96     24      0      0      0      0   1512   1410   1657      4      0 
    0     41     32     35      0      0      0      0      0      0   1512    210      3      2      0 
    1    235     64     67     96     24      0      0      0      0   1512   1410   1657      4      0 
    0     41     32     35      0      0      0      0      0      0   1512    210      3      2      0 
    1    238     65     67     96     24      0      0      0      0   1512   1410   1657      4      0 
    0     41     32     35      0      0      0      0      0      0   1512    210      3      2      0 
    1    238     65     69     96     24      0      0      0      0   1512   1410   1657      4      0 
    0     41     32     35      0      0      0      0      0      0   1512    210      3      2      0 
    1    235     65     69     96     24      0      0      0      0   1512   1410   1657      4      0 
    0     41     32     35      0      0      0      0      0      0   1512    210      3      2      0 
    1    233     64     67     96     24      0      0      0      0   1512   1410   1657      4      0 
    0     41     32     35      0      0      0      0      0      0   1512    210      3      2      0 
    1    234     65     67     96     24      0      0      0      0   1512   1410   1657      4      0 
    0     41     32     35      0      0      0      0      0      0   1512    210      3      2      0 
    1    237     65     69     96     24      0      0      0      0   1512   1410   1657      4      0 
    0     41     32     35      0      0      0      0      0      0   1512    210      3      2      0 
    1    237     65     67     96     24      0      0      0      0   1512   1410   1657      4      0 
    0     41     32     35      0      0      0      0      0      0   1512    210      3      2      0 
    1    230     64     67     96     24      0      0      0      0   1512   1410   1657      4      0 
    0     42     32     35      0      0      0      0      0      0   1512    210      3      2      0 
    1    236     65     69     96     24      0      0      0      0   1512   1410   1657      4      0 
    0     41     32     35      0      0      0      0      0      0   1512    210      3      2      0 
    1    233     65     69     96     24      0      0      0      0   1512   1410   1657      4      0 
    0     41     32     35      0      0      0      0      0      0   1512    210      3      2      0 
    1    235     64     67     95     24      0      0      0      0   1512   1410   1657      4      0 
    0     41     32     35      0      0      0      0      0      0   1512    210      3      2      0 
    1    233     65     67     96     24      0      0      0      0   1512   1410   1657      4      0 
    0     41     32     35      0      0      0      0      0      0   1512    210      3      2      0 
    1    235     65     69     96     24      0      0      0      0   1512   1410   1657      4      0 
    0     41     32     35      0      0      0      0      0      0   1512    210      3      2      0 
    1    228     65     69     96     24      0      0      0      0   1512   1410   1657      4      0 
    0     42     32     35      0      0      0      0      0      0   1512    210      3      2      0 
    1    236     64     67     96     24      0      0      0      0   1512   1410   1657      4      0 
    0     41     32     35      0      0      0      0      0      0   1512    210      3      2      0 
    1    232     65     69     96     24      0      0      0      0   1512   1410   1657      4      0 
    0     41     32     35      0      0      0      0      0      0   1512    210      3      2      0 
    1    237     65     69     96     24      0      0      0      0   1512   1410   1657      4      0 
    0     40     32     35      0      0      0      0      0      0   1512    210      3      2      0 
    1    236     65     67     96     24      0      0      0      0   1512   1410   1657      4      0 
    0     41     32     35      0      0      0      0      0      0   1512    210      3      2      0 
    1    237     64     67     96     24      0      0      0      0   1512   1410   1657      4      0 
    0     41     32     35      0      0      0      0      0      0   1512    210      3      2      0 
    1    235     65     69     96     24      0      0      0      0   1512   1410   1657      4      0 
# gpu    pwr  gtemp  mtemp     sm    mem    enc    dec    jpg    ofa   mclk   pclk     fb   bar1   ccpm 
# Idx      W      C      C      %      %      %      %      %      %    MHz    MHz     MB     MB     MB 
    0     41     32     35      0      0      0      0      0      0   1512    210      3      2      0 
    1    236     65     69     96     24      0      0      0      0   1512   1410   1657      4      0 
    0     41     32     35      0      0      0      0      0      0   1512    210      3      2      0 
    1    234     64     67     96     24      0      0      0      0   1512   1410   1657      4      0 
    0     41     32     35      0      0      0      0      0      0   1512    210      3      2      0 
    1    237     65     67     96     24      0      0      0      0   1512   1410   1657      4      0 
    0     41     32     35      0      0      0      0      0      0   1512    210      3      2      0 
    1    235     66     69     96     24      0      0      0      0   1512   1410   1657      4      0 
    0     41     32     35      0      0      0      0      0      0   1512    210      3      2      0 
    1    234     65     69     96     24      0      0      0      0   1512   1410   1657      4      0 
    0     41     32     35      0      0      0      0      0      0   1512    210      3      2      0 
    1    236     65     67     96     24      0      0      0      0   1512   1410   1657      4      0 
    0     41     32     35      0      0      0      0      0      0   1512    210      3      2      0 
    1    235     64     67     96     24      0      0      0      0   1512   1410   1657      4      0 
    0     41     32     35      0      0      0      0      0      0   1512    210      3      2      0 
    1    235     65     69     96     24      0      0      0      0   1512   1410   1657      4      0 
    0     41     32     35      0      0      0      0      0      0   1512    210      3      2      0 
    1    233     65     69     96     24      0      0      0      0   1512   1410   1657      4      0 
    0     41     32     35      0      0      0      0      0      0   1512    210      3      2      0 
    1    237     64     67     97     24      0      0      0      0   1512   1410   1657      4      0 
    0     41     32     35      0      0      0      0      0      0   1512    210      3      2      0 
    1    239     65     67     96     24      0      0      0      0   1512   1410   1657      4      0 
    0     41     32     35      0      0      0      0      0      0   1512    210      3      2      0 
    1    238     65     69     96     24      0      0      0      0   1512   1410   1657      4      0 
    0     41     32     35      0      0      0      0      0      0   1512    210      3      2      0 
    1    234     65     67     96     24      0      0      0      0   1512   1410   1657      4      0 
    0     41     32     35      0      0      0      0      0      0   1512    210      3      2      0 
    1    234     64     67     96     24      0      0      0      0   1512   1410   1657      4      0 
    0     42     32     35      0      0      0      0      0      0   1512    210      3      2      0 
    1    235     65     69     96     24      0      0      0      0   1512   1410   1657      4      0 
    0     41     32     35      0      0      0      0      0      0   1512    210      3      2      0 
    1    238     65     69     96     24      0      0      0      0   1512   1410   1657      4      0 
    0     40     32     35      0      0      0      0      0      0   1512    210      3      2      0 
    1    232     64     67     96     24      0      0      0      0   1512   1410   1657      4      0 
    0     41     32     35      0      0      0      0      0      0   1512    210      3      2      0 
    1    235     65     67     96     24      0      0      0      0   1512   1410   1657      4      0 
    0     41     32     35      0      0      0      0      0      0   1512    210      3      2      0 
    1    235     65     69     96     24      0      0      0      0   1512   1410   1657      4      0 
    0     41     32     35      0      0      0      0      0      0   1512    210      3      2      0 
    1    233     65     67     96     24      0      0      0      0   1512   1410   1657      4      0 
    0     41     32     35      0      0      0      0      0      0   1512    210      3      2      0 
    1    238     64     67     96     24      0      0      0      0   1512   1410   1657      4      0 
    0     41     32     35      0      0      0      0      0      0   1512    210      3      2      0 
    1    238     65     67     96     24      0      0      0      0   1512   1410   1657      4      0 
# gpu    pwr  gtemp  mtemp     sm    mem    enc    dec    jpg    ofa   mclk   pclk     fb   bar1   ccpm 
# Idx      W      C      C      %      %      %      %      %      %    MHz    MHz     MB     MB     MB 
    0     41     32     35      0      0      0      0      0      0   1512    210      3      2      0 
    1    235     65     69     96     24      0      0      0      0   1512   1410   1657      4      0 
    0     41     32     35      0      0      0      0      0      0   1512    210      3      2      0 
    1    235     65     67     96     24      0      0      0      0   1512   1410   1657      4      0 
    0     41     32     35      0      0      0      0      0      0   1512    210      3      2      0 
    1    237     64     67     96     24      0      0      0      0   1512   1410   1657      4      0 
    0     41     32     35      0      0      0      0      0      0   1512    210      3      2      0 
    1    239     65     69     96     24      0      0      0      0   1512   1410   1657      4      0 
    0     41     32     35      0      0      0      0      0      0   1512    210      3      2      0 
    1    234     65     69     96     24      0      0      0      0   1512   1410   1657      4      0 
    0     41     32     35      0      0      0      0      0      0   1512    210      3      2      0 
    1    236     64     67     96     24      0      0      0      0   1512   1410   1657      4      0 
    0     41     32     35      0      0      0      0      0      0   1512    210      3      2      0 
    1    237     65     67     96     24      0      0      0      0   1512   1410   1657      4      0 
    0     41     32     35      0      0      0      0      0      0   1512    210      3      2      0 
    1    238     65     69     96     24      0      0      0      0   1512   1410   1657      4      0 
    0     41     32     35      0      0      0      0      0      0   1512    210      3      2      0 
    1    233     65     69     96     24      0      0      0      0   1512   1410   1657      4      0 
    0     41     32     35      0      0      0      0      0      0   1512    210      3      2      0 
    1    238     64     67     96     24      0      0      0      0   1512   1410   1657      4      0 
    0     41     32     35      0      0      0      0      0      0   1512    210      3      2      0 
    1    233     65     69     96     24      0      0      0      0   1512   1410   1657      4      0 
    0     41     32     35      0      0      0      0      0      0   1512    210      3      2      0 
    1    235     65     69     96     24      0      0      0      0   1512   1410   1657      4      0 
    0     41     32     35      0      0      0      0      0      0   1512    210      3      2      0 
    1    238     65     67     96     24      0      0      0      0   1512   1410   1657      4      0 
    0     41     32     35      0      0      0      0      0      0   1512    210      3      2      0 
    1    234     64     67     96     24      0      0      0      0   1512   1410   1657      4      0 
