# gpu    pwr  gtemp  mtemp     sm    mem    enc    dec    jpg    ofa   mclk   pclk     fb   bar1   ccpm 
# Idx      W      C      C      %      %      %      %      %      %    MHz    MHz     MB     MB     MB 
    0     92     46     49     99      0      0      0      0      0   1512   1410   1479      4      0 
    1     77     61     63      0      0      0      0      0      0   1512   1410      0      1      0 
    0     91     46     49     99      0      0      0      0      0   1512   1410   1479      4      0 
    1    223     63     65     94     22      0      0      0      0   1512   1410   1589      4      0 
    0     91     47     49     99      0      0      0      0      0   1512   1410   1479      4      0 
    1    219     65     67     95     22      0      0      0      0   1512   1410   1589      4      0 
    0     92     47     49     99      0      0      0      0      0   1512   1410   1479      4      0 
    1    225     65     69     95     22      0      0      0      0   1512   1410   1589      4      0 
    0     91     46     49     99      0      0      0      0      0   1512   1410   1479      4      0 
    1    225     65     67     95     22      0      0      0      0   1512   1410   1589      4      0 
    0     91     46     47     99      0      0      0      0      0   1512   1410   1479      4      0 
    1    225     65     67     95     22      0      0      0      0   1512   1410   1589      4      0 
    0     91     45     47     99      0      0      0      0      0   1512   1410   1479      4      0 
    1    222     64     67     95     22      0      0      0      0   1512   1410   1589      4      0 
    0     91     45     47     99      0      0      0      0      0   1512   1410   1479      4      0 
    1    227     65     67     95     22      0      0      0      0   1512   1410   1589      4      0 
    0     91     45     47     99      0      0      0      0      0   1512   1410   1479      4      0 
    1    221     65     69     95     22      0      0      0      0   1512   1410   1589      4      0 
    0     90     44     47     99      0      0      0      0      0   1512   1410   1479      4      0 
    1    220     65     67     95     22      0      0      0      0   1512   1410   1589      4      0 
    0     89     44     47     99      0      0      0      0      0   1512   1410   1479      4      0 
    1    221     65     67     95     22      0      0      0      0   1512   1410   1589      4      0 
    0     89     44     47     99      0      0      0      0      0   1512   1410   1479      4      0 
    1    224     65     67     95     22      0      0      0      0   1512   1410   1589      4      0 
    0     89     44     47     99      0      0      0      0      0   1512   1410   1479      4      0 
    1    224     65     69     95     22      0      0      0      0   1512   1410   1589      4      0 
    0     89     44     47     99      0      0      0      0      0   1512   1410   1479      4      0 
    1    224     65     67     95     22      0      0      0      0   1512   1410   1589      4      0 
    0     89     44     47     99      0      0      0      0      0   1512   1410   1479      4      0 
    1    222     65     67     95     22      0      0      0      0   1512   1410   1589      4      0 
    0     89     43     45     99      0      0      0      0      0   1512   1410   1479      4      0 
    1    220     64     67     95     22      0      0      0      0   1512   1410   1589      4      0 
    0     89     43     45     99      0      0      0      0      0   1512   1410   1479      4      0 
    1    227     65     67     95     22      0      0      0      0   1512   1410   1589      4      0 
    0     89     43     45     99      0      0      0      0      0   1512   1410   1479      4      0 
    1    226     65     69     95     22      0      0      0      0   1512   1410   1589      4      0 
    0     89     43     45     99      0      0      0      0      0   1512   1410   1479      4      0 
    1    226     65     67     95     22      0      0      0      0   1512   1410   1589      4      0 
    0     88     43     45     99      0      0      0      0      0   1512   1410   1479      4      0 
    1    221     65     67     95     22      0      0      0      0   1512   1410   1589      4      0 
    0     88     43     45     99      0      0      0      0      0   1512   1410   1479      4      0 
    1    225     64     67     95     22      0      0      0      0   1512   1410   1589      4      0 
    0     89     43     45     99      0      0      0      0      0   1512   1410   1479      4      0 
    1    227     65     69     95     22      0      0      0      0   1512   1410   1589      4      0 
# gpu    pwr  gtemp  mtemp     sm    mem    enc    dec    jpg    ofa   mclk   pclk     fb   bar1   ccpm 
# Idx      W      C      C      %      %      %      %      %      %    MHz    MHz     MB     MB     MB 
    0     88     43     45     99      0      0      0      0      0   1512   1410   1479      4      0 
    1    223     65     67     95     22      0      0      0      0   1512   1410   1589      4      0 
    0     88     43     45     99      0      0      0      0      0   1512   1410   1479      4      0 
    1    222     65     67     95     22      0      0      0      0   1512   1410   1589      4      0 
    0     87     42     45     99      0      0      0      0      0   1512   1410   1479      4      0 
    1    223     64     67     95     22      0      0      0      0   1512   1410   1589      4      0 
    0     88     43     45     99      0      0      0      0      0   1512   1410   1479      4      0 
    1    221     65     69     95     22      0      0      0      0   1512   1410   1589      4      0 
    0     89     42     45     99      0      0      0      0      0   1512   1410   1479      4      0 
    1    225     65     69     95     22      0      0      0      0   1512   1410   1589      4      0 
    0     88     42     45     99      0      0      0      0      0   1512   1410   1479      4      0 
    1    221     65     67     95     22      0      0      0      0   1512   1410   1589      4      0 
    0     88     42     45     99      0      0      0      0      0   1512   1410   1479      4      0 
    1    223     64     67     95     22      0      0      0      0   1512   1410   1589      4      0 
    0     88     42     45     99      0      0      0      0      0   1512   1410   1479      4      0 
    1    222     65     67     95     22      0      0      0      0   1512   1410   1589      4      0 
    0     88     42     45     99      0      0      0      0      0   1512   1410   1479      4      0 
    1    222     65     69     95     22      0      0      0      0   1512   1410   1589      4      0 
    0     89     42     45     99      0      0      0      0      0   1512   1410   1479      4      0 
    1    225     65     67     95     22      0      0      0      0   1512   1410   1589      4      0 
    0     88     42     45     99      0      0      0      0      0   1512   1410   1479      4      0 
    1    219     65     67     95     22      0      0      0      0   1512   1410   1589      4      0 
    0     88     42     45     99      0      0      0      0      0   1512   1410   1479      4      0 
    1    225     64     67     95     22      0      0      0      0   1512   1410   1589      4      0 
    0     88     42     45     99      0      0      0      0      0   1512   1410   1479      4      0 
    1    221     65     69     95     22      0      0      0      0   1512   1410   1589      4      0 
    0     88     42     45     99      0      0      0      0      0   1512   1410   1479      4      0 
    1    222     65     69     95     22      0      0      0      0   1512   1410   1589      4      0 
    0     88     42     45     99      0      0      0      0      0   1512   1410   1479      4      0 
    1    226     65     67     95     23      0      0      0      0   1512   1410   1589      4      0 
    0     89     42     45     99      0      0      0      0      0   1512   1410   1479      4      0 
    1    224     64     67     95     23      0      0      0      0   1512   1410   1589      4      0 
    0     88     42     45     99      0      0      0      0      0   1512   1410   1479      4      0 
    1    225     65     67     95     22      0      0      0      0   1512   1410   1589      4      0 
    0     88     42     45     99      0      0      0      0      0   1512   1410   1479      4      0 
    1    222     65     69     95     22      0      0      0      0   1512   1410   1589      4      0 
    0     88     42     45     99      0      0      0      0      0   1512   1410   1479      4      0 
    1    223     65     67     95     22      0      0      0      0   1512   1410   1589      4      0 
    0     87     42     45     99      0      0      0      0      0   1512   1410   1479      4      0 
    1    226     64     67     95     22      0      0      0      0   1512   1410   1589      4      0 
    0     87     42     45     99      0      0      0      0      0   1512   1410   1479      4      0 
    1    224     64     67     95     23      0      0      0      0   1512   1410   1589      4      0 
    0     89     42     45     99      0      0      0      0      0   1512   1410   1479      4      0 
    1    225     64     69     95     22      0      0      0      0   1512   1410   1585      4      0 
# gpu    pwr  gtemp  mtemp     sm    mem    enc    dec    jpg    ofa   mclk   pclk     fb   bar1   ccpm 
# Idx      W      C      C      %      %      %      %      %      %    MHz    MHz     MB     MB     MB 
    0     88     42     45     99      0      0      0      0      0   1512   1410   1479      4      0 
    1    239     66     69     99     24      0      0      0      0   1512   1410   1585      4      0 
    0     87     42     45     99      0      0      0      0      0   1512   1410   1479      4      0 
    1    233     65     69     99     24      0      0      0      0   1512   1410   1585      4      0 
    0     88     41     43     99      0      0      0      0      0   1512   1410   1479      4      0 
    1    237     65     69     99     24      0      0      0      0   1512   1410   1585      4      0 
    0     88     41     45     99      0      0      0      0      0   1512   1410   1479      4      0 
    1    238     65     67     98     24      0      0      0      0   1512   1410   1585      4      0 
    0     86     41     43     99      0      0      0      0      0   1512   1410   1479      4      0 
    1    234     65     67     99     24      0      0      0      0   1512   1410   1585      4      0 
    0     87     41     43     99      0      0      0      0      0   1512   1410   1479      4      0 
    1    239     64     67     99     24      0      0      0      0   1512   1410   1585      4      0 
    0     87     41     43     99      0      0      0      0      0   1512   1410   1479      4      0 
    1    239     65     67     99     24      0      0      0      0   1512   1410   1585      4      0 
    0     88     41     43     99      0      0      0      0      0   1512   1410   1479      4      0 
    1    240     66     69     99     24      0      0      0      0   1512   1410   1585      4      0 
    0     88     41     43     99      0      0      0      0      0   1512   1410   1479      4      0 
    1    237     66     69     99     24      0      0      0      0   1512   1410   1585      4      0 
    0     88     41     43     99      0      0      0      0      0   1512   1410   1479      4      0 
    1    236     65     69     99     24      0      0      0      0   1512   1410   1585      4      0 
    0     88     41     43     99      0      0      0      0      0   1512   1410   1479      4      0 
    1    233     65     69     99     24      0      0      0      0   1512   1410   1585      4      0 
    0     87     41     43     99      0      0      0      0      0   1512   1410   1479      4      0 
    1    235     65     67     99     24      0      0      0      0   1512   1410   1585      4      0 
    0     87     41     43     99      0      0      0      0      0   1512   1410   1479      4      0 
    1    239     65     67     99     24      0      0      0      0   1512   1410   1585      4      0 
    0     87     41     43     99      0      0      0      0      0   1512   1410   1479      4      0 
    1    237     65     67     99     24      0      0      0      0   1512   1410   1585      4      0 
    0     87     41     43     99      0      0      0      0      0   1512   1410   1479      4      0 
    1    238     65     67     99     24      0      0      0      0   1512   1410   1585      4      0 
    0     88     41     43     99      0      0      0      0      0   1512   1410   1479      4      0 
    1    239     66     69     99     24      0      0      0      0   1512   1410   1585      4      0 
    0     87     41     43     99      0      0      0      0      0   1512   1410   1479      4      0 
    1    238     66     69     99     24      0      0      0      0   1512   1410   1585      4      0 
    0     87     41     43     99      0      0      0      0      0   1512   1410   1479      4      0 
    1    239     65     69     99     24      0      0      0      0   1512   1410   1585      4      0 
    0     87     41     43     99      0      0      0      0      0   1512   1410   1479      4      0 
    1    239     65     69     98     24      0      0      0      0   1512   1410   1585      4      0 
    0     88     41     43     99      0      0      0      0      0   1512   1410   1479      4      0 
    1    238     65     67     99     24      0      0      0      0   1512   1410   1585      4      0 
    0     87     41     43     99      0      0      0      0      0   1512   1410   1479      4      0 
    1    241     65     67     99     24      0      0      0      0   1512   1410   1585      4      0 
    0     87     41     43     99      0      0      0      0      0   1512   1410   1479      4      0 
    1    234     65     67     99     24      0      0      0      0   1512   1410   1585      4      0 
# gpu    pwr  gtemp  mtemp     sm    mem    enc    dec    jpg    ofa   mclk   pclk     fb   bar1   ccpm 
# Idx      W      C      C      %      %      %      %      %      %    MHz    MHz     MB     MB     MB 
    0     86     41     43     99      0      0      0      0      0   1512   1410   1479      4      0 
    1    240     64     67     99     24      0      0      0      0   1512   1410   1585      4      0 
    0     87     41     43     99      0      0      0      0      0   1512   1410   1479      4      0 
    1    238     65     69     99     24      0      0      0      0   1512   1410   1585      4      0 
    0     87     41     43     99      0      0      0      0      0   1512   1410   1479      4      0 
    1    240     66     69     99     24      0      0      0      0   1512   1410   1585      4      0 
    0     87     41     43     99      0      0      0      0      0   1512   1410   1479      4      0 
    1    236     65     69     99     24      0      0      0      0   1512   1410   1585      4      0 
    0     87     41     43     99      0      0      0      0      0   1512   1410   1479      4      0 
    1    237     65     69     99     24      0      0      0      0   1512   1410   1585      4      0 
    0     87     41     43     99      0      0      0      0      0   1512   1410   1479      4      0 
    1    237     65     67     99     24      0      0      0      0   1512   1410   1585      4      0 
    0     88     41     43     99      0      0      0      0      0   1512   1410   1479      4      0 
    1    240     65     67     99     24      0      0      0      0   1512   1410   1585      4      0 
    0     88     40     43     99      0      0      0      0      0   1512   1410   1479      4      0 
    1    239     65     67     99     24      0      0      0      0   1512   1410   1585      4      0 
    0     87     40     43     99      0      0      0      0      0   1512   1410   1479      4      0 
    1    236     64     67     99     24      0      0      0      0   1512   1410   1585      4      0 
    0     88     41     43     99      0      0      0      0      0   1512   1410   1479      4      0 
    1    240     65     69     99     24      0      0      0      0   1512   1410   1585      4      0 
    0     87     41     43     99      0      0      0      0      0   1512   1410   1479      4      0 
    1    235     65     69     99     24      0      0      0      0   1512   1410   1585      4      0 
    0     87     41     43     99      0      0      0      0      0   1512   1410   1479      4      0 
    1    235     65     69     98     24      0      0      0      0   1512   1410   1585      4      0 
    0     87     41     43     99      0      0      0      0      0   1512   1410   1479      4      0 
    1    235     65     69     99     24      0      0      0      0   1512   1410   1585      4      0 
    0     87     40     43     99      0      0      0      0      0   1512   1410   1479      4      0 
    1    239     65     67     99     24      0      0      0      0   1512   1410   1585      4      0 
    0     87     40     43     99      0      0      0      0      0   1512   1410   1479      4      0 
    1    234     65     67     99     24      0      0      0      0   1512   1410   1585      4      0 
    0     88     40     43     99      0      0      0      0      0   1512   1410   1479      4      0 
    1    240     65     67     99     24      0      0      0      0   1512   1410   1585      4      0 
    0     88     40     43     99      0      0      0      0      0   1512   1410   1479      4      0 
    1    237     65     67     99     24      0      0      0      0   1512   1410   1585      4      0 
    0     88     40     43     99      0      0      0      0      0   1512   1410   1479      4      0 
    1    237     65     67     98     24      0      0      0      0   1512   1410   1585      4      0 
    0     87     41     43     99      0      0      0      0      0   1512   1410   1479      4      0 
    1    236     65     69     99     24      0      0      0      0   1512   1410   1585      4      0 
    0     87     40     43     99      0      0      0      0      0   1512   1410   1479      4      0 
    1    234     65     69     99     24      0      0      0      0   1512   1410   1585      4      0 
    0     88     40     43     99      0      0      0      0      0   1512   1410   1479      4      0 
    1    234     65     67     99     24      0      0      0      0   1512   1410   1585      4      0 
    0     88     40     43     99      0      0      0      0      0   1512   1410   1479      4      0 
    1    236     65     67     99     24      0      0      0      0   1512   1410   1585      4      0 
# gpu    pwr  gtemp  mtemp     sm    mem    enc    dec    jpg    ofa   mclk   pclk     fb   bar1   ccpm 
# Idx      W      C      C      %      %      %      %      %      %    MHz    MHz     MB     MB     MB 
    0     87     40     43     99      0      0      0      0      0   1512   1410   1479      4      0 
    1    234     65     67     99     24      0      0      0      0   1512   1410   1585      4      0 
    0     87     40     43     99      0      0      0      0      0   1512   1410   1479      4      0 
    1    236     64     67     99     24      0      0      0      0   1512   1410   1585      4      0 
    0     86     40     43     99      0      0      0      0      0   1512   1410   1479      4      0 
    1    238     65     69     99     24      0      0      0      0   1512   1410   1585      4      0 
    0     86     40     43     99      0      0      0      0      0   1512   1410   1479      4      0 
    1    236     65     69     99     24      0      0      0      0   1512   1410   1585      4      0 
    0     86     40     43     99      0      0      0      0      0   1512   1410   1479      4      0 
    1    235     65     67     98     24      0      0      0      0   1512   1410   1585      4      0 
    0     86     40     43     99      0      0      0      0      0   1512   1410   1479      4      0 
    1    235     65     67     99     24      0      0      0      0   1512   1410   1585      4      0 
    0     87     40     43     99      0      0      0      0      0   1512   1410   1479      4      0 
    1    236     65     67     99     24      0      0      0      0   1512   1410   1585      4      0 
    0     87     40     43     99      0      0      0      0      0   1512   1410   1479      4      0 
    1    235     64     67     99     24      0      0      0      0   1512   1410   1585      4      0 
    0     86     40     43     99      0      0      0      0      0   1512   1410   1479      4      0 
    1    239     65     67     98     24      0      0      0      0   1512   1410   1585      4      0 
    0     86     40     43     99      0      0      0      0      0   1512   1410   1479      4      0 
    1    237     65     69     99     24      0      0      0      0   1512   1410   1585      4      0 
    0     87     40     43     99      0      0      0      0      0   1512   1410   1479      4      0 
    1    241     65     69     99     24      0      0      0      0   1512   1410   1585      4      0 
    0     88     40     43     99      0      0      0      0      0   1512   1410   1479      4      0 
    1    236     65     67     99     24      0      0      0      0   1512   1410   1585      4      0 
    0     87     40     43     99      0      0      0      0      0   1512   1410   1479      4      0 
    1    234     65     67     99     24      0      0      0      0   1512   1410   1585      4      0 
    0     87     40     43     99      0      0      0      0      0   1512   1410   1479      4      0 
    1    238     65     67     99     24      0      0      0      0   1512   1410   1585      4      0 
    0     87     40     43     99      0      0      0      0      0   1512   1410   1479      4      0 
    1    238     65     67     99     24      0      0      0      0   1512   1410   1585      4      0 
    0     87     40     43     99      0      0      0      0      0   1512   1410   1479      4      0 
    1    238     65     69     99     24      0      0      0      0   1512   1410   1585      4      0 
    0     88     40     43     99      0      0      0      0      0   1512   1410   1479      4      0 
    1    238     65     69     99     24      0      0      0      0   1512   1410   1585      4      0 
    0     87     40     43     99      0      0      0      0      0   1512   1410   1479      4      0 
    1    239     65     69     99     24      0      0      0      0   1512   1410   1585      4      0 
    0     87     40     43     99      0      0      0      0      0   1512   1410   1479      4      0 
    1    238     65     67     99     24      0      0      0      0   1512   1410   1585      4      0 
    0     87     40     43     99      0      0      0      0      0   1512   1410   1479      4      0 
    1    239     65     67     99     24      0      0      0      0   1512   1410   1585      4      0 
    0     86     40     43     99      0      0      0      0      0   1512   1410   1479      4      0 
    1    235     64     67     99     24      0      0      0      0   1512   1410   1585      4      0 
    0     87     40     43     99      0      0      0      0      0   1512   1410   1479      4      0 
    1    235     65     67     98     24      0      0      0      0   1512   1410   1585      4      0 
# gpu    pwr  gtemp  mtemp     sm    mem    enc    dec    jpg    ofa   mclk   pclk     fb   bar1   ccpm 
# Idx      W      C      C      %      %      %      %      %      %    MHz    MHz     MB     MB     MB 
    0     87     40     43     99      0      0      0      0      0   1512   1410   1479      4      0 
    1    237     65     69     99     24      0      0      0      0   1512   1410   1585      4      0 
    0     87     40     43     99      0      0      0      0      0   1512   1410   1479      4      0 
    1    236     65     69     99     24      0      0      0      0   1512   1410   1585      4      0 
    0     87     40     43     99      0      0      0      0      0   1512   1410   1479      4      0 
    1    238     65     69     99     24      0      0      0      0   1512   1410   1585      4      0 
    0     87     40     43     99      0      0      0      0      0   1512   1410   1479      4      0 
    1    236     65     67     99     24      0      0      0      0   1512   1410   1585      4      0 
    0     87     40     43     99      0      0      0      0      0   1512   1410   1479      4      0 
    1    237     65     67     99     24      0      0      0      0   1512   1410   1585      4      0 
    0     86     40     43     99      0      0      0      0      0   1512   1410   1479      4      0 
    1    238     64     67     99     24      0      0      0      0   1512   1410   1585      4      0 
    0     87     40     43     99      0      0      0      0      0   1512   1410   1479      4      0 
    1    237     65     69     99     24      0      0      0      0   1512   1410   1585      4      0 
    0     87     40     43     99      0      0      0      0      0   1512   1410   1479      4      0 
    1    237     65     69     99     24      0      0      0      0   1512   1410   1585      4      0 
    0     87     40     43     99      0      0      0      0      0   1512   1410   1479      4      0 
    1    237     65     67     99     24      0      0      0      0   1512   1410   1585      4      0 
    0     86     40     43     99      0      0      0      0      0   1512   1410   1479      4      0 
    1    236     65     67     99     24      0      0      0      0   1512   1410   1585      4      0 
    0     87     40     43     99      0      0      0      0      0   1512   1410   1479      4      0 
    1    238     65     67     99     24      0      0      0      0   1512   1410   1585      4      0 
    0     87     40     43     99      0      0      0      0      0   1512   1410   1479      4      0 
    1    234     65     67     99     24      0      0      0      0   1512   1410   1585      4      0 
    0     88     40     43     99      0      0      0      0      0   1512   1410   1479      4      0 
    1    239     65     67     99     24      0      0      0      0   1512   1410   1585      4      0 
    0     87     40     43     99      0      0      0      0      0   1512   1410   1479      4      0 
    1    236     65     67     99     24      0      0      0      0   1512   1410   1585      4      0 
    0     86     40     43     99      0      0      0      0      0   1512   1410   1479      4      0 
    1    239     65     67     99     24      0      0      0      0   1512   1410   1585      4      0 
    0     88     40     43     99      0      0      0      0      0   1512   1410   1479      4      0 
    1    240     65     69     99     24      0      0      0      0   1512   1410   1585      4      0 
    0     87     40     43     99      0      0      0      0      0   1512   1410   1479      4      0 
    1    234     65     69     98     24      0      0      0      0   1512   1410   1585      4      0 
    0     88     40     43     99      0      0      0      0      0   1512   1410   1479      4      0 
    1    236     65     69     99     24      0      0      0      0   1512   1410   1585      4      0 
    0     87     40     43     99      0      0      0      0      0   1512   1410   1479      4      0 
    1    235     65     67     98     24      0      0      0      0   1512   1410   1585      4      0 
    0     87     40     43     99      0      0      0      0      0   1512   1410   1479      4      0 
    1    240     65     67     99     24      0      0      0      0   1512   1410   1585      4      0 
    0     86     40     43     99      0      0      0      0      0   1512   1410   1479      4      0 
    1    239     65     67     99     24      0      0      0      0   1512   1410   1585      4      0 
    0     86     40     43     99      0      0      0      0      0   1512   1410   1479      4      0 
    1    235     65     67     99     24      0      0      0      0   1512   1410   1585      4      0 
# gpu    pwr  gtemp  mtemp     sm    mem    enc    dec    jpg    ofa   mclk   pclk     fb   bar1   ccpm 
# Idx      W      C      C      %      %      %      %      %      %    MHz    MHz     MB     MB     MB 
    0     87     40     43     99      0      0      0      0      0   1512   1410   1479      4      0 
    1    240     65     69     99     24      0      0      0      0   1512   1410   1585      4      0 
    0     86     40     43     99      0      0      0      0      0   1512   1410   1479      4      0 
    1    234     65     69     99     24      0      0      0      0   1512   1410   1585      4      0 
    0     86     40     43     99      0      0      0      0      0   1512   1410   1479      4      0 
    1    234     65     67     99     24      0      0      0      0   1512   1410   1585      4      0 
    0     87     40     43     99      0      0      0      0      0   1512   1410   1479      4      0 
    1    238     65     67     99     24      0      0      0      0   1512   1410   1585      4      0 
    0     86     40     43     99      0      0      0      0      0   1512   1410   1479      4      0 
    1    237     65     67     99     24      0      0      0      0   1512   1410   1585      4      0 
    0     86     40     43     99      0      0      0      0      0   1512   1410   1479      4      0 
    1    234     64     67     99     24      0      0      0      0   1512   1410   1585      4      0 
    0     87     40     43     99      0      0      0      0      0   1512   1410   1479      4      0 
    1    239     65     69     99     24      0      0      0      0   1512   1410   1585      4      0 
    0     88     40     43     99      0      0      0      0      0   1512   1410   1479      4      0 
    1    237     65     69     98     24      0      0      0      0   1512   1410   1585      4      0 
    0     87     40     43     99      0      0      0      0      0   1512   1410   1479      4      0 
    1    240     65     69     99     24      0      0      0      0   1512   1410   1585      4      0 
    0     86     40     43     99      0      0      0      0      0   1512   1410   1479      4      0 
    1    235     65     67     99     24      0      0      0      0   1512   1410   1585      4      0 
    0     87     40     43     99      0      0      0      0      0   1512   1410   1479      4      0 
    1    234     65     67     99     24      0      0      0      0   1512   1410   1585      4      0 
    0     87     40     43     99      0      0      0      0      0   1512   1410   1479      4      0 
    1    235     65     67     98     24      0      0      0      0   1512   1410   1585      4      0 
    0     88     40     43     99      0      0      0      0      0   1512   1410   1479      4      0 
    1    237     65     67     99     24      0      0      0      0   1512   1410   1585      4      0 
    0     86     40     43     99      0      0      0      0      0   1512   1410   1479      4      0 
    1    234     66     69     99     24      0      0      0      0   1512   1410   1585      4      0 
    0     86     40     43     99      0      0      0      0      0   1512   1410   1479      4      0 
    1    238     66     69     99     24      0      0      0      0   1512   1410   1585      4      0 
    0     87     40     43     99      0      0      0      0      0   1512   1410   1479      4      0 
    1    237     65     69     99     24      0      0      0      0   1512   1410   1585      4      0 
    0     86     40     43     99      0      0      0      0      0   1512   1410   1479      4      0 
    1    236     65     69     99     24      0      0      0      0   1512   1410   1585      4      0 
    0     86     40     43     99      0      0      0      0      0   1512   1410   1479      4      0 
    1    236     65     67     99     24      0      0      0      0   1512   1410   1585      4      0 
    0     86     40     43     99      0      0      0      0      0   1512   1410   1479      4      0 
    1    236     65     67     99     24      0      0      0      0   1512   1410   1585      4      0 
    0     87     40     43     99      0      0      0      0      0   1512   1410   1479      4      0 
    1    234     65     67     99     24      0      0      0      0   1512   1410   1585      4      0 
    0     88     40     43     99      0      0      0      0      0   1512   1410   1479      4      0 
    1    236     65     67     99     24      0      0      0      0   1512   1410   1585      4      0 
    0     88     40     43     99      0      0      0      0      0   1512   1410   1479      4      0 
    1    240     66     69     99     24      0      0      0      0   1512   1410   1585      4      0 
# gpu    pwr  gtemp  mtemp     sm    mem    enc    dec    jpg    ofa   mclk   pclk     fb   bar1   ccpm 
# Idx      W      C      C      %      %      %      %      %      %    MHz    MHz     MB     MB     MB 
    0     87     40     43     99      0      0      0      0      0   1512   1410   1479      4      0 
    1    241     65     69     99     24      0      0      0      0   1512   1410   1585      4      0 
    0     87     40     43     99      0      0      0      0      0   1512   1410   1479      4      0 
    1    237     65     69     99     24      0      0      0      0   1512   1410   1585      4      0 
    0     87     40     43     99      0      0      0      0      0   1512   1410   1479      4      0 
    1    236     65     67     98     24      0      0      0      0   1512   1410   1585      4      0 
    0     87     40     43     99      0      0      0      0      0   1512   1410   1479      4      0 
    1    239     65     67     99     24      0      0      0      0   1512   1410   1585      4      0 
    0     87     40     43     99      0      0      0      0      0   1512   1410   1479      4      0 
    1    235     65     67     98     24      0      0      0      0   1512   1410   1585      4      0 
    0     87     40     43     99      0      0      0      0      0   1512   1410   1479      4      0 
    1    236     64     67     99     24      0      0      0      0   1512   1410   1585      4      0 
    0     87     41     43     99      0      0      0      0      0   1512   1410   1479      4      0 
    1    235     65     69     98     24      0      0      0      0   1512   1410   1585      4      0 
    0     88     41     43     99      0      0      0      0      0   1512   1410   1479      4      0 
    1    237     66     69     99     24      0      0      0      0   1512   1410   1585      4      0 
    0     88     40     43     99      0      0      0      0      0   1512   1410   1479      4      0 
    1    235     65     69     99     24      0      0      0      0   1512   1410   1585      4      0 
    0     87     40     43     99      0      0      0      0      0   1512   1410   1479      4      0 
    1    239     65     69     99     24      0      0      0      0   1512   1410   1585      4      0 
    0     87     40     43     99      0      0      0      0      0   1512   1410   1479      4      0 
    1    236     65     67     99     24      0      0      0      0   1512   1410   1585      4      0 
    0     86     40     43     99      0      0      0      0      0   1512   1410   1479      4      0 
    1    238     65     67     99     24      0      0      0      0   1512   1410   1585      4      0 
    0     87     40     43     99      0      0      0      0      0   1512   1410   1479      4      0 
    1    234     65     67     99     24      0      0      0      0   1512   1410   1585      4      0 
    0     88     40     43     99      0      0      0      0      0   1512   1410   1479      4      0 
    1    235     65     67     99     24      0      0      0      0   1512   1410   1585      4      0 
    0     87     40     43     99      0      0      0      0      0   1512   1410   1479      4      0 
    1    240     65     69     99     24      0      0      0      0   1512   1410   1585      4      0 
    0     87     40     43     99      0      0      0      0      0   1512   1410   1479      4      0 
    1    240     65     69     99     24      0      0      0      0   1512   1410   1585      4      0 
    0     87     40     43     99      0      0      0      0      0   1512   1410   1479      4      0 
    1    238     65     67     99     24      0      0      0      0   1512   1410   1585      4      0 
    0     87     40     43     99      0      0      0      0      0   1512   1410   1479      4      0 
    1    237     65     67     98     24      0      0      0      0   1512   1410   1585      4      0 
    0     87     40     43     99      0      0      0      0      0   1512   1410   1479      4      0 
    1    239     65     67     99     24      0      0      0      0   1512   1410   1585      4      0 
    0     87     40     43     99      0      0      0      0      0   1512   1410   1479      4      0 
    1    238     65     67     98     24      0      0      0      0   1512   1410   1585      4      0 
    0     87     40     43     99      0      0      0      0      0   1512   1410   1479      4      0 
    1    237     66     69     99     24      0      0      0      0   1512   1410   1585      4      0 
    0     86     40     43     99      0      0      0      0      0   1512   1410   1479      4      0 
    1    239     66     69     99     24      0      0      0      0   1512   1410   1585      4      0 
# gpu    pwr  gtemp  mtemp     sm    mem    enc    dec    jpg    ofa   mclk   pclk     fb   bar1   ccpm 
# Idx      W      C      C      %      %      %      %      %      %    MHz    MHz     MB     MB     MB 
    0     87     40     43     99      0      0      0      0      0   1512   1410   1479      4      0 
    1    237     65     69     99     24      0      0      0      0   1512   1410   1585      4      0 
    0     88     40     43     99      0      0      0      0      0   1512   1410   1479      4      0 
    1    239     65     69     99     24      0      0      0      0   1512   1410   1585      4      0 
    0     88     40     43     99      0      0      0      0      0   1512   1410   1479      4      0 
    1    233     65     67     99     24      0      0      0      0   1512   1410   1585      4      0 
    0     87     40     43     99      0      0      0      0      0   1512   1410   1479      4      0 
    1    237     65     67     99     24      0      0      0      0   1512   1410   1585      4      0 
    0     87     40     43     99      0      0      0      0      0   1512   1410   1479      4      0 
    1    232     65     67     99     24      0      0      0      0   1512   1410   1585      4      0 
    0     87     40     43     99      0      0      0      0      0   1512   1410   1479      4      0 
    1    236     64     67     99     24      0      0      0      0   1512   1410   1585      4      0 
    0     87     40     43     99      0      0      0      0      0   1512   1410   1479      4      0 
    1    240     65     69     99     24      0      0      0      0   1512   1410   1585      4      0 
    0     88     41     43     99      0      0      0      0      0   1512   1410   1479      4      0 
    1    240     66     69     99     24      0      0      0      0   1512   1410   1585      4      0 
    0     87     40     43     99      0      0      0      0      0   1512   1410   1479      4      0 
    1    240     65     69     99     24      0      0      0      0   1512   1410   1585      4      0 
    0     86     40     43     99      0      0      0      0      0   1512   1410   1479      4      0 
    1    234     65     69     99     24      0      0      0      0   1512   1410   1585      4      0 
    0     87     40     43     99      0      0      0      0      0   1512   1410   1479      4      0 
    1    235     65     67     99     24      0      0      0      0   1512   1410   1585      4      0 
    0     87     40     43     99      0      0      0      0      0   1512   1410   1479      4      0 
    1    234     65     67     99     24      0      0      0      0   1512   1410   1585      4      0 
    0     86     40     43     99      0      0      0      0      0   1512   1410   1479      4      0 
    1    238     65     67     99     24      0      0      0      0   1512   1410   1585      4      0 
    0     86     40     43     99      0      0      0      0      0   1512   1410   1479      4      0 
    1    230     64     67     99     24      0      0      0      0   1512   1410   1585      4      0 
    0     87     40     43     99      0      0      0      0      0   1512   1410   1479      4      0 
    1    236     65     69     98     24      0      0      0      0   1512   1410   1585      4      0 
    0     87     41     43     99      0      0      0      0      0   1512   1410   1479      4      0 
    1    239     66     69     99     24      0      0      0      0   1512   1410   1585      4      0 
    0     87     40     43     99      0      0      0      0      0   1512   1410   1479      4      0 
    1    235     65     69     99     24      0      0      0      0   1512   1410   1585      4      0 
    0     87     40     43     99      0      0      0      0      0   1512   1410   1479      4      0 
    1    240     65     69     99     24      0      0      0      0   1512   1410   1585      4      0 
    0     87     40     43     99      0      0      0      0      0   1512   1410   1479      4      0 
    1    239     65     67     99     24      0      0      0      0   1512   1410   1585      4      0 
    0     86     40     43     99      0      0      0      0      0   1512   1410   1479      4      0 
    1    239     65     67     99     24      0      0      0      0   1512   1410   1585      4      0 
    0     86     40     43     99      0      0      0      0      0   1512   1410   1479      4      0 
    1    238     65     67     99     24      0      0      0      0   1512   1410   1585      4      0 
    0     86     40     43     99      0      0      0      0      0   1512   1410   1479      4      0 
    1    237     65     67     99     24      0      0      0      0   1512   1410   1585      4      0 
# gpu    pwr  gtemp  mtemp     sm    mem    enc    dec    jpg    ofa   mclk   pclk     fb   bar1   ccpm 
# Idx      W      C      C      %      %      %      %      %      %    MHz    MHz     MB     MB     MB 
    0     87     41     43     99      0      0      0      0      0   1512   1410   1479      4      0 
    1    240     65     69     99     24      0      0      0      0   1512   1410   1585      4      0 
    0     87     40     43     99      0      0      0      0      0   1512   1410   1479      4      0 
    1    240     65     69     99     24      0      0      0      0   1512   1410   1585      4      0 
    0     87     40     43     99      0      0      0      0      0   1512   1410   1479      4      0 
    1    235     65     67     99     24      0      0      0      0   1512   1410   1585      4      0 
    0     87     40     43     99      0      0      0      0      0   1512   1410   1479      4      0 
    1    239     65     67     99     24      0      0      0      0   1512   1410   1585      4      0 
    0     87     40     43     99      0      0      0      0      0   1512   1410   1479      4      0 
    1    239     65     67     99     24      0      0      0      0   1512   1410   1585      4      0 
    0     88     40     43     99      0      0      0      0      0   1512   1410   1479      4      0 
    1    238     65     67     98     24      0      0      0      0   1512   1410   1585      4      0 
    0     87     40     43     99      0      0      0      0      0   1512   1410   1479      4      0 
    1    235     65     67     99     24      0      0      0      0   1512   1410   1585      4      0 
    0     87     40     43     99      0      0      0      0      0   1512   1410   1479      4      0 
    1    236     65     67     99     24      0      0      0      0   1512   1410   1585      4      0 
    0     87     40     43     99      0      0      0      0      0   1512   1410   1479      4      0 
    1    236     65     67     99     24      0      0      0      0   1512   1410   1585      4      0 
    0     87     40     43     99      0      0      0      0      0   1512   1410   1479      4      0 
    1    239     64     67     99     24      0      0      0      0   1512   1410   1585      4      0 
    0     87     40     43     99      0      0      0      0      0   1512   1410   1479      4      0 
    1    235     65     67     99     24      0      0      0      0   1512   1410   1585      4      0 
    0     87     40     43     99      0      0      0      0      0   1512   1410   1479      4      0 
    1    237     65     69     99     24      0      0      0      0   1512   1410   1585      4      0 
    0     88     40     43     99      0      0      0      0      0   1512   1410   1479      4      0 
    1    236     65     69     99     24      0      0      0      0   1512   1410   1585      4      0 
    0     87     40     43     99      0      0      0      0      0   1512   1410   1479      4      0 
    1    240     65     67     99     24      0      0      0      0   1512   1410   1585      4      0 
    0     87     40     43     99      0      0      0      0      0   1512   1410   1479      4      0 
    1    236     65     67     99     24      0      0      0      0   1512   1410   1585      4      0 
    0     88     40     43     99      0      0      0      0      0   1512   1410   1479      4      0 
    1    237     65     67     99     24      0      0      0      0   1512   1410   1585      4      0 
    0     87     40     43     99      0      0      0      0      0   1512   1410   1479      4      0 
    1    238     64     67     99     24      0      0      0      0   1512   1410   1585      4      0 
    0     87     40     43     99      0      0      0      0      0   1512   1410   1479      4      0 
    1    235     65     69     99     24      0      0      0      0   1512   1410   1585      4      0 
    0     87     40     43     99      0      0      0      0      0   1512   1410   1479      4      0 
    1    238     65     69     99     24      0      0      0      0   1512   1410   1585      4      0 
    0     87     40     43     99      0      0      0      0      0   1512   1410   1479      4      0 
    1    236     65     69     99     24      0      0      0      0   1512   1410   1585      4      0 
    0     88     40     43     99      0      0      0      0      0   1512   1410   1479      4      0 
    1    232     65     69     98     24      0      0      0      0   1512   1410   1585      4      0 
    0     87     40     43     99      0      0      0      0      0   1512   1410   1479      4      0 
    1    234     65     67     99     24      0      0      0      0   1512   1410   1585      4      0 
# gpu    pwr  gtemp  mtemp     sm    mem    enc    dec    jpg    ofa   mclk   pclk     fb   bar1   ccpm 
# Idx      W      C      C      %      %      %      %      %      %    MHz    MHz     MB     MB     MB 
    0     87     40     43     99      0      0      0      0      0   1512   1410   1479      4      0 
    1    240     65     67     99     24      0      0      0      0   1512   1410   1585      4      0 
    0     87     40     43     99      0      0      0      0      0   1512   1410   1479      4      0 
    1    233     64     67     99     24      0      0      0      0   1512   1410   1585      4      0 
    0     87     40     43     99      0      0      0      0      0   1512   1410   1479      4      0 
    1    239     65     67     98     24      0      0      0      0   1512   1410   1585      4      0 
    0     88     40     43     99      0      0      0      0      0   1512   1410   1479      4      0 
    1    241     66     69     99     24      0      0      0      0   1512   1410   1585      4      0 
    0     87     40     43     99      0      0      0      0      0   1512   1410   1479      4      0 
    1    237     65     69     99     24      0      0      0      0   1512   1410   1585      4      0 
    0     87     40     43     99      0      0      0      0      0   1512   1410   1479      4      0 
    1    237     65     69     99     24      0      0      0      0   1512   1410   1585      4      0 
    0     88     40     43     99      0      0      0      0      0   1512   1410   1479      4      0 
    1    235     65     67     99     24      0      0      0      0   1512   1410   1585      4      0 
    0     87     40     43     99      0      0      0      0      0   1512   1410   1479      4      0 
    1    234     65     67     99     24      0      0      0      0   1512   1410   1585      4      0 
    0     88     40     43     99      0      0      0      0      0   1512   1410   1479      4      0 
    1    237     65     67     99     24      0      0      0      0   1512   1410   1585      4      0 
    0     88     40     43     99      0      0      0      0      0   1512   1410   1479      4      0 
    1    239     65     67     99     24      0      0      0      0   1512   1410   1585      4      0 
    0     88     41     43     99      0      0      0      0      0   1512   1410   1479      4      0 
    1    241     66     69     99     24      0      0      0      0   1512   1410   1585      4      0 
    0     88     41     43     99      0      0      0      0      0   1512   1410   1479      4      0 
    1    241     66     69     99     24      0      0      0      0   1512   1410   1585      4      0 
    0     87     40     43     99      0      0      0      0      0   1512   1410   1479      4      0 
    1    237     65     69     99     24      0      0      0      0   1512   1410   1585      4      0 
    0     87     40     43     99      0      0      0      0      0   1512   1410   1479      4      0 
    1    237     65     69     99     24      0      0      0      0   1512   1410   1585      4      0 
    0     88     40     43     99      0      0      0      0      0   1512   1410   1479      4      0 
    1    237     65     67     99     24      0      0      0      0   1512   1410   1585      4      0 
    0     88     40     43     99      0      0      0      0      0   1512   1410   1479      4      0 
    1    235     65     67     99     24      0      0      0      0   1512   1410   1585      4      0 
    0     87     40     43     99      0      0      0      0      0   1512   1410   1479      4      0 
    1    237     64     67     99     24      0      0      0      0   1512   1410   1585      4      0 
    0     87     40     43     99      0      0      0      0      0   1512   1410   1479      4      0 
    1    233     65     67     98     24      0      0      0      0   1512   1410   1585      4      0 
    0     87     41     43     99      0      0      0      0      0   1512   1410   1479      4      0 
    1    240     65     69     99     24      0      0      0      0   1512   1410   1585      4      0 
    0     87     40     43     99      0      0      0      0      0   1512   1410   1479      4      0 
    1    240     65     69     99     24      0      0      0      0   1512   1410   1585      4      0 
    0     87     40     43     99      0      0      0      0      0   1512   1410   1479      4      0 
    1    239     65     69     99     24      0      0      0      0   1512   1410   1585      4      0 
    0     87     40     43     99      0      0      0      0      0   1512   1410   1479      4      0 
    1    237     65     67     99     24      0      0      0      0   1512   1410   1585      4      0 
# gpu    pwr  gtemp  mtemp     sm    mem    enc    dec    jpg    ofa   mclk   pclk     fb   bar1   ccpm 
# Idx      W      C      C      %      %      %      %      %      %    MHz    MHz     MB     MB     MB 
    0     87     40     43     99      0      0      0      0      0   1512   1410   1479      4      0 
    1    232     65     67     99     24      0      0      0      0   1512   1410   1585      4      0 
    0     86     40     43     99      0      0      0      0      0   1512   1410   1479      4      0 
    1    235     65     67     99     24      0      0      0      0   1512   1410   1585      4      0 
    0     87     40     43     99      0      0      0      0      0   1512   1410   1479      4      0 
    1    236     65     67     99     24      0      0      0      0   1512   1410   1585      4      0 
    0     87     40     43     99      0      0      0      0      0   1512   1410   1479      4      0 
    1    236     65     69     99     24      0      0      0      0   1512   1410   1585      4      0 
    0     87     40     43     99      0      0      0      0      0   1512   1410   1479      4      0 
    1    240     65     69     99     24      0      0      0      0   1512   1410   1585      4      0 
    0     88     40     43     99      0      0      0      0      0   1512   1410   1479      4      0 
    1    241     65     69     99     24      0      0      0      0   1512   1410   1585      4      0 
    0     87     40     43     99      0      0      0      0      0   1512   1410   1479      4      0 
    1    238     65     67     99     24      0      0      0      0   1512   1410   1585      4      0 
    0     87     40     43     99      0      0      0      0      0   1512   1410   1479      4      0 
    1    235     65     67     99     24      0      0      0      0   1512   1410   1585      4      0 
    0     86     40     43     99      0      0      0      0      0   1512   1410   1479      4      0 
    1    232     65     67     99     24      0      0      0      0   1512   1410   1585      4      0 
    0     88     40     43     99      0      0      0      0      0   1512   1410   1479      4      0 
    1    235     65     67     99     24      0      0      0      0   1512   1410   1585      4      0 
    0     87     40     43     99      0      0      0      0      0   1512   1410   1479      4      0 
    1    241     65     69     98     24      0      0      0      0   1512   1410   1585      4      0 
    0     88     40     43     99      0      0      0      0      0   1512   1410   1479      4      0 
    1    240     65     69     99     24      0      0      0      0   1512   1410   1585      4      0 
    0     88     40     43     99      0      0      0      0      0   1512   1410   1479      4      0 
    1    237     65     69     98     24      0      0      0      0   1512   1410   1585      4      0 
    0     87     40     43     99      0      0      0      0      0   1512   1410   1479      4      0 
    1    242     65     67     99     24      0      0      0      0   1512   1410   1585      4      0 
    0     87     40     43     99      0      0      0      0      0   1512   1410   1479      4      0 
    1    233     65     67     99     24      0      0      0      0   1512   1410   1585      4      0 
    0     87     40     43     99      0      0      0      0      0   1512   1410   1479      4      0 
    1    235     65     67     99     24      0      0      0      0   1512   1410   1585      4      0 
    0     86     40     43     99      0      0      0      0      0   1512   1410   1479      4      0 
    1    232     65     67     99     24      0      0      0      0   1512   1410   1585      4      0 
    0     87     40     43     99      0      0      0      0      0   1512   1410   1479      4      0 
    1    237     65     69     99     24      0      0      0      0   1512   1410   1585      4      0 
    0     88     40     43     99      0      0      0      0      0   1512   1410   1479      4      0 
    1    235     65     69     99     24      0      0      0      0   1512   1410   1585      4      0 
    0     87     40     43     99      0      0      0      0      0   1512   1410   1479      4      0 
    1    237     65     69     99     24      0      0      0      0   1512   1410   1585      4      0 
    0     87     40     43     99      0      0      0      0      0   1512   1410   1479      4      0 
    1    235     65     67     99     24      0      0      0      0   1512   1410   1585      4      0 
    0     87     40     43     99      0      0      0      0      0   1512   1410   1479      4      0 
    1    236     65     67     99     24      0      0      0      0   1512   1410   1585      4      0 
# gpu    pwr  gtemp  mtemp     sm    mem    enc    dec    jpg    ofa   mclk   pclk     fb   bar1   ccpm 
# Idx      W      C      C      %      %      %      %      %      %    MHz    MHz     MB     MB     MB 
    0     87     40     43     99      0      0      0      0      0   1512   1410   1479      4      0 
    1    236     64     67     99     24      0      0      0      0   1512   1410   1585      4      0 
    0     87     40     43     99      0      0      0      0      0   1512   1410   1479      4      0 
    1    239     65     69     99     24      0      0      0      0   1512   1410   1585      4      0 
    0     88     41     43     99      0      0      0      0      0   1512   1410   1479      4      0 
    1    239     66     69     99     24      0      0      0      0   1512   1410   1585      4      0 
    0     87     40     43     99      0      0      0      0      0   1512   1410   1479      4      0 
    1    238     65     69     99     24      0      0      0      0   1512   1410   1585      4      0 
    0     87     40     43     99      0      0      0      0      0   1512   1410   1479      4      0 
    1    237     65     69     99     24      0      0      0      0   1512   1410   1585      4      0 
    0     88     40     43     99      0      0      0      0      0   1512   1410   1479      4      0 
    1    239     65     69     98     24      0      0      0      0   1512   1410   1585      4      0 
    0     87     40     43     99      0      0      0      0      0   1512   1410   1479      4      0 
    1    239     65     67     99     24      0      0      0      0   1512   1410   1585      4      0 
    0     89     40     43     99      0      0      0      0      0   1512   1410   1479      4      0 
    1    234     65     67     99     24      0      0      0      0   1512   1410   1585      4      0 
    0     88     40     43     99      0      0      0      0      0   1512   1410   1479      4      0 
    1    235     64     67     99     24      0      0      0      0   1512   1410   1585      4      0 
    0     87     40     43     99      0      0      0      0      0   1512   1410   1479      4      0 
    1    237     65     67     99     24      0      0      0      0   1512   1410   1585      4      0 
    0     88     40     43     99      0      0      0      0      0   1512   1410   1479      4      0 
    1    238     65     69     99     24      0      0      0      0   1512   1410   1585      4      0 
    0     87     40     43     99      0      0      0      0      0   1512   1410   1479      4      0 
    1    241     65     69     99     24      0      0      0      0   1512   1410   1585      4      0 
    0     87     40     43     99      0      0      0      0      0   1512   1410   1479      4      0 
    1    236     65     67     99     24      0      0      0      0   1512   1410   1585      4      0 
    0     87     40     43     99      0      0      0      0      0   1512   1410   1479      4      0 
    1    241     65     67     99     24      0      0      0      0   1512   1410   1585      4      0 
    0     87     40     43     99      0      0      0      0      0   1512   1410   1479      4      0 
    1    234     65     67     99     24      0      0      0      0   1512   1410   1585      4      0 
    0     87     40     43     99      0      0      0      0      0   1512   1410   1479      4      0 
    1    235     64     67     99     24      0      0      0      0   1512   1410   1585      4      0 
    0     87     40     43     99      0      0      0      0      0   1512   1410   1479      4      0 
    1    237     65     69     99     24      0      0      0      0   1512   1410   1585      4      0 
    0     88     41     43     99      0      0      0      0      0   1512   1410   1479      4      0 
    1    237     66     69     99     24      0      0      0      0   1512   1410   1585      4      0 
    0     87     41     43     99      0      0      0      0      0   1512   1410   1479      4      0 
    1    239     65     69     99     24      0      0      0      0   1512   1410   1585      4      0 
    0     87     40     43     99      0      0      0      0      0   1512   1410   1479      4      0 
    1    237     65     69     99     24      0      0      0      0   1512   1410   1585      4      0 
    0     88     40     43     99      0      0      0      0      0   1512   1410   1479      4      0 
    1    236     65     67     98     24      0      0      0      0   1512   1410   1585      4      0 
    0     87     40     43     99      0      0      0      0      0   1512   1410   1479      4      0 
    1    235     65     67     99     24      0      0      0      0   1512   1410   1585      4      0 
# gpu    pwr  gtemp  mtemp     sm    mem    enc    dec    jpg    ofa   mclk   pclk     fb   bar1   ccpm 
# Idx      W      C      C      %      %      %      %      %      %    MHz    MHz     MB     MB     MB 
    0     86     40     43     99      0      0      0      0      0   1512   1410   1479      4      0 
    1    238     65     67     99     24      0      0      0      0   1512   1410   1585      4      0 
    0     87     40     43     99      0      0      0      0      0   1512   1410   1479      4      0 
    1    238     64     67     99     24      0      0      0      0   1512   1410   1585      4      0 
    0     86     40     43     99      0      0      0      0      0   1512   1410   1479      4      0 
    1    237     65     67     99     24      0      0      0      0   1512   1410   1585      4      0 
    0     87     40     43     99      0      0      0      0      0   1512   1410   1479      4      0 
    1    238     66     69     99     24      0      0      0      0   1512   1410   1585      4      0 
    0     87     40     43     99      0      0      0      0      0   1512   1410   1479      4      0 
    1    237     65     69     99     24      0      0      0      0   1512   1410   1585      4      0 
    0     87     40     43     99      0      0      0      0      0   1512   1410   1479      4      0 
    1    236     65     69     99     24      0      0      0      0   1512   1410   1585      4      0 
    0     87     40     43     99      0      0      0      0      0   1512   1410   1479      4      0 
    1    239     65     67     99     24      0      0      0      0   1512   1410   1585      4      0 
    0     87     40     43     99      0      0      0      0      0   1512   1410   1479      4      0 
    1    237     65     67     99     24      0      0      0      0   1512   1410   1585      4      0 
    0     87     40     43     99      0      0      0      0      0   1512   1410   1479      4      0 
    1    234     65     67     99     24      0      0      0      0   1512   1410   1585      4      0 
    0     87     40     43     99      0      0      0      0      0   1512   1410   1479      4      0 
    1    234     64     67     99     24      0      0      0      0   1512   1410   1585      4      0 
    0     87     40     43     99      0      0      0      0      0   1512   1410   1479      4      0 
    1    239     65     69     99     24      0      0      0      0   1512   1410   1585      4      0 
    0     86     40     43     99      0      0      0      0      0   1512   1410   1479      4      0 
    1    237     66     69     99     24      0      0      0      0   1512   1410   1585      4      0 
    0     86     40     43     99      0      0      0      0      0   1512   1410   1479      4      0 
    1    238     66     69     99     24      0      0      0      0   1512   1410   1585      4      0 
    0     86     40     43     99      0      0      0      0      0   1512   1410   1479      4      0 
    1    239     65     69     98     24      0      0      0      0   1512   1410   1585      4      0 
    0     86     40     43     99      0      0      0      0      0   1512   1410   1479      4      0 
    1    236     65     69     99     24      0      0      0      0   1512   1410   1585      4      0 
    0     86     40     43     99      0      0      0      0      0   1512   1410   1479      4      0 
    1    236     65     67     98     24      0      0      0      0   1512   1410   1585      4      0 
    0     87     40     43     99      0      0      0      0      0   1512   1410   1479      4      0 
    1    235     65     67     99     24      0      0      0      0   1512   1410   1585      4      0 
    0     86     40     43     99      0      0      0      0      0   1512   1410   1479      4      0 
    1    238     64     67     99     24      0      0      0      0   1512   1410   1585      4      0 
    0     86     40     43     99      0      0      0      0      0   1512   1410   1479      4      0 
    1    239     65     67     99     24      0      0      0      0   1512   1410   1585      4      0 
    0     87     40     43    100      0      0      0      0      0   1512   1410   1671      4      0 
    1    236     66     69     99     24      0      0      0      0   1512   1410   1585      4      0 
    0     87     40     43    100      0      0      0      0      0   1512   1410   1671      4      0 
    1    236     66     69     99     24      0      0      0      0   1512   1410   1585      4      0 
    0     87     40     43    100      0      0      0      0      0   1512   1410   1671      4      0 
    1    239     65     69     99     24      0      0      0      0   1512   1410   1585      4      0 
# gpu    pwr  gtemp  mtemp     sm    mem    enc    dec    jpg    ofa   mclk   pclk     fb   bar1   ccpm 
# Idx      W      C      C      %      %      %      %      %      %    MHz    MHz     MB     MB     MB 
    0     87     40     43    100      0      0      0      0      0   1512   1410   1671      4      0 
    1    236     65     67     99     24      0      0      0      0   1512   1410   1585      4      0 
    0     87     40     43     99      0      0      0      0      0   1512   1410   1671      4      0 
    1    235     65     67     99     24      0      0      0      0   1512   1410   1585      4      0 
    0     87     40     43    100      0      0      0      0      0   1512   1410   1671      4      0 
    1    237     65     67     99     24      0      0      0      0   1512   1410   1585      4      0 
    0     87     40     43    100      0      0      0      0      0   1512   1410   1671      4      0 
    1    240     65     67     99     24      0      0      0      0   1512   1410   1585      4      0 
    0     87     40     43    100      0      0      0      0      0   1512   1410   1671      4      0 
    1    233     66     69     98     24      0      0      0      0   1512   1410   1585      4      0 
    0     87     40     43     99      0      0      0      0      0   1512   1410   1671      4      0 
    1    236     66     69     99     24      0      0      0      0   1512   1410   1585      4      0 
    0     87     40     43    100      0      0      0      0      0   1512   1410   1671      4      0 
    1    242     65     69     99     24      0      0      0      0   1512   1410   1585      4      0 
    0     87     40     43    100      0      0      0      0      0   1512   1410   1671      4      0 
    1    236     65     69     99     24      0      0      0      0   1512   1410   1585      4      0 
    0     86     40     43    100      0      0      0      0      0   1512   1410   1671      4      0 
    1    234     65     67     98     24      0      0      0      0   1512   1410   1585      4      0 
    0     86     40     43    100      0      0      0      0      0   1512   1410   1671      4      0 
    1    239     65     67     99     24      0      0      0      0   1512   1410   1585      4      0 
    0     87     40     43    100      0      0      0      0      0   1512   1410   1671      4      0 
    1    233     64     67     99     24      0      0      0      0   1512   1410   1585      4      0 
    0     87     40     43    100      0      0      0      0      0   1512   1410   1671      4      0 
    1    235     65     67     99     24      0      0      0      0   1512   1410   1585      4      0 
    0     87     40     43    100      0      0      0      0      0   1512   1410   1671      4      0 
    1    241     66     69     99     24      0      0      0      0   1512   1410   1585      4      0 
    0     87     40     43    100      0      0      0      0      0   1512   1410   1671      4      0 
    1    237     66     69     99     24      0      0      0      0   1512   1410   1585      4      0 
    0     87     40     43    100      0      0      0      0      0   1512   1410   1671      4      0 
    1    234     65     69     99     24      0      0      0      0   1512   1410   1585      4      0 
    0     86     40     43    100      0      0      0      0      0   1512   1410   1671      4      0 
    1    236     65     67     99     24      0      0      0      0   1512   1410   1585      4      0 
    0     86     40     43    100      0      0      0      0      0   1512   1410   1671      4      0 
    1    237     65     67     99     24      0      0      0      0   1512   1410   1585      4      0 
    0     88     40     43    100      0      0      0      0      0   1512   1410   1671      4      0 
    1    237     65     67     99     24      0      0      0      0   1512   1410   1585      4      0 
    0     87     40     43    100      0      0      0      0      0   1512   1410   1671      4      0 
    1    239     64     67     99     24      0      0      0      0   1512   1410   1585      4      0 
    0     87     40     43    100      0      0      0      0      0   1512   1410   1671      4      0 
    1    233     65     67     99     24      0      0      0      0   1512   1410   1585      4      0 
    0     88     40     43     99      0      0      0      0      0   1512   1410   1671      4      0 
    1    238     65     69     99     24      0      0      0      0   1512   1410   1585      4      0 
    0     87     40     43    100      0      0      0      0      0   1512   1410   1671      4      0 
    1    232     65     69     99     24      0      0      0      0   1512   1410   1585      4      0 
# gpu    pwr  gtemp  mtemp     sm    mem    enc    dec    jpg    ofa   mclk   pclk     fb   bar1   ccpm 
# Idx      W      C      C      %      %      %      %      %      %    MHz    MHz     MB     MB     MB 
    0     86     40     43    100      0      0      0      0      0   1512   1410   1671      4      0 
    1    236     65     67     99     24      0      0      0      0   1512   1410   1585      4      0 
    0     87     40     43    100      0      0      0      0      0   1512   1410   1671      4      0 
    1    240     65     67     98     24      0      0      0      0   1512   1410   1585      4      0 
    0     87     40     43    100      0      0      0      0      0   1512   1410   1671      4      0 
    1    239     65     67     99     24      0      0      0      0   1512   1410   1585      4      0 
    0     87     40     43    100      0      0      0      0      0   1512   1410   1671      4      0 
    1    237     65     67     99     24      0      0      0      0   1512   1410   1585      4      0 
    0     87     40     43    100      0      0      0      0      0   1512   1410   1671      4      0 
    1    236     65     67     99     24      0      0      0      0   1512   1410   1585      4      0 
    0     86     40     43    100      0      0      0      0      0   1512   1410   1671      4      0 
    1    238     66     69     99     24      0      0      0      0   1512   1410   1585      4      0 
    0     88     40     43    100      0      0      0      0      0   1512   1410   1671      4      0 
    1    238     66     69     99     24      0      0      0      0   1512   1410   1585      4      0 
    0     86     40     43    100      0      0      0      0      0   1512   1410   1671      4      0 
    1    238     65     69     99     24      0      0      0      0   1512   1410   1585      4      0 
    0     87     40     43    100      0      0      0      0      0   1512   1410   1671      4      0 
    1    235     65     69     99     24      0      0      0      0   1512   1410   1585      4      0 
    0     86     40     43     99      0      0      0      0      0   1512   1410   1671      4      0 
    1    239     65     69     99     24      0      0      0      0   1512   1410   1585      4      0 
    0     88     40     43    100      0      0      0      0      0   1512   1410   1671      4      0 
    1    235     65     67     99     24      0      0      0      0   1512   1410   1585      4      0 
    0     87     40     43    100      0      0      0      0      0   1512   1410   1671      4      0 
    1    236     65     67     99     24      0      0      0      0   1512   1410   1585      4      0 
    0     87     40     43    100      0      0      0      0      0   1512   1410   1671      4      0 
    1    234     65     67     99     24      0      0      0      0   1512   1410   1585      4      0 
    0     86     40     43    100      0      0      0      0      0   1512   1410   1671      4      0 
    1    236     65     69     99     24      0      0      0      0   1512   1410   1585      4      0 
    0     86     40     43    100      0      0      0      0      0   1512   1410   1671      4      0 
    1    236     65     69     99     24      0      0      0      0   1512   1410   1585      4      0 
    0     87     40     43    100      0      0      0      0      0   1512   1410   1671      4      0 
    1    241     65     69     99     24      0      0      0      0   1512   1410   1585      4      0 
    0     87     40     43     99      0      0      0      0      0   1512   1410   1671      4      0 
    1    237     65     67     98     24      0      0      0      0   1512   1410   1585      4      0 
    0     87     40     43    100      0      0      0      0      0   1512   1410   1671      4      0 
    1    237     65     67     99     24      0      0      0      0   1512   1410   1585      4      0 
    0     87     40     43    100      0      0      0      0      0   1512   1410   1671      4      0 
    1    236     65     67     98     24      0      0      0      0   1512   1410   1585      4      0 
    0     88     40     43    100      0      0      0      0      0   1512   1410   1671      4      0 
    1    236     64     67     99     24      0      0      0      0   1512   1410   1585      4      0 
    0     88     40     43    100      0      0      0      0      0   1512   1410   1671      4      0 
    1    238     65     69     99     24      0      0      0      0   1512   1410   1585      4      0 
    0     87     40     43    100      0      0      0      0      0   1512   1410   1671      4      0 
    1    235     65     69     99     24      0      0      0      0   1512   1410   1585      4      0 
# gpu    pwr  gtemp  mtemp     sm    mem    enc    dec    jpg    ofa   mclk   pclk     fb   bar1   ccpm 
# Idx      W      C      C      %      %      %      %      %      %    MHz    MHz     MB     MB     MB 
    0     87     40     43    100      0      0      0      0      0   1512   1410   1671      4      0 
    1    238     65     69     99     24      0      0      0      0   1512   1410   1585      4      0 
    0     87     40     43     99      0      0      0      0      0   1512   1410   1671      4      0 
    1    233     65     67     99     24      0      0      0      0   1512   1410   1585      4      0 
    0     87     40     43    100      0      0      0      0      0   1512   1410   1671      4      0 
    1    234     65     67     99     24      0      0      0      0   1512   1410   1585      4      0 
    0     87     40     43    100      0      0      0      0      0   1512   1410   1671      4      0 
    1    237     64     67     99     24      0      0      0      0   1512   1410   1585      4      0 
    0     87     40     43    100      0      0      0      0      0   1512   1410   1671      4      0 
    1    235     65     67     99     24      0      0      0      0   1512   1410   1585      4      0 
    0     87     40     43    100      0      0      0      0      0   1512   1410   1671      4      0 
    1    240     66     69     99     24      0      0      0      0   1512   1410   1585      4      0 
    0     87     40     43    100      0      0      0      0      0   1512   1410   1671      4      0 
    1    240     65     69     99     24      0      0      0      0   1512   1410   1585      4      0 
    0     87     40     43    100      0      0      0      0      0   1512   1410   1671      4      0 
    1    235     65     69     99     24      0      0      0      0   1512   1410   1585      4      0 
    0     86     40     43     99      0      0      0      0      0   1512   1410   1671      4      0 
    1    237     65     67     99     24      0      0      0      0   1512   1410   1585      4      0 
    0     87     40     43    100      0      0      0      0      0   1512   1410   1671      4      0 
    1    238     65     67     99     24      0      0      0      0   1512   1410   1585      4      0 
    0     87     40     43    100      0      0      0      0      0   1512   1410   1671      4      0 
    1    237     65     67     99     24      0      0      0      0   1512   1410   1585      4      0 
    0     87     40     43    100      0      0      0      0      0   1512   1410   1671      4      0 
    1    235     64     67     98     24      0      0      0      0   1512   1410   1585      4      0 
    0     87     40     43     99      0      0      0      0      0   1512   1410   1671      4      0 
    1    241     65     69     99     24      0      0      0      0   1512   1410   1585      4      0 
    0     86     40     43    100      0      0      0      0      0   1512   1410   1671      4      0 
    1    238     66     69     99     24      0      0      0      0   1512   1410   1585      4      0 
    0     87     40     43    100      0      0      0      0      0   1512   1410   1671      4      0 
    1    239     65     69     99     24      0      0      0      0   1512   1410   1585      4      0 
    0     87     40     43    100      0      0      0      0      0   1512   1410   1671      4      0 
    1    234     65     69     99     24      0      0      0      0   1512   1410   1585      4      0 
    0     87     40     43    100      0      0      0      0      0   1512   1410   1671      4      0 
    1    237     65     67     99     24      0      0      0      0   1512   1410   1585      4      0 
    0     87     40     43    100      0      0      0      0      0   1512   1410   1671      4      0 
    1    237     65     67     99     24      0      0      0      0   1512   1410   1585      4      0 
    0     87     40     43    100      0      0      0      0      0   1512   1410   1671      4      0 
    1    239     65     67     99     24      0      0      0      0   1512   1410   1585      4      0 
    0     87     40     43     99      0      0      0      0      0   1512   1410   1671      4      0 
    1    238     65     67     99     24      0      0      0      0   1512   1410   1585      4      0 
    0     88     40     43    100      0      0      0      0      0   1512   1410   1671      4      0 
    1    236     65     67     99     24      0      0      0      0   1512   1410   1585      4      0 
    0     88     40     43    100      0      0      0      0      0   1512   1410   1671      4      0 
    1    235     65     67     99     24      0      0      0      0   1512   1410   1585      4      0 
# gpu    pwr  gtemp  mtemp     sm    mem    enc    dec    jpg    ofa   mclk   pclk     fb   bar1   ccpm 
# Idx      W      C      C      %      %      %      %      %      %    MHz    MHz     MB     MB     MB 
    0     86     40     43    100      0      0      0      0      0   1512   1410   1671      4      0 
    1    235     65     67     99     24      0      0      0      0   1512   1410   1585      4      0 
    0     87     40     43    100      0      0      0      0      0   1512   1410   1671      4      0 
    1    240     66     69     99     24      0      0      0      0   1512   1410   1585      4      0 
    0     87     40     43    100      0      0      0      0      0   1512   1410   1671      4      0 
    1    237     66     69     99     24      0      0      0      0   1512   1410   1585      4      0 
    0     87     40     43    100      0      0      0      0      0   1512   1410   1671      4      0 
    1    240     65     69     99     24      0      0      0      0   1512   1410   1585      4      0 
    0     87     40     43     99      0      0      0      0      0   1512   1410   1671      4      0 
    1    239     65     69     98     24      0      0      0      0   1512   1410   1585      4      0 
    0     87     40     43    100      0      0      0      0      0   1512   1410   1671      4      0 
    1    238     65     67     99     24      0      0      0      0   1512   1410   1585      4      0 
    0     87     40     43    100      0      0      0      0      0   1512   1410   1671      4      0 
    1    236     65     67     99     24      0      0      0      0   1512   1410   1585      4      0 
    0     86     40     43     99      0      0      0      0      0   1512   1410   1671      4      0 
    1    236     65     67     99     24      0      0      0      0   1512   1410   1585      4      0 
    0     87     40     43    100      0      0      0      0      0   1512   1410   1671      4      0 
    1    239     65     67     99     24      0      0      0      0   1512   1410   1585      4      0 
    0     88     40     43    100      0      0      0      0      0   1512   1410   1671      4      0 
    1    240     65     69     99     24      0      0      0      0   1512   1410   1585      4      0 
    0     87     40     43    100      0      0      0      0      0   1512   1410   1671      4      0 
    1    240     65     69     99     24      0      0      0      0   1512   1410   1585      4      0 
    0     86     40     43    100      0      0      0      0      0   1512   1410   1671      4      0 
    1    238     65     67     99     24      0      0      0      0   1512   1410   1585      4      0 
    0     87     40     43    100      0      0      0      0      0   1512   1410   1671      4      0 
    1    236     65     67     99     24      0      0      0      0   1512   1410   1585      4      0 
    0     87     40     43    100      0      0      0      0      0   1512   1410   1671      4      0 
    1    239     64     67     99     24      0      0      0      0   1512   1410   1585      4      0 
    0     88     40     43    100      0      0      0      0      0   1512   1410   1671      4      0 
    1    237     65     67     99     24      0      0      0      0   1512   1410   1585      4      0 
    0     87     40     43    100      0      0      0      0      0   1512   1410   1671      4      0 
    1    239     66     69     99     24      0      0      0      0   1512   1410   1585      4      0 
    0     86     40     43    100      0      0      0      0      0   1512   1410   1671      4      0 
    1    237     65     69     99     24      0      0      0      0   1512   1410   1585      4      0 
    0     87     40     43     99      0      0      0      0      0   1512   1410   1671      4      0 
    1    236     65     69     99     24      0      0      0      0   1512   1410   1585      4      0 
    0     87     40     43    100      0      0      0      0      0   1512   1410   1671      4      0 
    1    235     65     67     99     24      0      0      0      0   1512   1410   1585      4      0 
    0     87     40     43    100      0      0      0      0      0   1512   1410   1671      4      0 
    1    237     65     67     98     24      0      0      0      0   1512   1410   1585      4      0 
    0     87     40     43    100      0      0      0      0      0   1512   1410   1671      4      0 
    1    240     65     67     99     24      0      0      0      0   1512   1410   1585      4      0 
    0     87     40     43    100      0      0      0      0      0   1512   1410   1671      4      0 
    1    233     65     67     98     24      0      0      0      0   1512   1410   1585      4      0 
# gpu    pwr  gtemp  mtemp     sm    mem    enc    dec    jpg    ofa   mclk   pclk     fb   bar1   ccpm 
# Idx      W      C      C      %      %      %      %      %      %    MHz    MHz     MB     MB     MB 
    0     87     40     43    100      0      0      0      0      0   1512   1410   1671      4      0 
    1    236     66     69     99     24      0      0      0      0   1512   1410   1585      4      0 
    0     87     40     43    100      0      0      0      0      0   1512   1410   1671      4      0 
    1    241     66     69     99     24      0      0      0      0   1512   1410   1585      4      0 
    0     87     40     43     99      0      0      0      0      0   1512   1410   1671      4      0 
    1    236     65     69     99     24      0      0      0      0   1512   1410   1585      4      0 
    0     87     40     43    100      0      0      0      0      0   1512   1410   1671      4      0 
    1    240     65     69     99     24      0      0      0      0   1512   1410   1585      4      0 
    0     87     40     43    100      0      0      0      0      0   1512   1410   1671      4      0 
    1    234     65     67     99     24      0      0      0      0   1512   1410   1585      4      0 
    0     87     40     43    100      0      0      0      0      0   1512   1410   1671      4      0 
    1    237     65     67     99     24      0      0      0      0   1512   1410   1585      4      0 
    0     87     40     43    100      0      0      0      0      0   1512   1410   1671      4      0 
    1    237     65     67     99     24      0      0      0      0   1512   1410   1585      4      0 
    0     87     40     43    100      0      0      0      0      0   1512   1410   1671      4      0 
    1    234     65     67     99     24      0      0      0      0   1512   1410   1585      4      0 
    0     87     40     43    100      0      0      0      0      0   1512   1410   1671      4      0 
    1    237     65     69     99     24      0      0      0      0   1512   1410   1585      4      0 
    0     87     40     43    100      0      0      0      0      0   1512   1410   1671      4      0 
    1    235     65     69     99     24      0      0      0      0   1512   1410   1585      4      0 
    0     87     40     43    100      0      0      0      0      0   1512   1410   1671      4      0 
    1    234     65     67     99     24      0      0      0      0   1512   1410   1585      4      0 
    0     87     40     43    100      0      0      0      0      0   1512   1410   1671      4      0 
    1    239     65     67     99     24      0      0      0      0   1512   1410   1585      4      0 
    0     86     40     43    100      0      0      0      0      0   1512   1410   1671      4      0 
    1    227     65     67     99     24      0      0      0      0   1512   1410   1585      4      0 
    0     87     40     43    100      0      0      0      0      0   1512   1410   1671      4      0 
    1    233     65     67     99     24      0      0      0      0   1512   1410   1585      4      0 
    0     86     40     43    100      0      0      0      0      0   1512   1410   1671      4      0 
    1    241     66     69     98     24      0      0      0      0   1512   1410   1585      4      0 
    0     87     40     43    100      0      0      0      0      0   1512   1410   1671      4      0 
    1    238     66     69     99     24      0      0      0      0   1512   1410   1585      4      0 
    0     87     40     43    100      0      0      0      0      0   1512   1410   1671      4      0 
    1    237     65     69     99     24      0      0      0      0   1512   1410   1585      4      0 
    0     87     40     43    100      0      0      0      0      0   1512   1410   1671      4      0 
    1    238     65     69     99     24      0      0      0      0   1512   1410   1585      4      0 
    0     88     40     43    100      0      0      0      0      0   1512   1410   1671      4      0 
    1    235     65     67     99     24      0      0      0      0   1512   1410   1585      4      0 
    0     87     40     43    100      0      0      0      0      0   1512   1410   1671      4      0 
    1    236     65     67     99     24      0      0      0      0   1512   1410   1585      4      0 
    0     87     40     43    100      0      0      0      0      0   1512   1410   1671      4      0 
    1    235     65     67     99     24      0      0      0      0   1512   1410   1585      4      0 
    0     88     40     43    100      0      0      0      0      0   1512   1410   1671      4      0 
    1    237     65     67     99     24      0      0      0      0   1512   1410   1585      4      0 
# gpu    pwr  gtemp  mtemp     sm    mem    enc    dec    jpg    ofa   mclk   pclk     fb   bar1   ccpm 
# Idx      W      C      C      %      %      %      %      %      %    MHz    MHz     MB     MB     MB 
    0     88     40     43    100      0      0      0      0      0   1512   1410   1671      4      0 
    1    236     65     69     99     24      0      0      0      0   1512   1410   1585      4      0 
    0     87     40     43    100      0      0      0      0      0   1512   1410   1671      4      0 
    1    236     65     67     99     24      0      0      0      0   1512   1410   1585      4      0 
    0     87     40     43    100      0      0      0      0      0   1512   1410   1671      4      0 
    1    237     65     67     99     24      0      0      0      0   1512   1410   1585      4      0 
    0     88     40     43    100      0      0      0      0      0   1512   1410   1671      4      0 
    1    236     65     67     99     24      0      0      0      0   1512   1410   1585      4      0 
    0     88     40     43    100      0      0      0      0      0   1512   1410   1671      4      0 
    1    236     64     67     99     24      0      0      0      0   1512   1410   1585      4      0 
    0     88     40     43    100      0      0      0      0      0   1512   1410   1671      4      0 
    1    235     65     69     99     24      0      0      0      0   1512   1410   1585      4      0 
    0     88     40     43    100      0      0      0      0      0   1512   1410   1671      4      0 
    1    236     66     69     99     24      0      0      0      0   1512   1410   1585      4      0 
    0     88     40     43    100      0      0      0      0      0   1512   1410   1671      4      0 
    1    239     65     69     98     24      0      0      0      0   1512   1410   1585      4      0 
    0     88     40     43    100      0      0      0      0      0   1512   1410   1671      4      0 
    1    238     65     69     99     24      0      0      0      0   1512   1410   1585      4      0 
    0     88     40     43    100      0      0      0      0      0   1512   1410   1671      4      0 
    1    237     65     67     98     24      0      0      0      0   1512   1410   1585      4      0 
    0     87     40     43    100      0      0      0      0      0   1512   1410   1671      4      0 
    1    240     65     67     99     24      0      0      0      0   1512   1410   1585      4      0 
    0     87     40     43    100      0      0      0      0      0   1512   1410   1671      4      0 
    1    235     64     67     99     24      0      0      0      0   1512   1410   1585      4      0 
    0     88     40     43    100      0      0      0      0      0   1512   1410   1671      4      0 
    1    240     65     67     99     24      0      0      0      0   1512   1410   1585      4      0 
    0     88     40     43    100      0      0      0      0      0   1512   1410   1671      4      0 
    1    237     66     69     99     24      0      0      0      0   1512   1410   1585      4      0 
    0     88     40     43    100      0      0      0      0      0   1512   1410   1671      4      0 
    1    235     66     69     99     24      0      0      0      0   1512   1410   1585      4      0 
    0     88     40     43    100      0      0      0      0      0   1512   1410   1671      4      0 
    1    240     65     69     99     24      0      0      0      0   1512   1410   1585      4      0 
    0     88     40     43    100      0      0      0      0      0   1512   1410   1671      4      0 
    1    240     65     67     99     24      0      0      0      0   1512   1410   1585      4      0 
    0     87     40     43    100      0      0      0      0      0   1512   1410   1671      4      0 
    1    235     65     67     99     24      0      0      0      0   1512   1410   1585      4      0 
    0     88     40     43    100      0      0      0      0      0   1512   1410   1671      4      0 
    1    234     65     67     99     24      0      0      0      0   1512   1410   1585      4      0 
    0     88     40     43     99      0      0      0      0      0   1512   1410   1671      4      0 
    1    237     64     67     99     24      0      0      0      0   1512   1410   1585      4      0 
    0     88     40     43    100      0      0      0      0      0   1512   1410   1671      4      0 
    1    236     65     67     99     24      0      0      0      0   1512   1410   1659      4      0 
    0     88     40     43    100      0      0      0      0      0   1512   1410   1671      4      0 
    1    230     65     67     97     24      0      0      0      0   1512   1410   1659      4      0 
# gpu    pwr  gtemp  mtemp     sm    mem    enc    dec    jpg    ofa   mclk   pclk     fb   bar1   ccpm 
# Idx      W      C      C      %      %      %      %      %      %    MHz    MHz     MB     MB     MB 
    0     88     40     43    100      0      0      0      0      0   1512   1410   1671      4      0 
    1    235     65     67     97     24      0      0      0      0   1512   1410   1659      4      0 
    0     88     40     43     99      0      0      0      0      0   1512   1410   1671      4      0 
    1    230     64     67     96     24      0      0      0      0   1512   1410   1659      4      0 
    0     88     41     43    100      0      0      0      0      0   1512   1410   1671      4      0 
    1    235     65     69     97     24      0      0      0      0   1512   1410   1659      4      0 
    0     88     41     43    100      0      0      0      0      0   1512   1410   1671      4      0 
    1    230     65     69     97     24      0      0      0      0   1512   1410   1659      4      0 
    0     88     41     43    100      0      0      0      0      0   1512   1410   1671      4      0 
    1    232     65     69     97     24      0      0      0      0   1512   1410   1659      4      0 
    0     87     40     43    100      0      0      0      0      0   1512   1410   1671      4      0 
    1    235     65     67     97     24      0      0      0      0   1512   1410   1659      4      0 
    0     87     40     43     99      0      0      0      0      0   1512   1410   1671      4      0 
    1    234     65     67     97     24      0      0      0      0   1512   1410   1659      4      0 
    0     88     40     43    100      0      0      0      0      0   1512   1410   1671      4      0 
    1    230     64     67     97     24      0      0      0      0   1512   1410   1659      4      0 
    0     88     41     43    100      0      0      0      0      0   1512   1410   1671      4      0 
    1    234     65     69     97     24      0      0      0      0   1512   1410   1659      4      0 
    0     88     41     43    100      0      0      0      0      0   1512   1410   1671      4      0 
    1    235     65     69     97     24      0      0      0      0   1512   1410   1659      4      0 
    0     87     40     43    100      0      0      0      0      0   1512   1410   1671      4      0 
    1    229     65     69     97     24      0      0      0      0   1512   1410   1659      4      0 
    0     88     40     43    100      0      0      0      0      0   1512   1410   1671      4      0 
    1    230     65     67     97     24      0      0      0      0   1512   1410   1659      4      0 
    0     88     40     43    100      0      0      0      0      0   1512   1410   1671      4      0 
    1    233     65     67     97     24      0      0      0      0   1512   1410   1659      4      0 
    0     88     40     43     99      0      0      0      0      0   1512   1410   1671      4      0 
    1    230     64     67     97     24      0      0      0      0   1512   1410   1659      4      0 
    0     88     41     43    100      0      0      0      0      0   1512   1410   1671      4      0 
    1    230     65     69     96     24      0      0      0      0   1512   1410   1659      4      0 
    0     88     41     43     99      0      0      0      0      0   1512   1410   1671      4      0 
    1    231     65     69     97     24      0      0      0      0   1512   1410   1659      4      0 
    0     87     41     43    100      0      0      0      0      0   1512   1410   1671      4      0 
    1    229     65     69     97     24      0      0      0      0   1512   1410   1659      4      0 
    0     87     40     43     99      0      0      0      0      0   1512   1410   1671      4      0 
    1    230     65     67     97     24      0      0      0      0   1512   1410   1659      4      0 
    0     87     40     43    100      0      0      0      0      0   1512   1410   1671      4      0 
    1    228     65     67     97     24      0      0      0      0   1512   1410   1659      4      0 
    0     87     40     43    100      0      0      0      0      0   1512   1410   1671      4      0 
    1    232     64     67     96     24      0      0      0      0   1512   1410   1659      4      0 
    0     88     41     43    100      0      0      0      0      0   1512   1410   1671      4      0 
    1    235     65     69     97     24      0      0      0      0   1512   1410   1659      4      0 
    0     87     41     43    100      0      0      0      0      0   1512   1410   1671      4      0 
    1    230     65     69     97     24      0      0      0      0   1512   1410   1659      4      0 
# gpu    pwr  gtemp  mtemp     sm    mem    enc    dec    jpg    ofa   mclk   pclk     fb   bar1   ccpm 
# Idx      W      C      C      %      %      %      %      %      %    MHz    MHz     MB     MB     MB 
    0     86     40     43    100      0      0      0      0      0   1512   1410   1671      4      0 
    1    228     65     69     97     24      0      0      0      0   1512   1410   1659      4      0 
    0     88     40     43    100      0      0      0      0      0   1512   1410   1671      4      0 
    1    232     65     67     97     24      0      0      0      0   1512   1410   1659      4      0 
    0     88     40     43    100      0      0      0      0      0   1512   1410   1671      4      0 
    1    235     64     67     97     24      0      0      0      0   1512   1410   1659      4      0 
    0     86     40     43    100      0      0      0      0      0   1512   1410   1671      4      0 
    1    232     65     67     97     24      0      0      0      0   1512   1410   1659      4      0 
    0     86     41     43    100      0      0      0      0      0   1512   1410   1671      4      0 
    1    231     66     69     97     24      0      0      0      0   1512   1410   1659      4      0 
    0     87     41     43    100      0      0      0      0      0   1512   1410   1671      4      0 
    1    230     65     69     97     24      0      0      0      0   1512   1410   1659      4      0 
    0     87     40     43    100      0      0      0      0      0   1512   1410   1671      4      0 
    1    232     65     67     97     24      0      0      0      0   1512   1410   1659      4      0 
    0     86     40     43     99      0      0      0      0      0   1512   1410   1671      4      0 
    1    233     65     67     97     24      0      0      0      0   1512   1410   1659      4      0 
    0     85     40     43    100      0      0      0      0      0   1512   1410   1671      4      0 
    1    231     64     67     97     24      0      0      0      0   1512   1410   1659      4      0 
    0     64     40     43      0      0      0      0      0      0   1512   1410      0      1      0 
    1    234     65     69     97     24      0      0      0      0   1512   1410   1659      4      0 
    0     64     39     43      0      0      0      0      0      0   1512   1410      0      1      0 
    1    233     65     69     97     24      0      0      0      0   1512   1410   1659      4      0 
    0     89     40     43     91      0      0      0      0      0   1512   1410   1479      4      0 
    1    231     65     69     97     24      0      0      0      0   1512   1410   1659      4      0 
    0     88     40     43     99      0      0      0      0      0   1512   1410   1479      4      0 
    1    233     65     67     97     24      0      0      0      0   1512   1410   1659      4      0 
    0     89     40     43     99      0      0      0      0      0   1512   1410   1479      4      0 
    1    233     65     67     97     24      0      0      0      0   1512   1410   1659      4      0 
    0     89     40     43     99      0      0      0      0      0   1512   1410   1479      4      0 
    1    226     65     67     97     24      0      0      0      0   1512   1410   1659      4      0 
    0     89     40     43     99      0      0      0      0      0   1512   1410   1479      4      0 
    1    232     66     69     97     24      0      0      0      0   1512   1410   1659      4      0 
    0     89     40     43     99      0      0      0      0      0   1512   1410   1479      4      0 
    1    230     65     69     97     24      0      0      0      0   1512   1410   1659      4      0 
    0     89     40     43     99      0      0      0      0      0   1512   1410   1479      4      0 
    1    233     65     69     97     24      0      0      0      0   1512   1410   1659      4      0 
    0     89     40     43     99      0      0      0      0      0   1512   1410   1479      4      0 
    1    234     65     67     97     24      0      0      0      0   1512   1410   1659      4      0 
    0     89     40     43     99      0      0      0      0      0   1512   1410   1479      4      0 
    1    234     64     67     97     24      0      0      0      0   1512   1410   1659      4      0 
    0     89     40     43     99      0      0      0      0      0   1512   1410   1479      4      0 
    1    234     65     67     97     24      0      0      0      0   1512   1410   1659      4      0 
    0     89     41     43     99      0      0      0      0      0   1512   1410   1479      4      0 
    1    232     66     69     97     24      0      0      0      0   1512   1410   1659      4      0 
# gpu    pwr  gtemp  mtemp     sm    mem    enc    dec    jpg    ofa   mclk   pclk     fb   bar1   ccpm 
# Idx      W      C      C      %      %      %      %      %      %    MHz    MHz     MB     MB     MB 
    0     89     40     43     99      0      0      0      0      0   1512   1410   1479      4      0 
    1    233     65     69     97     24      0      0      0      0   1512   1410   1659      4      0 
    0     89     40     43     99      0      0      0      0      0   1512   1410   1479      4      0 
    1    229     65     69     96     24      0      0      0      0   1512   1410   1659      4      0 
    0     89     40     43     99      0      0      0      0      0   1512   1410   1479      4      0 
    1    232     65     67     97     24      0      0      0      0   1512   1410   1659      4      0 
    0     89     40     43     99      0      0      0      0      0   1512   1410   1479      4      0 
    1    231     64     67     97     24      0      0      0      0   1512   1410   1659      4      0 
    0     89     40     43     99      0      0      0      0      0   1512   1410   1479      4      0 
    1    231     65     67     97     24      0      0      0      0   1512   1410   1659      4      0 
    0     89     41     43     99      0      0      0      0      0   1512   1410   1479      4      0 
    1    230     66     69     97     24      0      0      0      0   1512   1410   1659      4      0 
    0     89     41     43     99      0      0      0      0      0   1512   1410   1479      4      0 
    1    230     65     69     97     24      0      0      0      0   1512   1410   1659      4      0 
    0     89     41     43     99      0      0      0      0      0   1512   1410   1479      4      0 
    1    231     65     69     97     24      0      0      0      0   1512   1410   1659      4      0 
    0     89     41     43     99      0      0      0      0      0   1512   1410   1479      4      0 
    1    232     65     67     97     24      0      0      0      0   1512   1410   1659      4      0 
    0     89     40     43     99      0      0      0      0      0   1512   1410   1479      4      0 
    1    230     64     67     97     24      0      0      0      0   1512   1410   1659      4      0 
    0     89     41     43     99      0      0      0      0      0   1512   1410   1479      4      0 
    1    231     65     67     97     24      0      0      0      0   1512   1410   1659      4      0 
    0     89     41     43     99      0      0      0      0      0   1512   1410   1479      4      0 
    1    228     65     69     97     24      0      0      0      0   1512   1410   1659      4      0 
    0     89     41     43     99      0      0      0      0      0   1512   1410   1479      4      0 
    1    232     65     69     97     24      0      0      0      0   1512   1410   1659      4      0 
    0     89     41     43     99      0      0      0      0      0   1512   1410   1479      4      0 
    1    227     65     69     97     24      0      0      0      0   1512   1410   1659      4      0 
    0     89     41     43     99      0      0      0      0      0   1512   1410   1479      4      0 
    1    233     65     67     97     24      0      0      0      0   1512   1410   1659      4      0 
    0     89     40     43     99      0      0      0      0      0   1512   1410   1479      4      0 
    1    230     64     67     97     24      0      0      0      0   1512   1410   1659      4      0 
    0     88     41     43     99      0      0      0      0      0   1512   1410   1479      4      0 
    1    234     65     67     97     24      0      0      0      0   1512   1410   1659      4      0 
    0     89     41     43     99      0      0      0      0      0   1512   1410   1479      4      0 
    1    232     66     69     97     24      0      0      0      0   1512   1410   1659      4      0 
    0     89     41     43     99      0      0      0      0      0   1512   1410   1479      4      0 
    1    235     65     69     97     24      0      0      0      0   1512   1410   1659      4      0 
    0     89     41     43     99      0      0      0      0      0   1512   1410   1479      4      0 
    1    231     65     67     97     24      0      0      0      0   1512   1410   1659      4      0 
    0     89     41     43     99      0      0      0      0      0   1512   1410   1479      4      0 
    1    228     65     67     97     24      0      0      0      0   1512   1410   1659      4      0 
    0     89     41     43     99      0      0      0      0      0   1512   1410   1479      4      0 
    1    233     64     67     97     24      0      0      0      0   1512   1410   1659      4      0 
# gpu    pwr  gtemp  mtemp     sm    mem    enc    dec    jpg    ofa   mclk   pclk     fb   bar1   ccpm 
# Idx      W      C      C      %      %      %      %      %      %    MHz    MHz     MB     MB     MB 
    0     89     41     43     99      0      0      0      0      0   1512   1410   1479      4      0 
    1    232     65     69     96     24      0      0      0      0   1512   1410   1659      4      0 
    0     89     41     43     99      0      0      0      0      0   1512   1410   1479      4      0 
    1    230     65     69     97     24      0      0      0      0   1512   1410   1659      4      0 
    0     89     41     43     99      0      0      0      0      0   1512   1410   1479      4      0 
    1    231     65     69     97     24      0      0      0      0   1512   1410   1659      4      0 
    0     89     41     43     99      0      0      0      0      0   1512   1410   1479      4      0 
    1    232     65     69     97     24      0      0      0      0   1512   1410   1659      4      0 
    0     89     41     43     99      0      0      0      0      0   1512   1410   1479      4      0 
    1    231     65     67     97     24      0      0      0      0   1512   1410   1659      4      0 
    0     89     41     43     99      0      0      0      0      0   1512   1410   1479      4      0 
    1    232     64     67     97     24      0      0      0      0   1512   1410   1659      4      0 
    0     89     41     43     99      0      0      0      0      0   1512   1410   1479      4      0 
    1    233     65     69     97     24      0      0      0      0   1512   1410   1659      4      0 
    0     89     41     43     99      0      0      0      0      0   1512   1410   1479      4      0 
    1    232     65     69     97     24      0      0      0      0   1512   1410   1659      4      0 
    0     89     41     43     99      0      0      0      0      0   1512   1410   1479      4      0 
    1    229     65     69     97     24      0      0      0      0   1512   1410   1659      4      0 
    0     90     41     43     99      0      0      0      0      0   1512   1410   1479      4      0 
    1    234     65     67     97     24      0      0      0      0   1512   1410   1659      4      0 
    0     90     41     43     99      0      0      0      0      0   1512   1410   1479      4      0 
    1    232     65     67     97     24      0      0      0      0   1512   1410   1659      4      0 
    0     89     41     43     99      0      0      0      0      0   1512   1410   1479      4      0 
    1    227     65     67     97     24      0      0      0      0   1512   1410   1659      4      0 
    0     89     41     43     99      0      0      0      0      0   1512   1410   1479      4      0 
    1    229     65     69     97     24      0      0      0      0   1512   1410   1659      4      0 
    0     89     41     43     99      0      0      0      0      0   1512   1410   1479      4      0 
    1    231     65     69     96     24      0      0      0      0   1512   1410   1659      4      0 
    0     89     41     43     99      0      0      0      0      0   1512   1410   1479      4      0 
    1    227     65     69     97     24      0      0      0      0   1512   1410   1659      4      0 
    0     89     41     43     99      0      0      0      0      0   1512   1410   1479      4      0 
    1    230     65     67     97     24      0      0      0      0   1512   1410   1659      4      0 
    0     89     41     43     99      0      0      0      0      0   1512   1410   1479      4      0 
    1    234     64     67     97     24      0      0      0      0   1512   1410   1659      4      0 
    0     89     41     43     99      0      0      0      0      0   1512   1410   1479      4      0 
    1    235     65     69     97     24      0      0      0      0   1512   1410   1659      4      0 
    0     89     41     43     99      0      0      0      0      0   1512   1410   1479      4      0 
    1    235     65     69     97     24      0      0      0      0   1512   1410   1659      4      0 
    0     89     41     43     99      0      0      0      0      0   1512   1410   1479      4      0 
    1    230     65     69     97     24      0      0      0      0   1512   1410   1659      4      0 
    0     89     41     43     99      0      0      0      0      0   1512   1410   1479      4      0 
    1    231     65     67     97     24      0      0      0      0   1512   1410   1659      4      0 
    0     89     41     43     99      0      0      0      0      0   1512   1410   1479      4      0 
    1    236     65     67     96     24      0      0      0      0   1512   1410   1659      4      0 
# gpu    pwr  gtemp  mtemp     sm    mem    enc    dec    jpg    ofa   mclk   pclk     fb   bar1   ccpm 
# Idx      W      C      C      %      %      %      %      %      %    MHz    MHz     MB     MB     MB 
    0     89     41     43     99      0      0      0      0      0   1512   1410   1479      4      0 
    1    232     64     67     97     24      0      0      0      0   1512   1410   1659      4      0 
    0     89     41     43     99      0      0      0      0      0   1512   1410   1479      4      0 
    1    231     65     69     97     24      0      0      0      0   1512   1410   1659      4      0 
    0     89     41     43     99      0      0      0      0      0   1512   1410   1479      4      0 
    1    233     66     69     97     24      0      0      0      0   1512   1410   1659      4      0 
    0     89     41     43     99      0      0      0      0      0   1512   1410   1479      4      0 
    1    229     65     69     97     24      0      0      0      0   1512   1410   1659      4      0 
    0     88     41     43     99      0      0      0      0      0   1512   1410   1479      4      0 
    1    233     65     69     96     24      0      0      0      0   1512   1410   1659      4      0 
    0     89     41     43     99      0      0      0      0      0   1512   1410   1479      4      0 
    1    230     65     67     97     24      0      0      0      0   1512   1410   1659      4      0 
    0     89     41     43     99      0      0      0      0      0   1512   1410   1479      4      0 
    1    231     64     67     97     24      0      0      0      0   1512   1410   1659      4      0 
    0     89     41     43     99      0      0      0      0      0   1512   1410   1479      4      0 
    1    233     65     67     97     24      0      0      0      0   1512   1410   1659      4      0 
    0     89     41     43     99      0      0      0      0      0   1512   1410   1479      4      0 
    1    234     66     69     97     24      0      0      0      0   1512   1410   1659      4      0 
    0     89     41     43     99      0      0      0      0      0   1512   1410   1479      4      0 
    1    234     65     69     97     24      0      0      0      0   1512   1410   1659      4      0 
    0     89     41     43     99      0      0      0      0      0   1512   1410   1479      4      0 
    1    233     65     67     97     24      0      0      0      0   1512   1410   1659      4      0 
    0     89     41     43     99      0      0      0      0      0   1512   1410   1479      4      0 
    1    229     65     67     97     24      0      0      0      0   1512   1410   1659      4      0 
    0     89     41     43     99      0      0      0      0      0   1512   1410   1479      4      0 
    1    231     64     67     97     24      0      0      0      0   1512   1410   1659      4      0 
    0     89     41     43     99      0      0      0      0      0   1512   1410   1479      4      0 
    1    233     65     67     97     24      0      0      0      0   1512   1410   1659      4      0 
    0     89     41     43     99      0      0      0      0      0   1512   1410   1479      4      0 
    1    236     66     69     97     24      0      0      0      0   1512   1410   1659      4      0 
    0     89     41     43     99      0      0      0      0      0   1512   1410   1479      4      0 
    1    230     65     69     97     24      0      0      0      0   1512   1410   1659      4      0 
    0     89     41     43     99      0      0      0      0      0   1512   1410   1479      4      0 
    1    232     65     69     97     24      0      0      0      0   1512   1410   1659      4      0 
    0     88     41     43     99      0      0      0      0      0   1512   1410   1479      4      0 
    1    227     65     67     97     24      0      0      0      0   1512   1410   1659      4      0 
    0     89     41     43     99      0      0      0      0      0   1512   1410   1479      4      0 
    1    232     64     67     97     24      0      0      0      0   1512   1410   1659      4      0 
    0     90     41     43     99      0      0      0      0      0   1512   1410   1479      4      0 
    1    232     65     67     97     24      0      0      0      0   1512   1410   1659      4      0 
    0     89     41     43     99      0      0      0      0      0   1512   1410   1479      4      0 
    1    235     66     69     97     24      0      0      0      0   1512   1410   1659      4      0 
    0     89     41     43     99      0      0      0      0      0   1512   1410   1479      4      0 
    1    234     65     69     97     24      0      0      0      0   1512   1410   1659      4      0 
# gpu    pwr  gtemp  mtemp     sm    mem    enc    dec    jpg    ofa   mclk   pclk     fb   bar1   ccpm 
# Idx      W      C      C      %      %      %      %      %      %    MHz    MHz     MB     MB     MB 
    0     90     41     43     99      0      0      0      0      0   1512   1410   1479      4      0 
    1    233     65     69     97     24      0      0      0      0   1512   1410   1659      4      0 
    0     89     41     43     99      0      0      0      0      0   1512   1410   1479      4      0 
    1    230     65     67     97     24      0      0      0      0   1512   1410   1659      4      0 
    0     89     41     43     99      0      0      0      0      0   1512   1410   1479      4      0 
    1    233     64     67     97     24      0      0      0      0   1512   1410   1659      4      0 
    0     89     41     43     99      0      0      0      0      0   1512   1410   1479      4      0 
    1    232     65     67     97     24      0      0      0      0   1512   1410   1659      4      0 
    0     90     41     43     99      0      0      0      0      0   1512   1410   1479      4      0 
    1    230     65     69     97     24      0      0      0      0   1512   1410   1659      4      0 
    0     89     41     43     99      0      0      0      0      0   1512   1410   1479      4      0 
    1    229     65     69     97     24      0      0      0      0   1512   1410   1659      4      0 
    0     89     41     43     99      0      0      0      0      0   1512   1410   1479      4      0 
    1    229     65     67     97     24      0      0      0      0   1512   1410   1659      4      0 
    0     89     41     43     99      0      0      0      0      0   1512   1410   1479      4      0 
    1    230     65     67     97     24      0      0      0      0   1512   1410   1659      4      0 
    0     89     41     43     99      0      0      0      0      0   1512   1410   1479      4      0 
    1    229     64     67     97     24      0      0      0      0   1512   1410   1659      4      0 
    0     89     41     43     99      0      0      0      0      0   1512   1410   1479      4      0 
    1    236     65     69     97     24      0      0      0      0   1512   1410   1659      4      0 
    0     89     41     43     99      0      0      0      0      0   1512   1410   1479      4      0 
    1    231     65     69     97     24      0      0      0      0   1512   1410   1659      4      0 
    0     89     41     43     99      0      0      0      0      0   1512   1410   1479      4      0 
    1    230     65     69     97     24      0      0      0      0   1512   1410   1659      4      0 
    0     89     41     43     99      0      0      0      0      0   1512   1410   1479      4      0 
    1    231     65     67     97     24      0      0      0      0   1512   1410   1659      4      0 
    0     90     41     43     99      0      0      0      0      0   1512   1410   1479      4      0 
    1    233     65     67     97     24      0      0      0      0   1512   1410   1659      4      0 
    0     90     41     43     99      0      0      0      0      0   1512   1410   1479      4      0 
    1    234     65     67     97     24      0      0      0      0   1512   1410   1659      4      0 
    0     89     41     43     99      0      0      0      0      0   1512   1410   1479      4      0 
    1    231     66     69     97     24      0      0      0      0   1512   1410   1659      4      0 
    0     90     41     43     99      0      0      0      0      0   1512   1410   1479      4      0 
    1    230     65     69     97     24      0      0      0      0   1512   1410   1659      4      0 
    0     89     41     43     99      0      0      0      0      0   1512   1410   1479      4      0 
    1    227     65     69     97     24      0      0      0      0   1512   1410   1659      4      0 
    0     89     41     43     99      0      0      0      0      0   1512   1410   1479      4      0 
    1    228     65     67     97     24      0      0      0      0   1512   1410   1659      4      0 
    0     90     41     43     99      0      0      0      0      0   1512   1410   1479      4      0 
    1    230     65     67     97     24      0      0      0      0   1512   1410   1659      4      0 
    0     89     41     43     99      0      0      0      0      0   1512   1410   1479      4      0 
    1    232     65     67     97     24      0      0      0      0   1512   1410   1659      4      0 
    0     89     41     43     99      0      0      0      0      0   1512   1410   1479      4      0 
    1    226     65     69     97     24      0      0      0      0   1512   1410   1659      4      0 
# gpu    pwr  gtemp  mtemp     sm    mem    enc    dec    jpg    ofa   mclk   pclk     fb   bar1   ccpm 
# Idx      W      C      C      %      %      %      %      %      %    MHz    MHz     MB     MB     MB 
    0     89     41     43     99      0      0      0      0      0   1512   1410   1479      4      0 
    1    233     65     69     97     24      0      0      0      0   1512   1410   1659      4      0 
    0     89     41     43     99      0      0      0      0      0   1512   1410   1479      4      0 
    1    234     65     67     97     24      0      0      0      0   1512   1410   1659      4      0 
    0     89     41     43     99      0      0      0      0      0   1512   1410   1479      4      0 
    1    231     65     67     97     24      0      0      0      0   1512   1410   1659      4      0 
    0     88     41     43     99      0      0      0      0      0   1512   1410   1479      4      0 
    1    230     64     67     97     24      0      0      0      0   1512   1410   1659      4      0 
    0     89     41     43     99      0      0      0      0      0   1512   1410   1479      4      0 
    1    233     65     67     97     24      0      0      0      0   1512   1410   1659      4      0 
    0     90     41     43     99      0      0      0      0      0   1512   1410   1479      4      0 
    1    230     66     69     97     24      0      0      0      0   1512   1410   1659      4      0 
    0     89     41     43     99      0      0      0      0      0   1512   1410   1479      4      0 
    1    232     65     69     97     24      0      0      0      0   1512   1410   1659      4      0 
    0     90     41     43     99      0      0      0      0      0   1512   1410   1479      4      0 
    1    230     65     69     97     24      0      0      0      0   1512   1410   1659      4      0 
    0     89     41     43     99      0      0      0      0      0   1512   1410   1479      4      0 
    1    229     65     67     97     24      0      0      0      0   1512   1410   1659      4      0 
    0     89     41     43     99      0      0      0      0      0   1512   1410   1479      4      0 
    1    227     64     67     97     24      0      0      0      0   1512   1410   1659      4      0 
    0     89     41     43     99      0      0      0      0      0   1512   1410   1479      4      0 
    1    229     65     67     97     24      0      0      0      0   1512   1410   1659      4      0 
    0     89     41     43     99      0      0      0      0      0   1512   1410   1479      4      0 
    1    235     65     69     97     24      0      0      0      0   1512   1410   1659      4      0 
    0     89     41     43     99      0      0      0      0      0   1512   1410   1479      4      0 
    1    232     65     69     97     24      0      0      0      0   1512   1410   1659      4      0 
    0     89     41     43     99      0      0      0      0      0   1512   1410   1479      4      0 
    1    235     65     69     97     24      0      0      0      0   1512   1410   1659      4      0 
    0     90     41     43     99      0      0      0      0      0   1512   1410   1479      4      0 
    1    229     65     67     97     24      0      0      0      0   1512   1410   1659      4      0 
    0     90     41     43     99      0      0      0      0      0   1512   1410   1479      4      0 
    1    229     65     67     97     24      0      0      0      0   1512   1410   1659      4      0 
    0     90     41     43     99      0      0      0      0      0   1512   1410   1479      4      0 
    1    229     64     67     97     24      0      0      0      0   1512   1410   1659      4      0 
    0     89     41     43     99      0      0      0      0      0   1512   1410   1479      4      0 
    1    230     65     69     97     24      0      0      0      0   1512   1410   1659      4      0 
    0     89     41     43     99      0      0      0      0      0   1512   1410   1479      4      0 
    1    234     65     69     97     24      0      0      0      0   1512   1410   1659      4      0 
    0     89     41     43     99      0      0      0      0      0   1512   1410   1479      4      0 
    1    232     65     69     97     24      0      0      0      0   1512   1410   1659      4      0 
    0     90     41     43     99      0      0      0      0      0   1512   1410   1479      4      0 
    1    230     65     67     96     24      0      0      0      0   1512   1410   1659      4      0 
    0     89     41     43     99      0      0      0      0      0   1512   1410   1479      4      0 
    1    228     64     67     97     24      0      0      0      0   1512   1410   1659      4      0 
# gpu    pwr  gtemp  mtemp     sm    mem    enc    dec    jpg    ofa   mclk   pclk     fb   bar1   ccpm 
# Idx      W      C      C      %      %      %      %      %      %    MHz    MHz     MB     MB     MB 
    0     89     41     43     99      0      0      0      0      0   1512   1410   1479      4      0 
    1    228     65     67     97     24      0      0      0      0   1512   1410   1659      4      0 
    0     90     41     43     99      0      0      0      0      0   1512   1410   1479      4      0 
    1    231     65     69     97     24      0      0      0      0   1512   1410   1659      4      0 
    0     89     41     43     99      0      0      0      0      0   1512   1410   1479      4      0 
    1    232     65     69     97     24      0      0      0      0   1512   1410   1659      4      0 
    0     89     41     43     99      0      0      0      0      0   1512   1410   1479      4      0 
    1    233     65     69     97     24      0      0      0      0   1512   1410   1659      4      0 
    0     90     41     43     99      0      0      0      0      0   1512   1410   1479      4      0 
    1    230     65     67     97     24      0      0      0      0   1512   1410   1659      4      0 
    0     89     41     43     99      0      0      0      0      0   1512   1410   1479      4      0 
    1    233     64     67     97     24      0      0      0      0   1512   1410   1659      4      0 
    0     90     41     43     99      0      0      0      0      0   1512   1410   1479      4      0 
    1    230     65     67     97     24      0      0      0      0   1512   1410   1659      4      0 
    0     90     41     43     99      0      0      0      0      0   1512   1410   1479      4      0 
    1    227     66     69     97     24      0      0      0      0   1512   1410   1659      4      0 
    0     89     41     43     99      0      0      0      0      0   1512   1410   1479      4      0 
    1    234     65     69     97     24      0      0      0      0   1512   1410   1659      4      0 
    0     89     41     43     99      0      0      0      0      0   1512   1410   1479      4      0 
    1    233     65     69     97     24      0      0      0      0   1512   1410   1659      4      0 
    0     89     41     43     99      0      0      0      0      0   1512   1410   1479      4      0 
    1    233     65     67     97     24      0      0      0      0   1512   1410   1659      4      0 
    0     90     41     43     99      0      0      0      0      0   1512   1410   1479      4      0 
    1    230     64     67     97     24      0      0      0      0   1512   1410   1659      4      0 
    0     89     41     43     99      0      0      0      0      0   1512   1410   1479      4      0 
    1    230     65     67     97     24      0      0      0      0   1512   1410   1659      4      0 
    0     90     41     43     99      0      0      0      0      0   1512   1410   1479      4      0 
    1    233     66     69     97     24      0      0      0      0   1512   1410   1659      4      0 
    0     89     41     43     99      0      0      0      0      0   1512   1410   1479      4      0 
    1    227     65     69     97     24      0      0      0      0   1512   1410   1659      4      0 
    0     89     41     43     99      0      0      0      0      0   1512   1410   1479      4      0 
    1    229     65     69     97     24      0      0      0      0   1512   1410   1659      4      0 
    0     89     41     43     99      0      0      0      0      0   1512   1410   1479      4      0 
    1    230     65     67     97     24      0      0      0      0   1512   1410   1659      4      0 
    0     90     41     43     99      0      0      0      0      0   1512   1410   1479      4      0 
    1    233     64     67     97     24      0      0      0      0   1512   1410   1659      4      0 
    0     89     41     43     99      0      0      0      0      0   1512   1410   1479      4      0 
    1    230     65     67     97     24      0      0      0      0   1512   1410   1659      4      0 
    0     89     41     43     99      0      0      0      0      0   1512   1410   1479      4      0 
    1    231     66     69     97     24      0      0      0      0   1512   1410   1659      4      0 
    0     89     41     43     99      0      0      0      0      0   1512   1410   1479      4      0 
    1    234     65     69     97     24      0      0      0      0   1512   1410   1659      4      0 
    0     89     41     43     99      0      0      0      0      0   1512   1410   1479      4      0 
    1    231     65     69     97     24      0      0      0      0   1512   1410   1659      4      0 
# gpu    pwr  gtemp  mtemp     sm    mem    enc    dec    jpg    ofa   mclk   pclk     fb   bar1   ccpm 
# Idx      W      C      C      %      %      %      %      %      %    MHz    MHz     MB     MB     MB 
    0     89     41     43     99      0      0      0      0      0   1512   1410   1479      4      0 
    1    233     65     69     97     24      0      0      0      0   1512   1410   1659      4      0 
    0     89     41     43     99      0      0      0      0      0   1512   1410   1479      4      0 
    1    231     65     67     97     24      0      0      0      0   1512   1410   1659      4      0 
    0     90     41     43     99      0      0      0      0      0   1512   1410   1479      4      0 
    1    233     64     67     97     24      0      0      0      0   1512   1410   1659      4      0 
    0     90     41     43     99      0      0      0      0      0   1512   1410   1479      4      0 
    1    234     65     69     97     24      0      0      0      0   1512   1410   1659      4      0 
    0     89     41     43     99      0      0      0      0      0   1512   1410   1479      4      0 
    1    235     66     69     97     24      0      0      0      0   1512   1410   1659      4      0 
    0     90     41     43     99      0      0      0      0      0   1512   1410   1479      4      0 
    1    231     65     69     97     24      0      0      0      0   1512   1410   1659      4      0 
    0     90     41     43     99      0      0      0      0      0   1512   1410   1479      4      0 
    1    229     65     67     97     24      0      0      0      0   1512   1410   1659      4      0 
    0     89     41     43     99      0      0      0      0      0   1512   1410   1479      4      0 
    1    232     65     67     97     24      0      0      0      0   1512   1410   1659      4      0 
    0     89     41     43     99      0      0      0      0      0   1512   1410   1479      4      0 
    1    228     64     67     97     24      0      0      0      0   1512   1410   1659      4      0 
    0     89     41     43     99      0      0      0      0      0   1512   1410   1479      4      0 
    1    230     65     69     97     24      0      0      0      0   1512   1410   1659      4      0 
    0     90     41     43     99      0      0      0      0      0   1512   1410   1479      4      0 
    1    232     65     69     97     24      0      0      0      0   1512   1410   1659      4      0 
    0     89     41     43     99      0      0      0      0      0   1512   1410   1479      4      0 
    1    234     65     69     97     24      0      0      0      0   1512   1410   1659      4      0 
    0     89     41     43     99      0      0      0      0      0   1512   1410   1479      4      0 
    1    231     65     67     97     24      0      0      0      0   1512   1410   1659      4      0 
    0     90     41     43     99      0      0      0      0      0   1512   1410   1479      4      0 
    1    229     65     67     97     24      0      0      0      0   1512   1410   1659      4      0 
    0     89     41     43     99      0      0      0      0      0   1512   1410   1479      4      0 
    1    230     64     67     97     24      0      0      0      0   1512   1410   1659      4      0 
    0     90     41     43     99      0      0      0      0      0   1512   1410   1479      4      0 
    1    232     65     69     97     24      0      0      0      0   1512   1410   1659      4      0 
    0     89     41     43     99      0      0      0      0      0   1512   1410   1479      4      0 
    1    229     65     69     97     24      0      0      0      0   1512   1410   1659      4      0 
    0     89     41     43     99      0      0      0      0      0   1512   1410   1479      4      0 
    1    233     65     69     97     24      0      0      0      0   1512   1410   1659      4      0 
    0     88     41     43     99      0      0      0      0      0   1512   1410   1479      4      0 
    1    229     65     67     97     24      0      0      0      0   1512   1410   1659      4      0 
    0     89     41     43     99      0      0      0      0      0   1512   1410   1479      4      0 
    1    230     65     67     97     24      0      0      0      0   1512   1410   1659      4      0 
    0     89     41     43     99      0      0      0      0      0   1512   1410   1479      4      0 
    1    233     65     67     97     24      0      0      0      0   1512   1410   1659      4      0 
    0     89     41     43     99      0      0      0      0      0   1512   1410   1479      4      0 
    1    229     65     69     97     24      0      0      0      0   1512   1410   1659      4      0 
# gpu    pwr  gtemp  mtemp     sm    mem    enc    dec    jpg    ofa   mclk   pclk     fb   bar1   ccpm 
# Idx      W      C      C      %      %      %      %      %      %    MHz    MHz     MB     MB     MB 
    0     89     41     43     99      0      0      0      0      0   1512   1410   1479      4      0 
    1    232     65     69     97     24      0      0      0      0   1512   1410   1659      4      0 
    0     90     41     43     99      0      0      0      0      0   1512   1410   1479      4      0 
    1    230     65     67     97     24      0      0      0      0   1512   1410   1659      4      0 
    0     89     41     43     99      0      0      0      0      0   1512   1410   1479      4      0 
    1    230     65     67     97     24      0      0      0      0   1512   1410   1659      4      0 
    0     89     41     43     99      0      0      0      0      0   1512   1410   1479      4      0 
    1    229     64     67     97     24      0      0      0      0   1512   1410   1659      4      0 
    0     89     41     43     99      0      0      0      0      0   1512   1410   1479      4      0 
    1    234     65     67     97     24      0      0      0      0   1512   1410   1659      4      0 
    0     89     41     43     99      0      0      0      0      0   1512   1410   1479      4      0 
    1    231     65     69     97     24      0      0      0      0   1512   1410   1659      4      0 
    0     89     41     43     99      0      0      0      0      0   1512   1410   1479      4      0 
    1    232     65     69     96     24      0      0      0      0   1512   1410   1659      4      0 
    0     90     41     43     99      0      0      0      0      0   1512   1410   1479      4      0 
    1    231     65     67     97     24      0      0      0      0   1512   1410   1659      4      0 
    0     89     41     43     99      0      0      0      0      0   1512   1410   1479      4      0 
    1    232     65     67     97     24      0      0      0      0   1512   1410   1659      4      0 
    0     89     41     43     99      0      0      0      0      0   1512   1410   1479      4      0 
    1    230     64     67     96     24      0      0      0      0   1512   1410   1659      4      0 
    0     89     41     43     99      0      0      0      0      0   1512   1410   1479      4      0 
    1    234     65     69     97     24      0      0      0      0   1512   1410   1659      4      0 
    0     90     41     43     99      0      0      0      0      0   1512   1410   1479      4      0 
    1    235     66     69     97     24      0      0      0      0   1512   1410   1659      4      0 
    0     89     41     43     99      0      0      0      0      0   1512   1410   1479      4      0 
    1    234     65     69     97     24      0      0      0      0   1512   1410   1659      4      0 
    0     89     41     43     99      0      0      0      0      0   1512   1410   1479      4      0 
    1    233     65     69     97     24      0      0      0      0   1512   1410   1659      4      0 
    0     89     41     43     99      0      0      0      0      0   1512   1410   1479      4      0 
    1    233     65     67     97     24      0      0      0      0   1512   1410   1659      4      0 
    0     89     41     43     99      0      0      0      0      0   1512   1410   1479      4      0 
    1    228     64     67     97     24      0      0      0      0   1512   1410   1659      4      0 
    0     89     41     43     99      0      0      0      0      0   1512   1410   1479      4      0 
    1    227     64     67     97     24      0      0      0      0   1512   1410   1659      4      0 
    0     91     41     43     99      0      0      0      0      0   1512   1410   1479      4      0 
    1    234     65     69     97     24      0      0      0      0   1512   1410   1659      4      0 
    0     89     41     43     99      0      0      0      0      0   1512   1410   1479      4      0 
    1    236     65     69     97     24      0      0      0      0   1512   1410   1659      4      0 
    0     89     41     43     99      0      0      0      0      0   1512   1410   1479      4      0 
    1    231     65     69     97     24      0      0      0      0   1512   1410   1659      4      0 
    0     89     41     43     99      0      0      0      0      0   1512   1410   1479      4      0 
    1    233     65     67     97     24      0      0      0      0   1512   1410   1659      4      0 
    0     90     41     43     99      0      0      0      0      0   1512   1410   1479      4      0 
    1    229     65     67     97     24      0      0      0      0   1512   1410   1659      4      0 
# gpu    pwr  gtemp  mtemp     sm    mem    enc    dec    jpg    ofa   mclk   pclk     fb   bar1   ccpm 
# Idx      W      C      C      %      %      %      %      %      %    MHz    MHz     MB     MB     MB 
    0     89     41     43     99      0      0      0      0      0   1512   1410   1479      4      0 
    1    227     64     67     97     24      0      0      0      0   1512   1410   1659      4      0 
    0     89     41     43     99      0      0      0      0      0   1512   1410   1479      4      0 
    1    226     65     69     97     24      0      0      0      0   1512   1410   1659      4      0 
    0     89     41     43     99      0      0      0      0      0   1512   1410   1479      4      0 
    1    230     65     69     97     24      0      0      0      0   1512   1410   1659      4      0 
    0     89     41     43     99      0      0      0      0      0   1512   1410   1479      4      0 
    1    229     65     69     97     24      0      0      0      0   1512   1410   1659      4      0 
    0     89     41     43     99      0      0      0      0      0   1512   1410   1479      4      0 
    1    229     65     67     97     24      0      0      0      0   1512   1410   1659      4      0 
    0     90     41     43     99      0      0      0      0      0   1512   1410   1479      4      0 
    1    231     65     67     97     24      0      0      0      0   1512   1410   1659      4      0 
    0     89     41     43     99      0      0      0      0      0   1512   1410   1479      4      0 
    1    232     64     67     97     24      0      0      0      0   1512   1410   1659      4      0 
    0     89     41     43     99      0      0      0      0      0   1512   1410   1479      4      0 
    1    232     65     67     97     24      0      0      0      0   1512   1410   1659      4      0 
    0     89     41     43     99      0      0      0      0      0   1512   1410   1479      4      0 
    1    234     65     69     97     24      0      0      0      0   1512   1410   1659      4      0 
    0     89     41     43     99      0      0      0      0      0   1512   1410   1479      4      0 
    1    235     65     69     97     24      0      0      0      0   1512   1410   1659      4      0 
    0     89     41     43     99      0      0      0      0      0   1512   1410   1479      4      0 
    1    231     65     69     97     24      0      0      0      0   1512   1410   1659      4      0 
    0     90     41     43     99      0      0      0      0      0   1512   1410   1479      4      0 
    1    232     65     67     97     24      0      0      0      0   1512   1410   1659      4      0 
    0     89     41     43     99      0      0      0      0      0   1512   1410   1479      4      0 
    1    233     64     67     97     24      0      0      0      0   1512   1410   1659      4      0 
    0     90     41     43     99      0      0      0      0      0   1512   1410   1479      4      0 
    1    230     65     67     97     24      0      0      0      0   1512   1410   1659      4      0 
    0     89     41     43     99      0      0      0      0      0   1512   1410   1479      4      0 
    1    231     66     69     97     24      0      0      0      0   1512   1410   1659      4      0 
    0     89     41     43     99      0      0      0      0      0   1512   1410   1479      4      0 
    1    231     65     69     97     24      0      0      0      0   1512   1410   1659      4      0 
    0     89     41     43     99      0      0      0      0      0   1512   1410   1479      4      0 
    1    232     65     69     97     24      0      0      0      0   1512   1410   1659      4      0 
    0     89     41     43     99      0      0      0      0      0   1512   1410   1479      4      0 
    1    233     65     67     97     24      0      0      0      0   1512   1410   1659      4      0 
    0     89     41     43     99      0      0      0      0      0   1512   1410   1479      4      0 
    1    231     64     67     97     24      0      0      0      0   1512   1410   1659      4      0 
    0     89     41     43     99      0      0      0      0      0   1512   1410   1479      4      0 
    1    232     65     67     97     24      0      0      0      0   1512   1410   1659      4      0 
    0     90     41     43     99      0      0      0      0      0   1512   1410   1479      4      0 
    1    234     66     69     97     24      0      0      0      0   1512   1410   1659      4      0 
    0     89     41     43     99      0      0      0      0      0   1512   1410   1479      4      0 
    1    233     65     69     97     24      0      0      0      0   1512   1410   1659      4      0 
# gpu    pwr  gtemp  mtemp     sm    mem    enc    dec    jpg    ofa   mclk   pclk     fb   bar1   ccpm 
# Idx      W      C      C      %      %      %      %      %      %    MHz    MHz     MB     MB     MB 
    0     89     41     43     99      0      0      0      0      0   1512   1410   1479      4      0 
    1    230     65     67     97     24      0      0      0      0   1512   1410   1659      4      0 
    0     89     41     43     99      0      0      0      0      0   1512   1410   1479      4      0 
    1    232     65     67     97     24      0      0      0      0   1512   1410   1659      4      0 
    0     90     41     43     99      0      0      0      0      0   1512   1410   1479      4      0 
    1    231     64     67     97     24      0      0      0      0   1512   1410   1659      4      0 
    0     89     41     43     99      0      0      0      0      0   1512   1410   1479      4      0 
    1    231     65     69     97     24      0      0      0      0   1512   1410   1659      4      0 
    0     89     41     43     99      0      0      0      0      0   1512   1410   1479      4      0 
    1    235     65     69     96     24      0      0      0      0   1512   1410   1659      4      0 
    0     89     41     43     99      0      0      0      0      0   1512   1410   1479      4      0 
    1    231     65     69     97     24      0      0      0      0   1512   1410   1659      4      0 
    0     89     41     43     99      0      0      0      0      0   1512   1410   1479      4      0 
    1    234     65     67     97     24      0      0      0      0   1512   1410   1659      4      0 
    0     90     41     43     99      0      0      0      0      0   1512   1410   1479      4      0 
    1    228     65     67     97     24      0      0      0      0   1512   1410   1659      4      0 
    0     89     41     43     99      0      0      0      0      0   1512   1410   1479      4      0 
    1    228     64     67     97     24      0      0      0      0   1512   1410   1659      4      0 
    0     90     41     43     99      0      0      0      0      0   1512   1410   1479      4      0 
    1    229     65     69     96     24      0      0      0      0   1512   1410   1659      4      0 
    0     89     41     43     99      0      0      0      0      0   1512   1410   1479      4      0 
    1    232     65     69     97     24      0      0      0      0   1512   1410   1659      4      0 
    0     89     41     43     99      0      0      0      0      0   1512   1410   1479      4      0 
    1    233     65     69     97     24      0      0      0      0   1512   1410   1659      4      0 
    0     89     41     43     99      0      0      0      0      0   1512   1410   1479      4      0 
    1    232     65     67     97     24      0      0      0      0   1512   1410   1659      4      0 
    0     89     41     43     99      0      0      0      0      0   1512   1410   1479      4      0 
    1    232     65     67     97     24      0      0      0      0   1512   1410   1659      4      0 
    0     89     41     43     99      0      0      0      0      0   1512   1410   1479      4      0 
    1    228     64     67     97     24      0      0      0      0   1512   1410   1659      4      0 
    0     89     41     43     99      0      0      0      0      0   1512   1410   1479      4      0 
    1    234     65     69     97     24      0      0      0      0   1512   1410   1659      4      0 
    0     89     41     43     99      0      0      0      0      0   1512   1410   1479      4      0 
    1    233     65     69     97     24      0      0      0      0   1512   1410   1659      4      0 
    0     88     41     43     99      0      0      0      0      0   1512   1410   1479      4      0 
    1    230     65     69     96     24      0      0      0      0   1512   1410   1659      4      0 
    0     89     41     43     99      0      0      0      0      0   1512   1410   1479      4      0 
    1    231     65     69     97     24      0      0      0      0   1512   1410   1659      4      0 
    0     89     41     43     99      0      0      0      0      0   1512   1410   1479      4      0 
    1    232     65     67     97     24      0      0      0      0   1512   1410   1659      4      0 
    0     89     41     43     99      0      0      0      0      0   1512   1410   1479      4      0 
    1    230     64     67     97     24      0      0      0      0   1512   1410   1659      4      0 
    0     89     41     43     99      0      0      0      0      0   1512   1410   1479      4      0 
    1    229     65     69     97     24      0      0      0      0   1512   1410   1659      4      0 
# gpu    pwr  gtemp  mtemp     sm    mem    enc    dec    jpg    ofa   mclk   pclk     fb   bar1   ccpm 
# Idx      W      C      C      %      %      %      %      %      %    MHz    MHz     MB     MB     MB 
    0     89     41     43     99      0      0      0      0      0   1512   1410   1479      4      0 
    1    233     66     69     97     24      0      0      0      0   1512   1410   1659      4      0 
    0     89     41     43     99      0      0      0      0      0   1512   1410   1479      4      0 
    1    235     65     69     97     24      0      0      0      0   1512   1410   1659      4      0 
    0     89     41     43     99      0      0      0      0      0   1512   1410   1479      4      0 
    1    228     65     67     97     24      0      0      0      0   1512   1410   1659      4      0 
    0     89     41     43     99      0      0      0      0      0   1512   1410   1479      4      0 
    1    227     65     67     96     24      0      0      0      0   1512   1410   1659      4      0 
    0     90     41     43     99      0      0      0      0      0   1512   1410   1479      4      0 
    1    229     64     67     97     24      0      0      0      0   1512   1410   1659      4      0 
    0     90     41     43     99      0      0      0      0      0   1512   1410   1479      4      0 
    1    229     65     67     97     24      0      0      0      0   1512   1410   1659      4      0 
    0     89     41     43     99      0      0      0      0      0   1512   1410   1479      4      0 
    1    231     65     69     97     24      0      0      0      0   1512   1410   1659      4      0 
    0     89     41     43     99      0      0      0      0      0   1512   1410   1479      4      0 
    1    234     65     69     97     24      0      0      0      0   1512   1410   1659      4      0 
    0     89     41     43     99      0      0      0      0      0   1512   1410   1479      4      0 
    1    232     65     67     96     24      0      0      0      0   1512   1410   1659      4      0 
    0     90     41     43     99      0      0      0      0      0   1512   1410   1479      4      0 
    1    228     65     67     97     24      0      0      0      0   1512   1410   1659      4      0 
    0     89     41     43     99      0      0      0      0      0   1512   1410   1479      4      0 
    1    230     65     67     97     24      0      0      0      0   1512   1410   1659      4      0 
    0     90     41     43     99      0      0      0      0      0   1512   1410   1479      4      0 
    1    232     65     69     97     24      0      0      0      0   1512   1410   1659      4      0 
    0     89     41     43     99      0      0      0      0      0   1512   1410   1479      4      0 
    1    233     65     69     97     24      0      0      0      0   1512   1410   1659      4      0 
    0     89     41     43     99      0      0      0      0      0   1512   1410   1479      4      0 
    1    231     65     69     97     24      0      0      0      0   1512   1410   1659      4      0 
    0     89     41     43     99      0      0      0      0      0   1512   1410   1479      4      0 
    1    231     65     67     97     24      0      0      0      0   1512   1410   1659      4      0 
    0     89     41     43     99      0      0      0      0      0   1512   1410   1479      4      0 
    1    231     65     67     97     24      0      0      0      0   1512   1410   1659      4      0 
    0     89     41     43     99      0      0      0      0      0   1512   1410   1479      4      0 
    1    233     64     67     97     24      0      0      0      0   1512   1410   1659      4      0 
    0     89     41     43     99      0      0      0      0      0   1512   1410   1479      4      0 
    1    232     65     69     97     24      0      0      0      0   1512   1410   1659      4      0 
    0     89     41     43     99      0      0      0      0      0   1512   1410   1479      4      0 
    1    232     65     69     97     24      0      0      0      0   1512   1410   1659      4      0 
    0     89     41     43     99      0      0      0      0      0   1512   1410   1479      4      0 
    1    233     65     69     97     24      0      0      0      0   1512   1410   1659      4      0 
    0     89     41     43     99      0      0      0      0      0   1512   1410   1479      4      0 
    1    232     65     67     97     24      0      0      0      0   1512   1410   1659      4      0 
    0     90     41     43     99      0      0      0      0      0   1512   1410   1479      4      0 
    1    228     65     67     97     24      0      0      0      0   1512   1410   1659      4      0 
# gpu    pwr  gtemp  mtemp     sm    mem    enc    dec    jpg    ofa   mclk   pclk     fb   bar1   ccpm 
# Idx      W      C      C      %      %      %      %      %      %    MHz    MHz     MB     MB     MB 
    0     89     41     43     99      0      0      0      0      0   1512   1410   1479      4      0 
    1    231     65     67     97     24      0      0      0      0   1512   1410   1659      4      0 
    0     90     41     43     99      0      0      0      0      0   1512   1410   1479      4      0 
    1    233     66     69     97     24      0      0      0      0   1512   1410   1659      4      0 
    0     90     41     43     99      0      0      0      0      0   1512   1410   1479      4      0 
    1    233     65     69     97     24      0      0      0      0   1512   1410   1659      4      0 
    0     89     41     43     99      0      0      0      0      0   1512   1410   1479      4      0 
    1    231     65     69     97     24      0      0      0      0   1512   1410   1659      4      0 
    0     89     41     43     99      0      0      0      0      0   1512   1410   1479      4      0 
    1    231     65     67     97     24      0      0      0      0   1512   1410   1659      4      0 
    0     89     41     43     99      0      0      0      0      0   1512   1410   1479      4      0 
    1    232     65     67     97     24      0      0      0      0   1512   1410   1659      4      0 
    0     90     41     43     99      0      0      0      0      0   1512   1410   1479      4      0 
    1    229     65     67     97     24      0      0      0      0   1512   1410   1659      4      0 
    0     90     41     43     99      0      0      0      0      0   1512   1410   1479      4      0 
    1    229     66     69     97     24      0      0      0      0   1512   1410   1659      4      0 
    0     90     41     43     99      0      0      0      0      0   1512   1410   1479      4      0 
    1    230     65     69     97     24      0      0      0      0   1512   1410   1659      4      0 
    0     89     41     43     99      0      0      0      0      0   1512   1410   1479      4      0 
    1    230     65     69     97     24      0      0      0      0   1512   1410   1659      4      0 
    0     89     41     43     99      0      0      0      0      0   1512   1410   1479      4      0 
    1    230     65     67     97     24      0      0      0      0   1512   1410   1659      4      0 
    0     90     41     43     99      0      0      0      0      0   1512   1410   1479      4      0 
    1    234     65     67     97     24      0      0      0      0   1512   1410   1659      4      0 
    0     90     41     43     99      0      0      0      0      0   1512   1410   1479      4      0 
    1    228     64     67     97     24      0      0      0      0   1512   1410   1659      4      0 
    0     90     41     43     99      0      0      0      0      0   1512   1410   1479      4      0 
    1    230     65     69     97     24      0      0      0      0   1512   1410   1659      4      0 
    0     90     41     43     99      0      0      0      0      0   1512   1410   1479      4      0 
    1    235     65     69     97     24      0      0      0      0   1512   1410   1659      4      0 
    0     89     41     43     99      0      0      0      0      0   1512   1410   1479      4      0 
    1    233     65     69     97     24      0      0      0      0   1512   1410   1659      4      0 
    0     90     41     43     99      0      0      0      0      0   1512   1410   1479      4      0 
    1    230     65     67     97     24      0      0      0      0   1512   1410   1659      4      0 
    0     89     41     43     99      0      0      0      0      0   1512   1410   1479      4      0 
    1    231     65     67     97     24      0      0      0      0   1512   1410   1659      4      0 
    0     89     41     43     99      0      0      0      0      0   1512   1410   1479      4      0 
    1    227     64     67     97     24      0      0      0      0   1512   1410   1659      4      0 
    0     89     41     43     99      0      0      0      0      0   1512   1410   1479      4      0 
    1    234     65     69     97     24      0      0      0      0   1512   1410   1659      4      0 
    0     89     41     43     99      0      0      0      0      0   1512   1410   1479      4      0 
    1    231     65     69     97     24      0      0      0      0   1512   1410   1659      4      0 
    0     90     41     43     99      0      0      0      0      0   1512   1410   1479      4      0 
    1    236     65     69     97     24      0      0      0      0   1512   1410   1659      4      0 
# gpu    pwr  gtemp  mtemp     sm    mem    enc    dec    jpg    ofa   mclk   pclk     fb   bar1   ccpm 
# Idx      W      C      C      %      %      %      %      %      %    MHz    MHz     MB     MB     MB 
    0     90     41     43     99      0      0      0      0      0   1512   1410   1479      4      0 
    1    230     65     67     97     24      0      0      0      0   1512   1410   1659      4      0 
    0     90     41     43     99      0      0      0      0      0   1512   1410   1479      4      0 
    1    229     65     67     97     24      0      0      0      0   1512   1410   1659      4      0 
    0     90     41     43     99      0      0      0      0      0   1512   1410   1479      4      0 
    1    234     64     67     97     24      0      0      0      0   1512   1410   1659      4      0 
    0     90     41     43     99      0      0      0      0      0   1512   1410   1479      4      0 
    1    229     65     67     97     24      0      0      0      0   1512   1410   1659      4      0 
    0     90     41     43     99      0      0      0      0      0   1512   1410   1479      4      0 
    1    228     65     69     97     24      0      0      0      0   1512   1410   1659      4      0 
    0     89     41     43     99      0      0      0      0      0   1512   1410   1479      4      0 
    1    231     65     69     97     24      0      0      0      0   1512   1410   1659      4      0 
    0     89     41     43     99      0      0      0      0      0   1512   1410   1479      4      0 
    1    234     65     67     97     24      0      0      0      0   1512   1410   1659      4      0 
    0     90     41     43     99      0      0      0      0      0   1512   1410   1479      4      0 
    1    230     65     67     97     24      0      0      0      0   1512   1410   1659      4      0 
    0     89     41     43     99      0      0      0      0      0   1512   1410   1479      4      0 
    1    233     64     67     97     24      0      0      0      0   1512   1410   1659      4      0 
    0     90     41     43     99      0      0      0      0      0   1512   1410   1479      4      0 
    1    235     65     69     97     24      0      0      0      0   1512   1410   1659      4      0 
    0     89     41     43     99      0      0      0      0      0   1512   1410   1479      4      0 
    1    235     65     69     97     24      0      0      0      0   1512   1410   1659      4      0 
    0     90     41     43     99      0      0      0      0      0   1512   1410   1479      4      0 
    1    232     65     69     97     24      0      0      0      0   1512   1410   1659      4      0 
    0     89     41     43     99      0      0      0      0      0   1512   1410   1479      4      0 
    1    231     65     67     97     24      0      0      0      0   1512   1410   1659      4      0 
    0     89     41     43     99      0      0      0      0      0   1512   1410   1479      4      0 
    1    229     65     67     97     24      0      0      0      0   1512   1410   1659      4      0 
    0     90     41     43     99      0      0      0      0      0   1512   1410   1479      4      0 
    1    232     64     67     97     24      0      0      0      0   1512   1410   1659      4      0 
    0     90     41     43     99      0      0      0      0      0   1512   1410   1479      4      0 
    1    229     65     69     97     24      0      0      0      0   1512   1410   1659      4      0 
    0     90     41     43     99      0      0      0      0      0   1512   1410   1479      4      0 
    1    230     65     69     96     24      0      0      0      0   1512   1410   1659      4      0 
    0     91     41     43     99      0      0      0      0      0   1512   1410   1479      4      0 
    1    233     65     69     97     24      0      0      0      0   1512   1410   1659      4      0 
    0     90     41     43     99      0      0      0      0      0   1512   1410   1479      4      0 
    1    230     65     67     97     24      0      0      0      0   1512   1410   1659      4      0 
    0     89     41     43     99      0      0      0      0      0   1512   1410   1479      4      0 
    1    234     65     67     97     24      0      0      0      0   1512   1410   1659      4      0 
    0     89     41     43     99      0      0      0      0      0   1512   1410   1479      4      0 
    1    229     64     67     97     24      0      0      0      0   1512   1410   1659      4      0 
    0     90     41     43     99      0      0      0      0      0   1512   1410   1479      4      0 
    1    227     65     69     97     24      0      0      0      0   1512   1410   1659      4      0 
# gpu    pwr  gtemp  mtemp     sm    mem    enc    dec    jpg    ofa   mclk   pclk     fb   bar1   ccpm 
# Idx      W      C      C      %      %      %      %      %      %    MHz    MHz     MB     MB     MB 
    0     90     41     45     99      0      0      0      0      0   1512   1410   1479      4      0 
    1    230     66     69     97     24      0      0      0      0   1512   1410   1659      4      0 
    0     90     41     43     99      0      0      0      0      0   1512   1410   1479      4      0 
    1    232     65     69     97     24      0      0      0      0   1512   1410   1659      4      0 
    0     89     41     43     99      0      0      0      0      0   1512   1410   1479      4      0 
    1    232     65     69     97     24      0      0      0      0   1512   1410   1659      4      0 
    0     89     41     43     99      0      0      0      0      0   1512   1410   1479      4      0 
    1    232     65     67     97     24      0      0      0      0   1512   1410   1659      4      0 
    0     89     41     43     99      0      0      0      0      0   1512   1410   1479      4      0 
    1    231     64     67     97     24      0      0      0      0   1512   1410   1659      4      0 
    0     90     41     43     99      0      0      0      0      0   1512   1410   1479      4      0 
    1    228     65     67     97     24      0      0      0      0   1512   1410   1659      4      0 
    0     89     41     43     99      0      0      0      0      0   1512   1410   1479      4      0 
    1    231     66     69     97     24      0      0      0      0   1512   1410   1659      4      0 
    0     89     41     43     99      0      0      0      0      0   1512   1410   1479      4      0 
    1    234     65     69     96     24      0      0      0      0   1512   1410   1659      4      0 
    0     89     41     43     99      0      0      0      0      0   1512   1410   1479      4      0 
    1    231     65     69     97     24      0      0      0      0   1512   1410   1659      4      0 
    0     90     41     43     99      0      0      0      0      0   1512   1410   1479      4      0 
    1    230     65     67     97     24      0      0      0      0   1512   1410   1659      4      0 
    0     89     41     43     99      0      0      0      0      0   1512   1410   1479      4      0 
    1    230     65     67     97     24      0      0      0      0   1512   1410   1659      4      0 
    0     89     41     43     99      0      0      0      0      0   1512   1410   1479      4      0 
    1    227     64     67     97     24      0      0      0      0   1512   1410   1659      4      0 
    0     89     41     43     99      0      0      0      0      0   1512   1410   1479      4      0 
    1    234     65     69     97     24      0      0      0      0   1512   1410   1659      4      0 
    0     90     41     43     99      0      0      0      0      0   1512   1410   1479      4      0 
    1    232     65     69     97     24      0      0      0      0   1512   1410   1659      4      0 
    0     89     41     43     99      0      0      0      0      0   1512   1410   1479      4      0 
    1    229     65     69     97     24      0      0      0      0   1512   1410   1659      4      0 
    0     90     41     43     99      0      0      0      0      0   1512   1410   1479      4      0 
    1    229     65     67     97     24      0      0      0      0   1512   1410   1659      4      0 
    0     90     41     43     99      0      0      0      0      0   1512   1410   1479      4      0 
    1    228     65     67     97     24      0      0      0      0   1512   1410   1659      4      0 
    0     90     41     43     99      0      0      0      0      0   1512   1410   1479      4      0 
    1    229     64     67     97     24      0      0      0      0   1512   1410   1659      4      0 
    0     90     41     43     99      0      0      0      0      0   1512   1410   1479      4      0 
    1    229     65     69     97     24      0      0      0      0   1512   1410   1659      4      0 
    0     90     41     43     99      0      0      0      0      0   1512   1410   1479      4      0 
    1    233     65     69     97     24      0      0      0      0   1512   1410   1659      4      0 
    0     90     41     43     99      0      0      0      0      0   1512   1410   1479      4      0 
    1    231     65     69     97     24      0      0      0      0   1512   1410   1659      4      0 
    0     90     41     43     99      0      0      0      0      0   1512   1410   1479      4      0 
    1    234     65     67     97     24      0      0      0      0   1512   1410   1659      4      0 
# gpu    pwr  gtemp  mtemp     sm    mem    enc    dec    jpg    ofa   mclk   pclk     fb   bar1   ccpm 
# Idx      W      C      C      %      %      %      %      %      %    MHz    MHz     MB     MB     MB 
    0     90     41     43     99      0      0      0      0      0   1512   1410   1479      4      0 
    1    235     65     67     97     24      0      0      0      0   1512   1410   1659      4      0 
    0     89     41     43     99      0      0      0      0      0   1512   1410   1479      4      0 
    1    231     65     67     97     24      0      0      0      0   1512   1410   1659      4      0 
    0     90     41     43     99      0      0      0      0      0   1512   1410   1479      4      0 
    1    230     65     69     97     24      0      0      0      0   1512   1410   1659      4      0 
    0     90     41     43     99      0      0      0      0      0   1512   1410   1479      4      0 
    1    232     65     69     97     24      0      0      0      0   1512   1410   1659      4      0 
    0     89     41     43     99      0      0      0      0      0   1512   1410   1479      4      0 
    1    231     65     69     97     24      0      0      0      0   1512   1410   1659      4      0 
    0     89     41     43     99      0      0      0      0      0   1512   1410   1479      4      0 
    1    234     65     67     97     24      0      0      0      0   1512   1410   1659      4      0 
    0     89     41     43     99      0      0      0      0      0   1512   1410   1479      4      0 
    1    233     65     67     97     24      0      0      0      0   1512   1410   1659      4      0 
    0     90     41     43     99      0      0      0      0      0   1512   1410   1479      4      0 
    1    234     65     67     97     24      0      0      0      0   1512   1410   1659      4      0 
    0     90     41     43     99      0      0      0      0      0   1512   1410   1479      4      0 
    1    230     66     69     97     24      0      0      0      0   1512   1410   1659      4      0 
    0     90     41     43     99      0      0      0      0      0   1512   1410   1479      4      0 
    1    233     65     69     97     24      0      0      0      0   1512   1410   1659      4      0 
    0     90     41     43     99      0      0      0      0      0   1512   1410   1479      4      0 
    1    228     65     69     97     24      0      0      0      0   1512   1410   1659      4      0 
    0     89     41     43     99      0      0      0      0      0   1512   1410   1479      4      0 
    1    235     65     67     97     24      0      0      0      0   1512   1410   1659      4      0 
    0     89     41     43     99      0      0      0      0      0   1512   1410   1479      4      0 
    1    229     64     67     97     24      0      0      0      0   1512   1410   1659      4      0 
    0     90     41     43     99      0      0      0      0      0   1512   1410   1479      4      0 
    1    227     65     67     97     24      0      0      0      0   1512   1410   1659      4      0 
    0     89     41     43     99      0      0      0      0      0   1512   1410   1479      4      0 
    1    233     65     69     97     24      0      0      0      0   1512   1410   1659      4      0 
    0     89     41     43     99      0      0      0      0      0   1512   1410   1479      4      0 
    1    230     65     69     97     24      0      0      0      0   1512   1410   1659      4      0 
    0     90     41     43     99      0      0      0      0      0   1512   1410   1479      4      0 
    1    235     65     67     97     24      0      0      0      0   1512   1410   1659      4      0 
    0     91     41     43     99      0      0      0      0      0   1512   1410   1479      4      0 
    1    230     65     67     97     24      0      0      0      0   1512   1410   1659      4      0 
    0     90     41     43     99      0      0      0      0      0   1512   1410   1479      4      0 
    1    230     64     67     97     24      0      0      0      0   1512   1410   1659      4      0 
    0     89     41     43     99      0      0      0      0      0   1512   1410   1479      4      0 
    1    231     65     67     97     24      0      0      0      0   1512   1410   1659      4      0 
    0     90     41     43     99      0      0      0      0      0   1512   1410   1479      4      0 
    1    233     66     69     97     24      0      0      0      0   1512   1410   1659      4      0 
    0     90     41     43     99      0      0      0      0      0   1512   1410   1479      4      0 
    1    233     65     69     97     24      0      0      0      0   1512   1410   1659      4      0 
# gpu    pwr  gtemp  mtemp     sm    mem    enc    dec    jpg    ofa   mclk   pclk     fb   bar1   ccpm 
# Idx      W      C      C      %      %      %      %      %      %    MHz    MHz     MB     MB     MB 
    0     89     41     43     99      0      0      0      0      0   1512   1410   1479      4      0 
    1    230     65     67     97     24      0      0      0      0   1512   1410   1659      4      0 
    0     90     41     43     99      0      0      0      0      0   1512   1410   1479      4      0 
    1    229     65     67     97     24      0      0      0      0   1512   1410   1659      4      0 
    0     89     41     43     99      0      0      0      0      0   1512   1410   1479      4      0 
    1    233     64     67     97     24      0      0      0      0   1512   1410   1659      4      0 
    0     90     41     43     99      0      0      0      0      0   1512   1410   1479      4      0 
    1    233     65     69     97     24      0      0      0      0   1512   1410   1659      4      0 
    0     89     41     43     99      0      0      0      0      0   1512   1410   1479      4      0 
    1    236     66     69     97     24      0      0      0      0   1512   1410   1659      4      0 
    0     89     41     43     99      0      0      0      0      0   1512   1410   1479      4      0 
    1    235     65     69     97     24      0      0      0      0   1512   1410   1659      4      0 
    0     89     41     43     99      0      0      0      0      0   1512   1410   1479      4      0 
    1    234     65     69     97     24      0      0      0      0   1512   1410   1659      4      0 
    0     90     41     43     99      0      0      0      0      0   1512   1410   1479      4      0 
    1    232     65     67     97     24      0      0      0      0   1512   1410   1659      4      0 
    0     89     41     43     99      0      0      0      0      0   1512   1410   1479      4      0 
    1    229     64     67     97     24      0      0      0      0   1512   1410   1659      4      0 
    0     89     41     43     99      0      0      0      0      0   1512   1410   1479      4      0 
    1    231     65     67     97     24      0      0      0      0   1512   1410   1659      4      0 
    0     89     41     43     99      0      0      0      0      0   1512   1410   1479      4      0 
    1    231     66     69     96     24      0      0      0      0   1512   1410   1659      4      0 
    0     90     41     43     99      0      0      0      0      0   1512   1410   1479      4      0 
    1    233     65     69     97     24      0      0      0      0   1512   1410   1659      4      0 
    0     89     41     43     99      0      0      0      0      0   1512   1410   1479      4      0 
    1    234     65     69     97     24      0      0      0      0   1512   1410   1659      4      0 
    0     90     41     43     99      0      0      0      0      0   1512   1410   1479      4      0 
    1    228     65     67     97     24      0      0      0      0   1512   1410   1659      4      0 
    0     89     41     43     99      0      0      0      0      0   1512   1410   1479      4      0 
    1    231     64     67     97     24      0      0      0      0   1512   1410   1659      4      0 
    0     90     41     43     99      0      0      0      0      0   1512   1410   1479      4      0 
    1    230     65     67     97     24      0      0      0      0   1512   1410   1659      4      0 
    0     90     41     43     99      0      0      0      0      0   1512   1410   1479      4      0 
    1    230     66     69     97     24      0      0      0      0   1512   1410   1659      4      0 
    0     91     41     43     99      0      0      0      0      0   1512   1410   1479      4      0 
    1    233     65     69     97     24      0      0      0      0   1512   1410   1659      4      0 
    0     90     41     43     99      0      0      0      0      0   1512   1410   1479      4      0 
    1    234     65     67     97     24      0      0      0      0   1512   1410   1659      4      0 
    0     90     41     43     99      0      0      0      0      0   1512   1410   1479      4      0 
    1    227     65     67     97     24      0      0      0      0   1512   1410   1659      4      0 
    0     90     41     43     99      0      0      0      0      0   1512   1410   1479      4      0 
    1    227     64     67     97     24      0      0      0      0   1512   1410   1659      4      0 
    0     89     41     43     99      0      0      0      0      0   1512   1410   1479      4      0 
    1    230     65     67     97     24      0      0      0      0   1512   1410   1659      4      0 
# gpu    pwr  gtemp  mtemp     sm    mem    enc    dec    jpg    ofa   mclk   pclk     fb   bar1   ccpm 
# Idx      W      C      C      %      %      %      %      %      %    MHz    MHz     MB     MB     MB 
    0     89     41     43     99      0      0      0      0      0   1512   1410   1479      4      0 
    1    231     65     69     97     24      0      0      0      0   1512   1410   1659      4      0 
    0     90     41     43     99      0      0      0      0      0   1512   1410   1479      4      0 
    1    230     65     69     97     24      0      0      0      0   1512   1410   1659      4      0 
    0     89     41     43     99      0      0      0      0      0   1512   1410   1479      4      0 
    1    233     65     67     97     24      0      0      0      0   1512   1410   1659      4      0 
    0     89     41     43     99      0      0      0      0      0   1512   1410   1479      4      0 
    1    232     65     67     97     24      0      0      0      0   1512   1410   1659      4      0 
    0     89     41     43     99      0      0      0      0      0   1512   1410   1479      4      0 
    1    232     64     67     97     24      0      0      0      0   1512   1410   1659      4      0 
    0     90     41     43     99      0      0      0      0      0   1512   1410   1479      4      0 
    1    229     65     69     97     24      0      0      0      0   1512   1410   1659      4      0 
    0     89     41     43     99      0      0      0      0      0   1512   1410   1479      4      0 
    1    234     66     69     97     24      0      0      0      0   1512   1410   1659      4      0 
    0     89     41     43     99      0      0      0      0      0   1512   1410   1479      4      0 
    1    230     65     69     97     24      0      0      0      0   1512   1410   1659      4      0 
    0     90     41     43     99      0      0      0      0      0   1512   1410   1479      4      0 
    1    231     65     67     97     24      0      0      0      0   1512   1410   1659      4      0 
    0     89     41     43     99      0      0      0      0      0   1512   1410   1479      4      0 
    1    233     65     67     97     24      0      0      0      0   1512   1410   1659      4      0 
    0     89     41     43     99      0      0      0      0      0   1512   1410   1479      4      0 
    1    229     64     67     97     24      0      0      0      0   1512   1410   1659      4      0 
    0     90     41     43     99      0      0      0      0      0   1512   1410   1479      4      0 
    1    233     65     69     97     24      0      0      0      0   1512   1410   1659      4      0 
    0     89     41     43     99      0      0      0      0      0   1512   1410   1479      4      0 
    1    232     65     69     97     24      0      0      0      0   1512   1410   1659      4      0 
    0     89     41     43     99      0      0      0      0      0   1512   1410   1479      4      0 
    1    228     65     69     97     24      0      0      0      0   1512   1410   1659      4      0 
    0     89     41     43     99      0      0      0      0      0   1512   1410   1479      4      0 
    1    230     65     67     97     24      0      0      0      0   1512   1410   1659      4      0 
    0     89     41     43     99      0      0      0      0      0   1512   1410   1479      4      0 
    1    229     65     67     97     24      0      0      0      0   1512   1410   1659      4      0 
    0     89     41     43     99      0      0      0      0      0   1512   1410   1479      4      0 
    1    228     64     67     97     24      0      0      0      0   1512   1410   1659      4      0 
    0     90     41     43     99      0      0      0      0      0   1512   1410   1479      4      0 
    1    233     65     67     97     24      0      0      0      0   1512   1410   1659      4      0 
    0     89     41     43     99      0      0      0      0      0   1512   1410   1479      4      0 
    1    229     66     69     97     24      0      0      0      0   1512   1410   1659      4      0 
    0     90     41     43     99      0      0      0      0      0   1512   1410   1479      4      0 
    1    230     65     69     97     24      0      0      0      0   1512   1410   1659      4      0 
    0     89     41     43     99      0      0      0      0      0   1512   1410   1479      4      0 
    1    228     65     69     97     24      0      0      0      0   1512   1410   1659      4      0 
    0     89     41     43     99      0      0      0      0      0   1512   1410   1479      4      0 
    1    230     65     67     97     24      0      0      0      0   1512   1410   1659      4      0 
# gpu    pwr  gtemp  mtemp     sm    mem    enc    dec    jpg    ofa   mclk   pclk     fb   bar1   ccpm 
# Idx      W      C      C      %      %      %      %      %      %    MHz    MHz     MB     MB     MB 
    0     89     41     43     99      0      0      0      0      0   1512   1410   1479      4      0 
    1    230     64     67     97     24      0      0      0      0   1512   1410   1659      4      0 
    0     89     41     43     99      0      0      0      0      0   1512   1410   1479      4      0 
    1    231     65     67     97     24      0      0      0      0   1512   1410   1659      4      0 
    0     89     41     43     99      0      0      0      0      0   1512   1410   1479      4      0 
    1    233     66     69     97     24      0      0      0      0   1512   1410   1659      4      0 
    0     89     41     43     99      0      0      0      0      0   1512   1410   1479      4      0 
    1    232     65     69     97     24      0      0      0      0   1512   1410   1659      4      0 
    0     89     41     43     99      0      0      0      0      0   1512   1410   1479      4      0 
    1    232     65     69     97     24      0      0      0      0   1512   1410   1659      4      0 
    0     89     41     43     99      0      0      0      0      0   1512   1410   1479      4      0 
    1    229     65     67     97     24      0      0      0      0   1512   1410   1659      4      0 
    0     89     41     43     99      0      0      0      0      0   1512   1410   1479      4      0 
    1    230     65     67     97     24      0      0      0      0   1512   1410   1659      4      0 
    0     89     41     43     99      0      0      0      0      0   1512   1410   1479      4      0 
    1    227     65     67     97     24      0      0      0      0   1512   1410   1659      4      0 
    0     89     41     43     99      0      0      0      0      0   1512   1410   1479      4      0 
    1    232     65     69     97     24      0      0      0      0   1512   1410   1659      4      0 
    0     90     41     43     99      0      0      0      0      0   1512   1410   1479      4      0 
    1    231     65     69     97     24      0      0      0      0   1512   1410   1659      4      0 
    0     89     41     43     99      0      0      0      0      0   1512   1410   1479      4      0 
    1    232     65     67     97     24      0      0      0      0   1512   1410   1659      4      0 
    0     89     41     43     99      0      0      0      0      0   1512   1410   1479      4      0 
    1    233     65     67     97     24      0      0      0      0   1512   1410   1659      4      0 
    0     89     41     43     99      0      0      0      0      0   1512   1410   1479      4      0 
    1    234     64     67     97     24      0      0      0      0   1512   1410   1659      4      0 
    0     90     41     43     99      0      0      0      0      0   1512   1410   1479      4      0 
    1    229     65     69     97     24      0      0      0      0   1512   1410   1659      4      0 
    0     89     41     43     99      0      0      0      0      0   1512   1410   1479      4      0 
    1    235     65     69     97     24      0      0      0      0   1512   1410   1659      4      0 
    0     89     41     43     99      0      0      0      0      0   1512   1410   1479      4      0 
    1    231     65     69     97     24      0      0      0      0   1512   1410   1659      4      0 
    0     89     41     43     99      0      0      0      0      0   1512   1410   1479      4      0 
    1    231     65     67     97     24      0      0      0      0   1512   1410   1659      4      0 
    0     89     41     43     99      0      0      0      0      0   1512   1410   1479      4      0 
    1    234     65     67     97     24      0      0      0      0   1512   1410   1659      4      0 
    0     90     41     43     99      0      0      0      0      0   1512   1410   1479      4      0 
    1    230     64     67     97     24      0      0      0      0   1512   1410   1659      4      0 
    0     90     41     43     99      0      0      0      0      0   1512   1410   1479      4      0 
    1    233     65     69     97     24      0      0      0      0   1512   1410   1659      4      0 
    0     89     41     43     99      0      0      0      0      0   1512   1410   1479      4      0 
    1    230     65     69     97     24      0      0      0      0   1512   1410   1659      4      0 
    0     89     41     43     99      0      0      0      0      0   1512   1410   1479      4      0 
    1    229     65     69     97     24      0      0      0      0   1512   1410   1659      4      0 
# gpu    pwr  gtemp  mtemp     sm    mem    enc    dec    jpg    ofa   mclk   pclk     fb   bar1   ccpm 
# Idx      W      C      C      %      %      %      %      %      %    MHz    MHz     MB     MB     MB 
    0     89     41     43     99      0      0      0      0      0   1512   1410   1479      4      0 
    1    229     65     67     97     24      0      0      0      0   1512   1410   1659      4      0 
    0     89     41     43     99      0      0      0      0      0   1512   1410   1479      4      0 
    1    230     65     67     97     24      0      0      0      0   1512   1410   1659      4      0 
    0     89     41     43     99      0      0      0      0      0   1512   1410   1479      4      0 
    1    233     64     67     97     24      0      0      0      0   1512   1410   1659      4      0 
    0     89     41     43     99      0      0      0      0      0   1512   1410   1479      4      0 
    1    234     65     69     97     24      0      0      0      0   1512   1410   1659      4      0 
    0     90     41     43     99      0      0      0      0      0   1512   1410   1479      4      0 
    1    230     65     69     97     24      0      0      0      0   1512   1410   1659      4      0 
    0     89     41     43     99      0      0      0      0      0   1512   1410   1479      4      0 
    1    232     65     69     97     24      0      0      0      0   1512   1410   1659      4      0 
    0     89     41     43     99      0      0      0      0      0   1512   1410   1479      4      0 
    1    233     65     67     97     24      0      0      0      0   1512   1410   1659      4      0 
    0     89     41     43     99      0      0      0      0      0   1512   1410   1479      4      0 
    1    233     65     67     97     24      0      0      0      0   1512   1410   1659      4      0 
    0     89     41     43     99      0      0      0      0      0   1512   1410   1479      4      0 
    1    231     65     67     97     24      0      0      0      0   1512   1410   1659      4      0 
    0     89     41     43     99      0      0      0      0      0   1512   1410   1479      4      0 
    1    231     66     69     96     24      0      0      0      0   1512   1410   1659      4      0 
    0     89     41     43     99      0      0      0      0      0   1512   1410   1479      4      0 
    1    234     65     69     97     24      0      0      0      0   1512   1410   1659      4      0 
    0     89     41     43     99      0      0      0      0      0   1512   1410   1479      4      0 
    1    229     65     69     97     24      0      0      0      0   1512   1410   1659      4      0 
    0     89     41     43     99      0      0      0      0      0   1512   1410   1479      4      0 
    1    229     65     67     97     24      0      0      0      0   1512   1410   1659      4      0 
    0     89     41     43     99      0      0      0      0      0   1512   1410   1479      4      0 
    1    231     65     67     97     24      0      0      0      0   1512   1410   1659      4      0 
    0     89     41     43     99      0      0      0      0      0   1512   1410   1479      4      0 
    1    233     65     67     97     24      0      0      0      0   1512   1410   1659      4      0 
    0     90     41     43    100      0      0      0      0      0   1512   1410   1671      4      0 
    1    232     66     69     97     24      0      0      0      0   1512   1410   1659      4      0 
    0     89     41     43     99      0      0      0      0      0   1512   1410   1671      4      0 
    1    236     65     69     97     24      0      0      0      0   1512   1410   1659      4      0 
    0     89     41     43     99      0      0      0      0      0   1512   1410   1671      4      0 
    1    233     65     69     97     24      0      0      0      0   1512   1410   1659      4      0 
    0     89     41     43    100      0      0      0      0      0   1512   1410   1671      4      0 
    1    231     65     67     97     24      0      0      0      0   1512   1410   1659      4      0 
    0     89     41     43    100      0      0      0      0      0   1512   1410   1671      4      0 
    1    230     65     67     97     24      0      0      0      0   1512   1410   1659      4      0 
    0     89     41     43    100      0      0      0      0      0   1512   1410   1671      4      0 
    1    231     64     67     97     24      0      0      0      0   1512   1410   1659      4      0 
    0     89     41     43    100      0      0      0      0      0   1512   1410   1671      4      0 
    1    233     65     69     97     24      0      0      0      0   1512   1410   1659      4      0 
# gpu    pwr  gtemp  mtemp     sm    mem    enc    dec    jpg    ofa   mclk   pclk     fb   bar1   ccpm 
# Idx      W      C      C      %      %      %      %      %      %    MHz    MHz     MB     MB     MB 
    0     89     41     43     99      0      0      0      0      0   1512   1410   1671      4      0 
    1    235     66     69     97     24      0      0      0      0   1512   1410   1659      4      0 
    0     89     41     43    100      0      0      0      0      0   1512   1410   1671      4      0 
    1    235     65     69     97     24      0      0      0      0   1512   1410   1659      4      0 
    0     89     41     43    100      0      0      0      0      0   1512   1410   1671      4      0 
    1    228     65     67     97     24      0      0      0      0   1512   1410   1659      4      0 
    0     89     41     43    100      0      0      0      0      0   1512   1410   1671      4      0 
    1    233     65     67     97     24      0      0      0      0   1512   1410   1659      4      0 
    0     89     41     43     99      0      0      0      0      0   1512   1410   1671      4      0 
    1    230     64     67     97     24      0      0      0      0   1512   1410   1659      4      0 
    0     89     41     43    100      0      0      0      0      0   1512   1410   1671      4      0 
    1    230     65     67     97     24      0      0      0      0   1512   1410   1659      4      0 
    0     89     41     43    100      0      0      0      0      0   1512   1410   1671      4      0 
    1    230     65     69     97     24      0      0      0      0   1512   1410   1659      4      0 
    0     89     41     43    100      0      0      0      0      0   1512   1410   1671      4      0 
    1    234     65     69     97     24      0      0      0      0   1512   1410   1659      4      0 
    0     90     41     43     99      0      0      0      0      0   1512   1410   1671      4      0 
    1    231     65     67     97     24      0      0      0      0   1512   1410   1659      4      0 
    0     89     41     43     99      0      0      0      0      0   1512   1410   1671      4      0 
    1    230     65     67     97     24      0      0      0      0   1512   1410   1659      4      0 
    0     89     41     43     99      0      0      0      0      0   1512   1410   1671      4      0 
    1    227     64     67     97     24      0      0      0      0   1512   1410   1659      4      0 
    0     89     41     43    100      0      0      0      0      0   1512   1410   1671      4      0 
    1    232     65     69     97     24      0      0      0      0   1512   1410   1659      4      0 
    0     89     41     43    100      0      0      0      0      0   1512   1410   1671      4      0 
    1    232     65     69     97     24      0      0      0      0   1512   1410   1659      4      0 
    0     89     41     43    100      0      0      0      0      0   1512   1410   1671      4      0 
    1    229     65     69     97     24      0      0      0      0   1512   1410   1659      4      0 
    0     90     41     43     99      0      0      0      0      0   1512   1410   1671      4      0 
    1    231     65     67     97     24      0      0      0      0   1512   1410   1659      4      0 
    0     89     41     43     99      0      0      0      0      0   1512   1410   1671      4      0 
    1    228     65     67     97     24      0      0      0      0   1512   1410   1659      4      0 
    0     89     41     43    100      0      0      0      0      0   1512   1410   1671      4      0 
    1    229     65     67     97     24      0      0      0      0   1512   1410   1659      4      0 
    0     90     41     43    100      0      0      0      0      0   1512   1410   1671      4      0 
    1    234     65     69     97     24      0      0      0      0   1512   1410   1659      4      0 
    0     89     41     43    100      0      0      0      0      0   1512   1410   1671      4      0 
    1    231     65     69     97     24      0      0      0      0   1512   1410   1659      4      0 
    0     89     41     43    100      0      0      0      0      0   1512   1410   1671      4      0 
    1    228     65     69     97     24      0      0      0      0   1512   1410   1659      4      0 
    0     89     41     43    100      0      0      0      0      0   1512   1410   1671      4      0 
    1    230     65     67     97     24      0      0      0      0   1512   1410   1659      4      0 
    0     89     41     43     99      0      0      0      0      0   1512   1410   1671      4      0 
    1    233     64     67     96     24      0      0      0      0   1512   1410   1659      4      0 
# gpu    pwr  gtemp  mtemp     sm    mem    enc    dec    jpg    ofa   mclk   pclk     fb   bar1   ccpm 
# Idx      W      C      C      %      %      %      %      %      %    MHz    MHz     MB     MB     MB 
    0     89     41     43    100      0      0      0      0      0   1512   1410   1671      4      0 
    1    230     64     67     97     24      0      0      0      0   1512   1410   1659      4      0 
    0     89     41     43    100      0      0      0      0      0   1512   1410   1671      4      0 
    1    234     65     69     97     24      0      0      0      0   1512   1410   1659      4      0 
    0     90     41     43    100      0      0      0      0      0   1512   1410   1671      4      0 
    1    234     65     69     97     24      0      0      0      0   1512   1410   1659      4      0 
    0     89     41     43    100      0      0      0      0      0   1512   1410   1671      4      0 
    1    231     65     69     97     24      0      0      0      0   1512   1410   1659      4      0 
    0     89     41     43    100      0      0      0      0      0   1512   1410   1671      4      0 
    1    229     65     67     96     24      0      0      0      0   1512   1410   1659      4      0 
    0     89     41     43    100      0      0      0      0      0   1512   1410   1671      4      0 
    1    230     65     67     97     24      0      0      0      0   1512   1410   1659      4      0 
    0     90     41     43    100      0      0      0      0      0   1512   1410   1671      4      0 
    1    229     65     67     97     24      0      0      0      0   1512   1410   1659      4      0 
    0     89     41     43    100      0      0      0      0      0   1512   1410   1671      4      0 
    1    234     65     69     96     24      0      0      0      0   1512   1410   1659      4      0 
    0     90     41     43    100      0      0      0      0      0   1512   1410   1671      4      0 
    1    228     65     69     97     24      0      0      0      0   1512   1410   1659      4      0 
    0     89     41     43    100      0      0      0      0      0   1512   1410   1671      4      0 
    1    229     65     67     97     24      0      0      0      0   1512   1410   1659      4      0 
    0     89     41     43    100      0      0      0      0      0   1512   1410   1671      4      0 
    1    233     65     67     97     24      0      0      0      0   1512   1410   1659      4      0 
    0     89     41     43    100      0      0      0      0      0   1512   1410   1671      4      0 
    1    232     65     67     97     24      0      0      0      0   1512   1410   1659      4      0 
    0     90     41     43    100      0      0      0      0      0   1512   1410   1671      4      0 
    1    229     66     69     96     24      0      0      0      0   1512   1410   1659      4      0 
    0     90     41     43    100      0      0      0      0      0   1512   1410   1671      4      0 
    1    233     65     69     97     24      0      0      0      0   1512   1410   1659      4      0 
    0     89     41     43    100      0      0      0      0      0   1512   1410   1671      4      0 
    1    232     65     69     97     24      0      0      0      0   1512   1410   1659      4      0 
    0     89     41     43    100      0      0      0      0      0   1512   1410   1671      4      0 
    1    232     65     67     97     24      0      0      0      0   1512   1410   1659      4      0 
    0     89     41     43    100      0      0      0      0      0   1512   1410   1671      4      0 
    1    228     65     67     97     24      0      0      0      0   1512   1410   1659      4      0 
    0     89     41     43    100      0      0      0      0      0   1512   1410   1671      4      0 
    1    231     64     67     97     24      0      0      0      0   1512   1410   1659      4      0 
    0     90     41     43    100      0      0      0      0      0   1512   1410   1671      4      0 
    1    229     65     69     97     24      0      0      0      0   1512   1410   1659      4      0 
    0     90     41     43    100      0      0      0      0      0   1512   1410   1671      4      0 
    1    234     66     69     97     24      0      0      0      0   1512   1410   1659      4      0 
    0     89     41     43    100      0      0      0      0      0   1512   1410   1671      4      0 
    1    229     65     69     97     24      0      0      0      0   1512   1410   1659      4      0 
    0     89     41     43    100      0      0      0      0      0   1512   1410   1671      4      0 
    1    233     65     69     97     24      0      0      0      0   1512   1410   1659      4      0 
# gpu    pwr  gtemp  mtemp     sm    mem    enc    dec    jpg    ofa   mclk   pclk     fb   bar1   ccpm 
# Idx      W      C      C      %      %      %      %      %      %    MHz    MHz     MB     MB     MB 
    0     90     41     43    100      0      0      0      0      0   1512   1410   1671      4      0 
    1    229     65     67     97     24      0      0      0      0   1512   1410   1659      4      0 
    0     89     41     43    100      0      0      0      0      0   1512   1410   1671      4      0 
    1    231     64     67     97     24      0      0      0      0   1512   1410   1659      4      0 
    0     89     41     43    100      0      0      0      0      0   1512   1410   1671      4      0 
    1    231     65     67     97     24      0      0      0      0   1512   1410   1659      4      0 
    0     89     41     43    100      0      0      0      0      0   1512   1410   1671      4      0 
    1    233     66     69     97     24      0      0      0      0   1512   1410   1659      4      0 
    0     89     41     43    100      0      0      0      0      0   1512   1410   1671      4      0 
    1    230     65     69     97     24      0      0      0      0   1512   1410   1659      4      0 
    0     89     41     43    100      0      0      0      0      0   1512   1410   1671      4      0 
    1    232     65     69     97     24      0      0      0      0   1512   1410   1659      4      0 
    0     89     41     43    100      0      0      0      0      0   1512   1410   1671      4      0 
    1    234     65     67     97     24      0      0      0      0   1512   1410   1659      4      0 
    0     89     41     43    100      0      0      0      0      0   1512   1410   1671      4      0 
    1    231     64     67     97     24      0      0      0      0   1512   1410   1659      4      0 
    0     89     41     43    100      0      0      0      0      0   1512   1410   1671      4      0 
    1    227     65     69     97     24      0      0      0      0   1512   1410   1659      4      0 
    0     90     41     43    100      0      0      0      0      0   1512   1410   1671      4      0 
    1    234     66     69     97     24      0      0      0      0   1512   1410   1659      4      0 
    0     90     41     43    100      0      0      0      0      0   1512   1410   1671      4      0 
    1    232     65     69     97     24      0      0      0      0   1512   1410   1659      4      0 
    0     89     41     43     99      0      0      0      0      0   1512   1410   1671      4      0 
    1    235     65     67     97     24      0      0      0      0   1512   1410   1659      4      0 
    0     90     41     43    100      0      0      0      0      0   1512   1410   1671      4      0 
    1    230     65     67     97     24      0      0      0      0   1512   1410   1659      4      0 
    0     89     41     43    100      0      0      0      0      0   1512   1410   1671      4      0 
    1    229     64     67     97     24      0      0      0      0   1512   1410   1659      4      0 
    0     89     41     43    100      0      0      0      0      0   1512   1410   1671      4      0 
    1    235     65     67     97     24      0      0      0      0   1512   1410   1659      4      0 
    0     89     41     43    100      0      0      0      0      0   1512   1410   1671      4      0 
    1    235     66     69     97     24      0      0      0      0   1512   1410   1659      4      0 
    0     90     41     43     99      0      0      0      0      0   1512   1410   1671      4      0 
    1    231     65     69     97     24      0      0      0      0   1512   1410   1659      4      0 
    0     90     41     43    100      0      0      0      0      0   1512   1410   1671      4      0 
    1    231     65     67     97     24      0      0      0      0   1512   1410   1659      4      0 
    0     89     41     43    100      0      0      0      0      0   1512   1410   1671      4      0 
    1    229     65     67     97     24      0      0      0      0   1512   1410   1659      4      0 
    0     89     41     43    100      0      0      0      0      0   1512   1410   1671      4      0 
    1    232     64     67     97     24      0      0      0      0   1512   1410   1659      4      0 
    0     89     41     43    100      0      0      0      0      0   1512   1410   1671      4      0 
    1    232     65     69     97     24      0      0      0      0   1512   1410   1659      4      0 
    0     90     41     43    100      0      0      0      0      0   1512   1410   1671      4      0 
    1    225     65     69     97     24      0      0      0      0   1512   1410   1659      4      0 
# gpu    pwr  gtemp  mtemp     sm    mem    enc    dec    jpg    ofa   mclk   pclk     fb   bar1   ccpm 
# Idx      W      C      C      %      %      %      %      %      %    MHz    MHz     MB     MB     MB 
    0     90     41     43    100      0      0      0      0      0   1512   1410   1671      4      0 
    1    233     65     67     97     24      0      0      0      0   1512   1410   1659      4      0 
    0     89     41     43    100      0      0      0      0      0   1512   1410   1671      4      0 
    1    229     65     67     97     24      0      0      0      0   1512   1410   1659      4      0 
    0     89     41     43     99      0      0      0      0      0   1512   1410   1671      4      0 
    1    229     64     67     97     24      0      0      0      0   1512   1410   1659      4      0 
    0     89     41     43    100      0      0      0      0      0   1512   1410   1671      4      0 
    1    228     65     67     97     24      0      0      0      0   1512   1410   1659      4      0 
    0     89     41     43    100      0      0      0      0      0   1512   1410   1671      4      0 
    1    232     66     69     97     24      0      0      0      0   1512   1410   1659      4      0 
    0     90     41     43    100      0      0      0      0      0   1512   1410   1671      4      0 
    1    231     65     69     97     24      0      0      0      0   1512   1410   1659      4      0 
    0     89     41     43    100      0      0      0      0      0   1512   1410   1671      4      0 
    1    229     65     67     97     24      0      0      0      0   1512   1410   1659      4      0 
    0     89     41     43     99      0      0      0      0      0   1512   1410   1671      4      0 
    1    234     65     67     97     24      0      0      0      0   1512   1410   1659      4      0 
    0     89     41     43    100      0      0      0      0      0   1512   1410   1671      4      0 
    1    230     64     67     97     24      0      0      0      0   1512   1410   1659      4      0 
    0     90     41     43    100      0      0      0      0      0   1512   1410   1671      4      0 
    1    230     65     67     97     24      0      0      0      0   1512   1410   1659      4      0 
    0     90     41     43    100      0      0      0      0      0   1512   1410   1671      4      0 
    1    234     66     69     97     24      0      0      0      0   1512   1410   1659      4      0 
    0     89     41     43    100      0      0      0      0      0   1512   1410   1671      4      0 
    1    232     65     69     97     24      0      0      0      0   1512   1410   1659      4      0 
    0     89     41     43    100      0      0      0      0      0   1512   1410   1671      4      0 
    1    230     65     69     97     24      0      0      0      0   1512   1410   1659      4      0 
    0     89     41     43    100      0      0      0      0      0   1512   1410   1671      4      0 
    1    231     65     67     97     24      0      0      0      0   1512   1410   1659      4      0 
    0     89     41     43    100      0      0      0      0      0   1512   1410   1671      4      0 
    1    230     65     67     97     24      0      0      0      0   1512   1410   1659      4      0 
    0     90     41     43     99      0      0      0      0      0   1512   1410   1671      4      0 
    1    231     64     67     97     24      0      0      0      0   1512   1410   1659      4      0 
    0     89     41     43    100      0      0      0      0      0   1512   1410   1671      4      0 
    1    232     65     69     97     24      0      0      0      0   1512   1410   1659      4      0 
    0     90     41     43    100      0      0      0      0      0   1512   1410   1671      4      0 
    1    231     65     69     97     24      0      0      0      0   1512   1410   1659      4      0 
    0     89     41     43    100      0      0      0      0      0   1512   1410   1671      4      0 
    1    234     65     69     97     24      0      0      0      0   1512   1410   1659      4      0 
    0     89     41     43    100      0      0      0      0      0   1512   1410   1671      4      0 
    1    233     65     67     97     24      0      0      0      0   1512   1410   1659      4      0 
    0     89     41     43    100      0      0      0      0      0   1512   1410   1671      4      0 
    1    228     65     67     97     24      0      0      0      0   1512   1410   1659      4      0 
    0     89     41     43    100      0      0      0      0      0   1512   1410   1671      4      0 
    1    227     64     67     97     24      0      0      0      0   1512   1410   1659      4      0 
# gpu    pwr  gtemp  mtemp     sm    mem    enc    dec    jpg    ofa   mclk   pclk     fb   bar1   ccpm 
# Idx      W      C      C      %      %      %      %      %      %    MHz    MHz     MB     MB     MB 
    0     89     41     43    100      0      0      0      0      0   1512   1410   1671      4      0 
    1    235     65     69     97     24      0      0      0      0   1512   1410   1659      4      0 
    0     89     41     43     99      0      0      0      0      0   1512   1410   1671      4      0 
    1    235     66     69     97     24      0      0      0      0   1512   1410   1659      4      0 
    0     89     41     43    100      0      0      0      0      0   1512   1410   1671      4      0 
    1    232     65     69     97     24      0      0      0      0   1512   1410   1659      4      0 
    0     89     41     43    100      0      0      0      0      0   1512   1410   1671      4      0 
    1    230     65     67     97     24      0      0      0      0   1512   1410   1659      4      0 
    0     89     41     43    100      0      0      0      0      0   1512   1410   1671      4      0 
    1    232     65     67     97     24      0      0      0      0   1512   1410   1659      4      0 
    0     89     41     43    100      0      0      0      0      0   1512   1410   1671      4      0 
    1    229     65     67     97     24      0      0      0      0   1512   1410   1659      4      0 
    0     90     41     43    100      0      0      0      0      0   1512   1410   1671      4      0 
    1    233     65     69     97     24      0      0      0      0   1512   1410   1659      4      0 
    0     89     41     43    100      0      0      0      0      0   1512   1410   1671      4      0 
    1    232     65     69     97     24      0      0      0      0   1512   1410   1659      4      0 
    0     89     41     43    100      0      0      0      0      0   1512   1410   1671      4      0 
    1    232     65     69     97     24      0      0      0      0   1512   1410   1659      4      0 
    0     89     41     43    100      0      0      0      0      0   1512   1410   1671      4      0 
    1    229     65     67     97     24      0      0      0      0   1512   1410   1659      4      0 
    0     89     41     43    100      0      0      0      0      0   1512   1410   1671      4      0 
    1    231     65     67     97     24      0      0      0      0   1512   1410   1659      4      0 
    0     89     41     43    100      0      0      0      0      0   1512   1410   1671      4      0 
    1    229     64     67     96     24      0      0      0      0   1512   1410   1659      4      0 
    0     89     41     43    100      0      0      0      0      0   1512   1410   1671      4      0 
    1    230     65     69     97     24      0      0      0      0   1512   1410   1659      4      0 
    0     90     41     43    100      0      0      0      0      0   1512   1410   1671      4      0 
    1    233     65     69     97     24      0      0      0      0   1512   1410   1659      4      0 
    0     89     41     43    100      0      0      0      0      0   1512   1410   1671      4      0 
    1    233     65     69     97     24      0      0      0      0   1512   1410   1659      4      0 
    0     89     41     43    100      0      0      0      0      0   1512   1410   1671      4      0 
    1    233     65     67     97     24      0      0      0      0   1512   1410   1659      4      0 
    0     89     41     43    100      0      0      0      0      0   1512   1410   1671      4      0 
    1    232     65     67     96     24      0      0      0      0   1512   1410   1659      4      0 
    0     89     41     43    100      0      0      0      0      0   1512   1410   1671      4      0 
    1    228     65     67     97     24      0      0      0      0   1512   1410   1659      4      0 
    0     90     41     43    100      0      0      0      0      0   1512   1410   1671      4      0 
    1    234     65     69     97     24      0      0      0      0   1512   1410   1659      4      0 
    0     89     41     43     99      0      0      0      0      0   1512   1410   1671      4      0 
    1    229     65     69     97     24      0      0      0      0   1512   1410   1659      4      0 
    0     90     41     43    100      0      0      0      0      0   1512   1410   1671      4      0 
    1    235     65     69     97     24      0      0      0      0   1512   1410   1659      4      0 
    0     89     41     43    100      0      0      0      0      0   1512   1410   1671      4      0 
    1    234     65     67     97     24      0      0      0      0   1512   1410   1659      4      0 
# gpu    pwr  gtemp  mtemp     sm    mem    enc    dec    jpg    ofa   mclk   pclk     fb   bar1   ccpm 
# Idx      W      C      C      %      %      %      %      %      %    MHz    MHz     MB     MB     MB 
    0     89     41     43    100      0      0      0      0      0   1512   1410   1671      4      0 
    1    234     65     67     97     24      0      0      0      0   1512   1410   1659      4      0 
    0     89     41     43    100      0      0      0      0      0   1512   1410   1671      4      0 
    1    233     65     67     97     24      0      0      0      0   1512   1410   1659      4      0 
    0     89     41     43    100      0      0      0      0      0   1512   1410   1671      4      0 
    1    233     66     69     97     24      0      0      0      0   1512   1410   1659      4      0 
    0     90     41     43    100      0      0      0      0      0   1512   1410   1671      4      0 
    1    232     65     69     97     24      0      0      0      0   1512   1410   1659      4      0 
    0     91     41     43    100      0      0      0      0      0   1512   1410   1671      4      0 
    1    234     65     69     97     24      0      0      0      0   1512   1410   1659      4      0 
    0     91     41     43    100      0      0      0      0      0   1512   1410   1671      4      0 
    1    234     65     67     97     24      0      0      0      0   1512   1410   1659      4      0 
    0     89     41     43    100      0      0      0      0      0   1512   1410   1671      4      0 
    1    232     65     67     97     24      0      0      0      0   1512   1410   1659      4      0 
    0     90     41     43    100      0      0      0      0      0   1512   1410   1671      4      0 
    1    231     64     67     97     24      0      0      0      0   1512   1410   1659      4      0 
    0     89     41     43    100      0      0      0      0      0   1512   1410   1671      4      0 
    1    236     65     69     97     24      0      0      0      0   1512   1410   1659      4      0 
    0     90     41     43    100      0      0      0      0      0   1512   1410   1671      4      0 
    1    233     66     69     97     24      0      0      0      0   1512   1410   1659      4      0 
    0     89     41     43    100      0      0      0      0      0   1512   1410   1671      4      0 
    1    235     65     69     96     24      0      0      0      0   1512   1410   1659      4      0 
    0     90     41     43    100      0      0      0      0      0   1512   1410   1671      4      0 
    1    234     65     67     97     24      0      0      0      0   1512   1410   1659      4      0 
    0     89     41     43    100      0      0      0      0      0   1512   1410   1671      4      0 
    1    231     65     67     97     24      0      0      0      0   1512   1410   1659      4      0 
    0     89     41     43    100      0      0      0      0      0   1512   1410   1671      4      0 
    1    233     64     67     97     24      0      0      0      0   1512   1410   1659      4      0 
    0     89     41     43    100      0      0      0      0      0   1512   1410   1671      4      0 
    1    229     65     69     97     24      0      0      0      0   1512   1410   1659      4      0 
    0     90     41     43    100      0      0      0      0      0   1512   1410   1671      4      0 
    1    232     65     69     97     24      0      0      0      0   1512   1410   1659      4      0 
    0     89     41     43    100      0      0      0      0      0   1512   1410   1671      4      0 
    1    231     65     69     97     24      0      0      0      0   1512   1410   1659      4      0 
    0     89     41     43    100      0      0      0      0      0   1512   1410   1671      4      0 
    1    230     65     67     97     24      0      0      0      0   1512   1410   1659      4      0 
    0     89     41     43    100      0      0      0      0      0   1512   1410   1671      4      0 
    1    232     64     67     97     24      0      0      0      0   1512   1410   1659      4      0 
    0     89     41     43    100      0      0      0      0      0   1512   1410   1671      4      0 
    1    235     65     69     97     24      0      0      0      0   1512   1410   1659      4      0 
    0     89     41     43    100      0      0      0      0      0   1512   1410   1671      4      0 
    1    232     65     69     96     24      0      0      0      0   1512   1410   1659      4      0 
    0     89     41     43    100      0      0      0      0      0   1512   1410   1671      4      0 
    1    230     65     69     97     24      0      0      0      0   1512   1410   1659      4      0 
# gpu    pwr  gtemp  mtemp     sm    mem    enc    dec    jpg    ofa   mclk   pclk     fb   bar1   ccpm 
# Idx      W      C      C      %      %      %      %      %      %    MHz    MHz     MB     MB     MB 
    0     89     41     43    100      0      0      0      0      0   1512   1410   1671      4      0 
    1    233     65     67     97     24      0      0      0      0   1512   1410   1659      4      0 
    0     89     41     43     99      0      0      0      0      0   1512   1410   1671      4      0 
    1    233     64     67     97     24      0      0      0      0   1512   1410   1659      4      0 
    0     89     41     43    100      0      0      0      0      0   1512   1410   1671      4      0 
    1    229     65     67     97     24      0      0      0      0   1512   1410   1659      4      0 
    0     89     41     43    100      0      0      0      0      0   1512   1410   1671      4      0 
    1    232     66     69     97     24      0      0      0      0   1512   1410   1659      4      0 
    0     89     41     43    100      0      0      0      0      0   1512   1410   1671      4      0 
    1    234     65     69     97     24      0      0      0      0   1512   1410   1659      4      0 
    0     90     41     43    100      0      0      0      0      0   1512   1410   1671      4      0 
    1    230     65     67     97     24      0      0      0      0   1512   1410   1659      4      0 
    0     89     41     43    100      0      0      0      0      0   1512   1410   1671      4      0 
    1    229     65     67     97     24      0      0      0      0   1512   1410   1659      4      0 
    0     89     41     43    100      0      0      0      0      0   1512   1410   1671      4      0 
    1    230     64     67     97     24      0      0      0      0   1512   1410   1659      4      0 
    0     89     41     43    100      0      0      0      0      0   1512   1410   1671      4      0 
    1    228     65     67     97     24      0      0      0      0   1512   1410   1659      4      0 
    0     89     41     43     99      0      0      0      0      0   1512   1410   1671      4      0 
    1    230     66     69     97     24      0      0      0      0   1512   1410   1659      4      0 
    0     89     41     43    100      0      0      0      0      0   1512   1410   1671      4      0 
    1    231     65     69     97     24      0      0      0      0   1512   1410   1659      4      0 
    0     89     41     43    100      0      0      0      0      0   1512   1410   1671      4      0 
    1    233     65     69     97     24      0      0      0      0   1512   1410   1659      4      0 
    0     90     41     43    100      0      0      0      0      0   1512   1410   1671      4      0 
    1    233     65     67     97     24      0      0      0      0   1512   1410   1659      4      0 
    0     89     41     43    100      0      0      0      0      0   1512   1410   1671      4      0 
    1    233     65     67     97     24      0      0      0      0   1512   1410   1659      4      0 
    0     90     41     43     99      0      0      0      0      0   1512   1410   1671      4      0 
    1    228     65     67     97     24      0      0      0      0   1512   1410   1659      4      0 
    0     89     41     43    100      0      0      0      0      0   1512   1410   1671      4      0 
    1    228     66     69     97     24      0      0      0      0   1512   1410   1659      4      0 
    0     89     41     43    100      0      0      0      0      0   1512   1410   1671      4      0 
    1    233     65     69     97     24      0      0      0      0   1512   1410   1659      4      0 
    0     89     41     43    100      0      0      0      0      0   1512   1410   1671      4      0 
    1    233     65     69     97     24      0      0      0      0   1512   1410   1659      4      0 
    0     90     41     43    100      0      0      0      0      0   1512   1410   1671      4      0 
    1    233     65     67     97     24      0      0      0      0   1512   1410   1659      4      0 
    0     89     41     43    100      0      0      0      0      0   1512   1410   1671      4      0 
    1    233     65     67     97     24      0      0      0      0   1512   1410   1659      4      0 
    0     90     41     43    100      0      0      0      0      0   1512   1410   1671      4      0 
    1    232     64     67     97     24      0      0      0      0   1512   1410   1659      4      0 
    0     89     41     43    100      0      0      0      0      0   1512   1410   1671      4      0 
    1    226     65     69     97     24      0      0      0      0   1512   1410   1659      4      0 
# gpu    pwr  gtemp  mtemp     sm    mem    enc    dec    jpg    ofa   mclk   pclk     fb   bar1   ccpm 
# Idx      W      C      C      %      %      %      %      %      %    MHz    MHz     MB     MB     MB 
    0     89     41     43     99      0      0      0      0      0   1512   1410   1671      4      0 
    1    233     66     69     97     24      0      0      0      0   1512   1410   1659      4      0 
    0     89     41     43    100      0      0      0      0      0   1512   1410   1671      4      0 
    1    231     65     69     97     24      0      0      0      0   1512   1410   1659      4      0 
    0     89     41     43    100      0      0      0      0      0   1512   1410   1671      4      0 
    1    231     65     69     97     24      0      0      0      0   1512   1410   1659      4      0 
    0     89     41     43    100      0      0      0      0      0   1512   1410   1671      4      0 
    1    231     65     67     97     24      0      0      0      0   1512   1410   1659      4      0 
    0     89     41     43    100      0      0      0      0      0   1512   1410   1671      4      0 
    1    232     64     67     97     24      0      0      0      0   1512   1410   1659      4      0 
    0     89     41     43    100      0      0      0      0      0   1512   1410   1671      4      0 
    1    232     65     67     97     24      0      0      0      0   1512   1410   1659      4      0 
    0     89     41     43    100      0      0      0      0      0   1512   1410   1671      4      0 
    1    231     66     69     97     24      0      0      0      0   1512   1410   1659      4      0 
    0     89     41     43    100      0      0      0      0      0   1512   1410   1671      4      0 
    1    231     65     69     97     24      0      0      0      0   1512   1410   1659      4      0 
    0     89     41     43    100      0      0      0      0      0   1512   1410   1671      4      0 
    1    230     65     69     97     24      0      0      0      0   1512   1410   1659      4      0 
    0     89     41     43    100      0      0      0      0      0   1512   1410   1671      4      0 
    1    234     65     67     97     24      0      0      0      0   1512   1410   1659      4      0 
    0     90     41     43    100      0      0      0      0      0   1512   1410   1671      4      0 
    1    230     64     67     96     24      0      0      0      0   1512   1410   1659      4      0 
    0     89     41     43    100      0      0      0      0      0   1512   1410   1671      4      0 
    1    229     65     67     97     24      0      0      0      0   1512   1410   1659      4      0 
    0     89     41     43    100      0      0      0      0      0   1512   1410   1671      4      0 
    1    235     66     69     97     24      0      0      0      0   1512   1410   1659      4      0 
    0     89     41     43     99      0      0      0      0      0   1512   1410   1671      4      0 
    1    228     65     69     97     24      0      0      0      0   1512   1410   1659      4      0 
    0     89     41     43    100      0      0      0      0      0   1512   1410   1671      4      0 
    1    229     65     69     97     24      0      0      0      0   1512   1410   1659      4      0 
    0     89     41     43    100      0      0      0      0      0   1512   1410   1671      4      0 
    1    230     65     67     97     24      0      0      0      0   1512   1410   1659      4      0 
    0     89     41     43    100      0      0      0      0      0   1512   1410   1671      4      0 
    1    226     64     67     97     24      0      0      0      0   1512   1410   1659      4      0 
    0     89     41     43    100      0      0      0      0      0   1512   1410   1671      4      0 
    1    231     65     67     97     24      0      0      0      0   1512   1410   1659      4      0 
    0     89     41     43    100      0      0      0      0      0   1512   1410   1671      4      0 
    1    233     66     69     97     24      0      0      0      0   1512   1410   1659      4      0 
    0     89     41     43    100      0      0      0      0      0   1512   1410   1671      4      0 
    1    234     65     69     97     24      0      0      0      0   1512   1410   1659      4      0 
    0     89     41     43    100      0      0      0      0      0   1512   1410   1671      4      0 
    1    233     65     69     97     24      0      0      0      0   1512   1410   1659      4      0 
    0     89     41     43     99      0      0      0      0      0   1512   1410   1671      4      0 
    1    230     65     67     97     24      0      0      0      0   1512   1410   1659      4      0 
# gpu    pwr  gtemp  mtemp     sm    mem    enc    dec    jpg    ofa   mclk   pclk     fb   bar1   ccpm 
# Idx      W      C      C      %      %      %      %      %      %    MHz    MHz     MB     MB     MB 
    0     90     41     43     99      0      0      0      0      0   1512   1410   1671      4      0 
    1    232     65     67     97     24      0      0      0      0   1512   1410   1659      4      0 
    0     90     41     43    100      0      0      0      0      0   1512   1410   1671      4      0 
    1    232     65     67     97     24      0      0      0      0   1512   1410   1659      4      0 
    0     89     41     43    100      0      0      0      0      0   1512   1410   1671      4      0 
    1    230     65     69     97     24      0      0      0      0   1512   1410   1659      4      0 
    0     89     41     43    100      0      0      0      0      0   1512   1410   1671      4      0 
    1    233     65     69     97     24      0      0      0      0   1512   1410   1659      4      0 
    0     89     41     43     99      0      0      0      0      0   1512   1410   1671      4      0 
    1    229     65     67     97     24      0      0      0      0   1512   1410   1659      4      0 
    0     90     41     43    100      0      0      0      0      0   1512   1410   1671      4      0 
    1    233     65     67     97     24      0      0      0      0   1512   1410   1659      4      0 
    0     89     41     43    100      0      0      0      0      0   1512   1410   1671      4      0 
    1    230     65     67     96     24      0      0      0      0   1512   1410   1659      4      0 
    0     90     41     43    100      0      0      0      0      0   1512   1410   1671      4      0 
    1    233     66     69     97     24      0      0      0      0   1512   1410   1659      4      0 
    0     89     41     43    100      0      0      0      0      0   1512   1410   1671      4      0 
    1    234     65     69     97     24      0      0      0      0   1512   1410   1659      4      0 
    0     89     41     43     99      0      0      0      0      0   1512   1410   1671      4      0 
    1    229     65     69     97     24      0      0      0      0   1512   1410   1659      4      0 
    0     89     41     43     99      0      0      0      0      0   1512   1410   1671      4      0 
    1    235     65     67     97     24      0      0      0      0   1512   1410   1659      4      0 
    0     89     41     43     99      0      0      0      0      0   1512   1410   1671      4      0 
    1    230     64     67     97     24      0      0      0      0   1512   1410   1659      4      0 
    0     89     41     43     99      0      0      0      0      0   1512   1410   1671      4      0 
    1    233     64     67     97     24      0      0      0      0   1512   1410   1659      4      0 
    0     90     41     43     99      0      0      0      0      0   1512   1410   1671      4      0 
    1    230     65     69     97     24      0      0      0      0   1512   1410   1659      4      0 
    0     89     41     43     99      0      0      0      0      0   1512   1410   1671      4      0 
    1    231     65     69     97     24      0      0      0      0   1512   1410   1659      4      0 
    0     90     41     43     99      0      0      0      0      0   1512   1410   1671      4      0 
    1    230     65     69     97     24      0      0      0      0   1512   1410   1659      4      0 
    0     90     41     43    100      0      0      0      0      0   1512   1410   1671      4      0 
    1    233     65     67     97     24      0      0      0      0   1512   1410   1659      4      0 
    0     89     41     43     99      0      0      0      0      0   1512   1410   1671      4      0 
    1    232     65     67     97     24      0      0      0      0   1512   1410   1659      4      0 
    0     90     41     43    100      0      0      0      0      0   1512   1410   1671      4      0 
    1    237     65     67     97     24      0      0      0      0   1512   1410   1659      4      0 
    0     90     41     43    100      0      0      0      0      0   1512   1410   1671      4      0 
    1    231     65     69     96     24      0      0      0      0   1512   1410   1659      4      0 
    0     89     41     43     99      0      0      0      0      0   1512   1410   1671      4      0 
    1    227     65     69     97     24      0      0      0      0   1512   1410   1659      4      0 
    0     89     41     43    100      0      0      0      0      0   1512   1410   1671      4      0 
    1    234     65     67     97     24      0      0      0      0   1512   1410   1659      4      0 
# gpu    pwr  gtemp  mtemp     sm    mem    enc    dec    jpg    ofa   mclk   pclk     fb   bar1   ccpm 
# Idx      W      C      C      %      %      %      %      %      %    MHz    MHz     MB     MB     MB 
    0     89     41     43    100      0      0      0      0      0   1512   1410   1671      4      0 
    1    228     65     67     97     24      0      0      0      0   1512   1410   1659      4      0 
    0     89     41     43    100      0      0      0      0      0   1512   1410   1671      4      0 
    1    230     64     67     97     24      0      0      0      0   1512   1410   1659      4      0 
    0     89     41     43    100      0      0      0      0      0   1512   1410   1671      4      0 
    1    231     65     67     97     24      0      0      0      0   1512   1410   1659      4      0 
    0     89     41     43     99      0      0      0      0      0   1512   1410   1671      4      0 
    1    232     66     69     97     24      0      0      0      0   1512   1410   1659      4      0 
    0     90     41     43    100      0      0      0      0      0   1512   1410   1671      4      0 
    1    233     65     69     97     24      0      0      0      0   1512   1410   1659      4      0 
    0     89     41     43    100      0      0      0      0      0   1512   1410   1671      4      0 
    1    234     65     69     97     24      0      0      0      0   1512   1410   1659      4      0 
    0     89     41     43    100      0      0      0      0      0   1512   1410   1671      4      0 
    1    230     65     67     97     24      0      0      0      0   1512   1410   1659      4      0 
    0     89     41     43     99      0      0      0      0      0   1512   1410   1671      4      0 
    1    230     64     67     97     24      0      0      0      0   1512   1410   1659      4      0 
    0     89     41     43     99      0      0      0      0      0   1512   1410   1671      4      0 
    1    231     65     67     97     24      0      0      0      0   1512   1410   1659      4      0 
    0     89     41     43    100      0      0      0      0      0   1512   1410   1671      4      0 
    1    234     66     69     97     24      0      0      0      0   1512   1410   1659      4      0 
    0     90     41     43    100      0      0      0      0      0   1512   1410   1671      4      0 
    1    231     65     69     96     24      0      0      0      0   1512   1410   1659      4      0 
    0     89     41     43    100      0      0      0      0      0   1512   1410   1671      4      0 
    1    228     65     69     97     24      0      0      0      0   1512   1410   1659      4      0 
    0     89     41     43     99      0      0      0      0      0   1512   1410   1671      4      0 
    1    228     65     67     97     24      0      0      0      0   1512   1410   1659      4      0 
    0     89     41     43     99      0      0      0      0      0   1512   1410   1671      4      0 
    1    233     64     67     97     24      0      0      0      0   1512   1410   1659      4      0 
    0     90     41     43     99      0      0      0      0      0   1512   1410   1671      4      0 
    1    228     65     67     97     24      0      0      0      0   1512   1410   1659      4      0 
    0     89     41     43    100      0      0      0      0      0   1512   1410   1671      4      0 
    1    230     66     69     96     24      0      0      0      0   1512   1410   1659      4      0 
    0     89     41     43     99      0      0      0      0      0   1512   1410   1671      4      0 
    1    230     65     69     97     24      0      0      0      0   1512   1410   1659      4      0 
    0     89     41     43     99      0      0      0      0      0   1512   1410   1671      4      0 
    1    230     65     69     97     24      0      0      0      0   1512   1410   1659      4      0 
    0     89     41     43     99      0      0      0      0      0   1512   1410   1671      4      0 
    1    230     65     67     97     24      0      0      0      0   1512   1410   1659      4      0 
    0     89     41     43     99      0      0      0      0      0   1512   1410   1671      4      0 
    1    228     64     67     97     24      0      0      0      0   1512   1410   1659      4      0 
    0     89     41     43     99      0      0      0      0      0   1512   1410   1671      4      0 
    1    232     65     67     97     24      0      0      0      0   1512   1410   1659      4      0 
    0     89     41     43     99      0      0      0      0      0   1512   1410   1671      4      0 
    1    234     65     69     97     24      0      0      0      0   1512   1410   1659      4      0 
# gpu    pwr  gtemp  mtemp     sm    mem    enc    dec    jpg    ofa   mclk   pclk     fb   bar1   ccpm 
# Idx      W      C      C      %      %      %      %      %      %    MHz    MHz     MB     MB     MB 
    0     89     41     43    100      0      0      0      0      0   1512   1410   1671      4      0 
    1    232     65     69     97     24      0      0      0      0   1512   1410   1659      4      0 
    0     89     41     43     99      0      0      0      0      0   1512   1410   1671      4      0 
    1    233     65     69     97     24      0      0      0      0   1512   1410   1659      4      0 
    0     89     41     43    100      0      0      0      0      0   1512   1410   1671      4      0 
    1    232     65     67     97     24      0      0      0      0   1512   1410   1659      4      0 
    0     89     41     43     99      0      0      0      0      0   1512   1410   1671      4      0 
    1    229     64     67     97     24      0      0      0      0   1512   1410   1659      4      0 
    0     89     41     43     99      0      0      0      0      0   1512   1410   1671      4      0 
    1    232     65     67     97     24      0      0      0      0   1512   1410   1659      4      0 
    0     89     41     43     99      0      0      0      0      0   1512   1410   1671      4      0 
    1    235     66     69     97     24      0      0      0      0   1512   1410   1659      4      0 
    0     89     41     43    100      0      0      0      0      0   1512   1410   1671      4      0 
    1    231     65     69     97     24      0      0      0      0   1512   1410   1659      4      0 
    0     89     41     43     99      0      0      0      0      0   1512   1410   1671      4      0 
    1    231     65     69     97     24      0      0      0      0   1512   1410   1659      4      0 
    0     89     41     43     99      0      0      0      0      0   1512   1410   1671      4      0 
    1    232     65     67     97     24      0      0      0      0   1512   1410   1659      4      0 
    0     89     41     43     99      0      0      0      0      0   1512   1410   1671      4      0 
    1    229     65     67     97     24      0      0      0      0   1512   1410   1659      4      0 
    0     90     41     43     99      0      0      0      0      0   1512   1410   1671      4      0 
    1    230     65     67     97     24      0      0      0      0   1512   1410   1659      4      0 
    0     89     41     43     99      0      0      0      0      0   1512   1410   1671      4      0 
    1    230     66     69     97     24      0      0      0      0   1512   1410   1659      4      0 
    0     89     41     43     99      0      0      0      0      0   1512   1410   1671      4      0 
    1    230     65     69     97     24      0      0      0      0   1512   1410   1659      4      0 
    0     89     41     43    100      0      0      0      0      0   1512   1410   1671      4      0 
    1    232     65     69     97     24      0      0      0      0   1512   1410   1659      4      0 
    0     89     41     43     99      0      0      0      0      0   1512   1410   1671      4      0 
    1    228     65     67     97     24      0      0      0      0   1512   1410   1659      4      0 
    0     89     41     43    100      0      0      0      0      0   1512   1410   1671      4      0 
    1    234     65     67     97     24      0      0      0      0   1512   1410   1659      4      0 
    0     90     41     43    100      0      0      0      0      0   1512   1410   1671      4      0 
    1    229     64     67     97     24      0      0      0      0   1512   1410   1659      4      0 
    0     89     41     43    100      0      0      0      0      0   1512   1410   1671      4      0 
    1    236     65     69     97     24      0      0      0      0   1512   1410   1659      4      0 
    0     89     41     43    100      0      0      0      0      0   1512   1410   1671      4      0 
    1    235     66     69     97     24      0      0      0      0   1512   1410   1659      4      0 
    0     89     41     43    100      0      0      0      0      0   1512   1410   1671      4      0 
    1    232     65     69     97     24      0      0      0      0   1512   1410   1659      4      0 
    0     90     41     43     99      0      0      0      0      0   1512   1410   1671      4      0 
    1    232     65     67     97     24      0      0      0      0   1512   1410   1659      4      0 
    0     89     41     43     99      0      0      0      0      0   1512   1410   1671      4      0 
    1    229     65     67     97     24      0      0      0      0   1512   1410   1659      4      0 
# gpu    pwr  gtemp  mtemp     sm    mem    enc    dec    jpg    ofa   mclk   pclk     fb   bar1   ccpm 
# Idx      W      C      C      %      %      %      %      %      %    MHz    MHz     MB     MB     MB 
    0     89     41     43     99      0      0      0      0      0   1512   1410   1671      4      0 
    1    228     64     67     97     24      0      0      0      0   1512   1410   1659      4      0 
    0     89     41     43     99      0      0      0      0      0   1512   1410   1671      4      0 
    1    229     64     67     97     24      0      0      0      0   1512   1410   1659      4      0 
    0     89     41     43     99      0      0      0      0      0   1512   1410   1671      4      0 
    1    233     65     69     97     24      0      0      0      0   1512   1410   1659      4      0 
    0     89     41     43     99      0      0      0      0      0   1512   1410   1671      4      0 
    1    236     65     69     97     24      0      0      0      0   1512   1410   1659      4      0 
    0     89     41     43     99      0      0      0      0      0   1512   1410   1671      4      0 
    1    230     65     69     97     24      0      0      0      0   1512   1410   1659      4      0 
    0     89     41     43     99      0      0      0      0      0   1512   1410   1671      4      0 
    1    231     65     67     97     24      0      0      0      0   1512   1410   1659      4      0 
    0     89     41     43     99      0      0      0      0      0   1512   1410   1671      4      0 
    1    228     65     67     97     24      0      0      0      0   1512   1410   1659      4      0 
    0     89     41     43     99      0      0      0      0      0   1512   1410   1671      4      0 
    1    228     64     67     97     24      0      0      0      0   1512   1410   1659      4      0 
    0     89     41     43     99      0      0      0      0      0   1512   1410   1671      4      0 
    1    235     65     69     97     24      0      0      0      0   1512   1410   1659      4      0 
    0     89     41     43     99      0      0      0      0      0   1512   1410   1671      4      0 
    1    234     65     69     97     24      0      0      0      0   1512   1410   1659      4      0 
    0     90     41     43     99      0      0      0      0      0   1512   1410   1671      4      0 
    1    235     65     69     96     24      0      0      0      0   1512   1410   1659      4      0 
    0     90     41     43     99      0      0      0      0      0   1512   1410   1671      4      0 
    1    233     65     67     97     24      0      0      0      0   1512   1410   1659      4      0 
    0     90     41     43    100      0      0      0      0      0   1512   1410   1671      4      0 
    1    235     65     67     97     24      0      0      0      0   1512   1410   1659      4      0 
    0     89     41     43     99      0      0      0      0      0   1512   1410   1671      4      0 
    1    226     64     67     97     24      0      0      0      0   1512   1410   1659      4      0 
    0     89     41     43     99      0      0      0      0      0   1512   1410   1671      4      0 
    1    229     65     67     97     24      0      0      0      0   1512   1410   1659      4      0 
    0     89     41     43     99      0      0      0      0      0   1512   1410   1671      4      0 
    1    232     65     69     97     24      0      0      0      0   1512   1410   1659      4      0 
    0     90     41     43     99      0      0      0      0      0   1512   1410   1671      4      0 
    1    230     65     69     97     24      0      0      0      0   1512   1410   1659      4      0 
    0     89     41     43     99      0      0      0      0      0   1512   1410   1671      4      0 
    1    229     65     67     97     24      0      0      0      0   1512   1410   1659      4      0 
    0     89     41     43     99      0      0      0      0      0   1512   1410   1671      4      0 
    1    232     65     67     97     24      0      0      0      0   1512   1410   1659      4      0 
    0     90     41     43     99      0      0      0      0      0   1512   1410   1671      4      0 
    1    230     64     67     97     24      0      0      0      0   1512   1410   1659      4      0 
    0     89     41     43    100      0      0      0      0      0   1512   1410   1671      4      0 
    1    229     65     69     97     24      0      0      0      0   1512   1410   1659      4      0 
    0     90     41     43     99      0      0      0      0      0   1512   1410   1671      4      0 
    1    228     66     69     97     24      0      0      0      0   1512   1410   1659      4      0 
# gpu    pwr  gtemp  mtemp     sm    mem    enc    dec    jpg    ofa   mclk   pclk     fb   bar1   ccpm 
# Idx      W      C      C      %      %      %      %      %      %    MHz    MHz     MB     MB     MB 
    0     89     41     43     99      0      0      0      0      0   1512   1410   1671      4      0 
    1    231     65     69     97     24      0      0      0      0   1512   1410   1659      4      0 
    0     89     41     43     99      0      0      0      0      0   1512   1410   1671      4      0 
    1    233     65     67     97     24      0      0      0      0   1512   1410   1659      4      0 
    0     89     41     43    100      0      0      0      0      0   1512   1410   1671      4      0 
    1    232     65     67     97     24      0      0      0      0   1512   1410   1659      4      0 
    0     89     41     43     99      0      0      0      0      0   1512   1410   1671      4      0 
    1    233     64     67     97     24      0      0      0      0   1512   1410   1659      4      0 
    0     89     41     43    100      0      0      0      0      0   1512   1410   1671      4      0 
    1    231     65     67     97     24      0      0      0      0   1512   1410   1659      4      0 
    0     89     41     43     99      0      0      0      0      0   1512   1410   1671      4      0 
    1    232     66     69     97     24      0      0      0      0   1512   1410   1659      4      0 
    0     90     41     43    100      0      0      0      0      0   1512   1410   1671      4      0 
    1    232     65     69     97     24      0      0      0      0   1512   1410   1659      4      0 
    0     89     41     43     99      0      0      0      0      0   1512   1410   1671      4      0 
    1    232     65     69     97     24      0      0      0      0   1512   1410   1659      4      0 
    0     89     41     43    100      0      0      0      0      0   1512   1410   1671      4      0 
    1    228     65     67     97     24      0      0      0      0   1512   1410   1659      4      0 
    0     89     41     43    100      0      0      0      0      0   1512   1410   1671      4      0 
    1    229     65     67     96     24      0      0      0      0   1512   1410   1659      4      0 
    0     89     41     43     99      0      0      0      0      0   1512   1410   1671      4      0 
    1    233     65     67     97     24      0      0      0      0   1512   1410   1659      4      0 
    0     89     41     43     99      0      0      0      0      0   1512   1410   1671      4      0 
    1    229     66     69     97     24      0      0      0      0   1512   1410   1659      4      0 
    0     90     41     43     99      0      0      0      0      0   1512   1410   1671      4      0 
    1    231     65     69     97     24      0      0      0      0   1512   1410   1659      4      0 
    0     89     41     43    100      0      0      0      0      0   1512   1410   1671      4      0 
    1    230     65     69     97     24      0      0      0      0   1512   1410   1659      4      0 
    0     89     41     43    100      0      0      0      0      0   1512   1410   1671      4      0 
    1    228     65     67     97     24      0      0      0      0   1512   1410   1659      4      0 
    0     89     41     43     99      0      0      0      0      0   1512   1410   1671      4      0 
    1    231     65     67     97     24      0      0      0      0   1512   1410   1659      4      0 
    0     89     41     43    100      0      0      0      0      0   1512   1410   1671      4      0 
    1    231     64     67     97     24      0      0      0      0   1512   1410   1659      4      0 
    0     89     41     43     99      0      0      0      0      0   1512   1410   1671      4      0 
    1    235     65     67     97     24      0      0      0      0   1512   1410   1659      4      0 
    0     90     41     43     99      0      0      0      0      0   1512   1410   1671      4      0 
    1    230     66     69     97     24      0      0      0      0   1512   1410   1659      4      0 
    0     89     41     43     99      0      0      0      0      0   1512   1410   1671      4      0 
    1    229     65     69     97     24      0      0      0      0   1512   1410   1659      4      0 
    0     89     41     43     99      0      0      0      0      0   1512   1410   1671      4      0 
    1    233     65     69     97     24      0      0      0      0   1512   1410   1659      4      0 
    0     89     41     43    100      0      0      0      0      0   1512   1410   1671      4      0 
    1    230     65     67     97     24      0      0      0      0   1512   1410   1659      4      0 
# gpu    pwr  gtemp  mtemp     sm    mem    enc    dec    jpg    ofa   mclk   pclk     fb   bar1   ccpm 
# Idx      W      C      C      %      %      %      %      %      %    MHz    MHz     MB     MB     MB 
    0     89     41     43    100      0      0      0      0      0   1512   1410   1671      4      0 
    1    230     65     67     97     24      0      0      0      0   1512   1410   1659      4      0 
    0     89     41     43     99      0      0      0      0      0   1512   1410   1671      4      0 
    1    229     65     67     97     24      0      0      0      0   1512   1410   1659      4      0 
    0     89     41     43    100      0      0      0      0      0   1512   1410   1671      4      0 
    1    229     65     69     97     24      0      0      0      0   1512   1410   1659      4      0 
    0     89     41     43    100      0      0      0      0      0   1512   1410   1671      4      0 
    1    235     65     69     97     24      0      0      0      0   1512   1410   1659      4      0 
    0     89     41     43     99      0      0      0      0      0   1512   1410   1671      4      0 
    1    232     65     67     97     24      0      0      0      0   1512   1410   1659      4      0 
    0     89     41     43     99      0      0      0      0      0   1512   1410   1671      4      0 
    1    234     65     67     96     24      0      0      0      0   1512   1410   1659      4      0 
    0     90     41     43     99      0      0      0      0      0   1512   1410   1671      4      0 
    1    233     64     67     97     24      0      0      0      0   1512   1410   1659      4      0 
    0     89     41     43     99      0      0      0      0      0   1512   1410   1671      4      0 
    1    230     65     69     97     24      0      0      0      0   1512   1410   1659      4      0 
    0     89     41     43     99      0      0      0      0      0   1512   1410   1671      4      0 
    1    232     65     69     97     24      0      0      0      0   1512   1410   1659      4      0 
    0     89     41     43     99      0      0      0      0      0   1512   1410   1671      4      0 
    1    232     65     69     97     24      0      0      0      0   1512   1410   1659      4      0 
    0     89     41     43    100      0      0      0      0      0   1512   1410   1671      4      0 
    1    230     65     67     97     24      0      0      0      0   1512   1410   1659      4      0 
    0     90     41     43    100      0      0      0      0      0   1512   1410   1671      4      0 
    1    230     65     67     97     24      0      0      0      0   1512   1410   1659      4      0 
    0     89     41     43    100      0      0      0      0      0   1512   1410   1671      4      0 
    1    231     64     67     97     24      0      0      0      0   1512   1410   1659      4      0 
    0     90     41     43    100      0      0      0      0      0   1512   1410   1671      4      0 
    1    228     65     69     97     24      0      0      0      0   1512   1410   1659      4      0 
    0     90     41     43    100      0      0      0      0      0   1512   1410   1671      4      0 
    1    231     65     69     97     24      0      0      0      0   1512   1410   1659      4      0 
    0     90     41     43    100      0      0      0      0      0   1512   1410   1671      4      0 
    1    229     65     69     97     24      0      0      0      0   1512   1410   1659      4      0 
    0     89     41     43    100      0      0      0      0      0   1512   1410   1671      4      0 
    1    232     65     67     97     24      0      0      0      0   1512   1410   1659      4      0 
    0     89     41     43     99      0      0      0      0      0   1512   1410   1671      4      0 
    1    228     65     67     97     24      0      0      0      0   1512   1410   1659      4      0 
    0     89     41     43    100      0      0      0      0      0   1512   1410   1671      4      0 
    1    229     64     67     97     24      0      0      0      0   1512   1410   1659      4      0 
    0     89     41     43    100      0      0      0      0      0   1512   1410   1671      4      0 
    1    228     65     69     97     24      0      0      0      0   1512   1410   1659      4      0 
    0     89     41     43    100      0      0      0      0      0   1512   1410   1671      4      0 
    1    230     65     69     97     24      0      0      0      0   1512   1410   1659      4      0 
    0     90     41     43    100      0      0      0      0      0   1512   1410   1671      4      0 
    1    233     65     69     97     24      0      0      0      0   1512   1410   1659      4      0 
# gpu    pwr  gtemp  mtemp     sm    mem    enc    dec    jpg    ofa   mclk   pclk     fb   bar1   ccpm 
# Idx      W      C      C      %      %      %      %      %      %    MHz    MHz     MB     MB     MB 
    0     90     41     43    100      0      0      0      0      0   1512   1410   1671      4      0 
    1    231     65     67     97     24      0      0      0      0   1512   1410   1659      4      0 
    0     89     41     43    100      0      0      0      0      0   1512   1410   1671      4      0 
    1    225     65     67     97     24      0      0      0      0   1512   1410   1659      4      0 
    0     89     41     43    100      0      0      0      0      0   1512   1410   1671      4      0 
    1    233     64     67     97     24      0      0      0      0   1512   1410   1659      4      0 
    0     90     41     43    100      0      0      0      0      0   1512   1410   1671      4      0 
    1    228     65     67     97     24      0      0      0      0   1512   1410   1659      4      0 
    0     89     41     43    100      0      0      0      0      0   1512   1410   1671      4      0 
    1    235     66     69     97     24      0      0      0      0   1512   1410   1659      4      0 
    0     89     41     43    100      0      0      0      0      0   1512   1410   1671      4      0 
    1    230     65     69     97     24      0      0      0      0   1512   1410   1659      4      0 
    0     89     41     43    100      0      0      0      0      0   1512   1410   1671      4      0 
    1    232     65     69     97     24      0      0      0      0   1512   1410   1659      4      0 
    0     89     41     43    100      0      0      0      0      0   1512   1410   1671      4      0 
    1    234     65     67     97     24      0      0      0      0   1512   1410   1659      4      0 
    0     89     41     43    100      0      0      0      0      0   1512   1410   1671      4      0 
    1    232     65     67     97     24      0      0      0      0   1512   1410   1659      4      0 
    0     89     41     43    100      0      0      0      0      0   1512   1410   1671      4      0 
    1    232     64     67     96     24      0      0      0      0   1512   1410   1659      4      0 
    0     89     41     43    100      0      0      0      0      0   1512   1410   1671      4      0 
    1    230     65     69     97     24      0      0      0      0   1512   1410   1659      4      0 
    0     90     41     43    100      0      0      0      0      0   1512   1410   1671      4      0 
    1    233     65     69     97     24      0      0      0      0   1512   1410   1659      4      0 
    0     89     41     43    100      0      0      0      0      0   1512   1410   1671      4      0 
    1    226     65     69     97     24      0      0      0      0   1512   1410   1659      4      0 
    0     90     41     43    100      0      0      0      0      0   1512   1410   1671      4      0 
    1    228     65     67     97     24      0      0      0      0   1512   1410   1659      4      0 
    0     89     41     43    100      0      0      0      0      0   1512   1410   1671      4      0 
    1    229     65     67     97     24      0      0      0      0   1512   1410   1659      4      0 
    0     89     41     43    100      0      0      0      0      0   1512   1410   1671      4      0 
    1    233     64     67     97     24      0      0      0      0   1512   1410   1659      4      0 
    0     89     41     43    100      0      0      0      0      0   1512   1410   1671      4      0 
    1    234     65     67     97     24      0      0      0      0   1512   1410   1659      4      0 
    0     89     41     43    100      0      0      0      0      0   1512   1410   1671      4      0 
    1    232     66     69     97     24      0      0      0      0   1512   1410   1659      4      0 
    0     89     41     43     99      0      0      0      0      0   1512   1410   1671      4      0 
    1    233     65     69     97     24      0      0      0      0   1512   1410   1659      4      0 
    0     90     41     43    100      0      0      0      0      0   1512   1410   1671      4      0 
    1    229     65     69     97     24      0      0      0      0   1512   1410   1659      4      0 
    0     89     41     43    100      0      0      0      0      0   1512   1410   1671      4      0 
    1    229     65     67     97     24      0      0      0      0   1512   1410   1659      4      0 
    0     89     41     43    100      0      0      0      0      0   1512   1410   1671      4      0 
    1    230     64     67     97     24      0      0      0      0   1512   1410   1659      4      0 
# gpu    pwr  gtemp  mtemp     sm    mem    enc    dec    jpg    ofa   mclk   pclk     fb   bar1   ccpm 
# Idx      W      C      C      %      %      %      %      %      %    MHz    MHz     MB     MB     MB 
    0     89     41     43    100      0      0      0      0      0   1512   1410   1671      4      0 
    1    228     65     67     97     24      0      0      0      0   1512   1410   1659      4      0 
    0     89     41     43    100      0      0      0      0      0   1512   1410   1671      4      0 
    1    231     66     69     97     24      0      0      0      0   1512   1410   1659      4      0 
    0     89     41     43    100      0      0      0      0      0   1512   1410   1671      4      0 
    1    233     65     69     97     24      0      0      0      0   1512   1410   1659      4      0 
    0     89     41     43    100      0      0      0      0      0   1512   1410   1671      4      0 
    1    228     65     67     97     24      0      0      0      0   1512   1410   1659      4      0 
    0     90     41     43     99      0      0      0      0      0   1512   1410   1671      4      0 
    1    230     65     67     97     24      0      0      0      0   1512   1410   1659      4      0 
    0     89     41     43    100      0      0      0      0      0   1512   1410   1671      4      0 
    1    232     64     67     96     24      0      0      0      0   1512   1410   1659      4      0 
    0     89     41     43    100      0      0      0      0      0   1512   1410   1671      4      0 
    1    232     65     67     97     24      0      0      0      0   1512   1410   1659      4      0 
    0     89     41     43    100      0      0      0      0      0   1512   1410   1671      4      0 
    1    229     66     69     97     24      0      0      0      0   1512   1410   1659      4      0 
    0     89     41     43    100      0      0      0      0      0   1512   1410   1671      4      0 
    1    234     65     69     97     24      0      0      0      0   1512   1410   1659      4      0 
    0     89     41     43     99      0      0      0      0      0   1512   1410   1671      4      0 
    1    233     65     69     97     24      0      0      0      0   1512   1410   1659      4      0 
    0     89     41     43    100      0      0      0      0      0   1512   1410   1671      4      0 
    1    229     65     67     97     24      0      0      0      0   1512   1410   1659      4      0 
    0     89     41     43    100      0      0      0      0      0   1512   1410   1671      4      0 
    1    234     65     67     97     24      0      0      0      0   1512   1410   1659      4      0 
    0     89     41     43    100      0      0      0      0      0   1512   1410   1671      4      0 
    1    229     65     67     97     24      0      0      0      0   1512   1410   1659      4      0 
    0     89     41     43    100      0      0      0      0      0   1512   1410   1671      4      0 
    1    235     65     69     96     24      0      0      0      0   1512   1410   1659      4      0 
    0     89     41     43    100      0      0      0      0      0   1512   1410   1671      4      0 
    1    231     65     69     97     24      0      0      0      0   1512   1410   1659      4      0 
    0     89     41     43    100      0      0      0      0      0   1512   1410   1671      4      0 
    1    231     65     69     97     24      0      0      0      0   1512   1410   1659      4      0 
    0     89     41     43    100      0      0      0      0      0   1512   1410   1671      4      0 
    1    233     65     67     97     24      0      0      0      0   1512   1410   1659      4      0 
    0     89     41     43     99      0      0      0      0      0   1512   1410   1671      4      0 
    1    229     65     67     97     24      0      0      0      0   1512   1410   1659      4      0 
    0     89     41     43    100      0      0      0      0      0   1512   1410   1671      4      0 
    1    228     64     67     94     23      0      0      0      0   1512   1410   1659      4      0 
    0     89     41     43    100      0      0      0      0      0   1512   1410   1671      4      0 
    1    229     65     69     97     24      0      0      0      0   1512   1410   1659      4      0 
    0     89     41     43     95      0      0      0      0      0   1512   1410   1671      4      0 
    1    232     65     69     97     24      0      0      0      0   1512   1410   1659      4      0 
    0     90     41     43    100      0      0      0      0      0   1512   1410   1671      4      0 
    1    229     65     69     97     24      0      0      0      0   1512   1410   1659      4      0 
# gpu    pwr  gtemp  mtemp     sm    mem    enc    dec    jpg    ofa   mclk   pclk     fb   bar1   ccpm 
# Idx      W      C      C      %      %      %      %      %      %    MHz    MHz     MB     MB     MB 
    0     89     41     43    100      0      0      0      0      0   1512   1410   1671      4      0 
    1    230     65     69     97     24      0      0      0      0   1512   1410   1659      4      0 
    0     89     41     43    100      0      0      0      0      0   1512   1410   1671      4      0 
    1    228     65     67     97     24      0      0      0      0   1512   1410   1659      4      0 
    0     89     41     43    100      0      0      0      0      0   1512   1410   1671      4      0 
    1    229     64     67     97     24      0      0      0      0   1512   1410   1659      4      0 
    0     89     41     43    100      0      0      0      0      0   1512   1410   1671      4      0 
    1    228     65     67     97     24      0      0      0      0   1512   1410   1659      4      0 
    0     89     41     43    100      0      0      0      0      0   1512   1410   1671      4      0 
    1    231     66     69     96     24      0      0      0      0   1512   1410   1659      4      0 
    0     90     41     43    100      0      0      0      0      0   1512   1410   1671      4      0 
    1    233     65     69     97     24      0      0      0      0   1512   1410   1659      4      0 
    0     89     41     43    100      0      0      0      0      0   1512   1410   1671      4      0 
    1    228     65     69     97     24      0      0      0      0   1512   1410   1659      4      0 
    0     89     41     43    100      0      0      0      0      0   1512   1410   1671      4      0 
    1    228     65     67     97     24      0      0      0      0   1512   1410   1659      4      0 
    0     89     41     43     99      0      0      0      0      0   1512   1410   1671      4      0 
    1    232     65     67     97     24      0      0      0      0   1512   1410   1659      4      0 
    0     89     41     43    100      0      0      0      0      0   1512   1410   1671      4      0 
    1    230     64     67     97     24      0      0      0      0   1512   1410   1659      4      0 
    0     89     41     43    100      0      0      0      0      0   1512   1410   1671      4      0 
    1    231     65     69     97     24      0      0      0      0   1512   1410   1659      4      0 
    0     89     41     43    100      0      0      0      0      0   1512   1410   1671      4      0 
    1    231     65     69     97     24      0      0      0      0   1512   1410   1659      4      0 
    0     89     41     43    100      0      0      0      0      0   1512   1410   1671      4      0 
    1    233     65     69     97     24      0      0      0      0   1512   1410   1659      4      0 
    0     89     41     43    100      0      0      0      0      0   1512   1410   1671      4      0 
    1    235     65     67     97     24      0      0      0      0   1512   1410   1659      4      0 
    0     89     41     43    100      0      0      0      0      0   1512   1410   1671      4      0 
    1    229     65     67     97     24      0      0      0      0   1512   1410   1659      4      0 
    0     89     41     43    100      0      0      0      0      0   1512   1410   1671      4      0 
    1    231     64     67     97     24      0      0      0      0   1512   1410   1659      4      0 
    0     89     41     43    100      0      0      0      0      0   1512   1410   1671      4      0 
    1    230     65     69     97     24      0      0      0      0   1512   1410   1659      4      0 
    0     89     41     43    100      0      0      0      0      0   1512   1410   1671      4      0 
    1    234     66     69     97     24      0      0      0      0   1512   1410   1659      4      0 
    0     89     41     43    100      0      0      0      0      0   1512   1410   1671      4      0 
    1    232     65     69     97     24      0      0      0      0   1512   1410   1659      4      0 
    0     90     41     43    100      0      0      0      0      0   1512   1410   1671      4      0 
    1    229     65     67     97     24      0      0      0      0   1512   1410   1659      4      0 
    0     89     41     43    100      0      0      0      0      0   1512   1410   1671      4      0 
    1    230     65     67     97     24      0      0      0      0   1512   1410   1659      4      0 
    0     89     41     43     99      0      0      0      0      0   1512   1410   1671      4      0 
    1    232     64     67     97     24      0      0      0      0   1512   1410   1659      4      0 
# gpu    pwr  gtemp  mtemp     sm    mem    enc    dec    jpg    ofa   mclk   pclk     fb   bar1   ccpm 
# Idx      W      C      C      %      %      %      %      %      %    MHz    MHz     MB     MB     MB 
    0     89     41     43    100      0      0      0      0      0   1512   1410   1671      4      0 
    1    228     65     67     97     24      0      0      0      0   1512   1410   1659      4      0 
    0     89     41     43    100      0      0      0      0      0   1512   1410   1671      4      0 
    1    230     66     69     97     24      0      0      0      0   1512   1410   1659      4      0 
    0     90     41     43    100      0      0      0      0      0   1512   1410   1671      4      0 
    1    233     65     69     97     24      0      0      0      0   1512   1410   1659      4      0 
    0     90     41     43    100      0      0      0      0      0   1512   1410   1671      4      0 
    1    230     65     67     97     24      0      0      0      0   1512   1410   1659      4      0 
    0     89     41     43    100      0      0      0      0      0   1512   1410   1671      4      0 
    1    230     65     67     97     24      0      0      0      0   1512   1410   1659      4      0 
    0     89     41     43    100      0      0      0      0      0   1512   1410   1671      4      0 
    1    233     64     67     97     24      0      0      0      0   1512   1410   1659      4      0 
    0     89     41     43    100      0      0      0      0      0   1512   1410   1671      4      0 
    1    231     65     67     97     24      0      0      0      0   1512   1410   1659      4      0 
    0     90     41     43     99      0      0      0      0      0   1512   1410   1671      4      0 
    1    235     65     69     97     24      0      0      0      0   1512   1410   1659      4      0 
    0     90     41     43    100      0      0      0      0      0   1512   1410   1671      4      0 
    1    234     65     69     97     24      0      0      0      0   1512   1410   1659      4      0 
    0     90     41     43    100      0      0      0      0      0   1512   1410   1671      4      0 
    1    232     65     67     97     24      0      0      0      0   1512   1410   1659      4      0 
    0     90     41     43    100      0      0      0      0      0   1512   1410   1671      4      0 
    1    231     65     67     97     24      0      0      0      0   1512   1410   1659      4      0 
    0     89     41     43    100      0      0      0      0      0   1512   1410   1671      4      0 
    1    231     64     67     97     24      0      0      0      0   1512   1410   1659      4      0 
    0     90     41     43     99      0      0      0      0      0   1512   1410   1671      4      0 
    1    230     65     69     97     24      0      0      0      0   1512   1410   1659      4      0 
    0     90     41     43    100      0      0      0      0      0   1512   1410   1671      4      0 
    1    227     65     69     97     24      0      0      0      0   1512   1410   1659      4      0 
    0     89     41     43    100      0      0      0      0      0   1512   1410   1671      4      0 
    1    231     65     69     97     24      0      0      0      0   1512   1410   1659      4      0 
    0     90     41     43    100      0      0      0      0      0   1512   1410   1671      4      0 
    1    232     65     67     97     24      0      0      0      0   1512   1410   1659      4      0 
    0     89     41     43    100      0      0      0      0      0   1512   1410   1671      4      0 
    1    231     65     67     97     24      0      0      0      0   1512   1410   1659      4      0 
    0     89     41     43    100      0      0      0      0      0   1512   1410   1671      4      0 
    1    232     64     67     97     24      0      0      0      0   1512   1410   1659      4      0 
    0     90     41     43    100      0      0      0      0      0   1512   1410   1671      4      0 
    1    229     65     69     97     24      0      0      0      0   1512   1410   1659      4      0 
    0     90     41     43    100      0      0      0      0      0   1512   1410   1671      4      0 
    1    234     66     69     97     24      0      0      0      0   1512   1410   1659      4      0 
    0     90     41     43    100      0      0      0      0      0   1512   1410   1671      4      0 
    1    230     65     69     97     24      0      0      0      0   1512   1410   1659      4      0 
    0     89     41     43    100      0      0      0      0      0   1512   1410   1671      4      0 
    1    230     65     69     97     24      0      0      0      0   1512   1410   1659      4      0 
# gpu    pwr  gtemp  mtemp     sm    mem    enc    dec    jpg    ofa   mclk   pclk     fb   bar1   ccpm 
# Idx      W      C      C      %      %      %      %      %      %    MHz    MHz     MB     MB     MB 
    0     89     41     43    100      0      0      0      0      0   1512   1410   1671      4      0 
    1    230     65     67     97     24      0      0      0      0   1512   1410   1659      4      0 
    0     90     41     43    100      0      0      0      0      0   1512   1410   1671      4      0 
    1    230     64     67     97     24      0      0      0      0   1512   1410   1659      4      0 
    0     89     41     43    100      0      0      0      0      0   1512   1410   1671      4      0 
    1    230     65     67     97     24      0      0      0      0   1512   1410   1659      4      0 
    0     90     41     43     99      0      0      0      0      0   1512   1410   1671      4      0 
    1    230     66     69     97     24      0      0      0      0   1512   1410   1659      4      0 
    0     90     41     43    100      0      0      0      0      0   1512   1410   1671      4      0 
    1    228     65     69     97     24      0      0      0      0   1512   1410   1659      4      0 
    0     89     41     43    100      0      0      0      0      0   1512   1410   1671      4      0 
    1    230     65     69     97     24      0      0      0      0   1512   1410   1659      4      0 
    0     89     41     43    100      0      0      0      0      0   1512   1410   1671      4      0 
    1    228     65     67     97     24      0      0      0      0   1512   1410   1659      4      0 
    0     90     41     43    100      0      0      0      0      0   1512   1410   1671      4      0 
    1    230     65     67     97     24      0      0      0      0   1512   1410   1659      4      0 
    0     89     41     43    100      0      0      0      0      0   1512   1410   1671      4      0 
    1    230     64     67     97     24      0      0      0      0   1512   1410   1659      4      0 
    0     89     41     43    100      0      0      0      0      0   1512   1410   1671      4      0 
    1    234     65     69     97     24      0      0      0      0   1512   1410   1659      4      0 
    0     89     41     43     99      0      0      0      0      0   1512   1410   1671      4      0 
    1    235     65     69     97     24      0      0      0      0   1512   1410   1659      4      0 
    0     89     41     43     99      0      0      0      0      0   1512   1410   1671      4      0 
    1    236     65     69     97     24      0      0      0      0   1512   1410   1659      4      0 
    0     89     41     43    100      0      0      0      0      0   1512   1410   1671      4      0 
    1    231     65     67     97     24      0      0      0      0   1512   1410   1659      4      0 
    0     89     41     43     99      0      0      0      0      0   1512   1410   1671      4      0 
    1    234     65     67     97     24      0      0      0      0   1512   1410   1659      4      0 
    0     89     41     43     99      0      0      0      0      0   1512   1410   1671      4      0 
    1    230     64     67     97     24      0      0      0      0   1512   1410   1659      4      0 
    0     90     41     43    100      0      0      0      0      0   1512   1410   1671      4      0 
    1    233     65     69     97     24      0      0      0      0   1512   1410   1659      4      0 
    0     89     41     43     99      0      0      0      0      0   1512   1410   1671      4      0 
    1    233     65     69     97     24      0      0      0      0   1512   1410   1659      4      0 
    0     89     41     43     99      0      0      0      0      0   1512   1410   1671      4      0 
    1    233     65     69     96     24      0      0      0      0   1512   1410   1659      4      0 
    0     89     41     43     99      0      0      0      0      0   1512   1410   1671      4      0 
    1    230     65     67     97     24      0      0      0      0   1512   1410   1659      4      0 
    0     89     41     43    100      0      0      0      0      0   1512   1410   1671      4      0 
    1    234     65     67     97     24      0      0      0      0   1512   1410   1659      4      0 
    0     90     41     43     99      0      0      0      0      0   1512   1410   1671      4      0 
    1    232     64     67     97     24      0      0      0      0   1512   1410   1659      4      0 
    0     90     41     43    100      0      0      0      0      0   1512   1410   1671      4      0 
    1    229     65     69     97     24      0      0      0      0   1512   1410   1659      4      0 
# gpu    pwr  gtemp  mtemp     sm    mem    enc    dec    jpg    ofa   mclk   pclk     fb   bar1   ccpm 
# Idx      W      C      C      %      %      %      %      %      %    MHz    MHz     MB     MB     MB 
    0     90     41     43    100      0      0      0      0      0   1512   1410   1671      4      0 
    1    230     65     69     97     24      0      0      0      0   1512   1410   1659      4      0 
    0     89     41     43     99      0      0      0      0      0   1512   1410   1671      4      0 
    1    235     65     69     97     24      0      0      0      0   1512   1410   1659      4      0 
    0     89     41     43     99      0      0      0      0      0   1512   1410   1671      4      0 
    1    234     65     67     97     24      0      0      0      0   1512   1410   1659      4      0 
    0     89     41     43     99      0      0      0      0      0   1512   1410   1671      4      0 
    1    228     65     67     97     24      0      0      0      0   1512   1410   1659      4      0 
    0     89     41     43     99      0      0      0      0      0   1512   1410   1671      4      0 
    1    228     64     67     97     24      0      0      0      0   1512   1410   1659      4      0 
    0     90     41     43    100      0      0      0      0      0   1512   1410   1671      4      0 
    1    235     65     69     97     24      0      0      0      0   1512   1410   1659      4      0 
    0     89     41     43     99      0      0      0      0      0   1512   1410   1671      4      0 
    1    233     65     69     97     24      0      0      0      0   1512   1410   1659      4      0 
    0     89     41     43     99      0      0      0      0      0   1512   1410   1671      4      0 
    1    232     65     69     97     24      0      0      0      0   1512   1410   1659      4      0 
    0     89     41     43     99      0      0      0      0      0   1512   1410   1671      4      0 
    1    230     65     69     97     24      0      0      0      0   1512   1410   1659      4      0 
    0     89     41     43    100      0      0      0      0      0   1512   1410   1671      4      0 
    1    230     65     67     97     24      0      0      0      0   1512   1410   1659      4      0 
    0     89     41     43    100      0      0      0      0      0   1512   1410   1671      4      0 
    1    232     64     67     97     24      0      0      0      0   1512   1410   1659      4      0 
    0     89     41     43     99      0      0      0      0      0   1512   1410   1671      4      0 
    1    230     65     67     97     24      0      0      0      0   1512   1410   1659      4      0 
    0     89     41     43    100      0      0      0      0      0   1512   1410   1671      4      0 
    1    230     66     69     97     24      0      0      0      0   1512   1410   1659      4      0 
    0     89     41     43     99      0      0      0      0      0   1512   1410   1671      4      0 
    1    228     65     69     97     24      0      0      0      0   1512   1410   1659      4      0 
    0     89     41     43    100      0      0      0      0      0   1512   1410   1671      4      0 
    1    232     65     69     97     24      0      0      0      0   1512   1410   1659      4      0 
    0     90     41     43     99      0      0      0      0      0   1512   1410   1671      4      0 
    1    229     65     67     97     24      0      0      0      0   1512   1410   1659      4      0 
    0     89     41     43     99      0      0      0      0      0   1512   1410   1671      4      0 
    1    234     65     67     97     24      0      0      0      0   1512   1410   1659      4      0 
    0     89     41     43     99      0      0      0      0      0   1512   1410   1671      4      0 
    1    234     64     67     97     24      0      0      0      0   1512   1410   1659      4      0 
    0     90     41     43    100      0      0      0      0      0   1512   1410   1671      4      0 
    1    230     65     69     97     24      0      0      0      0   1512   1410   1659      4      0 
    0     89     41     43     99      0      0      0      0      0   1512   1410   1671      4      0 
    1    234     66     69     97     24      0      0      0      0   1512   1410   1659      4      0 
    0     89     41     43     99      0      0      0      0      0   1512   1410   1671      4      0 
    1    233     65     69     97     24      0      0      0      0   1512   1410   1659      4      0 
    0     90     41     43     99      0      0      0      0      0   1512   1410   1671      4      0 
    1    232     65     69     97     24      0      0      0      0   1512   1410   1659      4      0 
# gpu    pwr  gtemp  mtemp     sm    mem    enc    dec    jpg    ofa   mclk   pclk     fb   bar1   ccpm 
# Idx      W      C      C      %      %      %      %      %      %    MHz    MHz     MB     MB     MB 
    0     90     41     43     99      0      0      0      0      0   1512   1410   1671      4      0 
    1    231     65     67     97     24      0      0      0      0   1512   1410   1659      4      0 
    0     89     41     43     99      0      0      0      0      0   1512   1410   1671      4      0 
    1    230     64     67     97     24      0      0      0      0   1512   1410   1659      4      0 
    0     89     41     43     99      0      0      0      0      0   1512   1410   1671      4      0 
    1    232     65     69     97     24      0      0      0      0   1512   1410   1659      4      0 
    0     89     41     43     99      0      0      0      0      0   1512   1410   1671      4      0 
    1    233     66     69     97     24      0      0      0      0   1512   1410   1659      4      0 
    0     89     41     43     99      0      0      0      0      0   1512   1410   1671      4      0 
    1    229     65     69     97     24      0      0      0      0   1512   1410   1659      4      0 
    0     90     41     43    100      0      0      0      0      0   1512   1410   1671      4      0 
    1    229     65     69     97     24      0      0      0      0   1512   1410   1659      4      0 
    0     88     41     43     99      0      0      0      0      0   1512   1410   1671      4      0 
    1    228     65     67     97     24      0      0      0      0   1512   1410   1659      4      0 
    0     90     41     43     99      0      0      0      0      0   1512   1410   1671      4      0 
    1    230     64     67     96     24      0      0      0      0   1512   1410   1659      4      0 
    0     90     41     43    100      0      0      0      0      0   1512   1410   1671      4      0 
    1    230     65     67     97     24      0      0      0      0   1512   1410   1659      4      0 
    0     89     41     43     99      0      0      0      0      0   1512   1410   1671      4      0 
    1    232     66     69     97     24      0      0      0      0   1512   1410   1659      4      0 
    0     89     41     43     99      0      0      0      0      0   1512   1410   1671      4      0 
    1    229     65     69     97     24      0      0      0      0   1512   1410   1659      4      0 
    0     89     41     43    100      0      0      0      0      0   1512   1410   1671      4      0 
    1    232     65     69     97     24      0      0      0      0   1512   1410   1659      4      0 
    0     90     41     43    100      0      0      0      0      0   1512   1410   1671      4      0 
    1    229     65     67     97     24      0      0      0      0   1512   1410   1659      4      0 
    0     89     41     43    100      0      0      0      0      0   1512   1410   1671      4      0 
    1    231     65     67     97     24      0      0      0      0   1512   1410   1659      4      0 
    0     89     41     43     99      0      0      0      0      0   1512   1410   1671      4      0 
    1    228     65     67     97     24      0      0      0      0   1512   1410   1659      4      0 
    0     90     41     43    100      0      0      0      0      0   1512   1410   1671      4      0 
    1    235     65     69     97     24      0      0      0      0   1512   1410   1659      4      0 
    0     89     41     43    100      0      0      0      0      0   1512   1410   1671      4      0 
    1    231     65     69     97     24      0      0      0      0   1512   1410   1659      4      0 
    0     90     41     43     99      0      0      0      0      0   1512   1410   1671      4      0 
    1    226     65     69     97     24      0      0      0      0   1512   1410   1659      4      0 
    0     89     41     43     99      0      0      0      0      0   1512   1410   1671      4      0 
    1    232     65     67     97     24      0      0      0      0   1512   1410   1659      4      0 
    0     89     41     43     99      0      0      0      0      0   1512   1410   1671      4      0 
    1    233     65     67     97     24      0      0      0      0   1512   1410   1659      4      0 
    0     89     41     43    100      0      0      0      0      0   1512   1410   1671      4      0 
    1    234     65     67     97     24      0      0      0      0   1512   1410   1659      4      0 
    0     90     41     43     99      0      0      0      0      0   1512   1410   1671      4      0 
    1    232     65     69     97     24      0      0      0      0   1512   1410   1659      4      0 
# gpu    pwr  gtemp  mtemp     sm    mem    enc    dec    jpg    ofa   mclk   pclk     fb   bar1   ccpm 
# Idx      W      C      C      %      %      %      %      %      %    MHz    MHz     MB     MB     MB 
    0     90     41     43    100      0      0      0      0      0   1512   1410   1671      4      0 
    1    234     65     69     97     24      0      0      0      0   1512   1410   1659      4      0 
    0     90     41     43    100      0      0      0      0      0   1512   1410   1671      4      0 
    1    232     65     67     97     24      0      0      0      0   1512   1410   1659      4      0 
    0     89     41     43    100      0      0      0      0      0   1512   1410   1671      4      0 
    1    233     65     67     97     24      0      0      0      0   1512   1410   1659      4      0 
    0     89     41     43    100      0      0      0      0      0   1512   1410   1671      4      0 
    1    231     64     67     96     24      0      0      0      0   1512   1410   1659      4      0 
    0     90     41     43     99      0      0      0      0      0   1512   1410   1671      4      0 
    1    229     65     67     97     24      0      0      0      0   1512   1410   1659      4      0 
    0     89     41     43     99      0      0      0      0      0   1512   1410   1671      4      0 
    1    231     65     69     97     24      0      0      0      0   1512   1410   1659      4      0 
    0     90     41     43     99      0      0      0      0      0   1512   1410   1671      4      0 
    1    230     65     69     97     24      0      0      0      0   1512   1410   1659      4      0 
    0     89     41     43     99      0      0      0      0      0   1512   1410   1671      4      0 
    1    230     65     69     97     24      0      0      0      0   1512   1410   1659      4      0 
    0     89     41     43    100      0      0      0      0      0   1512   1410   1671      4      0 
    1    229     65     67     97     24      0      0      0      0   1512   1410   1659      4      0 
    0     89     41     43     99      0      0      0      0      0   1512   1410   1671      4      0 
    1    228     65     67     97     24      0      0      0      0   1512   1410   1659      4      0 
    0     90     41     43     99      0      0      0      0      0   1512   1410   1671      4      0 
    1    228     64     67     97     24      0      0      0      0   1512   1410   1659      4      0 
    0     44     40     43      0      0      0      0      0      0   1512    210      0      1      0 
    1    231     65     69     97     24      0      0      0      0   1512   1410   1659      4      0 
    0     44     39     43      0      0      0      0      0      0   1512    210      0      1      0 
    1    233     65     69     97     24      0      0      0      0   1512   1410   1659      4      0 
    0     44     38     43      0      0      0      0      0      0   1512    210      0      1      0 
    1    231     65     69     97     24      0      0      0      0   1512   1410   1659      4      0 
    0     44     38     41      0      0      0      0      0      0   1512    210      0      1      0 
    1    233     65     67     97     24      0      0      0      0   1512   1410   1659      4      0 
    0     44     38     41      0      0      0      0      0      0   1512    210      0      1      0 
    1    229     65     67     97     24      0      0      0      0   1512   1410   1659      4      0 
    0     43     37     41      0      0      0      0      0      0   1512    210      0      1      0 
    1    232     64     67     97     24      0      0      0      0   1512   1410   1659      4      0 
    0     43     37     41      0      0      0      0      0      0   1512    210      0      1      0 
    1    233     65     69     97     24      0      0      0      0   1512   1410   1659      4      0 
    0     44     37     41      0      0      0      0      0      0   1512    210      0      1      0 
    1    231     66     69     97     24      0      0      0      0   1512   1410   1659      4      0 
    0     43     36     41      0      0      0      0      0      0   1512    210      0      1      0 
    1    231     65     69     97     24      0      0      0      0   1512   1410   1659      4      0 
    0     43     36     39      0      0      0      0      0      0   1512    210      0      1      0 
    1    229     65     67     97     24      0      0      0      0   1512   1410   1659      4      0 
    0     43     36     39      0      0      0      0      0      0   1512    210      0      1      0 
    1    234     65     67     97     24      0      0      0      0   1512   1410   1659      4      0 
# gpu    pwr  gtemp  mtemp     sm    mem    enc    dec    jpg    ofa   mclk   pclk     fb   bar1   ccpm 
# Idx      W      C      C      %      %      %      %      %      %    MHz    MHz     MB     MB     MB 
    0     43     36     39      0      0      0      0      0      0   1512    210      0      1      0 
    1    234     64     67     97     24      0      0      0      0   1512   1410   1659      4      0 
    0     43     36     39      0      0      0      0      0      0   1512    210      0      1      0 
    1    229     65     67     97     24      0      0      0      0   1512   1410   1659      4      0 
    0     43     36     39      0      0      0      0      0      0   1512    210      0      1      0 
    1    232     66     69     96     24      0      0      0      0   1512   1410   1659      4      0 
    0     43     35     39      0      0      0      0      0      0   1512    210      0      1      0 
    1    231     65     69     97     24      0      0      0      0   1512   1410   1659      4      0 
    0     42     35     39      0      0      0      0      0      0   1512    210      0      1      0 
    1    231     65     69     97     24      0      0      0      0   1512   1410   1659      4      0 
    0     43     35     39      0      0      0      0      0      0   1512    210      0      1      0 
    1    234     65     67     97     24      0      0      0      0   1512   1410   1659      4      0 
    0     42     35     39      0      0      0      0      0      0   1512    210      0      1      0 
    1    228     65     67     97     24      0      0      0      0   1512   1410   1659      4      0 
    0     43     35     39      0      0      0      0      0      0   1512    210      0      1      0 
    1    231     64     67     96     24      0      0      0      0   1512   1410   1659      4      0 
    0     43     35     39      0      0      0      0      0      0   1512    210      0      1      0 
    1    232     65     69     97     24      0      0      0      0   1512   1410   1659      4      0 
    0     43     35     39      0      0      0      0      0      0   1512    210      0      1      0 
    1    232     65     69     97     24      0      0      0      0   1512   1410   1659      4      0 
    0     42     34     39      0      0      0      0      0      0   1512    210      0      1      0 
    1    231     65     69     97     24      0      0      0      0   1512   1410   1659      4      0 
    0     42     34     39      0      0      0      0      0      0   1512    210      0      1      0 
    1    233     65     67     97     24      0      0      0      0   1512   1410   1659      4      0 
    0     43     34     39      0      0      0      0      0      0   1512    210      0      1      0 
    1    228     65     67     97     24      0      0      0      0   1512   1410   1659      4      0 
    0     42     34     37      0      0      0      0      0      0   1512    210      0      1      0 
    1    230     64     67     97     24      0      0      0      0   1512   1410   1659      4      0 
    0     42     34     37      0      0      0      0      0      0   1512    210      0      1      0 
    1    231     65     69     97     24      0      0      0      0   1512   1410   1659      4      0 
    0     43     34     37      0      0      0      0      0      0   1512    210      0      1      0 
    1    232     66     69     97     24      0      0      0      0   1512   1410   1659      4      0 
    0     42     34     37      0      0      0      0      0      0   1512    210      0      1      0 
    1    232     65     69     97     24      0      0      0      0   1512   1410   1659      4      0 
    0     42     34     37      0      0      0      0      0      0   1512    210      0      1      0 
    1    233     65     67     97     24      0      0      0      0   1512   1410   1659      4      0 
    0     42     34     37      0      0      0      0      0      0   1512    210      0      1      0 
    1    232     65     67     97     24      0      0      0      0   1512   1410   1659      4      0 
    0     43     34     37      0      0      0      0      0      0   1512    210      0      1      0 
    1    231     64     67     97     24      0      0      0      0   1512   1410   1659      4      0 
    0     42     34     37      0      0      0      0      0      0   1512    210      0      1      0 
    1    229     65     67     96     24      0      0      0      0   1512   1410   1659      4      0 
    0     42     34     37      0      0      0      0      0      0   1512    210      0      1      0 
    1    231     66     69     97     24      0      0      0      0   1512   1410   1659      4      0 
# gpu    pwr  gtemp  mtemp     sm    mem    enc    dec    jpg    ofa   mclk   pclk     fb   bar1   ccpm 
# Idx      W      C      C      %      %      %      %      %      %    MHz    MHz     MB     MB     MB 
    0     43     34     37      0      0      0      0      0      0   1512    210      0      1      0 
    1    233     65     69     97     24      0      0      0      0   1512   1410   1659      4      0 
    0     43     34     37      0      0      0      0      0      0   1512    210      0      1      0 
    1    228     65     69     97     24      0      0      0      0   1512   1410   1659      4      0 
    0     42     34     37      0      0      0      0      0      0   1512    210      0      1      0 
    1    230     65     67     97     24      0      0      0      0   1512   1410   1659      4      0 
    0     42     34     37      0      0      0      0      0      0   1512    210      0      1      0 
    1    232     64     67     96     24      0      0      0      0   1512   1410   1659      4      0 
    0     42     34     37      0      0      0      0      0      0   1512    210      0      1      0 
    1    230     65     67     97     24      0      0      0      0   1512   1410   1659      4      0 
    0     42     34     37      0      0      0      0      0      0   1512    210      0      1      0 
    1    232     66     69     97     24      0      0      0      0   1512   1410   1659      4      0 
    0     90     35     39     99      0      0      0      0      0   1512   1410   1479      4      0 
    1    235     65     69     97     24      0      0      0      0   1512   1410   1659      4      0 
    0     89     36     39     99      0      0      0      0      0   1512   1410   1479      4      0 
    1    228     65     69     97     24      0      0      0      0   1512   1410   1659      4      0 
    0     90     36     39     99      0      0      0      0      0   1512   1410   1479      4      0 
    1    231     65     67     97     24      0      0      0      0   1512   1410   1659      4      0 
    0     90     37     39     99      0      0      0      0      0   1512   1410   1479      4      0 
    1    233     65     67     97     24      0      0      0      0   1512   1410   1659      4      0 
    0     90     37     39     99      0      0      0      0      0   1512   1410   1479      4      0 
    1    230     65     67     97     24      0      0      0      0   1512   1410   1659      4      0 
    0     91     37     41     99      0      0      0      0      0   1512   1410   1479      4      0 
    1    231     66     69     97     24      0      0      0      0   1512   1410   1659      4      0 
    0     90     38     41     99      0      0      0      0      0   1512   1410   1479      4      0 
    1    233     65     69     97     24      0      0      0      0   1512   1410   1659      4      0 
    0     90     38     41     99      0      0      0      0      0   1512   1410   1479      4      0 
    1    231     65     69     97     24      0      0      0      0   1512   1410   1659      4      0 
    0     90     38     41     99      0      0      0      0      0   1512   1410   1479      4      0 
    1    233     65     67     97     24      0      0      0      0   1512   1410   1659      4      0 
    0     91     38     41     99      0      0      0      0      0   1512   1410   1479      4      0 
    1    233     65     67     97     24      0      0      0      0   1512   1410   1659      4      0 
    0     91     38     41     99      0      0      0      0      0   1512   1410   1479      4      0 
    1    230     64     67     97     24      0      0      0      0   1512   1410   1659      4      0 
    0     91     39     41     99      0      0      0      0      0   1512   1410   1479      4      0 
    1    230     65     67     97     24      0      0      0      0   1512   1410   1659      4      0 
    0     91     39     41     99      0      0      0      0      0   1512   1410   1479      4      0 
    1    235     66     69     97     24      0      0      0      0   1512   1410   1659      4      0 
    0     91     39     41     99      0      0      0      0      0   1512   1410   1479      4      0 
    1    234     65     69     97     24      0      0      0      0   1512   1410   1659      4      0 
    0     88     39     41     99      0      0      0      0      0   1512   1410   1479      4      0 
    1    231     65     69     97     24      0      0      0      0   1512   1410   1659      4      0 
    0     88     39     43     99      0      0      0      0      0   1512   1410   1479      4      0 
    1    233     65     67     97     24      0      0      0      0   1512   1410   1659      4      0 
# gpu    pwr  gtemp  mtemp     sm    mem    enc    dec    jpg    ofa   mclk   pclk     fb   bar1   ccpm 
# Idx      W      C      C      %      %      %      %      %      %    MHz    MHz     MB     MB     MB 
    0     87     39     41     99      0      0      0      0      0   1512   1410   1479      4      0 
    1    231     64     67     97     24      0      0      0      0   1512   1410   1659      4      0 
    0     87     39     43     99      0      0      0      0      0   1512   1410   1479      4      0 
    1    233     65     67     97     24      0      0      0      0   1512   1410   1659      4      0 
    0     87     40     43     99      0      0      0      0      0   1512   1410   1479      4      0 
    1    228     65     69     97     24      0      0      0      0   1512   1410   1659      4      0 
    0     87     40     43     99      0      0      0      0      0   1512   1410   1479      4      0 
    1    231     65     69     97     24      0      0      0      0   1512   1410   1659      4      0 
    0     87     40     43     99      0      0      0      0      0   1512   1410   1479      4      0 
    1    228     65     69     97     24      0      0      0      0   1512   1410   1659      4      0 
    0     86     40     43     99      0      0      0      0      0   1512   1410   1479      4      0 
    1    229     65     67     97     24      0      0      0      0   1512   1410   1659      4      0 
    0     86     40     43     99      0      0      0      0      0   1512   1410   1479      4      0 
    1    228     65     67     97     24      0      0      0      0   1512   1410   1659      4      0 
    0     88     40     43     99      0      0      0      0      0   1512   1410   1479      4      0 
    1    230     65     67     97     24      0      0      0      0   1512   1410   1659      4      0 
    0     86     40     43     99      0      0      0      0      0   1512   1410   1479      4      0 
    1    233     65     69     97     24      0      0      0      0   1512   1410   1659      4      0 
    0     87     40     43     99      0      0      0      0      0   1512   1410   1479      4      0 
    1    232     65     69     97     24      0      0      0      0   1512   1410   1659      4      0 
    0     87     40     43     99      0      0      0      0      0   1512   1410   1479      4      0 
    1    234     65     69     97     24      0      0      0      0   1512   1410   1659      4      0 
    0     88     40     43     99      0      0      0      0      0   1512   1410   1479      4      0 
    1    229     65     67     97     24      0      0      0      0   1512   1410   1659      4      0 
    0     87     40     43     99      0      0      0      0      0   1512   1410   1479      4      0 
    1    229     65     67     97     24      0      0      0      0   1512   1410   1659      4      0 
    0     86     40     43     99      0      0      0      0      0   1512   1410   1479      4      0 
    1    228     64     67     97     24      0      0      0      0   1512   1410   1659      4      0 
    0     87     40     43     99      0      0      0      0      0   1512   1410   1479      4      0 
    1    233     65     69     97     24      0      0      0      0   1512   1410   1659      4      0 
    0     87     40     43     99      0      0      0      0      0   1512   1410   1479      4      0 
    1    234     65     69     97     24      0      0      0      0   1512   1410   1659      4      0 
    0     86     40     43     99      0      0      0      0      0   1512   1410   1479      4      0 
    1    232     65     69     97     24      0      0      0      0   1512   1410   1659      4      0 
    0     88     40     43     99      0      0      0      0      0   1512   1410   1479      4      0 
    1    235     65     67     97     24      0      0      0      0   1512   1410   1659      4      0 
    0     88     40     43     99      0      0      0      0      0   1512   1410   1479      4      0 
    1    230     65     67     97     24      0      0      0      0   1512   1410   1659      4      0 
    0     86     40     43     99      0      0      0      0      0   1512   1410   1479      4      0 
    1    229     64     67     97     24      0      0      0      0   1512   1410   1659      4      0 
    0     86     41     43     99      0      0      0      0      0   1512   1410   1479      4      0 
    1    230     65     69     97     24      0      0      0      0   1512   1410   1659      4      0 
    0     88     41     43     99      0      0      0      0      0   1512   1410   1479      4      0 
    1    230     66     69     97     24      0      0      0      0   1512   1410   1659      4      0 
# gpu    pwr  gtemp  mtemp     sm    mem    enc    dec    jpg    ofa   mclk   pclk     fb   bar1   ccpm 
# Idx      W      C      C      %      %      %      %      %      %    MHz    MHz     MB     MB     MB 
    0     87     41     43     99      0      0      0      0      0   1512   1410   1479      4      0 
    1    229     65     69     97     24      0      0      0      0   1512   1410   1659      4      0 
    0     86     40     43     99      0      0      0      0      0   1512   1410   1479      4      0 
    1    230     65     69     97     24      0      0      0      0   1512   1410   1659      4      0 
    0     86     40     43     99      0      0      0      0      0   1512   1410   1479      4      0 
    1    233     65     67     97     24      0      0      0      0   1512   1410   1659      4      0 
    0     86     40     43     99      0      0      0      0      0   1512   1410   1479      4      0 
    1    228     64     67     97     24      0      0      0      0   1512   1410   1659      4      0 
    0     44     39     43      0      0      0      0      0      0   1512    300      0      1      0 
    1    229     65     67     97     24      0      0      0      0   1512   1410   1659      4      0 
    0     50     39     43      0      0      0      0      0      0   1512    285      0      1      0 
    1    232     66     69     97     24      0      0      0      0   1512   1410   1659      4      0 
    0     88     40     43     99      0      0      0      0      0   1512   1410   1479      4      0 
    1    232     65     69     97     24      0      0      0      0   1512   1410   1659      4      0 
    0     88     40     43     99      0      0      0      0      0   1512   1410   1479      4      0 
    1    233     65     69     97     24      0      0      0      0   1512   1410   1659      4      0 
    0     88     40     43     99      0      0      0      0      0   1512   1410   1479      4      0 
    1    229     65     67     97     24      0      0      0      0   1512   1410   1659      4      0 
    0     89     40     43     98      0      0      0      0      0   1512   1410   1479      4      0 
    1    232     65     67     97     24      0      0      0      0   1512   1410   1659      4      0 
    0     88     40     43     99      0      0      0      0      0   1512   1410   1479      4      0 
    1    227     64     67     97     24      0      0      0      0   1512   1410   1659      4      0 
    0     88     40     43     99      0      0      0      0      0   1512   1410   1479      4      0 
    1    232     65     69     96     24      0      0      0      0   1512   1410   1659      4      0 
    0     88     40     43     99      0      0      0      0      0   1512   1410   1479      4      0 
    1    231     66     69     97     24      0      0      0      0   1512   1410   1659      4      0 
    0     89     40     43     99      0      0      0      0      0   1512   1410   1479      4      0 
    1    229     65     69     97     24      0      0      0      0   1512   1410   1659      4      0 
    0     89     40     43     99      0      0      0      0      0   1512   1410   1479      4      0 
    1    235     65     69     97     24      0      0      0      0   1512   1410   1659      4      0 
    0     89     40     43     99      0      0      0      0      0   1512   1410   1479      4      0 
    1    232     65     67     97     24      0      0      0      0   1512   1410   1659      4      0 
    0     89     40     43     99      0      0      0      0      0   1512   1410   1479      4      0 
    1    228     65     67     97     24      0      0      0      0   1512   1410   1659      4      0 
    0     89     40     43     99      0      0      0      0      0   1512   1410   1479      4      0 
    1    231     65     67     97     24      0      0      0      0   1512   1410   1659      4      0 
    0     89     41     43     99      0      0      0      0      0   1512   1410   1479      4      0 
    1    236     65     69     97     24      0      0      0      0   1512   1410   1659      4      0 
    0     89     41     43     99      0      0      0      0      0   1512   1410   1479      4      0 
    1    231     65     69     96     24      0      0      0      0   1512   1410   1659      4      0 
    0     88     41     43     99      0      0      0      0      0   1512   1410   1479      4      0 
    1    233     65     69     97     24      0      0      0      0   1512   1410   1659      4      0 
    0     89     41     43     99      0      0      0      0      0   1512   1410   1479      4      0 
    1    233     65     67     97     24      0      0      0      0   1512   1410   1659      4      0 
# gpu    pwr  gtemp  mtemp     sm    mem    enc    dec    jpg    ofa   mclk   pclk     fb   bar1   ccpm 
# Idx      W      C      C      %      %      %      %      %      %    MHz    MHz     MB     MB     MB 
    0     88     41     43     99      0      0      0      0      0   1512   1410   1479      4      0 
    1    229     65     67     97     24      0      0      0      0   1512   1410   1659      4      0 
    0     89     41     43     99      0      0      0      0      0   1512   1410   1479      4      0 
    1    229     64     67     97     24      0      0      0      0   1512   1410   1659      4      0 
    0     89     41     43     99      0      0      0      0      0   1512   1410   1479      4      0 
    1    226     65     69     96     24      0      0      0      0   1512   1410   1659      4      0 
    0     89     41     43     99      0      0      0      0      0   1512   1410   1479      4      0 
    1    231     65     69     97     24      0      0      0      0   1512   1410   1659      4      0 
    0     88     41     43     99      0      0      0      0      0   1512   1410   1479      4      0 
    1    234     65     69     97     24      0      0      0      0   1512   1410   1659      4      0 
    0     87     41     43     99      0      0      0      0      0   1512   1410   1479      4      0 
    1    234     65     69     97     24      0      0      0      0   1512   1410   1659      4      0 
    0     88     41     43     99      0      0      0      0      0   1512   1410   1479      4      0 
    1    232     65     67     97     24      0      0      0      0   1512   1410   1659      4      0 
    0     89     41     43     99      0      0      0      0      0   1512   1410   1479      4      0 
    1    230     64     67     97     24      0      0      0      0   1512   1410   1659      4      0 
    0     87     41     43     99      0      0      0      0      0   1512   1410   1479      4      0 
    1    229     65     67     97     24      0      0      0      0   1512   1410   1659      4      0 
    0     88     41     43     99      0      0      0      0      0   1512   1410   1479      4      0 
    1    233     65     69     97     24      0      0      0      0   1512   1410   1659      4      0 
    0     88     41     43     99      0      0      0      0      0   1512   1410   1479      4      0 
    1    232     65     69     97     24      0      0      0      0   1512   1410   1659      4      0 
    0     89     41     43     99      0      0      0      0      0   1512   1410   1479      4      0 
    1    233     65     69     97     24      0      0      0      0   1512   1410   1659      4      0 
    0     87     41     43     99      0      0      0      0      0   1512   1410   1479      4      0 
    1    227     65     67     97     24      0      0      0      0   1512   1410   1659      4      0 
    0     88     41     43     99      0      0      0      0      0   1512   1410   1479      4      0 
    1    233     64     67     97     24      0      0      0      0   1512   1410   1659      4      0 
    0     87     41     43     99      0      0      0      0      0   1512   1410   1479      4      0 
    1    233     65     67     97     24      0      0      0      0   1512   1410   1659      4      0 
    0     87     41     43     99      0      0      0      0      0   1512   1410   1479      4      0 
    1    227     66     69     97     24      0      0      0      0   1512   1410   1659      4      0 
    0     87     41     43     99      0      0      0      0      0   1512   1410   1479      4      0 
    1    233     65     69     97     24      0      0      0      0   1512   1410   1659      4      0 
    0     86     41     43     99      0      0      0      0      0   1512   1410   1479      4      0 
    1    229     65     69     97     24      0      0      0      0   1512   1410   1659      4      0 
    0     87     41     43     99      0      0      0      0      0   1512   1410   1479      4      0 
    1    232     65     67     97     24      0      0      0      0   1512   1410   1659      4      0 
    0     86     41     43     99      0      0      0      0      0   1512   1410   1479      4      0 
    1    232     65     67     97     24      0      0      0      0   1512   1410   1659      4      0 
    0     87     41     43     99      0      0      0      0      0   1512   1410   1479      4      0 
    1    228     65     67     97     24      0      0      0      0   1512   1410   1659      4      0 
    0     86     41     43     99      0      0      0      0      0   1512   1410   1479      4      0 
    1    235     66     69     97     24      0      0      0      0   1512   1410   1659      4      0 
# gpu    pwr  gtemp  mtemp     sm    mem    enc    dec    jpg    ofa   mclk   pclk     fb   bar1   ccpm 
# Idx      W      C      C      %      %      %      %      %      %    MHz    MHz     MB     MB     MB 
    0     88     41     43     99      0      0      0      0      0   1512   1410   1479      4      0 
    1    232     65     69     97     24      0      0      0      0   1512   1410   1659      4      0 
    0     87     41     43     99      0      0      0      0      0   1512   1410   1479      4      0 
    1    227     65     69     97     24      0      0      0      0   1512   1410   1659      4      0 
    0     87     41     43     99      0      0      0      0      0   1512   1410   1479      4      0 
    1    231     65     67     97     24      0      0      0      0   1512   1410   1659      4      0 
    0     86     41     43     99      0      0      0      0      0   1512   1410   1479      4      0 
    1    232     65     67     97     24      0      0      0      0   1512   1410   1659      4      0 
    0     87     41     43     99      0      0      0      0      0   1512   1410   1479      4      0 
    1    228     64     67     97     24      0      0      0      0   1512   1410   1659      4      0 
    0     87     41     43     99      0      0      0      0      0   1512   1410   1479      4      0 
    1    229     65     67     97     24      0      0      0      0   1512   1410   1659      4      0 
    0     89     41     43     99      0      0      0      0      0   1512   1410   1479      4      0 
    1    232     66     69     97     24      0      0      0      0   1512   1410   1659      4      0 
    0     87     41     43     99      0      0      0      0      0   1512   1410   1479      4      0 
    1    233     65     69     97     24      0      0      0      0   1512   1410   1659      4      0 
    0     86     41     43     99      0      0      0      0      0   1512   1410   1479      4      0 
    1    231     65     69     97     24      0      0      0      0   1512   1410   1659      4      0 
    0     86     41     43     99      0      0      0      0      0   1512   1410   1479      4      0 
    1    236     65     67     97     24      0      0      0      0   1512   1410   1659      4      0 
    0     87     41     43     99      0      0      0      0      0   1512   1410   1479      4      0 
    1    230     64     67     97     24      0      0      0      0   1512   1410   1659      4      0 
    0     88     41     43     99      0      0      0      0      0   1512   1410   1479      4      0 
    1    229     65     67     97     24      0      0      0      0   1512   1410   1659      4      0 
    0     87     41     43     99      0      0      0      0      0   1512   1410   1479      4      0 
    1    234     66     69     97     24      0      0      0      0   1512   1410   1659      4      0 
    0     86     41     43     99      0      0      0      0      0   1512   1410   1479      4      0 
    1    231     65     69     97     24      0      0      0      0   1512   1410   1659      4      0 
    0     87     41     43     99      0      0      0      0      0   1512   1410   1479      4      0 
    1    233     65     69     97     24      0      0      0      0   1512   1410   1659      4      0 
    0     87     41     43     99      0      0      0      0      0   1512   1410   1479      4      0 
    1    233     65     67     97     24      0      0      0      0   1512   1410   1659      4      0 
    0     87     41     43     99      0      0      0      0      0   1512   1410   1479      4      0 
    1    233     65     67     97     24      0      0      0      0   1512   1410   1659      4      0 
    0     86     41     43     99      0      0      0      0      0   1512   1410   1479      4      0 
    1    231     64     67     97     24      0      0      0      0   1512   1410   1659      4      0 
    0     87     41     43     99      0      0      0      0      0   1512   1410   1479      4      0 
    1    233     65     69     97     24      0      0      0      0   1512   1410   1659      4      0 
    0     87     41     43     99      0      0      0      0      0   1512   1410   1479      4      0 
    1    233     66     69     96     24      0      0      0      0   1512   1410   1659      4      0 
    0     87     41     43     99      0      0      0      0      0   1512   1410   1479      4      0 
    1    233     65     69     97     24      0      0      0      0   1512   1410   1659      4      0 
    0     87     41     43     99      0      0      0      0      0   1512   1410   1479      4      0 
    1    233     65     67     97     24      0      0      0      0   1512   1410   1659      4      0 
# gpu    pwr  gtemp  mtemp     sm    mem    enc    dec    jpg    ofa   mclk   pclk     fb   bar1   ccpm 
# Idx      W      C      C      %      %      %      %      %      %    MHz    MHz     MB     MB     MB 
    0     87     41     43     99      0      0      0      0      0   1512   1410   1479      4      0 
    1    230     65     67     97     24      0      0      0      0   1512   1410   1659      4      0 
    0     86     41     43     99      0      0      0      0      0   1512   1410   1479      4      0 
    1    231     64     67     97     24      0      0      0      0   1512   1410   1659      4      0 
    0     86     41     43     99      0      0      0      0      0   1512   1410   1479      4      0 
    1    231     65     67     96     24      0      0      0      0   1512   1410   1659      4      0 
    0     87     41     43     99      0      0      0      0      0   1512   1410   1479      4      0 
    1    234     66     69     97     24      0      0      0      0   1512   1410   1659      4      0 
    0     87     41     43     99      0      0      0      0      0   1512   1410   1479      4      0 
    1    228     65     69     97     24      0      0      0      0   1512   1410   1659      4      0 
    0     86     41     43     99      0      0      0      0      0   1512   1410   1479      4      0 
    1    231     65     69     97     24      0      0      0      0   1512   1410   1659      4      0 
    0     87     41     43     99      0      0      0      0      0   1512   1410   1479      4      0 
    1    232     65     67     97     24      0      0      0      0   1512   1410   1659      4      0 
    0     87     41     43     99      0      0      0      0      0   1512   1410   1479      4      0 
    1    235     64     67     97     24      0      0      0      0   1512   1410   1659      4      0 
    0     87     41     43     99      0      0      0      0      0   1512   1410   1479      4      0 
    1    230     65     67     97     24      0      0      0      0   1512   1410   1659      4      0 
    0     87     41     43     99      0      0      0      0      0   1512   1410   1479      4      0 
    1    227     66     69     97     24      0      0      0      0   1512   1410   1659      4      0 
    0     87     41     43     99      0      0      0      0      0   1512   1410   1479      4      0 
    1    229     65     69     97     24      0      0      0      0   1512   1410   1659      4      0 
    0     86     41     43     99      0      0      0      0      0   1512   1410   1479      4      0 
    1    235     65     69     97     24      0      0      0      0   1512   1410   1659      4      0 
    0     86     41     43     99      0      0      0      0      0   1512   1410   1479      4      0 
    1    228     65     67     97     24      0      0      0      0   1512   1410   1659      4      0 
    0     86     41     43     99      0      0      0      0      0   1512   1410   1479      4      0 
    1    232     65     67     97     24      0      0      0      0   1512   1410   1659      4      0 
    0     87     41     43     99      0      0      0      0      0   1512   1410   1479      4      0 
    1    228     64     67     97     24      0      0      0      0   1512   1410   1659      4      0 
    0     88     41     43     99      0      0      0      0      0   1512   1410   1479      4      0 
    1    231     65     69     96     24      0      0      0      0   1512   1410   1659      4      0 
    0     87     41     43     99      0      0      0      0      0   1512   1410   1479      4      0 
    1    232     66     69     97     24      0      0      0      0   1512   1410   1659      4      0 
    0     87     41     43     99      0      0      0      0      0   1512   1410   1479      4      0 
    1    232     65     69     97     24      0      0      0      0   1512   1410   1659      4      0 
    0     87     41     43     99      0      0      0      0      0   1512   1410   1479      4      0 
    1    233     65     69     97     24      0      0      0      0   1512   1410   1659      4      0 
    0     87     41     43     99      0      0      0      0      0   1512   1410   1479      4      0 
    1    233     65     67     97     24      0      0      0      0   1512   1410   1659      4      0 
    0     87     41     43     99      0      0      0      0      0   1512   1410   1479      4      0 
    1    229     64     67     97     24      0      0      0      0   1512   1410   1659      4      0 
    0     87     41     43     99      0      0      0      0      0   1512   1410   1479      4      0 
    1    230     64     67     97     24      0      0      0      0   1512   1410   1659      4      0 
# gpu    pwr  gtemp  mtemp     sm    mem    enc    dec    jpg    ofa   mclk   pclk     fb   bar1   ccpm 
# Idx      W      C      C      %      %      %      %      %      %    MHz    MHz     MB     MB     MB 
    0     86     41     43     99      0      0      0      0      0   1512   1410   1479      4      0 
    1    234     65     69     97     24      0      0      0      0   1512   1410   1659      4      0 
    0     87     41     43     99      0      0      0      0      0   1512   1410   1479      4      0 
    1    233     65     69     97     24      0      0      0      0   1512   1410   1659      4      0 
    0     86     41     43     99      0      0      0      0      0   1512   1410   1479      4      0 
    1    231     65     69     97     24      0      0      0      0   1512   1410   1659      4      0 
    0     87     41     43     99      0      0      0      0      0   1512   1410   1479      4      0 
    1    230     65     67     97     24      0      0      0      0   1512   1410   1659      4      0 
    0     87     41     43     99      0      0      0      0      0   1512   1410   1479      4      0 
    1    228     65     67     97     24      0      0      0      0   1512   1410   1659      4      0 
    0     87     41     43     99      0      0      0      0      0   1512   1410   1479      4      0 
    1    229     64     67     97     24      0      0      0      0   1512   1410   1659      4      0 
    0     86     41     43     99      0      0      0      0      0   1512   1410   1479      4      0 
    1    232     65     69     96     24      0      0      0      0   1512   1410   1659      4      0 
    0     86     41     43     99      0      0      0      0      0   1512   1410   1479      4      0 
    1    231     65     69     97     24      0      0      0      0   1512   1410   1659      4      0 
    0     87     41     43     99      0      0      0      0      0   1512   1410   1479      4      0 
    1    229     65     69     97     24      0      0      0      0   1512   1410   1659      4      0 
    0     86     41     43     99      0      0      0      0      0   1512   1410   1479      4      0 
    1    229     65     69     97     24      0      0      0      0   1512   1410   1659      4      0 
    0     86     41     43     99      0      0      0      0      0   1512   1410   1479      4      0 
    1    233     65     67     97     24      0      0      0      0   1512   1410   1659      4      0 
    0     87     40     43     99      0      0      0      0      0   1512   1410   1479      4      0 
    1    231     64     67     97     24      0      0      0      0   1512   1410   1659      4      0 
    0     86     41     43     99      0      0      0      0      0   1512   1410   1479      4      0 
    1    228     65     67     97     24      0      0      0      0   1512   1410   1659      4      0 
    0     87     41     43     99      0      0      0      0      0   1512   1410   1479      4      0 
    1    231     65     69     97     24      0      0      0      0   1512   1410   1659      4      0 
    0     86     41     43     99      0      0      0      0      0   1512   1410   1479      4      0 
    1    231     65     69     97     24      0      0      0      0   1512   1410   1659      4      0 
    0     87     41     43     99      0      0      0      0      0   1512   1410   1479      4      0 
    1    233     65     67     97     24      0      0      0      0   1512   1410   1659      4      0 
    0     87     41     43     99      0      0      0      0      0   1512   1410   1479      4      0 
    1    230     65     67     97     24      0      0      0      0   1512   1410   1659      4      0 
    0     86     41     43     99      0      0      0      0      0   1512   1410   1479      4      0 
    1    230     64     67     97     24      0      0      0      0   1512   1410   1659      4      0 
    0     87     41     43     99      0      0      0      0      0   1512   1410   1479      4      0 
    1    234     65     67     97     24      0      0      0      0   1512   1410   1659      4      0 
    0     88     41     43     99      0      0      0      0      0   1512   1410   1479      4      0 
    1    230     65     69     96     24      0      0      0      0   1512   1410   1659      4      0 
    0     87     41     43     99      0      0      0      0      0   1512   1410   1479      4      0 
    1    229     65     69     97     24      0      0      0      0   1512   1410   1659      4      0 
    0     86     41     43     99      0      0      0      0      0   1512   1410   1479      4      0 
    1    234     65     67     97     24      0      0      0      0   1512   1410   1659      4      0 
# gpu    pwr  gtemp  mtemp     sm    mem    enc    dec    jpg    ofa   mclk   pclk     fb   bar1   ccpm 
# Idx      W      C      C      %      %      %      %      %      %    MHz    MHz     MB     MB     MB 
    0     64     40     43      0      0      0      0      0      0   1512   1410      0      1      0 
    1    234     64     67     97     24      0      0      0      0   1512   1410   1659      4      0 
    0     44     39     43      0      0      0      0      0      0   1512    210      0      1      0 
    1    232     65     67     97     24      0      0      0      0   1512   1410   1659      4      0 
    0     44     38     43      0      0      0      0      0      0   1512    210      0      1      0 
    1    228     64     67     97     24      0      0      0      0   1512   1410   1659      4      0 
    0     43     38     41      0      0      0      0      0      0   1512    210      0      1      0 
    1    233     65     67     97     24      0      0      0      0   1512   1410   1659      4      0 
    0     44     38     41      0      0      0      0      0      0   1512    210      0      1      0 
    1    230     66     69     97     24      0      0      0      0   1512   1410   1659      4      0 
    0     43     37     41      0      0      0      0      0      0   1512    210      0      1      0 
    1    229     65     69     97     24      0      0      0      0   1512   1410   1659      4      0 
    0     43     37     41      0      0      0      0      0      0   1512    210      0      1      0 
    1    231     65     69     97     24      0      0      0      0   1512   1410   1659      4      0 
    0     43     37     41      0      0      0      0      0      0   1512    210      0      1      0 
    1    231     65     67     97     24      0      0      0      0   1512   1410   1659      4      0 
    0     43     36     41      0      0      0      0      0      0   1512    210      0      1      0 
    1    227     64     67     97     24      0      0      0      0   1512   1410   1659      4      0 
    0     43     36     39      0      0      0      0      0      0   1512    210      0      1      0 
    1    230     65     67     97     24      0      0      0      0   1512   1410   1659      4      0 
    0     43     36     39      0      0      0      0      0      0   1512    210      0      1      0 
    1    230     66     69     96     24      0      0      0      0   1512   1410   1659      4      0 
    0     43     36     39      0      0      0      0      0      0   1512    210      0      1      0 
    1    232     65     69     97     24      0      0      0      0   1512   1410   1659      4      0 
    0     43     36     39      0      0      0      0      0      0   1512    210      0      1      0 
    1    229     65     69     97     24      0      0      0      0   1512   1410   1659      4      0 
    0     42     35     39      0      0      0      0      0      0   1512    210      0      1      0 
    1    230     65     67     97     24      0      0      0      0   1512   1410   1659      4      0 
    0     43     35     39      0      0      0      0      0      0   1512    210      0      1      0 
    1    232     65     67     97     24      0      0      0      0   1512   1410   1659      4      0 
    0     43     35     39      0      0      0      0      0      0   1512    210      0      1      0 
    1    228     64     67     97     24      0      0      0      0   1512   1410   1659      4      0 
    0     43     35     39      0      0      0      0      0      0   1512    210      0      1      0 
    1    233     65     67     97     24      0      0      0      0   1512   1410   1659      4      0 
    0     42     35     39      0      0      0      0      0      0   1512    210      0      1      0 
    1    230     66     69     97     24      0      0      0      0   1512   1410   1659      4      0 
    0     42     35     39      0      0      0      0      0      0   1512    210      0      1      0 
    1    229     65     69     97     24      0      0      0      0   1512   1410   1659      4      0 
    0     43     35     39      0      0      0      0      0      0   1512    210      0      1      0 
    1    226     65     69     97     24      0      0      0      0   1512   1410   1659      4      0 
    0     42     34     39      0      0      0      0      0      0   1512    210      0      1      0 
    1    228     65     67     97     24      0      0      0      0   1512   1410   1659      4      0 
    0     42     34     39      0      0      0      0      0      0   1512    210      0      1      0 
    1    233     65     67     97     24      0      0      0      0   1512   1410   1659      4      0 
# gpu    pwr  gtemp  mtemp     sm    mem    enc    dec    jpg    ofa   mclk   pclk     fb   bar1   ccpm 
# Idx      W      C      C      %      %      %      %      %      %    MHz    MHz     MB     MB     MB 
    0     42     34     37      0      0      0      0      0      0   1512    210      0      1      0 
    1    232     65     67     97     24      0      0      0      0   1512   1410   1659      4      0 
    0     43     34     39      0      0      0      0      0      0   1512    210      0      1      0 
    1    236     66     69     96     24      0      0      0      0   1512   1410   1659      4      0 
    0     43     34     37      0      0      0      0      0      0   1512    210      0      1      0 
    1    235     65     69     97     24      0      0      0      0   1512   1410   1659      4      0 
    0     43     34     37      0      0      0      0      0      0   1512    210      0      1      0 
    1    233     65     69     97     24      0      0      0      0   1512   1410   1659      4      0 
    0     42     34     37      0      0      0      0      0      0   1512    210      0      1      0 
    1    230     65     67     97     24      0      0      0      0   1512   1410   1659      4      0 
    0     42     34     37      0      0      0      0      0      0   1512    210      0      1      0 
    1    228     65     67     97     24      0      0      0      0   1512   1410   1659      4      0 
    0     42     34     37      0      0      0      0      0      0   1512    210      0      1      0 
    1    229     64     67     97     24      0      0      0      0   1512   1410   1659      4      0 
    0     42     34     37      0      0      0      0      0      0   1512    210      0      1      0 
    1    226     65     69     97     24      0      0      0      0   1512   1410   1659      4      0 
    0     42     34     37      0      0      0      0      0      0   1512    210      0      1      0 
    1    229     65     69     97     24      0      0      0      0   1512   1410   1659      4      0 
    0     42     34     37      0      0      0      0      0      0   1512    210      0      1      0 
    1    229     65     69     97     24      0      0      0      0   1512   1410   1659      4      0 
    0     42     34     37      0      0      0      0      0      0   1512    210      0      1      0 
    1    234     65     67     97     24      0      0      0      0   1512   1410   1659      4      0 
    0     42     34     37      0      0      0      0      0      0   1512    210      0      1      0 
    1    220     64     67     97     24      0      0      0      0   1512   1410   1659      4      0 
    0     42     34     37      0      0      0      0      0      0   1512    210      0      1      0 
    1    227     65     67     97     24      0      0      0      0   1512   1410   1659      4      0 
    0     42     34     37      0      0      0      0      0      0   1512    210      0      1      0 
    1    230     66     69     97     24      0      0      0      0   1512   1410   1659      4      0 
    0     42     34     37      0      0      0      0      0      0   1512    210      0      1      0 
    1    231     65     69     96     24      0      0      0      0   1512   1410   1659      4      0 
    0     42     34     37      0      0      0      0      0      0   1512    210      0      1      0 
    1    232     65     69     97     24      0      0      0      0   1512   1410   1659      4      0 
    0     42     34     37      0      0      0      0      0      0   1512    210      0      1      0 
    1    229     65     67     97     24      0      0      0      0   1512   1410   1659      4      0 
    0     42     33     37      0      0      0      0      0      0   1512    210      0      1      0 
    1    234     64     67     97     24      0      0      0      0   1512   1410   1659      4      0 
    0     42     33     37      0      0      0      0      0      0   1512    210      0      1      0 
    1    228     65     67     97     24      0      0      0      0   1512   1410   1659      4      0 
    0     43     34     37      0      0      0      0      0      0   1512    210      0      1      0 
    1    232     65     69     97     24      0      0      0      0   1512   1410   1659      4      0 
    0     42     34     37      0      0      0      0      0      0   1512    210      0      1      0 
    1    232     65     69     97     24      0      0      0      0   1512   1410   1659      4      0 
    0     42     33     37      0      0      0      0      0      0   1512    210      0      1      0 
    1    232     65     69     97     24      0      0      0      0   1512   1410   1659      4      0 
# gpu    pwr  gtemp  mtemp     sm    mem    enc    dec    jpg    ofa   mclk   pclk     fb   bar1   ccpm 
# Idx      W      C      C      %      %      %      %      %      %    MHz    MHz     MB     MB     MB 
    0     42     33     37      0      0      0      0      0      0   1512    210      0      1      0 
    1    233     65     67     97     24      0      0      0      0   1512   1410   1659      4      0 
    0     42     33     37      0      0      0      0      0      0   1512    210      0      1      0 
    1    230     65     67     97     24      0      0      0      0   1512   1410   1659      4      0 
    0     42     33     37      0      0      0      0      0      0   1512    210      0      1      0 
    1    228     65     67     97     24      0      0      0      0   1512   1410   1659      4      0 
    0     42     33     37      0      0      0      0      0      0   1512    210      0      1      0 
    1    230     65     69     97     24      0      0      0      0   1512   1410   1659      4      0 
    0     42     33     37      0      0      0      0      0      0   1512    210      0      1      0 
    1    234     65     69     97     24      0      0      0      0   1512   1410   1659      4      0 
    0     42     33     37      0      0      0      0      0      0   1512    210      0      1      0 
    1    233     65     69     97     24      0      0      0      0   1512   1410   1659      4      0 
    0     42     33     37      0      0      0      0      0      0   1512    210      0      1      0 
    1    233     65     67     97     24      0      0      0      0   1512   1410   1659      4      0 
    0     42     33     37      0      0      0      0      0      0   1512    210      0      1      0 
    1    229     65     67     97     24      0      0      0      0   1512   1410   1659      4      0 
    0     42     33     37      0      0      0      0      0      0   1512    210      0      1      0 
    1    234     65     67     97     24      0      0      0      0   1512   1410   1659      4      0 
    0     43     33     37      0      0      0      0      0      0   1512    210      0      1      0 
    1    229     66     69     97     24      0      0      0      0   1512   1410   1659      4      0 
    0     42     33     37      0      0      0      0      0      0   1512    210      0      1      0 
    1    228     65     69     97     24      0      0      0      0   1512   1410   1659      4      0 
    0     42     33     37      0      0      0      0      0      0   1512    210      0      1      0 
    1    233     65     69     97     24      0      0      0      0   1512   1410   1659      4      0 
    0     42     33     37      0      0      0      0      0      0   1512    210      0      1      0 
    1    234     65     67     97     24      0      0      0      0   1512   1410   1659      4      0 
    0     42     33     37      0      0      0      0      0      0   1512    210      0      1      0 
    1    230     65     67     97     24      0      0      0      0   1512   1410   1659      4      0 
    0     42     33     37      0      0      0      0      0      0   1512    210      0      1      0 
    1    230     64     67     97     24      0      0      0      0   1512   1410   1659      4      0 
    0     43     33     37      0      0      0      0      0      0   1512    210      0      1      0 
    1    232     65     67     97     24      0      0      0      0   1512   1410   1659      4      0 
    0     42     33     37      0      0      0      0      0      0   1512    210      0      1      0 
    1    232     66     69     97     24      0      0      0      0   1512   1410   1659      4      0 
    0     42     33     37      0      0      0      0      0      0   1512    210      0      1      0 
    1    229     65     69     97     24      0      0      0      0   1512   1410   1659      4      0 
    0     42     33     37      0      0      0      0      0      0   1512    210      0      1      0 
    1    227     65     69     97     24      0      0      0      0   1512   1410   1659      4      0 
    0     42     33     37      0      0      0      0      0      0   1512    210      0      1      0 
    1    235     65     67     97     24      0      0      0      0   1512   1410   1659      4      0 
    0     42     33     37      0      0      0      0      0      0   1512    210      0      1      0 
    1    231     65     67     97     24      0      0      0      0   1512   1410   1659      4      0 
    0     42     33     37      0      0      0      0      0      0   1512    210      0      1      0 
    1    234     64     67     97     24      0      0      0      0   1512   1410   1659      4      0 
# gpu    pwr  gtemp  mtemp     sm    mem    enc    dec    jpg    ofa   mclk   pclk     fb   bar1   ccpm 
# Idx      W      C      C      %      %      %      %      %      %    MHz    MHz     MB     MB     MB 
    0     42     33     37      0      0      0      0      0      0   1512    210      0      1      0 
    1    233     65     69     97     24      0      0      0      0   1512   1410   1659      4      0 
    0     42     33     37      0      0      0      0      0      0   1512    210      0      1      0 
    1    235     65     69     97     24      0      0      0      0   1512   1410   1659      4      0 
    0     42     33     37      0      0      0      0      0      0   1512    210      0      1      0 
    1    234     65     69     97     24      0      0      0      0   1512   1410   1659      4      0 
    0     42     33     37      0      0      0      0      0      0   1512    210      0      1      0 
    1    234     65     67     97     24      0      0      0      0   1512   1410   1659      4      0 
    0     42     33     37      0      0      0      0      0      0   1512    210      0      1      0 
    1    229     65     67     97     24      0      0      0      0   1512   1410   1659      4      0 
    0     42     33     37      0      0      0      0      0      0   1512    210      0      1      0 
    1    229     64     67     97     24      0      0      0      0   1512   1410   1659      4      0 
    0     42     33     37      0      0      0      0      0      0   1512    210      0      1      0 
    1    229     65     69     97     24      0      0      0      0   1512   1410   1659      4      0 
    0     42     33     37      0      0      0      0      0      0   1512    210      0      1      0 
    1    230     65     69     97     24      0      0      0      0   1512   1410   1659      4      0 
    0     42     33     37      0      0      0      0      0      0   1512    210      0      1      0 
    1    233     65     69     97     24      0      0      0      0   1512   1410   1659      4      0 
    0     42     33     37      0      0      0      0      0      0   1512    210      0      1      0 
    1    230     65     67     97     24      0      0      0      0   1512   1410   1659      4      0 
    0     42     33     37      0      0      0      0      0      0   1512    210      0      1      0 
    1    236     65     67     97     24      0      0      0      0   1512   1410   1659      4      0 
    0     42     33     37      0      0      0      0      0      0   1512    210      0      1      0 
    1    231     64     67     97     24      0      0      0      0   1512   1410   1659      4      0 
    0     42     33     37      0      0      0      0      0      0   1512    210      0      1      0 
    1    233     65     69     97     24      0      0      0      0   1512   1410   1659      4      0 
    0     42     33     37      0      0      0      0      0      0   1512    210      0      1      0 
    1    236     65     69     97     24      0      0      0      0   1512   1410   1659      4      0 
    0     42     33     37      0      0      0      0      0      0   1512    210      0      1      0 
    1    232     65     69     97     24      0      0      0      0   1512   1410   1659      4      0 
    0     42     33     37      0      0      0      0      0      0   1512    210      0      1      0 
    1    235     65     69     97     24      0      0      0      0   1512   1410   1659      4      0 
    0     42     33     37      0      0      0      0      0      0   1512    210      0      1      0 
    1    227     65     67     97     24      0      0      0      0   1512   1410   1659      4      0 
    0     42     33     37      0      0      0      0      0      0   1512    210      0      1      0 
    1    234     64     67     97     24      0      0      0      0   1512   1410   1659      4      0 
    0     42     33     37      0      0      0      0      0      0   1512    210      0      1      0 
    1    228     65     67     97     24      0      0      0      0   1512   1410   1659      4      0 
    0     42     33     37      0      0      0      0      0      0   1512    210      0      1      0 
    1    233     66     69     97     24      0      0      0      0   1512   1410   1659      4      0 
    0     42     33     37      0      0      0      0      0      0   1512    210      0      1      0 
    1    229     65     69     97     24      0      0      0      0   1512   1410   1659      4      0 
    0     42     33     37      0      0      0      0      0      0   1512    210      0      1      0 
    1    234     65     69     97     24      0      0      0      0   1512   1410   1659      4      0 
# gpu    pwr  gtemp  mtemp     sm    mem    enc    dec    jpg    ofa   mclk   pclk     fb   bar1   ccpm 
# Idx      W      C      C      %      %      %      %      %      %    MHz    MHz     MB     MB     MB 
    0     42     33     37      0      0      0      0      0      0   1512    210      0      1      0 
    1    232     65     67     97     24      0      0      0      0   1512   1410   1659      4      0 
    0     42     33     37      0      0      0      0      0      0   1512    210      0      1      0 
    1    227     64     67     97     24      0      0      0      0   1512   1410   1659      4      0 
    0     42     33     37      0      0      0      0      0      0   1512    210      0      1      0 
    1    232     65     67     97     24      0      0      0      0   1512   1410   1659      4      0 
    0     42     33     37      0      0      0      0      0      0   1512    210      0      1      0 
    1    234     66     69     97     24      0      0      0      0   1512   1410   1659      4      0 
    0     42     33     37      0      0      0      0      0      0   1512    210      0      1      0 
    1    235     65     69     97     24      0      0      0      0   1512   1410   1659      4      0 
    0     42     33     37      0      0      0      0      0      0   1512    210      0      1      0 
    1    232     65     69     97     24      0      0      0      0   1512   1410   1659      4      0 
    0     42     33     37      0      0      0      0      0      0   1512    210      0      1      0 
    1    232     65     67     97     24      0      0      0      0   1512   1410   1659      4      0 
    0     43     33     37      0      0      0      0      0      0   1512    210      0      1      0 
    1    229     65     67     97     24      0      0      0      0   1512   1410   1659      4      0 
    0     42     33     37      0      0      0      0      0      0   1512    210      0      1      0 
    1    228     64     67     97     24      0      0      0      0   1512   1410   1659      4      0 
    0     42     33     37      0      0      0      0      0      0   1512    210      0      1      0 
    1    232     65     69     97     24      0      0      0      0   1512   1410   1659      4      0 
    0     42     33     37      0      0      0      0      0      0   1512    210      0      1      0 
    1    234     65     69     97     24      0      0      0      0   1512   1410   1659      4      0 
    0     42     33     37      0      0      0      0      0      0   1512    210      0      1      0 
    1    233     65     67     97     24      0      0      0      0   1512   1410   1659      4      0 
    0     42     33     37      0      0      0      0      0      0   1512    210      0      1      0 
    1    233     65     67     97     24      0      0      0      0   1512   1410   1659      4      0 
    0     42     33     37      0      0      0      0      0      0   1512    210      0      1      0 
    1    231     64     67     97     24      0      0      0      0   1512   1410   1659      4      0 
    0     42     33     37      0      0      0      0      0      0   1512    210      0      1      0 
    1    232     65     67     97     24      0      0      0      0   1512   1410   1659      4      0 
    0     42     33     37      0      0      0      0      0      0   1512    210      0      1      0 
    1    232     65     69     97     24      0      0      0      0   1512   1410   1659      4      0 
    0     42     33     37      0      0      0      0      0      0   1512    210      0      1      0 
    1    231     65     69     97     24      0      0      0      0   1512   1410   1659      4      0 
    0     42     33     37      0      0      0      0      0      0   1512    210      0      1      0 
    1    229     65     69     97     24      0      0      0      0   1512   1410   1659      4      0 
    0     42     33     37      0      0      0      0      0      0   1512    210      0      1      0 
    1    232     65     67     97     24      0      0      0      0   1512   1410   1659      4      0 
    0     42     33     37      0      0      0      0      0      0   1512    210      0      1      0 
    1    227     65     67     97     24      0      0      0      0   1512   1410   1659      4      0 
    0     42     33     37      0      0      0      0      0      0   1512    210      0      1      0 
    1    232     64     67     97     24      0      0      0      0   1512   1410   1659      4      0 
    0     42     33     37      0      0      0      0      0      0   1512    210      0      1      0 
    1    235     66     69     97     24      0      0      0      0   1512   1410   1659      4      0 
# gpu    pwr  gtemp  mtemp     sm    mem    enc    dec    jpg    ofa   mclk   pclk     fb   bar1   ccpm 
# Idx      W      C      C      %      %      %      %      %      %    MHz    MHz     MB     MB     MB 
    0     42     33     37      0      0      0      0      0      0   1512    210      0      1      0 
    1    228     65     69     97     24      0      0      0      0   1512   1410   1659      4      0 
    0     42     33     37      0      0      0      0      0      0   1512    210      0      1      0 
    1    232     65     69     97     24      0      0      0      0   1512   1410   1659      4      0 
    0     42     33     37      0      0      0      0      0      0   1512    210      0      1      0 
    1    235     65     69     97     24      0      0      0      0   1512   1410   1659      4      0 
    0     42     33     37      0      0      0      0      0      0   1512    210      0      1      0 
    1    222     65     67     96     24      0      0      0      0   1512   1410   1659      4      0 
    0     42     33     37      0      0      0      0      0      0   1512    210      0      1      0 
    1    229     64     67     97     24      0      0      0      0   1512   1410   1659      4      0 
    0     43     33     37      0      0      0      0      0      0   1512    210      0      1      0 
    1    229     65     69     97     24      0      0      0      0   1512   1410   1659      4      0 
    0     42     33     37      0      0      0      0      0      0   1512    210      0      1      0 
    1    232     66     69     97     24      0      0      0      0   1512   1410   1659      4      0 
    0     42     33     37      0      0      0      0      0      0   1512    210      0      1      0 
    1    234     65     69     97     24      0      0      0      0   1512   1410   1659      4      0 
    0     42     33     37      0      0      0      0      0      0   1512    210      0      1      0 
    1    232     65     67     97     24      0      0      0      0   1512   1410   1659      4      0 
    0     42     33     37      0      0      0      0      0      0   1512    210      0      1      0 
    1    228     65     67     97     24      0      0      0      0   1512   1410   1659      4      0 
    0     42     33     37      0      0      0      0      0      0   1512    210      0      1      0 
    1    233     64     67     97     24      0      0      0      0   1512   1410   1659      4      0 
    0     42     33     37      0      0      0      0      0      0   1512    210      0      1      0 
    1    235     65     69     96     24      0      0      0      0   1512   1410   1659      4      0 
    0     42     33     37      0      0      0      0      0      0   1512    210      0      1      0 
    1    229     66     69     97     24      0      0      0      0   1512   1410   1659      4      0 
    0     42     33     37      0      0      0      0      0      0   1512    210      0      1      0 
    1    235     65     69     97     24      0      0      0      0   1512   1410   1659      4      0 
    0     42     33     37      0      0      0      0      0      0   1512    210      0      1      0 
    1    232     65     69     97     24      0      0      0      0   1512   1410   1659      4      0 
    0     42     33     37      0      0      0      0      0      0   1512    210      0      1      0 
    1    233     65     67     97     24      0      0      0      0   1512   1410   1659      4      0 
    0     42     33     37      0      0      0      0      0      0   1512    210      0      1      0 
    1    226     64     67     96     24      0      0      0      0   1512   1410   1659      4      0 
    0     42     33     37      0      0      0      0      0      0   1512    210      0      1      0 
    1    232     65     67     97     24      0      0      0      0   1512   1410   1659      4      0 
    0     42     33     37      0      0      0      0      0      0   1512    210      0      1      0 
    1    229     66     69     97     24      0      0      0      0   1512   1410   1659      4      0 
    0     42     33     37      0      0      0      0      0      0   1512    210      0      1      0 
    1    234     65     69     97     24      0      0      0      0   1512   1410   1659      4      0 
    0     42     33     37      0      0      0      0      0      0   1512    210      0      1      0 
    1    233     65     69     97     24      0      0      0      0   1512   1410   1659      4      0 
    0     42     33     37      0      0      0      0      0      0   1512    210      0      1      0 
    1    230     65     67     97     24      0      0      0      0   1512   1410   1659      4      0 
# gpu    pwr  gtemp  mtemp     sm    mem    enc    dec    jpg    ofa   mclk   pclk     fb   bar1   ccpm 
# Idx      W      C      C      %      %      %      %      %      %    MHz    MHz     MB     MB     MB 
    0     42     33     37      0      0      0      0      0      0   1512    210      0      1      0 
    1    232     65     67     97     24      0      0      0      0   1512   1410   1659      4      0 
    0     42     33     37      0      0      0      0      0      0   1512    210      0      1      0 
    1    230     65     67     97     24      0      0      0      0   1512   1410   1659      4      0 
    0     42     33     37      0      0      0      0      0      0   1512    210      0      1      0 
    1    228     65     69     97     24      0      0      0      0   1512   1410   1659      4      0 
    0     43     33     37      0      0      0      0      0      0   1512    210      0      1      0 
    1    234     65     69     97     24      0      0      0      0   1512   1410   1659      4      0 
    0     42     33     37      0      0      0      0      0      0   1512    210      0      1      0 
    1    232     65     67     97     24      0      0      0      0   1512   1410   1659      4      0 
    0     42     33     37      0      0      0      0      0      0   1512    210      0      1      0 
    1    230     65     67     97     24      0      0      0      0   1512   1410   1659      4      0 
    0     42     33     37      0      0      0      0      0      0   1512    210      0      1      0 
    1    229     65     67     97     24      0      0      0      0   1512   1410   1659      4      0 
    0     42     33     37      0      0      0      0      0      0   1512    210      0      1      0 
    1    234     66     69     97     24      0      0      0      0   1512   1410   1659      4      0 
    0     42     33     37      0      0      0      0      0      0   1512    210      0      1      0 
    1    228     65     69     97     24      0      0      0      0   1512   1410   1659      4      0 
    0     42     33     37      0      0      0      0      0      0   1512    210      0      1      0 
    1    237     65     69     97     24      0      0      0      0   1512   1410   1659      4      0 
    0     42     33     37      0      0      0      0      0      0   1512    210      0      1      0 
    1    231     65     67     97     24      0      0      0      0   1512   1410   1659      4      0 
    0     42     33     37      0      0      0      0      0      0   1512    210      0      1      0 
    1    235     65     67     97     24      0      0      0      0   1512   1410   1659      4      0 
    0     42     33     37      0      0      0      0      0      0   1512    210      0      1      0 
    1    233     64     67     97     24      0      0      0      0   1512   1410   1659      4      0 
    0     42     33     37      0      0      0      0      0      0   1512    210      0      1      0 
    1    230     65     67     97     24      0      0      0      0   1512   1410   1659      4      0 
    0     42     33     37      0      0      0      0      0      0   1512    210      0      1      0 
    1    235     66     69     97     24      0      0      0      0   1512   1410   1659      4      0 
    0     42     33     37      0      0      0      0      0      0   1512    210      0      1      0 
    1    233     65     69     96     24      0      0      0      0   1512   1410   1659      4      0 
    0     42     33     37      0      0      0      0      0      0   1512    210      0      1      0 
    1    229     65     69     97     24      0      0      0      0   1512   1410   1659      4      0 
    0     42     33     37      0      0      0      0      0      0   1512    210      0      1      0 
    1    228     65     67     97     24      0      0      0      0   1512   1410   1659      4      0 
    0     42     33     37      0      0      0      0      0      0   1512    210      0      1      0 
    1    233     65     67     97     24      0      0      0      0   1512   1410   1659      4      0 
    0     42     33     37      0      0      0      0      0      0   1512    210      0      1      0 
    1    229     64     67     97     24      0      0      0      0   1512   1410   1659      4      0 
    0     42     33     37      0      0      0      0      0      0   1512    210      0      1      0 
    1    232     65     69     96     24      0      0      0      0   1512   1410   1659      4      0 
    0     42     33     37      0      0      0      0      0      0   1512    210      0      1      0 
    1    230     65     69     97     24      0      0      0      0   1512   1410   1659      4      0 
# gpu    pwr  gtemp  mtemp     sm    mem    enc    dec    jpg    ofa   mclk   pclk     fb   bar1   ccpm 
# Idx      W      C      C      %      %      %      %      %      %    MHz    MHz     MB     MB     MB 
    0     42     33     37      0      0      0      0      0      0   1512    210      0      1      0 
    1    234     65     69     97     24      0      0      0      0   1512   1410   1659      4      0 
    0     42     33     37      0      0      0      0      0      0   1512    210      0      1      0 
    1    230     65     67     97     24      0      0      0      0   1512   1410   1659      4      0 
    0     42     33     37      0      0      0      0      0      0   1512    210      0      1      0 
    1    233     65     67     97     24      0      0      0      0   1512   1410   1659      4      0 
    0     42     33     37      0      0      0      0      0      0   1512    210      0      1      0 
    1    227     64     67     97     24      0      0      0      0   1512   1410   1659      4      0 
    0     42     33     37      0      0      0      0      0      0   1512    210      0      1      0 
    1    229     65     69     97     24      0      0      0      0   1512   1410   1659      4      0 
    0     42     33     37      0      0      0      0      0      0   1512    210      0      1      0 
    1    230     66     69     97     24      0      0      0      0   1512   1410   1659      4      0 
    0     42     33     37      0      0      0      0      0      0   1512    210      0      1      0 
    1    229     65     69     97     24      0      0      0      0   1512   1410   1659      4      0 
    0     42     33     37      0      0      0      0      0      0   1512    210      0      1      0 
    1    231     65     69     97     24      0      0      0      0   1512   1410   1659      4      0 
    0     42     33     37      0      0      0      0      0      0   1512    210      0      1      0 
    1    232     65     67     97     24      0      0      0      0   1512   1410   1659      4      0 
    0     42     33     37      0      0      0      0      0      0   1512    210      0      1      0 
    1    233     64     67     97     24      0      0      0      0   1512   1410   1659      4      0 
    0     42     33     37      0      0      0      0      0      0   1512    210      0      1      0 
    1    229     65     67     97     24      0      0      0      0   1512   1410   1659      4      0 
    0     42     33     37      0      0      0      0      0      0   1512    210      0      1      0 
    1    230     65     69     97     24      0      0      0      0   1512   1410   1659      4      0 
    0     42     33     37      0      0      0      0      0      0   1512    210      0      1      0 
    1    231     65     69     97     24      0      0      0      0   1512   1410   1659      4      0 
    0     42     33     37      0      0      0      0      0      0   1512    210      0      1      0 
    1    229     65     67     97     24      0      0      0      0   1512   1410   1659      4      0 
    0     42     33     37      0      0      0      0      0      0   1512    210      0      1      0 
    1    229     65     67     97     24      0      0      0      0   1512   1410   1659      4      0 
    0     42     33     37      0      0      0      0      0      0   1512    210      0      1      0 
    1    230     64     67     97     24      0      0      0      0   1512   1410   1659      4      0 
    0     43     33     37      0      0      0      0      0      0   1512    210      0      1      0 
    1    229     65     67     97     24      0      0      0      0   1512   1410   1659      4      0 
    0     42     33     37      0      0      0      0      0      0   1512    210      0      1      0 
    1    230     66     69     97     24      0      0      0      0   1512   1410   1659      4      0 
    0     42     33     37      0      0      0      0      0      0   1512    210      0      1      0 
    1    228     65     69     97     24      0      0      0      0   1512   1410   1659      4      0 
    0     42     33     37      0      0      0      0      0      0   1512    210      0      1      0 
    1    234     65     69     97     24      0      0      0      0   1512   1410   1659      4      0 
    0     42     33     37      0      0      0      0      0      0   1512    210      0      1      0 
    1    230     65     67     97     24      0      0      0      0   1512   1410   1659      4      0 
    0     42     33     37      0      0      0      0      0      0   1512    210      0      1      0 
    1    227     64     67     97     24      0      0      0      0   1512   1410   1659      4      0 
# gpu    pwr  gtemp  mtemp     sm    mem    enc    dec    jpg    ofa   mclk   pclk     fb   bar1   ccpm 
# Idx      W      C      C      %      %      %      %      %      %    MHz    MHz     MB     MB     MB 
    0     42     33     37      0      0      0      0      0      0   1512    210      0      1      0 
    1    228     65     69     97     24      0      0      0      0   1512   1410   1659      4      0 
    0     42     33     37      0      0      0      0      0      0   1512    210      0      1      0 
    1    232     66     69     97     24      0      0      0      0   1512   1410   1659      4      0 
    0     42     33     37      0      0      0      0      0      0   1512    210      0      1      0 
    1    233     65     69     97     24      0      0      0      0   1512   1410   1659      4      0 
    0     43     33     37      0      0      0      0      0      0   1512    210      0      1      0 
    1    234     65     69     97     24      0      0      0      0   1512   1410   1659      4      0 
    0     42     33     37      0      0      0      0      0      0   1512    210      0      1      0 
    1    230     65     67     97     24      0      0      0      0   1512   1410   1659      4      0 
    0     42     33     37      0      0      0      0      0      0   1512    210      0      1      0 
    1    229     65     67     97     24      0      0      0      0   1512   1410   1659      4      0 
    0     42     33     37      0      0      0      0      0      0   1512    210      0      1      0 
    1    230     64     67     97     24      0      0      0      0   1512   1410   1659      4      0 
    0     42     33     37      0      0      0      0      0      0   1512    210      0      1      0 
    1    231     65     69     97     24      0      0      0      0   1512   1410   1659      4      0 
    0     42     33     37      0      0      0      0      0      0   1512    210      0      1      0 
    1    231     66     69     97     24      0      0      0      0   1512   1410   1659      4      0 
    0     42     33     37      0      0      0      0      0      0   1512    210      0      1      0 
    1    232     65     69     97     24      0      0      0      0   1512   1410   1659      4      0 
    0     42     33     37      0      0      0      0      0      0   1512    210      0      1      0 
    1    230     65     69     97     24      0      0      0      0   1512   1410   1659      4      0 
    0     42     33     37      0      0      0      0      0      0   1512    210      0      1      0 
    1    234     65     67     97     24      0      0      0      0   1512   1410   1659      4      0 
    0     42     33     37      0      0      0      0      0      0   1512    210      0      1      0 
    1    235     64     67     97     24      0      0      0      0   1512   1410   1659      4      0 
    0     43     33     37      0      0      0      0      0      0   1512    210      0      1      0 
    1    231     65     67     97     24      0      0      0      0   1512   1410   1659      4      0 
    0     42     33     37      0      0      0      0      0      0   1512    210      0      1      0 
    1    230     66     69     97     24      0      0      0      0   1512   1410   1659      4      0 
    0     42     33     37      0      0      0      0      0      0   1512    210      0      1      0 
    1    233     65     69     97     24      0      0      0      0   1512   1410   1659      4      0 
    0     42     33     37      0      0      0      0      0      0   1512    210      0      1      0 
    1    234     65     69     97     24      0      0      0      0   1512   1410   1659      4      0 
    0     42     33     37      0      0      0      0      0      0   1512    210      0      1      0 
    1    235     65     67     97     24      0      0      0      0   1512   1410   1659      4      0 
    0     42     33     37      0      0      0      0      0      0   1512    210      0      1      0 
    1    232     64     67     97     24      0      0      0      0   1512   1410   1659      4      0 
    0     42     33     37      0      0      0      0      0      0   1512    210      0      1      0 
    1    232     65     67     97     24      0      0      0      0   1512   1410   1659      4      0 
    0     42     33     37      0      0      0      0      0      0   1512    210      0      1      0 
    1    233     66     69     97     24      0      0      0      0   1512   1410   1659      4      0 
    0     43     33     37      0      0      0      0      0      0   1512    210      0      1      0 
    1    231     65     69     97     24      0      0      0      0   1512   1410   1659      4      0 
# gpu    pwr  gtemp  mtemp     sm    mem    enc    dec    jpg    ofa   mclk   pclk     fb   bar1   ccpm 
# Idx      W      C      C      %      %      %      %      %      %    MHz    MHz     MB     MB     MB 
    0     42     33     37      0      0      0      0      0      0   1512    210      0      1      0 
    1    234     65     69     97     24      0      0      0      0   1512   1410   1659      4      0 
    0     42     33     37      0      0      0      0      0      0   1512    210      0      1      0 
    1    234     65     67     97     24      0      0      0      0   1512   1410   1659      4      0 
    0     42     33     37      0      0      0      0      0      0   1512    210      0      1      0 
    1    233     65     67     97     24      0      0      0      0   1512   1410   1659      4      0 
    0     42     33     37      0      0      0      0      0      0   1512    210      0      1      0 
    1    229     65     67     97     24      0      0      0      0   1512   1410   1659      4      0 
    0     42     33     37      0      0      0      0      0      0   1512    210      0      1      0 
    1    229     66     69     97     24      0      0      0      0   1512   1410   1659      4      0 
    0     42     33     37      0      0      0      0      0      0   1512    210      0      1      0 
    1    229     65     69     97     24      0      0      0      0   1512   1410   1659      4      0 
    0     42     33     37      0      0      0      0      0      0   1512    210      0      1      0 
    1    230     65     69     97     24      0      0      0      0   1512   1410   1659      4      0 
    0     42     33     37      0      0      0      0      0      0   1512    210      0      1      0 
    1    233     65     67     97     24      0      0      0      0   1512   1410   1659      4      0 
    0     42     33     37      0      0      0      0      0      0   1512    210      0      1      0 
    1    230     65     67     97     24      0      0      0      0   1512   1410   1659      4      0 
    0     42     33     37      0      0      0      0      0      0   1512    210      0      1      0 
    1    227     64     67     97     24      0      0      0      0   1512   1410   1659      4      0 
    0     42     33     37      0      0      0      0      0      0   1512    210      0      1      0 
    1    233     65     69     97     24      0      0      0      0   1512   1410   1659      4      0 
    0     42     33     37      0      0      0      0      0      0   1512    210      0      1      0 
    1    231     65     69     97     24      0      0      0      0   1512   1410   1659      4      0 
    0     42     33     37      0      0      0      0      0      0   1512    210      0      1      0 
    1    233     65     69     97     24      0      0      0      0   1512   1410   1659      4      0 
    0     42     33     37      0      0      0      0      0      0   1512    210      0      1      0 
    1    232     65     67     97     24      0      0      0      0   1512   1410   1659      4      0 
    0     42     33     37      0      0      0      0      0      0   1512    210      0      1      0 
    1    234     65     67     97     24      0      0      0      0   1512   1410   1659      4      0 
    0     42     33     37      0      0      0      0      0      0   1512    210      0      1      0 
    1    233     64     67     97     24      0      0      0      0   1512   1410   1659      4      0 
    0     42     33     37      0      0      0      0      0      0   1512    210      0      1      0 
    1    234     65     69     97     24      0      0      0      0   1512   1410   1659      4      0 
    0     42     33     37      0      0      0      0      0      0   1512    210      0      1      0 
    1    231     66     69     97     24      0      0      0      0   1512   1410   1659      4      0 
    0     42     33     37      0      0      0      0      0      0   1512    210      0      1      0 
    1    231     65     69     97     24      0      0      0      0   1512   1410   1659      4      0 
    0     42     33     37      0      0      0      0      0      0   1512    210      0      1      0 
    1    230     65     67     97     24      0      0      0      0   1512   1410   1659      4      0 
    0     42     33     37      0      0      0      0      0      0   1512    210      0      1      0 
    1    233     65     67     97     24      0      0      0      0   1512   1410   1659      4      0 
    0     42     33     37      0      0      0      0      0      0   1512    210      0      1      0 
    1    227     64     67     97     24      0      0      0      0   1512   1410   1659      4      0 
# gpu    pwr  gtemp  mtemp     sm    mem    enc    dec    jpg    ofa   mclk   pclk     fb   bar1   ccpm 
# Idx      W      C      C      %      %      %      %      %      %    MHz    MHz     MB     MB     MB 
    0     42     33     37      0      0      0      0      0      0   1512    210      0      1      0 
    1    228     65     67     97     24      0      0      0      0   1512   1410   1659      4      0 
    0     42     33     37      0      0      0      0      0      0   1512    210      0      1      0 
    1    233     66     69     97     24      0      0      0      0   1512   1410   1659      4      0 
    0     42     33     37      0      0      0      0      0      0   1512    210      0      1      0 
    1    233     65     69     97     24      0      0      0      0   1512   1410   1659      4      0 
    0     42     33     37      0      0      0      0      0      0   1512    210      0      1      0 
    1    227     65     69     97     24      0      0      0      0   1512   1410   1659      4      0 
    0     42     33     37      0      0      0      0      0      0   1512    210      0      1      0 
    1    227     65     67     97     24      0      0      0      0   1512   1410   1659      4      0 
    0     42     33     37      0      0      0      0      0      0   1512    210      0      1      0 
    1    229     65     67     97     24      0      0      0      0   1512   1410   1659      4      0 
    0     42     33     37      0      0      0      0      0      0   1512    210      0      1      0 
    1    228     64     67     97     24      0      0      0      0   1512   1410   1659      4      0 
    0     42     33     37      0      0      0      0      0      0   1512    210      0      1      0 
    1    233     65     69     97     24      0      0      0      0   1512   1410   1659      4      0 
    0     42     33     37      0      0      0      0      0      0   1512    210      0      1      0 
    1    234     65     69     97     24      0      0      0      0   1512   1410   1659      4      0 
    0     42     33     37      0      0      0      0      0      0   1512    210      0      1      0 
    1    227     65     69     97     24      0      0      0      0   1512   1410   1659      4      0 
    0     42     33     37      0      0      0      0      0      0   1512    210      0      1      0 
    1    234     65     67     97     24      0      0      0      0   1512   1410   1659      4      0 
    0     42     33     37      0      0      0      0      0      0   1512    210      0      1      0 
    1    231     65     67     97     24      0      0      0      0   1512   1410   1659      4      0 
    0     42     33     37      0      0      0      0      0      0   1512    210      0      1      0 
    1    229     64     67     97     24      0      0      0      0   1512   1410   1659      4      0 
    0     42     33     37      0      0      0      0      0      0   1512    210      0      1      0 
    1    231     65     69     97     24      0      0      0      0   1512   1410   1659      4      0 
    0     42     33     37      0      0      0      0      0      0   1512    210      0      1      0 
    1    235     65     69     97     24      0      0      0      0   1512   1410   1659      4      0 
    0     42     33     37      0      0      0      0      0      0   1512    210      0      1      0 
    1    228     65     69     97     24      0      0      0      0   1512   1410   1659      4      0 
    0     42     33     37      0      0      0      0      0      0   1512    210      0      1      0 
    1    231     65     69     97     24      0      0      0      0   1512   1410   1659      4      0 
    0     42     33     37      0      0      0      0      0      0   1512    210      0      1      0 
    1    231     65     67     97     24      0      0      0      0   1512   1410   1659      4      0 
    0     42     33     37      0      0      0      0      0      0   1512    210      0      1      0 
    1    233     64     67     97     24      0      0      0      0   1512   1410   1659      4      0 
    0     42     33     37      0      0      0      0      0      0   1512    210      0      1      0 
    1    228     65     69     97     24      0      0      0      0   1512   1410   1659      4      0 
    0     42     33     37      0      0      0      0      0      0   1512    210      0      1      0 
    1    232     66     69     97     24      0      0      0      0   1512   1410   1659      4      0 
    0     42     33     37      0      0      0      0      0      0   1512    210      0      1      0 
    1    234     65     69     97     24      0      0      0      0   1512   1410   1659      4      0 
# gpu    pwr  gtemp  mtemp     sm    mem    enc    dec    jpg    ofa   mclk   pclk     fb   bar1   ccpm 
# Idx      W      C      C      %      %      %      %      %      %    MHz    MHz     MB     MB     MB 
    0     42     33     37      0      0      0      0      0      0   1512    210      0      1      0 
    1    234     65     67     97     24      0      0      0      0   1512   1410   1659      4      0 
    0     42     33     37      0      0      0      0      0      0   1512    210      0      1      0 
    1    230     65     67     97     24      0      0      0      0   1512   1410   1659      4      0 
    0     42     33     37      0      0      0      0      0      0   1512    210      0      1      0 
    1    231     64     67     97     24      0      0      0      0   1512   1410   1659      4      0 
    0     42     33     37      0      0      0      0      0      0   1512    210      0      1      0 
    1    228     65     67     96     24      0      0      0      0   1512   1410   1659      4      0 
    0     42     33     37      0      0      0      0      0      0   1512    210      0      1      0 
    1    233     66     69     97     24      0      0      0      0   1512   1410   1659      4      0 
    0     42     33     37      0      0      0      0      0      0   1512    210      0      1      0 
    1    229     65     69     97     24      0      0      0      0   1512   1410   1659      4      0 
    0     42     33     37      0      0      0      0      0      0   1512    210      0      1      0 
    1    233     65     69     97     24      0      0      0      0   1512   1410   1659      4      0 
    0     42     33     37      0      0      0      0      0      0   1512    210      0      1      0 
    1    231     65     67     97     24      0      0      0      0   1512   1410   1659      4      0 
    0     42     33     37      0      0      0      0      0      0   1512    210      0      1      0 
    1    219     65     67     97     24      0      0      0      0   1512   1410   1659      4      0 
    0     42     33     37      0      0      0      0      0      0   1512    210      0      1      0 
    1    229     65     67     97     24      0      0      0      0   1512   1410   1659      4      0 
    0     42     33     37      0      0      0      0      0      0   1512    210      0      1      0 
    1    230     66     69     97     24      0      0      0      0   1512   1410   1659      4      0 
    0     42     33     37      0      0      0      0      0      0   1512    210      0      1      0 
    1    228     65     69     97     24      0      0      0      0   1512   1410   1659      4      0 
    0     42     33     37      0      0      0      0      0      0   1512    210      0      1      0 
    1    233     65     69     97     24      0      0      0      0   1512   1410   1659      4      0 
    0     42     33     37      0      0      0      0      0      0   1512    210      0      1      0 
    1    234     65     67     97     24      0      0      0      0   1512   1410   1659      4      0 
    0     42     33     37      0      0      0      0      0      0   1512    210      0      1      0 
    1    229     65     67     97     24      0      0      0      0   1512   1410   1659      4      0 
    0     42     33     37      0      0      0      0      0      0   1512    210      0      1      0 
    1    234     64     67     97     24      0      0      0      0   1512   1410   1659      4      0 
    0     42     33     37      0      0      0      0      0      0   1512    210      0      1      0 
    1    234     65     69     97     24      0      0      0      0   1512   1410   1659      4      0 
    0     42     33     37      0      0      0      0      0      0   1512    210      0      1      0 
    1    234     65     69     97     24      0      0      0      0   1512   1410   1659      4      0 
    0     42     33     37      0      0      0      0      0      0   1512    210      0      1      0 
    1    233     65     69     97     24      0      0      0      0   1512   1410   1659      4      0 
    0     42     33     37      0      0      0      0      0      0   1512    210      0      1      0 
    1    229     65     67     97     24      0      0      0      0   1512   1410   1659      4      0 
    0     42     33     37      0      0      0      0      0      0   1512    210      0      1      0 
    1    233     65     67     97     24      0      0      0      0   1512   1410   1659      4      0 
    0     42     33     37      0      0      0      0      0      0   1512    210      0      1      0 
    1    230     65     67     97     24      0      0      0      0   1512   1410   1659      4      0 
# gpu    pwr  gtemp  mtemp     sm    mem    enc    dec    jpg    ofa   mclk   pclk     fb   bar1   ccpm 
# Idx      W      C      C      %      %      %      %      %      %    MHz    MHz     MB     MB     MB 
    0     42     33     37      0      0      0      0      0      0   1512    210      0      1      0 
    1    230     65     69     97     24      0      0      0      0   1512   1410   1659      4      0 
    0     42     33     37      0      0      0      0      0      0   1512    210      0      1      0 
    1    230     65     69     97     24      0      0      0      0   1512   1410   1659      4      0 
    0     42     33     37      0      0      0      0      0      0   1512    210      0      1      0 
    1    231     65     69     97     24      0      0      0      0   1512   1410   1659      4      0 
    0     42     33     37      0      0      0      0      0      0   1512    210      0      1      0 
    1    231     65     67     97     24      0      0      0      0   1512   1410   1659      4      0 
    0     42     33     37      0      0      0      0      0      0   1512    210      0      1      0 
    1    230     65     67     97     24      0      0      0      0   1512   1410   1659      4      0 
    0     42     33     37      0      0      0      0      0      0   1512    210      0      1      0 
    1    234     64     67     97     24      0      0      0      0   1512   1410   1659      4      0 
    0     42     33     37      0      0      0      0      0      0   1512    210      0      1      0 
    1    234     65     69     97     24      0      0      0      0   1512   1410   1659      4      0 
    0     42     33     37      0      0      0      0      0      0   1512    210      0      1      0 
    1    235     65     69     97     24      0      0      0      0   1512   1410   1659      4      0 
    0     42     33     37      0      0      0      0      0      0   1512    210      0      1      0 
    1    232     65     69     97     24      0      0      0      0   1512   1410   1659      4      0 
    0     42     33     37      0      0      0      0      0      0   1512    210      0      1      0 
    1    233     65     67     97     24      0      0      0      0   1512   1410   1659      4      0 
    0     42     33     37      0      0      0      0      0      0   1512    210      0      1      0 
    1    233     65     67     97     24      0      0      0      0   1512   1410   1659      4      0 
    0     42     33     37      0      0      0      0      0      0   1512    210      0      1      0 
    1    229     64     67     97     24      0      0      0      0   1512   1410   1659      4      0 
    0     42     33     37      0      0      0      0      0      0   1512    210      0      1      0 
    1    235     65     69     96     24      0      0      0      0   1512   1410   1659      4      0 
    0     42     33     37      0      0      0      0      0      0   1512    210      0      1      0 
    1    232     65     69     97     24      0      0      0      0   1512   1410   1659      4      0 
    0     42     33     37      0      0      0      0      0      0   1512    210      0      1      0 
    1    228     65     69     97     24      0      0      0      0   1512   1410   1659      4      0 
    0     42     33     37      0      0      0      0      0      0   1512    210      0      1      0 
    1    228     65     69     97     24      0      0      0      0   1512   1410   1659      4      0 
    0     42     33     37      0      0      0      0      0      0   1512    210      0      1      0 
    1    231     65     67     97     24      0      0      0      0   1512   1410   1659      4      0 
    0     42     33     37      0      0      0      0      0      0   1512    210      0      1      0 
    1    234     64     67     97     24      0      0      0      0   1512   1410   1659      4      0 
    0     42     33     37      0      0      0      0      0      0   1512    210      0      1      0 
    1    228     65     67     97     24      0      0      0      0   1512   1410   1659      4      0 
    0     42     33     37      0      0      0      0      0      0   1512    210      0      1      0 
    1    231     65     69     97     24      0      0      0      0   1512   1410   1659      4      0 
    0     42     33     37      0      0      0      0      0      0   1512    210      0      1      0 
    1    229     65     69     97     24      0      0      0      0   1512   1410   1659      4      0 
    0     42     33     37      0      0      0      0      0      0   1512    210      0      1      0 
    1    233     65     69     97     24      0      0      0      0   1512   1410   1659      4      0 
# gpu    pwr  gtemp  mtemp     sm    mem    enc    dec    jpg    ofa   mclk   pclk     fb   bar1   ccpm 
# Idx      W      C      C      %      %      %      %      %      %    MHz    MHz     MB     MB     MB 
    0     42     33     37      0      0      0      0      0      0   1512    210      0      1      0 
    1    230     65     67     97     24      0      0      0      0   1512   1410   1659      4      0 
    0     42     33     37      0      0      0      0      0      0   1512    210      0      1      0 
    1    233     64     67     97     24      0      0      0      0   1512   1410   1659      4      0 
    0     42     33     37      0      0      0      0      0      0   1512    210      0      1      0 
    1    232     65     67     97     24      0      0      0      0   1512   1410   1659      4      0 
    0     42     33     37      0      0      0      0      0      0   1512    210      0      1      0 
    1    229     65     69     96     24      0      0      0      0   1512   1410   1659      4      0 
    0     42     33     37      0      0      0      0      0      0   1512    210      0      1      0 
    1    230     65     67     97     24      0      0      0      0   1512   1410   1659      4      0 
    0     42     33     37      0      0      0      0      0      0   1512    210      0      1      0 
    1    229     65     67     97     24      0      0      0      0   1512   1410   1659      4      0 
    0     43     33     37      0      0      0      0      0      0   1512    210      0      1      0 
    1    231     64     67     97     24      0      0      0      0   1512   1410   1659      4      0 
    0     42     33     37      0      0      0      0      0      0   1512    210      0      1      0 
    1    230     65     67     97     24      0      0      0      0   1512   1410   1659      4      0 
    0     42     33     37      0      0      0      0      0      0   1512    210      0      1      0 
    1    235     66     69     97     24      0      0      0      0   1512   1410   1659      4      0 
    0     42     33     37      0      0      0      0      0      0   1512    210      0      1      0 
    1    233     65     69     97     24      0      0      0      0   1512   1410   1659      4      0 
    0     42     33     37      0      0      0      0      0      0   1512    210      0      1      0 
    1    233     65     69     97     24      0      0      0      0   1512   1410   1659      4      0 
    0     42     33     37      0      0      0      0      0      0   1512    210      0      1      0 
    1    229     65     67     97     24      0      0      0      0   1512   1410   1659      4      0 
    0     42     33     37      0      0      0      0      0      0   1512    210      0      1      0 
    1    234     65     67     97     24      0      0      0      0   1512   1410   1659      4      0 
    0     42     33     37      0      0      0      0      0      0   1512    210      0      1      0 
    1    230     64     67     97     24      0      0      0      0   1512   1410   1659      4      0 
    0     42     33     37      0      0      0      0      0      0   1512    210      0      1      0 
    1    230     65     69     97     24      0      0      0      0   1512   1410   1659      4      0 
    0     42     33     37      0      0      0      0      0      0   1512    210      0      1      0 
    1    230     66     69     97     24      0      0      0      0   1512   1410   1659      4      0 
    0     42     33     37      0      0      0      0      0      0   1512    210      0      1      0 
    1    231     65     69     97     24      0      0      0      0   1512   1410   1659      4      0 
    0     42     33     37      0      0      0      0      0      0   1512    210      0      1      0 
    1    230     65     69     97     24      0      0      0      0   1512   1410   1659      4      0 
    0     42     33     37      0      0      0      0      0      0   1512    210      0      1      0 
    1    233     65     67     97     24      0      0      0      0   1512   1410   1659      4      0 
    0     42     33     37      0      0      0      0      0      0   1512    210      0      1      0 
    1    233     65     67     97     24      0      0      0      0   1512   1410   1659      4      0 
    0     42     33     37      0      0      0      0      0      0   1512    210      0      1      0 
    1    230     65     67     97     24      0      0      0      0   1512   1410   1659      4      0 
    0     42     33     37      0      0      0      0      0      0   1512    210      0      1      0 
    1    229     66     69     96     24      0      0      0      0   1512   1410   1659      4      0 
# gpu    pwr  gtemp  mtemp     sm    mem    enc    dec    jpg    ofa   mclk   pclk     fb   bar1   ccpm 
# Idx      W      C      C      %      %      %      %      %      %    MHz    MHz     MB     MB     MB 
    0     42     33     37      0      0      0      0      0      0   1512    210      0      1      0 
    1    231     65     69     97     24      0      0      0      0   1512   1410   1659      4      0 
    0     42     33     37      0      0      0      0      0      0   1512    210      0      1      0 
    1    234     65     69     97     24      0      0      0      0   1512   1410   1659      4      0 
    0     42     33     37      0      0      0      0      0      0   1512    210      0      1      0 
    1    235     65     67     97     24      0      0      0      0   1512   1410   1659      4      0 
    0     42     33     37      0      0      0      0      0      0   1512    210      0      1      0 
    1    229     65     67     97     24      0      0      0      0   1512   1410   1659      4      0 
    0     42     33     37      0      0      0      0      0      0   1512    210      0      1      0 
    1    228     65     67     97     24      0      0      0      0   1512   1410   1659      4      0 
    0     42     33     37      0      0      0      0      0      0   1512    210      0      1      0 
    1    231     66     69     97     24      0      0      0      0   1512   1410   1659      4      0 
    0     42     33     37      0      0      0      0      0      0   1512    210      0      1      0 
    1    230     65     69     97     24      0      0      0      0   1512   1410   1659      4      0 
    0     42     33     37      0      0      0      0      0      0   1512    210      0      1      0 
    1    234     65     67     97     24      0      0      0      0   1512   1410   1659      4      0 
    0     42     33     37      0      0      0      0      0      0   1512    210      0      1      0 
    1    231     65     67     97     24      0      0      0      0   1512   1410   1659      4      0 
    0     42     33     37      0      0      0      0      0      0   1512    210      0      1      0 
    1    231     64     67     97     24      0      0      0      0   1512   1410   1659      4      0 
    0     42     33     37      0      0      0      0      0      0   1512    210      0      1      0 
    1    230     65     67     97     24      0      0      0      0   1512   1410   1659      4      0 
    0     42     33     37      0      0      0      0      0      0   1512    210      0      1      0 
    1    232     66     69     97     24      0      0      0      0   1512   1410   1659      4      0 
    0     42     33     37      0      0      0      0      0      0   1512    210      0      1      0 
    1    234     65     69     97     24      0      0      0      0   1512   1410   1659      4      0 
    0     42     33     37      0      0      0      0      0      0   1512    210      0      1      0 
    1    233     65     69     97     24      0      0      0      0   1512   1410   1659      4      0 
    0     42     33     37      0      0      0      0      0      0   1512    210      0      1      0 
    1    231     65     67     97     24      0      0      0      0   1512   1410   1659      4      0 
    0     42     33     37      0      0      0      0      0      0   1512    210      0      1      0 
    1    233     65     67     97     24      0      0      0      0   1512   1410   1659      4      0 
    0     42     33     37      0      0      0      0      0      0   1512    210      0      1      0 
    1    232     65     67     97     24      0      0      0      0   1512   1410   1659      4      0 
    0     43     33     37      0      0      0      0      0      0   1512    210      0      1      0 
    1    231     66     69     97     24      0      0      0      0   1512   1410   1659      4      0 
    0     42     33     37      0      0      0      0      0      0   1512    210      0      1      0 
    1    234     65     69     97     24      0      0      0      0   1512   1410   1659      4      0 
    0     41     33     37      0      0      0      0      0      0   1512    210      0      1      0 
    1    230     65     69     97     24      0      0      0      0   1512   1410   1659      4      0 
    0     42     33     37      0      0      0      0      0      0   1512    210      0      1      0 
    1    232     65     67     97     24      0      0      0      0   1512   1410   1659      4      0 
    0     42     33     37      0      0      0      0      0      0   1512    210      0      1      0 
    1    232     65     67     97     24      0      0      0      0   1512   1410   1659      4      0 
# gpu    pwr  gtemp  mtemp     sm    mem    enc    dec    jpg    ofa   mclk   pclk     fb   bar1   ccpm 
# Idx      W      C      C      %      %      %      %      %      %    MHz    MHz     MB     MB     MB 
    0     42     33     37      0      0      0      0      0      0   1512    210      0      1      0 
    1    233     65     67     97     24      0      0      0      0   1512   1410   1659      4      0 
    0     42     33     37      0      0      0      0      0      0   1512    210      0      1      0 
    1    233     66     69     97     24      0      0      0      0   1512   1410   1659      4      0 
    0     42     33     37      0      0      0      0      0      0   1512    210      0      1      0 
    1    233     65     69     97     24      0      0      0      0   1512   1410   1659      4      0 
    0     42     33     37      0      0      0      0      0      0   1512    210      0      1      0 
    1    233     65     67     96     24      0      0      0      0   1512   1410   1659      4      0 
    0     42     33     37      0      0      0      0      0      0   1512    210      0      1      0 
    1    233     65     67     97     24      0      0      0      0   1512   1410   1659      4      0 
    0     42     33     37      0      0      0      0      0      0   1512    210      0      1      0 
    1    229     64     67     97     24      0      0      0      0   1512   1410   1659      4      0 
    0     42     33     37      0      0      0      0      0      0   1512    210      0      1      0 
    1    230     65     67     97     24      0      0      0      0   1512   1410   1659      4      0 
    0     42     33     37      0      0      0      0      0      0   1512    210      0      1      0 
    1    231     66     69     97     24      0      0      0      0   1512   1410   1659      4      0 
    0     42     33     37      0      0      0      0      0      0   1512    210      0      1      0 
    1    233     65     69     97     24      0      0      0      0   1512   1410   1659      4      0 
    0     42     33     37      0      0      0      0      0      0   1512    210      0      1      0 
    1    233     65     69     97     24      0      0      0      0   1512   1410   1659      4      0 
    0     42     33     37      0      0      0      0      0      0   1512    210      0      1      0 
    1    229     65     69     97     24      0      0      0      0   1512   1410   1659      4      0 
    0     42     33     37      0      0      0      0      0      0   1512    210      0      1      0 
    1    229     65     67     97     24      0      0      0      0   1512   1410   1659      4      0 
    0     42     33     37      0      0      0      0      0      0   1512    210      0      1      0 
    1    232     64     67     97     24      0      0      0      0   1512   1410   1659      4      0 
    0     42     33     37      0      0      0      0      0      0   1512    210      0      1      0 
    1    234     65     69     97     24      0      0      0      0   1512   1410   1659      4      0 
    0     42     33     37      0      0      0      0      0      0   1512    210      0      1      0 
    1    234     66     69     97     24      0      0      0      0   1512   1410   1659      4      0 
    0     42     33     37      0      0      0      0      0      0   1512    210      0      1      0 
    1    226     65     69     97     24      0      0      0      0   1512   1410   1659      4      0 
    0     42     33     37      0      0      0      0      0      0   1512    210      0      1      0 
    1    231     65     69     97     24      0      0      0      0   1512   1410   1659      4      0 
    0     42     33     37      0      0      0      0      0      0   1512    210      0      1      0 
    1    230     65     67     97     24      0      0      0      0   1512   1410   1659      4      0 
    0     42     33     37      0      0      0      0      0      0   1512    210      0      1      0 
    1    232     65     67     97     24      0      0      0      0   1512   1410   1659      4      0 
    0     42     33     37      0      0      0      0      0      0   1512    210      0      1      0 
    1    232     65     67     97     24      0      0      0      0   1512   1410   1659      4      0 
    0     42     33     37      0      0      0      0      0      0   1512    210      0      1      0 
    1    235     65     69     97     24      0      0      0      0   1512   1410   1659      4      0 
    0     42     33     37      0      0      0      0      0      0   1512    210      0      1      0 
    1    235     65     69     97     24      0      0      0      0   1512   1410   1659      4      0 
# gpu    pwr  gtemp  mtemp     sm    mem    enc    dec    jpg    ofa   mclk   pclk     fb   bar1   ccpm 
# Idx      W      C      C      %      %      %      %      %      %    MHz    MHz     MB     MB     MB 
    0     42     33     37      0      0      0      0      0      0   1512    210      0      1      0 
    1    232     65     67     97     24      0      0      0      0   1512   1410   1659      4      0 
    0     42     33     37      0      0      0      0      0      0   1512    210      0      1      0 
    1    230     65     67     97     24      0      0      0      0   1512   1410   1659      4      0 
    0     42     33     37      0      0      0      0      0      0   1512    210      0      1      0 
    1    227     64     67     97     24      0      0      0      0   1512   1410   1659      4      0 
    0     42     33     37      0      0      0      0      0      0   1512    210      0      1      0 
    1    229     65     67     97     24      0      0      0      0   1512   1410   1659      4      0 
    0     42     33     37      0      0      0      0      0      0   1512    210      0      1      0 
    1    233     66     69     97     24      0      0      0      0   1512   1410   1659      4      0 
    0     42     33     37      0      0      0      0      0      0   1512    210      0      1      0 
    1    232     65     69     97     24      0      0      0      0   1512   1410   1659      4      0 
    0     42     33     37      0      0      0      0      0      0   1512    210      0      1      0 
    1    234     65     67     97     24      0      0      0      0   1512   1410   1659      4      0 
    0     42     33     37      0      0      0      0      0      0   1512    210      0      1      0 
    1    234     65     67     97     24      0      0      0      0   1512   1410   1659      4      0 
    0     42     33     37      0      0      0      0      0      0   1512    210      0      1      0 
    1    233     64     67     97     24      0      0      0      0   1512   1410   1659      4      0 
    0     42     33     37      0      0      0      0      0      0   1512    210      0      1      0 
    1    229     65     67     97     24      0      0      0      0   1512   1410   1659      4      0 
    0     42     33     37      0      0      0      0      0      0   1512    210      0      1      0 
    1    234     66     69     97     24      0      0      0      0   1512   1410   1659      4      0 
    0     42     33     37      0      0      0      0      0      0   1512    210      0      1      0 
    1    231     65     69     97     24      0      0      0      0   1512   1410   1659      4      0 
    0     42     33     37      0      0      0      0      0      0   1512    210      0      1      0 
    1    231     65     69     96     24      0      0      0      0   1512   1410   1659      4      0 
    0     42     33     37      0      0      0      0      0      0   1512    210      0      1      0 
    1    230     65     67     97     24      0      0      0      0   1512   1410   1659      4      0 
    0     42     33     37      0      0      0      0      0      0   1512    210      0      1      0 
    1    231     64     67     97     24      0      0      0      0   1512   1410   1659      4      0 
    0     42     33     37      0      0      0      0      0      0   1512    210      0      1      0 
    1    230     64     67     97     24      0      0      0      0   1512   1410   1659      4      0 
    0     42     33     37      0      0      0      0      0      0   1512    210      0      1      0 
    1    231     65     69     97     24      0      0      0      0   1512   1410   1659      4      0 
    0     42     33     37      0      0      0      0      0      0   1512    210      0      1      0 
    1    227     65     69     96     24      0      0      0      0   1512   1410   1659      4      0 
    0     42     33     37      0      0      0      0      0      0   1512    210      0      1      0 
    1    230     65     69     97     24      0      0      0      0   1512   1410   1659      4      0 
    0     43     33     37      0      0      0      0      0      0   1512    210      0      1      0 
    1    232     65     67     97     24      0      0      0      0   1512   1410   1659      4      0 
    0     42     33     37      0      0      0      0      0      0   1512    210      0      1      0 
    1    230     65     67     97     24      0      0      0      0   1512   1410   1659      4      0 
    0     42     33     37      0      0      0      0      0      0   1512    210      0      1      0 
    1    228     64     67     97     24      0      0      0      0   1512   1410   1659      4      0 
# gpu    pwr  gtemp  mtemp     sm    mem    enc    dec    jpg    ofa   mclk   pclk     fb   bar1   ccpm 
# Idx      W      C      C      %      %      %      %      %      %    MHz    MHz     MB     MB     MB 
    0     42     33     37      0      0      0      0      0      0   1512    210      0      1      0 
    1    232     65     69     97     24      0      0      0      0   1512   1410   1659      4      0 
    0     42     33     37      0      0      0      0      0      0   1512    210      0      1      0 
    1    232     66     69     97     24      0      0      0      0   1512   1410   1659      4      0 
    0     43     33     37      0      0      0      0      0      0   1512    210      0      1      0 
    1    228     65     69     97     24      0      0      0      0   1512   1410   1659      4      0 
    0     42     33     37      0      0      0      0      0      0   1512    210      0      1      0 
    1    230     65     67     97     24      0      0      0      0   1512   1410   1659      4      0 
    0     42     33     37      0      0      0      0      0      0   1512    210      0      1      0 
    1    227     65     67     97     24      0      0      0      0   1512   1410   1659      4      0 
    0     42     33     37      0      0      0      0      0      0   1512    210      0      1      0 
    1    228     64     67     97     24      0      0      0      0   1512   1410   1659      4      0 
    0     42     33     37      0      0      0      0      0      0   1512    210      0      1      0 
    1    232     65     67     97     24      0      0      0      0   1512   1410   1659      4      0 
    0     42     33     37      0      0      0      0      0      0   1512    210      0      1      0 
    1    236     66     69     97     24      0      0      0      0   1512   1410   1659      4      0 
    0     42     33     37      0      0      0      0      0      0   1512    210      0      1      0 
    1    229     65     69     97     24      0      0      0      0   1512   1410   1659      4      0 
    0     42     33     37      0      0      0      0      0      0   1512    210      0      1      0 
    1    234     65     69     97     24      0      0      0      0   1512   1410   1659      4      0 
    0     42     33     37      0      0      0      0      0      0   1512    210      0      1      0 
    1    234     65     67     97     24      0      0      0      0   1512   1410   1659      4      0 
    0     42     33     37      0      0      0      0      0      0   1512    210      0      1      0 
    1    230     64     67     97     24      0      0      0      0   1512   1410   1659      4      0 
    0     42     33     37      0      0      0      0      0      0   1512    210      0      1      0 
    1    231     65     67     97     24      0      0      0      0   1512   1410   1659      4      0 
    0     42     33     37      0      0      0      0      0      0   1512    210      0      1      0 
    1    227     66     69     97     24      0      0      0      0   1512   1410   1659      4      0 
    0     42     33     37      0      0      0      0      0      0   1512    210      0      1      0 
    1    230     65     69     97     24      0      0      0      0   1512   1410   1659      4      0 
    0     42     33     37      0      0      0      0      0      0   1512    210      0      1      0 
    1    233     65     69     97     24      0      0      0      0   1512   1410   1659      4      0 
    0     42     33     37      0      0      0      0      0      0   1512    210      0      1      0 
    1    235     65     67     97     24      0      0      0      0   1512   1410   1659      4      0 
    0     42     33     37      0      0      0      0      0      0   1512    210      0      1      0 
    1    230     65     67     97     24      0      0      0      0   1512   1410   1659      4      0 
    0     42     33     37      0      0      0      0      0      0   1512    210      0      1      0 
    1    230     64     67     97     24      0      0      0      0   1512   1410   1659      4      0 
    0     42     33     37      0      0      0      0      0      0   1512    210      0      1      0 
    1    228     65     69     97     24      0      0      0      0   1512   1410   1659      4      0 
    0     42     33     37      0      0      0      0      0      0   1512    210      0      1      0 
    1    234     65     69     97     24      0      0      0      0   1512   1410   1659      4      0 
    0     42     33     37      0      0      0      0      0      0   1512    210      0      1      0 
    1    227     65     69     97     24      0      0      0      0   1512   1410   1659      4      0 
# gpu    pwr  gtemp  mtemp     sm    mem    enc    dec    jpg    ofa   mclk   pclk     fb   bar1   ccpm 
# Idx      W      C      C      %      %      %      %      %      %    MHz    MHz     MB     MB     MB 
    0     42     33     37      0      0      0      0      0      0   1512    210      0      1      0 
    1    230     65     67     97     24      0      0      0      0   1512   1410   1659      4      0 
    0     41     33     37      0      0      0      0      0      0   1512    210      0      1      0 
    1    234     65     67     97     24      0      0      0      0   1512   1410   1659      4      0 
    0     42     33     37      0      0      0      0      0      0   1512    210      0      1      0 
    1    230     64     67     97     24      0      0      0      0   1512   1410   1659      4      0 
    0     42     33     37      0      0      0      0      0      0   1512    210      0      1      0 
    1    235     65     69     97     24      0      0      0      0   1512   1410   1659      4      0 
    0     42     33     37      0      0      0      0      0      0   1512    210      0      1      0 
    1    230     65     69     97     24      0      0      0      0   1512   1410   1659      4      0 
    0     42     33     37      0      0      0      0      0      0   1512    210      0      1      0 
    1    233     65     69     97     24      0      0      0      0   1512   1410   1659      4      0 
    0     42     33     37      0      0      0      0      0      0   1512    210      0      1      0 
    1    233     65     67     97     24      0      0      0      0   1512   1410   1659      4      0 
    0     42     33     37      0      0      0      0      0      0   1512    210      0      1      0 
    1    229     65     67     97     24      0      0      0      0   1512   1410   1659      4      0 
    0     42     33     37      0      0      0      0      0      0   1512    210      0      1      0 
    1    234     64     67     97     24      0      0      0      0   1512   1410   1659      4      0 
    0     42     33     37      0      0      0      0      0      0   1512    210      0      1      0 
    1    233     65     69     97     24      0      0      0      0   1512   1410   1659      4      0 
    0     42     33     37      0      0      0      0      0      0   1512    210      0      1      0 
    1    232     65     69     97     24      0      0      0      0   1512   1410   1659      4      0 
    0     42     33     37      0      0      0      0      0      0   1512    210      0      1      0 
    1    230     65     69     97     24      0      0      0      0   1512   1410   1659      4      0 
    0     42     33     37      0      0      0      0      0      0   1512    210      0      1      0 
    1    231     65     67     97     24      0      0      0      0   1512   1410   1659      4      0 
    0     42     33     37      0      0      0      0      0      0   1512    210      0      1      0 
    1    228     65     67     97     24      0      0      0      0   1512   1410   1659      4      0 
    0     42     33     37      0      0      0      0      0      0   1512    210      0      1      0 
    1    230     65     67     97     24      0      0      0      0   1512   1410   1659      4      0 
    0     42     33     37      0      0      0      0      0      0   1512    210      0      1      0 
    1    235     66     69     97     24      0      0      0      0   1512   1410   1659      4      0 
    0     42     33     37      0      0      0      0      0      0   1512    210      0      1      0 
    1    232     65     69     97     24      0      0      0      0   1512   1410   1659      4      0 
    0     42     33     37      0      0      0      0      0      0   1512    210      0      1      0 
    1    228     65     69     97     24      0      0      0      0   1512   1410   1659      4      0 
    0     42     33     37      0      0      0      0      0      0   1512    210      0      1      0 
    1    230     65     67     97     24      0      0      0      0   1512   1410   1659      4      0 
    0     42     33     37      0      0      0      0      0      0   1512    210      0      1      0 
    1    233     65     67     97     24      0      0      0      0   1512   1410   1659      4      0 
    0     42     33     37      0      0      0      0      0      0   1512    210      0      1      0 
    1    234     64     67     97     24      0      0      0      0   1512   1410   1659      4      0 
    0     42     33     37      0      0      0      0      0      0   1512    210      0      1      0 
    1    235     65     69     97     24      0      0      0      0   1512   1410   1659      4      0 
# gpu    pwr  gtemp  mtemp     sm    mem    enc    dec    jpg    ofa   mclk   pclk     fb   bar1   ccpm 
# Idx      W      C      C      %      %      %      %      %      %    MHz    MHz     MB     MB     MB 
    0     42     33     37      0      0      0      0      0      0   1512    210      0      1      0 
    1    231     65     69     96     24      0      0      0      0   1512   1410   1659      4      0 
    0     43     33     37      0      0      0      0      0      0   1512    210      0      1      0 
    1    229     65     69     97     24      0      0      0      0   1512   1410   1659      4      0 
    0     42     33     37      0      0      0      0      0      0   1512    210      0      1      0 
    1    232     65     67     97     24      0      0      0      0   1512   1410   1659      4      0 
    0     42     33     37      0      0      0      0      0      0   1512    210      0      1      0 
    1    234     65     67     97     24      0      0      0      0   1512   1410   1659      4      0 
    0     42     33     37      0      0      0      0      0      0   1512    210      0      1      0 
    1    232     64     67     97     24      0      0      0      0   1512   1410   1659      4      0 
    0     43     33     37      0      0      0      0      0      0   1512    210      0      1      0 
    1    235     65     69     97     24      0      0      0      0   1512   1410   1659      4      0 
    0     42     33     37      0      0      0      0      0      0   1512    210      0      1      0 
    1    233     65     69     97     24      0      0      0      0   1512   1410   1659      4      0 
    0     42     33     37      0      0      0      0      0      0   1512    210      0      1      0 
    1    234     65     67     97     24      0      0      0      0   1512   1410   1659      4      0 
    0     42     33     37      0      0      0      0      0      0   1512    210      0      1      0 
    1    232     65     67     97     24      0      0      0      0   1512   1410   1659      4      0 
    0     42     33     37      0      0      0      0      0      0   1512    210      0      1      0 
    1    228     64     67     97     24      0      0      0      0   1512   1410   1659      4      0 
    0     42     33     37      0      0      0      0      0      0   1512    210      0      1      0 
    1    234     65     69     97     24      0      0      0      0   1512   1410   1659      4      0 
    0     42     33     37      0      0      0      0      0      0   1512    210      0      1      0 
    1    230     65     69     97     24      0      0      0      0   1512   1410   1659      4      0 
    0     42     33     37      0      0      0      0      0      0   1512    210      0      1      0 
    1    231     65     69     97     24      0      0      0      0   1512   1410   1659      4      0 
    0     42     33     37      0      0      0      0      0      0   1512    210      0      1      0 
    1    229     65     69     97     24      0      0      0      0   1512   1410   1659      4      0 
    0     42     33     37      0      0      0      0      0      0   1512    210      0      1      0 
    1    231     65     67     97     24      0      0      0      0   1512   1410   1659      4      0 
    0     42     33     37      0      0      0      0      0      0   1512    210      0      1      0 
    1    231     64     67     97     24      0      0      0      0   1512   1410   1659      4      0 
    0     42     33     37      0      0      0      0      0      0   1512    210      0      1      0 
    1    233     65     69     97     24      0      0      0      0   1512   1410   1659      4      0 
    0     42     33     37      0      0      0      0      0      0   1512    210      0      1      0 
    1    232     65     69     97     24      0      0      0      0   1512   1410   1659      4      0 
    0     42     33     37      0      0      0      0      0      0   1512    210      0      1      0 
    1    232     65     69     97     24      0      0      0      0   1512   1410   1659      4      0 
    0     42     33     37      0      0      0      0      0      0   1512    210      0      1      0 
    1    231     65     67     97     24      0      0      0      0   1512   1410   1659      4      0 
    0     42     33     37      0      0      0      0      0      0   1512    210      0      1      0 
    1    228     65     67     97     24      0      0      0      0   1512   1410   1659      4      0 
    0     42     33     37      0      0      0      0      0      0   1512    210      0      1      0 
    1    229     64     67     97     24      0      0      0      0   1512   1410   1659      4      0 
# gpu    pwr  gtemp  mtemp     sm    mem    enc    dec    jpg    ofa   mclk   pclk     fb   bar1   ccpm 
# Idx      W      C      C      %      %      %      %      %      %    MHz    MHz     MB     MB     MB 
    0     42     33     37      0      0      0      0      0      0   1512    210      0      1      0 
    1    230     65     67     97     24      0      0      0      0   1512   1410   1659      4      0 
    0     42     33     37      0      0      0      0      0      0   1512    210      0      1      0 
    1    232     66     69     97     24      0      0      0      0   1512   1410   1659      4      0 
    0     42     33     37      0      0      0      0      0      0   1512    210      0      1      0 
    1    233     65     69     97     24      0      0      0      0   1512   1410   1659      4      0 
    0     42     33     37      0      0      0      0      0      0   1512    210      0      1      0 
    1    233     65     69     97     24      0      0      0      0   1512   1410   1659      4      0 
    0     42     33     37      0      0      0      0      0      0   1512    210      0      1      0 
    1    234     65     67     97     24      0      0      0      0   1512   1410   1659      4      0 
    0     42     33     37      0      0      0      0      0      0   1512    210      0      1      0 
    1    230     64     67     97     24      0      0      0      0   1512   1410   1659      4      0 
    0     42     33     37      0      0      0      0      0      0   1512    210      0      1      0 
    1    233     65     67     97     24      0      0      0      0   1512   1410   1659      4      0 
    0     42     33     37      0      0      0      0      0      0   1512    210      0      1      0 
    1    230     66     69     97     24      0      0      0      0   1512   1410   1659      4      0 
    0     42     33     37      0      0      0      0      0      0   1512    210      0      1      0 
    1    227     65     69     97     24      0      0      0      0   1512   1410   1659      4      0 
    0     42     33     37      0      0      0      0      0      0   1512    210      0      1      0 
    1    234     65     67     97     24      0      0      0      0   1512   1410   1659      4      0 
    0     42     33     37      0      0      0      0      0      0   1512    210      0      1      0 
    1    232     65     67     97     24      0      0      0      0   1512   1410   1659      4      0 
    0     42     33     37      0      0      0      0      0      0   1512    210      0      1      0 
    1    233     64     67     97     24      0      0      0      0   1512   1410   1659      4      0 
    0     42     33     37      0      0      0      0      0      0   1512    210      0      1      0 
    1    229     65     67     97     24      0      0      0      0   1512   1410   1659      4      0 
    0     42     33     37      0      0      0      0      0      0   1512    210      0      1      0 
    1    231     66     69     97     24      0      0      0      0   1512   1410   1659      4      0 
    0     41     33     37      0      0      0      0      0      0   1512    210      0      1      0 
    1    235     65     69     96     24      0      0      0      0   1512   1410   1659      4      0 
    0     42     33     37      0      0      0      0      0      0   1512    210      0      1      0 
    1    226     65     69     97     24      0      0      0      0   1512   1410   1659      4      0 
    0     42     33     37      0      0      0      0      0      0   1512    210      0      1      0 
    1    230     65     67     97     24      0      0      0      0   1512   1410   1659      4      0 
    0     42     33     37      0      0      0      0      0      0   1512    210      0      1      0 
    1    231     65     67     97     24      0      0      0      0   1512   1410   1659      4      0 
    0     42     33     37      0      0      0      0      0      0   1512    210      0      1      0 
    1    231     65     67     97     24      0      0      0      0   1512   1410   1659      4      0 
    0     42     33     37      0      0      0      0      0      0   1512    210      0      1      0 
    1    232     65     69     97     24      0      0      0      0   1512   1410   1659      4      0 
    0     42     33     37      0      0      0      0      0      0   1512    210      0      1      0 
    1    230     65     69     97     24      0      0      0      0   1512   1410   1659      4      0 
    0     42     33     37      0      0      0      0      0      0   1512    210      0      1      0 
    1    229     65     69     97     24      0      0      0      0   1512   1410   1659      4      0 
# gpu    pwr  gtemp  mtemp     sm    mem    enc    dec    jpg    ofa   mclk   pclk     fb   bar1   ccpm 
# Idx      W      C      C      %      %      %      %      %      %    MHz    MHz     MB     MB     MB 
    0     42     33     37      0      0      0      0      0      0   1512    210      0      1      0 
    1    230     65     67     96     24      0      0      0      0   1512   1410   1659      4      0 
    0     42     33     37      0      0      0      0      0      0   1512    210      0      1      0 
    1    232     64     67     97     24      0      0      0      0   1512   1410   1659      4      0 
    0     42     33     37      0      0      0      0      0      0   1512    210      0      1      0 
    1    227     65     67     97     24      0      0      0      0   1512   1410   1659      4      0 
    0     42     33     37      0      0      0      0      0      0   1512    210      0      1      0 
    1    235     66     69     97     24      0      0      0      0   1512   1410   1659      4      0 
    0     42     33     37      0      0      0      0      0      0   1512    210      0      1      0 
    1    231     65     69     97     24      0      0      0      0   1512   1410   1659      4      0 
    0     42     33     37      0      0      0      0      0      0   1512    210      0      1      0 
    1    231     65     69     97     24      0      0      0      0   1512   1410   1659      4      0 
    0     42     33     37      0      0      0      0      0      0   1512    210      0      1      0 
    1    234     65     67     97     24      0      0      0      0   1512   1410   1659      4      0 
    0     42     33     37      0      0      0      0      0      0   1512    210      0      1      0 
    1    229     65     67     97     24      0      0      0      0   1512   1410   1659      4      0 
    0     42     33     37      0      0      0      0      0      0   1512    210      0      1      0 
    1    233     65     67     97     24      0      0      0      0   1512   1410   1659      4      0 
    0     42     33     37      0      0      0      0      0      0   1512    210      0      1      0 
    1    231     65     69     97     24      0      0      0      0   1512   1410   1659      4      0 
    0     43     33     37      0      0      0      0      0      0   1512    210      0      1      0 
    1    227     65     69     97     24      0      0      0      0   1512   1410   1659      4      0 
    0     42     33     37      0      0      0      0      0      0   1512    210      0      1      0 
    1    232     65     67     97     24      0      0      0      0   1512   1410   1659      4      0 
    0     42     33     37      0      0      0      0      0      0   1512    210      0      1      0 
    1    228     65     67     97     24      0      0      0      0   1512   1410   1659      4      0 
    0     42     33     37      0      0      0      0      0      0   1512    210      0      1      0 
    1    234     64     67     96     24      0      0      0      0   1512   1410   1659      4      0 
    0     42     33     37      0      0      0      0      0      0   1512    210      0      1      0 
    1    230     65     67     97     24      0      0      0      0   1512   1410   1659      4      0 
    0     42     33     37      0      0      0      0      0      0   1512    210      0      1      0 
    1    231     65     69     97     24      0      0      0      0   1512   1410   1659      4      0 
    0     42     33     37      0      0      0      0      0      0   1512    210      0      1      0 
    1    234     65     69     97     24      0      0      0      0   1512   1410   1659      4      0 
    0     42     33     37      0      0      0      0      0      0   1512    210      0      1      0 
    1    228     65     69     97     24      0      0      0      0   1512   1410   1659      4      0 
    0     42     33     37      0      0      0      0      0      0   1512    210      0      1      0 
    1    227     65     67     96     24      0      0      0      0   1512   1410   1659      4      0 
    0     42     33     37      0      0      0      0      0      0   1512    210      0      1      0 
    1    233     64     67     97     24      0      0      0      0   1512   1410   1659      4      0 
    0     43     33     37      0      0      0      0      0      0   1512    210      0      1      0 
    1    232     65     67     97     24      0      0      0      0   1512   1410   1659      4      0 
    0     42     33     37      0      0      0      0      0      0   1512    210      0      1      0 
    1    234     66     69     97     24      0      0      0      0   1512   1410   1659      4      0 
# gpu    pwr  gtemp  mtemp     sm    mem    enc    dec    jpg    ofa   mclk   pclk     fb   bar1   ccpm 
# Idx      W      C      C      %      %      %      %      %      %    MHz    MHz     MB     MB     MB 
    0     42     33     37      0      0      0      0      0      0   1512    210      0      1      0 
    1    231     65     69     97     24      0      0      0      0   1512   1410   1659      4      0 
    0     42     33     37      0      0      0      0      0      0   1512    210      0      1      0 
    1    229     65     67     96     24      0      0      0      0   1512   1410   1659      4      0 
    0     42     33     37      0      0      0      0      0      0   1512    210      0      1      0 
    1    225     65     67     97     24      0      0      0      0   1512   1410   1659      4      0 
    0     42     33     37      0      0      0      0      0      0   1512    210      0      1      0 
    1    232     64     67     97     24      0      0      0      0   1512   1410   1659      4      0 
    0     42     33     37      0      0      0      0      0      0   1512    210      0      1      0 
    1    230     65     69     97     24      0      0      0      0   1512   1410   1659      4      0 
    0     42     33     37      0      0      0      0      0      0   1512    210      0      1      0 
    1    230     66     69     97     24      0      0      0      0   1512   1410   1659      4      0 
    0     42     33     37      0      0      0      0      0      0   1512    210      0      1      0 
    1    234     65     69     97     24      0      0      0      0   1512   1410   1659      4      0 
    0     42     33     37      0      0      0      0      0      0   1512    210      0      1      0 
    1    228     65     69     97     24      0      0      0      0   1512   1410   1659      4      0 
    0     42     33     37      0      0      0      0      0      0   1512    210      0      1      0 
    1    229     65     67     97     24      0      0      0      0   1512   1410   1659      4      0 
    0     42     33     37      0      0      0      0      0      0   1512    210      0      1      0 
    1    229     64     67     96     24      0      0      0      0   1512   1410   1659      4      0 
    0     42     33     37      0      0      0      0      0      0   1512    210      0      1      0 
    1    230     65     67     97     24      0      0      0      0   1512   1410   1659      4      0 
    0     42     33     37      0      0      0      0      0      0   1512    210      0      1      0 
    1    231     66     69     97     24      0      0      0      0   1512   1410   1659      4      0 
    0     42     33     37      0      0      0      0      0      0   1512    210      0      1      0 
    1    234     65     69     97     24      0      0      0      0   1512   1410   1659      4      0 
    0     42     33     37      0      0      0      0      0      0   1512    210      0      1      0 
    1    232     65     69     97     24      0      0      0      0   1512   1410   1659      4      0 
    0     42     33     37      0      0      0      0      0      0   1512    210      0      1      0 
    1    232     65     67     96     24      0      0      0      0   1512   1410   1659      4      0 
    0     42     33     37      0      0      0      0      0      0   1512    210      0      1      0 
    1    230     65     67     97     24      0      0      0      0   1512   1410   1659      4      0 
    0     42     33     37      0      0      0      0      0      0   1512    210      0      1      0 
    1    232     65     67     97     24      0      0      0      0   1512   1410   1659      4      0 
    0     42     33     37      0      0      0      0      0      0   1512    210      0      1      0 
    1    233     66     69     97     24      0      0      0      0   1512   1410   1659      4      0 
    0     42     33     37      0      0      0      0      0      0   1512    210      0      1      0 
    1    232     65     69     97     24      0      0      0      0   1512   1410   1659      4      0 
    0     42     33     37      0      0      0      0      0      0   1512    210      0      1      0 
    1    233     65     69     97     24      0      0      0      0   1512   1410   1659      4      0 
    0     42     33     37      0      0      0      0      0      0   1512    210      0      1      0 
    1    230     65     67     97     24      0      0      0      0   1512   1410   1659      4      0 
    0     42     33     37      0      0      0      0      0      0   1512    210      0      1      0 
    1    233     65     67     97     24      0      0      0      0   1512   1410   1659      4      0 
# gpu    pwr  gtemp  mtemp     sm    mem    enc    dec    jpg    ofa   mclk   pclk     fb   bar1   ccpm 
# Idx      W      C      C      %      %      %      %      %      %    MHz    MHz     MB     MB     MB 
    0     42     33     37      0      0      0      0      0      0   1512    210      0      1      0 
    1    233     64     67     97     24      0      0      0      0   1512   1410   1659      4      0 
    0     42     33     37      0      0      0      0      0      0   1512    210      0      1      0 
    1    236     65     69     97     24      0      0      0      0   1512   1410   1659      4      0 
    0     42     33     37      0      0      0      0      0      0   1512    210      0      1      0 
    1    229     66     69     97     24      0      0      0      0   1512   1410   1659      4      0 
    0     42     33     37      0      0      0      0      0      0   1512    210      0      1      0 
    1    233     65     69     97     24      0      0      0      0   1512   1410   1659      4      0 
    0     42     33     37      0      0      0      0      0      0   1512    210      0      1      0 
    1    231     65     67     97     24      0      0      0      0   1512   1410   1659      4      0 
    0     42     33     37      0      0      0      0      0      0   1512    210      0      1      0 
    1    231     65     67     96     24      0      0      0      0   1512   1410   1659      4      0 
    0     42     33     37      0      0      0      0      0      0   1512    210      0      1      0 
    1    234     64     67     97     24      0      0      0      0   1512   1410   1659      4      0 
    0     42     33     37      0      0      0      0      0      0   1512    210      0      1      0 
    1    234     65     69     97     24      0      0      0      0   1512   1410   1659      4      0 
    0     42     33     37      0      0      0      0      0      0   1512    210      0      1      0 
    1    231     66     69     97     24      0      0      0      0   1512   1410   1659      4      0 
    0     42     33     37      0      0      0      0      0      0   1512    210      0      1      0 
    1    233     65     69     97     24      0      0      0      0   1512   1410   1659      4      0 
    0     42     33     37      0      0      0      0      0      0   1512    210      0      1      0 
    1    230     65     69     97     24      0      0      0      0   1512   1410   1659      4      0 
    0     42     33     37      0      0      0      0      0      0   1512    210      0      1      0 
    1    231     65     67     97     24      0      0      0      0   1512   1410   1659      4      0 
    0     42     33     37      0      0      0      0      0      0   1512    210      0      1      0 
    1    231     64     67     97     24      0      0      0      0   1512   1410   1659      4      0 
    0     42     33     37      0      0      0      0      0      0   1512    210      0      1      0 
    1    230     65     69     97     24      0      0      0      0   1512   1410   1659      4      0 
    0     42     33     37      0      0      0      0      0      0   1512    210      0      1      0 
    1    233     66     69     97     24      0      0      0      0   1512   1410   1659      4      0 
    0     42     33     37      0      0      0      0      0      0   1512    210      0      1      0 
    1    229     65     69     97     24      0      0      0      0   1512   1410   1659      4      0 
    0     42     33     37      0      0      0      0      0      0   1512    210      0      1      0 
    1    233     65     67     97     24      0      0      0      0   1512   1410   1659      4      0 
    0     42     33     37      0      0      0      0      0      0   1512    210      0      1      0 
    1    231     65     67     97     24      0      0      0      0   1512   1410   1659      4      0 
    0     42     33     37      0      0      0      0      0      0   1512    210      0      1      0 
    1    231     64     67     97     24      0      0      0      0   1512   1410   1659      4      0 
    0     42     33     37      0      0      0      0      0      0   1512    210      0      1      0 
    1    233     65     67     97     24      0      0      0      0   1512   1410   1659      4      0 
    0     42     33     37      0      0      0      0      0      0   1512    210      0      1      0 
    1    234     66     69     97     24      0      0      0      0   1512   1410   1659      4      0 
    0     42     33     37      0      0      0      0      0      0   1512    210      0      1      0 
    1    235     65     69     97     24      0      0      0      0   1512   1410   1659      4      0 
# gpu    pwr  gtemp  mtemp     sm    mem    enc    dec    jpg    ofa   mclk   pclk     fb   bar1   ccpm 
# Idx      W      C      C      %      %      %      %      %      %    MHz    MHz     MB     MB     MB 
    0     42     33     37      0      0      0      0      0      0   1512    210      0      1      0 
    1    233     65     69     97     24      0      0      0      0   1512   1410   1659      4      0 
    0     42     33     37      0      0      0      0      0      0   1512    210      0      1      0 
    1    232     65     67     97     24      0      0      0      0   1512   1410   1659      4      0 
    0     42     33     37      0      0      0      0      0      0   1512    210      0      1      0 
    1    232     64     67     97     24      0      0      0      0   1512   1410   1659      4      0 
    0     42     33     37      0      0      0      0      0      0   1512    210      0      1      0 
    1    230     65     69     97     24      0      0      0      0   1512   1410   1659      4      0 
    0     42     33     37      0      0      0      0      0      0   1512    210      0      1      0 
    1    232     65     69     97     24      0      0      0      0   1512   1410   1659      4      0 
    0     42     33     37      0      0      0      0      0      0   1512    210      0      1      0 
    1    231     65     69     97     24      0      0      0      0   1512   1410   1659      4      0 
    0     42     33     37      0      0      0      0      0      0   1512    210      0      1      0 
    1    226     65     67     97     24      0      0      0      0   1512   1410   1659      4      0 
    0     42     33     37      0      0      0      0      0      0   1512    210      0      1      0 
    1    229     65     67     97     24      0      0      0      0   1512   1410   1659      4      0 
    0     42     33     37      0      0      0      0      0      0   1512    210      0      1      0 
    1    232     65     67     97     24      0      0      0      0   1512   1410   1659      4      0 
    0     42     33     37      0      0      0      0      0      0   1512    210      0      1      0 
    1    232     65     69     97     24      0      0      0      0   1512   1410   1659      4      0 
    0     42     33     37      0      0      0      0      0      0   1512    210      0      1      0 
    1    231     65     69     97     24      0      0      0      0   1512   1410   1659      4      0 
    0     42     33     37      0      0      0      0      0      0   1512    210      0      1      0 
    1    229     65     67     97     24      0      0      0      0   1512   1410   1659      4      0 
    0     42     33     37      0      0      0      0      0      0   1512    210      0      1      0 
    1    229     64     67     97     24      0      0      0      0   1512   1410   1659      4      0 
    0     42     33     37      0      0      0      0      0      0   1512    210      0      1      0 
    1    232     65     67     97     24      0      0      0      0   1512   1410   1659      4      0 
    0     42     33     37      0      0      0      0      0      0   1512    210      0      1      0 
    1    230     66     69     97     24      0      0      0      0   1512   1410   1659      4      0 
    0     42     33     37      0      0      0      0      0      0   1512    210      0      1      0 
    1    227     65     69     97     24      0      0      0      0   1512   1410   1659      4      0 
    0     42     33     37      0      0      0      0      0      0   1512    210      0      1      0 
    1    233     65     69     97     24      0      0      0      0   1512   1410   1659      4      0 
    0     42     33     37      0      0      0      0      0      0   1512    210      0      1      0 
    1    229     65     67     97     24      0      0      0      0   1512   1410   1659      4      0 
    0     42     33     37      0      0      0      0      0      0   1512    210      0      1      0 
    1    229     65     67     97     24      0      0      0      0   1512   1410   1659      4      0 
    0     42     33     37      0      0      0      0      0      0   1512    210      0      1      0 
    1    230     64     67     97     24      0      0      0      0   1512   1410   1659      4      0 
    0     42     33     37      0      0      0      0      0      0   1512    210      0      1      0 
    1    228     66     69     97     24      0      0      0      0   1512   1410   1659      4      0 
    0     42     33     37      0      0      0      0      0      0   1512    210      0      1      0 
    1    233     65     69     97     24      0      0      0      0   1512   1410   1659      4      0 
# gpu    pwr  gtemp  mtemp     sm    mem    enc    dec    jpg    ofa   mclk   pclk     fb   bar1   ccpm 
# Idx      W      C      C      %      %      %      %      %      %    MHz    MHz     MB     MB     MB 
    0     42     33     37      0      0      0      0      0      0   1512    210      0      1      0 
    1    234     65     69     97     24      0      0      0      0   1512   1410   1659      4      0 
    0     42     33     37      0      0      0      0      0      0   1512    210      0      1      0 
    1    230     65     67     97     24      0      0      0      0   1512   1410   1659      4      0 
    0     43     33     37      0      0      0      0      0      0   1512    210      0      1      0 
    1    231     65     67     97     24      0      0      0      0   1512   1410   1659      4      0 
    0     42     33     37      0      0      0      0      0      0   1512    210      0      1      0 
    1    233     64     67     97     24      0      0      0      0   1512   1410   1659      4      0 
    0     43     33     37      0      0      0      0      0      0   1512    210      0      1      0 
    1    233     65     69     97     24      0      0      0      0   1512   1410   1659      4      0 
    0     42     33     37      0      0      0      0      0      0   1512    210      0      1      0 
    1    231     65     69     97     24      0      0      0      0   1512   1410   1659      4      0 
    0     42     33     37      0      0      0      0      0      0   1512    210      0      1      0 
    1    229     65     69     97     24      0      0      0      0   1512   1410   1659      4      0 
    0     42     33     37      0      0      0      0      0      0   1512    210      0      1      0 
    1    230     65     67     97     24      0      0      0      0   1512   1410   1659      4      0 
    0     42     33     37      0      0      0      0      0      0   1512    210      0      1      0 
    1    231     65     67     97     24      0      0      0      0   1512   1410   1659      4      0 
    0     42     33     37      0      0      0      0      0      0   1512    210      0      1      0 
    1    232     64     67     97     24      0      0      0      0   1512   1410   1659      4      0 
    0     42     33     37      0      0      0      0      0      0   1512    210      0      1      0 
    1    232     65     69     97     24      0      0      0      0   1512   1410   1659      4      0 
    0     42     33     37      0      0      0      0      0      0   1512    210      0      1      0 
    1    231     66     69     97     24      0      0      0      0   1512   1410   1659      4      0 
    0     42     33     37      0      0      0      0      0      0   1512    210      0      1      0 
    1    230     65     69     97     24      0      0      0      0   1512   1410   1659      4      0 
    0     42     33     37      0      0      0      0      0      0   1512    210      0      1      0 
    1    230     65     67     97     24      0      0      0      0   1512   1410   1659      4      0 
    0     42     33     37      0      0      0      0      0      0   1512    210      0      1      0 
    1    228     65     67     97     24      0      0      0      0   1512   1410   1659      4      0 
    0     42     33     37      0      0      0      0      0      0   1512    210      0      1      0 
    1    228     64     67     97     24      0      0      0      0   1512   1410   1659      4      0 
    0     42     33     37      0      0      0      0      0      0   1512    210      0      1      0 
    1    230     65     67     97     24      0      0      0      0   1512   1410   1659      4      0 
    0     42     33     37      0      0      0      0      0      0   1512    210      0      1      0 
    1    232     66     69     97     24      0      0      0      0   1512   1410   1659      4      0 
    0     42     33     37      0      0      0      0      0      0   1512    210      0      1      0 
    1    228     65     69     97     24      0      0      0      0   1512   1410   1659      4      0 
    0     42     33     37      0      0      0      0      0      0   1512    210      0      1      0 
    1    230     65     67     97     24      0      0      0      0   1512   1410   1659      4      0 
    0     42     33     37      0      0      0      0      0      0   1512    210      0      1      0 
    1    230     65     67     97     24      0      0      0      0   1512   1410   1659      4      0 
    0     42     33     37      0      0      0      0      0      0   1512    210      0      1      0 
    1    233     64     67     97     24      0      0      0      0   1512   1410   1659      4      0 
# gpu    pwr  gtemp  mtemp     sm    mem    enc    dec    jpg    ofa   mclk   pclk     fb   bar1   ccpm 
# Idx      W      C      C      %      %      %      %      %      %    MHz    MHz     MB     MB     MB 
    0     42     33     37      0      0      0      0      0      0   1512    210      0      1      0 
    1    234     65     67     97     24      0      0      0      0   1512   1410   1659      4      0 
    0     42     33     37      0      0      0      0      0      0   1512    210      0      1      0 
    1    229     66     69     97     24      0      0      0      0   1512   1410   1659      4      0 
    0     42     33     37      0      0      0      0      0      0   1512    210      0      1      0 
    1    233     65     69     97     24      0      0      0      0   1512   1410   1659      4      0 
    0     42     33     37      0      0      0      0      0      0   1512    210      0      1      0 
    1    231     65     69     97     24      0      0      0      0   1512   1410   1659      4      0 
    0     42     33     37      0      0      0      0      0      0   1512    210      0      1      0 
    1    229     65     67     97     24      0      0      0      0   1512   1410   1659      4      0 
    0     42     33     37      0      0      0      0      0      0   1512    210      0      1      0 
    1    232     65     67     97     24      0      0      0      0   1512   1410   1659      4      0 
    0     42     33     37      0      0      0      0      0      0   1512    210      0      1      0 
    1    234     65     67     96     24      0      0      0      0   1512   1410   1659      4      0 
    0     42     33     37      0      0      0      0      0      0   1512    210      0      1      0 
    1    230     66     69     97     24      0      0      0      0   1512   1410   1659      4      0 
    0     42     33     37      0      0      0      0      0      0   1512    210      0      1      0 
    1    230     65     69     97     24      0      0      0      0   1512   1410   1659      4      0 
    0     43     33     37      0      0      0      0      0      0   1512    210      0      1      0 
    1    230     65     69     97     24      0      0      0      0   1512   1410   1659      4      0 
    0     42     33     37      0      0      0      0      0      0   1512    210      0      1      0 
    1    232     65     67     97     24      0      0      0      0   1512   1410   1659      4      0 
    0     42     33     37      0      0      0      0      0      0   1512    210      0      1      0 
    1    229     65     67     97     24      0      0      0      0   1512   1410   1659      4      0 
    0     42     33     37      0      0      0      0      0      0   1512    210      0      1      0 
    1    229     65     67     97     24      0      0      0      0   1512   1410   1659      4      0 
    0     42     33     37      0      0      0      0      0      0   1512    210      0      1      0 
    1    232     66     69     97     24      0      0      0      0   1512   1410   1659      4      0 
    0     42     33     37      0      0      0      0      0      0   1512    210      0      1      0 
    1    233     65     69     97     24      0      0      0      0   1512   1410   1659      4      0 
    0     42     33     37      0      0      0      0      0      0   1512    210      0      1      0 
    1    232     65     69     97     24      0      0      0      0   1512   1410   1659      4      0 
    0     42     33     37      0      0      0      0      0      0   1512    210      0      1      0 
    1    234     65     67     97     24      0      0      0      0   1512   1410   1659      4      0 
    0     42     33     37      0      0      0      0      0      0   1512    210      0      1      0 
    1    229     65     67     97     24      0      0      0      0   1512   1410   1659      4      0 
    0     42     33     37      0      0      0      0      0      0   1512    210      0      1      0 
    1    229     64     67     97     24      0      0      0      0   1512   1410   1659      4      0 
    0     42     33     37      0      0      0      0      0      0   1512    210      0      1      0 
    1    234     65     69     97     24      0      0      0      0   1512   1410   1659      4      0 
    0     42     33     37      0      0      0      0      0      0   1512    210      0      1      0 
    1    234     65     69     97     24      0      0      0      0   1512   1410   1659      4      0 
    0     42     33     37      0      0      0      0      0      0   1512    210      0      1      0 
    1    229     65     69     97     24      0      0      0      0   1512   1410   1659      4      0 
# gpu    pwr  gtemp  mtemp     sm    mem    enc    dec    jpg    ofa   mclk   pclk     fb   bar1   ccpm 
# Idx      W      C      C      %      %      %      %      %      %    MHz    MHz     MB     MB     MB 
    0     42     33     37      0      0      0      0      0      0   1512    210      0      1      0 
    1    231     65     67     97     24      0      0      0      0   1512   1410   1659      4      0 
    0     42     33     37      0      0      0      0      0      0   1512    210      0      1      0 
    1    229     65     67     97     24      0      0      0      0   1512   1410   1659      4      0 
    0     42     33     37      0      0      0      0      0      0   1512    210      0      1      0 
    1    230     64     67     97     24      0      0      0      0   1512   1410   1659      4      0 
    0     42     33     37      0      0      0      0      0      0   1512    210      0      1      0 
    1    230     65     67     97     24      0      0      0      0   1512   1410   1659      4      0 
    0     42     33     37      0      0      0      0      0      0   1512    210      0      1      0 
    1    230     65     69     97     24      0      0      0      0   1512   1410   1659      4      0 
    0     42     33     37      0      0      0      0      0      0   1512    210      0      1      0 
    1    233     65     69     97     24      0      0      0      0   1512   1410   1659      4      0 
    0     42     33     37      0      0      0      0      0      0   1512    210      0      1      0 
    1    233     65     67     97     24      0      0      0      0   1512   1410   1659      4      0 
    0     42     33     37      0      0      0      0      0      0   1512    210      0      1      0 
    1    230     64     67     97     24      0      0      0      0   1512   1410   1659      4      0 
    0     43     33     37      0      0      0      0      0      0   1512    210      0      1      0 
    1    230     65     67     97     24      0      0      0      0   1512   1410   1659      4      0 
    0     42     33     37      0      0      0      0      0      0   1512    210      0      1      0 
    1    234     66     69     97     24      0      0      0      0   1512   1410   1659      4      0 
    0     42     33     37      0      0      0      0      0      0   1512    210      0      1      0 
    1    229     65     69     97     24      0      0      0      0   1512   1410   1659      4      0 
    0     42     33     37      0      0      0      0      0      0   1512    210      0      1      0 
    1    228     65     69     97     24      0      0      0      0   1512   1410   1659      4      0 
    0     42     33     37      0      0      0      0      0      0   1512    210      0      1      0 
    1    232     65     67     97     24      0      0      0      0   1512   1410   1659      4      0 
    0     42     33     37      0      0      0      0      0      0   1512    210      0      1      0 
    1    234     65     67     97     24      0      0      0      0   1512   1410   1659      4      0 
    0     42     33     37      0      0      0      0      0      0   1512    210      0      1      0 
    1    230     64     67     97     24      0      0      0      0   1512   1410   1659      4      0 
    0     42     33     37      0      0      0      0      0      0   1512    210      0      1      0 
    1    230     65     69     97     24      0      0      0      0   1512   1410   1659      4      0 
    0     42     33     37      0      0      0      0      0      0   1512    210      0      1      0 
    1    231     65     69     97     24      0      0      0      0   1512   1410   1659      4      0 
    0     42     33     37      0      0      0      0      0      0   1512    210      0      1      0 
    1    233     65     69     97     24      0      0      0      0   1512   1410   1659      4      0 
    0     42     33     37      0      0      0      0      0      0   1512    210      0      1      0 
    1    231     65     67     97     24      0      0      0      0   1512   1410   1659      4      0 
    0     42     33     37      0      0      0      0      0      0   1512    210      0      1      0 
    1    228     65     67     97     24      0      0      0      0   1512   1410   1659      4      0 
    0     42     33     37      0      0      0      0      0      0   1512    210      0      1      0 
    1    233     64     67     97     24      0      0      0      0   1512   1410   1659      4      0 
    0     42     33     37      0      0      0      0      0      0   1512    210      0      1      0 
    1    232     65     69     97     24      0      0      0      0   1512   1410   1659      4      0 
# gpu    pwr  gtemp  mtemp     sm    mem    enc    dec    jpg    ofa   mclk   pclk     fb   bar1   ccpm 
# Idx      W      C      C      %      %      %      %      %      %    MHz    MHz     MB     MB     MB 
    0     42     33     37      0      0      0      0      0      0   1512    210      0      1      0 
    1    234     66     69     97     24      0      0      0      0   1512   1410   1659      4      0 
    0     42     33     37      0      0      0      0      0      0   1512    210      0      1      0 
    1    235     65     69     97     24      0      0      0      0   1512   1410   1659      4      0 
    0     43     33     37      0      0      0      0      0      0   1512    210      0      1      0 
    1    230     65     69     97     24      0      0      0      0   1512   1410   1659      4      0 
    0     42     33     37      0      0      0      0      0      0   1512    210      0      1      0 
    1    232     65     67     97     24      0      0      0      0   1512   1410   1659      4      0 
    0     42     33     37      0      0      0      0      0      0   1512    210      0      1      0 
    1    232     64     67     97     24      0      0      0      0   1512   1410   1659      4      0 
    0     42     33     37      0      0      0      0      0      0   1512    210      0      1      0 
    1    229     65     67     97     24      0      0      0      0   1512   1410   1659      4      0 
    0     42     33     37      0      0      0      0      0      0   1512    210      0      1      0 
    1    234     66     69     97     24      0      0      0      0   1512   1410   1659      4      0 
    0     42     33     37      0      0      0      0      0      0   1512    210      0      1      0 
    1    234     65     69     97     24      0      0      0      0   1512   1410   1659      4      0 
    0     42     33     37      0      0      0      0      0      0   1512    210      0      1      0 
    1    228     65     69     97     24      0      0      0      0   1512   1410   1659      4      0 
    0     42     33     37      0      0      0      0      0      0   1512    210      0      1      0 
    1    234     65     67     97     24      0      0      0      0   1512   1410   1659      4      0 
    0     42     33     37      0      0      0      0      0      0   1512    210      0      1      0 
    1    233     65     67     97     24      0      0      0      0   1512   1410   1659      4      0 
    0     42     33     37      0      0      0      0      0      0   1512    210      0      1      0 
    1    228     64     67     97     24      0      0      0      0   1512   1410   1659      4      0 
    0     43     33     37      0      0      0      0      0      0   1512    210      0      1      0 
    1    233     65     69     97     24      0      0      0      0   1512   1410   1659      4      0 
    0     42     33     37      0      0      0      0      0      0   1512    210      0      1      0 
    1    230     65     69     97     24      0      0      0      0   1512   1410   1659      4      0 
    0     42     33     37      0      0      0      0      0      0   1512    210      0      1      0 
    1    230     65     69     97     24      0      0      0      0   1512   1410   1659      4      0 
    0     42     33     37      0      0      0      0      0      0   1512    210      0      1      0 
    1    233     65     67     97     24      0      0      0      0   1512   1410   1659      4      0 
    0     42     33     37      0      0      0      0      0      0   1512    210      0      1      0 
    1    233     65     67     97     24      0      0      0      0   1512   1410   1659      4      0 
    0     42     33     37      0      0      0      0      0      0   1512    210      0      1      0 
    1    229     65     67     97     24      0      0      0      0   1512   1410   1659      4      0 
    0     42     33     37      0      0      0      0      0      0   1512    210      0      1      0 
    1    232     66     69     97     24      0      0      0      0   1512   1410   1659      4      0 
    0     42     33     37      0      0      0      0      0      0   1512    210      0      1      0 
    1    235     65     69     97     24      0      0      0      0   1512   1410   1659      4      0 
    0     42     33     37      0      0      0      0      0      0   1512    210      0      1      0 
    1    233     65     69     97     24      0      0      0      0   1512   1410   1659      4      0 
    0     42     33     37      0      0      0      0      0      0   1512    210      0      1      0 
    1    228     65     67     97     24      0      0      0      0   1512   1410   1659      4      0 
# gpu    pwr  gtemp  mtemp     sm    mem    enc    dec    jpg    ofa   mclk   pclk     fb   bar1   ccpm 
# Idx      W      C      C      %      %      %      %      %      %    MHz    MHz     MB     MB     MB 
    0     42     33     37      0      0      0      0      0      0   1512    210      0      1      0 
    1    227     64     67     97     24      0      0      0      0   1512   1410   1659      4      0 
    0     42     33     37      0      0      0      0      0      0   1512    210      0      1      0 
    1    228     65     67     97     24      0      0      0      0   1512   1410   1659      4      0 
    0     42     33     37      0      0      0      0      0      0   1512    210      0      1      0 
    1    234     65     69     96     24      0      0      0      0   1512   1410   1659      4      0 
    0     42     33     37      0      0      0      0      0      0   1512    210      0      1      0 
    1    231     65     69     97     24      0      0      0      0   1512   1410   1659      4      0 
    0     42     33     37      0      0      0      0      0      0   1512    210      0      1      0 
    1    231     65     67     97     24      0      0      0      0   1512   1410   1659      4      0 
    0     42     33     37      0      0      0      0      0      0   1512    210      0      1      0 
    1    228     65     67     97     24      0      0      0      0   1512   1410   1659      4      0 
    0     42     33     37      0      0      0      0      0      0   1512    210      0      1      0 
    1    232     65     67     97     24      0      0      0      0   1512   1410   1659      4      0 
    0     42     33     37      0      0      0      0      0      0   1512    210      0      1      0 
    1    234     66     69     96     24      0      0      0      0   1512   1410   1659      4      0 
    0     42     33     37      0      0      0      0      0      0   1512    210      0      1      0 
    1    234     65     69     97     24      0      0      0      0   1512   1410   1659      4      0 
    0     42     33     37      0      0      0      0      0      0   1512    210      0      1      0 
    1    232     65     69     97     24      0      0      0      0   1512   1410   1659      4      0 
    0     42     33     37      0      0      0      0      0      0   1512    210      0      1      0 
    1    228     65     67     97     24      0      0      0      0   1512   1410   1659      4      0 
    0     42     33     37      0      0      0      0      0      0   1512    210      0      1      0 
    1    229     64     67     97     24      0      0      0      0   1512   1410   1659      4      0 
    0     42     33     37      0      0      0      0      0      0   1512    210      0      1      0 
    1    227     65     67     97     24      0      0      0      0   1512   1410   1659      4      0 
    0     42     33     37      0      0      0      0      0      0   1512    210      0      1      0 
    1    235     66     69     97     24      0      0      0      0   1512   1410   1659      4      0 
    0     42     33     37      0      0      0      0      0      0   1512    210      0      1      0 
    1    230     65     69     97     24      0      0      0      0   1512   1410   1659      4      0 
    0     42     33     37      0      0      0      0      0      0   1512    210      0      1      0 
    1    235     65     69     97     24      0      0      0      0   1512   1410   1659      4      0 
    0     42     33     37      0      0      0      0      0      0   1512    210      0      1      0 
    1    230     65     67     97     24      0      0      0      0   1512   1410   1659      4      0 
    0     42     33     37      0      0      0      0      0      0   1512    210      0      1      0 
    1    233     65     67     97     24      0      0      0      0   1512   1410   1659      4      0 
    0     42     33     37      0      0      0      0      0      0   1512    210      0      1      0 
    1    230     64     67     97     24      0      0      0      0   1512   1410   1659      4      0 
    0     42     33     37      0      0      0      0      0      0   1512    210      0      1      0 
    1    233     65     69     97     24      0      0      0      0   1512   1410   1659      4      0 
    0     42     33     37      0      0      0      0      0      0   1512    210      0      1      0 
    1    232     66     69     97     24      0      0      0      0   1512   1410   1659      4      0 
    0     42     33     37      0      0      0      0      0      0   1512    210      0      1      0 
    1    229     65     69     97     24      0      0      0      0   1512   1410   1659      4      0 
# gpu    pwr  gtemp  mtemp     sm    mem    enc    dec    jpg    ofa   mclk   pclk     fb   bar1   ccpm 
# Idx      W      C      C      %      %      %      %      %      %    MHz    MHz     MB     MB     MB 
    0     42     33     37      0      0      0      0      0      0   1512    210      0      1      0 
    1    233     65     69     97     24      0      0      0      0   1512   1410   1659      4      0 
    0     42     33     37      0      0      0      0      0      0   1512    210      0      1      0 
    1    234     65     67     97     24      0      0      0      0   1512   1410   1659      4      0 
    0     42     33     37      0      0      0      0      0      0   1512    210      0      1      0 
    1    229     65     67     97     24      0      0      0      0   1512   1410   1659      4      0 
    0     42     33     37      0      0      0      0      0      0   1512    210      0      1      0 
    1    229     64     67     97     24      0      0      0      0   1512   1410   1659      4      0 
    0     42     33     37      0      0      0      0      0      0   1512    210      0      1      0 
    1    233     65     69     97     24      0      0      0      0   1512   1410   1659      4      0 
    0     42     33     37      0      0      0      0      0      0   1512    210      0      1      0 
    1    233     65     69     97     24      0      0      0      0   1512   1410   1659      4      0 
    0     42     33     37      0      0      0      0      0      0   1512    210      0      1      0 
    1    233     65     69     97     24      0      0      0      0   1512   1410   1659      4      0 
    0     42     33     37      0      0      0      0      0      0   1512    210      0      1      0 
    1    227     65     67     97     24      0      0      0      0   1512   1410   1659      4      0 
    0     42     33     37      0      0      0      0      0      0   1512    210      0      1      0 
    1    226     65     67     97     24      0      0      0      0   1512   1410   1659      4      0 
    0     42     33     37      0      0      0      0      0      0   1512    210      0      1      0 
    1    230     65     67     97     24      0      0      0      0   1512   1410   1659      4      0 
    0     42     33     37      0      0      0      0      0      0   1512    210      0      1      0 
    1    231     65     69     97     24      0      0      0      0   1512   1410   1659      4      0 
    0     42     33     37      0      0      0      0      0      0   1512    210      0      1      0 
    1    234     65     69     97     24      0      0      0      0   1512   1410   1659      4      0 
    0     42     33     37      0      0      0      0      0      0   1512    210      0      1      0 
    1    228     65     69     97     24      0      0      0      0   1512   1410   1659      4      0 
    0     42     33     37      0      0      0      0      0      0   1512    210      0      1      0 
    1    230     65     67     97     24      0      0      0      0   1512   1410   1659      4      0 
    0     42     33     37      0      0      0      0      0      0   1512    210      0      1      0 
    1    229     65     67     97     24      0      0      0      0   1512   1410   1659      4      0 
    0     42     33     37      0      0      0      0      0      0   1512    210      0      1      0 
    1    232     65     67     97     24      0      0      0      0   1512   1410   1659      4      0 
    0     42     33     37      0      0      0      0      0      0   1512    210      0      1      0 
    1    231     65     69     96     24      0      0      0      0   1512   1410   1659      4      0 
    0     42     33     37      0      0      0      0      0      0   1512    210      0      1      0 
    1    231     65     69     97     24      0      0      0      0   1512   1410   1659      4      0 
    0     42     33     37      0      0      0      0      0      0   1512    210      0      1      0 
    1    228     65     67     97     24      0      0      0      0   1512   1410   1659      4      0 
    0     42     33     37      0      0      0      0      0      0   1512    210      0      1      0 
    1    232     65     67     97     24      0      0      0      0   1512   1410   1659      4      0 
    0     42     33     37      0      0      0      0      0      0   1512    210      0      1      0 
    1    229     64     67     97     24      0      0      0      0   1512   1410   1659      4      0 
    0     42     33     37      0      0      0      0      0      0   1512    210      0      1      0 
    1    232     65     69     97     24      0      0      0      0   1512   1410   1659      4      0 
# gpu    pwr  gtemp  mtemp     sm    mem    enc    dec    jpg    ofa   mclk   pclk     fb   bar1   ccpm 
# Idx      W      C      C      %      %      %      %      %      %    MHz    MHz     MB     MB     MB 
    0     42     33     37      0      0      0      0      0      0   1512    210      0      1      0 
    1    232     65     69     97     24      0      0      0      0   1512   1410   1659      4      0 
    0     42     33     37      0      0      0      0      0      0   1512    210      0      1      0 
    1    233     65     67     97     24      0      0      0      0   1512   1410   1659      4      0 
    0     42     33     37      0      0      0      0      0      0   1512    210      0      1      0 
    1    237     65     67     97     24      0      0      0      0   1512   1410   1659      4      0 
    0     43     33     37      0      0      0      0      0      0   1512    210      0      1      0 
    1    232     65     67     97     24      0      0      0      0   1512   1410   1659      4      0 
    0     42     33     37      0      0      0      0      0      0   1512    210      0      1      0 
    1    230     65     67     97     24      0      0      0      0   1512   1410   1659      4      0 
    0     42     33     37      0      0      0      0      0      0   1512    210      0      1      0 
    1    230     66     69     97     24      0      0      0      0   1512   1410   1659      4      0 
    0     42     33     37      0      0      0      0      0      0   1512    210      0      1      0 
    1    232     65     69     97     24      0      0      0      0   1512   1410   1659      4      0 
    0     42     33     37      0      0      0      0      0      0   1512    210      0      1      0 
    1    233     65     69     97     24      0      0      0      0   1512   1410   1659      4      0 
    0     42     33     37      0      0      0      0      0      0   1512    210      0      1      0 
    1    231     65     67     97     24      0      0      0      0   1512   1410   1659      4      0 
    0     42     33     37      0      0      0      0      0      0   1512    210      0      1      0 
    1    230     64     67     97     24      0      0      0      0   1512   1410   1659      4      0 
    0     42     33     37      0      0      0      0      0      0   1512    210      0      1      0 
    1    229     65     67     97     24      0      0      0      0   1512   1410   1659      4      0 
    0     42     33     37      0      0      0      0      0      0   1512    210      0      1      0 
    1    234     66     69     97     24      0      0      0      0   1512   1410   1659      4      0 
    0     42     33     37      0      0      0      0      0      0   1512    210      0      1      0 
    1    233     65     69     96     24      0      0      0      0   1512   1410   1659      4      0 
    0     42     33     37      0      0      0      0      0      0   1512    210      0      1      0 
    1    230     65     69     97     24      0      0      0      0   1512   1410   1659      4      0 
    0     42     33     37      0      0      0      0      0      0   1512    210      0      1      0 
    1    228     65     67     97     24      0      0      0      0   1512   1410   1659      4      0 
    0     42     33     37      0      0      0      0      0      0   1512    210      0      1      0 
    1    235     65     67     97     24      0      0      0      0   1512   1410   1659      4      0 
    0     42     33     37      0      0      0      0      0      0   1512    210      0      1      0 
    1    229     64     67     97     24      0      0      0      0   1512   1410   1659      4      0 
    0     42     33     37      0      0      0      0      0      0   1512    210      0      1      0 
    1    236     65     69     97     24      0      0      0      0   1512   1410   1659      4      0 
    0     42     33     37      0      0      0      0      0      0   1512    210      0      1      0 
    1    231     65     69     97     24      0      0      0      0   1512   1410   1659      4      0 
    0     42     33     37      0      0      0      0      0      0   1512    210      0      1      0 
    1    233     65     69     97     24      0      0      0      0   1512   1410   1659      4      0 
    0     42     33     37      0      0      0      0      0      0   1512    210      0      1      0 
    1    234     65     67     97     24      0      0      0      0   1512   1410   1659      4      0 
    0     42     33     37      0      0      0      0      0      0   1512    210      0      1      0 
    1    229     65     67     97     24      0      0      0      0   1512   1410   1659      4      0 
# gpu    pwr  gtemp  mtemp     sm    mem    enc    dec    jpg    ofa   mclk   pclk     fb   bar1   ccpm 
# Idx      W      C      C      %      %      %      %      %      %    MHz    MHz     MB     MB     MB 
    0     42     33     37      0      0      0      0      0      0   1512    210      0      1      0 
    1    232     64     67     97     24      0      0      0      0   1512   1410   1659      4      0 
    0     42     33     37      0      0      0      0      0      0   1512    210      0      1      0 
    1    232     65     69     97     24      0      0      0      0   1512   1410   1659      4      0 
    0     42     33     37      0      0      0      0      0      0   1512    210      0      1      0 
    1    228     65     69     97     24      0      0      0      0   1512   1410   1659      4      0 
    0     42     33     37      0      0      0      0      0      0   1512    210      0      1      0 
    1    234     65     69     96     24      0      0      0      0   1512   1410   1659      4      0 
    0     42     33     37      0      0      0      0      0      0   1512    210      0      1      0 
    1    227     65     67     97     24      0      0      0      0   1512   1410   1659      4      0 
    0     42     33     37      0      0      0      0      0      0   1512    210      0      1      0 
    1    233     64     67     97     24      0      0      0      0   1512   1410   1659      4      0 
    0     42     33     37      0      0      0      0      0      0   1512    210      0      1      0 
    1    229     65     67     97     24      0      0      0      0   1512   1410   1659      4      0 
    0     42     33     37      0      0      0      0      0      0   1512    210      0      1      0 
    1    233     66     69     97     24      0      0      0      0   1512   1410   1659      4      0 
    0     42     33     37      0      0      0      0      0      0   1512    210      0      1      0 
    1    230     65     69     97     24      0      0      0      0   1512   1410   1659      4      0 
    0     42     33     37      0      0      0      0      0      0   1512    210      0      1      0 
    1    230     65     69     97     24      0      0      0      0   1512   1410   1659      4      0 
    0     42     33     37      0      0      0      0      0      0   1512    210      0      1      0 
    1    230     65     67     97     24      0      0      0      0   1512   1410   1659      4      0 
    0     42     33     37      0      0      0      0      0      0   1512    210      0      1      0 
    1    229     64     67     97     24      0      0      0      0   1512   1410   1659      4      0 
    0     42     33     37      0      0      0      0      0      0   1512    210      0      1      0 
    1    230     65     67     97     24      0      0      0      0   1512   1410   1659      4      0 
    0     42     33     37      0      0      0      0      0      0   1512    210      0      1      0 
    1    234     66     69     97     24      0      0      0      0   1512   1410   1659      4      0 
    0     42     33     37      0      0      0      0      0      0   1512    210      0      1      0 
    1    232     65     69     97     24      0      0      0      0   1512   1410   1659      4      0 
    0     42     33     37      0      0      0      0      0      0   1512    210      0      1      0 
    1    231     65     67     97     24      0      0      0      0   1512   1410   1659      4      0 
    0     42     33     37      0      0      0      0      0      0   1512    210      0      1      0 
    1    232     65     67     96     24      0      0      0      0   1512   1410   1659      4      0 
    0     42     33     37      0      0      0      0      0      0   1512    210      0      1      0 
    1    229     64     67     97     24      0      0      0      0   1512   1410   1659      4      0 
    0     42     33     37      0      0      0      0      0      0   1512    210      0      1      0 
    1    231     65     67     97     24      0      0      0      0   1512   1410   1659      4      0 
    0     42     33     37      0      0      0      0      0      0   1512    210      0      1      0 
    1    233     66     69     97     24      0      0      0      0   1512   1410   1659      4      0 
    0     42     33     37      0      0      0      0      0      0   1512    210      0      1      0 
    1    231     65     69     97     24      0      0      0      0   1512   1410   1659      4      0 
    0     42     33     37      0      0      0      0      0      0   1512    210      0      1      0 
    1    230     65     69     97     24      0      0      0      0   1512   1410   1659      4      0 
# gpu    pwr  gtemp  mtemp     sm    mem    enc    dec    jpg    ofa   mclk   pclk     fb   bar1   ccpm 
# Idx      W      C      C      %      %      %      %      %      %    MHz    MHz     MB     MB     MB 
    0     42     33     37      0      0      0      0      0      0   1512    210      0      1      0 
    1    228     65     67     97     24      0      0      0      0   1512   1410   1659      4      0 
    0     42     33     37      0      0      0      0      0      0   1512    210      0      1      0 
    1    232     64     67     97     24      0      0      0      0   1512   1410   1659      4      0 
    0     42     33     37      0      0      0      0      0      0   1512    210      0      1      0 
    1    234     65     67     97     24      0      0      0      0   1512   1410   1659      4      0 
    0     42     33     37      0      0      0      0      0      0   1512    210      0      1      0 
    1    231     66     69     97     24      0      0      0      0   1512   1410   1659      4      0 
    0     42     33     37      0      0      0      0      0      0   1512    210      0      1      0 
    1    234     65     69     97     24      0      0      0      0   1512   1410   1659      4      0 
    0     43     33     37      0      0      0      0      0      0   1512    210      0      1      0 
    1    236     65     69     97     24      0      0      0      0   1512   1410   1659      4      0 
    0     42     33     37      0      0      0      0      0      0   1512    210      0      1      0 
    1    231     65     67     97     24      0      0      0      0   1512   1410   1659      4      0 
    0     42     33     37      0      0      0      0      0      0   1512    210      0      1      0 
    1    234     65     67     97     24      0      0      0      0   1512   1410   1659      4      0 
    0     42     33     37      0      0      0      0      0      0   1512    210      0      1      0 
    1    230     64     67     97     24      0      0      0      0   1512   1410   1659      4      0 
    0     42     33     37      0      0      0      0      0      0   1512    210      0      1      0 
    1    234     65     69     97     24      0      0      0      0   1512   1410   1659      4      0 
    0     42     33     37      0      0      0      0      0      0   1512    210      0      1      0 
    1    231     65     69     97     24      0      0      0      0   1512   1410   1659      4      0 
    0     42     33     37      0      0      0      0      0      0   1512    210      0      1      0 
    1    234     65     69     97     24      0      0      0      0   1512   1410   1659      4      0 
    0     42     33     37      0      0      0      0      0      0   1512    210      0      1      0 
    1    230     65     69     97     24      0      0      0      0   1512   1410   1659      4      0 
    0     42     33     37      0      0      0      0      0      0   1512    210      0      1      0 
    1    233     65     67     97     24      0      0      0      0   1512   1410   1659      4      0 
    0     42     33     37      0      0      0      0      0      0   1512    210      0      1      0 
    1    231     64     67     97     24      0      0      0      0   1512   1410   1659      4      0 
    0     42     33     37      0      0      0      0      0      0   1512    210      0      1      0 
    1    229     65     69     97     24      0      0      0      0   1512   1410   1659      4      0 
    0     42     33     37      0      0      0      0      0      0   1512    210      0      1      0 
    1    228     66     69     97     24      0      0      0      0   1512   1410   1659      4      0 
    0     42     33     37      0      0      0      0      0      0   1512    210      0      1      0 
    1    233     65     69     97     24      0      0      0      0   1512   1410   1659      4      0 
    0     42     33     37      0      0      0      0      0      0   1512    210      0      1      0 
    1    229     65     69     97     24      0      0      0      0   1512   1410   1659      4      0 
    0     42     33     37      0      0      0      0      0      0   1512    210      0      1      0 
    1    234     65     67     97     24      0      0      0      0   1512   1410   1659      4      0 
    0     42     33     37      0      0      0      0      0      0   1512    210      0      1      0 
    1    234     64     67     97     24      0      0      0      0   1512   1410   1659      4      0 
    0     42     33     37      0      0      0      0      0      0   1512    210      0      1      0 
    1    229     65     67     97     24      0      0      0      0   1512   1410   1659      4      0 
# gpu    pwr  gtemp  mtemp     sm    mem    enc    dec    jpg    ofa   mclk   pclk     fb   bar1   ccpm 
# Idx      W      C      C      %      %      %      %      %      %    MHz    MHz     MB     MB     MB 
    0     42     33     37      0      0      0      0      0      0   1512    210      0      1      0 
    1    234     66     69     97     24      0      0      0      0   1512   1410   1659      4      0 
    0     42     33     37      0      0      0      0      0      0   1512    210      0      1      0 
    1    235     65     69     97     24      0      0      0      0   1512   1410   1659      4      0 
    0     42     33     37      0      0      0      0      0      0   1512    210      0      1      0 
    1    232     65     69     97     24      0      0      0      0   1512   1410   1659      4      0 
    0     42     33     37      0      0      0      0      0      0   1512    210      0      1      0 
    1    232     65     67     97     24      0      0      0      0   1512   1410   1659      4      0 
    0     42     33     37      0      0      0      0      0      0   1512    210      0      1      0 
    1    234     64     67     97     24      0      0      0      0   1512   1410   1659      4      0 
    0     42     33     37      0      0      0      0      0      0   1512    210      0      1      0 
    1    228     65     67     97     24      0      0      0      0   1512   1410   1659      4      0 
    0     42     33     37      0      0      0      0      0      0   1512    210      0      1      0 
    1    234     66     69     97     24      0      0      0      0   1512   1410   1659      4      0 
    0     41     33     37      0      0      0      0      0      0   1512    210      0      1      0 
    1    229     65     69     97     24      0      0      0      0   1512   1410   1659      4      0 
    0     42     33     37      0      0      0      0      0      0   1512    210      0      1      0 
    1    234     65     67     97     24      0      0      0      0   1512   1410   1659      4      0 
    0     42     33     37      0      0      0      0      0      0   1512    210      0      1      0 
    1    232     65     67     97     24      0      0      0      0   1512   1410   1659      4      0 
    0     42     33     37      0      0      0      0      0      0   1512    210      0      1      0 
    1    228     64     67     97     24      0      0      0      0   1512   1410   1659      4      0 
    0     42     33     37      0      0      0      0      0      0   1512    210      0      1      0 
    1    234     65     69     97     24      0      0      0      0   1512   1410   1659      4      0 
    0     42     33     37      0      0      0      0      0      0   1512    210      0      1      0 
    1    234     65     69     97     24      0      0      0      0   1512   1410   1659      4      0 
    0     42     33     37      0      0      0      0      0      0   1512    210      0      1      0 
    1    229     65     69     97     24      0      0      0      0   1512   1410   1659      4      0 
    0     42     33     37      0      0      0      0      0      0   1512    210      0      1      0 
    1    233     65     67     97     24      0      0      0      0   1512   1410   1659      4      0 
    0     42     33     37      0      0      0      0      0      0   1512    210      0      1      0 
    1    230     65     67     97     24      0      0      0      0   1512   1410   1659      4      0 
    0     42     33     37      0      0      0      0      0      0   1512    210      0      1      0 
    1    227     64     67     97     24      0      0      0      0   1512   1410   1659      4      0 
    0     42     33     37      0      0      0      0      0      0   1512    210      0      1      0 
    1    232     65     69     97     24      0      0      0      0   1512   1410   1659      4      0 
    0     42     33     37      0      0      0      0      0      0   1512    210      0      1      0 
    1    235     65     69     97     24      0      0      0      0   1512   1410   1659      4      0 
    0     42     33     37      0      0      0      0      0      0   1512    210      0      1      0 
    1    233     65     69     97     24      0      0      0      0   1512   1410   1659      4      0 
    0     42     33     37      0      0      0      0      0      0   1512    210      0      1      0 
    1    232     65     67     97     24      0      0      0      0   1512   1410   1659      4      0 
    0     42     33     37      0      0      0      0      0      0   1512    210      0      1      0 
    1    229     65     67     97     24      0      0      0      0   1512   1410   1659      4      0 
# gpu    pwr  gtemp  mtemp     sm    mem    enc    dec    jpg    ofa   mclk   pclk     fb   bar1   ccpm 
# Idx      W      C      C      %      %      %      %      %      %    MHz    MHz     MB     MB     MB 
    0     42     33     37      0      0      0      0      0      0   1512    210      0      1      0 
    1    232     64     67     97     24      0      0      0      0   1512   1410   1659      4      0 
    0     42     33     37      0      0      0      0      0      0   1512    210      0      1      0 
    1    229     65     69     97     24      0      0      0      0   1512   1410   1659      4      0 
    0     42     33     37      0      0      0      0      0      0   1512    210      0      1      0 
    1    234     65     69     97     24      0      0      0      0   1512   1410   1659      4      0 
    0     42     33     37      0      0      0      0      0      0   1512    210      0      1      0 
    1    234     65     69     97     24      0      0      0      0   1512   1410   1659      4      0 
    0     42     33     37      0      0      0      0      0      0   1512    210      0      1      0 
    1    233     65     67     97     24      0      0      0      0   1512   1410   1659      4      0 
    0     42     33     37      0      0      0      0      0      0   1512    210      0      1      0 
    1    233     65     67     97     24      0      0      0      0   1512   1410   1659      4      0 
    0     42     33     37      0      0      0      0      0      0   1512    210      0      1      0 
    1    228     64     67     97     24      0      0      0      0   1512   1410   1659      4      0 
    0     42     33     37      0      0      0      0      0      0   1512    210      0      1      0 
    1    230     65     69     97     24      0      0      0      0   1512   1410   1659      4      0 
    0     42     33     37      0      0      0      0      0      0   1512    210      0      1      0 
    1    233     66     69     97     24      0      0      0      0   1512   1410   1659      4      0 
    0     42     33     37      0      0      0      0      0      0   1512    210      0      1      0 
    1    227     65     69     96     24      0      0      0      0   1512   1410   1659      4      0 
    0     42     33     37      0      0      0      0      0      0   1512    210      0      1      0 
    1    235     65     67     97     24      0      0      0      0   1512   1410   1659      4      0 
    0     42     33     37      0      0      0      0      0      0   1512    210      0      1      0 
    1    232     65     67     97     24      0      0      0      0   1512   1410   1659      4      0 
    0     42     33     37      0      0      0      0      0      0   1512    210      0      1      0 
    1    231     64     67     97     24      0      0      0      0   1512   1410   1659      4      0 
    0     42     33     37      0      0      0      0      0      0   1512    210      0      1      0 
    1    227     65     67     97     24      0      0      0      0   1512   1410   1659      4      0 
    0     42     33     37      0      0      0      0      0      0   1512    210      0      1      0 
    1    231     66     69     97     24      0      0      0      0   1512   1410   1659      4      0 
    0     42     33     37      0      0      0      0      0      0   1512    210      0      1      0 
    1    230     65     69     97     24      0      0      0      0   1512   1410   1659      4      0 
    0     42     33     37      0      0      0      0      0      0   1512    210      0      1      0 
    1    231     65     69     97     24      0      0      0      0   1512   1410   1659      4      0 
    0     41     33     37      0      0      0      0      0      0   1512    210      0      1      0 
    1    227     65     67     96     24      0      0      0      0   1512   1410   1659      4      0 
    0     42     33     37      0      0      0      0      0      0   1512    210      0      1      0 
    1    228     65     67     97     24      0      0      0      0   1512   1410   1659      4      0 
    0     42     33     37      0      0      0      0      0      0   1512    210      0      1      0 
    1    232     64     67     97     24      0      0      0      0   1512   1410   1659      4      0 
    0     42     33     37      0      0      0      0      0      0   1512    210      0      1      0 
    1    233     65     69     97     24      0      0      0      0   1512   1410   1659      4      0 
    0     42     33     37      0      0      0      0      0      0   1512    210      0      1      0 
    1    230     65     69     97     24      0      0      0      0   1512   1410   1659      4      0 
# gpu    pwr  gtemp  mtemp     sm    mem    enc    dec    jpg    ofa   mclk   pclk     fb   bar1   ccpm 
# Idx      W      C      C      %      %      %      %      %      %    MHz    MHz     MB     MB     MB 
    0     42     33     37      0      0      0      0      0      0   1512    210      0      1      0 
    1    235     65     69     97     24      0      0      0      0   1512   1410   1659      4      0 
    0     42     33     37      0      0      0      0      0      0   1512    210      0      1      0 
    1    231     65     67     97     24      0      0      0      0   1512   1410   1659      4      0 
    0     42     33     37      0      0      0      0      0      0   1512    210      0      1      0 
    1    229     64     67     97     24      0      0      0      0   1512   1410   1659      4      0 
    0     42     33     37      0      0      0      0      0      0   1512    210      0      1      0 
    1    231     65     67     97     24      0      0      0      0   1512   1410   1659      4      0 
    0     89     35     37     99      0      0      0      0      0   1512   1410   1479      4      0 
    1    234     65     69     97     24      0      0      0      0   1512   1410   1659      4      0 
    0     89     35     39     99      0      0      0      0      0   1512   1410   1479      4      0 
    1    230     65     69     97     24      0      0      0      0   1512   1410   1659      4      0 
    0     88     36     39     99      0      0      0      0      0   1512   1410   1479      4      0 
    1    235     65     69     97     24      0      0      0      0   1512   1410   1659      4      0 
    0     90     36     39     99      0      0      0      0      0   1512   1410   1479      4      0 
    1    232     65     67     97     24      0      0      0      0   1512   1410   1659      4      0 
    0     90     37     39     99      0      0      0      0      0   1512   1410   1479      4      0 
    1    234     64     67     97     24      0      0      0      0   1512   1410   1659      4      0 
    0     90     37     39     99      0      0      0      0      0   1512   1410   1479      4      0 
    1    234     65     67     97     24      0      0      0      0   1512   1410   1659      4      0 
    0     89     37     41     99      0      0      0      0      0   1512   1410   1479      4      0 
    1    231     65     69     97     24      0      0      0      0   1512   1410   1659      4      0 
    0     89     38     41     99      0      0      0      0      0   1512   1410   1479      4      0 
    1    231     65     69     97     24      0      0      0      0   1512   1410   1659      4      0 
    0     90     38     41     99      0      0      0      0      0   1512   1410   1479      4      0 
    1    231     65     69     97     24      0      0      0      0   1512   1410   1659      4      0 
    0     90     38     41     99      0      0      0      0      0   1512   1410   1479      4      0 
    1    235     65     67     97     24      0      0      0      0   1512   1410   1659      4      0 
    0     90     38     41     99      0      0      0      0      0   1512   1410   1479      4      0 
    1    228     64     67     97     24      0      0      0      0   1512   1410   1659      4      0 
    0     91     39     41     99      0      0      0      0      0   1512   1410   1479      4      0 
    1    234     65     67     97     24      0      0      0      0   1512   1410   1659      4      0 
    0     91     39     41     99      0      0      0      0      0   1512   1410   1479      4      0 
    1    235     66     69     97     24      0      0      0      0   1512   1410   1659      4      0 
    0     90     39     41     99      0      0      0      0      0   1512   1410   1479      4      0 
    1    234     65     69     97     24      0      0      0      0   1512   1410   1659      4      0 
    0     90     39     41     99      0      0      0      0      0   1512   1410   1479      4      0 
    1    228     65     69     97     24      0      0      0      0   1512   1410   1659      4      0 
    0     90     39     41     99      0      0      0      0      0   1512   1410   1479      4      0 
    1    230     65     67     97     24      0      0      0      0   1512   1410   1659      4      0 
    0     91     39     43     99      0      0      0      0      0   1512   1410   1479      4      0 
    1    232     64     67     97     24      0      0      0      0   1512   1410   1659      4      0 
    0     88     39     43     99      0      0      0      0      0   1512   1410   1479      4      0 
    1    232     65     69     97     24      0      0      0      0   1512   1410   1659      4      0 
# gpu    pwr  gtemp  mtemp     sm    mem    enc    dec    jpg    ofa   mclk   pclk     fb   bar1   ccpm 
# Idx      W      C      C      %      %      %      %      %      %    MHz    MHz     MB     MB     MB 
    0     88     40     43     99      0      0      0      0      0   1512   1410   1479      4      0 
    1    230     66     69     97     24      0      0      0      0   1512   1410   1659      4      0 
    0     88     40     43     99      0      0      0      0      0   1512   1410   1479      4      0 
    1    230     65     69     97     24      0      0      0      0   1512   1410   1659      4      0 
    0     88     40     43     99      0      0      0      0      0   1512   1410   1479      4      0 
    1    233     65     69     97     24      0      0      0      0   1512   1410   1659      4      0 
    0     87     40     43     99      0      0      0      0      0   1512   1410   1479      4      0 
    1    233     65     67     97     24      0      0      0      0   1512   1410   1659      4      0 
    0     87     40     43     99      0      0      0      0      0   1512   1410   1479      4      0 
    1    234     64     67     97     24      0      0      0      0   1512   1410   1659      4      0 
    0     87     40     43     99      0      0      0      0      0   1512   1410   1479      4      0 
    1    231     65     67     97     24      0      0      0      0   1512   1410   1659      4      0 
    0     88     40     43     99      0      0      0      0      0   1512   1410   1479      4      0 
    1    226     66     69     97     24      0      0      0      0   1512   1410   1659      4      0 
    0     88     40     43     99      0      0      0      0      0   1512   1410   1479      4      0 
    1    236     65     69     97     24      0      0      0      0   1512   1410   1659      4      0 
    0     87     40     43     99      0      0      0      0      0   1512   1410   1479      4      0 
    1    229     65     69     97     24      0      0      0      0   1512   1410   1659      4      0 
    0     87     40     43     99      0      0      0      0      0   1512   1410   1479      4      0 
    1    232     65     67     97     24      0      0      0      0   1512   1410   1659      4      0 
    0     88     40     43     99      0      0      0      0      0   1512   1410   1479      4      0 
    1    228     65     67     97     24      0      0      0      0   1512   1410   1659      4      0 
    0     87     40     43     99      0      0      0      0      0   1512   1410   1479      4      0 
    1    229     64     67     97     24      0      0      0      0   1512   1410   1659      4      0 
    0     88     40     43     99      0      0      0      0      0   1512   1410   1479      4      0 
    1    231     65     69     97     24      0      0      0      0   1512   1410   1659      4      0 
    0     88     40     43     99      0      0      0      0      0   1512   1410   1479      4      0 
    1    234     65     69     97     24      0      0      0      0   1512   1410   1659      4      0 
    0     88     40     43     99      0      0      0      0      0   1512   1410   1479      4      0 
    1    232     65     69     97     24      0      0      0      0   1512   1410   1659      4      0 
    0     87     40     43     99      0      0      0      0      0   1512   1410   1479      4      0 
    1    233     65     67     97     24      0      0      0      0   1512   1410   1659      4      0 
    0     88     40     43     99      0      0      0      0      0   1512   1410   1479      4      0 
    1    230     65     67     97     24      0      0      0      0   1512   1410   1659      4      0 
    0     88     40     43     99      0      0      0      0      0   1512   1410   1479      4      0 
    1    228     65     67     97     24      0      0      0      0   1512   1410   1659      4      0 
    0     88     41     43     99      0      0      0      0      0   1512   1410   1479      4      0 
    1    233     66     69     97     24      0      0      0      0   1512   1410   1659      4      0 
    0     88     41     43     99      0      0      0      0      0   1512   1410   1479      4      0 
    1    236     65     69     97     24      0      0      0      0   1512   1410   1659      4      0 
    0     88     41     43     99      0      0      0      0      0   1512   1410   1479      4      0 
    1    231     65     69     97     24      0      0      0      0   1512   1410   1659      4      0 
    0     88     40     43     99      0      0      0      0      0   1512   1410   1479      4      0 
    1    229     65     67     97     24      0      0      0      0   1512   1410   1659      4      0 
# gpu    pwr  gtemp  mtemp     sm    mem    enc    dec    jpg    ofa   mclk   pclk     fb   bar1   ccpm 
# Idx      W      C      C      %      %      %      %      %      %    MHz    MHz     MB     MB     MB 
    0     87     40     43     99      0      0      0      0      0   1512   1410   1479      4      0 
    1    233     65     67     96     24      0      0      0      0   1512   1410   1659      4      0 
    0     87     40     43     99      0      0      0      0      0   1512   1410   1479      4      0 
    1    230     65     67     97     24      0      0      0      0   1512   1410   1659      4      0 
    0     89     41     43     99      0      0      0      0      0   1512   1410   1479      4      0 
    1    234     65     69     97     24      0      0      0      0   1512   1410   1659      4      0 
    0     88     41     43     99      0      0      0      0      0   1512   1410   1479      4      0 
    1    230     65     69     97     24      0      0      0      0   1512   1410   1659      4      0 
    0     88     41     43     99      0      0      0      0      0   1512   1410   1479      4      0 
    1    233     65     69     97     24      0      0      0      0   1512   1410   1659      4      0 
    0     88     41     43     99      0      0      0      0      0   1512   1410   1479      4      0 
    1    226     65     67     97     24      0      0      0      0   1512   1410   1659      4      0 
    0     88     41     43     99      0      0      0      0      0   1512   1410   1479      4      0 
    1    232     65     67     97     24      0      0      0      0   1512   1410   1659      4      0 
    0     88     41     43     99      0      0      0      0      0   1512   1410   1479      4      0 
    1    229     64     67     97     24      0      0      0      0   1512   1410   1659      4      0 
    0     89     41     43     99      0      0      0      0      0   1512   1410   1479      4      0 
    1    233     65     69     97     24      0      0      0      0   1512   1410   1659      4      0 
    0     88     41     43     99      0      0      0      0      0   1512   1410   1479      4      0 
    1    235     65     69     97     24      0      0      0      0   1512   1410   1659      4      0 
    0     89     41     43     99      0      0      0      0      0   1512   1410   1479      4      0 
    1    231     65     69     97     24      0      0      0      0   1512   1410   1659      4      0 
    0     87     41     43     99      0      0      0      0      0   1512   1410   1479      4      0 
    1    229     65     67     97     24      0      0      0      0   1512   1410   1659      4      0 
    0     88     41     43     99      0      0      0      0      0   1512   1410   1479      4      0 
    1    228     65     67     97     24      0      0      0      0   1512   1410   1659      4      0 
    0     88     41     43     99      0      0      0      0      0   1512   1410   1479      4      0 
    1    234     64     67     97     24      0      0      0      0   1512   1410   1659      4      0 
    0     88     41     43     99      0      0      0      0      0   1512   1410   1479      4      0 
    1    227     65     69     97     24      0      0      0      0   1512   1410   1659      4      0 
    0     89     41     43     99      0      0      0      0      0   1512   1410   1479      4      0 
    1    230     65     69     97     24      0      0      0      0   1512   1410   1659      4      0 
    0     88     41     43     99      0      0      0      0      0   1512   1410   1479      4      0 
    1    234     65     69     97     24      0      0      0      0   1512   1410   1659      4      0 
    0     88     41     43     99      0      0      0      0      0   1512   1410   1479      4      0 
    1    229     65     67     97     24      0      0      0      0   1512   1410   1659      4      0 
    0     87     41     43     99      0      0      0      0      0   1512   1410   1479      4      0 
    1    234     65     67     97     24      0      0      0      0   1512   1410   1659      4      0 
    0     88     41     43     99      0      0      0      0      0   1512   1410   1479      4      0 
    1    233     64     67     97     24      0      0      0      0   1512   1410   1659      4      0 
    0     88     41     43     99      0      0      0      0      0   1512   1410   1479      4      0 
    1    230     65     67     97     24      0      0      0      0   1512   1410   1659      4      0 
    0     88     41     43     99      0      0      0      0      0   1512   1410   1479      4      0 
    1    233     65     69     97     24      0      0      0      0   1512   1410   1659      4      0 
# gpu    pwr  gtemp  mtemp     sm    mem    enc    dec    jpg    ofa   mclk   pclk     fb   bar1   ccpm 
# Idx      W      C      C      %      %      %      %      %      %    MHz    MHz     MB     MB     MB 
    0     88     41     43     99      0      0      0      0      0   1512   1410   1479      4      0 
    1    230     65     69     97     24      0      0      0      0   1512   1410   1659      4      0 
    0     88     41     43     99      0      0      0      0      0   1512   1410   1479      4      0 
    1    230     65     67     97     24      0      0      0      0   1512   1410   1659      4      0 
    0     88     41     43     99      0      0      0      0      0   1512   1410   1479      4      0 
    1    230     65     67     97     24      0      0      0      0   1512   1410   1659      4      0 
    0     88     41     43     99      0      0      0      0      0   1512   1410   1479      4      0 
    1    229     64     67     97     24      0      0      0      0   1512   1410   1659      4      0 
    0     88     41     43     99      0      0      0      0      0   1512   1410   1479      4      0 
    1    230     65     67     96     24      0      0      0      0   1512   1410   1659      4      0 
    0     87     41     43     99      0      0      0      0      0   1512   1410   1479      4      0 
    1    234     66     69     97     24      0      0      0      0   1512   1410   1659      4      0 
    0     89     41     43     99      0      0      0      0      0   1512   1410   1479      4      0 
    1    230     65     69     97     24      0      0      0      0   1512   1410   1659      4      0 
    0     88     41     43     99      0      0      0      0      0   1512   1410   1479      4      0 
    1    229     65     69     97     24      0      0      0      0   1512   1410   1659      4      0 
    0     88     41     43     99      0      0      0      0      0   1512   1410   1479      4      0 
    1    231     65     67     97     24      0      0      0      0   1512   1410   1659      4      0 
    0     88     41     43     99      0      0      0      0      0   1512   1410   1479      4      0 
    1    233     64     67     96     24      0      0      0      0   1512   1410   1659      4      0 
    0     88     41     43     99      0      0      0      0      0   1512   1410   1479      4      0 
    1    226     65     67     97     24      0      0      0      0   1512   1410   1659      4      0 
    0     89     41     43     99      0      0      0      0      0   1512   1410   1479      4      0 
    1    234     66     69     97     24      0      0      0      0   1512   1410   1659      4      0 
    0     88     41     43     99      0      0      0      0      0   1512   1410   1479      4      0 
    1    235     65     69     97     24      0      0      0      0   1512   1410   1659      4      0 
    0     88     41     43     99      0      0      0      0      0   1512   1410   1479      4      0 
    1    229     65     69     97     24      0      0      0      0   1512   1410   1659      4      0 
    0     89     41     43     99      0      0      0      0      0   1512   1410   1479      4      0 
    1    227     65     67     97     24      0      0      0      0   1512   1410   1659      4      0 
    0     88     41     43     99      0      0      0      0      0   1512   1410   1479      4      0 
    1    229     64     67     97     24      0      0      0      0   1512   1410   1659      4      0 
    0     88     41     43     99      0      0      0      0      0   1512   1410   1479      4      0 
    1    227     65     67     97     24      0      0      0      0   1512   1410   1659      4      0 
    0     89     41     43     99      0      0      0      0      0   1512   1410   1479      4      0 
    1    228     65     69     97     24      0      0      0      0   1512   1410   1659      4      0 
    0     88     41     43     99      0      0      0      0      0   1512   1410   1479      4      0 
    1    229     65     69     97     24      0      0      0      0   1512   1410   1659      4      0 
    0     88     41     43     99      0      0      0      0      0   1512   1410   1479      4      0 
    1    229     65     69     97     24      0      0      0      0   1512   1410   1659      4      0 
    0     88     41     43     99      0      0      0      0      0   1512   1410   1479      4      0 
    1    230     65     67     97     24      0      0      0      0   1512   1410   1659      4      0 
    0     88     41     43     99      0      0      0      0      0   1512   1410   1479      4      0 
    1    231     64     67     97     24      0      0      0      0   1512   1410   1659      4      0 
# gpu    pwr  gtemp  mtemp     sm    mem    enc    dec    jpg    ofa   mclk   pclk     fb   bar1   ccpm 
# Idx      W      C      C      %      %      %      %      %      %    MHz    MHz     MB     MB     MB 
    0     88     41     43     99      0      0      0      0      0   1512   1410   1479      4      0 
    1    227     65     67     97     24      0      0      0      0   1512   1410   1659      4      0 
    0     88     41     43     99      0      0      0      0      0   1512   1410   1479      4      0 
    1    230     65     69     97     24      0      0      0      0   1512   1410   1659      4      0 
    0     89     41     43     99      0      0      0      0      0   1512   1410   1479      4      0 
    1    227     65     69     97     24      0      0      0      0   1512   1410   1659      4      0 
    0     88     41     43     99      0      0      0      0      0   1512   1410   1479      4      0 
    1    230     65     69     97     24      0      0      0      0   1512   1410   1659      4      0 
    0     88     41     43     99      0      0      0      0      0   1512   1410   1479      4      0 
    1    234     65     67     97     24      0      0      0      0   1512   1410   1659      4      0 
    0     87     41     43     99      0      0      0      0      0   1512   1410   1479      4      0 
    1    233     64     67     97     24      0      0      0      0   1512   1410   1659      4      0 
    0     89     41     43     99      0      0      0      0      0   1512   1410   1479      4      0 
    1    229     65     67     97     24      0      0      0      0   1512   1410   1659      4      0 
    0     88     41     43     99      0      0      0      0      0   1512   1410   1479      4      0 
    1    230     66     69     97     24      0      0      0      0   1512   1410   1659      4      0 
    0     88     41     43     99      0      0      0      0      0   1512   1410   1479      4      0 
    1    236     65     69     97     24      0      0      0      0   1512   1410   1659      4      0 
    0     88     41     43     99      0      0      0      0      0   1512   1410   1479      4      0 
    1    230     65     69     97     24      0      0      0      0   1512   1410   1659      4      0 
    0     87     41     43     99      0      0      0      0      0   1512   1410   1479      4      0 
    1    229     65     67     97     24      0      0      0      0   1512   1410   1659      4      0 
    0     88     41     43     99      0      0      0      0      0   1512   1410   1479      4      0 
    1    232     64     67     97     24      0      0      0      0   1512   1410   1659      4      0 
    0     89     41     43     99      0      0      0      0      0   1512   1410   1479      4      0 
    1    227     65     67     97     24      0      0      0      0   1512   1410   1659      4      0 
    0     88     41     43     99      0      0      0      0      0   1512   1410   1479      4      0 
    1    231     66     69     97     24      0      0      0      0   1512   1410   1659      4      0 
    0     88     41     43     99      0      0      0      0      0   1512   1410   1479      4      0 
    1    231     65     69     97     24      0      0      0      0   1512   1410   1659      4      0 
    0     88     41     43     99      0      0      0      0      0   1512   1410   1479      4      0 
    1    228     65     69     97     24      0      0      0      0   1512   1410   1659      4      0 
    0     87     41     43     99      0      0      0      0      0   1512   1410   1479      4      0 
    1    229     65     67     97     24      0      0      0      0   1512   1410   1659      4      0 
    0     88     41     43     99      0      0      0      0      0   1512   1410   1479      4      0 
    1    233     65     67     97     24      0      0      0      0   1512   1410   1659      4      0 
    0     87     41     43     99      0      0      0      0      0   1512   1410   1479      4      0 
    1    230     65     67     97     24      0      0      0      0   1512   1410   1659      4      0 
    0     88     41     43     99      0      0      0      0      0   1512   1410   1479      4      0 
    1    231     66     69     97     24      0      0      0      0   1512   1410   1659      4      0 
    0     89     41     43     99      0      0      0      0      0   1512   1410   1479      4      0 
    1    233     65     69     97     24      0      0      0      0   1512   1410   1659      4      0 
    0     88     41     43     99      0      0      0      0      0   1512   1410   1479      4      0 
    1    228     65     69     97     24      0      0      0      0   1512   1410   1659      4      0 
# gpu    pwr  gtemp  mtemp     sm    mem    enc    dec    jpg    ofa   mclk   pclk     fb   bar1   ccpm 
# Idx      W      C      C      %      %      %      %      %      %    MHz    MHz     MB     MB     MB 
    0     88     41     43     99      0      0      0      0      0   1512   1410   1479      4      0 
    1    235     65     67     97     24      0      0      0      0   1512   1410   1659      4      0 
    0     88     41     43     99      0      0      0      0      0   1512   1410   1479      4      0 
    1    234     65     67     97     24      0      0      0      0   1512   1410   1659      4      0 
    0     87     41     43     99      0      0      0      0      0   1512   1410   1479      4      0 
    1    230     64     67     97     24      0      0      0      0   1512   1410   1659      4      0 
    0     87     41     43     99      0      0      0      0      0   1512   1410   1479      4      0 
    1    233     65     69     97     24      0      0      0      0   1512   1410   1659      4      0 
    0     88     41     43     99      0      0      0      0      0   1512   1410   1479      4      0 
    1    230     66     69     96     24      0      0      0      0   1512   1410   1659      4      0 
    0     88     41     43     99      0      0      0      0      0   1512   1410   1479      4      0 
    1    232     65     69     97     24      0      0      0      0   1512   1410   1659      4      0 
    0     88     41     43     99      0      0      0      0      0   1512   1410   1479      4      0 
    1    234     65     67     97     24      0      0      0      0   1512   1410   1659      4      0 
    0     88     41     43     99      0      0      0      0      0   1512   1410   1479      4      0 
    1    228     65     67     97     24      0      0      0      0   1512   1410   1659      4      0 
    0     89     41     43     99      0      0      0      0      0   1512   1410   1479      4      0 
    1    231     64     67     97     24      0      0      0      0   1512   1410   1659      4      0 
    0     88     41     43     99      0      0      0      0      0   1512   1410   1479      4      0 
    1    228     65     67     97     24      0      0      0      0   1512   1410   1659      4      0 
    0     88     41     43     99      0      0      0      0      0   1512   1410   1479      4      0 
    1    233     66     69     97     24      0      0      0      0   1512   1410   1659      4      0 
    0     89     41     43     99      0      0      0      0      0   1512   1410   1479      4      0 
    1    233     65     69     97     24      0      0      0      0   1512   1410   1659      4      0 
    0     89     41     43     99      0      0      0      0      0   1512   1410   1479      4      0 
    1    233     65     69     97     24      0      0      0      0   1512   1410   1659      4      0 
    0     88     41     43     99      0      0      0      0      0   1512   1410   1479      4      0 
    1    233     65     67     97     24      0      0      0      0   1512   1410   1659      4      0 
    0     88     41     43     99      0      0      0      0      0   1512   1410   1479      4      0 
    1    229     64     67     97     24      0      0      0      0   1512   1410   1659      4      0 
    0     88     41     43     99      0      0      0      0      0   1512   1410   1479      4      0 
    1    228     65     67     97     24      0      0      0      0   1512   1410   1659      4      0 
    0     88     41     43     99      0      0      0      0      0   1512   1410   1479      4      0 
    1    235     66     69     97     24      0      0      0      0   1512   1410   1659      4      0 
    0     88     41     43     99      0      0      0      0      0   1512   1410   1479      4      0 
    1    231     65     69     96     24      0      0      0      0   1512   1410   1659      4      0 
    0     88     41     43     99      0      0      0      0      0   1512   1410   1479      4      0 
    1    230     65     67     97     24      0      0      0      0   1512   1410   1659      4      0 
    0     88     41     43     99      0      0      0      0      0   1512   1410   1479      4      0 
    1    231     65     67     97     24      0      0      0      0   1512   1410   1659      4      0 
    0     88     41     43     99      0      0      0      0      0   1512   1410   1479      4      0 
    1    232     64     67     97     24      0      0      0      0   1512   1410   1659      4      0 
    0     87     41     43     99      0      0      0      0      0   1512   1410   1479      4      0 
    1    234     65     67     97     24      0      0      0      0   1512   1410   1659      4      0 
# gpu    pwr  gtemp  mtemp     sm    mem    enc    dec    jpg    ofa   mclk   pclk     fb   bar1   ccpm 
# Idx      W      C      C      %      %      %      %      %      %    MHz    MHz     MB     MB     MB 
    0     88     41     43     99      0      0      0      0      0   1512   1410   1479      4      0 
    1    233     66     69     97     24      0      0      0      0   1512   1410   1659      4      0 
    0     88     41     43     99      0      0      0      0      0   1512   1410   1479      4      0 
    1    234     65     69     97     24      0      0      0      0   1512   1410   1659      4      0 
    0     88     41     43     99      0      0      0      0      0   1512   1410   1479      4      0 
    1    234     65     67     97     24      0      0      0      0   1512   1410   1659      4      0 
    0     88     41     43     99      0      0      0      0      0   1512   1410   1479      4      0 
    1    229     65     67     97     24      0      0      0      0   1512   1410   1659      4      0 
    0     88     41     43     99      0      0      0      0      0   1512   1410   1479      4      0 
    1    233     64     67     97     24      0      0      0      0   1512   1410   1659      4      0 
    0     87     41     43     99      0      0      0      0      0   1512   1410   1479      4      0 
    1    235     65     67     97     24      0      0      0      0   1512   1410   1659      4      0 
    0     88     41     43     99      0      0      0      0      0   1512   1410   1479      4      0 
    1    232     66     69     97     24      0      0      0      0   1512   1410   1659      4      0 
    0     88     41     43     99      0      0      0      0      0   1512   1410   1479      4      0 
    1    232     65     69     97     24      0      0      0      0   1512   1410   1659      4      0 
    0     89     41     43     99      0      0      0      0      0   1512   1410   1479      4      0 
    1    228     65     67     97     24      0      0      0      0   1512   1410   1659      4      0 
    0     87     41     43     99      0      0      0      0      0   1512   1410   1479      4      0 
    1    230     65     67     97     24      0      0      0      0   1512   1410   1659      4      0 
    0     88     41     43     99      0      0      0      0      0   1512   1410   1479      4      0 
    1    234     64     67     97     24      0      0      0      0   1512   1410   1659      4      0 
    0     89     41     43     99      0      0      0      0      0   1512   1410   1479      4      0 
    1    227     65     67     97     24      0      0      0      0   1512   1410   1659      4      0 
    0     88     41     43     99      0      0      0      0      0   1512   1410   1479      4      0 
    1    235     66     69     97     24      0      0      0      0   1512   1410   1659      4      0 
    0     88     41     43     99      0      0      0      0      0   1512   1410   1479      4      0 
    1    228     65     69     97     24      0      0      0      0   1512   1410   1659      4      0 
    0     88     41     43     99      0      0      0      0      0   1512   1410   1479      4      0 
    1    228     65     69     97     24      0      0      0      0   1512   1410   1659      4      0 
    0     88     41     43     99      0      0      0      0      0   1512   1410   1479      4      0 
    1    233     65     67     97     24      0      0      0      0   1512   1410   1659      4      0 
    0     88     41     43     99      0      0      0      0      0   1512   1410   1479      4      0 
    1    235     65     67     97     24      0      0      0      0   1512   1410   1659      4      0 
    0     88     41     43     99      0      0      0      0      0   1512   1410   1479      4      0 
    1    233     65     67     97     24      0      0      0      0   1512   1410   1659      4      0 
    0     88     41     43     99      0      0      0      0      0   1512   1410   1479      4      0 
    1    232     66     69     97     24      0      0      0      0   1512   1410   1659      4      0 
    0     89     41     43     99      0      0      0      0      0   1512   1410   1479      4      0 
    1    231     65     69     97     24      0      0      0      0   1512   1410   1659      4      0 
    0     88     41     43     99      0      0      0      0      0   1512   1410   1479      4      0 
    1    233     65     69     97     24      0      0      0      0   1512   1410   1659      4      0 
    0     88     41     43     99      0      0      0      0      0   1512   1410   1479      4      0 
    1    229     65     67     97     24      0      0      0      0   1512   1410   1659      4      0 
# gpu    pwr  gtemp  mtemp     sm    mem    enc    dec    jpg    ofa   mclk   pclk     fb   bar1   ccpm 
# Idx      W      C      C      %      %      %      %      %      %    MHz    MHz     MB     MB     MB 
    0     88     41     43     99      0      0      0      0      0   1512   1410   1479      4      0 
    1    230     65     67     97     24      0      0      0      0   1512   1410   1659      4      0 
    0     88     41     43     99      0      0      0      0      0   1512   1410   1479      4      0 
    1    230     65     67     97     24      0      0      0      0   1512   1410   1659      4      0 
    0     89     41     43     99      0      0      0      0      0   1512   1410   1479      4      0 
    1    229     66     69     97     24      0      0      0      0   1512   1410   1659      4      0 
    0     89     41     43     99      0      0      0      0      0   1512   1410   1479      4      0 
    1    232     66     69     97     24      0      0      0      0   1512   1410   1659      4      0 
    0     88     41     43     99      0      0      0      0      0   1512   1410   1479      4      0 
    1    230     65     69     96     24      0      0      0      0   1512   1410   1659      4      0 
    0     88     41     43     99      0      0      0      0      0   1512   1410   1479      4      0 
    1    226     65     67     97     24      0      0      0      0   1512   1410   1659      4      0 
    0     88     41     43     99      0      0      0      0      0   1512   1410   1479      4      0 
    1    230     65     67     97     24      0      0      0      0   1512   1410   1659      4      0 
    0     88     41     43     99      0      0      0      0      0   1512   1410   1479      4      0 
    1    230     64     67     97     24      0      0      0      0   1512   1410   1659      4      0 
    0     88     41     43     99      0      0      0      0      0   1512   1410   1479      4      0 
    1    233     65     67     97     24      0      0      0      0   1512   1410   1659      4      0 
    0     88     41     43     99      0      0      0      0      0   1512   1410   1479      4      0 
    1    235     66     69     97     24      0      0      0      0   1512   1410   1659      4      0 
    0     88     41     43     99      0      0      0      0      0   1512   1410   1479      4      0 
    1    231     65     69     97     24      0      0      0      0   1512   1410   1659      4      0 
    0     88     41     43     99      0      0      0      0      0   1512   1410   1479      4      0 
    1    229     65     67     97     24      0      0      0      0   1512   1410   1659      4      0 
    0     88     41     43     99      0      0      0      0      0   1512   1410   1479      4      0 
    1    230     65     67     97     24      0      0      0      0   1512   1410   1659      4      0 
    0     87     41     43     99      0      0      0      0      0   1512   1410   1479      4      0 
    1    236     64     67     97     24      0      0      0      0   1512   1410   1659      4      0 
    0     88     41     43     99      0      0      0      0      0   1512   1410   1479      4      0 
    1    229     65     69     97     24      0      0      0      0   1512   1410   1659      4      0 
    0     88     41     43     99      0      0      0      0      0   1512   1410   1479      4      0 
    1    234     66     69     97     24      0      0      0      0   1512   1410   1659      4      0 
    0     88     41     43     99      0      0      0      0      0   1512   1410   1479      4      0 
    1    231     65     69     97     24      0      0      0      0   1512   1410   1659      4      0 
    0     88     41     43     99      0      0      0      0      0   1512   1410   1479      4      0 
    1    232     65     67     97     24      0      0      0      0   1512   1410   1659      4      0 
    0     88     41     43     99      0      0      0      0      0   1512   1410   1479      4      0 
    1    231     65     67     97     24      0      0      0      0   1512   1410   1659      4      0 
    0     89     41     43     99      0      0      0      0      0   1512   1410   1479      4      0 
    1    227     64     67     97     24      0      0      0      0   1512   1410   1659      4      0 
    0     89     41     43     99      0      0      0      0      0   1512   1410   1479      4      0 
    1    228     65     69     97     24      0      0      0      0   1512   1410   1659      4      0 
    0     88     41     43     99      0      0      0      0      0   1512   1410   1479      4      0 
    1    233     66     69     97     24      0      0      0      0   1512   1410   1659      4      0 
# gpu    pwr  gtemp  mtemp     sm    mem    enc    dec    jpg    ofa   mclk   pclk     fb   bar1   ccpm 
# Idx      W      C      C      %      %      %      %      %      %    MHz    MHz     MB     MB     MB 
    0     88     41     43     99      0      0      0      0      0   1512   1410   1479      4      0 
    1    232     65     69     97     24      0      0      0      0   1512   1410   1659      4      0 
    0     88     41     43     99      0      0      0      0      0   1512   1410   1479      4      0 
    1    230     65     69     97     24      0      0      0      0   1512   1410   1659      4      0 
    0     88     41     43     99      0      0      0      0      0   1512   1410   1479      4      0 
    1    226     65     67     97     24      0      0      0      0   1512   1410   1659      4      0 
    0     88     41     43     99      0      0      0      0      0   1512   1410   1479      4      0 
    1    229     64     67     97     24      0      0      0      0   1512   1410   1659      4      0 
