100     0.70091    0.03271    0.03865    0.02760      0.32572      0.16843      0.02658      0.33369      0.16759      
200     0.62109    0.03442    0.04116    0.01508      0.28765      0.17058      0.01620      0.29422      0.17233      
300     0.65175    0.03558    0.04295    0.05540      0.29577      0.16565      0.05652      0.30057      0.16888      
400     0.57995    0.03678    0.04476    0.03312      0.28388      0.13648      0.03405      0.29548      0.13796      
500     0.60946    0.03797    0.04641    0.03268      0.27645      0.15674      0.03308      0.27875      0.15103      
600     0.61067    0.03903    0.04786    0.05282      0.26553      0.17405      0.05299      0.26942      0.17230      
700     0.62364    0.03997    0.04925    0.05741      0.26777      0.14328      0.05714      0.27449      0.14594      
800     0.58262    0.04122    0.05083    0.02634      0.25584      0.17999      0.02620      0.26258      0.17822      
900     0.66716    0.04227    0.05219    0.03526      0.29265      0.21766      0.03477      0.29690      0.22213      
1000    0.59045    0.04308    0.05340    0.01824      0.25214      0.15704      0.01834      0.25539      0.16128      
1100    0.56565    0.04423    0.05497    0.03819      0.26562      0.11288      0.03849      0.26921      0.11952      
1200    0.59521    0.04512    0.05611    0.01989      0.27933      0.17025      0.02063      0.28431      0.17412      
1300    0.55967    0.04594    0.05715    0.02230      0.27219      0.10232      0.02202      0.27707      0.10776      
1400    0.55857    0.04669    0.05822    0.01672      0.24552      0.17862      0.01578      0.24824      0.17590      
1500    0.54092    0.04781    0.05961    0.02175      0.24226      0.12343      0.02244      0.24643      0.12081      
1600    0.55367    0.04876    0.06073    0.04094      0.25654      0.09716      0.04051      0.26326      0.09634      
1700    0.53912    0.04954    0.06187    0.02179      0.25012      0.14066      0.02131      0.25118      0.13893      
1800    0.60953    0.05033    0.06296    0.08132      0.25293      0.08967      0.08071      0.25342      0.08828      
1900    0.52077    0.05100    0.06391    0.01684      0.22965      0.10163      0.01594      0.23275      0.10051      
2000    0.52552    0.05179    0.06479    0.03072      0.24541      0.09992      0.03037      0.24864      0.09560      
2100    0.51616    0.05244    0.06585    0.02902      0.23049      0.08747      0.02829      0.23069      0.09308      
2200    0.49526    0.05329    0.06690    0.01762      0.22995      0.09345      0.01815      0.23341      0.09317      
2300    0.51875    0.05409    0.06782    0.01639      0.22647      0.14548      0.01656      0.23079      0.14588      
2400    0.54736    0.05476    0.06871    0.02182      0.23243      0.12485      0.02071      0.23101      0.12498      
2500    0.49421    0.05539    0.06953    0.01343      0.21652      0.08802      0.01386      0.22255      0.09365      
2600    0.53736    0.05595    0.07017    0.01711      0.21256      0.15363      0.01670      0.21862      0.15086      
2700    0.47136    0.05667    0.07114    0.01091      0.20276      0.08313      0.01079      0.20619      0.08426      
2800    0.51237    0.05702    0.07174    0.03457      0.21707      0.08203      0.03438      0.22060      0.08119      
2900    0.54213    0.05762    0.07255    0.01611      0.21117      0.18051      0.01620      0.21479      0.18251      
3000    0.49605    0.05830    0.07340    0.02906      0.19640      0.08982      0.02907      0.19967      0.09055      
3100    0.49256    0.05905    0.07429    0.01355      0.21220      0.09030      0.01353      0.21690      0.09136      
3200    0.51832    0.05971    0.07508    0.05243      0.20212      0.06790      0.05229      0.20699      0.07034      
3300    0.51186    0.06035    0.07593    0.00939      0.20136      0.13579      0.00945      0.20292      0.13875      
3400    0.51906    0.06104    0.07679    0.03795      0.20330      0.08157      0.03863      0.20608      0.08412      
3500    0.49738    0.06140    0.07735    0.01271      0.21409      0.08706      0.01211      0.21940      0.08978      
3600    0.52465    0.06194    0.07807    0.01146      0.20740      0.13477      0.01108      0.20921      0.13476      
3700    0.48194    0.06262    0.07882    0.01029      0.20581      0.07939      0.01141      0.20825      0.07940      
3800    0.46953    0.06315    0.07940    0.00974      0.19597      0.07378      0.01017      0.20145      0.07749      
3900    0.50263    0.06356    0.07993    0.01051      0.21045      0.10137      0.01056      0.21458      0.10494      
4000    0.51394    0.06415    0.08075    0.01421      0.21640      0.07849      0.01482      0.22303      0.08851      
4100    0.51254    0.06466    0.08141    0.01028      0.20084      0.11705      0.01021      0.20812      0.12065      
4200    0.51289    0.06519    0.08212    0.02244      0.19501      0.08999      0.02283      0.20011      0.09740      
4300    0.50818    0.06569    0.08271    0.01360      0.21045      0.08462      0.01438      0.21678      0.09029      
4400    0.52561    0.06602    0.08326    0.03766      0.20817      0.08507      0.03726      0.21461      0.08543      
4500    0.49119    0.06663    0.08399    0.01390      0.20156      0.07287      0.01355      0.20512      0.07531      
4600    0.48901    0.06724    0.08473    0.01613      0.19406      0.07260      0.01670      0.19959      0.07689      
4700    0.50519    0.06772    0.08524    0.03684      0.18934      0.07943      0.03759      0.19257      0.08167      
4800    0.47212    0.06806    0.08581    0.01125      0.18911      0.06033      0.01130      0.19147      0.06333      
4900    0.46747    0.06847    0.08640    0.01322      0.18683      0.06412      0.01334      0.19134      0.06739      
5000    0.49360    0.06884    0.08695    0.00715      0.18601      0.11368      0.00722      0.19024      0.11463      
5100    0.49377    0.06947    0.08765    0.02028      0.19668      0.08145      0.02068      0.19782      0.08522      
5200    0.48767    0.06994    0.08816    0.01697      0.19581      0.08656      0.01798      0.20066      0.09070      
5300    0.47356    0.07020    0.08860    0.01103      0.20212      0.06309      0.01109      0.20464      0.06305      
5400    0.49999    0.07068    0.08920    0.01332      0.20428      0.07779      0.01304      0.20735      0.07918      
5500    0.49220    0.07112    0.08969    0.02764      0.19888      0.06854      0.02776      0.20421      0.07407      
5600    0.49427    0.07147    0.09020    0.01283      0.20094      0.07798      0.01277      0.20882      0.07904      
5700    0.50012    0.07198    0.09076    0.01348      0.19793      0.08765      0.01329      0.19848      0.08600      
5800    0.48715    0.07249    0.09135    0.01286      0.19952      0.07750      0.01295      0.20432      0.07866      
5900    0.46639    0.07272    0.09179    0.00775      0.17653      0.09667      0.00717      0.18118      0.09237      
6000    0.46600    0.07309    0.09233    0.01587      0.18129      0.06738      0.01560      0.18406      0.06921      
6100    0.47112    0.07343    0.09283    0.01473      0.17562      0.07934      0.01468      0.18361      0.07680      
6200    0.45933    0.07371    0.09319    0.02789      0.17356      0.05332      0.02774      0.17801      0.05128      
6300    0.46149    0.07399    0.09353    0.01292      0.17931      0.05454      0.01318      0.18248      0.05348      
6400    0.45417    0.07419    0.09374    0.01737      0.16527      0.06811      0.01724      0.16886      0.07064      
6500    0.46660    0.07481    0.09447    0.00904      0.16743      0.09445      0.00915      0.17208      0.09587      
6600    0.47054    0.07503    0.09483    0.00656      0.17626      0.08473      0.00621      0.17951      0.08413      
6700    0.45454    0.07538    0.09533    0.01563      0.16854      0.07413      0.01626      0.17361      0.07430      
6800    0.44891    0.07590    0.09592    0.00824      0.17397      0.06858      0.00834      0.17928      0.07170      
6900    0.44984    0.07634    0.09641    0.01265      0.16590      0.07116      0.01267      0.16965      0.07511      
7000    0.45028    0.07658    0.09683    0.00755      0.17220      0.07006      0.00769      0.17779      0.07398      
7100    0.45424    0.07721    0.09744    0.00845      0.17875      0.06388      0.00890      0.18388      0.06786      
7200    0.46248    0.07741    0.09770    0.01467      0.17470      0.06762      0.01462      0.18306      0.07090      
7300    0.45722    0.07774    0.09813    0.00950      0.17761      0.05697      0.01005      0.18510      0.06320      
7400    0.44193    0.07799    0.09852    0.00951      0.16554      0.05681      0.00952      0.17196      0.06058      
7500    0.44353    0.07832    0.09894    0.00696      0.17017      0.05767      0.00712      0.17417      0.06129      
7600    0.46317    0.07866    0.09947    0.01753      0.16712      0.07392      0.01792      0.17285      0.07710      
7700    0.44261    0.07912    0.10009    0.01624      0.16244      0.05232      0.01638      0.16571      0.05586      
7800    0.44640    0.07930    0.10032    0.00567      0.16735      0.06338      0.00543      0.17081      0.06397      
7900    0.45213    0.07954    0.10075    0.01065      0.16663      0.06596      0.01086      0.17221      0.06786      
8000    0.45498    0.07984    0.10119    0.00922      0.16843      0.06075      0.00943      0.17679      0.06211      
8100    0.45481    0.08023    0.10176    0.00657      0.15946      0.08299      0.00638      0.16475      0.08510      
8200    0.44196    0.08059    0.10212    0.00995      0.14886      0.06082      0.01000      0.15271      0.06356      
8300    0.45081    0.08101    0.10263    0.02385      0.15486      0.05120      0.02405      0.16237      0.05561      
8400    0.45747    0.08141    0.10315    0.01471      0.16108      0.05588      0.01475      0.16141      0.05829      
8500    0.44617    0.08178    0.10367    0.00815      0.15638      0.06255      0.00860      0.15980      0.06564      
8600    0.44572    0.08189    0.10386    0.00804      0.15246      0.08065      0.00789      0.15454      0.08377      
8700    0.44542    0.08211    0.10422    0.00762      0.15760      0.05229      0.00800      0.16153      0.05477      
8800    0.44352    0.08224    0.10446    0.01045      0.15444      0.04805      0.01035      0.16116      0.05196      
8900    0.44295    0.08263    0.10483    0.01064      0.15479      0.05081      0.01050      0.15805      0.05427      
9000    0.45033    0.08282    0.10517    0.00740      0.15520      0.06232      0.00763      0.15906      0.06741      
9100    0.44030    0.08307    0.10562    0.00551      0.15842      0.05322      0.00569      0.16121      0.05486      
9200    0.43601    0.08339    0.10594    0.00716      0.15069      0.05519      0.00711      0.15647      0.05900      
9300    0.44766    0.08375    0.10640    0.02122      0.15128      0.04630      0.02122      0.15690      0.04998      
9400    0.43854    0.08401    0.10679    0.00647      0.15808      0.05086      0.00636      0.16341      0.05357      
9500    0.43629    0.08432    0.10721    0.00800      0.15043      0.05325      0.00809      0.15344      0.05566      
9600    0.44211    0.08449    0.10745    0.01001      0.15183      0.05158      0.01015      0.15311      0.05126      
9700    0.44000    0.08483    0.10786    0.01297      0.14665      0.04479      0.01302      0.14869      0.04549      
9800    0.44038    0.08504    0.10821    0.00704      0.15925      0.04585      0.00749      0.16268      0.04928      
9900    0.44446    0.08527    0.10840    0.00811      0.15102      0.04901      0.00805      0.15220      0.05088      
10000   0.44598    0.08531    0.10851    0.00919      0.15052      0.05492      0.00913      0.15335      0.05668      
10100   0.43405    0.08552    0.10878    0.00774      0.15025      0.04923      0.00797      0.15474      0.05173      
10200   0.44828    0.08601    0.10921    0.01330      0.15339      0.05409      0.01386      0.15480      0.05363      
10300   0.44087    0.08612    0.10943    0.00622      0.14376      0.04987      0.00622      0.14602      0.05090      
10400   0.43695    0.08622    0.10956    0.01195      0.15008      0.04587      0.01219      0.15215      0.04685      
10500   0.44362    0.08656    0.10995    0.01153      0.15392      0.04734      0.01173      0.15533      0.04696      
10600   0.43897    0.08696    0.11039    0.01079      0.15019      0.04684      0.01065      0.15192      0.04860      
10700   0.44007    0.08708    0.11066    0.00680      0.15058      0.04653      0.00681      0.15191      0.04649      
10800   0.44169    0.08745    0.11108    0.00752      0.15515      0.04718      0.00749      0.15597      0.04791      
10900   0.43622    0.08773    0.11149    0.01177      0.14793      0.05002      0.01220      0.15209      0.05130      
11000   0.43036    0.08795    0.11174    0.00566      0.14818      0.04372      0.00576      0.15082      0.04292      
11100   0.43552    0.08821    0.11202    0.00639      0.14785      0.05234      0.00621      0.15284      0.04903      
11200   0.43578    0.08845    0.11237    0.01370      0.14475      0.04652      0.01348      0.14947      0.04469      
11300   0.44177    0.08866    0.11260    0.01075      0.14595      0.04719      0.01050      0.14923      0.04453      
11400   0.43406    0.08911    0.11311    0.00665      0.14913      0.04220      0.00693      0.15210      0.04116      
11500   0.44516    0.08920    0.11328    0.00767      0.15338      0.04770      0.00765      0.15754      0.04544      
11600   0.44165    0.08948    0.11359    0.00788      0.14771      0.04602      0.00758      0.15143      0.04357      
11700   0.43899    0.08965    0.11382    0.01187      0.14360      0.05154      0.01171      0.14672      0.04978      
11800   0.43158    0.09001    0.11428    0.00717      0.14041      0.04892      0.00713      0.14486      0.04834      
11900   0.44065    0.09027    0.11466    0.01235      0.14441      0.04754      0.01253      0.14715      0.04765      
12000   0.44396    0.09047    0.11500    0.01399      0.14267      0.04619      0.01414      0.14335      0.04383      
12100   0.43303    0.09065    0.11525    0.00649      0.14114      0.04333      0.00643      0.14517      0.04140      
12200   0.43632    0.09103    0.11561    0.00521      0.14548      0.04208      0.00494      0.14935      0.04121      
12300   0.44113    0.09130    0.11598    0.00890      0.14588      0.04825      0.00847      0.14582      0.04600      
12400   0.43089    0.09153    0.11642    0.00644      0.14249      0.04327      0.00629      0.14516      0.04343      
12500   0.43858    0.09181    0.11675    0.00554      0.14244      0.04571      0.00537      0.14803      0.04683      
12600   0.43714    0.09191    0.11697    0.00943      0.14247      0.04655      0.00933      0.14941      0.04477      
12700   0.43172    0.09220    0.11736    0.00713      0.14118      0.04108      0.00718      0.14563      0.04073      
12800   0.43675    0.09252    0.11762    0.01007      0.14134      0.04389      0.01012      0.14513      0.04229      
12900   0.43586    0.09272    0.11790    0.00877      0.14280      0.04493      0.00855      0.14312      0.04373      
13000   0.43179    0.09298    0.11828    0.00635      0.13965      0.04522      0.00636      0.14389      0.04323      
13100   0.43653    0.09302    0.11835    0.00774      0.13758      0.04719      0.00774      0.14302      0.04181      
13200   0.43929    0.09330    0.11885    0.00579      0.14109      0.04654      0.00559      0.14395      0.04399      
13300   0.43317    0.09358    0.11913    0.00646      0.13762      0.04584      0.00651      0.14176      0.04457      
13400   0.43357    0.09372    0.11942    0.00760      0.14109      0.03639      0.00763      0.14479      0.03631      
13500   0.43256    0.09366    0.11954    0.00429      0.14250      0.04210      0.00444      0.14520      0.04105      
13600   0.43315    0.09380    0.11970    0.00456      0.13705      0.04488      0.00440      0.14198      0.04406      
13700   0.44130    0.09402    0.11988    0.01249      0.13918      0.04242      0.01260      0.14235      0.03918      
13800   0.43230    0.09419    0.12008    0.00639      0.13504      0.05023      0.00613      0.13809      0.04904      
13900   0.43109    0.09426    0.12031    0.00686      0.13922      0.03867      0.00685      0.14196      0.03951      
14000   0.43630    0.09453    0.12054    0.01019      0.13932      0.03963      0.01022      0.14322      0.04137      
14100   0.43990    0.09463    0.12069    0.00819      0.14330      0.04082      0.00828      0.14524      0.03821      
14200   0.43337    0.09485    0.12095    0.00608      0.13502      0.03932      0.00616      0.14042      0.03853      
14300   0.43298    0.09511    0.12130    0.00585      0.13716      0.04259      0.00551      0.14132      0.04379      
14400   0.43403    0.09546    0.12163    0.00616      0.13526      0.04449      0.00603      0.13688      0.04183      
14500   0.43166    0.09561    0.12184    0.00549      0.13274      0.04363      0.00542      0.13803      0.04538      
14600   0.43297    0.09575    0.12200    0.00534      0.13793      0.04135      0.00519      0.14143      0.04032      
14700   0.43697    0.09585    0.12219    0.00493      0.13779      0.04754      0.00488      0.13969      0.04556      
14800   0.42983    0.09582    0.12223    0.00543      0.13635      0.03819      0.00539      0.13910      0.03751      
14900   0.43165    0.09598    0.12241    0.00518      0.13477      0.04249      0.00509      0.13903      0.04018      
15000   0.43501    0.09621    0.12274    0.00414      0.13676      0.04612      0.00403      0.14462      0.04301      
15100   0.43410    0.09637    0.12291    0.00456      0.13664      0.05016      0.00443      0.13953      0.05065      
15200   0.43325    0.09663    0.12324    0.00553      0.13715      0.03902      0.00547      0.14108      0.03904      
15300   0.43207    0.09682    0.12352    0.00647      0.13474      0.04168      0.00650      0.13875      0.04078      
15400   0.43408    0.09688    0.12368    0.00749      0.13540      0.03830      0.00781      0.13878      0.03760      
15500   0.43077    0.09708    0.12397    0.00593      0.13166      0.03688      0.00582      0.13499      0.03608      
15600   0.43170    0.09723    0.12427    0.00531      0.13494      0.04251      0.00539      0.14010      0.04288      
15700   0.43341    0.09748    0.12451    0.00391      0.13586      0.04227      0.00396      0.14002      0.04144      
15800   0.43125    0.09760    0.12475    0.00533      0.13441      0.03573      0.00522      0.13716      0.03663      
15900   0.43378    0.09767    0.12483    0.00392      0.13683      0.04004      0.00413      0.14469      0.04178      
16000   0.43196    0.09783    0.12501    0.00602      0.13539      0.03882      0.00615      0.14165      0.04072      
16100   0.43404    0.09792    0.12518    0.00359      0.13729      0.04531      0.00376      0.14616      0.04702      
16200   0.43248    0.09789    0.12525    0.00563      0.13615      0.04100      0.00566      0.14289      0.04129      
16300   0.42828    0.09814    0.12555    0.00391      0.13546      0.03847      0.00394      0.13963      0.03790      
16400   0.42941    0.09838    0.12575    0.00552      0.13389      0.03526      0.00530      0.13604      0.03555      
16500   0.43529    0.09846    0.12592    0.00635      0.13515      0.04421      0.00653      0.13742      0.04464      
16600   0.42870    0.09853    0.12605    0.00481      0.13365      0.03625      0.00490      0.13841      0.03697      
16700   0.43054    0.09870    0.12626    0.00758      0.13151      0.04048      0.00737      0.13648      0.04007      
16800   0.42960    0.09871    0.12634    0.00516      0.13569      0.03348      0.00492      0.13841      0.03406      
16900   0.42942    0.09875    0.12642    0.00403      0.13249      0.04190      0.00393      0.13584      0.04058      
17000   0.42717    0.09878    0.12643    0.00350      0.13179      0.03851      0.00368      0.14035      0.04177      
17100   0.43112    0.09877    0.12648    0.00397      0.13532      0.03917      0.00416      0.13854      0.03912      
17200   0.42841    0.09905    0.12668    0.00443      0.13394      0.03517      0.00436      0.13650      0.03529      
17300   0.42993    0.09923    0.12692    0.00691      0.13375      0.03481      0.00693      0.13777      0.03535      
17400   0.43222    0.09922    0.12701    0.00548      0.13538      0.03400      0.00530      0.13771      0.03462      
17500   0.42889    0.09935    0.12719    0.00403      0.13639      0.03353      0.00387      0.13923      0.03405      
17600   0.42650    0.09945    0.12724    0.00397      0.13236      0.03500      0.00346      0.13838      0.03493      
17700   0.42961    0.09968    0.12742    0.00480      0.13395      0.03508      0.00467      0.13608      0.03461      
17800   0.42553    0.09972    0.12751    0.00463      0.12984      0.03372      0.00468      0.13327      0.03389      
17900   0.42880    0.09976    0.12761    0.00654      0.13048      0.03936      0.00646      0.13274      0.03943      
18000   0.42612    0.09993    0.12780    0.00430      0.12866      0.03668      0.00432      0.13019      0.03756      
18100   0.42494    0.10002    0.12796    0.00475      0.12761      0.03416      0.00507      0.13302      0.04028      
18200   0.42728    0.10018    0.12810    0.00668      0.12992      0.03401      0.00689      0.13364      0.03826      
18300   0.42598    0.10022    0.12822    0.00361      0.12859      0.03681      0.00361      0.13137      0.03709      
18400   0.42517    0.10034    0.12838    0.00385      0.12662      0.04308      0.00395      0.13056      0.04256      
18500   0.42454    0.10021    0.12824    0.00405      0.12870      0.03750      0.00392      0.13126      0.03596      
18600   0.42384    0.10038    0.12840    0.00368      0.12804      0.03421      0.00359      0.13042      0.03436      
18700   0.42518    0.10048    0.12862    0.00431      0.12607      0.03352      0.00407      0.12875      0.03345      
18800   0.42149    0.10045    0.12870    0.00465      0.12757      0.03307      0.00446      0.13205      0.03270      
18900   0.42478    0.10043    0.12878    0.00508      0.12682      0.03324      0.00508      0.13455      0.03231      
19000   0.42509    0.10051    0.12888    0.00612      0.12680      0.03380      0.00610      0.14473      0.03328      
19100   0.42102    0.10075    0.12916    0.00394      0.12720      0.03097      0.00385      0.15086      0.03100      
19200   0.42185    0.10081    0.12926    0.00356      0.12587      0.03216      0.00359      0.13031      0.03239      
19300   0.42383    0.10076    0.12931    0.00437      0.12656      0.03348      0.00426      0.13290      0.03267      
19400   0.42281    0.10085    0.12936    0.00453      0.12689      0.03718      0.00449      0.12973      0.03735      
19500   0.42195    0.10084    0.12937    0.00390      0.12790      0.03118      0.00388      0.13018      0.03136      
19600   0.42103    0.10091    0.12959    0.00346      0.12479      0.03189      0.00348      0.12821      0.03137      
19700   0.42105    0.10102    0.12968    0.00429      0.12771      0.03401      0.00429      0.13009      0.03352      
19800   0.42419    0.10108    0.12975    0.00455      0.12769      0.03367      0.00467      0.13119      0.03608      
19900   0.42542    0.10110    0.12971    0.00426      0.12893      0.03515      0.00450      0.13296      0.03420      
20000   0.42031    0.10112    0.12981    0.00394      0.12603      0.03053      0.00386      0.13128      0.03015      
20100   0.42415    0.10127    0.12989    0.00465      0.12769      0.03438      0.00470      0.12951      0.03432      
20200   0.42477    0.10141    0.13015    0.00579      0.12667      0.03243      0.00588      0.13102      0.03197      
20300   0.42168    0.10149    0.13025    0.00393      0.12441      0.03372      0.00366      0.12809      0.03162      
20400   0.42510    0.10150    0.13027    0.00489      0.12779      0.03631      0.00498      0.13227      0.03559      
20500   0.42105    0.10156    0.13030    0.00470      0.12367      0.03278      0.00479      0.12763      0.03277      
20600   0.42238    0.10173    0.13051    0.00327      0.12616      0.03342      0.00315      0.12861      0.03178      
20700   0.42186    0.10177    0.13048    0.00561      0.12493      0.03352      0.00576      0.12678      0.03264      
20800   0.42117    0.10184    0.13056    0.00371      0.12413      0.03609      0.00385      0.12802      0.03570      
20900   0.42176    0.10197    0.13070    0.00373      0.12362      0.03608      0.00378      0.12933      0.03449      
21000   0.42184    0.10199    0.13070    0.00408      0.12496      0.03292      0.00427      0.14432      0.03310      
21100   0.41977    0.10210    0.13080    0.00367      0.12381      0.03328      0.00376      0.13262      0.03231      
21200   0.42103    0.10205    0.13078    0.00518      0.12325      0.03407      0.00545      0.13336      0.03509      
21300   0.42115    0.10199    0.13080    0.00409      0.12652      0.03176      0.00445      0.20626      0.03541      
21400   0.42164    0.10204    0.13093    0.00377      0.12442      0.03245      0.00398      0.18688      0.03417      
21500   0.42042    0.10212    0.13097    0.00395      0.12572      0.03258      0.00429      0.21577      0.03736      
21600   0.42324    0.10224    0.13112    0.00368      0.12407      0.03336      0.00404      0.21606      0.03767      
21700   0.42164    0.10227    0.13118    0.00403      0.12319      0.03495      0.00432      0.18273      0.03796      
21800   0.42218    0.10230    0.13125    0.00383      0.12465      0.03566      0.00401      0.16248      0.03862      
21900   0.42201    0.10225    0.13128    0.00376      0.12542      0.03275      0.00393      0.21353      0.03507      
22000   0.41997    0.10231    0.13132    0.00314      0.12392      0.03166      0.00331      0.14177      0.03264      
22100   0.42073    0.10234    0.13141    0.00389      0.12408      0.03237      0.00372      0.12919      0.03213      
22200   0.42102    0.10225    0.13139    0.00412      0.12337      0.03486      0.00413      0.13540      0.03656      
22300   0.42000    0.10219    0.13134    0.00342      0.12095      0.03343      0.00327      0.12529      0.03297      
22400   0.41858    0.10219    0.13135    0.00333      0.12458      0.03111      0.00338      0.12854      0.03111      
22500   0.42251    0.10227    0.13141    0.00467      0.12230      0.03196      0.00487      0.12672      0.03155      
22600   0.42036    0.10214    0.13135    0.00428      0.12363      0.03133      0.00469      0.13348      0.03224      
22700   0.41973    0.10223    0.13149    0.00393      0.12299      0.03221      0.00350      0.12753      0.03079      
22800   0.41959    0.10224    0.13152    0.00444      0.12498      0.03016      0.00450      0.12842      0.03137      
22900   0.41816    0.10227    0.13157    0.00345      0.12249      0.03064      0.00339      0.12930      0.03154      
23000   0.41830    0.10229    0.13167    0.00444      0.12263      0.03041      0.00428      0.12639      0.03083      
23100   0.41785    0.10232    0.13173    0.00314      0.12263      0.03118      0.00354      0.12606      0.03267      
23200   0.41632    0.10226    0.13164    0.00305      0.12291      0.02956      0.00369      0.12698      0.03183      
23300   0.41797    0.10222    0.13163    0.00357      0.12205      0.02988      0.00325      0.12611      0.03055      
23400   0.41836    0.10207    0.13156    0.00353      0.12295      0.03235      0.00361      0.12499      0.03148      
23500   0.41509    0.10209    0.13162    0.00309      0.12039      0.03095      0.00326      0.12479      0.03135      
23600   0.41681    0.10215    0.13169    0.00521      0.12003      0.03063      0.00501      0.12385      0.03136      
23700   0.41796    0.10228    0.13180    0.00339      0.12183      0.03025      0.00338      0.12445      0.03023      
23800   0.41471    0.10215    0.13170    0.00382      0.12095      0.02796      0.00400      0.12522      0.02752      
23900   0.41502    0.10215    0.13163    0.00322      0.12085      0.03094      0.00325      0.12313      0.03101      
24000   0.41522    0.10218    0.13168    0.00312      0.12110      0.02940      0.00314      0.12251      0.02948      
24100   0.41544    0.10227    0.13187    0.00393      0.11889      0.02942      0.00396      0.12131      0.02863      
24200   0.41488    0.10221    0.13177    0.00339      0.12228      0.02939      0.00335      0.12351      0.02848      
24300   0.41645    0.10217    0.13175    0.00373      0.12039      0.03148      0.00388      0.12198      0.03180      
24400   0.41661    0.10218    0.13181    0.00285      0.11958      0.03189      0.00301      0.12257      0.03169      
24500   0.41477    0.10221    0.13182    0.00320      0.12009      0.03025      0.00288      0.12337      0.02968      
24600   0.41503    0.10204    0.13171    0.00383      0.11975      0.03024      0.00379      0.12177      0.03016      
24700   0.41395    0.10207    0.13180    0.00397      0.11926      0.02930      0.00396      0.12172      0.02873      
24800   0.41225    0.10216    0.13185    0.00386      0.11929      0.02907      0.00375      0.12149      0.02877      
24900   0.41314    0.10204    0.13178    0.00330      0.11983      0.03007      0.00334      0.12274      0.02989      
25000   0.41406    0.10200    0.13181    0.00377      0.11887      0.02966      0.00383      0.12114      0.02964      
25100   0.41433    0.10195    0.13179    0.00508      0.11965      0.02882      0.00482      0.12124      0.02867      
25200   0.41372    0.10191    0.13167    0.00434      0.11830      0.03121      0.00448      0.11957      0.03138      
25300   0.41325    0.10185    0.13166    0.00315      0.12021      0.02853      0.00320      0.12221      0.02912      
25400   0.41180    0.10181    0.13146    0.00344      0.11854      0.02876      0.00338      0.12131      0.02915      
25500   0.41285    0.10167    0.13134    0.00331      0.12009      0.02933      0.00330      0.12169      0.02923      
25600   0.41281    0.10144    0.13114    0.00291      0.12002      0.02819      0.00314      0.12702      0.02878      
25700   0.41090    0.10130    0.13095    0.00318      0.12079      0.02982      0.00316      0.12290      0.03049      
25800   0.41119    0.10125    0.13089    0.00317      0.11971      0.02792      0.00315      0.12251      0.02805      
25900   0.41063    0.10103    0.13068    0.00399      0.11861      0.02835      0.00409      0.12222      0.02871      
26000   0.40926    0.10085    0.13049    0.00325      0.12014      0.02828      0.00321      0.12374      0.02948      
26100   0.41012    0.10078    0.13033    0.00370      0.12004      0.02840      0.00375      0.12390      0.02920      
26200   0.40950    0.10067    0.13026    0.00377      0.11824      0.02897      0.00385      0.12342      0.02927      
26300   0.40938    0.10062    0.13017    0.00335      0.11881      0.03006      0.00308      0.12337      0.02956      
26400   0.40777    0.10061    0.13013    0.00334      0.11942      0.02805      0.00348      0.12345      0.02840      
26500   0.40904    0.10069    0.13013    0.00317      0.12014      0.02746      0.00312      0.12455      0.02786      
26600   0.40749    0.10048    0.12993    0.00350      0.11803      0.02932      0.00337      0.12192      0.02928      
26700   0.40733    0.10033    0.12988    0.00313      0.11785      0.03099      0.00320      0.12319      0.03057      
26800   0.40846    0.10035    0.12990    0.00426      0.11765      0.02965      0.00418      0.12250      0.02897      
26900   0.40939    0.10029    0.12987    0.00440      0.11916      0.02858      0.00412      0.12150      0.02790      
27000   0.40718    0.10034    0.12988    0.00342      0.11779      0.02836      0.00355      0.12137      0.02935      
27100   0.40765    0.10030    0.12987    0.00293      0.11775      0.03005      0.00316      0.12975      0.03071      
27200   0.40685    0.10013    0.12966    0.00296      0.11943      0.02830      0.00294      0.12314      0.02860      
27300   0.40501    0.09993    0.12954    0.00291      0.11767      0.02763      0.00291      0.12061      0.02831      
27400   0.40600    0.09985    0.12951    0.00311      0.11662      0.03091      0.00308      0.12140      0.03136      
27500   0.40665    0.09975    0.12939    0.00314      0.11908      0.02763      0.00313      0.12351      0.02881      
27600   0.40496    0.09973    0.12934    0.00326      0.11740      0.02905      0.00328      0.12054      0.02997      
27700   0.40409    0.09963    0.12924    0.00334      0.11662      0.02734      0.00339      0.12235      0.02777      
27800   0.40476    0.09942    0.12902    0.00386      0.11723      0.02693      0.00368      0.12333      0.02770      
27900   0.40532    0.09941    0.12895    0.00503      0.11829      0.02650      0.00495      0.12160      0.02718      
28000   0.40365    0.09916    0.12880    0.00331      0.11639      0.02805      0.00341      0.12089      0.02800      
28100   0.40260    0.09906    0.12853    0.00324      0.11756      0.02874      0.00314      0.12036      0.02923      
28200   0.40208    0.09884    0.12831    0.00377      0.11608      0.02703      0.00378      0.11968      0.02767      
28300   0.40193    0.09864    0.12811    0.00287      0.11686      0.02709      0.00297      0.12081      0.02723      
28400   0.40131    0.09854    0.12798    0.00303      0.11764      0.02734      0.00293      0.12301      0.02822      
28500   0.40075    0.09836    0.12775    0.00331      0.11673      0.02830      0.00324      0.12584      0.02969      
28600   0.39891    0.09826    0.12761    0.00307      0.11521      0.02609      0.00322      0.12496      0.02877      
28700   0.40058    0.09808    0.12734    0.00404      0.11567      0.02766      0.00387      0.12014      0.02793      
28800   0.39942    0.09800    0.12731    0.00293      0.11604      0.02671      0.00296      0.12062      0.02731      
28900   0.39768    0.09787    0.12710    0.00349      0.11512      0.02587      0.00356      0.12123      0.02654      
29000   0.39939    0.09776    0.12698    0.00367      0.11664      0.02714      0.00352      0.11904      0.02730      
29100   0.39773    0.09768    0.12680    0.00304      0.11737      0.02599      0.00312      0.12141      0.02732      
29200   0.39696    0.09757    0.12671    0.00301      0.11630      0.02661      0.00309      0.12036      0.02777      
29300   0.39616    0.09727    0.12643    0.00308      0.11684      0.02672      0.00285      0.12113      0.02804      
29400   0.39675    0.09705    0.12623    0.00295      0.11825      0.02587      0.00311      0.12156      0.02815      
29500   0.39548    0.09687    0.12610    0.00350      0.11656      0.02601      0.00365      0.12149      0.02777      
29600   0.39523    0.09668    0.12593    0.00307      0.11698      0.02641      0.00304      0.11920      0.02672      
29700   0.39564    0.09649    0.12567    0.00306      0.11669      0.02805      0.00313      0.11845      0.02905      
29800   0.39279    0.09632    0.12544    0.00289      0.11579      0.02564      0.00314      0.12137      0.02865      
29900   0.39299    0.09607    0.12508    0.00295      0.11537      0.02802      0.00279      0.11789      0.02829      
30000   0.39345    0.09594    0.12487    0.00338      0.11580      0.02541      0.00338      0.11705      0.02622      
30100   0.39268    0.09573    0.12464    0.00293      0.11496      0.02790      0.00304      0.11786      0.02871      
30200   0.39157    0.09573    0.12462    0.00319      0.11514      0.02536      0.00286      0.11712      0.02570      
30300   0.39092    0.09553    0.12446    0.00262      0.11596      0.02543      0.00267      0.11827      0.02546      
30400   0.38979    0.09543    0.12435    0.00267      0.11436      0.02625      0.00286      0.11697      0.02723      
30500   0.38957    0.09518    0.12397    0.00294      0.11494      0.02693      0.00289      0.11670      0.02689      
30600   0.38969    0.09499    0.12381    0.00290      0.11422      0.02633      0.00300      0.11578      0.02653      
30700   0.38865    0.09498    0.12373    0.00282      0.11461      0.02762      0.00289      0.11742      0.02846      
30800   0.38850    0.09468    0.12339    0.00314      0.11448      0.02623      0.00300      0.11636      0.02649      
30900   0.38794    0.09453    0.12321    0.00279      0.11526      0.02547      0.00275      0.11703      0.02577      
31000   0.38638    0.09417    0.12291    0.00280      0.11368      0.02559      0.00308      0.12295      0.02772      
31100   0.38666    0.09411    0.12276    0.00345      0.11353      0.02472      0.00311      0.11721      0.02519      
31200   0.38680    0.09381    0.12247    0.00272      0.11570      0.02637      0.00270      0.11825      0.02668      
31300   0.38566    0.09368    0.12234    0.00412      0.11367      0.02397      0.00429      0.11707      0.02633      
31400   0.38586    0.09340    0.12198    0.00351      0.11578      0.02489      0.00350      0.12059      0.02637      
31500   0.38452    0.09318    0.12174    0.00317      0.11470      0.02428      0.00318      0.11900      0.02630      
31600   0.38381    0.09305    0.12167    0.00321      0.11313      0.02472      0.00317      0.12179      0.02766      
31700   0.38455    0.09285    0.12150    0.00327      0.11344      0.02563      0.00308      0.12097      0.03084      
31800   0.38337    0.09275    0.12131    0.00323      0.11392      0.02596      0.00319      0.11862      0.02878      
31900   0.38234    0.09252    0.12102    0.00329      0.11325      0.02505      0.00317      0.11895      0.02964      
32000   0.38107    0.09229    0.12081    0.00330      0.11390      0.02428      0.00321      0.11851      0.02763      
32100   0.38182    0.09198    0.12046    0.00304      0.11487      0.02496      0.00306      0.11925      0.02785      
32200   0.38032    0.09176    0.12013    0.00303      0.11433      0.02396      0.00314      0.11676      0.02662      
32300   0.37935    0.09158    0.11988    0.00320      0.11485      0.02425      0.00299      0.11654      0.02537      
32400   0.37896    0.09151    0.11978    0.00298      0.11477      0.02357      0.00311      0.11954      0.02714      
32500   0.37824    0.09114    0.11937    0.00315      0.11336      0.02341      0.00305      0.11775      0.02582      
32600   0.37835    0.09104    0.11924    0.00302      0.11420      0.02427      0.00303      0.11950      0.02924      
32700   0.37795    0.09079    0.11893    0.00290      0.11443      0.02466      0.00297      0.12092      0.02888      
32800   0.37660    0.09060    0.11871    0.00300      0.11307      0.02319      0.00301      0.11957      0.02786      
32900   0.37593    0.09050    0.11851    0.00291      0.11441      0.02390      0.00280      0.12126      0.02818      
33000   0.37567    0.09022    0.11821    0.00285      0.11436      0.02488      0.00286      0.11803      0.02651      
33100   0.37567    0.09010    0.11802    0.00284      0.11387      0.02389      0.00290      0.11632      0.02522      
33200   0.37541    0.08982    0.11770    0.00323      0.11411      0.02348      0.00302      0.11993      0.02649      
33300   0.37467    0.08971    0.11756    0.00283      0.11495      0.02395      0.00289      0.11602      0.02522      
33400   0.37336    0.08940    0.11731    0.00290      0.11344      0.02320      0.00292      0.11655      0.02513      
33500   0.37272    0.08912    0.11700    0.00296      0.11375      0.02364      0.00273      0.11729      0.02534      
33600   0.37207    0.08883    0.11681    0.00264      0.11444      0.02368      0.00270      0.12088      0.02737      
33700   0.37237    0.08866    0.11660    0.00299      0.11398      0.02305      0.00300      0.11868      0.02616      
33800   0.37176    0.08846    0.11634    0.00282      0.11388      0.02496      0.00270      0.11803      0.02715      
33900   0.37135    0.08821    0.11600    0.00276      0.11402      0.02495      0.00275      0.11688      0.02616      
34000   0.36993    0.08804    0.11573    0.00285      0.11281      0.02352      0.00282      0.11498      0.02483      
34100   0.36928    0.08779    0.11556    0.00301      0.11244      0.02350      0.00286      0.11458      0.02434      
34200   0.36894    0.08740    0.11512    0.00312      0.11308      0.02375      0.00310      0.11575      0.02459      
34300   0.36791    0.08715    0.11493    0.00264      0.11311      0.02430      0.00272      0.11567      0.02555      
34400   0.36797    0.08687    0.11465    0.00296      0.11316      0.02349      0.00275      0.11492      0.02397      
34500   0.36766    0.08663    0.11443    0.00271      0.11390      0.02344      0.00271      0.11541      0.02480      
34600   0.36660    0.08658    0.11431    0.00310      0.11249      0.02316      0.00321      0.11516      0.02494      
34700   0.36664    0.08643    0.11404    0.00277      0.11324      0.02477      0.00271      0.11522      0.02596      
34800   0.36561    0.08623    0.11377    0.00298      0.11274      0.02270      0.00306      0.11515      0.02406      
34900   0.36476    0.08597    0.11341    0.00289      0.11230      0.02249      0.00295      0.11480      0.02454      
35000   0.36369    0.08568    0.11305    0.00297      0.11259      0.02366      0.00287      0.11488      0.02462      
35100   0.36377    0.08540    0.11278    0.00270      0.11284      0.02249      0.00266      0.11463      0.02366      
35200   0.36270    0.08524    0.11255    0.00269      0.11251      0.02196      0.00275      0.11482      0.02361      
35300   0.36161    0.08486    0.11218    0.00294      0.11222      0.02318      0.00284      0.11413      0.02425      
35400   0.36183    0.08475    0.11207    0.00288      0.11203      0.02272      0.00302      0.11357      0.02402      
35500   0.36038    0.08447    0.11164    0.00295      0.11180      0.02208      0.00303      0.11448      0.02399      
35600   0.36040    0.08425    0.11144    0.00282      0.11220      0.02325      0.00260      0.11442      0.02417      
35700   0.36013    0.08403    0.11123    0.00291      0.11218      0.02278      0.00316      0.11461      0.02374      
35800   0.35877    0.08382    0.11101    0.00265      0.11162      0.02200      0.00269      0.11450      0.02312      
35900   0.35849    0.08356    0.11067    0.00311      0.11165      0.02277      0.00283      0.11441      0.02343      
36000   0.35878    0.08329    0.11037    0.00287      0.11289      0.02273      0.00301      0.11486      0.02393      
36100   0.35678    0.08298    0.11009    0.00275      0.11153      0.02192      0.00280      0.11427      0.02322      
36200   0.35743    0.08283    0.10994    0.00288      0.11151      0.02405      0.00282      0.11371      0.02419      
36300   0.35640    0.08255    0.10968    0.00263      0.11235      0.02313      0.00268      0.11448      0.02347      
36400   0.35535    0.08224    0.10925    0.00268      0.11092      0.02284      0.00271      0.11419      0.02389      
36500   0.35504    0.08191    0.10894    0.00305      0.11171      0.02281      0.00281      0.11395      0.02334      
36600   0.35469    0.08156    0.10855    0.00264      0.11300      0.02301      0.00277      0.11493      0.02394      
36700   0.35390    0.08134    0.10825    0.00255      0.11156      0.02227      0.00277      0.11508      0.02445      
36800   0.35328    0.08096    0.10795    0.00361      0.11238      0.02235      0.00357      0.11485      0.02317      
36900   0.35325    0.08070    0.10763    0.00300      0.11280      0.02350      0.00304      0.11449      0.02459      
37000   0.35137    0.08036    0.10734    0.00274      0.11141      0.02161      0.00284      0.11447      0.02341      
37100   0.35114    0.08020    0.10709    0.00296      0.11124      0.02233      0.00279      0.11342      0.02348      
37200   0.35047    0.07996    0.10678    0.00253      0.11224      0.02254      0.00267      0.11467      0.02477      
37300   0.34924    0.07970    0.10644    0.00291      0.11076      0.02186      0.00306      0.11392      0.02413      
37400   0.34926    0.07951    0.10621    0.00283      0.11134      0.02261      0.00266      0.11454      0.02470      
37500   0.34899    0.07917    0.10595    0.00274      0.11209      0.02289      0.00287      0.11436      0.02414      
37600   0.34683    0.07893    0.10556    0.00265      0.11062      0.02183      0.00273      0.11367      0.02389      
37700   0.34735    0.07866    0.10526    0.00310      0.11064      0.02233      0.00301      0.11325      0.02440      
37800   0.34674    0.07843    0.10502    0.00266      0.11104      0.02233      0.00266      0.11345      0.02402      
37900   0.34572    0.07818    0.10468    0.00266      0.11048      0.02233      0.00290      0.11396      0.02481      
38000   0.34578    0.07789    0.10447    0.00266      0.11121      0.02329      0.00274      0.11391      0.02569      
38100   0.34554    0.07763    0.10415    0.00263      0.11117      0.02363      0.00269      0.11327      0.02432      
38200   0.34407    0.07732    0.10385    0.00260      0.11089      0.02203      0.00281      0.11421      0.02394      
38300   0.34360    0.07711    0.10354    0.00286      0.11126      0.02230      0.00268      0.11387      0.02339      
38400   0.34360    0.07675    0.10319    0.00263      0.11116      0.02257      0.00271      0.11356      0.02361      
38500   0.34157    0.07649    0.10289    0.00262      0.11009      0.02315      0.00263      0.11361      0.02465      
38600   0.34247    0.07628    0.10262    0.00295      0.11071      0.02253      0.00285      0.11315      0.02342      
38700   0.34191    0.07607    0.10237    0.00271      0.11146      0.02284      0.00276      0.11360      0.02316      
38800   0.34012    0.07581    0.10212    0.00270      0.10990      0.02225      0.00277      0.11296      0.02296      
38900   0.34029    0.07540    0.10170    0.00279      0.11062      0.02348      0.00269      0.11307      0.02442      
39000   0.33922    0.07508    0.10129    0.00277      0.11154      0.02248      0.00287      0.11365      0.02290      
39100   0.33760    0.07481    0.10098    0.00256      0.11005      0.02227      0.00264      0.11314      0.02317      
39200   0.33813    0.07460    0.10081    0.00297      0.11113      0.02202      0.00280      0.11337      0.02272      
39300   0.33760    0.07420    0.10039    0.00278      0.11159      0.02200      0.00280      0.11423      0.02237      
39400   0.33579    0.07404    0.10021    0.00295      0.11011      0.02194      0.00294      0.11372      0.02291      
39500   0.33628    0.07379    0.09991    0.00280      0.11081      0.02238      0.00268      0.11351      0.02288      
39600   0.33554    0.07357    0.09957    0.00259      0.11119      0.02194      0.00263      0.11339      0.02267      
39700   0.33348    0.07311    0.09919    0.00257      0.11019      0.02209      0.00266      0.11325      0.02340      
39800   0.33429    0.07285    0.09887    0.00292      0.11059      0.02317      0.00274      0.11297      0.02427      
39900   0.33328    0.07260    0.09860    0.00277      0.11078      0.02158      0.00285      0.11298      0.02290      
40000   0.33224    0.07223    0.09826    0.00282      0.11004      0.02197      0.00293      0.11324      0.02332      
40100   0.33245    0.07197    0.09805    0.00279      0.11030      0.02235      0.00276      0.11360      0.02335      
40200   0.33150    0.07170    0.09773    0.00263      0.11014      0.02203      0.00274      0.11236      0.02274      
40300   0.33008    0.07150    0.09744    0.00267      0.10972      0.02169      0.00273      0.11264      0.02333      
40400   0.33005    0.07117    0.09712    0.00294      0.11008      0.02221      0.00273      0.11204      0.02269      
40500   0.32909    0.07079    0.09667    0.00269      0.11032      0.02253      0.00268      0.11238      0.02279      
40600   0.32784    0.07043    0.09634    0.00278      0.10958      0.02154      0.00274      0.11252      0.02228      
40700   0.32736    0.07014    0.09595    0.00271      0.11011      0.02182      0.00261      0.11201      0.02238      
40800   0.32747    0.06993    0.09569    0.00269      0.11076      0.02221      0.00275      0.11242      0.02248      
40900   0.32586    0.06963    0.09539    0.00260      0.10971      0.02144      0.00265      0.11269      0.02305      
41000   0.32575    0.06932    0.09507    0.00301      0.11003      0.02137      0.00289      0.11224      0.02213      
41100   0.32524    0.06898    0.09477    0.00267      0.11011      0.02290      0.00276      0.11210      0.02349      
41200   0.32398    0.06875    0.09448    0.00283      0.10861      0.02155      0.00283      0.11110      0.02227      
41300   0.32391    0.06839    0.09413    0.00269      0.11066      0.02180      0.00262      0.11285      0.02269      
41400   0.32334    0.06815    0.09385    0.00260      0.10973      0.02174      0.00263      0.11151      0.02268      
41500   0.32144    0.06776    0.09351    0.00277      0.10903      0.02145      0.00284      0.11187      0.02268      
41600   0.32203    0.06757    0.09327    0.00277      0.11059      0.02257      0.00266      0.11289      0.02313      
41700   0.32158    0.06739    0.09301    0.00268      0.11070      0.02242      0.00268      0.11246      0.02313      
41800   0.31996    0.06718    0.09268    0.00257      0.10936      0.02187      0.00258      0.11209      0.02277      
41900   0.32045    0.06686    0.09239    0.00290      0.11031      0.02240      0.00278      0.11291      0.02339      
42000   0.31953    0.06664    0.09213    0.00259      0.11027      0.02185      0.00264      0.11204      0.02260      
42100   0.31858    0.06645    0.09190    0.00260      0.10960      0.02145      0.00265      0.11273      0.02285      
42200   0.31893    0.06625    0.09166    0.00271      0.11077      0.02154      0.00264      0.11337      0.02322      
42300   0.31862    0.06595    0.09135    0.00274      0.11050      0.02148      0.00280      0.11250      0.02218      
42400   0.31683    0.06574    0.09108    0.00267      0.10939      0.02124      0.00276      0.11277      0.02263      
42500   0.31702    0.06541    0.09077    0.00282      0.10993      0.02175      0.00271      0.11253      0.02317      
42600   0.31671    0.06526    0.09059    0.00277      0.10974      0.02167      0.00277      0.11173      0.02225      
42700   0.31474    0.06506    0.09032    0.00264      0.10912      0.02149      0.00266      0.11229      0.02247      
42800   0.31535    0.06478    0.08998    0.00277      0.10988      0.02173      0.00259      0.11301      0.02253      
42900   0.31437    0.06445    0.08965    0.00283      0.10975      0.02157      0.00282      0.11231      0.02231      
43000   0.31315    0.06416    0.08937    0.00280      0.10890      0.02130      0.00272      0.11256      0.02195      
43100   0.31364    0.06406    0.08912    0.00291      0.10970      0.02172      0.00275      0.11208      0.02219      
43200   0.31330    0.06382    0.08891    0.00260      0.11008      0.02166      0.00259      0.11237      0.02224      
43300   0.31168    0.06358    0.08861    0.00272      0.10882      0.02121      0.00279      0.11158      0.02200      
43400   0.31225    0.06349    0.08842    0.00300      0.10970      0.02171      0.00283      0.11176      0.02243      
43500   0.31206    0.06335    0.08828    0.00261      0.10953      0.02175      0.00268      0.11141      0.02254      
43600   0.31026    0.06306    0.08802    0.00260      0.10855      0.02165      0.00266      0.11136      0.02270      
43700   0.31098    0.06277    0.08772    0.00284      0.10931      0.02113      0.00262      0.11137      0.02198      
43800   0.31030    0.06248    0.08743    0.00268      0.10894      0.02126      0.00273      0.11057      0.02168      
43900   0.30828    0.06218    0.08707    0.00274      0.10826      0.02065      0.00277      0.11111      0.02169      
44000   0.30900    0.06203    0.08686    0.00283      0.10982      0.02094      0.00263      0.11199      0.02180      
44100   0.30854    0.06181    0.08664    0.00263      0.10988      0.02104      0.00268      0.11218      0.02203      
44200   0.30690    0.06167    0.08645    0.00254      0.10871      0.02066      0.00256      0.11199      0.02188      
44300   0.30790    0.06161    0.08631    0.00269      0.10941      0.02223      0.00259      0.11166      0.02288      
44400   0.30725    0.06137    0.08607    0.00279      0.10929      0.02152      0.00282      0.11139      0.02193      
44500   0.30608    0.06126    0.08590    0.00265      0.10760      0.02139      0.00266      0.11109      0.02210      
44600   0.30675    0.06101    0.08561    0.00305      0.10938      0.02130      0.00294      0.11168      0.02236      
44700   0.30582    0.06085    0.08544    0.00278      0.10924      0.02161      0.00284      0.11122      0.02238      
44800   0.30434    0.06056    0.08516    0.00264      0.10841      0.02045      0.00268      0.11123      0.02104      
44900   0.30486    0.06039    0.08500    0.00300      0.10927      0.02046      0.00281      0.11114      0.02111      
45000   0.30467    0.06008    0.08465    0.00274      0.10924      0.02318      0.00278      0.11109      0.02370      
45100   0.30296    0.05991    0.08451    0.00279      0.10865      0.02084      0.00278      0.11176      0.02168      
45200   0.30381    0.05985    0.08436    0.00273      0.10896      0.02077      0.00260      0.11128      0.02133      
45300   0.30316    0.05963    0.08410    0.00258      0.10885      0.02104      0.00265      0.11065      0.02148      
45400   0.30170    0.05945    0.08391    0.00258      0.10774      0.02045      0.00263      0.11147      0.02151      
45500   0.30241    0.05918    0.08371    0.00282      0.10887      0.02158      0.00270      0.11131      0.02212      
45600   0.30196    0.05895    0.08341    0.00249      0.11005      0.02161      0.00255      0.11213      0.02163      
45700   0.30024    0.05876    0.08321    0.00253      0.10818      0.02091      0.00257      0.11112      0.02209      
45800   0.30085    0.05855    0.08297    0.00274      0.10910      0.02118      0.00261      0.11130      0.02176      
45900   0.30047    0.05843    0.08281    0.00276      0.10965      0.02083      0.00284      0.11158      0.02107      
46000   0.29900    0.05827    0.08265    0.00249      0.10810      0.02094      0.00259      0.11129      0.02198      
46100   0.30010    0.05816    0.08243    0.00282      0.10879      0.02132      0.00263      0.11057      0.02196      
46200   0.29900    0.05790    0.08213    0.00258      0.10919      0.02162      0.00262      0.11115      0.02182      
46300   0.29783    0.05778    0.08203    0.00257      0.10789      0.02153      0.00259      0.11094      0.02262      
46400   0.29903    0.05765    0.08188    0.00312      0.10915      0.02067      0.00301      0.11143      0.02121      
46500   0.29829    0.05753    0.08175    0.00262      0.10869      0.02180      0.00268      0.11151      0.02203      
46600   0.29733    0.05748    0.08163    0.00253      0.10820      0.02095      0.00265      0.11104      0.02183      
46700   0.29794    0.05731    0.08145    0.00293      0.10931      0.02063      0.00275      0.11076      0.02184      
46800   0.29767    0.05729    0.08135    0.00270      0.10945      0.02092      0.00278      0.11104      0.02148      
46900   0.29675    0.05726    0.08126    0.00252      0.10743      0.02166      0.00258      0.11029      0.02305      
47000   0.29730    0.05709    0.08106    0.00277      0.10913      0.02118      0.00268      0.11116      0.02212      
47100   0.29655    0.05677    0.08082    0.00263      0.10889      0.02114      0.00272      0.11065      0.02173      
47200   0.29546    0.05662    0.08067    0.00258      0.10764      0.02080      0.00261      0.11046      0.02203      
47300   0.29614    0.05656    0.08050    0.00283      0.10867      0.02047      0.00262      0.11075      0.02139      
47400   0.29500    0.05631    0.08029    0.00257      0.10866      0.02150      0.00264      0.11113      0.02190      
47500   0.29435    0.05599    0.08003    0.00275      0.10829      0.02095      0.00280      0.11162      0.02162      
47600   0.29406    0.05578    0.07983    0.00280      0.10902      0.02064      0.00268      0.11116      0.02107      
47700   0.29385    0.05560    0.07966    0.00276      0.10857      0.02074      0.00285      0.11022      0.02110      
47800   0.29304    0.05542    0.07942    0.00269      0.10762      0.02055      0.00270      0.11049      0.02106      
47900   0.29291    0.05529    0.07923    0.00302      0.10856      0.02028      0.00290      0.11081      0.02101      
48000   0.29221    0.05512    0.07901    0.00249      0.10870      0.02052      0.00258      0.11098      0.02099      
48100   0.29161    0.05496    0.07886    0.00259      0.10770      0.02107      0.00271      0.11055      0.02160      
48200   0.29253    0.05475    0.07863    0.00302      0.10811      0.02090      0.00289      0.11050      0.02171      
48300   0.29144    0.05460    0.07839    0.00253      0.10865      0.02128      0.00260      0.11082      0.02150      
48400   0.29033    0.05439    0.07826    0.00272      0.10783      0.02046      0.00272      0.11104      0.02094      
48500   0.29095    0.05421    0.07807    0.00280      0.10886      0.02018      0.00272      0.11179      0.02074      
48600   0.29035    0.05404    0.07789    0.00273      0.10886      0.02056      0.00281      0.11141      0.02114      
48700   0.28978    0.05408    0.07779    0.00256      0.10785      0.02095      0.00266      0.11183      0.02173      
48800   0.29076    0.05403    0.07771    0.00302      0.10835      0.02032      0.00289      0.11049      0.02091      
48900   0.29017    0.05397    0.07766    0.00245      0.10967      0.02050      0.00256      0.11123      0.02097      
49000   0.28895    0.05388    0.07755    0.00275      0.10744      0.01993      0.00278      0.11041      0.02054      
49100   0.28991    0.05379    0.07747    0.00279      0.10837      0.02123      0.00264      0.11059      0.02164      
49200   0.28930    0.05366    0.07731    0.00247      0.10911      0.02033      0.00256      0.11086      0.02079      
49300   0.28828    0.05342    0.07708    0.00269      0.10753      0.02060      0.00284      0.11070      0.02113      
49400   0.28882    0.05337    0.07694    0.00267      0.10867      0.02042      0.00255      0.11123      0.02097      
49500   0.28841    0.05327    0.07683    0.00249      0.10881      0.02027      0.00260      0.11086      0.02092      
49600   0.28759    0.05318    0.07668    0.00287      0.10748      0.02058      0.00289      0.11050      0.02117      
49700   0.28793    0.05297    0.07646    0.00266      0.10851      0.02046      0.00260      0.11063      0.02082      
49800   0.28732    0.05276    0.07628    0.00261      0.10810      0.02245      0.00263      0.10994      0.02281      
49900   0.28642    0.05267    0.07619    0.00264      0.10723      0.02064      0.00270      0.11014      0.02092      
50000   0.28642    0.05241    0.07597    0.00272      0.10796      0.02109      0.00262      0.11096      0.02127      
50100   0.28612    0.05229    0.07579    0.00261      0.10852      0.02098      0.00270      0.11077      0.02141      
50200   0.28484    0.05224    0.07571    0.00256      0.10709      0.02057      0.00258      0.10992      0.02087      
50300   0.28525    0.05213    0.07553    0.00278      0.10767      0.02037      0.00258      0.10972      0.02074      
50400   0.28539    0.05212    0.07545    0.00251      0.10763      0.02067      0.00271      0.10963      0.02089      
50500   0.28431    0.05196    0.07534    0.00268      0.10716      0.02024      0.00269      0.11008      0.02081      
50600   0.28534    0.05198    0.07529    0.00284      0.10795      0.02092      0.00275      0.11001      0.02149      
50700   0.28442    0.05180    0.07509    0.00248      0.10821      0.02040      0.00255      0.11009      0.02049      
50800   0.28364    0.05172    0.07497    0.00262      0.10710      0.02007      0.00265      0.10969      0.02055      
50900   0.28403    0.05163    0.07488    0.00271      0.10798      0.02018      0.00263      0.10984      0.02051      
51000   0.28428    0.05161    0.07479    0.00274      0.10875      0.02031      0.00292      0.11042      0.02090      
51100   0.28334    0.05155    0.07466    0.00255      0.10729      0.02012      0.00262      0.11000      0.02037      
51200   0.28378    0.05130    0.07446    0.00267      0.10836      0.02053      0.00256      0.11074      0.02056      
51300   0.28294    0.05109    0.07430    0.00259      0.10837      0.02030      0.00268      0.11021      0.02033      
51400   0.28210    0.05090    0.07414    0.00251      0.10710      0.02088      0.00265      0.10992      0.02165      
51500   0.28248    0.05069    0.07393    0.00270      0.10821      0.02116      0.00263      0.11027      0.02172      
51600   0.28214    0.05056    0.07375    0.00259      0.10865      0.02034      0.00266      0.11065      0.02041      
51700   0.28145    0.05050    0.07368    0.00269      0.10746      0.01993      0.00275      0.11056      0.02090      
51800   0.28181    0.05042    0.07353    0.00290      0.10804      0.02085      0.00283      0.11019      0.02112      
51900   0.28136    0.05026    0.07336    0.00257      0.10865      0.02053      0.00265      0.11032      0.02043      
52000   0.28044    0.05011    0.07322    0.00273      0.10717      0.02013      0.00271      0.10972      0.02108      
52100   0.28072    0.05002    0.07305    0.00277      0.10756      0.02074      0.00266      0.10955      0.02124      
52200   0.28046    0.04989    0.07295    0.00261      0.10811      0.02075      0.00271      0.10999      0.02096      
52300   0.27942    0.04978    0.07278    0.00266      0.10667      0.02070      0.00266      0.10947      0.02159      
52400   0.27984    0.04961    0.07260    0.00257      0.10832      0.02050      0.00258      0.11054      0.02122      
52500   0.27956    0.04949    0.07248    0.00249      0.10832      0.02076      0.00262      0.11024      0.02126      
52600   0.27831    0.04936    0.07240    0.00249      0.10730      0.02011      0.00261      0.10998      0.02144      
52700   0.27917    0.04927    0.07231    0.00284      0.10814      0.02031      0.00270      0.11011      0.02050      
52800   0.27899    0.04929    0.07229    0.00250      0.10837      0.02059      0.00258      0.11004      0.02090      
52900   0.27786    0.04918    0.07219    0.00256      0.10751      0.01984      0.00267      0.11034      0.02102      
53000   0.27818    0.04906    0.07205    0.00269      0.10788      0.02049      0.00261      0.10969      0.02094      
53100   0.27843    0.04895    0.07188    0.00255      0.10806      0.02052      0.00260      0.10962      0.02070      
53200   0.27738    0.04886    0.07178    0.00255      0.10716      0.01992      0.00261      0.10973      0.02134      
53300   0.27775    0.04885    0.07169    0.00254      0.10797      0.02062      0.00251      0.10980      0.02162      
53400   0.27791    0.04871    0.07158    0.00258      0.10840      0.02085      0.00264      0.10995      0.02159      
53500   0.27637    0.04858    0.07142    0.00254      0.10706      0.02013      0.00262      0.10962      0.02152      
53600   0.27701    0.04861    0.07137    0.00276      0.10726      0.02064      0.00263      0.10924      0.02149      
53700   0.27720    0.04851    0.07128    0.00254      0.10807      0.02034      0.00264      0.10976      0.02110      
53800   0.27579    0.04837    0.07113    0.00257      0.10721      0.01975      0.00273      0.10981      0.02158      
53900   0.27707    0.04848    0.07116    0.00272      0.10787      0.02030      0.00263      0.10980      0.02096      
54000   0.27628    0.04827    0.07098    0.00244      0.10810      0.02020      0.00251      0.10945      0.02089      
54100   0.27476    0.04818    0.07091    0.00258      0.10639      0.02013      0.00267      0.10889      0.02155      
54200   0.27575    0.04808    0.07081    0.00271      0.10792      0.02036      0.00257      0.10974      0.02150      
54300   0.27570    0.04790    0.07062    0.00255      0.10826      0.02086      0.00262      0.10973      0.02186      
54400   0.27418    0.04782    0.07051    0.00264      0.10702      0.01936      0.00264      0.10962      0.02033      
54500   0.27464    0.04767    0.07037    0.00273      0.10791      0.01982      0.00261      0.10984      0.02025      
54600   0.27464    0.04761    0.07026    0.00252      0.10796      0.02070      0.00261      0.10987      0.02126      
54700   0.27352    0.04750    0.07018    0.00252      0.10719      0.01960      0.00255      0.10987      0.02092      
54800   0.27452    0.04742    0.07007    0.00288      0.10783      0.02099      0.00279      0.10987      0.02223      
54900   0.27397    0.04730    0.06996    0.00257      0.10745      0.02074      0.00266      0.10927      0.02123      
55000   0.27281    0.04713    0.06985    0.00264      0.10687      0.01971      0.00265      0.10952      0.02091      
55100   0.27315    0.04705    0.06975    0.00263      0.10730      0.01998      0.00255      0.10911      0.02105      
55200   0.27336    0.04702    0.06962    0.00247      0.10785      0.02107      0.00255      0.10970      0.02200      
55300   0.27217    0.04692    0.06952    0.00261      0.10692      0.02004      0.00275      0.10968      0.02141      
55400   0.27319    0.04686    0.06943    0.00292      0.10818      0.02003      0.00280      0.10994      0.02091      
55500   0.27338    0.04678    0.06935    0.00273      0.10783      0.02055      0.00282      0.10947      0.02075      
55600   0.27143    0.04667    0.06924    0.00262      0.10635      0.01979      0.00263      0.10880      0.02065      
55700   0.27222    0.04655    0.06916    0.00277      0.10729      0.01982      0.00259      0.10862      0.02033      
55800   0.27241    0.04640    0.06907    0.00259      0.10727      0.02105      0.00266      0.10871      0.02123      
55900   0.27112    0.04645    0.06903    0.00248      0.10668      0.02053      0.00252      0.10915      0.02188      
56000   0.27209    0.04643    0.06896    0.00275      0.10823      0.02020      0.00269      0.11000      0.02085      
56100   0.27204    0.04647    0.06891    0.00245      0.10820      0.02004      0.00256      0.10969      0.02056      
56200   0.27055    0.04634    0.06877    0.00269      0.10695      0.01969      0.00286      0.10948      0.02121      
56300   0.27159    0.04613    0.06864    0.00266      0.10784      0.01997      0.00262      0.10952      0.02078      
56400   0.27156    0.04604    0.06853    0.00245      0.10876      0.02034      0.00252      0.11015      0.02087      
56500   0.26981    0.04603    0.06848    0.00257      0.10672      0.02072      0.00262      0.10939      0.02184      
56600   0.27081    0.04581    0.06833    0.00260      0.10798      0.02066      0.00250      0.10957      0.02135      
56700   0.27043    0.04576    0.06825    0.00247      0.10845      0.01988      0.00257      0.10982      0.02042      
56800   0.26863    0.04564    0.06818    0.00251      0.10652      0.01960      0.00261      0.10895      0.02014      
56900   0.27013    0.04554    0.06809    0.00273      0.10759      0.02050      0.00266      0.10911      0.02098      
57000   0.27002    0.04546    0.06797    0.00252      0.10832      0.01999      0.00260      0.10980      0.02039      
57100   0.26867    0.04549    0.06794    0.00252      0.10699      0.01968      0.00259      0.10959      0.02074      
57200   0.26970    0.04547    0.06789    0.00279      0.10806      0.01996      0.00268      0.10962      0.02039      
57300   0.26928    0.04542    0.06777    0.00252      0.10806      0.02021      0.00265      0.10984      0.02021      
57400   0.26837    0.04537    0.06769    0.00256      0.10630      0.02045      0.00267      0.10907      0.02140      
57500   0.26909    0.04537    0.06766    0.00255      0.10798      0.01991      0.00250      0.10988      0.02044      
57600   0.26933    0.04534    0.06763    0.00260      0.10807      0.01989      0.00270      0.10992      0.01991      
57700   0.26736    0.04522    0.06751    0.00245      0.10667      0.01967      0.00250      0.10962      0.02039      
57800   0.26915    0.04518    0.06745    0.00301      0.10769      0.02012      0.00281      0.10992      0.02082      
57900   0.26854    0.04505    0.06732    0.00257      0.10814      0.02072      0.00263      0.11019      0.02125      
58000   0.26654    0.04496    0.06721    0.00241      0.10661      0.01952      0.00254      0.10965      0.02101      
58100   0.26806    0.04499    0.06716    0.00271      0.10690      0.02033      0.00252      0.10920      0.02046      
58200   0.26772    0.04490    0.06704    0.00249      0.10743      0.02042      0.00253      0.10956      0.02068      
58300   0.26617    0.04487    0.06699    0.00274      0.10655      0.01909      0.00278      0.10966      0.02004      
58400   0.26783    0.04485    0.06694    0.00266      0.10719      0.02105      0.00248      0.10953      0.02172      
58500   0.26748    0.04474    0.06684    0.00265      0.10761      0.02029      0.00272      0.10963      0.02068      
58600   0.26598    0.04476    0.06680    0.00260      0.10641      0.02013      0.00263      0.10922      0.02117      
58700   0.26729    0.04475    0.06677    0.00262      0.10770      0.02007      0.00258      0.10950      0.02022      
58800   0.26735    0.04456    0.06662    0.00255      0.10758      0.02034      0.00262      0.10919      0.02121      
58900   0.26557    0.04450    0.06655    0.00250      0.10625      0.01979      0.00251      0.10906      0.02132      
59000   0.26667    0.04442    0.06645    0.00278      0.10754      0.01971      0.00273      0.10960      0.02105      
59100   0.26660    0.04426    0.06633    0.00262      0.10755      0.01992      0.00268      0.10918      0.02062      
59200   0.26488    0.04427    0.06626    0.00247      0.10674      0.01924      0.00258      0.10975      0.02081      
59300   0.26611    0.04421    0.06620    0.00278      0.10711      0.02013      0.00265      0.10929      0.02083      
59400   0.26607    0.04420    0.06614    0.00253      0.10757      0.01996      0.00259      0.10952      0.02092      
59500   0.26433    0.04411    0.06603    0.00246      0.10643      0.01977      0.00256      0.10921      0.02089      
59600   0.26567    0.04422    0.06607    0.00253      0.10735      0.02015      0.00247      0.10953      0.02116      
59700   0.26574    0.04406    0.06594    0.00253      0.10767      0.01992      0.00258      0.10969      0.02090      
59800   0.26402    0.04396    0.06585    0.00250      0.10701      0.01955      0.00259      0.11010      0.02028      
59900   0.26489    0.04383    0.06576    0.00269      0.10707      0.01989      0.00260      0.10917      0.02021      
60000   0.26526    0.04375    0.06565    0.00254      0.10780      0.02027      0.00265      0.10988      0.02074      
60100   0.26335    0.04361    0.06547    0.00244      0.10673      0.01963      0.00258      0.10966      0.02053      
60200   0.26421    0.04357    0.06539    0.00257      0.10736      0.01988      0.00251      0.10968      0.02044      
60300   0.26445    0.04352    0.06530    0.00249      0.10740      0.02008      0.00256      0.10933      0.02072      
60400   0.26275    0.04348    0.06527    0.00247      0.10677      0.01932      0.00256      0.10968      0.02000      
60500   0.26414    0.04344    0.06521    0.00273      0.10788      0.01983      0.00270      0.10990      0.02024      
60600   0.26411    0.04346    0.06514    0.00242      0.10795      0.01973      0.00253      0.10992      0.02022      
60700   0.26288    0.04345    0.06508    0.00257      0.10694      0.01958      0.00268      0.11005      0.02068      
60800   0.26319    0.04337    0.06500    0.00264      0.10731      0.01996      0.00264      0.10985      0.02021      
60900   0.26381    0.04329    0.06491    0.00239      0.10753      0.02002      0.00253      0.10944      0.02011      
61000   0.26235    0.04319    0.06482    0.00253      0.10684      0.02033      0.00260      0.10983      0.02182      
61100   0.26319    0.04320    0.06477    0.00270      0.10760      0.01979      0.00263      0.11006      0.02074      
61200   0.26330    0.04309    0.06470    0.00275      0.10785      0.01963      0.00287      0.10986      0.02034      
61300   0.26188    0.04306    0.06466    0.00246      0.10651      0.01920      0.00259      0.10992      0.01999      
61400   0.26272    0.04309    0.06462    0.00265      0.10735      0.01964      0.00251      0.10981      0.02043      
61500   0.26266    0.04286    0.06445    0.00242      0.10757      0.01992      0.00256      0.10963      0.01995      
61600   0.26135    0.04284    0.06438    0.00245      0.10692      0.01938      0.00259      0.11058      0.02016      
61700   0.26215    0.04279    0.06434    0.00280      0.10699      0.01980      0.00281      0.10986      0.02034      
61800   0.26191    0.04270    0.06421    0.00241      0.10763      0.01978      0.00252      0.11040      0.01960      
61900   0.26050    0.04254    0.06405    0.00247      0.10665      0.01933      0.00261      0.10999      0.02015      
62000   0.26165    0.04258    0.06404    0.00268      0.10772      0.02019      0.00252      0.11039      0.02038      
62100   0.26137    0.04240    0.06389    0.00235      0.10774      0.01974      0.00244      0.10977      0.02014      
62200   0.26033    0.04234    0.06381    0.00258      0.10649      0.02037      0.00260      0.10978      0.02101      
62300   0.26068    0.04226    0.06372    0.00253      0.10756      0.01936      0.00250      0.11050      0.01988      
62400   0.26086    0.04217    0.06367    0.00247      0.10773      0.01990      0.00257      0.11032      0.02022      
62500   0.25954    0.04202    0.06354    0.00244      0.10637      0.01925      0.00252      0.10976      0.02031      
62600   0.26067    0.04195    0.06351    0.00255      0.10761      0.02054      0.00252      0.11037      0.02108      
62700   0.26030    0.04192    0.06342    0.00247      0.10700      0.01978      0.00253      0.11004      0.02009      
62800   0.25909    0.04177    0.06327    0.00254      0.10649      0.01912      0.00255      0.11033      0.02016      
62900   0.25998    0.04174    0.06318    0.00270      0.10718      0.01950      0.00258      0.11056      0.01999      
63000   0.25994    0.04163    0.06310    0.00254      0.10731      0.02030      0.00261      0.10977      0.02066      
63100   0.25817    0.04159    0.06297    0.00242      0.10639      0.01900      0.00254      0.10971      0.01996      
63200   0.25946    0.04150    0.06291    0.00270      0.10691      0.01980      0.00258      0.11011      0.02004      
63300   0.25917    0.04140    0.06281    0.00251      0.10716      0.02037      0.00261      0.11021      0.02021      
63400   0.25780    0.04130    0.06274    0.00240      0.10646      0.01923      0.00252      0.10978      0.02006      
63500   0.25901    0.04121    0.06262    0.00258      0.10728      0.01995      0.00249      0.11026      0.02026      
63600   0.25894    0.04117    0.06256    0.00255      0.10711      0.01986      0.00260      0.10965      0.02016      
63700   0.25739    0.04113    0.06250    0.00249      0.10590      0.01941      0.00259      0.10918      0.02044      
63800   0.25787    0.04104    0.06241    0.00267      0.10667      0.01964      0.00258      0.10980      0.02024      
63900   0.25837    0.04098    0.06233    0.00250      0.10770      0.01934      0.00255      0.11050      0.01966      
64000   0.25656    0.04097    0.06231    0.00235      0.10686      0.01881      0.00254      0.11026      0.01987      
64100   0.25759    0.04093    0.06224    0.00258      0.10676      0.01940      0.00252      0.10944      0.01982      
64200   0.25775    0.04088    0.06216    0.00237      0.10721      0.01964      0.00246      0.10960      0.01985      
64300   0.25597    0.04071    0.06206    0.00255      0.10586      0.01965      0.00260      0.10870      0.02056      
64400   0.25732    0.04060    0.06198    0.00264      0.10690      0.01935      0.00260      0.10941      0.02037      
64500   0.25732    0.04061    0.06197    0.00242      0.10722      0.01970      0.00251      0.10926      0.02064      
64600   0.25535    0.04042    0.06179    0.00241      0.10630      0.01934      0.00256      0.10959      0.02016      
64700   0.25689    0.04041    0.06175    0.00267      0.10693      0.01949      0.00257      0.10926      0.02004      
64800   0.25668    0.04034    0.06167    0.00267      0.10687      0.01956      0.00272      0.10911      0.01980      
64900   0.25537    0.04027    0.06160    0.00244      0.10596      0.01987      0.00255      0.10930      0.02053      
65000   0.25627    0.04011    0.06150    0.00258      0.10707      0.01955      0.00252      0.11007      0.02014      
65100   0.25620    0.04002    0.06141    0.00238      0.10693      0.01981      0.00248      0.10948      0.02009      
65200   0.25431    0.04000    0.06139    0.00236      0.10653      0.01924      0.00254      0.10989      0.02017      
65300   0.25612    0.04001    0.06132    0.00267      0.10705      0.01944      0.00251      0.11014      0.02004      
65400   0.25591    0.04008    0.06132    0.00244      0.10703      0.01963      0.00252      0.10941      0.02038      
65500   0.25427    0.03999    0.06127    0.00237      0.10662      0.01884      0.00253      0.10998      0.02063      
65600   0.25587    0.04002    0.06123    0.00251      0.10710      0.01956      0.00250      0.10984      0.02039      
65700   0.25626    0.04004    0.06120    0.00253      0.10735      0.01967      0.00260      0.10903      0.02016      
65800   0.25452    0.04007    0.06120    0.00249      0.10632      0.01929      0.00254      0.10953      0.02050      
65900   0.25595    0.03998    0.06111    0.00262      0.10758      0.01965      0.00252      0.10960      0.02047      
66000   0.25546    0.03987    0.06100    0.00242      0.10708      0.01957      0.00251      0.10934      0.02079      
66100   0.25370    0.03984    0.06094    0.00240      0.10630      0.01863      0.00259      0.10939      0.01968      
66200   0.25545    0.03991    0.06094    0.00262      0.10655      0.01958      0.00255      0.10891      0.02000      
66300   0.25550    0.03985    0.06087    0.00242      0.10700      0.02007      0.00253      0.10861      0.01998      
66400   0.25379    0.03982    0.06081    0.00229      0.10610      0.01881      0.00245      0.10871      0.02022      
66500   0.25513    0.03981    0.06079    0.00265      0.10724      0.01932      0.00255      0.10973      0.02002      
66600   0.25510    0.03974    0.06071    0.00243      0.10718      0.01975      0.00253      0.10915      0.02007      
66700   0.25323    0.03963    0.06063    0.00238      0.10619      0.01904      0.00256      0.10899      0.01991      
66800   0.25528    0.03962    0.06059    0.00254      0.10718      0.02037      0.00247      0.10949      0.02098      
66900   0.25495    0.03964    0.06057    0.00240      0.10702      0.01964      0.00248      0.10896      0.01989      
67000   0.25298    0.03961    0.06051    0.00250      0.10580      0.01949      0.00262      0.10902      0.02052      
67100   0.25450    0.03954    0.06044    0.00279      0.10722      0.01918      0.00267      0.10997      0.01948      
67200   0.25473    0.03945    0.06038    0.00248      0.10741      0.01942      0.00262      0.10976      0.01955      
67300   0.25234    0.03938    0.06035    0.00233      0.10657      0.01865      0.00251      0.10974      0.01934      
67400   0.25387    0.03937    0.06029    0.00259      0.10713      0.01905      0.00254      0.10959      0.01939      
67500   0.25365    0.03927    0.06019    0.00243      0.10724      0.01923      0.00256      0.10975      0.01949      
67600   0.25205    0.03926    0.06014    0.00249      0.10600      0.01917      0.00260      0.10884      0.01972      
67700   0.25385    0.03926    0.06006    0.00254      0.10701      0.01957      0.00253      0.11000      0.02018      
67800   0.25366    0.03918    0.05997    0.00242      0.10717      0.01960      0.00253      0.11050      0.02004      
67900   0.25182    0.03907    0.05990    0.00245      0.10626      0.01869      0.00259      0.10993      0.01943      
68000   0.25330    0.03906    0.05983    0.00271      0.10712      0.01942      0.00272      0.11059      0.02003      
68100   0.25298    0.03896    0.05975    0.00242      0.10709      0.01948      0.00254      0.11079      0.01960      
68200   0.25142    0.03888    0.05967    0.00240      0.10674      0.01870      0.00254      0.11078      0.01966      
68300   0.25266    0.03879    0.05961    0.00256      0.10691      0.01905      0.00250      0.11015      0.01927      
68400   0.25287    0.03888    0.05961    0.00263      0.10717      0.01957      0.00274      0.11029      0.02006      
68500   0.25174    0.03877    0.05949    0.00242      0.10586      0.01917      0.00260      0.10929      0.02031      
68600   0.25240    0.03871    0.05944    0.00270      0.10728      0.01901      0.00261      0.10964      0.01965      
68700   0.25230    0.03861    0.05937    0.00251      0.10708      0.01960      0.00268      0.11008      0.02002      
68800   0.25065    0.03850    0.05929    0.00237      0.10621      0.01882      0.00253      0.11004      0.01999      
68900   0.25196    0.03856    0.05927    0.00269      0.10704      0.01906      0.00268      0.11033      0.02005      
69000   0.25200    0.03851    0.05922    0.00252      0.10727      0.01944      0.00268      0.11044      0.02027      
69100   0.25045    0.03845    0.05916    0.00227      0.10671      0.01923      0.00248      0.11089      0.02052      
69200   0.25146    0.03834    0.05908    0.00271      0.10632      0.01932      0.00267      0.10917      0.02037      
69300   0.25110    0.03831    0.05901    0.00238      0.10666      0.01941      0.00252      0.10999      0.02015      
69400   0.24990    0.03825    0.05897    0.00241      0.10559      0.01921      0.00253      0.10909      0.02008      
69500   0.25117    0.03809    0.05884    0.00260      0.10671      0.01931      0.00252      0.10980      0.02009      
69600   0.25086    0.03810    0.05881    0.00242      0.10644      0.01982      0.00251      0.10938      0.02037      
69700   0.24941    0.03803    0.05872    0.00238      0.10593      0.01882      0.00254      0.10952      0.02020      
69800   0.25045    0.03801    0.05868    0.00254      0.10627      0.01933      0.00255      0.10972      0.02039      
69900   0.25071    0.03792    0.05858    0.00247      0.10681      0.01987      0.00261      0.11021      0.02069      
70000   0.24910    0.03784    0.05850    0.00242      0.10587      0.01888      0.00254      0.10976      0.02004      
70100   0.24974    0.03769    0.05839    0.00256      0.10686      0.01921      0.00253      0.10968      0.02031      
70200   0.24957    0.03768    0.05834    0.00242      0.10666      0.01940      0.00252      0.10934      0.02008      
70300   0.24869    0.03759    0.05828    0.00243      0.10613      0.01917      0.00259      0.10950      0.02003      
70400   0.24934    0.03759    0.05827    0.00253      0.10703      0.01874      0.00244      0.10959      0.01947      
70500   0.24950    0.03751    0.05823    0.00241      0.10661      0.01965      0.00252      0.10928      0.02030      
70600   0.24846    0.03747    0.05819    0.00242      0.10562      0.01908      0.00253      0.10917      0.02019      
70700   0.24949    0.03740    0.05808    0.00252      0.10682      0.01955      0.00254      0.10932      0.02059      
70800   0.24898    0.03727    0.05798    0.00244      0.10693      0.01984      0.00254      0.10939      0.02078      
70900   0.24786    0.03725    0.05794    0.00237      0.10589      0.01885      0.00250      0.10913      0.02012      
71000   0.24919    0.03727    0.05799    0.00266      0.10625      0.01913      0.00258      0.10862      0.01996      
71100   0.24879    0.03718    0.05789    0.00248      0.10700      0.01936      0.00261      0.10896      0.02020      
71200   0.24762    0.03713    0.05784    0.00238      0.10616      0.01907      0.00251      0.10921      0.02031      
71300   0.24839    0.03705    0.05776    0.00287      0.10632      0.01915      0.00274      0.10838      0.02040      
71400   0.24879    0.03713    0.05777    0.00258      0.10718      0.01938      0.00265      0.10887      0.02053      
71500   0.24728    0.03715    0.05775    0.00238      0.10584      0.01874      0.00251      0.10843      0.02015      
71600   0.24830    0.03704    0.05768    0.00263      0.10673      0.01905      0.00251      0.10898      0.02061      
71700   0.24810    0.03704    0.05761    0.00240      0.10652      0.01940      0.00260      0.10920      0.02178      
71800   0.24731    0.03705    0.05761    0.00236      0.10587      0.01904      0.00254      0.10878      0.02095      
71900   0.24773    0.03695    0.05751    0.00263      0.10662      0.01892      0.00266      0.10917      0.02088      
72000   0.24790    0.03688    0.05744    0.00242      0.10707      0.01966      0.00259      0.10892      0.02106      
72100   0.24689    0.03683    0.05738    0.00241      0.10604      0.01867      0.00262      0.10869      0.02045      
72200   0.24765    0.03683    0.05737    0.00254      0.10706      0.01872      0.00258      0.10919      0.02021      
72300   0.24766    0.03677    0.05730    0.00244      0.10732      0.01907      0.00256      0.10905      0.01977      
72400   0.24656    0.03680    0.05731    0.00230      0.10664      0.01886      0.00252      0.10939      0.01994      
72500   0.24751    0.03679    0.05728    0.00257      0.10690      0.01918      0.00256      0.10950      0.02055      
72600   0.24744    0.03672    0.05723    0.00242      0.10705      0.01949      0.00260      0.10940      0.02047      
72700   0.24644    0.03668    0.05719    0.00231      0.10629      0.01892      0.00256      0.10941      0.02052      
72800   0.24673    0.03659    0.05711    0.00247      0.10712      0.01865      0.00254      0.10990      0.02035      
72900   0.24694    0.03654    0.05704    0.00270      0.10672      0.01896      0.00282      0.10900      0.01951      
73000   0.24579    0.03647    0.05699    0.00231      0.10622      0.01884      0.00256      0.10931      0.02038      
73100   0.24695    0.03652    0.05698    0.00253      0.10702      0.01920      0.00260      0.10932      0.02024      
73200   0.24637    0.03643    0.05691    0.00239      0.10703      0.01914      0.00250      0.10902      0.01972      
73300   0.24540    0.03645    0.05695    0.00234      0.10618      0.01866      0.00252      0.10948      0.01954      
73400   0.24676    0.03640    0.05687    0.00260      0.10679      0.01902      0.00273      0.10959      0.02067      
73500   0.24640    0.03643    0.05686    0.00239      0.10675      0.01907      0.00260      0.10908      0.02004      
73600   0.24533    0.03639    0.05682    0.00229      0.10618      0.01890      0.00248      0.10959      0.02014      
73700   0.24660    0.03625    0.05672    0.00259      0.10666      0.01951      0.00258      0.10945      0.02051      
73800   0.24594    0.03624    0.05667    0.00240      0.10692      0.01913      0.00261      0.10962      0.01986      
73900   0.24504    0.03628    0.05667    0.00236      0.10591      0.01870      0.00250      0.10920      0.01956      
74000   0.24620    0.03618    0.05658    0.00254      0.10695      0.01946      0.00255      0.10936      0.02032      
74100   0.24581    0.03621    0.05659    0.00237      0.10690      0.01922      0.00251      0.10921      0.01963      
74200   0.24483    0.03616    0.05653    0.00232      0.10586      0.01909      0.00247      0.10920      0.01974      
74300   0.24568    0.03608    0.05646    0.00262      0.10671      0.01905      0.00253      0.10925      0.01984      
74400   0.24551    0.03593    0.05638    0.00255      0.10692      0.01924      0.00271      0.10929      0.01967      
74500   0.24443    0.03598    0.05637    0.00226      0.10602      0.01848      0.00246      0.10917      0.01948      
74600   0.24522    0.03594    0.05633    0.00259      0.10641      0.01919      0.00265      0.10868      0.01979      
74700   0.24539    0.03601    0.05634    0.00241      0.10630      0.02000      0.00254      0.10818      0.02037      
74800   0.24423    0.03607    0.05634    0.00233      0.10540      0.01847      0.00248      0.10824      0.01948      
74900   0.24549    0.03612    0.05635    0.00268      0.10625      0.01907      0.00269      0.10837      0.01993      
75000   0.24513    0.03606    0.05632    0.00247      0.10666      0.01897      0.00258      0.10885      0.01922      
75100   0.24457    0.03605    0.05630    0.00239      0.10593      0.01879      0.00246      0.10882      0.01955      
75200   0.24529    0.03598    0.05626    0.00255      0.10653      0.01878      0.00249      0.10876      0.01956      
75300   0.24507    0.03593    0.05622    0.00235      0.10659      0.01917      0.00247      0.10863      0.01962      
75400   0.24408    0.03600    0.05621    0.00239      0.10555      0.01877      0.00250      0.10842      0.01951      
75500   0.24511    0.03592    0.05618    0.00264      0.10649      0.01858      0.00261      0.10900      0.01891      
75600   0.24498    0.03589    0.05613    0.00253      0.10697      0.01887      0.00269      0.10942      0.01927      
75700   0.24413    0.03590    0.05613    0.00241      0.10580      0.01908      0.00252      0.10883      0.01989      
75800   0.24522    0.03586    0.05611    0.00252      0.10707      0.01905      0.00259      0.10989      0.01974      
75900   0.24518    0.03593    0.05607    0.00245      0.10711      0.01920      0.00259      0.10979      0.01935      
76000   0.24408    0.03588    0.05603    0.00251      0.10645      0.01841      0.00266      0.10980      0.01921      
76100   0.24486    0.03578    0.05596    0.00266      0.10675      0.01890      0.00261      0.10897      0.01943      
76200   0.24503    0.03570    0.05588    0.00247      0.10703      0.01872      0.00259      0.10913      0.01882      
76300   0.24317    0.03574    0.05587    0.00239      0.10591      0.01827      0.00254      0.10903      0.01900      
76400   0.24446    0.03575    0.05587    0.00243      0.10684      0.01871      0.00254      0.10937      0.01927      
76500   0.24476    0.03575    0.05584    0.00237      0.10726      0.01915      0.00250      0.10958      0.01917      
76600   0.24355    0.03568    0.05577    0.00238      0.10611      0.01857      0.00260      0.10909      0.01929      
76700   0.24426    0.03564    0.05573    0.00258      0.10628      0.01846      0.00266      0.10886      0.01951      
76800   0.24459    0.03558    0.05569    0.00240      0.10703      0.01930      0.00255      0.10943      0.01991      
76900   0.24307    0.03557    0.05569    0.00241      0.10606      0.01847      0.00259      0.10927      0.01979      
77000   0.24388    0.03549    0.05564    0.00269      0.10655      0.01853      0.00275      0.10935      0.01961      
77100   0.24416    0.03546    0.05561    0.00245      0.10674      0.01879      0.00265      0.10961      0.01996      
77200   0.24293    0.03540    0.05554    0.00244      0.10584      0.01866      0.00257      0.10913      0.01998      
77300   0.24401    0.03545    0.05557    0.00250      0.10634      0.01862      0.00244      0.10879      0.01921      
77400   0.24396    0.03537    0.05547    0.00250      0.10704      0.01907      0.00262      0.10944      0.01952      
77500   0.24276    0.03538    0.05545    0.00232      0.10600      0.01877      0.00248      0.10916      0.01990      
77600   0.24379    0.03534    0.05542    0.00277      0.10605      0.01891      0.00268      0.10845      0.01959      
77700   0.24377    0.03527    0.05535    0.00240      0.10706      0.01919      0.00256      0.10909      0.01958      
77800   0.24261    0.03527    0.05534    0.00248      0.10612      0.01827      0.00269      0.10888      0.01936      
77900   0.24366    0.03529    0.05532    0.00263      0.10676      0.01861      0.00258      0.10891      0.01913      
78000   0.24364    0.03527    0.05532    0.00248      0.10712      0.01901      0.00268      0.10905      0.01932      
78100   0.24231    0.03530    0.05529    0.00241      0.10615      0.01810      0.00255      0.10878      0.01891      
78200   0.24326    0.03523    0.05521    0.00263      0.10666      0.01886      0.00260      0.10883      0.01943      
78300   0.24350    0.03525    0.05518    0.00250      0.10688      0.01886      0.00264      0.10870      0.01927      
78400   0.24215    0.03525    0.05519    0.00233      0.10625      0.01798      0.00249      0.10883      0.01887      
78500   0.24320    0.03518    0.05512    0.00260      0.10683      0.01852      0.00259      0.10900      0.01891      
78600   0.24343    0.03517    0.05513    0.00243      0.10712      0.01899      0.00255      0.10942      0.01930      
78700   0.24218    0.03510    0.05508    0.00233      0.10608      0.01855      0.00252      0.10881      0.01949      
78800   0.24301    0.03511    0.05505    0.00248      0.10726      0.01878      0.00261      0.10954      0.01972      
78900   0.24299    0.03502    0.05501    0.00244      0.10680      0.01888      0.00260      0.10862      0.01939      
79000   0.24168    0.03499    0.05498    0.00234      0.10610      0.01822      0.00251      0.10859      0.01910      
79100   0.24272    0.03490    0.05491    0.00259      0.10700      0.01899      0.00256      0.10901      0.01965      
79200   0.24295    0.03487    0.05489    0.00235      0.10688      0.01993      0.00252      0.10876      0.02014      
79300   0.24125    0.03486    0.05484    0.00231      0.10642      0.01821      0.00247      0.10908      0.01950      
79400   0.24231    0.03491    0.05487    0.00255      0.10684      0.01835      0.00256      0.10899      0.01924      
79500   0.24268    0.03490    0.05482    0.00240      0.10689      0.01898      0.00255      0.10899      0.01942      
79600   0.24124    0.03483    0.05481    0.00247      0.10603      0.01854      0.00258      0.10897      0.01958      
79700   0.24226    0.03474    0.05473    0.00259      0.10688      0.01866      0.00260      0.10904      0.01950      
79800   0.24247    0.03475    0.05474    0.00238      0.10683      0.01901      0.00251      0.10897      0.01946      
79900   0.24078    0.03468    0.05468    0.00240      0.10590      0.01827      0.00251      0.10856      0.01944      
80000   0.24186    0.03465    0.05465    0.00273      0.10650      0.01861      0.00267      0.10860      0.01941      
80100   0.24216    0.03459    0.05462    0.00240      0.10669      0.01921      0.00251      0.10858      0.01999      
80200   0.24083    0.03461    0.05462    0.00248      0.10580      0.01834      0.00254      0.10862      0.01967      
80300   0.24173    0.03459    0.05460    0.00247      0.10632      0.01864      0.00247      0.10855      0.01945      
80400   0.24185    0.03450    0.05451    0.00242      0.10699      0.01896      0.00255      0.10897      0.01983      
80500   0.24053    0.03449    0.05450    0.00236      0.10611      0.01842      0.00250      0.10883      0.01994      
80600   0.24157    0.03444    0.05446    0.00254      0.10664      0.01875      0.00252      0.10867      0.01990      
80700   0.24185    0.03439    0.05442    0.00239      0.10675      0.01991      0.00250      0.10881      0.02053      
80800   0.24035    0.03432    0.05435    0.00241      0.10565      0.01859      0.00252      0.10828      0.01983      
80900   0.24133    0.03428    0.05432    0.00259      0.10647      0.01885      0.00251      0.10837      0.01982      
81000   0.24152    0.03427    0.05428    0.00241      0.10675      0.01941      0.00251      0.10866      0.01961      
81100   0.24007    0.03428    0.05428    0.00239      0.10574      0.01858      0.00255      0.10831      0.01967      
81200   0.24097    0.03426    0.05422    0.00276      0.10599      0.01844      0.00278      0.10793      0.01946      
81300   0.24111    0.03425    0.05417    0.00237      0.10664      0.01890      0.00248      0.10834      0.01956      
81400   0.23984    0.03420    0.05412    0.00234      0.10566      0.01888      0.00249      0.10845      0.01984      
81500   0.24083    0.03420    0.05413    0.00253      0.10659      0.01873      0.00257      0.10842      0.01944      
81600   0.24099    0.03416    0.05409    0.00242      0.10653      0.01927      0.00254      0.10833      0.01961      
81700   0.23961    0.03411    0.05404    0.00234      0.10586      0.01843      0.00252      0.10843      0.01964      
81800   0.24059    0.03401    0.05397    0.00250      0.10682      0.01905      0.00247      0.10872      0.02004      
81900   0.24055    0.03402    0.05394    0.00239      0.10637      0.01920      0.00253      0.10821      0.01952      
82000   0.23931    0.03401    0.05391    0.00246      0.10501      0.01865      0.00260      0.10771      0.01992      
82100   0.24046    0.03395    0.05387    0.00254      0.10673      0.01858      0.00248      0.10877      0.01956      
82200   0.24029    0.03384    0.05379    0.00233      0.10664      0.01893      0.00251      0.10860      0.01898      
82300   0.23920    0.03384    0.05377    0.00243      0.10599      0.01838      0.00259      0.10858      0.01940      
82400   0.24015    0.03383    0.05373    0.00261      0.10646      0.01860      0.00254      0.10825      0.01947      
82500   0.24000    0.03382    0.05371    0.00237      0.10636      0.01930      0.00249      0.10827      0.01979      
82600   0.23840    0.03372    0.05365    0.00241      0.10595      0.01799      0.00249      0.10866      0.01933      
82700   0.23977    0.03367    0.05362    0.00252      0.10616      0.01884      0.00251      0.10794      0.01948      
82800   0.23972    0.03367    0.05359    0.00246      0.10611      0.01901      0.00261      0.10770      0.01961      
82900   0.23815    0.03356    0.05354    0.00235      0.10560      0.01822      0.00250      0.10808      0.01944      
83000   0.23980    0.03358    0.05354    0.00257      0.10657      0.01852      0.00249      0.10832      0.01932      
83100   0.23942    0.03362    0.05353    0.00236      0.10682      0.01880      0.00250      0.10848      0.01936      
83200   0.23818    0.03355    0.05349    0.00241      0.10552      0.01884      0.00253      0.10808      0.02010      
83300   0.23947    0.03355    0.05345    0.00250      0.10641      0.01841      0.00251      0.10819      0.01933      
83400   0.23914    0.03354    0.05343    0.00242      0.10650      0.01858      0.00251      0.10823      0.01949      
83500   0.23764    0.03349    0.05340    0.00237      0.10519      0.01842      0.00251      0.10771      0.01984      
83600   0.23936    0.03350    0.05338    0.00261      0.10653      0.01867      0.00257      0.10858      0.01963      
83700   0.23892    0.03334    0.05328    0.00248      0.10694      0.01853      0.00258      0.10893      0.01935      
83800   0.23776    0.03343    0.05330    0.00253      0.10573      0.01836      0.00261      0.10831      0.01963      
83900   0.23933    0.03333    0.05323    0.00271      0.10647      0.01880      0.00254      0.10820      0.01969      
84000   0.23865    0.03335    0.05324    0.00248      0.10645      0.01865      0.00259      0.10812      0.01969      
84100   0.23752    0.03331    0.05321    0.00241      0.10597      0.01823      0.00255      0.10850      0.01947      
84200   0.23898    0.03330    0.05317    0.00255      0.10676      0.01917      0.00257      0.10850      0.01981      
84300   0.23848    0.03327    0.05314    0.00237      0.10671      0.01865      0.00248      0.10838      0.01987      
84400   0.23737    0.03324    0.05313    0.00241      0.10562      0.01853      0.00257      0.10809      0.01978      
84500   0.23891    0.03325    0.05308    0.00258      0.10624      0.01901      0.00251      0.10825      0.02034      
84600   0.23847    0.03317    0.05303    0.00241      0.10619      0.01914      0.00252      0.10787      0.02029      
84700   0.23676    0.03318    0.05300    0.00241      0.10527      0.01807      0.00250      0.10763      0.01955      
84800   0.23811    0.03317    0.05297    0.00256      0.10633      0.01872      0.00249      0.10798      0.02000      
84900   0.23808    0.03312    0.05294    0.00250      0.10631      0.01908      0.00256      0.10773      0.01970      
85000   0.23684    0.03309    0.05291    0.00249      0.10517      0.01817      0.00257      0.10744      0.01954      
85100   0.23793    0.03302    0.05286    0.00257      0.10580      0.01862      0.00253      0.10754      0.01896      
85200   0.23788    0.03298    0.05283    0.00251      0.10630      0.01889      0.00259      0.10781      0.01930      
85300   0.23627    0.03296    0.05280    0.00231      0.10568      0.01782      0.00248      0.10804      0.01882      
85400   0.23755    0.03291    0.05276    0.00256      0.10630      0.01846      0.00247      0.10789      0.01873      
85500   0.23750    0.03292    0.05273    0.00240      0.10612      0.01871      0.00254      0.10776      0.01897      
85600   0.23625    0.03281    0.05266    0.00239      0.10553      0.01832      0.00252      0.10797      0.01932      
85700   0.23742    0.03283    0.05262    0.00251      0.10618      0.01869      0.00245      0.10780      0.01923      
85800   0.23729    0.03277    0.05259    0.00241      0.10643      0.01851      0.00251      0.10813      0.01903      
85900   0.23581    0.03272    0.05253    0.00235      0.10520      0.01793      0.00251      0.10763      0.01909      
86000   0.23714    0.03269    0.05252    0.00255      0.10600      0.01866      0.00245      0.10782      0.01927      
86100   0.23674    0.03262    0.05244    0.00249      0.10610      0.01873      0.00260      0.10788      0.01908      
86200   0.23540    0.03258    0.05239    0.00239      0.10518      0.01780      0.00253      0.10755      0.01888      
86300   0.23721    0.03265    0.05238    0.00257      0.10567      0.01891      0.00250      0.10723      0.01945      
86400   0.23672    0.03255    0.05234    0.00240      0.10635      0.01853      0.00252      0.10797      0.01887      
86500   0.23530    0.03258    0.05234    0.00232      0.10536      0.01771      0.00250      0.10758      0.01869      
86600   0.23696    0.03251    0.05229    0.00280      0.10621      0.01838      0.00276      0.10801      0.01859      
86700   0.23646    0.03241    0.05222    0.00254      0.10598      0.01859      0.00264      0.10768      0.01892      
86800   0.23520    0.03237    0.05220    0.00232      0.10551      0.01804      0.00250      0.10792      0.01888      
86900   0.23642    0.03236    0.05217    0.00257      0.10622      0.01877      0.00259      0.10793      0.01898      
87000   0.23619    0.03231    0.05214    0.00242      0.10547      0.01878      0.00254      0.10734      0.01892      
87100   0.23475    0.03225    0.05210    0.00234      0.10497      0.01807      0.00248      0.10724      0.01874      
87200   0.23624    0.03224    0.05209    0.00260      0.10592      0.01849      0.00249      0.10766      0.01859      
87300   0.23598    0.03224    0.05207    0.00249      0.10588      0.01864      0.00262      0.10770      0.01885      
87400   0.23451    0.03210    0.05200    0.00245      0.10469      0.01800      0.00263      0.10719      0.01885      
87500   0.23594    0.03212    0.05200    0.00248      0.10579      0.01860      0.00251      0.10760      0.01880      
87600   0.23563    0.03209    0.05197    0.00245      0.10567      0.01875      0.00259      0.10766      0.01897      
87700   0.23441    0.03208    0.05191    0.00231      0.10494      0.01841      0.00253      0.10739      0.01912      
87800   0.23627    0.03207    0.05191    0.00266      0.10582      0.01891      0.00258      0.10753      0.01928      
87900   0.23553    0.03202    0.05187    0.00238      0.10577      0.01842      0.00254      0.10753      0.01866      
88000   0.23416    0.03201    0.05185    0.00227      0.10532      0.01789      0.00244      0.10773      0.01868      
88100   0.23590    0.03195    0.05179    0.00253      0.10626      0.01877      0.00252      0.10782      0.01923      
88200   0.23529    0.03191    0.05177    0.00239      0.10585      0.01871      0.00252      0.10763      0.01895      
88300   0.23417    0.03194    0.05174    0.00231      0.10479      0.01884      0.00247      0.10715      0.01956      
88400   0.23587    0.03192    0.05171    0.00256      0.10598      0.01928      0.00246      0.10756      0.01983      
88500   0.23506    0.03183    0.05165    0.00236      0.10574      0.01840      0.00249      0.10752      0.01887      
88600   0.23366    0.03174    0.05158    0.00240      0.10535      0.01811      0.00258      0.10768      0.01921      
88700   0.23527    0.03174    0.05158    0.00244      0.10595      0.01838      0.00247      0.10763      0.01898      
88800   0.23493    0.03167    0.05153    0.00232      0.10615      0.01872      0.00243      0.10810      0.01923      
88900   0.23379    0.03166    0.05151    0.00228      0.10511      0.01855      0.00247      0.10749      0.01906      
89000   0.23523    0.03173    0.05154    0.00255      0.10588      0.01836      0.00257      0.10752      0.01908      
89100   0.23493    0.03171    0.05149    0.00240      0.10545      0.01878      0.00255      0.10726      0.01889      
89200   0.23353    0.03163    0.05142    0.00252      0.10479      0.01844      0.00265      0.10735      0.01921      
89300   0.23489    0.03153    0.05137    0.00254      0.10592      0.01873      0.00252      0.10766      0.01927      
89400   0.23419    0.03148    0.05131    0.00244      0.10569      0.01825      0.00260      0.10754      0.01876      
89500   0.23321    0.03151    0.05130    0.00237      0.10497      0.01808      0.00254      0.10739      0.01898      
89600   0.23442    0.03149    0.05126    0.00272      0.10554      0.01837      0.00276      0.10720      0.01906      
89700   0.23422    0.03142    0.05122    0.00240      0.10607      0.01901      0.00254      0.10793      0.01942      
89800   0.23296    0.03143    0.05120    0.00246      0.10521      0.01794      0.00264      0.10766      0.01891      
89900   0.23417    0.03137    0.05114    0.00265      0.10563      0.01888      0.00257      0.10722      0.01918      
90000   0.23396    0.03137    0.05112    0.00235      0.10586      0.01868      0.00251      0.10752      0.01913      
90100   0.23270    0.03127    0.05107    0.00240      0.10527      0.01817      0.00256      0.10751      0.01937      
90200   0.23372    0.03128    0.05104    0.00273      0.10572      0.01862      0.00263      0.10730      0.01920      
90300   0.23366    0.03126    0.05102    0.00233      0.10604      0.01851      0.00247      0.10761      0.01897      
90400   0.23272    0.03120    0.05098    0.00231      0.10527      0.01843      0.00248      0.10746      0.01904      
90500   0.23351    0.03109    0.05090    0.00250      0.10615      0.01847      0.00253      0.10778      0.01914      
90600   0.23354    0.03101    0.05082    0.00234      0.10598      0.01904      0.00253      0.10774      0.01930      
90700   0.23209    0.03099    0.05078    0.00235      0.10499      0.01869      0.00249      0.10735      0.01950      
90800   0.23315    0.03099    0.05079    0.00250      0.10574      0.01873      0.00250      0.10744      0.01922      
90900   0.23316    0.03100    0.05079    0.00234      0.10566      0.01870      0.00247      0.10737      0.01906      
91000   0.23213    0.03103    0.05079    0.00233      0.10491      0.01848      0.00245      0.10729      0.01943      
91100   0.23360    0.03101    0.05079    0.00252      0.10558      0.01904      0.00246      0.10711      0.01965      
91200   0.23327    0.03104    0.05079    0.00238      0.10566      0.01882      0.00255      0.10723      0.01921      
91300   0.23199    0.03099    0.05074    0.00242      0.10496      0.01834      0.00262      0.10729      0.01947      
91400   0.23301    0.03095    0.05069    0.00262      0.10627      0.01819      0.00271      0.10813      0.01917      
91500   0.23307    0.03085    0.05064    0.00246      0.10581      0.01863      0.00267      0.10742      0.01913      
91600   0.23141    0.03080    0.05059    0.00233      0.10503      0.01808      0.00251      0.10738      0.01906      
91700   0.23278    0.03074    0.05055    0.00253      0.10628      0.01827      0.00261      0.10787      0.01919      
91800   0.23239    0.03078    0.05054    0.00237      0.10567      0.01846      0.00258      0.10724      0.01905      
91900   0.23142    0.03077    0.05053    0.00237      0.10511      0.01803      0.00261      0.10743      0.01908      
92000   0.23263    0.03078    0.05051    0.00265      0.10544      0.01844      0.00265      0.10704      0.01876      
92100   0.23265    0.03074    0.05049    0.00233      0.10538      0.01903      0.00252      0.10712      0.01939      
92200   0.23125    0.03069    0.05046    0.00235      0.10521      0.01782      0.00252      0.10753      0.01853      
92300   0.23248    0.03065    0.05042    0.00261      0.10564      0.01825      0.00255      0.10723      0.01854      
92400   0.23243    0.03062    0.05040    0.00243      0.10597      0.01880      0.00253      0.10762      0.01906      
92500   0.23119    0.03063    0.05038    0.00233      0.10521      0.01841      0.00251      0.10746      0.01910      
92600   0.23253    0.03070    0.05041    0.00251      0.10583      0.01842      0.00246      0.10737      0.01885      
92700   0.23248    0.03068    0.05037    0.00238      0.10558      0.01855      0.00250      0.10726      0.01856      
92800   0.23095    0.03064    0.05033    0.00241      0.10506      0.01799      0.00251      0.10741      0.01872      
92900   0.23252    0.03065    0.05032    0.00244      0.10594      0.01861      0.00246      0.10752      0.01910      
93000   0.23237    0.03061    0.05028    0.00232      0.10619      0.01863      0.00250      0.10771      0.01880      
93100   0.23097    0.03063    0.05027    0.00228      0.10517      0.01781      0.00252      0.10747      0.01853      
93200   0.23212    0.03055    0.05020    0.00253      0.10599      0.01809      0.00247      0.10759      0.01845      
93300   0.23199    0.03055    0.05020    0.00233      0.10585      0.01841      0.00252      0.10736      0.01870      
93400   0.23066    0.03055    0.05021    0.00235      0.10493      0.01785      0.00255      0.10722      0.01852      
93500   0.23231    0.03061    0.05025    0.00277      0.10573      0.01840      0.00276      0.10743      0.01891      
93600   0.23207    0.03057    0.05022    0.00250      0.10571      0.01833      0.00261      0.10727      0.01873      
93700   0.23070    0.03055    0.05019    0.00253      0.10498      0.01790      0.00270      0.10732      0.01873      
93800   0.23198    0.03050    0.05014    0.00261      0.10583      0.01835      0.00256      0.10741      0.01883      
93900   0.23184    0.03048    0.05012    0.00238      0.10597      0.01849      0.00250      0.10742      0.01892      
94000   0.23050    0.03044    0.05011    0.00237      0.10502      0.01863      0.00255      0.10725      0.01947      
94100   0.23181    0.03049    0.05012    0.00248      0.10558      0.01872      0.00253      0.10731      0.01976      
94200   0.23182    0.03049    0.05009    0.00236      0.10607      0.01868      0.00255      0.10771      0.01914      
94300   0.23033    0.03049    0.05007    0.00244      0.10500      0.01813      0.00255      0.10735      0.01929      
94400   0.23147    0.03046    0.05005    0.00256      0.10563      0.01799      0.00248      0.10742      0.01856      
94500   0.23162    0.03045    0.05002    0.00245      0.10617      0.01847      0.00254      0.10772      0.01892      
94600   0.23034    0.03043    0.04999    0.00238      0.10515      0.01786      0.00256      0.10746      0.01866      
94700   0.23189    0.03039    0.04994    0.00260      0.10599      0.01860      0.00259      0.10764      0.01911      
94800   0.23155    0.03044    0.04995    0.00235      0.10570      0.01876      0.00245      0.10733      0.01907      
94900   0.23028    0.03043    0.04993    0.00244      0.10478      0.01830      0.00248      0.10714      0.01905      
95000   0.23132    0.03039    0.04989    0.00249      0.10547      0.01823      0.00251      0.10721      0.01894      
95100   0.23146    0.03037    0.04984    0.00233      0.10581      0.01897      0.00246      0.10728      0.01940      
95200   0.23005    0.03031    0.04981    0.00234      0.10501      0.01813      0.00247      0.10737      0.01887      
95300   0.23143    0.03028    0.04978    0.00261      0.10549      0.01816      0.00256      0.10746      0.01881      
95400   0.23107    0.03034    0.04980    0.00233      0.10606      0.01809      0.00250      0.10779      0.01869      
95500   0.23000    0.03036    0.04976    0.00229      0.10517      0.01787      0.00249      0.10763      0.01893      
95600   0.23141    0.03036    0.04974    0.00246      0.10589      0.01814      0.00260      0.10797      0.01876      
95700   0.23106    0.03033    0.04973    0.00239      0.10585      0.01828      0.00253      0.10777      0.01863      
95800   0.22974    0.03022    0.04967    0.00245      0.10509      0.01775      0.00260      0.10774      0.01878      
95900   0.23101    0.03031    0.04971    0.00252      0.10557      0.01850      0.00252      0.10775      0.01889      
96000   0.23116    0.03029    0.04967    0.00244      0.10575      0.01829      0.00260      0.10778      0.01897      
96100   0.22959    0.03025    0.04965    0.00240      0.10523      0.01764      0.00262      0.10779      0.01875      
96200   0.23110    0.03021    0.04961    0.00255      0.10566      0.01844      0.00252      0.10768      0.01904      
96300   0.23105    0.03019    0.04960    0.00236      0.10568      0.01835      0.00258      0.10776      0.01916      
96400   0.22961    0.03020    0.04956    0.00237      0.10513      0.01793      0.00267      0.10793      0.01963      
96500   0.23105    0.03019    0.04956    0.00245      0.10558      0.01876      0.00258      0.10767      0.01978      
96600   0.23086    0.03022    0.04956    0.00235      0.10568      0.01853      0.00252      0.10766      0.01926      
96700   0.22965    0.03021    0.04955    0.00255      0.10484      0.01781      0.00283      0.10742      0.01920      
96800   0.23096    0.03008    0.04947    0.00250      0.10608      0.01851      0.00257      0.10826      0.01943      
96900   0.23076    0.03007    0.04947    0.00237      0.10578      0.01893      0.00253      0.10791      0.01973      
97000   0.22933    0.03009    0.04945    0.00228      0.10509      0.01833      0.00252      0.10768      0.01976      
97100   0.23087    0.03003    0.04941    0.00248      0.10576      0.01894      0.00250      0.10780      0.01969      
97200   0.23038    0.03006    0.04940    0.00243      0.10559      0.01828      0.00261      0.10750      0.01911      
97300   0.22901    0.02998    0.04934    0.00235      0.10493      0.01797      0.00252      0.10756      0.01895      
97400   0.23033    0.02990    0.04929    0.00254      0.10526      0.01856      0.00256      0.10730      0.01905      
97500   0.22993    0.02993    0.04929    0.00232      0.10601      0.01841      0.00246      0.10794      0.01899      
97600   0.22875    0.02988    0.04927    0.00235      0.10483      0.01834      0.00259      0.10744      0.01942      
97700   0.22997    0.02986    0.04925    0.00253      0.10547      0.01841      0.00256      0.10736      0.01904      
97800   0.23000    0.02988    0.04926    0.00237      0.10594      0.01824      0.00252      0.10772      0.01895      
97900   0.22870    0.02989    0.04924    0.00223      0.10520      0.01770      0.00240      0.10786      0.01905      
98000   0.22986    0.02985    0.04921    0.00256      0.10548      0.01865      0.00251      0.10725      0.01923      
98100   0.22971    0.02986    0.04921    0.00240      0.10552      0.01839      0.00257      0.10751      0.01937      
98200   0.22849    0.02983    0.04920    0.00243      0.10478      0.01765      0.00264      0.10719      0.01879      
98300   0.22991    0.02976    0.04914    0.00247      0.10559      0.01839      0.00247      0.10738      0.01908      
98400   0.22964    0.02978    0.04913    0.00233      0.10584      0.01852      0.00249      0.10755      0.01925      
98500   0.22810    0.02975    0.04910    0.00228      0.10482      0.01774      0.00253      0.10718      0.01918      
98600   0.22962    0.02969    0.04906    0.00255      0.10568      0.01880      0.00259      0.10748      0.01947      
98700   0.22925    0.02968    0.04903    0.00233      0.10561      0.01805      0.00246      0.10722      0.01886      
98800   0.22823    0.02966    0.04902    0.00230      0.10499      0.01804      0.00253      0.10746      0.01911      
98900   0.22932    0.02955    0.04893    0.00248      0.10559      0.01810      0.00248      0.10737      0.01849      
99000   0.22910    0.02957    0.04891    0.00234      0.10589      0.01799      0.00248      0.10771      0.01874      
99100   0.22781    0.02954    0.04889    0.00229      0.10491      0.01772      0.00243      0.10727      0.01856      
99200   0.22888    0.02951    0.04886    0.00251      0.10570      0.01816      0.00248      0.10768      0.01851      
99300   0.22887    0.02948    0.04883    0.00231      0.10628      0.01781      0.00248      0.10811      0.01830      
99400   0.22746    0.02937    0.04879    0.00231      0.10503      0.01747      0.00253      0.10780      0.01858      
99500   0.22881    0.02930    0.04873    0.00261      0.10574      0.01836      0.00252      0.10786      0.01867      
99600   0.22843    0.02928    0.04872    0.00231      0.10580      0.01795      0.00251      0.10792      0.01901      
99700   0.22752    0.02930    0.04871    0.00234      0.10481      0.01770      0.00258      0.10742      0.01863      
99800   0.22849    0.02929    0.04869    0.00244      0.10555      0.01866      0.00247      0.10769      0.01903      
99900   0.22840    0.02921    0.04864    0.00232      0.10630      0.01785      0.00250      0.10845      0.01884      
100000  0.22709    0.02916    0.04859    0.00222      0.10569      0.01741      0.00246      0.10828      0.01835      
100100  0.22817    0.02910    0.04856    0.00256      0.10579      0.01798      0.00257      0.10794      0.01855      
100200  0.22810    0.02908    0.04852    0.00242      0.10588      0.01784      0.00260      0.10780      0.01871      
100300  0.22701    0.02910    0.04851    0.00229      0.10514      0.01751      0.00254      0.10796      0.01911      
100400  0.22818    0.02906    0.04850    0.00256      0.10526      0.01837      0.00260      0.10749      0.01939      
100500  0.22818    0.02909    0.04853    0.00246      0.10587      0.01813      0.00258      0.10777      0.01886      
100600  0.22687    0.02903    0.04849    0.00235      0.10522      0.01761      0.00256      0.10791      0.01865      
100700  0.22801    0.02897    0.04844    0.00252      0.10547      0.01832      0.00249      0.10746      0.01852      
100800  0.22773    0.02891    0.04840    0.00239      0.10552      0.01788      0.00253      0.10726      0.01830      
100900  0.22660    0.02889    0.04838    0.00240      0.10472      0.01791      0.00252      0.10713      0.01874      
101000  0.22789    0.02884    0.04835    0.00252      0.10573      0.01832      0.00247      0.10760      0.01873      
101100  0.22783    0.02887    0.04834    0.00234      0.10585      0.01841      0.00247      0.10769      0.01884      
101200  0.22644    0.02888    0.04832    0.00235      0.10498      0.01750      0.00254      0.10748      0.01853      
101300  0.22783    0.02885    0.04831    0.00248      0.10592      0.01813      0.00250      0.10784      0.01850      
101400  0.22798    0.02888    0.04831    0.00246      0.10612      0.01829      0.00259      0.10778      0.01853      
101500  0.22646    0.02884    0.04830    0.00231      0.10537      0.01775      0.00253      0.10769      0.01850      
101600  0.22790    0.02883    0.04827    0.00261      0.10586      0.01830      0.00260      0.10776      0.01843      
101700  0.22770    0.02878    0.04825    0.00237      0.10569      0.01840      0.00251      0.10741      0.01865      
101800  0.22614    0.02881    0.04827    0.00232      0.10479      0.01757      0.00253      0.10719      0.01840      
101900  0.22769    0.02877    0.04822    0.00254      0.10579      0.01831      0.00250      0.10774      0.01839      
102000  0.22758    0.02872    0.04818    0.00240      0.10612      0.01800      0.00255      0.10772      0.01828      
102100  0.22621    0.02872    0.04817    0.00236      0.10502      0.01771      0.00258      0.10769      0.01878      
102200  0.22759    0.02870    0.04815    0.00258      0.10546      0.01834      0.00262      0.10751      0.01864      
102300  0.22735    0.02871    0.04813    0.00242      0.10609      0.01804      0.00263      0.10789      0.01887      
102400  0.22598    0.02862    0.04808    0.00227      0.10518      0.01768      0.00250      0.10761      0.01863      
102500  0.22761    0.02857    0.04805    0.00248      0.10595      0.01835      0.00252      0.10781      0.01855      
102600  0.22696    0.02858    0.04805    0.00234      0.10579      0.01820      0.00245      0.10759      0.01884      
102700  0.22576    0.02861    0.04805    0.00223      0.10551      0.01757      0.00246      0.10800      0.01881      
102800  0.22708    0.02861    0.04802    0.00250      0.10591      0.01824      0.00252      0.10797      0.01858      
102900  0.22697    0.02859    0.04800    0.00236      0.10593      0.01791      0.00253      0.10790      0.01859      
103000  0.22553    0.02860    0.04798    0.00229      0.10521      0.01723      0.00252      0.10766      0.01824      
103100  0.22720    0.02852    0.04793    0.00255      0.10570      0.01865      0.00258      0.10780      0.01873      
103200  0.22688    0.02853    0.04791    0.00230      0.10583      0.01816      0.00246      0.10769      0.01851      
103300  0.22563    0.02861    0.04794    0.00224      0.10509      0.01780      0.00245      0.10767      0.01862      
103400  0.22699    0.02852    0.04788    0.00248      0.10571      0.01804      0.00249      0.10784      0.01837      
103500  0.22664    0.02841    0.04782    0.00233      0.10533      0.01821      0.00251      0.10740      0.01868      
103600  0.22549    0.02842    0.04781    0.00232      0.10477      0.01806      0.00253      0.10745      0.01898      
103700  0.22684    0.02838    0.04778    0.00253      0.10521      0.01865      0.00257      0.10724      0.01879      
103800  0.22648    0.02837    0.04777    0.00234      0.10528      0.01841      0.00248      0.10734      0.01864      
103900  0.22545    0.02837    0.04775    0.00245      0.10507      0.01777      0.00260      0.10765      0.01878      
104000  0.22660    0.02831    0.04770    0.00255      0.10536      0.01856      0.00258      0.10746      0.01861      
104100  0.22635    0.02829    0.04769    0.00235      0.10589      0.01807      0.00250      0.10789      0.01853      
104200  0.22526    0.02829    0.04769    0.00231      0.10498      0.01821      0.00254      0.10742      0.01922      
104300  0.22652    0.02830    0.04770    0.00243      0.10545      0.01835      0.00253      0.10761      0.01908      
104400  0.22618    0.02833    0.04770    0.00233      0.10528      0.01832      0.00250      0.10714      0.01892      
104500  0.22513    0.02829    0.04768    0.00233      0.10507      0.01771      0.00257      0.10743      0.01871      
104600  0.22670    0.02830    0.04767    0.00250      0.10551      0.01832      0.00256      0.10737      0.01868      
104700  0.22618    0.02824    0.04764    0.00236      0.10592      0.01821      0.00248      0.10790      0.01854      
104800  0.22484    0.02823    0.04763    0.00238      0.10508      0.01742      0.00259      0.10758      0.01835      
104900  0.22631    0.02815    0.04756    0.00251      0.10551      0.01857      0.00251      0.10760      0.01870      
105000  0.22600    0.02823    0.04758    0.00242      0.10556      0.01830      0.00260      0.10747      0.01852      
105100  0.22483    0.02811    0.04751    0.00240      0.10499      0.01771      0.00262      0.10737      0.01840      
105200  0.22635    0.02819    0.04755    0.00249      0.10594      0.01828      0.00250      0.10791      0.01826      
105300  0.22604    0.02819    0.04753    0.00228      0.10623      0.01792      0.00245      0.10804      0.01821      
105400  0.22466    0.02810    0.04748    0.00229      0.10536      0.01759      0.00249      0.10769      0.01827      
105500  0.22609    0.02820    0.04751    0.00256      0.10550      0.01833      0.00254      0.10734      0.01834      
105600  0.22609    0.02818    0.04749    0.00236      0.10568      0.01849      0.00257      0.10754      0.01868      
105700  0.22479    0.02815    0.04746    0.00245      0.10514      0.01786      0.00269      0.10750      0.01909      
105800  0.22618    0.02813    0.04744    0.00257      0.10536      0.01851      0.00268      0.10738      0.01920      
105900  0.22581    0.02809    0.04740    0.00231      0.10538      0.01856      0.00250      0.10715      0.01875      
106000  0.22458    0.02807    0.04739    0.00234      0.10497      0.01781      0.00256      0.10758      0.01913      
106100  0.22602    0.02807    0.04738    0.00241      0.10563      0.01853      0.00255      0.10764      0.01893      
106200  0.22557    0.02803    0.04737    0.00237      0.10535      0.01818      0.00255      0.10730      0.01851      
106300  0.22445    0.02803    0.04733    0.00239      0.10526      0.01778      0.00263      0.10772      0.01881      
106400  0.22589    0.02803    0.04734    0.00254      0.10542      0.01817      0.00251      0.10737      0.01862      
106500  0.22554    0.02794    0.04728    0.00240      0.10594      0.01824      0.00263      0.10782      0.01868      
106600  0.22434    0.02792    0.04726    0.00234      0.10503      0.01786      0.00258      0.10747      0.01860      
106700  0.22579    0.02794    0.04726    0.00254      0.10568      0.01806      0.00262      0.10763      0.01859      
106800  0.22533    0.02797    0.04725    0.00235      0.10605      0.01789      0.00253      0.10802      0.01817      
106900  0.22446    0.02797    0.04723    0.00235      0.10478      0.01789      0.00256      0.10737      0.01859      
107000  0.22559    0.02798    0.04722    0.00242      0.10566      0.01843      0.00246      0.10767      0.01877      
107100  0.22557    0.02801    0.04722    0.00230      0.10609      0.01811      0.00251      0.10810      0.01879      
107200  0.22422    0.02794    0.04719    0.00228      0.10523      0.01776      0.00254      0.10801      0.01891      
107300  0.22533    0.02795    0.04718    0.00248      0.10564      0.01837      0.00254      0.10782      0.01913      
107400  0.22517    0.02795    0.04718    0.00239      0.10573      0.01806      0.00261      0.10785      0.01901      
107500  0.22398    0.02794    0.04717    0.00227      0.10503      0.01779      0.00258      0.10774      0.01887      
107600  0.22545    0.02797    0.04717    0.00251      0.10547      0.01821      0.00254      0.10776      0.01869      
107700  0.22505    0.02796    0.04716    0.00226      0.10560      0.01834      0.00247      0.10749      0.01856      
107800  0.22373    0.02786    0.04710    0.00232      0.10501      0.01782      0.00255      0.10754      0.01873      
107900  0.22514    0.02784    0.04707    0.00250      0.10562      0.01811      0.00259      0.10799      0.01906      
108000  0.22488    0.02780    0.04704    0.00231      0.10538      0.01820      0.00256      0.10763      0.01903      
108100  0.22364    0.02782    0.04703    0.00236      0.10520      0.01730      0.00263      0.10775      0.01853      
108200  0.22475    0.02778    0.04702    0.00246      0.10535      0.01788      0.00249      0.10753      0.01852      
108300  0.22476    0.02776    0.04700    0.00229      0.10577      0.01839      0.00247      0.10800      0.01902      
108400  0.22343    0.02774    0.04698    0.00230      0.10499      0.01768      0.00251      0.10757      0.01888      
108500  0.22473    0.02776    0.04700    0.00242      0.10571      0.01789      0.00247      0.10804      0.01879      
108600  0.22453    0.02773    0.04700    0.00232      0.10596      0.01788      0.00247      0.10812      0.01874      
108700  0.22341    0.02781    0.04702    0.00231      0.10494      0.01739      0.00253      0.10772      0.01875      
108800  0.22485    0.02780    0.04701    0.00252      0.10543      0.01789      0.00248      0.10782      0.01851      
108900  0.22462    0.02781    0.04700    0.00243      0.10575      0.01804      0.00261      0.10792      0.01912      
109000  0.22343    0.02779    0.04698    0.00224      0.10497      0.01734      0.00246      0.10765      0.01866      
109100  0.22468    0.02775    0.04694    0.00254      0.10550      0.01811      0.00254      0.10781      0.01883      
109200  0.22458    0.02783    0.04697    0.00240      0.10565      0.01777      0.00261      0.10819      0.01892      
109300  0.22355    0.02778    0.04694    0.00240      0.10507      0.01737      0.00264      0.10797      0.01904      
109400  0.22484    0.02774    0.04691    0.00251      0.10589      0.01795      0.00251      0.10837      0.01859      
109500  0.22449    0.02774    0.04690    0.00237      0.10557      0.01815      0.00262      0.10793      0.01897      
109600  0.22350    0.02775    0.04688    0.00237      0.10526      0.01761      0.00253      0.10799      0.01875      
109700  0.22459    0.02772    0.04686    0.00246      0.10544      0.01796      0.00259      0.10804      0.01872      
109800  0.22423    0.02774    0.04684    0.00235      0.10562      0.01848      0.00248      0.10818      0.01903      
109900  0.22343    0.02776    0.04683    0.00228      0.10538      0.01747      0.00250      0.10813      0.01870      
110000  0.22453    0.02783    0.04685    0.00244      0.10577      0.01792      0.00253      0.10824      0.01885      
110100  0.22417    0.02778    0.04684    0.00241      0.10583      0.01766      0.00261      0.10821      0.01863      
110200  0.22348    0.02780    0.04684    0.00240      0.10538      0.01709      0.00256      0.10825      0.01816      
110300  0.22453    0.02779    0.04683    0.00241      0.10607      0.01755      0.00250      0.10868      0.01846      
110400  0.22430    0.02785    0.04684    0.00249      0.10581      0.01773      0.00262      0.10826      0.01831      
110500  0.22357    0.02780    0.04680    0.00237      0.10550      0.01737      0.00255      0.10822      0.01806      
110600  0.22451    0.02778    0.04679    0.00251      0.10598      0.01791      0.00252      0.10833      0.01853      
110700  0.22401    0.02776    0.04677    0.00230      0.10563      0.01779      0.00245      0.10787      0.01827      
110800  0.22326    0.02773    0.04675    0.00232      0.10523      0.01735      0.00246      0.10783      0.01791      
110900  0.22446    0.02773    0.04676    0.00259      0.10589      0.01771      0.00254      0.10802      0.01802      
111000  0.22401    0.02773    0.04675    0.00232      0.10587      0.01810      0.00244      0.10788      0.01842      
111100  0.22331    0.02771    0.04673    0.00232      0.10482      0.01765      0.00245      0.10726      0.01857      
111200  0.22434    0.02771    0.04673    0.00248      0.10537      0.01775      0.00247      0.10760      0.01832      
111300  0.22385    0.02768    0.04670    0.00234      0.10594      0.01793      0.00247      0.10810      0.01868      
111400  0.22310    0.02766    0.04668    0.00226      0.10542      0.01755      0.00250      0.10810      0.01871      
111500  0.22395    0.02760    0.04666    0.00247      0.10538      0.01789      0.00248      0.10768      0.01847      
111600  0.22381    0.02758    0.04663    0.00246      0.10567      0.01780      0.00258      0.10781      0.01810      
111700  0.22294    0.02757    0.04663    0.00235      0.10509      0.01758      0.00259      0.10764      0.01838      
111800  0.22416    0.02756    0.04663    0.00248      0.10552      0.01821      0.00248      0.10767      0.01860      
111900  0.22371    0.02756    0.04662    0.00236      0.10568      0.01799      0.00254      0.10798      0.01859      
112000  0.22290    0.02756    0.04661    0.00232      0.10491      0.01761      0.00249      0.10750      0.01863      
112100  0.22399    0.02753    0.04659    0.00251      0.10561      0.01799      0.00248      0.10770      0.01845      
112200  0.22352    0.02753    0.04656    0.00228      0.10535      0.01785      0.00242      0.10748      0.01821      
112300  0.22246    0.02753    0.04657    0.00224      0.10506      0.01719      0.00245      0.10764      0.01797      
112400  0.22361    0.02751    0.04655    0.00247      0.10557      0.01798      0.00251      0.10783      0.01853      
112500  0.22341    0.02750    0.04653    0.00245      0.10507      0.01778      0.00263      0.10722      0.01832      
112600  0.22237    0.02745    0.04650    0.00226      0.10475      0.01740      0.00246      0.10718      0.01815      
112700  0.22372    0.02749    0.04650    0.00264      0.10538      0.01792      0.00265      0.10745      0.01845      
112800  0.22338    0.02746    0.04648    0.00231      0.10549      0.01774      0.00254      0.10761      0.01844      
112900  0.22245    0.02746    0.04649    0.00228      0.10481      0.01720      0.00252      0.10748      0.01839      
113000  0.22343    0.02746    0.04647    0.00252      0.10539      0.01763      0.00252      0.10768      0.01821      
113100  0.22318    0.02742    0.04645    0.00234      0.10560      0.01777      0.00246      0.10772      0.01786      
113200  0.22209    0.02740    0.04644    0.00232      0.10508      0.01694      0.00255      0.10765      0.01777      
113300  0.22348    0.02736    0.04642    0.00252      0.10587      0.01752      0.00253      0.10823      0.01800      
113400  0.22342    0.02737    0.04642    0.00243      0.10562      0.01770      0.00261      0.10792      0.01815      
113500  0.22207    0.02738    0.04642    0.00227      0.10515      0.01699      0.00248      0.10785      0.01805      
113600  0.22349    0.02740    0.04641    0.00258      0.10569      0.01750      0.00255      0.10801      0.01812      
113700  0.22299    0.02737    0.04640    0.00234      0.10563      0.01758      0.00246      0.10787      0.01815      
113800  0.22218    0.02738    0.04638    0.00226      0.10521      0.01721      0.00246      0.10782      0.01794      
113900  0.22342    0.02733    0.04636    0.00248      0.10532      0.01761      0.00250      0.10738      0.01803      
114000  0.22302    0.02735    0.04634    0.00232      0.10534      0.01784      0.00245      0.10742      0.01798      
114100  0.22206    0.02735    0.04633    0.00242      0.10486      0.01712      0.00269      0.10734      0.01814      
114200  0.22331    0.02733    0.04632    0.00247      0.10552      0.01772      0.00244      0.10754      0.01804      
114300  0.22300    0.02731    0.04630    0.00244      0.10516      0.01795      0.00260      0.10718      0.01830      
114400  0.22210    0.02733    0.04632    0.00231      0.10539      0.01738      0.00248      0.10789      0.01850      
114500  0.22351    0.02730    0.04629    0.00255      0.10546      0.01799      0.00251      0.10777      0.01845      
114600  0.22270    0.02726    0.04628    0.00238      0.10528      0.01752      0.00259      0.10775      0.01856      
114700  0.22177    0.02717    0.04624    0.00233      0.10496      0.01727      0.00254      0.10771      0.01840      
114800  0.22304    0.02720    0.04623    0.00248      0.10555      0.01769      0.00262      0.10805      0.01899      
114900  0.22273    0.02717    0.04620    0.00234      0.10532      0.01775      0.00254      0.10772      0.01849      
115000  0.22196    0.02721    0.04619    0.00230      0.10482      0.01784      0.00255      0.10788      0.01896      
115100  0.22293    0.02715    0.04617    0.00245      0.10552      0.01790      0.00252      0.10780      0.01890      
115200  0.22261    0.02715    0.04617    0.00232      0.10524      0.01828      0.00248      0.10737      0.01863      
115300  0.22158    0.02713    0.04612    0.00234      0.10493      0.01719      0.00251      0.10761      0.01827      
115400  0.22299    0.02712    0.04610    0.00252      0.10544      0.01796      0.00245      0.10764      0.01846      
115500  0.22240    0.02709    0.04608    0.00231      0.10535      0.01801      0.00239      0.10769      0.01816      
115600  0.22142    0.02709    0.04607    0.00238      0.10505      0.01711      0.00260      0.10774      0.01804      
115700  0.22293    0.02713    0.04608    0.00249      0.10525      0.01794      0.00257      0.10738      0.01856      
115800  0.22249    0.02712    0.04607    0.00232      0.10533      0.01794      0.00246      0.10770      0.01836      
115900  0.22138    0.02711    0.04606    0.00228      0.10500      0.01716      0.00248      0.10783      0.01831      
116000  0.22274    0.02712    0.04606    0.00263      0.10539      0.01767      0.00269      0.10778      0.01840      
116100  0.22243    0.02711    0.04603    0.00228      0.10520      0.01826      0.00246      0.10739      0.01860      
116200  0.22127    0.02706    0.04600    0.00237      0.10461      0.01728      0.00262      0.10745      0.01845      
116300  0.22258    0.02704    0.04599    0.00252      0.10537      0.01748      0.00259      0.10815      0.01854      
116400  0.22218    0.02704    0.04597    0.00232      0.10549      0.01788      0.00251      0.10791      0.01860      
116500  0.22102    0.02699    0.04594    0.00227      0.10498      0.01709      0.00241      0.10791      0.01830      
116600  0.22253    0.02698    0.04594    0.00248      0.10567      0.01778      0.00243      0.10797      0.01816      
116700  0.22220    0.02700    0.04593    0.00231      0.10547      0.01790      0.00244      0.10780      0.01839      
116800  0.22091    0.02694    0.04590    0.00231      0.10441      0.01732      0.00254      0.10746      0.01836      
116900  0.22229    0.02688    0.04588    0.00247      0.10550      0.01800      0.00247      0.10813      0.01902      
117000  0.22190    0.02685    0.04585    0.00238      0.10568      0.01775      0.00258      0.10826      0.01858      
117100  0.22106    0.02686    0.04584    0.00232      0.10480      0.01733      0.00257      0.10785      0.01847      
117200  0.22220    0.02684    0.04583    0.00247      0.10558      0.01759      0.00250      0.10816      0.01832      
117300  0.22186    0.02685    0.04582    0.00238      0.10571      0.01794      0.00251      0.10820      0.01850      
117400  0.22059    0.02682    0.04577    0.00225      0.10467      0.01731      0.00247      0.10756      0.01833      
117500  0.22194    0.02680    0.04577    0.00240      0.10554      0.01773      0.00244      0.10777      0.01809      
117600  0.22163    0.02679    0.04576    0.00230      0.10524      0.01779      0.00241      0.10754      0.01820      
117700  0.22049    0.02677    0.04573    0.00224      0.10484      0.01724      0.00242      0.10759      0.01825      
117800  0.22185    0.02676    0.04573    0.00249      0.10549      0.01758      0.00258      0.10771      0.01849      
117900  0.22172    0.02674    0.04571    0.00233      0.10505      0.01781      0.00248      0.10728      0.01807      
118000  0.22064    0.02669    0.04569    0.00219      0.10469      0.01738      0.00240      0.10734      0.01829      
118100  0.22195    0.02673    0.04570    0.00248      0.10555      0.01770      0.00254      0.10780      0.01811      
118200  0.22141    0.02668    0.04567    0.00228      0.10544      0.01780      0.00240      0.10754      0.01802      
118300  0.22039    0.02669    0.04566    0.00225      0.10486      0.01731      0.00243      0.10740      0.01817      
118400  0.22193    0.02670    0.04563    0.00246      0.10548      0.01785      0.00241      0.10740      0.01829      
118500  0.22147    0.02666    0.04561    0.00237      0.10550      0.01784      0.00252      0.10742      0.01824      
118600  0.22036    0.02670    0.04562    0.00224      0.10490      0.01713      0.00246      0.10731      0.01818      
118700  0.22179    0.02670    0.04562    0.00242      0.10503      0.01811      0.00244      0.10691      0.01833      
118800  0.22136    0.02671    0.04562    0.00237      0.10514      0.01786      0.00249      0.10697      0.01809      
118900  0.22018    0.02668    0.04559    0.00224      0.10492      0.01725      0.00244      0.10734      0.01845      
119000  0.22150    0.02669    0.04559    0.00238      0.10528      0.01776      0.00243      0.10730      0.01830      
119100  0.22130    0.02669    0.04558    0.00232      0.10490      0.01793      0.00249      0.10679      0.01846      
119200  0.22004    0.02665    0.04554    0.00228      0.10474      0.01707      0.00248      0.10728      0.01828      
119300  0.22159    0.02670    0.04556    0.00246      0.10533      0.01791      0.00245      0.10729      0.01833      
119400  0.22149    0.02668    0.04554    0.00233      0.10527      0.01834      0.00252      0.10726      0.01847      
119500  0.22008    0.02666    0.04553    0.00229      0.10466      0.01738      0.00253      0.10709      0.01834      
119600  0.22148    0.02665    0.04552    0.00241      0.10547      0.01771      0.00243      0.10751      0.01813      
119700  0.22115    0.02661    0.04549    0.00231      0.10534      0.01804      0.00251      0.10751      0.01858      
119800  0.21984    0.02653    0.04545    0.00227      0.10485      0.01713      0.00244      0.10731      0.01835      
119900  0.22122    0.02652    0.04542    0.00244      0.10527      0.01778      0.00247      0.10724      0.01810      
120000  0.22094    0.02647    0.04540    0.00234      0.10530      0.01775      0.00251      0.10725      0.01830      
120100  0.21961    0.02641    0.04537    0.00224      0.10504      0.01711      0.00245      0.10756      0.01814      
120200  0.22097    0.02636    0.04534    0.00244      0.10538      0.01790      0.00252      0.10749      0.01843      
120300  0.22080    0.02639    0.04536    0.00230      0.10503      0.01775      0.00249      0.10700      0.01811      
120400  0.21956    0.02635    0.04534    0.00229      0.10463      0.01729      0.00253      0.10708      0.01859      
120500  0.22088    0.02632    0.04532    0.00242      0.10499      0.01784      0.00253      0.10693      0.01834      
120600  0.22073    0.02633    0.04531    0.00230      0.10503      0.01819      0.00249      0.10695      0.01872      
120700  0.21945    0.02619    0.04526    0.00223      0.10478      0.01717      0.00246      0.10740      0.01810      
120800  0.22075    0.02616    0.04523    0.00253      0.10513      0.01790      0.00268      0.10732      0.01853      
120900  0.22050    0.02624    0.04525    0.00234      0.10531      0.01783      0.00251      0.10733      0.01827      
121000  0.21912    0.02618    0.04522    0.00231      0.10430      0.01726      0.00251      0.10684      0.01805      
121100  0.22070    0.02619    0.04523    0.00237      0.10527      0.01776      0.00247      0.10745      0.01834      
121200  0.22011    0.02620    0.04523    0.00231      0.10505      0.01768      0.00248      0.10706      0.01809      
121300  0.21911    0.02624    0.04523    0.00228      0.10458      0.01722      0.00254      0.10719      0.01840      
121400  0.22059    0.02615    0.04519    0.00255      0.10471      0.01767      0.00267      0.10679      0.01855      
121500  0.21993    0.02614    0.04518    0.00232      0.10536      0.01764      0.00248      0.10731      0.01818      
121600  0.21907    0.02618    0.04517    0.00228      0.10470      0.01714      0.00249      0.10719      0.01840      
121700  0.22054    0.02615    0.04515    0.00240      0.10488      0.01767      0.00247      0.10697      0.01848      
121800  0.21988    0.02609    0.04511    0.00232      0.10521      0.01765      0.00253      0.10739      0.01855      
121900  0.21857    0.02605    0.04509    0.00224      0.10447      0.01712      0.00245      0.10710      0.01844      
122000  0.22043    0.02605    0.04507    0.00238      0.10546      0.01759      0.00243      0.10755      0.01805      
122100  0.21975    0.02604    0.04505    0.00231      0.10524      0.01737      0.00250      0.10725      0.01827      
122200  0.21853    0.02599    0.04502    0.00224      0.10469      0.01713      0.00245      0.10717      0.01815      
122300  0.22020    0.02595    0.04499    0.00238      0.10531      0.01772      0.00245      0.10740      0.01822      
122400  0.21953    0.02587    0.04496    0.00229      0.10495      0.01776      0.00257      0.10693      0.01864      
122500  0.21852    0.02593    0.04498    0.00228      0.10459      0.01717      0.00252      0.10722      0.01857      
122600  0.22025    0.02595    0.04497    0.00240      0.10505      0.01785      0.00258      0.10727      0.01880      
122700  0.21956    0.02591    0.04494    0.00232      0.10508      0.01795      0.00255      0.10711      0.01861      
122800  0.21845    0.02585    0.04490    0.00229      0.10475      0.01699      0.00251      0.10723      0.01795      
122900  0.22005    0.02579    0.04488    0.00238      0.10515      0.01784      0.00247      0.10719      0.01827      
123000  0.21958    0.02586    0.04489    0.00234      0.10474      0.01777      0.00249      0.10664      0.01808      
123100  0.21843    0.02585    0.04485    0.00240      0.10471      0.01685      0.00259      0.10726      0.01793      
123200  0.21989    0.02582    0.04483    0.00245      0.10496      0.01767      0.00244      0.10703      0.01790      
123300  0.21929    0.02580    0.04482    0.00235      0.10513      0.01752      0.00248      0.10718      0.01793      
123400  0.21829    0.02578    0.04480    0.00230      0.10435      0.01727      0.00247      0.10692      0.01835      
123500  0.21989    0.02578    0.04479    0.00245      0.10501      0.01753      0.00246      0.10726      0.01801      
123600  0.21954    0.02583    0.04480    0.00231      0.10516      0.01766      0.00248      0.10730      0.01805      
123700  0.21836    0.02584    0.04480    0.00230      0.10468      0.01690      0.00248      0.10724      0.01807      
123800  0.21982    0.02583    0.04478    0.00241      0.10466      0.01753      0.00250      0.10680      0.01818      
123900  0.21937    0.02583    0.04477    0.00229      0.10508      0.01752      0.00244      0.10713      0.01808      
124000  0.21831    0.02581    0.04476    0.00236      0.10497      0.01703      0.00260      0.10751      0.01816      
124100  0.21990    0.02582    0.04475    0.00251      0.10530      0.01739      0.00259      0.10746      0.01813      
124200  0.21964    0.02583    0.04474    0.00241      0.10520      0.01760      0.00269      0.10714      0.01861      
124300  0.21822    0.02582    0.04473    0.00230      0.10446      0.01712      0.00251      0.10698      0.01833      
124400  0.21960    0.02578    0.04473    0.00245      0.10498      0.01752      0.00250      0.10717      0.01845      
124500  0.21937    0.02575    0.04470    0.00235      0.10511      0.01761      0.00248      0.10709      0.01812      
124600  0.21801    0.02570    0.04468    0.00234      0.10437      0.01701      0.00255      0.10688      0.01806      
124700  0.21989    0.02571    0.04469    0.00245      0.10487      0.01785      0.00243      0.10698      0.01826      
124800  0.21934    0.02567    0.04466    0.00229      0.10511      0.01822      0.00245      0.10731      0.01860      
124900  0.21791    0.02568    0.04466    0.00226      0.10465      0.01700      0.00244      0.10738      0.01823      
125000  0.21965    0.02570    0.04466    0.00244      0.10525      0.01774      0.00246      0.10733      0.01804      
125100  0.21929    0.02567    0.04465    0.00233      0.10506      0.01755      0.00248      0.10715      0.01815      
125200  0.21789    0.02566    0.04465    0.00225      0.10457      0.01709      0.00242      0.10717      0.01830      
125300  0.21957    0.02567    0.04464    0.00249      0.10514      0.01765      0.00253      0.10715      0.01818      
125400  0.21920    0.02566    0.04464    0.00223      0.10527      0.01783      0.00241      0.10717      0.01815      
125500  0.21806    0.02563    0.04462    0.00223      0.10470      0.01732      0.00242      0.10710      0.01813      
125600  0.21953    0.02569    0.04463    0.00251      0.10474      0.01783      0.00253      0.10670      0.01810      
125700  0.21912    0.02573    0.04463    0.00230      0.10517      0.01753      0.00249      0.10703      0.01806      
125800  0.21784    0.02566    0.04458    0.00227      0.10473      0.01703      0.00245      0.10711      0.01819      
125900  0.21936    0.02558    0.04454    0.00239      0.10495      0.01780      0.00241      0.10680      0.01824      
126000  0.21885    0.02560    0.04454    0.00239      0.10500      0.01770      0.00255      0.10680      0.01840      
126100  0.21770    0.02552    0.04449    0.00228      0.10456      0.01714      0.00247      0.10696      0.01847      
126200  0.21929    0.02548    0.04447    0.00242      0.10524      0.01790      0.00248      0.10716      0.01823      
126300  0.21879    0.02550    0.04445    0.00235      0.10521      0.01750      0.00249      0.10695      0.01803      
126400  0.21753    0.02548    0.04443    0.00230      0.10430      0.01690      0.00244      0.10676      0.01815      
126500  0.21907    0.02545    0.04441    0.00244      0.10487      0.01778      0.00249      0.10674      0.01831      
126600  0.21867    0.02543    0.04439    0.00229      0.10482      0.01747      0.00245      0.10672      0.01821      
126700  0.21727    0.02540    0.04437    0.00229      0.10415      0.01687      0.00245      0.10660      0.01818      
126800  0.21878    0.02539    0.04437    0.00252      0.10463      0.01756      0.00253      0.10664      0.01824      
126900  0.21855    0.02535    0.04435    0.00233      0.10514      0.01752      0.00247      0.10702      0.01828      
127000  0.21720    0.02539    0.04435    0.00235      0.10423      0.01691      0.00248      0.10669      0.01815      
127100  0.21901    0.02542    0.04436    0.00255      0.10470      0.01792      0.00259      0.10669      0.01832      
127200  0.21865    0.02541    0.04435    0.00235      0.10519      0.01741      0.00248      0.10714      0.01812      
127300  0.21723    0.02540    0.04434    0.00229      0.10468      0.01728      0.00250      0.10720      0.01847      
127400  0.21876    0.02536    0.04431    0.00244      0.10511      0.01746      0.00247      0.10725      0.01821      
127500  0.21847    0.02535    0.04429    0.00230      0.10529      0.01780      0.00245      0.10722      0.01840      
127600  0.21713    0.02533    0.04430    0.00229      0.10434      0.01748      0.00246      0.10682      0.01840      
127700  0.21877    0.02530    0.04429    0.00239      0.10494      0.01787      0.00244      0.10702      0.01857      
127800  0.21839    0.02527    0.04426    0.00228      0.10524      0.01797      0.00243      0.10732      0.01839      
127900  0.21709    0.02521    0.04422    0.00229      0.10485      0.01723      0.00248      0.10746      0.01844      
128000  0.21879    0.02523    0.04421    0.00248      0.10522      0.01802      0.00246      0.10731      0.01851      
128100  0.21837    0.02523    0.04421    0.00227      0.10522      0.01764      0.00242      0.10723      0.01831      
128200  0.21703    0.02523    0.04419    0.00232      0.10466      0.01710      0.00255      0.10724      0.01850      
128300  0.21865    0.02516    0.04416    0.00243      0.10533      0.01746      0.00249      0.10741      0.01824      
128400  0.21824    0.02514    0.04414    0.00227      0.10540      0.01728      0.00249      0.10734      0.01817      
128500  0.21689    0.02514    0.04413    0.00231      0.10479      0.01695      0.00250      0.10738      0.01802      
128600  0.21838    0.02515    0.04410    0.00239      0.10500      0.01771      0.00249      0.10729      0.01846      
128700  0.21813    0.02509    0.04408    0.00244      0.10544      0.01747      0.00260      0.10767      0.01816      
128800  0.21670    0.02508    0.04408    0.00231      0.10471      0.01717      0.00251      0.10741      0.01865      
128900  0.21817    0.02500    0.04404    0.00243      0.10519      0.01755      0.00243      0.10751      0.01822      
129000  0.21769    0.02497    0.04401    0.00227      0.10527      0.01742      0.00241      0.10746      0.01800      
129100  0.21639    0.02495    0.04398    0.00229      0.10447      0.01723      0.00252      0.10716      0.01838      
129200  0.21814    0.02500    0.04400    0.00241      0.10515      0.01765      0.00247      0.10746      0.01841      
129300  0.21769    0.02497    0.04399    0.00227      0.10520      0.01771      0.00246      0.10731      0.01812      
129400  0.21632    0.02495    0.04398    0.00227      0.10472      0.01725      0.00244      0.10729      0.01799      
129500  0.21795    0.02494    0.04396    0.00240      0.10531      0.01760      0.00244      0.10754      0.01815      
129600  0.21749    0.02491    0.04395    0.00233      0.10533      0.01748      0.00246      0.10744      0.01797      
129700  0.21633    0.02492    0.04394    0.00228      0.10468      0.01728      0.00253      0.10744      0.01865      
129800  0.21770    0.02487    0.04392    0.00241      0.10527      0.01771      0.00254      0.10766      0.01874      
129900  0.21743    0.02491    0.04391    0.00239      0.10520      0.01734      0.00259      0.10756      0.01838      
130000  0.21613    0.02485    0.04388    0.00226      0.10425      0.01735      0.00247      0.10711      0.01822      
130100  0.21752    0.02484    0.04386    0.00240      0.10507      0.01762      0.00253      0.10762      0.01852      
130200  0.21746    0.02483    0.04385    0.00236      0.10524      0.01769      0.00258      0.10766      0.01853      
130300  0.21611    0.02488    0.04387    0.00227      0.10432      0.01740      0.00247      0.10696      0.01829      
130400  0.21740    0.02485    0.04384    0.00242      0.10475      0.01748      0.00246      0.10708      0.01787      
130500  0.21737    0.02485    0.04385    0.00232      0.10493      0.01758      0.00254      0.10712      0.01826      
130600  0.21594    0.02477    0.04382    0.00226      0.10451      0.01704      0.00249      0.10728      0.01827      
130700  0.21738    0.02478    0.04382    0.00240      0.10513      0.01747      0.00247      0.10758      0.01815      
130800  0.21716    0.02473    0.04379    0.00231      0.10516      0.01752      0.00254      0.10745      0.01841      
130900  0.21600    0.02469    0.04378    0.00233      0.10445      0.01707      0.00257      0.10724      0.01817      
131000  0.21735    0.02465    0.04375    0.00244      0.10480      0.01760      0.00256      0.10720      0.01857      
131100  0.21733    0.02467    0.04375    0.00227      0.10497      0.01778      0.00245      0.10719      0.01826      
131200  0.21591    0.02469    0.04374    0.00236      0.10447      0.01710      0.00260      0.10741      0.01828      
131300  0.21750    0.02474    0.04378    0.00240      0.10502      0.01791      0.00255      0.10761      0.01886      
131400  0.21711    0.02475    0.04376    0.00227      0.10505      0.01757      0.00248      0.10750      0.01857      
131500  0.21589    0.02473    0.04373    0.00223      0.10454      0.01705      0.00251      0.10757      0.01846      
131600  0.21736    0.02469    0.04371    0.00244      0.10511      0.01760      0.00254      0.10758      0.01836      
131700  0.21708    0.02467    0.04370    0.00231      0.10504      0.01762      0.00255      0.10763      0.01849      
131800  0.21582    0.02469    0.04370    0.00223      0.10493      0.01708      0.00251      0.10803      0.01863      
131900  0.21736    0.02470    0.04369    0.00236      0.10545      0.01753      0.00252      0.10820      0.01834      
132000  0.21705    0.02465    0.04367    0.00228      0.10509      0.01784      0.00251      0.10759      0.01860      
132100  0.21582    0.02464    0.04367    0.00229      0.10429      0.01707      0.00253      0.10738      0.01831      
132200  0.21739    0.02466    0.04365    0.00250      0.10503      0.01769      0.00261      0.10770      0.01857      
132300  0.21691    0.02463    0.04364    0.00225      0.10545      0.01741      0.00247      0.10797      0.01838      
132400  0.21570    0.02462    0.04363    0.00231      0.10418      0.01700      0.00255      0.10725      0.01833      
132500  0.21722    0.02463    0.04363    0.00238      0.10513      0.01758      0.00247      0.10782      0.01832      
132600  0.21692    0.02458    0.04360    0.00227      0.10536      0.01764      0.00248      0.10790      0.01846      
132700  0.21558    0.02459    0.04360    0.00227      0.10454      0.01696      0.00247      0.10748      0.01824      
132800  0.21701    0.02457    0.04359    0.00242      0.10515      0.01804      0.00246      0.10752      0.01852      
132900  0.21689    0.02453    0.04357    0.00228      0.10552      0.01751      0.00249      0.10783      0.01820      
133000  0.21554    0.02456    0.04356    0.00226      0.10464      0.01705      0.00250      0.10742      0.01817      
133100  0.21701    0.02460    0.04356    0.00236      0.10550      0.01757      0.00254      0.10802      0.01857      
133200  0.21677    0.02459    0.04355    0.00229      0.10515      0.01745      0.00250      0.10759      0.01832      
133300  0.21552    0.02455    0.04352    0.00226      0.10462      0.01708      0.00251      0.10752      0.01841      
133400  0.21685    0.02452    0.04351    0.00237      0.10503      0.01768      0.00248      0.10739      0.01839      
133500  0.21636    0.02448    0.04348    0.00225      0.10499      0.01758      0.00244      0.10716      0.01823      
133600  0.21533    0.02446    0.04346    0.00224      0.10420      0.01718      0.00250      0.10698      0.01834      
133700  0.21656    0.02444    0.04345    0.00237      0.10465      0.01767      0.00246      0.10703      0.01834      
133800  0.21645    0.02444    0.04344    0.00231      0.10482      0.01749      0.00253      0.10707      0.01847      
133900  0.21525    0.02445    0.04344    0.00228      0.10448      0.01686      0.00257      0.10717      0.01844      
134000  0.21690    0.02445    0.04342    0.00244      0.10508      0.01749      0.00258      0.10732      0.01837      
134100  0.21632    0.02445    0.04340    0.00228      0.10504      0.01745      0.00246      0.10720      0.01824      
134200  0.21509    0.02445    0.04340    0.00223      0.10462      0.01683      0.00245      0.10715      0.01814      
134300  0.21689    0.02442    0.04339    0.00237      0.10527      0.01758      0.00253      0.10738      0.01843      
134400  0.21635    0.02441    0.04336    0.00229      0.10517      0.01737      0.00252      0.10715      0.01835      
134500  0.21511    0.02442    0.04337    0.00230      0.10446      0.01687      0.00257      0.10704      0.01835      
134600  0.21652    0.02437    0.04334    0.00242      0.10513      0.01730      0.00257      0.10735      0.01844      
134700  0.21615    0.02440    0.04334    0.00231      0.10520      0.01725      0.00257      0.10729      0.01831      
134800  0.21480    0.02434    0.04332    0.00226      0.10457      0.01680      0.00254      0.10727      0.01829      
134900  0.21656    0.02437    0.04331    0.00242      0.10501      0.01738      0.00253      0.10715      0.01785      
135000  0.21597    0.02433    0.04329    0.00228      0.10499      0.01726      0.00249      0.10716      0.01801      
135100  0.21484    0.02432    0.04328    0.00228      0.10452      0.01729      0.00257      0.10737      0.01902      
135200  0.21663    0.02431    0.04327    0.00245      0.10495      0.01756      0.00257      0.10722      0.01837      
135300  0.21597    0.02433    0.04327    0.00234      0.10504      0.01733      0.00252      0.10719      0.01801      
135400  0.21469    0.02431    0.04327    0.00226      0.10434      0.01700      0.00251      0.10700      0.01824      
135500  0.21650    0.02424    0.04324    0.00259      0.10529      0.01751      0.00270      0.10757      0.01833      
135600  0.21579    0.02425    0.04323    0.00229      0.10528      0.01733      0.00249      0.10743      0.01819      
135700  0.21467    0.02425    0.04323    0.00229      0.10481      0.01702      0.00256      0.10736      0.01829      
135800  0.21618    0.02421    0.04321    0.00240      0.10522      0.01749      0.00256      0.10760      0.01845      
135900  0.21562    0.02419    0.04319    0.00224      0.10510      0.01757      0.00248      0.10739      0.01847      
136000  0.21452    0.02417    0.04319    0.00223      0.10473      0.01685      0.00244      0.10745      0.01828      
136100  0.21603    0.02417    0.04318    0.00242      0.10505      0.01750      0.00250      0.10746      0.01822      
136200  0.21560    0.02415    0.04318    0.00228      0.10521      0.01727      0.00246      0.10752      0.01816      
136300  0.21455    0.02418    0.04318    0.00227      0.10471      0.01690      0.00249      0.10752      0.01812      
136400  0.21610    0.02410    0.04314    0.00253      0.10484      0.01759      0.00262      0.10731      0.01849      
136500  0.21540    0.02413    0.04315    0.00231      0.10493      0.01726      0.00252      0.10708      0.01824      
136600  0.21448    0.02413    0.04314    0.00229      0.10457      0.01717      0.00253      0.10742      0.01863      
136700  0.21608    0.02411    0.04314    0.00240      0.10513      0.01749      0.00254      0.10755      0.01847      
136800  0.21557    0.02413    0.04314    0.00230      0.10506      0.01717      0.00252      0.10743      0.01807      
136900  0.21440    0.02412    0.04312    0.00229      0.10484      0.01682      0.00250      0.10769      0.01814      
137000  0.21599    0.02408    0.04310    0.00236      0.10496      0.01772      0.00251      0.10757      0.01856      
137100  0.21545    0.02407    0.04310    0.00230      0.10486      0.01747      0.00253      0.10736      0.01836      
137200  0.21414    0.02400    0.04306    0.00230      0.10433      0.01680      0.00252      0.10747      0.01838      
137300  0.21608    0.02400    0.04306    0.00243      0.10468      0.01753      0.00256      0.10752      0.01840      
137400  0.21551    0.02400    0.04305    0.00231      0.10559      0.01722      0.00253      0.10816      0.01827      
137500  0.21442    0.02403    0.04305    0.00229      0.10416      0.01716      0.00252      0.10724      0.01862      
137600  0.21599    0.02401    0.04303    0.00241      0.10499      0.01796      0.00254      0.10768      0.01884      
137700  0.21544    0.02406    0.04304    0.00226      0.10494      0.01749      0.00245      0.10759      0.01858      
137800  0.21429    0.02405    0.04302    0.00222      0.10442      0.01669      0.00248      0.10740      0.01813      
137900  0.21581    0.02403    0.04299    0.00245      0.10478      0.01751      0.00253      0.10748      0.01839      
138000  0.21540    0.02403    0.04299    0.00226      0.10485      0.01747      0.00249      0.10750      0.01838      
138100  0.21396    0.02401    0.04298    0.00227      0.10420      0.01688      0.00250      0.10714      0.01815      
138200  0.21578    0.02400    0.04297    0.00238      0.10510      0.01767      0.00251      0.10789      0.01836      
138300  0.21528    0.02402    0.04298    0.00231      0.10483      0.01734      0.00255      0.10750      0.01817      
138400  0.21412    0.02397    0.04296    0.00228      0.10435      0.01715      0.00248      0.10734      0.01827      
138500  0.21561    0.02400    0.04296    0.00242      0.10467      0.01759      0.00253      0.10737      0.01827      
138600  0.21511    0.02397    0.04294    0.00232      0.10479      0.01751      0.00255      0.10733      0.01828      
138700  0.21403    0.02397    0.04294    0.00222      0.10461      0.01687      0.00248      0.10761      0.01835      
138800  0.21564    0.02399    0.04292    0.00240      0.10491      0.01770      0.00246      0.10743      0.01828      
138900  0.21510    0.02397    0.04291    0.00234      0.10471      0.01741      0.00254      0.10731      0.01826      
139000  0.21399    0.02395    0.04290    0.00221      0.10439      0.01693      0.00247      0.10746      0.01829      
139100  0.21571    0.02393    0.04287    0.00251      0.10497      0.01785      0.00254      0.10749      0.01821      
139200  0.21511    0.02394    0.04287    0.00227      0.10497      0.01763      0.00252      0.10746      0.01845      
139300  0.21377    0.02392    0.04284    0.00227      0.10437      0.01699      0.00251      0.10741      0.01795      
139400  0.21550    0.02390    0.04283    0.00245      0.10482      0.01799      0.00252      0.10736      0.01826      
139500  0.21517    0.02392    0.04283    0.00238      0.10500      0.01747      0.00258      0.10746      0.01822      
139600  0.21365    0.02390    0.04282    0.00235      0.10435      0.01696      0.00256      0.10732      0.01821      
139700  0.21524    0.02384    0.04278    0.00245      0.10460      0.01757      0.00246      0.10718      0.01799      
139800  0.21488    0.02379    0.04276    0.00229      0.10509      0.01770      0.00247      0.10747      0.01809      
139900  0.21341    0.02373    0.04274    0.00227      0.10425      0.01692      0.00247      0.10715      0.01810      
140000  0.21499    0.02374    0.04272    0.00246      0.10495      0.01761      0.00249      0.10753      0.01801      
140100  0.21468    0.02374    0.04271    0.00227      0.10466      0.01747      0.00244      0.10710      0.01792      
140200  0.21309    0.02368    0.04267    0.00221      0.10446      0.01692      0.00241      0.10744      0.01780      
140300  0.21486    0.02368    0.04266    0.00243      0.10471      0.01737      0.00250      0.10714      0.01790      
140400  0.21446    0.02364    0.04265    0.00229      0.10469      0.01733      0.00247      0.10721      0.01799      
140500  0.21320    0.02363    0.04264    0.00228      0.10421      0.01719      0.00252      0.10701      0.01815      
140600  0.21470    0.02363    0.04263    0.00246      0.10481      0.01753      0.00250      0.10707      0.01806      
140700  0.21451    0.02369    0.04265    0.00228      0.10473      0.01743      0.00246      0.10695      0.01813      
140800  0.21309    0.02372    0.04265    0.00225      0.10401      0.01713      0.00246      0.10682      0.01820      
140900  0.21475    0.02366    0.04261    0.00242      0.10455      0.01756      0.00251      0.10706      0.01825      
141000  0.21446    0.02369    0.04262    0.00230      0.10432      0.01763      0.00246      0.10662      0.01825      
141100  0.21318    0.02368    0.04261    0.00225      0.10401      0.01729      0.00247      0.10689      0.01853      
141200  0.21487    0.02365    0.04258    0.00239      0.10486      0.01803      0.00244      0.10725      0.01840      
141300  0.21451    0.02369    0.04260    0.00229      0.10428      0.01757      0.00254      0.10659      0.01842      
141400  0.21306    0.02369    0.04259    0.00231      0.10374      0.01721      0.00251      0.10656      0.01840      
141500  0.21456    0.02364    0.04256    0.00238      0.10433      0.01765      0.00245      0.10674      0.01805      
141600  0.21423    0.02360    0.04254    0.00225      0.10499      0.01734      0.00247      0.10741      0.01805      
141700  0.21294    0.02358    0.04253    0.00227      0.10444      0.01674      0.00252      0.10736      0.01802      
141800  0.21466    0.02356    0.04252    0.00239      0.10470      0.01777      0.00246      0.10724      0.01807      
141900  0.21413    0.02359    0.04253    0.00223      0.10471      0.01736      0.00242      0.10732      0.01802      
142000  0.21276    0.02356    0.04251    0.00222      0.10411      0.01686      0.00241      0.10705      0.01796      
142100  0.21452    0.02353    0.04249    0.00244      0.10466      0.01762      0.00247      0.10711      0.01800      
142200  0.21411    0.02352    0.04249    0.00236      0.10494      0.01733      0.00252      0.10734      0.01788      
142300  0.21277    0.02353    0.04248    0.00229      0.10457      0.01684      0.00242      0.10752      0.01792      
142400  0.21448    0.02349    0.04247    0.00237      0.10479      0.01761      0.00238      0.10722      0.01790      
142500  0.21408    0.02349    0.04247    0.00231      0.10470      0.01742      0.00245      0.10706      0.01795      
142600  0.21276    0.02351    0.04246    0.00228      0.10399      0.01686      0.00244      0.10688      0.01789      
142700  0.21415    0.02344    0.04242    0.00240      0.10467      0.01739      0.00248      0.10712      0.01794      
142800  0.21391    0.02343    0.04241    0.00226      0.10442      0.01754      0.00239      0.10676      0.01808      
142900  0.21271    0.02348    0.04242    0.00232      0.10422      0.01693      0.00245      0.10714      0.01789      
143000  0.21429    0.02350    0.04242    0.00239      0.10450      0.01745      0.00239      0.10712      0.01792      
143100  0.21390    0.02346    0.04241    0.00225      0.10499      0.01744      0.00240      0.10741      0.01815      
143200  0.21264    0.02346    0.04241    0.00230      0.10430      0.01689      0.00245      0.10727      0.01800      
143300  0.21414    0.02346    0.04240    0.00240      0.10468      0.01760      0.00246      0.10719      0.01807      
143400  0.21395    0.02347    0.04239    0.00233      0.10472      0.01756      0.00246      0.10706      0.01819      
143500  0.21262    0.02336    0.04237    0.00224      0.10403      0.01712      0.00242      0.10691      0.01829      
143600  0.21401    0.02340    0.04237    0.00237      0.10485      0.01751      0.00241      0.10721      0.01822      
143700  0.21379    0.02337    0.04235    0.00227      0.10456      0.01754      0.00243      0.10684      0.01814      
143800  0.21256    0.02339    0.04235    0.00225      0.10417      0.01713      0.00244      0.10693      0.01814      
143900  0.21399    0.02340    0.04235    0.00238      0.10481      0.01723      0.00246      0.10721      0.01813      
144000  0.21365    0.02332    0.04232    0.00223      0.10523      0.01737      0.00244      0.10761      0.01818      
144100  0.21241    0.02334    0.04232    0.00228      0.10433      0.01689      0.00252      0.10732      0.01827      
144200  0.21402    0.02331    0.04230    0.00247      0.10475      0.01737      0.00253      0.10726      0.01830      
144300  0.21359    0.02329    0.04227    0.00240      0.10482      0.01735      0.00262      0.10729      0.01828      
144400  0.21248    0.02332    0.04226    0.00229      0.10444      0.01679      0.00255      0.10729      0.01826      
144500  0.21389    0.02330    0.04226    0.00247      0.10485      0.01729      0.00249      0.10737      0.01822      
144600  0.21346    0.02328    0.04225    0.00225      0.10499      0.01751      0.00247      0.10746      0.01822      
144700  0.21237    0.02331    0.04224    0.00224      0.10426      0.01705      0.00248      0.10718      0.01813      
144800  0.21382    0.02329    0.04222    0.00240      0.10493      0.01730      0.00247      0.10740      0.01825      
144900  0.21353    0.02326    0.04221    0.00225      0.10485      0.01758      0.00247      0.10712      0.01836      
145000  0.21230    0.02330    0.04222    0.00228      0.10411      0.01694      0.00244      0.10690      0.01818      
145100  0.21382    0.02327    0.04219    0.00242      0.10470      0.01735      0.00248      0.10707      0.01820      
145200  0.21349    0.02329    0.04219    0.00230      0.10514      0.01731      0.00250      0.10737      0.01805      
145300  0.21242    0.02329    0.04218    0.00231      0.10434      0.01706      0.00246      0.10694      0.01827      
145400  0.21380    0.02323    0.04216    0.00245      0.10504      0.01726      0.00252      0.10732      0.01808      
145500  0.21332    0.02321    0.04215    0.00224      0.10505      0.01745      0.00248      0.10711      0.01826      
145600  0.21223    0.02325    0.04217    0.00221      0.10444      0.01678      0.00243      0.10703      0.01789      
145700  0.21380    0.02329    0.04217    0.00238      0.10498      0.01722      0.00242      0.10717      0.01786      
145800  0.21337    0.02329    0.04216    0.00223      0.10505      0.01744      0.00244      0.10721      0.01834      
145900  0.21237    0.02327    0.04215    0.00229      0.10432      0.01690      0.00249      0.10691      0.01823      
146000  0.21368    0.02327    0.04214    0.00238      0.10490      0.01721      0.00248      0.10710      0.01796      
146100  0.21320    0.02323    0.04213    0.00225      0.10507      0.01748      0.00244      0.10722      0.01818      
146200  0.21223    0.02319    0.04211    0.00232      0.10464      0.01678      0.00250      0.10717      0.01807      
146300  0.21373    0.02317    0.04210    0.00236      0.10518      0.01764      0.00240      0.10730      0.01815      
146400  0.21326    0.02314    0.04208    0.00232      0.10518      0.01751      0.00248      0.10724      0.01801      
146500  0.21219    0.02321    0.04210    0.00229      0.10420      0.01698      0.00248      0.10682      0.01816      
146600  0.21352    0.02316    0.04207    0.00236      0.10509      0.01754      0.00240      0.10723      0.01807      
146700  0.21304    0.02316    0.04206    0.00224      0.10490      0.01732      0.00239      0.10692      0.01776      
146800  0.21185    0.02316    0.04205    0.00226      0.10447      0.01669      0.00247      0.10715      0.01774      
146900  0.21348    0.02316    0.04204    0.00237      0.10481      0.01756      0.00240      0.10708      0.01810      
147000  0.21308    0.02317    0.04204    0.00235      0.10505      0.01729      0.00249      0.10717      0.01776      
147100  0.21173    0.02315    0.04202    0.00227      0.10421      0.01676      0.00246      0.10683      0.01787      
147200  0.21345    0.02314    0.04201    0.00243      0.10463      0.01728      0.00245      0.10687      0.01780      
147300  0.21300    0.02312    0.04201    0.00225      0.10499      0.01744      0.00241      0.10711      0.01805      
147400  0.21168    0.02312    0.04200    0.00224      0.10445      0.01692      0.00243      0.10718      0.01785      
147500  0.21331    0.02313    0.04200    0.00244      0.10452      0.01732      0.00246      0.10696      0.01781      
147600  0.21288    0.02307    0.04199    0.00226      0.10506      0.01729      0.00244      0.10737      0.01790      
147700  0.21171    0.02312    0.04201    0.00223      0.10414      0.01683      0.00241      0.10699      0.01786      
147800  0.21313    0.02309    0.04200    0.00241      0.10456      0.01735      0.00240      0.10695      0.01793      
147900  0.21278    0.02309    0.04198    0.00226      0.10519      0.01745      0.00240      0.10747      0.01795      
148000  0.21182    0.02309    0.04197    0.00232      0.10426      0.01697      0.00246      0.10719      0.01784      
148100  0.21321    0.02309    0.04197    0.00237      0.10486      0.01736      0.00240      0.10734      0.01792      
148200  0.21274    0.02309    0.04196    0.00229      0.10480      0.01729      0.00245      0.10716      0.01789      
148300  0.21168    0.02311    0.04196    0.00223      0.10439      0.01688      0.00244      0.10735      0.01780      
148400  0.21306    0.02310    0.04195    0.00246      0.10467      0.01711      0.00248      0.10705      0.01781      
148500  0.21275    0.02305    0.04193    0.00227      0.10499      0.01717      0.00248      0.10728      0.01787      
148600  0.21152    0.02305    0.04192    0.00228      0.10421      0.01687      0.00248      0.10704      0.01813      
148700  0.21304    0.02305    0.04192    0.00240      0.10486      0.01718      0.00240      0.10713      0.01784      
148800  0.21262    0.02301    0.04189    0.00224      0.10482      0.01737      0.00239      0.10707      0.01802      
148900  0.21145    0.02304    0.04190    0.00221      0.10415      0.01675      0.00243      0.10703      0.01802      
149000  0.21295    0.02298    0.04188    0.00247      0.10468      0.01727      0.00254      0.10709      0.01787      
149100  0.21250    0.02295    0.04186    0.00223      0.10508      0.01738      0.00244      0.10739      0.01791      
149200  0.21142    0.02299    0.04186    0.00238      0.10434      0.01664      0.00254      0.10711      0.01772      
149300  0.21282    0.02296    0.04186    0.00234      0.10504      0.01726      0.00243      0.10738      0.01790      
149400  0.21260    0.02296    0.04186    0.00229      0.10482      0.01753      0.00255      0.10734      0.01856      
149500  0.21154    0.02295    0.04185    0.00230      0.10426      0.01700      0.00252      0.10702      0.01792      
149600  0.21290    0.02300    0.04187    0.00240      0.10468      0.01751      0.00246      0.10697      0.01802      
149700  0.21253    0.02300    0.04185    0.00226      0.10464      0.01754      0.00248      0.10708      0.01834      
149800  0.21133    0.02297    0.04183    0.00225      0.10423      0.01679      0.00251      0.10710      0.01808      
149900  0.21279    0.02293    0.04181    0.00240      0.10468      0.01741      0.00247      0.10721      0.01796      
150000  0.21232    0.02288    0.04179    0.00228      0.10476      0.01733      0.00248      0.10719      0.01791      
150100  0.21136    0.02292    0.04181    0.00227      0.10434      0.01691      0.00250      0.10718      0.01806      
150200  0.21279    0.02289    0.04179    0.00237      0.10457      0.01753      0.00242      0.10689      0.01792      
150300  0.21217    0.02289    0.04178    0.00228      0.10476      0.01733      0.00244      0.10712      0.01796      
150400  0.21107    0.02286    0.04176    0.00229      0.10422      0.01682      0.00249      0.10719      0.01798      
150500  0.21265    0.02281    0.04175    0.00235      0.10504      0.01725      0.00243      0.10775      0.01784      
150600  0.21212    0.02283    0.04176    0.00225      0.10506      0.01723      0.00246      0.10752      0.01807      
150700  0.21104    0.02280    0.04174    0.00231      0.10411      0.01684      0.00250      0.10710      0.01800      
150800  0.21281    0.02283    0.04174    0.00238      0.10467      0.01729      0.00244      0.10720      0.01783      
150900  0.21217    0.02282    0.04173    0.00226      0.10462      0.01711      0.00243      0.10705      0.01791      
151000  0.21115    0.02280    0.04171    0.00222      0.10423      0.01676      0.00244      0.10726      0.01789      
151100  0.21252    0.02277    0.04169    0.00243      0.10446      0.01734      0.00253      0.10730      0.01845      
151200  0.21204    0.02280    0.04169    0.00224      0.10468      0.01699      0.00247      0.10711      0.01804      
151300  0.21107    0.02275    0.04167    0.00223      0.10421      0.01681      0.00251      0.10713      0.01840      
151400  0.21246    0.02272    0.04165    0.00240      0.10462      0.01735      0.00249      0.10705      0.01797      
151500  0.21197    0.02267    0.04163    0.00227      0.10464      0.01712      0.00250      0.10714      0.01790      
151600  0.21082    0.02268    0.04163    0.00225      0.10422      0.01673      0.00246      0.10718      0.01801      
151700  0.21226    0.02268    0.04162    0.00239      0.10457      0.01740      0.00246      0.10708      0.01792      
151800  0.21194    0.02267    0.04161    0.00231      0.10477      0.01735      0.00250      0.10727      0.01788      
151900  0.21090    0.02265    0.04160    0.00222      0.10416      0.01695      0.00244      0.10706      0.01801      
152000  0.21213    0.02265    0.04159    0.00239      0.10465      0.01726      0.00242      0.10732      0.01781      
152100  0.21187    0.02264    0.04158    0.00223      0.10510      0.01733      0.00245      0.10767      0.01807      
152200  0.21082    0.02262    0.04157    0.00228      0.10422      0.01684      0.00248      0.10727      0.01818      
152300  0.21214    0.02259    0.04156    0.00244      0.10492      0.01727      0.00246      0.10750      0.01791      
152400  0.21176    0.02260    0.04155    0.00225      0.10476      0.01740      0.00246      0.10725      0.01802      
152500  0.21082    0.02259    0.04154    0.00227      0.10446      0.01667      0.00251      0.10743      0.01815      
152600  0.21208    0.02253    0.04152    0.00242      0.10475      0.01721      0.00247      0.10721      0.01789      
152700  0.21171    0.02252    0.04150    0.00224      0.10501      0.01732      0.00242      0.10748      0.01802      
152800  0.21074    0.02253    0.04150    0.00230      0.10442      0.01673      0.00242      0.10731      0.01795      
152900  0.21211    0.02252    0.04149    0.00242      0.10456      0.01714      0.00249      0.10705      0.01771      
153000  0.21167    0.02254    0.04150    0.00231      0.10481      0.01715      0.00247      0.10720      0.01803      
153100  0.21044    0.02252    0.04149    0.00230      0.10432      0.01667      0.00248      0.10722      0.01795      
153200  0.21197    0.02255    0.04149    0.00235      0.10454      0.01733      0.00247      0.10705      0.01812      
153300  0.21168    0.02254    0.04149    0.00226      0.10487      0.01714      0.00250      0.10705      0.01809      
153400  0.21053    0.02253    0.04147    0.00223      0.10438      0.01682      0.00250      0.10720      0.01829      
153500  0.21192    0.02252    0.04145    0.00239      0.10496      0.01724      0.00245      0.10731      0.01800      
153600  0.21146    0.02247    0.04142    0.00227      0.10479      0.01730      0.00252      0.10726      0.01832      
153700  0.21029    0.02248    0.04142    0.00228      0.10423      0.01679      0.00255      0.10709      0.01819      
153800  0.21177    0.02247    0.04141    0.00238      0.10476      0.01752      0.00256      0.10732      0.01843      
153900  0.21161    0.02245    0.04139    0.00233      0.10486      0.01724      0.00257      0.10733      0.01834      
154000  0.21031    0.02245    0.04139    0.00225      0.10443      0.01680      0.00252      0.10739      0.01846      
154100  0.21174    0.02251    0.04140    0.00234      0.10505      0.01714      0.00248      0.10758      0.01811      
154200  0.21151    0.02251    0.04141    0.00225      0.10507      0.01725      0.00250      0.10747      0.01825      
154300  0.21031    0.02248    0.04139    0.00226      0.10430      0.01663      0.00250      0.10706      0.01806      
154400  0.21171    0.02246    0.04138    0.00239      0.10469      0.01722      0.00251      0.10711      0.01815      
154500  0.21152    0.02249    0.04138    0.00228      0.10446      0.01766      0.00261      0.10702      0.01871      
154600  0.21034    0.02247    0.04138    0.00226      0.10401      0.01685      0.00249      0.10691      0.01814      
154700  0.21172    0.02248    0.04138    0.00238      0.10447      0.01716      0.00243      0.10698      0.01793      
154800  0.21137    0.02246    0.04137    0.00225      0.10494      0.01713      0.00247      0.10752      0.01791      
154900  0.21033    0.02245    0.04135    0.00232      0.10415      0.01672      0.00261      0.10718      0.01810      
155000  0.21162    0.02242    0.04134    0.00234      0.10480      0.01723      0.00241      0.10727      0.01801      
155100  0.21135    0.02242    0.04134    0.00234      0.10475      0.01726      0.00256      0.10715      0.01815      
155200  0.21019    0.02242    0.04133    0.00226      0.10417      0.01674      0.00250      0.10701      0.01798      
155300  0.21142    0.02236    0.04131    0.00237      0.10457      0.01723      0.00252      0.10705      0.01829      
155400  0.21123    0.02239    0.04131    0.00226      0.10455      0.01740      0.00254      0.10683      0.01844      
155500  0.21004    0.02237    0.04130    0.00226      0.10421      0.01667      0.00255      0.10709      0.01825      
155600  0.21148    0.02240    0.04132    0.00235      0.10469      0.01724      0.00249      0.10716      0.01807      
155700  0.21123    0.02239    0.04131    0.00230      0.10465      0.01740      0.00260      0.10716      0.01867      
155800  0.21008    0.02240    0.04131    0.00226      0.10411      0.01681      0.00255      0.10712      0.01853      
155900  0.21135    0.02240    0.04130    0.00233      0.10480      0.01714      0.00254      0.10736      0.01866      
156000  0.21120    0.02237    0.04128    0.00225      0.10508      0.01728      0.00251      0.10739      0.01823      
156100  0.21009    0.02239    0.04128    0.00229      0.10394      0.01694      0.00253      0.10681      0.01824      
156200  0.21138    0.02235    0.04127    0.00237      0.10463      0.01710      0.00255      0.10708      0.01823      
156300  0.21097    0.02233    0.04125    0.00225      0.10468      0.01716      0.00252      0.10692      0.01808      
156400  0.20990    0.02233    0.04125    0.00225      0.10422      0.01676      0.00250      0.10709      0.01824      
156500  0.21140    0.02230    0.04123    0.00237      0.10467      0.01737      0.00254      0.10715      0.01857      
156600  0.21111    0.02228    0.04122    0.00230      0.10513      0.01722      0.00256      0.10757      0.01841      
156700  0.20995    0.02225    0.04120    0.00224      0.10434      0.01691      0.00247      0.10727      0.01819      
156800  0.21140    0.02224    0.04119    0.00236      0.10466      0.01741      0.00247      0.10707      0.01824      
156900  0.21085    0.02220    0.04117    0.00226      0.10459      0.01742      0.00250      0.10694      0.01840      
157000  0.20981    0.02225    0.04118    0.00224      0.10463      0.01674      0.00250      0.10734      0.01813      
157100  0.21124    0.02223    0.04117    0.00240      0.10464      0.01734      0.00249      0.10701      0.01799      
157200  0.21090    0.02220    0.04115    0.00223      0.10510      0.01721      0.00249      0.10734      0.01813      
157300  0.20956    0.02216    0.04114    0.00218      0.10466      0.01656      0.00243      0.10736      0.01796      
157400  0.21098    0.02218    0.04113    0.00236      0.10480      0.01725      0.00246      0.10714      0.01802      
157500  0.21067    0.02213    0.04111    0.00225      0.10502      0.01725      0.00250      0.10734      0.01839      
157600  0.20962    0.02216    0.04111    0.00223      0.10437      0.01671      0.00252      0.10725      0.01835      
157700  0.21088    0.02213    0.04109    0.00239      0.10486      0.01739      0.00254      0.10733      0.01825      
157800  0.21065    0.02214    0.04109    0.00228      0.10495      0.01711      0.00246      0.10713      0.01792      
157900  0.20949    0.02218    0.04108    0.00223      0.10423      0.01659      0.00248      0.10687      0.01777      
158000  0.21088    0.02214    0.04107    0.00237      0.10487      0.01729      0.00252      0.10723      0.01800      
158100  0.21067    0.02211    0.04106    0.00225      0.10481      0.01736      0.00249      0.10709      0.01796      
158200  0.20939    0.02209    0.04105    0.00219      0.10452      0.01647      0.00242      0.10716      0.01764      
158300  0.21101    0.02206    0.04104    0.00239      0.10485      0.01725      0.00241      0.10708      0.01782      
158400  0.21061    0.02205    0.04103    0.00230      0.10502      0.01709      0.00246      0.10712      0.01778      
158500  0.20944    0.02202    0.04102    0.00226      0.10424      0.01675      0.00249      0.10680      0.01783      
158600  0.21080    0.02200    0.04099    0.00239      0.10468      0.01713      0.00249      0.10685      0.01771      
158700  0.21037    0.02202    0.04100    0.00226      0.10475      0.01714      0.00242      0.10686      0.01782      
158800  0.20926    0.02200    0.04098    0.00224      0.10440      0.01664      0.00246      0.10698      0.01780      
158900  0.21069    0.02200    0.04098    0.00237      0.10464      0.01708      0.00246      0.10671      0.01766      
159000  0.21045    0.02197    0.04097    0.00227      0.10465      0.01736      0.00244      0.10658      0.01785      
159100  0.20922    0.02200    0.04097    0.00226      0.10410      0.01654      0.00249      0.10658      0.01775      
159200  0.21053    0.02200    0.04096    0.00240      0.10453      0.01720      0.00250      0.10656      0.01783      
159300  0.21032    0.02194    0.04094    0.00227      0.10498      0.01698      0.00247      0.10695      0.01764      
159400  0.20930    0.02192    0.04092    0.00223      0.10430      0.01661      0.00245      0.10673      0.01762      
159500  0.21061    0.02189    0.04092    0.00238      0.10458      0.01718      0.00245      0.10664      0.01782      
159600  0.21024    0.02189    0.04091    0.00229      0.10469      0.01710      0.00249      0.10671      0.01759      
159700  0.20924    0.02188    0.04090    0.00227      0.10407      0.01662      0.00248      0.10649      0.01766      
159800  0.21052    0.02189    0.04089    0.00234      0.10467      0.01700      0.00242      0.10683      0.01753      
159900  0.21010    0.02186    0.04088    0.00224      0.10482      0.01722      0.00246      0.10693      0.01789      
160000  0.20912    0.02185    0.04086    0.00222      0.10440      0.01655      0.00242      0.10701      0.01764      
160100  0.21038    0.02182    0.04085    0.00234      0.10488      0.01710      0.00240      0.10706      0.01768      
160200  0.21002    0.02181    0.04085    0.00226      0.10467      0.01704      0.00240      0.10667      0.01744      
160300  0.20887    0.02179    0.04084    0.00225      0.10424      0.01661      0.00247      0.10693      0.01787      
160400  0.21031    0.02180    0.04083    0.00240      0.10443      0.01710      0.00250      0.10676      0.01792      
160500  0.20993    0.02178    0.04083    0.00227      0.10458      0.01710      0.00247      0.10690      0.01782      
160600  0.20900    0.02178    0.04082    0.00225      0.10428      0.01667      0.00245      0.10705      0.01772      
160700  0.21012    0.02176    0.04080    0.00238      0.10455      0.01704      0.00246      0.10700      0.01778      
160800  0.20987    0.02175    0.04081    0.00225      0.10475      0.01723      0.00245      0.10714      0.01802      
160900  0.20906    0.02174    0.04079    0.00226      0.10442      0.01680      0.00249      0.10714      0.01801      
161000  0.21021    0.02171    0.04078    0.00240      0.10480      0.01710      0.00249      0.10725      0.01798      
161100  0.20982    0.02170    0.04076    0.00223      0.10492      0.01710      0.00246      0.10709      0.01781      
161200  0.20885    0.02172    0.04077    0.00222      0.10429      0.01678      0.00241      0.10695      0.01777      
161300  0.21007    0.02170    0.04075    0.00247      0.10484      0.01696      0.00259      0.10725      0.01793      
161400  0.20977    0.02168    0.04074    0.00225      0.10478      0.01707      0.00248      0.10691      0.01778      
161500  0.20865    0.02168    0.04074    0.00223      0.10417      0.01657      0.00245      0.10682      0.01771      
161600  0.21005    0.02165    0.04073    0.00240      0.10459      0.01703      0.00248      0.10690      0.01785      
161700  0.20963    0.02165    0.04072    0.00223      0.10463      0.01705      0.00247      0.10690      0.01798      
161800  0.20853    0.02164    0.04070    0.00228      0.10409      0.01655      0.00254      0.10671      0.01789      
161900  0.20996    0.02161    0.04070    0.00238      0.10473      0.01712      0.00248      0.10711      0.01802      
162000  0.20966    0.02161    0.04070    0.00225      0.10488      0.01690      0.00248      0.10712      0.01795      
162100  0.20857    0.02160    0.04069    0.00229      0.10424      0.01653      0.00256      0.10695      0.01788      
162200  0.21005    0.02163    0.04069    0.00241      0.10463      0.01700      0.00250      0.10704      0.01798      
162300  0.20961    0.02159    0.04067    0.00224      0.10490      0.01717      0.00254      0.10722      0.01823      
162400  0.20862    0.02155    0.04065    0.00234      0.10429      0.01660      0.00258      0.10707      0.01810      
162500  0.21003    0.02158    0.04066    0.00243      0.10495      0.01727      0.00258      0.10731      0.01828      
162600  0.20950    0.02154    0.04065    0.00237      0.10474      0.01712      0.00261      0.10705      0.01812      
162700  0.20860    0.02154    0.04064    0.00226      0.10432      0.01656      0.00254      0.10702      0.01811      
162800  0.20984    0.02155    0.04064    0.00234      0.10454      0.01719      0.00246      0.10690      0.01804      
162900  0.20939    0.02153    0.04062    0.00222      0.10504      0.01712      0.00245      0.10736      0.01800      
163000  0.20843    0.02149    0.04061    0.00226      0.10432      0.01652      0.00250      0.10706      0.01796      
163100  0.20984    0.02149    0.04060    0.00241      0.10465      0.01717      0.00249      0.10716      0.01790      
163200  0.20926    0.02150    0.04060    0.00225      0.10457      0.01688      0.00252      0.10688      0.01782      
163300  0.20836    0.02145    0.04058    0.00232      0.10425      0.01652      0.00253      0.10697      0.01795      
163400  0.20979    0.02147    0.04059    0.00238      0.10471      0.01696      0.00250      0.10721      0.01786      
163500  0.20908    0.02144    0.04058    0.00223      0.10469      0.01691      0.00246      0.10708      0.01791      
163600  0.20831    0.02143    0.04056    0.00225      0.10430      0.01658      0.00251      0.10718      0.01795      
163700  0.20961    0.02139    0.04055    0.00238      0.10482      0.01708      0.00250      0.10733      0.01792      
163800  0.20902    0.02135    0.04053    0.00223      0.10471      0.01711      0.00251      0.10712      0.01819      
163900  0.20815    0.02139    0.04053    0.00236      0.10400      0.01650      0.00264      0.10686      0.01805      
164000  0.20969    0.02140    0.04052    0.00238      0.10462      0.01727      0.00252      0.10716      0.01838      
164100  0.20910    0.02140    0.04052    0.00227      0.10460      0.01714      0.00257      0.10710      0.01845      
164200  0.20805    0.02138    0.04051    0.00222      0.10425      0.01667      0.00250      0.10718      0.01834      
164300  0.20961    0.02139    0.04051    0.00242      0.10473      0.01712      0.00258      0.10712      0.01797      
164400  0.20906    0.02139    0.04051    0.00224      0.10472      0.01696      0.00250      0.10717      0.01816      
164500  0.20812    0.02141    0.04051    0.00228      0.10406      0.01661      0.00252      0.10706      0.01837      
164600  0.20959    0.02135    0.04050    0.00236      0.10476      0.01708      0.00252      0.10735      0.01820      
164700  0.20908    0.02135    0.04048    0.00224      0.10452      0.01707      0.00253      0.10699      0.01832      
164800  0.20808    0.02131    0.04047    0.00223      0.10435      0.01665      0.00248      0.10724      0.01807      
164900  0.20951    0.02128    0.04045    0.00242      0.10436      0.01714      0.00252      0.10687      0.01803      
165000  0.20889    0.02129    0.04045    0.00227      0.10469      0.01714      0.00248      0.10711      0.01816      
165100  0.20782    0.02129    0.04045    0.00225      0.10412      0.01688      0.00250      0.10698      0.01844      
165200  0.20956    0.02126    0.04044    0.00239      0.10459      0.01748      0.00250      0.10708      0.01821      
165300  0.20892    0.02126    0.04044    0.00226      0.10449      0.01715      0.00245      0.10686      0.01792      
165400  0.20783    0.02129    0.04045    0.00224      0.10428      0.01648      0.00251      0.10704      0.01794      
165500  0.20949    0.02128    0.04043    0.00242      0.10475      0.01728      0.00251      0.10713      0.01787      
165600  0.20888    0.02127    0.04042    0.00225      0.10478      0.01710      0.00252      0.10694      0.01826      
165700  0.20785    0.02126    0.04041    0.00224      0.10429      0.01658      0.00248      0.10688      0.01793      
165800  0.20935    0.02124    0.04040    0.00235      0.10453      0.01740      0.00249      0.10690      0.01808      
165900  0.20869    0.02118    0.04038    0.00231      0.10475      0.01698      0.00259      0.10702      0.01836      
166000  0.20781    0.02119    0.04037    0.00225      0.10448      0.01636      0.00249      0.10723      0.01793      
166100  0.20918    0.02121    0.04037    0.00239      0.10461      0.01729      0.00248      0.10698      0.01792      
166200  0.20871    0.02118    0.04036    0.00227      0.10478      0.01703      0.00252      0.10705      0.01817      
166300  0.20773    0.02119    0.04035    0.00222      0.10442      0.01645      0.00246      0.10715      0.01773      
166400  0.20926    0.02117    0.04034    0.00239      0.10477      0.01734      0.00244      0.10708      0.01776      
166500  0.20856    0.02114    0.04032    0.00228      0.10488      0.01690      0.00250      0.10708      0.01772      
166600  0.20773    0.02114    0.04032    0.00220      0.10432      0.01663      0.00248      0.10697      0.01801      
166700  0.20922    0.02115    0.04032    0.00240      0.10459      0.01744      0.00255      0.10685      0.01827      
166800  0.20851    0.02114    0.04031    0.00224      0.10468      0.01698      0.00249      0.10682      0.01793      
166900  0.20764    0.02115    0.04032    0.00223      0.10419      0.01656      0.00248      0.10664      0.01763      
167000  0.20910    0.02117    0.04032    0.00234      0.10472      0.01727      0.00246      0.10694      0.01783      
167100  0.20842    0.02113    0.04030    0.00227      0.10450      0.01694      0.00247      0.10653      0.01771      
167200  0.20756    0.02112    0.04028    0.00228      0.10410      0.01655      0.00253      0.10661      0.01775      
167300  0.20902    0.02112    0.04028    0.00237      0.10452      0.01710      0.00253      0.10673      0.01796      
167400  0.20836    0.02114    0.04029    0.00227      0.10471      0.01679      0.00256      0.10684      0.01814      
167500  0.20759    0.02114    0.04028    0.00223      0.10422      0.01648      0.00252      0.10686      0.01800      
167600  0.20902    0.02111    0.04026    0.00240      0.10454      0.01685      0.00259      0.10683      0.01785      
167700  0.20848    0.02110    0.04026    0.00231      0.10453      0.01708      0.00257      0.10678      0.01793      
167800  0.20750    0.02110    0.04026    0.00227      0.10398      0.01650      0.00252      0.10672      0.01762      
167900  0.20897    0.02108    0.04025    0.00242      0.10449      0.01713      0.00252      0.10694      0.01806      
168000  0.20825    0.02106    0.04025    0.00227      0.10447      0.01694      0.00253      0.10704      0.01815      
168100  0.20740    0.02107    0.04025    0.00232      0.10389      0.01660      0.00254      0.10684      0.01799      
168200  0.20893    0.02103    0.04023    0.00235      0.10440      0.01708      0.00249      0.10701      0.01804      
168300  0.20836    0.02100    0.04022    0.00229      0.10442      0.01709      0.00249      0.10704      0.01793      
168400  0.20731    0.02099    0.04021    0.00224      0.10407      0.01657      0.00255      0.10722      0.01809      
168500  0.20886    0.02100    0.04021    0.00244      0.10437      0.01692      0.00252      0.10722      0.01797      
168600  0.20827    0.02096    0.04018    0.00232      0.10438      0.01701      0.00256      0.10706      0.01808      
168700  0.20732    0.02096    0.04018    0.00230      0.10372      0.01657      0.00257      0.10687      0.01804      
168800  0.20872    0.02097    0.04016    0.00236      0.10442      0.01718      0.00248      0.10703      0.01807      
168900  0.20827    0.02100    0.04017    0.00229      0.10448      0.01703      0.00260      0.10710      0.01829      
169000  0.20744    0.02097    0.04015    0.00222      0.10408      0.01668      0.00247      0.10717      0.01802      
169100  0.20866    0.02097    0.04015    0.00239      0.10466      0.01699      0.00252      0.10731      0.01811      
169200  0.20812    0.02094    0.04014    0.00224      0.10449      0.01699      0.00253      0.10714      0.01836      
169300  0.20736    0.02097    0.04015    0.00229      0.10403      0.01658      0.00256      0.10704      0.01804      
169400  0.20878    0.02095    0.04015    0.00242      0.10437      0.01701      0.00258      0.10690      0.01803      
169500  0.20811    0.02094    0.04014    0.00227      0.10437      0.01714      0.00252      0.10693      0.01805      
169600  0.20718    0.02093    0.04014    0.00224      0.10402      0.01666      0.00248      0.10696      0.01789      
169700  0.20873    0.02090    0.04012    0.00232      0.10467      0.01704      0.00247      0.10709      0.01791      
169800  0.20804    0.02088    0.04011    0.00229      0.10464      0.01696      0.00249      0.10708      0.01782      
169900  0.20706    0.02090    0.04011    0.00225      0.10391      0.01661      0.00253      0.10678      0.01801      
170000  0.20866    0.02086    0.04009    0.00249      0.10459      0.01696      0.00263      0.10705      0.01789      
170100  0.20801    0.02084    0.04008    0.00225      0.10450      0.01692      0.00251      0.10683      0.01785      
170200  0.20704    0.02083    0.04005    0.00229      0.10411      0.01655      0.00250      0.10702      0.01806      
170300  0.20858    0.02078    0.04005    0.00234      0.10451      0.01699      0.00247      0.10695      0.01781      
170400  0.20785    0.02078    0.04004    0.00227      0.10476      0.01695      0.00254      0.10741      0.01822      
170500  0.20688    0.02078    0.04003    0.00231      0.10431      0.01649      0.00251      0.10727      0.01793      
170600  0.20858    0.02077    0.04003    0.00242      0.10471      0.01700      0.00255      0.10720      0.01782      
170700  0.20788    0.02076    0.04002    0.00222      0.10466      0.01695      0.00244      0.10703      0.01760      
170800  0.20685    0.02075    0.04001    0.00225      0.10406      0.01651      0.00252      0.10696      0.01770      
170900  0.20844    0.02075    0.04001    0.00242      0.10449      0.01711      0.00252      0.10691      0.01792      
171000  0.20774    0.02076    0.04001    0.00226      0.10440      0.01681      0.00254      0.10695      0.01791      
171100  0.20669    0.02073    0.04000    0.00226      0.10400      0.01642      0.00252      0.10694      0.01767      
171200  0.20835    0.02077    0.04000    0.00235      0.10462      0.01695      0.00248      0.10712      0.01772      
171300  0.20760    0.02074    0.03999    0.00223      0.10445      0.01687      0.00245      0.10681      0.01754      
171400  0.20672    0.02073    0.03998    0.00224      0.10422      0.01644      0.00249      0.10702      0.01766      
171500  0.20828    0.02072    0.03997    0.00236      0.10471      0.01677      0.00252      0.10721      0.01768      
171600  0.20761    0.02071    0.03997    0.00228      0.10448      0.01697      0.00252      0.10681      0.01770      
171700  0.20672    0.02075    0.03997    0.00221      0.10417      0.01653      0.00249      0.10690      0.01786      
171800  0.20813    0.02074    0.03997    0.00242      0.10436      0.01691      0.00254      0.10672      0.01759      
171900  0.20756    0.02071    0.03995    0.00223      0.10442      0.01697      0.00243      0.10657      0.01749      
172000  0.20661    0.02071    0.03995    0.00224      0.10394      0.01646      0.00245      0.10660      0.01761      
172100  0.20811    0.02070    0.03995    0.00243      0.10424      0.01695      0.00251      0.10661      0.01774      
172200  0.20754    0.02069    0.03994    0.00224      0.10446      0.01687      0.00249      0.10673      0.01764      
172300  0.20655    0.02071    0.03994    0.00228      0.10400      0.01649      0.00252      0.10662      0.01752      
172400  0.20816    0.02068    0.03993    0.00236      0.10458      0.01691      0.00245      0.10680      0.01765      
172500  0.20754    0.02069    0.03992    0.00225      0.10455      0.01696      0.00245      0.10666      0.01775      
172600  0.20653    0.02067    0.03991    0.00225      0.10404      0.01639      0.00251      0.10656      0.01753      
172700  0.20813    0.02065    0.03989    0.00238      0.10458      0.01696      0.00241      0.10671      0.01745      
172800  0.20744    0.02065    0.03989    0.00224      0.10448      0.01705      0.00247      0.10665      0.01771      
172900  0.20652    0.02065    0.03988    0.00225      0.10409      0.01657      0.00244      0.10671      0.01774      
173000  0.20795    0.02063    0.03987    0.00234      0.10473      0.01703      0.00245      0.10688      0.01769      
173100  0.20745    0.02065    0.03987    0.00225      0.10456      0.01690      0.00251      0.10672      0.01776      
173200  0.20650    0.02063    0.03986    0.00226      0.10408      0.01666      0.00251      0.10669      0.01790      
173300  0.20793    0.02064    0.03986    0.00242      0.10459      0.01687      0.00252      0.10690      0.01774      
173400  0.20741    0.02061    0.03985    0.00230      0.10456      0.01689      0.00254      0.10679      0.01771      
173500  0.20639    0.02061    0.03983    0.00221      0.10409      0.01649      0.00244      0.10684      0.01774      
173600  0.20791    0.02056    0.03981    0.00250      0.10454      0.01695      0.00263      0.10683      0.01794      
173700  0.20731    0.02056    0.03980    0.00229      0.10438      0.01694      0.00257      0.10663      0.01794      
173800  0.20642    0.02058    0.03980    0.00225      0.10421      0.01640      0.00250      0.10682      0.01780      
173900  0.20786    0.02059    0.03980    0.00240      0.10463      0.01682      0.00257      0.10691      0.01783      
174000  0.20729    0.02057    0.03979    0.00228      0.10461      0.01688      0.00253      0.10678      0.01777      
174100  0.20634    0.02054    0.03978    0.00231      0.10426      0.01626      0.00253      0.10687      0.01759      
174200  0.20776    0.02055    0.03978    0.00236      0.10475      0.01687      0.00249      0.10703      0.01772      
174300  0.20733    0.02054    0.03977    0.00223      0.10466      0.01686      0.00245      0.10684      0.01747      
174400  0.20635    0.02057    0.03977    0.00222      0.10424      0.01649      0.00249      0.10690      0.01767      
174500  0.20777    0.02055    0.03976    0.00235      0.10454      0.01691      0.00245      0.10683      0.01754      
174600  0.20728    0.02052    0.03975    0.00226      0.10471      0.01691      0.00247      0.10697      0.01754      
174700  0.20626    0.02052    0.03974    0.00220      0.10410      0.01648      0.00246      0.10681      0.01759      
174800  0.20776    0.02052    0.03974    0.00235      0.10477      0.01701      0.00250      0.10704      0.01786      
174900  0.20722    0.02050    0.03972    0.00224      0.10473      0.01696      0.00251      0.10689      0.01773      
175000  0.20624    0.02046    0.03970    0.00223      0.10445      0.01642      0.00247      0.10712      0.01762      
175100  0.20754    0.02046    0.03970    0.00237      0.10453      0.01685      0.00248      0.10664      0.01761      
175200  0.20706    0.02042    0.03968    0.00224      0.10459      0.01707      0.00252      0.10672      0.01804      
175300  0.20610    0.02042    0.03968    0.00225      0.10429      0.01640      0.00251      0.10686      0.01751      
175400  0.20752    0.02044    0.03967    0.00235      0.10443      0.01689      0.00252      0.10674      0.01781      
175500  0.20707    0.02045    0.03968    0.00235      0.10460      0.01676      0.00262      0.10688      0.01775      
175600  0.20610    0.02042    0.03966    0.00222      0.10414      0.01666      0.00249      0.10684      0.01787      
175700  0.20762    0.02044    0.03966    0.00240      0.10448      0.01691      0.00250      0.10669      0.01768      
175800  0.20710    0.02042    0.03966    0.00229      0.10458      0.01688      0.00256      0.10662      0.01768      
175900  0.20609    0.02039    0.03965    0.00231      0.10424      0.01633      0.00260      0.10686      0.01757      
176000  0.20739    0.02038    0.03964    0.00242      0.10472      0.01674      0.00246      0.10687      0.01753      
176100  0.20697    0.02040    0.03965    0.00226      0.10445      0.01691      0.00251      0.10663      0.01768      
176200  0.20606    0.02043    0.03964    0.00221      0.10416      0.01632      0.00244      0.10683      0.01749      
176300  0.20738    0.02038    0.03963    0.00239      0.10465      0.01701      0.00252      0.10692      0.01784      
176400  0.20692    0.02039    0.03962    0.00226      0.10455      0.01674      0.00248      0.10677      0.01758      
176500  0.20593    0.02038    0.03962    0.00223      0.10405      0.01643      0.00246      0.10672      0.01753      
176600  0.20743    0.02037    0.03961    0.00237      0.10448      0.01691      0.00246      0.10670      0.01755      
176700  0.20686    0.02034    0.03960    0.00225      0.10454      0.01686      0.00245      0.10658      0.01745      
176800  0.20594    0.02033    0.03960    0.00224      0.10402      0.01638      0.00245      0.10668      0.01744      
176900  0.20741    0.02034    0.03960    0.00233      0.10471      0.01681      0.00245      0.10699      0.01752      
177000  0.20679    0.02032    0.03958    0.00231      0.10473      0.01673      0.00251      0.10684      0.01754      
177100  0.20581    0.02030    0.03957    0.00226      0.10398      0.01635      0.00250      0.10665      0.01748      
177200  0.20729    0.02031    0.03957    0.00241      0.10444      0.01683      0.00248      0.10664      0.01751      
177300  0.20679    0.02027    0.03956    0.00226      0.10469      0.01695      0.00248      0.10676      0.01756      
177400  0.20577    0.02022    0.03954    0.00230      0.10420      0.01650      0.00257      0.10684      0.01775      
177500  0.20725    0.02023    0.03954    0.00235      0.10456      0.01680      0.00248      0.10692      0.01742      
177600  0.20666    0.02024    0.03953    0.00230      0.10451      0.01676      0.00253      0.10681      0.01758      
177700  0.20569    0.02024    0.03953    0.00226      0.10410      0.01631      0.00247      0.10682      0.01755      
177800  0.20721    0.02025    0.03952    0.00237      0.10455      0.01690      0.00247      0.10681      0.01753      
177900  0.20666    0.02023    0.03951    0.00225      0.10453      0.01691      0.00245      0.10667      0.01758      
178000  0.20574    0.02024    0.03951    0.00222      0.10411      0.01629      0.00244      0.10688      0.01748      
178100  0.20720    0.02020    0.03950    0.00235      0.10479      0.01688      0.00246      0.10712      0.01759      
178200  0.20664    0.02020    0.03949    0.00224      0.10468      0.01690      0.00248      0.10697      0.01777      
178300  0.20557    0.02019    0.03949    0.00225      0.10409      0.01633      0.00249      0.10672      0.01766      
178400  0.20727    0.02023    0.03950    0.00242      0.10460      0.01695      0.00250      0.10688      0.01770      
178500  0.20673    0.02025    0.03949    0.00223      0.10478      0.01688      0.00243      0.10695      0.01763      
178600  0.20561    0.02021    0.03948    0.00228      0.10406      0.01639      0.00252      0.10657      0.01783      
178700  0.20719    0.02019    0.03946    0.00236      0.10464      0.01707      0.00243      0.10668      0.01771      
178800  0.20659    0.02019    0.03946    0.00223      0.10500      0.01671      0.00244      0.10702      0.01761      
178900  0.20565    0.02017    0.03945    0.00227      0.10398      0.01645      0.00248      0.10648      0.01783      
179000  0.20719    0.02016    0.03944    0.00238      0.10441      0.01710      0.00245      0.10641      0.01767      
179100  0.20646    0.02015    0.03943    0.00223      0.10444      0.01700      0.00242      0.10644      0.01772      
179200  0.20554    0.02013    0.03942    0.00229      0.10404      0.01634      0.00252      0.10650      0.01764      
179300  0.20712    0.02014    0.03942    0.00241      0.10477      0.01698      0.00246      0.10674      0.01756      
179400  0.20641    0.02015    0.03942    0.00222      0.10468      0.01686      0.00242      0.10670      0.01761      
179500  0.20539    0.02014    0.03941    0.00223      0.10396      0.01640      0.00245      0.10635      0.01759      
179600  0.20704    0.02013    0.03941    0.00234      0.10468      0.01692      0.00245      0.10671      0.01753      
179700  0.20632    0.02014    0.03941    0.00222      0.10472      0.01685      0.00241      0.10667      0.01749      
179800  0.20542    0.02010    0.03939    0.00223      0.10439      0.01641      0.00242      0.10680      0.01752      
179900  0.20693    0.02009    0.03939    0.00237      0.10476      0.01700      0.00247      0.10683      0.01751      
180000  0.20630    0.02007    0.03938    0.00224      0.10452      0.01681      0.00243      0.10643      0.01752      
180100  0.20536    0.02007    0.03938    0.00222      0.10414      0.01647      0.00245      0.10660      0.01758      
180200  0.20692    0.02007    0.03938    0.00242      0.10454      0.01703      0.00247      0.10663      0.01759      
180300  0.20622    0.02006    0.03937    0.00226      0.10474      0.01693      0.00245      0.10675      0.01760      
180400  0.20534    0.02010    0.03937    0.00224      0.10391      0.01652      0.00238      0.10644      0.01767      
180500  0.20690    0.02009    0.03936    0.00234      0.10444      0.01702      0.00244      0.10647      0.01753      
180600  0.20616    0.02006    0.03935    0.00225      0.10456      0.01680      0.00244      0.10652      0.01753      
180700  0.20537    0.02007    0.03934    0.00226      0.10392      0.01642      0.00244      0.10633      0.01752      
180800  0.20675    0.02007    0.03934    0.00238      0.10430      0.01701      0.00243      0.10631      0.01745      
180900  0.20613    0.02004    0.03933    0.00226      0.10450      0.01687      0.00244      0.10643      0.01747      
181000  0.20530    0.02004    0.03932    0.00228      0.10417      0.01630      0.00245      0.10656      0.01738      
181100  0.20676    0.02004    0.03931    0.00234      0.10470      0.01699      0.00240      0.10668      0.01748      
181200  0.20597    0.02002    0.03930    0.00230      0.10460      0.01670      0.00246      0.10661      0.01734      
181300  0.20530    0.02003    0.03930    0.00227      0.10409      0.01627      0.00247      0.10653      0.01745      
181400  0.20682    0.02001    0.03929    0.00237      0.10450      0.01696      0.00244      0.10652      0.01747      
181500  0.20610    0.01998    0.03928    0.00227      0.10478      0.01689      0.00243      0.10675      0.01753      
181600  0.20518    0.01999    0.03928    0.00225      0.10402      0.01663      0.00243      0.10648      0.01763      
181700  0.20672    0.01998    0.03928    0.00232      0.10451      0.01679      0.00239      0.10652      0.01737      
181800  0.20595    0.01996    0.03927    0.00224      0.10459      0.01674      0.00239      0.10657      0.01756      
181900  0.20505    0.01996    0.03926    0.00226      0.10412      0.01633      0.00241      0.10660      0.01745      
182000  0.20660    0.01995    0.03926    0.00236      0.10455      0.01682      0.00245      0.10658      0.01738      
182100  0.20589    0.01996    0.03925    0.00222      0.10477      0.01664      0.00239      0.10669      0.01736      
182200  0.20515    0.01994    0.03925    0.00225      0.10421      0.01639      0.00245      0.10656      0.01740      
182300  0.20658    0.01997    0.03925    0.00237      0.10459      0.01686      0.00242      0.10650      0.01735      
182400  0.20585    0.01994    0.03923    0.00223      0.10444      0.01678      0.00242      0.10629      0.01746      
182500  0.20508    0.01995    0.03924    0.00222      0.10380      0.01640      0.00241      0.10615      0.01748      
182600  0.20657    0.01993    0.03923    0.00233      0.10453      0.01697      0.00241      0.10649      0.01757      
182700  0.20579    0.01995    0.03922    0.00226      0.10431      0.01693      0.00245      0.10628      0.01752      
182800  0.20502    0.01994    0.03922    0.00225      0.10390      0.01634      0.00240      0.10636      0.01742      
182900  0.20649    0.01994    0.03921    0.00239      0.10440      0.01695      0.00245      0.10642      0.01752      
183000  0.20570    0.01992    0.03921    0.00226      0.10430      0.01666      0.00245      0.10623      0.01744      
183100  0.20489    0.01993    0.03920    0.00228      0.10366      0.01638      0.00247      0.10610      0.01754      
183200  0.20648    0.01994    0.03920    0.00245      0.10417      0.01685      0.00252      0.10621      0.01750      
183300  0.20581    0.01993    0.03919    0.00224      0.10441      0.01685      0.00243      0.10640      0.01753      
183400  0.20478    0.01993    0.03919    0.00226      0.10383      0.01628      0.00243      0.10625      0.01737      
183500  0.20645    0.01990    0.03918    0.00238      0.10452      0.01687      0.00243      0.10647      0.01747      
183600  0.20566    0.01989    0.03917    0.00224      0.10438      0.01689      0.00241      0.10629      0.01748      
183700  0.20484    0.01989    0.03916    0.00224      0.10383      0.01634      0.00244      0.10623      0.01738      
183800  0.20638    0.01987    0.03915    0.00239      0.10449      0.01693      0.00244      0.10648      0.01751      
183900  0.20562    0.01987    0.03915    0.00223      0.10451      0.01669      0.00243      0.10636      0.01744      
184000  0.20478    0.01988    0.03914    0.00223      0.10400      0.01626      0.00244      0.10643      0.01740      
184100  0.20629    0.01985    0.03913    0.00238      0.10462      0.01685      0.00243      0.10660      0.01737      
184200  0.20546    0.01982    0.03912    0.00222      0.10461      0.01660      0.00241      0.10648      0.01732      
184300  0.20472    0.01981    0.03911    0.00227      0.10383      0.01634      0.00248      0.10622      0.01731      
184400  0.20634    0.01984    0.03911    0.00239      0.10450      0.01699      0.00243      0.10644      0.01753      
184500  0.20554    0.01984    0.03911    0.00226      0.10428      0.01669      0.00245      0.10618      0.01732      
184600  0.20471    0.01981    0.03910    0.00224      0.10391      0.01649      0.00244      0.10632      0.01742      
184700  0.20619    0.01980    0.03910    0.00236      0.10426      0.01687      0.00244      0.10623      0.01748      
184800  0.20551    0.01978    0.03909    0.00225      0.10421      0.01694      0.00244      0.10611      0.01750      
184900  0.20466    0.01976    0.03908    0.00223      0.10378      0.01641      0.00244      0.10619      0.01741      
185000  0.20611    0.01977    0.03907    0.00236      0.10432      0.01692      0.00242      0.10629      0.01752      
185100  0.20538    0.01977    0.03907    0.00224      0.10438      0.01684      0.00245      0.10627      0.01749      
185200  0.20454    0.01974    0.03905    0.00223      0.10383      0.01639      0.00245      0.10638      0.01766      
185300  0.20606    0.01975    0.03905    0.00240      0.10421      0.01697      0.00245      0.10630      0.01768      
185400  0.20535    0.01974    0.03905    0.00222      0.10426      0.01689      0.00246      0.10625      0.01759      
185500  0.20445    0.01972    0.03904    0.00226      0.10386      0.01637      0.00248      0.10633      0.01757      
185600  0.20594    0.01972    0.03902    0.00240      0.10424      0.01701      0.00245      0.10626      0.01764      
185700  0.20531    0.01969    0.03901    0.00222      0.10428      0.01696      0.00244      0.10620      0.01768      
185800  0.20442    0.01970    0.03901    0.00227      0.10383      0.01642      0.00252      0.10633      0.01771      
185900  0.20583    0.01965    0.03900    0.00240      0.10428      0.01713      0.00252      0.10625      0.01781      
186000  0.20527    0.01968    0.03900    0.00223      0.10433      0.01710      0.00248      0.10630      0.01772      
186100  0.20434    0.01966    0.03899    0.00220      0.10392      0.01646      0.00243      0.10640      0.01759      
186200  0.20581    0.01966    0.03899    0.00238      0.10420      0.01703      0.00244      0.10619      0.01759      
186300  0.20525    0.01966    0.03898    0.00225      0.10431      0.01693      0.00247      0.10622      0.01770      
186400  0.20436    0.01967    0.03898    0.00222      0.10388      0.01666      0.00243      0.10634      0.01774      
186500  0.20583    0.01965    0.03896    0.00237      0.10431      0.01702      0.00246      0.10637      0.01757      
186600  0.20517    0.01964    0.03895    0.00221      0.10441      0.01691      0.00244      0.10636      0.01760      
186700  0.20426    0.01966    0.03895    0.00225      0.10382      0.01637      0.00249      0.10635      0.01743      
186800  0.20583    0.01966    0.03894    0.00238      0.10436      0.01702      0.00246      0.10639      0.01752      
186900  0.20529    0.01964    0.03893    0.00223      0.10444      0.01695      0.00245      0.10641      0.01751      
187000  0.20419    0.01960    0.03892    0.00224      0.10379      0.01649      0.00248      0.10631      0.01753      
187100  0.20560    0.01961    0.03892    0.00234      0.10412      0.01709      0.00247      0.10620      0.01767      
187200  0.20516    0.01961    0.03892    0.00226      0.10437      0.01693      0.00251      0.10635      0.01758      
187300  0.20417    0.01960    0.03891    0.00227      0.10364      0.01651      0.00251      0.10613      0.01766      
187400  0.20567    0.01958    0.03890    0.00238      0.10430      0.01709      0.00253      0.10643      0.01785      
187500  0.20506    0.01957    0.03890    0.00222      0.10467      0.01686      0.00245      0.10663      0.01775      
187600  0.20404    0.01955    0.03888    0.00225      0.10381      0.01673      0.00254      0.10637      0.01809      
187700  0.20561    0.01951    0.03887    0.00236      0.10460      0.01707      0.00253      0.10675      0.01787      
187800  0.20499    0.01951    0.03886    0.00223      0.10454      0.01692      0.00256      0.10660      0.01802      
187900  0.20396    0.01949    0.03886    0.00222      0.10401      0.01638      0.00250      0.10657      0.01763      
188000  0.20549    0.01948    0.03886    0.00235      0.10425      0.01711      0.00251      0.10643      0.01783      
188100  0.20499    0.01947    0.03884    0.00231      0.10443      0.01682      0.00255      0.10651      0.01783      
188200  0.20390    0.01947    0.03884    0.00223      0.10377      0.01656      0.00249      0.10637      0.01779      
188300  0.20551    0.01946    0.03883    0.00252      0.10425      0.01709      0.00262      0.10644      0.01766      
188400  0.20482    0.01946    0.03883    0.00225      0.10432      0.01698      0.00247      0.10633      0.01769      
188500  0.20383    0.01945    0.03882    0.00227      0.10364      0.01647      0.00246      0.10621      0.01763      
188600  0.20557    0.01945    0.03881    0.00235      0.10419      0.01718      0.00244      0.10628      0.01758      
188700  0.20479    0.01944    0.03880    0.00224      0.10470      0.01665      0.00247      0.10682      0.01750      
188800  0.20384    0.01945    0.03881    0.00223      0.10391      0.01640      0.00246      0.10651      0.01753      
188900  0.20548    0.01941    0.03879    0.00243      0.10422      0.01720      0.00249      0.10641      0.01760      
189000  0.20482    0.01940    0.03879    0.00228      0.10453      0.01671      0.00247      0.10659      0.01741      
189100  0.20376    0.01939    0.03878    0.00228      0.10378      0.01636      0.00256      0.10639      0.01762      
189200  0.20543    0.01941    0.03878    0.00240      0.10444      0.01692      0.00250      0.10656      0.01736      
189300  0.20484    0.01941    0.03878    0.00221      0.10444      0.01698      0.00243      0.10643      0.01762      
189400  0.20363    0.01939    0.03877    0.00221      0.10384      0.01641      0.00248      0.10649      0.01760      
189500  0.20541    0.01941    0.03877    0.00236      0.10427      0.01696      0.00250      0.10654      0.01762      
189600  0.20472    0.01936    0.03875    0.00225      0.10434      0.01676      0.00246      0.10645      0.01751      
189700  0.20357    0.01934    0.03875    0.00227      0.10351      0.01643      0.00254      0.10619      0.01774      
189800  0.20535    0.01938    0.03875    0.00236      0.10445      0.01689      0.00245      0.10666      0.01759      
189900  0.20474    0.01937    0.03875    0.00227      0.10441      0.01698      0.00249      0.10664      0.01791      
190000  0.20364    0.01938    0.03875    0.00223      0.10396      0.01637      0.00250      0.10663      0.01781      
190100  0.20525    0.01935    0.03873    0.00238      0.10445      0.01700      0.00255      0.10668      0.01801      
190200  0.20461    0.01933    0.03873    0.00228      0.10415      0.01680      0.00254      0.10634      0.01790      
190300  0.20354    0.01933    0.03872    0.00223      0.10371      0.01644      0.00249      0.10626      0.01766      
190400  0.20525    0.01934    0.03872    0.00235      0.10424      0.01708      0.00247      0.10647      0.01766      
190500  0.20459    0.01933    0.03871    0.00226      0.10420      0.01680      0.00250      0.10637      0.01768      
190600  0.20354    0.01931    0.03870    0.00226      0.10368      0.01636      0.00255      0.10632      0.01782      
190700  0.20523    0.01931    0.03870    0.00238      0.10425      0.01710      0.00251      0.10642      0.01787      
190800  0.20452    0.01934    0.03870    0.00225      0.10438      0.01684      0.00248      0.10654      0.01769      
190900  0.20362    0.01932    0.03869    0.00223      0.10390      0.01649      0.00250      0.10653      0.01788      
191000  0.20522    0.01933    0.03869    0.00235      0.10428      0.01702      0.00247      0.10650      0.01768      
191100  0.20439    0.01929    0.03867    0.00227      0.10431      0.01677      0.00252      0.10645      0.01781      
191200  0.20357    0.01929    0.03867    0.00225      0.10387      0.01637      0.00247      0.10653      0.01766      
191300  0.20515    0.01932    0.03867    0.00237      0.10430      0.01688      0.00251      0.10663      0.01778      
191400  0.20448    0.01932    0.03867    0.00228      0.10435      0.01667      0.00254      0.10662      0.01787      
191500  0.20351    0.01930    0.03867    0.00224      0.10372      0.01630      0.00249      0.10640      0.01759      
191600  0.20524    0.01927    0.03866    0.00238      0.10426      0.01701      0.00253      0.10662      0.01790      
191700  0.20447    0.01927    0.03865    0.00223      0.10441      0.01689      0.00247      0.10653      0.01794      
191800  0.20343    0.01926    0.03865    0.00225      0.10372      0.01635      0.00253      0.10651      0.01771      
191900  0.20525    0.01923    0.03864    0.00242      0.10398      0.01715      0.00251      0.10635      0.01798      
192000  0.20430    0.01922    0.03862    0.00223      0.10428      0.01674      0.00247      0.10641      0.01781      
192100  0.20329    0.01922    0.03863    0.00222      0.10364      0.01649      0.00245      0.10622      0.01761      
192200  0.20499    0.01922    0.03862    0.00236      0.10414      0.01699      0.00248      0.10631      0.01764      
192300  0.20431    0.01920    0.03861    0.00220      0.10442      0.01684      0.00246      0.10652      0.01780      
192400  0.20324    0.01919    0.03861    0.00227      0.10361      0.01641      0.00254      0.10625      0.01789      
192500  0.20495    0.01919    0.03861    0.00238      0.10416      0.01708      0.00250      0.10636      0.01774      
192600  0.20436    0.01920    0.03861    0.00225      0.10421      0.01686      0.00250      0.10630      0.01787      
192700  0.20318    0.01920    0.03861    0.00222      0.10376      0.01635      0.00249      0.10636      0.01762      
192800  0.20504    0.01921    0.03860    0.00237      0.10421      0.01698      0.00248      0.10642      0.01765      
192900  0.20426    0.01919    0.03860    0.00221      0.10421      0.01685      0.00250      0.10638      0.01813      
193000  0.20325    0.01921    0.03859    0.00225      0.10355      0.01645      0.00249      0.10620      0.01786      
193100  0.20492    0.01920    0.03859    0.00239      0.10410      0.01692      0.00251      0.10630      0.01770      
193200  0.20431    0.01919    0.03859    0.00223      0.10434      0.01701      0.00244      0.10648      0.01772      
193300  0.20322    0.01919    0.03858    0.00221      0.10360      0.01644      0.00244      0.10630      0.01775      
193400  0.20502    0.01922    0.03857    0.00234      0.10423      0.01704      0.00245      0.10653      0.01784      
193500  0.20433    0.01920    0.03857    0.00225      0.10428      0.01712      0.00247      0.10647      0.01788      
193600  0.20316    0.01920    0.03857    0.00222      0.10383      0.01624      0.00245      0.10652      0.01767      
193700  0.20503    0.01920    0.03857    0.00238      0.10401      0.01696      0.00246      0.10635      0.01771      
193800  0.20419    0.01919    0.03856    0.00222      0.10424      0.01706      0.00250      0.10648      0.01796      
193900  0.20310    0.01919    0.03855    0.00224      0.10363      0.01629      0.00250      0.10651      0.01789      
194000  0.20498    0.01919    0.03854    0.00239      0.10411      0.01697      0.00247      0.10638      0.01762      
194100  0.20426    0.01919    0.03854    0.00222      0.10444      0.01688      0.00249      0.10664      0.01768      
194200  0.20305    0.01919    0.03854    0.00222      0.10368      0.01636      0.00248      0.10636      0.01773      
194300  0.20490    0.01917    0.03853    0.00236      0.10426      0.01687      0.00247      0.10646      0.01767      
194400  0.20414    0.01917    0.03852    0.00221      0.10411      0.01696      0.00243      0.10629      0.01761      
194500  0.20305    0.01916    0.03852    0.00225      0.10368      0.01632      0.00250      0.10636      0.01753      
194600  0.20477    0.01913    0.03851    0.00237      0.10405      0.01714      0.00249      0.10624      0.01793      
194700  0.20414    0.01912    0.03849    0.00228      0.10407      0.01692      0.00252      0.10621      0.01781      
194800  0.20293    0.01911    0.03850    0.00228      0.10361      0.01632      0.00253      0.10636      0.01776      
194900  0.20475    0.01910    0.03849    0.00242      0.10413      0.01703      0.00249      0.10633      0.01783      
195000  0.20408    0.01909    0.03849    0.00222      0.10421      0.01698      0.00247      0.10642      0.01792      
195100  0.20293    0.01908    0.03848    0.00225      0.10371      0.01635      0.00253      0.10654      0.01790      
195200  0.20466    0.01907    0.03848    0.00234      0.10414      0.01708      0.00251      0.10651      0.01818      
195300  0.20401    0.01906    0.03847    0.00224      0.10423      0.01699      0.00250      0.10657      0.01799      
195400  0.20289    0.01905    0.03846    0.00222      0.10359      0.01639      0.00245      0.10637      0.01779      
195500  0.20479    0.01905    0.03846    0.00244      0.10421      0.01698      0.00257      0.10651      0.01777      
195600  0.20397    0.01903    0.03844    0.00224      0.10402      0.01691      0.00251      0.10631      0.01801      
195700  0.20275    0.01902    0.03844    0.00225      0.10378      0.01632      0.00247      0.10653      0.01772      
195800  0.20460    0.01902    0.03843    0.00238      0.10441      0.01692      0.00247      0.10666      0.01777      
195900  0.20383    0.01901    0.03843    0.00222      0.10428      0.01693      0.00250      0.10658      0.01807      
196000  0.20272    0.01900    0.03842    0.00220      0.10387      0.01633      0.00246      0.10665      0.01789      
196100  0.20464    0.01899    0.03841    0.00231      0.10434      0.01711      0.00245      0.10659      0.01781      
196200  0.20378    0.01898    0.03840    0.00223      0.10427      0.01682      0.00247      0.10647      0.01787      
196300  0.20260    0.01898    0.03840    0.00221      0.10375      0.01636      0.00251      0.10653      0.01810      
196400  0.20465    0.01899    0.03840    0.00240      0.10413      0.01761      0.00248      0.10645      0.01832      
196500  0.20384    0.01899    0.03839    0.00221      0.10434      0.01684      0.00246      0.10658      0.01795      
196600  0.20268    0.01896    0.03838    0.00223      0.10363      0.01638      0.00248      0.10650      0.01798      
196700  0.20452    0.01897    0.03838    0.00239      0.10426      0.01710      0.00248      0.10656      0.01784      
196800  0.20380    0.01897    0.03838    0.00223      0.10422      0.01704      0.00245      0.10640      0.01787      
196900  0.20263    0.01895    0.03837    0.00222      0.10356      0.01641      0.00244      0.10631      0.01772      
197000  0.20451    0.01895    0.03836    0.00244      0.10421      0.01710      0.00254      0.10651      0.01809      
197100  0.20369    0.01893    0.03835    0.00223      0.10396      0.01688      0.00250      0.10629      0.01795      
197200  0.20254    0.01893    0.03835    0.00222      0.10367      0.01641      0.00245      0.10642      0.01783      
197300  0.20442    0.01895    0.03835    0.00237      0.10407      0.01712      0.00244      0.10644      0.01786      
197400  0.20374    0.01892    0.03834    0.00231      0.10417      0.01704      0.00253      0.10642      0.01810      
197500  0.20257    0.01891    0.03833    0.00229      0.10353      0.01639      0.00255      0.10630      0.01793      
197600  0.20436    0.01889    0.03833    0.00239      0.10417      0.01714      0.00244      0.10643      0.01780      
197700  0.20368    0.01891    0.03833    0.00221      0.10439      0.01687      0.00242      0.10658      0.01780      
197800  0.20260    0.01891    0.03833    0.00223      0.10362      0.01638      0.00247      0.10627      0.01789      
197900  0.20442    0.01891    0.03833    0.00251      0.10386      0.01718      0.00258      0.10614      0.01794      
198000  0.20363    0.01892    0.03833    0.00225      0.10396      0.01688      0.00249      0.10633      0.01801      
198100  0.20257    0.01891    0.03833    0.00222      0.10340      0.01645      0.00245      0.10625      0.01782      
198200  0.20442    0.01889    0.03832    0.00236      0.10411      0.01716      0.00245      0.10652      0.01799      
198300  0.20354    0.01887    0.03830    0.00226      0.10404      0.01702      0.00249      0.10653      0.01804      
198400  0.20253    0.01886    0.03829    0.00222      0.10377      0.01637      0.00246      0.10679      0.01795      
198500  0.20431    0.01886    0.03828    0.00236      0.10407      0.01725      0.00250      0.10652      0.01811      
198600  0.20350    0.01885    0.03828    0.00224      0.10419      0.01697      0.00248      0.10657      0.01801      
198700  0.20240    0.01886    0.03828    0.00225      0.10354      0.01635      0.00246      0.10633      0.01778      
198800  0.20434    0.01885    0.03827    0.00239      0.10405      0.01722      0.00247      0.10647      0.01806      
198900  0.20351    0.01884    0.03826    0.00229      0.10426      0.01686      0.00250      0.10659      0.01786      
199000  0.20234    0.01882    0.03825    0.00225      0.10365      0.01635      0.00249      0.10660      0.01793      
199100  0.20422    0.01880    0.03824    0.00237      0.10403      0.01738      0.00247      0.10645      0.01817      
199200  0.20341    0.01877    0.03823    0.00222      0.10431      0.01686      0.00241      0.10657      0.01775      
199300  0.20226    0.01877    0.03822    0.00223      0.10369      0.01638      0.00248      0.10653      0.01792      
199400  0.20412    0.01875    0.03821    0.00238      0.10433      0.01713      0.00246      0.10675      0.01798      
199500  0.20334    0.01875    0.03821    0.00224      0.10425      0.01687      0.00243      0.10651      0.01777      
199600  0.20232    0.01877    0.03821    0.00223      0.10364      0.01637      0.00246      0.10643      0.01782      
199700  0.20417    0.01874    0.03819    0.00238      0.10416      0.01711      0.00242      0.10638      0.01773      
199800  0.20331    0.01875    0.03819    0.00224      0.10405      0.01685      0.00243      0.10625      0.01772      
199900  0.20223    0.01875    0.03819    0.00224      0.10349      0.01645      0.00245      0.10628      0.01773      
200000  0.20406    0.01874    0.03818    0.00238      0.10396      0.01720      0.00244      0.10633      0.01787      
200100  0.20331    0.01877    0.03818    0.00221      0.10417      0.01683      0.00242      0.10647      0.01780      
200200  0.20220    0.01878    0.03818    0.00226      0.10341      0.01651      0.00247      0.10611      0.01792      
200300  0.20420    0.01876    0.03817    0.00237      0.10392      0.01717      0.00245      0.10626      0.01778      
200400  0.20337    0.01878    0.03817    0.00222      0.10410      0.01697      0.00245      0.10630      0.01773      
200500  0.20217    0.01875    0.03816    0.00223      0.10351      0.01652      0.00245      0.10628      0.01773      
200600  0.20419    0.01875    0.03815    0.00241      0.10401      0.01719      0.00249      0.10628      0.01781      
200700  0.20327    0.01872    0.03815    0.00225      0.10421      0.01690      0.00249      0.10646      0.01783      
200800  0.20210    0.01871    0.03814    0.00222      0.10376      0.01645      0.00244      0.10661      0.01786      
200900  0.20411    0.01870    0.03813    0.00233      0.10417      0.01704      0.00244      0.10657      0.01770      
201000  0.20329    0.01871    0.03812    0.00225      0.10423      0.01690      0.00246      0.10652      0.01774      
201100  0.20211    0.01869    0.03812    0.00222      0.10370      0.01636      0.00247      0.10655      0.01778      
201200  0.20396    0.01868    0.03811    0.00236      0.10401      0.01717      0.00247      0.10645      0.01787      
201300  0.20326    0.01868    0.03810    0.00227      0.10405      0.01692      0.00248      0.10634      0.01786      
201400  0.20208    0.01869    0.03810    0.00218      0.10383      0.01635      0.00241      0.10671      0.01782      
201500  0.20411    0.01868    0.03809    0.00233      0.10426      0.01706      0.00243      0.10655      0.01776      
201600  0.20315    0.01866    0.03809    0.00224      0.10420      0.01685      0.00248      0.10649      0.01785      
201700  0.20201    0.01865    0.03809    0.00223      0.10353      0.01641      0.00249      0.10640      0.01777      
201800  0.20397    0.01867    0.03809    0.00237      0.10410      0.01707      0.00250      0.10640      0.01782      
201900  0.20314    0.01866    0.03808    0.00223      0.10409      0.01692      0.00250      0.10635      0.01798      
202000  0.20198    0.01863    0.03807    0.00227      0.10360      0.01637      0.00254      0.10651      0.01785      
202100  0.20396    0.01863    0.03806    0.00234      0.10417      0.01734      0.00244      0.10652      0.01800      
202200  0.20300    0.01864    0.03807    0.00220      0.10408      0.01683      0.00246      0.10641      0.01795      
202300  0.20203    0.01862    0.03806    0.00221      0.10343      0.01647      0.00249      0.10635      0.01812      
202400  0.20390    0.01861    0.03805    0.00237      0.10421      0.01708      0.00250      0.10655      0.01795      
202500  0.20295    0.01861    0.03805    0.00222      0.10432      0.01677      0.00246      0.10668      0.01778      
202600  0.20201    0.01860    0.03804    0.00225      0.10369      0.01642      0.00252      0.10658      0.01790      
202700  0.20384    0.01858    0.03802    0.00232      0.10410      0.01710      0.00247      0.10654      0.01794      
202800  0.20282    0.01856    0.03802    0.00222      0.10437      0.01682      0.00244      0.10657      0.01770      
202900  0.20189    0.01853    0.03801    0.00226      0.10340      0.01652      0.00256      0.10620      0.01804      
203000  0.20382    0.01853    0.03801    0.00235      0.10420      0.01711      0.00247      0.10647      0.01780      
203100  0.20277    0.01853    0.03800    0.00223      0.10428      0.01683      0.00247      0.10653      0.01786      
203200  0.20190    0.01854    0.03800    0.00224      0.10355      0.01646      0.00246      0.10631      0.01773      
203300  0.20365    0.01853    0.03800    0.00234      0.10396      0.01710      0.00250      0.10627      0.01776      
203400  0.20282    0.01854    0.03799    0.00226      0.10418      0.01684      0.00249      0.10642      0.01762      
203500  0.20181    0.01851    0.03799    0.00221      0.10367      0.01639      0.00244      0.10643      0.01769      
203600  0.20360    0.01850    0.03798    0.00237      0.10406      0.01728      0.00249      0.10638      0.01790      
203700  0.20274    0.01849    0.03798    0.00223      0.10410      0.01699      0.00247      0.10632      0.01780      
203800  0.20176    0.01847    0.03797    0.00224      0.10357      0.01640      0.00248      0.10633      0.01780      
203900  0.20358    0.01847    0.03796    0.00238      0.10418      0.01719      0.00247      0.10650      0.01772      
204000  0.20264    0.01843    0.03795    0.00222      0.10412      0.01695      0.00246      0.10641      0.01773      
204100  0.20168    0.01844    0.03795    0.00226      0.10353      0.01641      0.00248      0.10630      0.01767      
204200  0.20361    0.01844    0.03794    0.00240      0.10412      0.01713      0.00250      0.10632      0.01775      
204300  0.20269    0.01844    0.03795    0.00222      0.10429      0.01689      0.00248      0.10651      0.01780      
204400  0.20162    0.01845    0.03794    0.00225      0.10353      0.01641      0.00253      0.10622      0.01772      
204500  0.20361    0.01844    0.03794    0.00237      0.10413      0.01715      0.00248      0.10638      0.01780      
204600  0.20265    0.01845    0.03794    0.00221      0.10403      0.01701      0.00247      0.10624      0.01783      
204700  0.20171    0.01845    0.03793    0.00221      0.10372      0.01652      0.00246      0.10646      0.01793      
204800  0.20359    0.01845    0.03792    0.00238      0.10399      0.01721      0.00246      0.10626      0.01796      
204900  0.20264    0.01843    0.03792    0.00223      0.10417      0.01704      0.00242      0.10639      0.01781      
205000  0.20158    0.01845    0.03792    0.00224      0.10372      0.01635      0.00248      0.10643      0.01776      
205100  0.20345    0.01844    0.03792    0.00236      0.10423      0.01691      0.00252      0.10646      0.01778      
205200  0.20259    0.01843    0.03791    0.00223      0.10433      0.01668      0.00250      0.10663      0.01777      
205300  0.20162    0.01843    0.03791    0.00222      0.10370      0.01635      0.00249      0.10643      0.01762      
205400  0.20342    0.01842    0.03791    0.00238      0.10415      0.01707      0.00250      0.10645      0.01788      
205500  0.20262    0.01845    0.03791    0.00224      0.10421      0.01693      0.00248      0.10640      0.01790      
205600  0.20161    0.01842    0.03790    0.00221      0.10372      0.01636      0.00246      0.10643      0.01782      
205700  0.20346    0.01842    0.03789    0.00240      0.10420      0.01708      0.00252      0.10645      0.01783      
205800  0.20260    0.01842    0.03789    0.00222      0.10428      0.01682      0.00249      0.10649      0.01789      
205900  0.20155    0.01842    0.03789    0.00221      0.10373      0.01631      0.00249      0.10649      0.01781      
206000  0.20355    0.01843    0.03789    0.00236      0.10421      0.01711      0.00250      0.10645      0.01769      
206100  0.20252    0.01841    0.03788    0.00227      0.10430      0.01666      0.00252      0.10649      0.01775      
206200  0.20145    0.01841    0.03788    0.00221      0.10378      0.01629      0.00248      0.10657      0.01777      
206300  0.20346    0.01840    0.03787    0.00237      0.10401      0.01727      0.00247      0.10636      0.01790      
206400  0.20253    0.01840    0.03787    0.00224      0.10430      0.01695      0.00248      0.10651      0.01798      
206500  0.20158    0.01842    0.03786    0.00221      0.10376      0.01632      0.00245      0.10652      0.01767      
206600  0.20342    0.01841    0.03785    0.00235      0.10433      0.01699      0.00246      0.10671      0.01769      
206700  0.20248    0.01841    0.03785    0.00220      0.10442      0.01678      0.00244      0.10670      0.01772      
206800  0.20148    0.01840    0.03784    0.00224      0.10367      0.01637      0.00250      0.10645      0.01777      
206900  0.20344    0.01840    0.03784    0.00234      0.10444      0.01699      0.00245      0.10672      0.01768      
207000  0.20249    0.01839    0.03783    0.00219      0.10442      0.01679      0.00243      0.10661      0.01764      
207100  0.20139    0.01839    0.03783    0.00224      0.10359      0.01638      0.00248      0.10630      0.01765      
207200  0.20343    0.01840    0.03783    0.00234      0.10401      0.01707      0.00243      0.10629      0.01770      
207300  0.20247    0.01840    0.03782    0.00220      0.10416      0.01684      0.00245      0.10642      0.01763      
207400  0.20134    0.01838    0.03782    0.00222      0.10370      0.01631      0.00247      0.10646      0.01776      
207500  0.20333    0.01838    0.03781    0.00235      0.10405      0.01701      0.00245      0.10624      0.01761      
207600  0.20237    0.01837    0.03781    0.00220      0.10422      0.01679      0.00241      0.10642      0.01758      
207700  0.20132    0.01838    0.03781    0.00222      0.10375      0.01626      0.00246      0.10641      0.01758      
207800  0.20333    0.01837    0.03780    0.00243      0.10427      0.01695      0.00251      0.10635      0.01756      
207900  0.20240    0.01837    0.03780    0.00223      0.10422      0.01673      0.00246      0.10630      0.01768      
208000  0.20136    0.01835    0.03779    0.00224      0.10346      0.01648      0.00249      0.10603      0.01777      
208100  0.20312    0.01836    0.03779    0.00234      0.10397      0.01706      0.00247      0.10616      0.01768      
208200  0.20236    0.01834    0.03778    0.00223      0.10426      0.01672      0.00247      0.10645      0.01766      
208300  0.20132    0.01834    0.03778    0.00220      0.10375      0.01630      0.00243      0.10641      0.01756      
208400  0.20314    0.01834    0.03777    0.00238      0.10391      0.01711      0.00247      0.10608      0.01769      
208500  0.20224    0.01833    0.03777    0.00224      0.10399      0.01676      0.00247      0.10618      0.01761      
208600  0.20126    0.01835    0.03777    0.00221      0.10374      0.01627      0.00245      0.10638      0.01754      
208700  0.20317    0.01834    0.03776    0.00232      0.10409      0.01711      0.00244      0.10628      0.01769      
208800  0.20229    0.01832    0.03776    0.00222      0.10413      0.01688      0.00242      0.10627      0.01762      
208900  0.20127    0.01833    0.03774    0.00222      0.10360      0.01643      0.00248      0.10625      0.01767      
209000  0.20314    0.01833    0.03774    0.00236      0.10407      0.01726      0.00247      0.10624      0.01776      
209100  0.20221    0.01833    0.03774    0.00219      0.10415      0.01681      0.00245      0.10636      0.01771      
209200  0.20115    0.01831    0.03773    0.00222      0.10353      0.01636      0.00243      0.10626      0.01767      
209300  0.20318    0.01830    0.03773    0.00238      0.10403      0.01716      0.00246      0.10630      0.01772      
209400  0.20213    0.01829    0.03772    0.00221      0.10408      0.01686      0.00244      0.10635      0.01770      
209500  0.20115    0.01825    0.03771    0.00220      0.10375      0.01633      0.00243      0.10655      0.01775      
209600  0.20297    0.01826    0.03771    0.00235      0.10385      0.01708      0.00245      0.10619      0.01764      
209700  0.20209    0.01825    0.03770    0.00223      0.10397      0.01684      0.00246      0.10623      0.01763      
209800  0.20116    0.01826    0.03770    0.00221      0.10364      0.01642      0.00242      0.10634      0.01761      
209900  0.20294    0.01823    0.03770    0.00233      0.10424      0.01719      0.00241      0.10651      0.01770      
210000  0.20198    0.01824    0.03769    0.00221      0.10414      0.01669      0.00244      0.10640      0.01767      
210100  0.20115    0.01824    0.03769    0.00227      0.10383      0.01624      0.00245      0.10649      0.01755      
210200  0.20289    0.01826    0.03768    0.00237      0.10408      0.01703      0.00246      0.10635      0.01759      
210300  0.20217    0.01825    0.03768    0.00222      0.10410      0.01692      0.00243      0.10633      0.01757      
210400  0.20109    0.01823    0.03767    0.00226      0.10354      0.01630      0.00244      0.10621      0.01751      
210500  0.20300    0.01823    0.03767    0.00233      0.10398      0.01709      0.00241      0.10623      0.01757      
210600  0.20196    0.01821    0.03766    0.00222      0.10410      0.01690      0.00240      0.10633      0.01754      
210700  0.20100    0.01819    0.03765    0.00221      0.10362      0.01631      0.00244      0.10632      0.01765      
210800  0.20291    0.01820    0.03765    0.00235      0.10415      0.01707      0.00239      0.10641      0.01750      
210900  0.20188    0.01820    0.03765    0.00223      0.10419      0.01679      0.00242      0.10639      0.01759      
211000  0.20096    0.01819    0.03765    0.00223      0.10359      0.01628      0.00246      0.10625      0.01769      
211100  0.20294    0.01818    0.03764    0.00236      0.10400      0.01705      0.00245      0.10624      0.01757      
211200  0.20184    0.01817    0.03765    0.00222      0.10404      0.01674      0.00247      0.10618      0.01760      
211300  0.20100    0.01816    0.03764    0.00220      0.10360      0.01649      0.00243      0.10630      0.01770      
211400  0.20282    0.01815    0.03764    0.00235      0.10424      0.01700      0.00243      0.10651      0.01757      
211500  0.20176    0.01815    0.03764    0.00222      0.10423      0.01694      0.00240      0.10636      0.01766      
211600  0.20095    0.01815    0.03763    0.00220      0.10360      0.01639      0.00241      0.10621      0.01762      
211700  0.20273    0.01814    0.03763    0.00239      0.10398      0.01703      0.00248      0.10625      0.01766      
211800  0.20174    0.01814    0.03762    0.00222      0.10420      0.01675      0.00243      0.10644      0.01767      
211900  0.20093    0.01814    0.03762    0.00221      0.10368      0.01641      0.00244      0.10634      0.01781      
212000  0.20277    0.01815    0.03762    0.00238      0.10413      0.01696      0.00250      0.10641      0.01769      
212100  0.20177    0.01814    0.03762    0.00221      0.10400      0.01679      0.00244      0.10628      0.01776      
212200  0.20085    0.01815    0.03762    0.00223      0.10366      0.01632      0.00247      0.10639      0.01782      
212300  0.20275    0.01812    0.03761    0.00238      0.10400      0.01701      0.00250      0.10639      0.01790      
212400  0.20177    0.01813    0.03761    0.00225      0.10418      0.01682      0.00250      0.10640      0.01776      
212500  0.20077    0.01812    0.03761    0.00224      0.10374      0.01626      0.00246      0.10645      0.01764      
212600  0.20270    0.01811    0.03760    0.00237      0.10393      0.01699      0.00247      0.10619      0.01767      
212700  0.20169    0.01809    0.03760    0.00224      0.10405      0.01667      0.00249      0.10629      0.01765      
212800  0.20075    0.01809    0.03759    0.00222      0.10365      0.01630      0.00246      0.10639      0.01771      
212900  0.20278    0.01810    0.03759    0.00234      0.10431      0.01690      0.00244      0.10655      0.01765      
213000  0.20173    0.01809    0.03758    0.00221      0.10420      0.01690      0.00246      0.10641      0.01775      
213100  0.20070    0.01809    0.03758    0.00225      0.10334      0.01634      0.00250      0.10606      0.01764      
213200  0.20268    0.01811    0.03758    0.00233      0.10408      0.01727      0.00246      0.10638      0.01795      
213300  0.20167    0.01809    0.03758    0.00222      0.10411      0.01666      0.00253      0.10634      0.01784      
213400  0.20072    0.01809    0.03758    0.00222      0.10360      0.01622      0.00251      0.10643      0.01780      
213500  0.20266    0.01808    0.03757    0.00234      0.10421      0.01686      0.00246      0.10649      0.01763      
213600  0.20163    0.01807    0.03757    0.00227      0.10419      0.01658      0.00254      0.10640      0.01763      
213700  0.20067    0.01807    0.03757    0.00223      0.10368      0.01626      0.00250      0.10641      0.01762      
213800  0.20262    0.01807    0.03756    0.00236      0.10422      0.01693      0.00245      0.10650      0.01774      
213900  0.20158    0.01805    0.03756    0.00219      0.10436      0.01660      0.00245      0.10661      0.01769      
214000  0.20062    0.01806    0.03756    0.00218      0.10364      0.01626      0.00243      0.10649      0.01768      
214100  0.20259    0.01804    0.03755    0.00232      0.10414      0.01696      0.00244      0.10646      0.01764      
214200  0.20165    0.01805    0.03755    0.00221      0.10426      0.01668      0.00243      0.10651      0.01760      
214300  0.20059    0.01805    0.03755    0.00221      0.10366      0.01617      0.00248      0.10650      0.01761      
214400  0.20268    0.01807    0.03755    0.00234      0.10419      0.01692      0.00247      0.10660      0.01757      
214500  0.20160    0.01806    0.03755    0.00221      0.10410      0.01691      0.00247      0.10652      0.01792      
214600  0.20061    0.01806    0.03755    0.00225      0.10354      0.01626      0.00247      0.10640      0.01760      
214700  0.20273    0.01807    0.03754    0.00233      0.10404      0.01693      0.00244      0.10639      0.01754      
214800  0.20151    0.01807    0.03755    0.00223      0.10411      0.01664      0.00246      0.10640      0.01766      
214900  0.20056    0.01808    0.03755    0.00221      0.10350      0.01624      0.00246      0.10629      0.01766      
215000  0.20260    0.01806    0.03754    0.00240      0.10415      0.01693      0.00249      0.10638      0.01760      
215100  0.20161    0.01806    0.03754    0.00224      0.10399      0.01682      0.00247      0.10627      0.01780      
215200  0.20055    0.01805    0.03753    0.00223      0.10357      0.01626      0.00244      0.10635      0.01747      
215300  0.20257    0.01806    0.03753    0.00235      0.10405      0.01688      0.00250      0.10629      0.01754      
215400  0.20160    0.01805    0.03753    0.00224      0.10405      0.01684      0.00246      0.10618      0.01761      
215500  0.20054    0.01805    0.03753    0.00223      0.10349      0.01631      0.00248      0.10617      0.01762      
215600  0.20261    0.01804    0.03753    0.00236      0.10396      0.01695      0.00245      0.10607      0.01754      
215700  0.20165    0.01806    0.03753    0.00223      0.10406      0.01688      0.00247      0.10626      0.01763      
215800  0.20050    0.01805    0.03752    0.00223      0.10335      0.01635      0.00245      0.10617      0.01781      
215900  0.20266    0.01806    0.03752    0.00239      0.10405      0.01693      0.00249      0.10630      0.01755      
216000  0.20163    0.01807    0.03752    0.00222      0.10404      0.01685      0.00247      0.10627      0.01782      
216100  0.20056    0.01809    0.03753    0.00223      0.10352      0.01624      0.00245      0.10626      0.01761      
216200  0.20261    0.01810    0.03753    0.00234      0.10397      0.01699      0.00244      0.10624      0.01763      
216300  0.20166    0.01807    0.03752    0.00221      0.10405      0.01681      0.00247      0.10627      0.01782      
216400  0.20045    0.01807    0.03751    0.00221      0.10359      0.01626      0.00244      0.10626      0.01769      
216500  0.20256    0.01808    0.03751    0.00235      0.10416      0.01688      0.00246      0.10628      0.01757      
216600  0.20154    0.01809    0.03751    0.00220      0.10394      0.01680      0.00248      0.10612      0.01781      
216700  0.20041    0.01807    0.03750    0.00221      0.10354      0.01640      0.00244      0.10620      0.01777      
216800  0.20262    0.01807    0.03750    0.00237      0.10399      0.01703      0.00248      0.10614      0.01768      
216900  0.20147    0.01806    0.03749    0.00223      0.10407      0.01666      0.00247      0.10628      0.01759      
217000  0.20046    0.01808    0.03749    0.00227      0.10333      0.01630      0.00248      0.10595      0.01753      
217100  0.20256    0.01807    0.03749    0.00239      0.10395      0.01702      0.00245      0.10607      0.01749      
217200  0.20144    0.01807    0.03748    0.00223      0.10398      0.01676      0.00246      0.10607      0.01762      
217300  0.20039    0.01806    0.03748    0.00226      0.10333      0.01628      0.00249      0.10601      0.01760      
217400  0.20251    0.01804    0.03748    0.00237      0.10414      0.01689      0.00248      0.10639      0.01756      
217500  0.20148    0.01805    0.03747    0.00222      0.10399      0.01673      0.00246      0.10627      0.01757      
217600  0.20038    0.01805    0.03747    0.00225      0.10327      0.01626      0.00249      0.10605      0.01751      
217700  0.20241    0.01805    0.03747    0.00233      0.10415      0.01704      0.00244      0.10637      0.01761      
217800  0.20141    0.01804    0.03747    0.00223      0.10399      0.01672      0.00248      0.10617      0.01754      
217900  0.20032    0.01803    0.03746    0.00222      0.10362      0.01620      0.00245      0.10621      0.01757      
218000  0.20255    0.01802    0.03745    0.00237      0.10396      0.01692      0.00245      0.10596      0.01741      
218100  0.20149    0.01802    0.03745    0.00221      0.10415      0.01685      0.00241      0.10623      0.01744      
218200  0.20033    0.01801    0.03745    0.00221      0.10348      0.01633      0.00242      0.10607      0.01749      
218300  0.20246    0.01803    0.03745    0.00235      0.10401      0.01690      0.00241      0.10611      0.01732      
218400  0.20153    0.01803    0.03745    0.00222      0.10399      0.01668      0.00247      0.10610      0.01734      
218500  0.20042    0.01804    0.03745    0.00224      0.10338      0.01628      0.00245      0.10597      0.01742      
218600  0.20242    0.01803    0.03745    0.00235      0.10417      0.01682      0.00245      0.10626      0.01734      
218700  0.20144    0.01801    0.03744    0.00225      0.10379      0.01667      0.00248      0.10586      0.01743      
218800  0.20033    0.01802    0.03744    0.00221      0.10368      0.01622      0.00244      0.10624      0.01751      
218900  0.20245    0.01803    0.03743    0.00247      0.10397      0.01682      0.00255      0.10606      0.01735      
219000  0.20143    0.01800    0.03743    0.00223      0.10400      0.01680      0.00247      0.10601      0.01747      
219100  0.20032    0.01800    0.03742    0.00219      0.10359      0.01620      0.00241      0.10611      0.01746      
219200  0.20232    0.01801    0.03742    0.00238      0.10410      0.01689      0.00241      0.10615      0.01733      
219300  0.20144    0.01800    0.03742    0.00221      0.10411      0.01672      0.00246      0.10623      0.01750      
219400  0.20029    0.01801    0.03742    0.00224      0.10349      0.01618      0.00247      0.10606      0.01738      
219500  0.20233    0.01803    0.03742    0.00236      0.10419      0.01682      0.00245      0.10621      0.01728      
219600  0.20145    0.01803    0.03741    0.00221      0.10416      0.01662      0.00246      0.10618      0.01742      
219700  0.20027    0.01803    0.03741    0.00226      0.10338      0.01622      0.00250      0.10590      0.01743      
219800  0.20240    0.01801    0.03740    0.00232      0.10400      0.01690      0.00242      0.10607      0.01738      
219900  0.20142    0.01802    0.03741    0.00222      0.10394      0.01668      0.00246      0.10597      0.01750      
220000  0.20025    0.01802    0.03741    0.00219      0.10363      0.01615      0.00239      0.10622      0.01743      
220100  0.20233    0.01802    0.03740    0.00241      0.10396      0.01690      0.00245      0.10596      0.01741      
220200  0.20137    0.01800    0.03739    0.00220      0.10406      0.01662      0.00241      0.10606      0.01744      
220300  0.20021    0.01799    0.03739    0.00219      0.10368      0.01612      0.00242      0.10622      0.01737      
220400  0.20233    0.01799    0.03738    0.00233      0.10412      0.01681      0.00245      0.10615      0.01733      
220500  0.20142    0.01799    0.03738    0.00222      0.10415      0.01669      0.00242      0.10615      0.01753      
220600  0.20016    0.01798    0.03737    0.00221      0.10358      0.01625      0.00247      0.10608      0.01761      
220700  0.20240    0.01797    0.03737    0.00235      0.10422      0.01731      0.00242      0.10620      0.01783      
220800  0.20132    0.01796    0.03737    0.00222      0.10420      0.01666      0.00242      0.10619      0.01744      
220900  0.20010    0.01795    0.03737    0.00224      0.10366      0.01624      0.00244      0.10615      0.01743      
221000  0.20226    0.01794    0.03736    0.00240      0.10413      0.01696      0.00250      0.10614      0.01746      
221100  0.20133    0.01794    0.03735    0.00225      0.10402      0.01677      0.00248      0.10603      0.01756      
221200  0.20004    0.01794    0.03735    0.00222      0.10353      0.01627      0.00241      0.10604      0.01757      
221300  0.20222    0.01792    0.03734    0.00236      0.10421      0.01685      0.00245      0.10625      0.01746      
221400  0.20119    0.01792    0.03734    0.00221      0.10422      0.01677      0.00243      0.10626      0.01763      
221500  0.20006    0.01791    0.03734    0.00222      0.10354      0.01626      0.00243      0.10604      0.01761      
221600  0.20218    0.01793    0.03734    0.00234      0.10412      0.01700      0.00247      0.10605      0.01766      
221700  0.20126    0.01792    0.03734    0.00218      0.10422      0.01684      0.00240      0.10613      0.01767      
221800  0.19999    0.01792    0.03734    0.00222      0.10334      0.01626      0.00244      0.10578      0.01760      
221900  0.20219    0.01794    0.03733    0.00236      0.10399      0.01696      0.00242      0.10591      0.01752      
222000  0.20112    0.01793    0.03733    0.00220      0.10415      0.01700      0.00242      0.10612      0.01770      
222100  0.20006    0.01793    0.03732    0.00226      0.10349      0.01614      0.00244      0.10592      0.01745      
222200  0.20220    0.01792    0.03732    0.00232      0.10411      0.01685      0.00245      0.10604      0.01742      
222300  0.20111    0.01792    0.03732    0.00221      0.10398      0.01664      0.00244      0.10595      0.01746      
222400  0.20004    0.01794    0.03732    0.00225      0.10347      0.01617      0.00250      0.10586      0.01746      
222500  0.20221    0.01792    0.03731    0.00236      0.10398      0.01684      0.00249      0.10590      0.01738      
222600  0.20112    0.01790    0.03730    0.00224      0.10409      0.01669      0.00250      0.10606      0.01755      
222700  0.19996    0.01792    0.03730    0.00222      0.10361      0.01624      0.00246      0.10606      0.01757      
222800  0.20208    0.01790    0.03730    0.00233      0.10402      0.01682      0.00248      0.10594      0.01746      
222900  0.20100    0.01791    0.03730    0.00223      0.10390      0.01674      0.00247      0.10587      0.01746      
223000  0.19995    0.01788    0.03729    0.00224      0.10338      0.01626      0.00251      0.10584      0.01750      
223100  0.20212    0.01789    0.03729    0.00238      0.10390      0.01685      0.00247      0.10584      0.01729      
223200  0.20102    0.01788    0.03728    0.00224      0.10380      0.01669      0.00248      0.10573      0.01741      
223300  0.19988    0.01789    0.03728    0.00222      0.10346      0.01625      0.00246      0.10590      0.01746      
223400  0.20205    0.01790    0.03728    0.00238      0.10405      0.01682      0.00249      0.10598      0.01737      
223500  0.20097    0.01786    0.03727    0.00220      0.10396      0.01684      0.00244      0.10590      0.01745      
223600  0.19979    0.01787    0.03727    0.00222      0.10349      0.01624      0.00247      0.10592      0.01753      
223700  0.20203    0.01786    0.03727    0.00232      0.10403      0.01683      0.00244      0.10596      0.01739      
223800  0.20093    0.01786    0.03727    0.00224      0.10397      0.01670      0.00248      0.10594      0.01744      
223900  0.19982    0.01786    0.03727    0.00223      0.10347      0.01622      0.00247      0.10592      0.01750      
224000  0.20195    0.01787    0.03727    0.00236      0.10409      0.01677      0.00244      0.10599      0.01731      
224100  0.20101    0.01790    0.03728    0.00222      0.10427      0.01672      0.00244      0.10621      0.01740      
224200  0.19987    0.01787    0.03727    0.00226      0.10366      0.01605      0.00252      0.10608      0.01741      
224300  0.20201    0.01788    0.03726    0.00237      0.10411      0.01679      0.00245      0.10603      0.01742      
224400  0.20099    0.01787    0.03726    0.00221      0.10403      0.01678      0.00246      0.10603      0.01753      
224500  0.19985    0.01790    0.03726    0.00221      0.10365      0.01615      0.00241      0.10609      0.01744      
224600  0.20207    0.01789    0.03725    0.00233      0.10425      0.01682      0.00243      0.10614      0.01738      
224700  0.20097    0.01788    0.03725    0.00219      0.10419      0.01674      0.00241      0.10613      0.01745      
224800  0.19978    0.01788    0.03725    0.00223      0.10365      0.01615      0.00247      0.10609      0.01739      
224900  0.20215    0.01787    0.03725    0.00234      0.10405      0.01709      0.00245      0.10596      0.01770      
225000  0.20095    0.01786    0.03724    0.00222      0.10409      0.01676      0.00243      0.10609      0.01742      
225100  0.19969    0.01788    0.03724    0.00219      0.10348      0.01620      0.00244      0.10597      0.01761      
225200  0.20204    0.01785    0.03724    0.00232      0.10415      0.01706      0.00246      0.10610      0.01769      
225300  0.20090    0.01785    0.03723    0.00225      0.10414      0.01671      0.00249      0.10613      0.01762      
225400  0.19969    0.01785    0.03723    0.00221      0.10359      0.01623      0.00243      0.10604      0.01773      
225500  0.20204    0.01783    0.03722    0.00237      0.10418      0.01694      0.00245      0.10610      0.01766      
225600  0.20082    0.01784    0.03722    0.00221      0.10403      0.01666      0.00245      0.10606      0.01756      
225700  0.19971    0.01783    0.03722    0.00220      0.10372      0.01618      0.00245      0.10618      0.01750      
225800  0.20199    0.01784    0.03722    0.00237      0.10422      0.01690      0.00247      0.10614      0.01749      
225900  0.20081    0.01783    0.03721    0.00220      0.10387      0.01677      0.00245      0.10588      0.01764      
226000  0.19966    0.01783    0.03720    0.00220      0.10354      0.01616      0.00244      0.10596      0.01747      
226100  0.20189    0.01783    0.03720    0.00236      0.10414      0.01691      0.00243      0.10601      0.01754      
226200  0.20079    0.01782    0.03720    0.00220      0.10394      0.01667      0.00244      0.10593      0.01775      
226300  0.19969    0.01782    0.03720    0.00222      0.10349      0.01618      0.00246      0.10590      0.01754      
226400  0.20193    0.01783    0.03720    0.00239      0.10398      0.01691      0.00244      0.10584      0.01744      
226500  0.20081    0.01782    0.03720    0.00219      0.10391      0.01680      0.00243      0.10588      0.01771      
226600  0.19967    0.01782    0.03719    0.00226      0.10331      0.01623      0.00248      0.10572      0.01757      
226700  0.20193    0.01782    0.03719    0.00235      0.10406      0.01698      0.00241      0.10590      0.01755      
226800  0.20076    0.01780    0.03718    0.00222      0.10394      0.01666      0.00247      0.10585      0.01763      
226900  0.19959    0.01780    0.03718    0.00219      0.10354      0.01622      0.00243      0.10598      0.01760      
227000  0.20182    0.01779    0.03718    0.00238      0.10413      0.01687      0.00246      0.10595      0.01747      
227100  0.20073    0.01780    0.03718    0.00222      0.10402      0.01664      0.00245      0.10597      0.01755      
227200  0.19960    0.01781    0.03717    0.00221      0.10349      0.01620      0.00245      0.10589      0.01759      
227300  0.20196    0.01780    0.03717    0.00238      0.10390      0.01692      0.00250      0.10576      0.01754      
227400  0.20078    0.01781    0.03716    0.00223      0.10407      0.01667      0.00246      0.10601      0.01766      
227500  0.19957    0.01781    0.03716    0.00218      0.10363      0.01627      0.00244      0.10605      0.01773      
227600  0.20189    0.01782    0.03716    0.00239      0.10422      0.01684      0.00246      0.10615      0.01752      
227700  0.20076    0.01781    0.03716    0.00221      0.10420      0.01667      0.00244      0.10616      0.01769      
227800  0.19948    0.01779    0.03715    0.00222      0.10351      0.01618      0.00245      0.10606      0.01759      
227900  0.20176    0.01778    0.03715    0.00239      0.10401      0.01693      0.00248      0.10600      0.01761      
228000  0.20069    0.01776    0.03714    0.00220      0.10402      0.01666      0.00243      0.10603      0.01766      
228100  0.19952    0.01778    0.03714    0.00230      0.10348      0.01613      0.00249      0.10601      0.01767      
228200  0.20180    0.01777    0.03714    0.00233      0.10415      0.01686      0.00248      0.10613      0.01764      
228300  0.20074    0.01778    0.03714    0.00224      0.10395      0.01656      0.00248      0.10599      0.01760      
228400  0.19955    0.01777    0.03713    0.00224      0.10348      0.01616      0.00246      0.10601      0.01768      
228500  0.20181    0.01777    0.03713    0.00232      0.10410      0.01703      0.00247      0.10604      0.01772      
228600  0.20071    0.01776    0.03713    0.00222      0.10421      0.01673      0.00245      0.10620      0.01774      
228700  0.19951    0.01779    0.03713    0.00222      0.10346      0.01620      0.00245      0.10600      0.01762      
228800  0.20182    0.01778    0.03713    0.00235      0.10403      0.01696      0.00247      0.10599      0.01764      
228900  0.20080    0.01778    0.03712    0.00218      0.10409      0.01686      0.00245      0.10615      0.01768      
229000  0.19950    0.01776    0.03711    0.00220      0.10346      0.01618      0.00245      0.10600      0.01765      
229100  0.20182    0.01776    0.03711    0.00237      0.10408      0.01702      0.00243      0.10605      0.01758      
229200  0.20070    0.01775    0.03711    0.00220      0.10415      0.01670      0.00242      0.10616      0.01753      
229300  0.19949    0.01776    0.03711    0.00221      0.10343      0.01617      0.00246      0.10597      0.01760      
229400  0.20178    0.01776    0.03711    0.00231      0.10414      0.01686      0.00242      0.10612      0.01742      
229500  0.20069    0.01776    0.03711    0.00220      0.10388      0.01667      0.00243      0.10593      0.01757      
229600  0.19953    0.01775    0.03711    0.00223      0.10339      0.01622      0.00248      0.10593      0.01750      
229700  0.20178    0.01775    0.03710    0.00237      0.10399      0.01687      0.00245      0.10599      0.01749      
229800  0.20068    0.01776    0.03710    0.00222      0.10397      0.01664      0.00245      0.10599      0.01761      
229900  0.19951    0.01774    0.03709    0.00223      0.10338      0.01623      0.00245      0.10595      0.01753      
230000  0.20174    0.01776    0.03710    0.00235      0.10418      0.01700      0.00247      0.10611      0.01752      
230100  0.20069    0.01775    0.03709    0.00220      0.10410      0.01668      0.00243      0.10613      0.01752      
230200  0.19945    0.01775    0.03709    0.00223      0.10333      0.01623      0.00247      0.10585      0.01758      
230300  0.20181    0.01774    0.03709    0.00232      0.10421      0.01689      0.00245      0.10610      0.01743      
230400  0.20062    0.01774    0.03709    0.00219      0.10412      0.01665      0.00242      0.10608      0.01756      
230500  0.19942    0.01771    0.03708    0.00222      0.10346      0.01623      0.00246      0.10594      0.01754      
230600  0.20160    0.01770    0.03707    0.00233      0.10396      0.01698      0.00246      0.10589      0.01752      
230700  0.20056    0.01771    0.03707    0.00220      0.10403      0.01670      0.00246      0.10603      0.01754      
230800  0.19933    0.01770    0.03706    0.00221      0.10354      0.01617      0.00247      0.10612      0.01759      
230900  0.20161    0.01770    0.03707    0.00235      0.10404      0.01686      0.00245      0.10598      0.01743      
231000  0.20053    0.01769    0.03706    0.00219      0.10395      0.01662      0.00244      0.10604      0.01740      
231100  0.19940    0.01770    0.03706    0.00225      0.10345      0.01627      0.00248      0.10599      0.01759      
231200  0.20181    0.01772    0.03706    0.00236      0.10396      0.01716      0.00249      0.10596      0.01780      
231300  0.20054    0.01770    0.03705    0.00222      0.10397      0.01669      0.00246      0.10605      0.01756      
231400  0.19937    0.01769    0.03705    0.00225      0.10346      0.01622      0.00247      0.10601      0.01754      
231500  0.20167    0.01770    0.03705    0.00233      0.10406      0.01690      0.00245      0.10608      0.01750      
231600  0.20052    0.01769    0.03705    0.00223      0.10378      0.01673      0.00246      0.10585      0.01764      
231700  0.19935    0.01770    0.03705    0.00222      0.10341      0.01622      0.00246      0.10591      0.01762      
231800  0.20167    0.01769    0.03704    0.00237      0.10371      0.01691      0.00244      0.10570      0.01757      
231900  0.20045    0.01767    0.03704    0.00226      0.10368      0.01674      0.00249      0.10575      0.01772      
232000  0.19932    0.01767    0.03704    0.00223      0.10339      0.01616      0.00247      0.10594      0.01757      
232100  0.20161    0.01767    0.03704    0.00238      0.10412      0.01691      0.00246      0.10608      0.01755      
232200  0.20042    0.01769    0.03704    0.00227      0.10383      0.01670      0.00250      0.10590      0.01762      
232300  0.19924    0.01767    0.03704    0.00222      0.10334      0.01620      0.00247      0.10582      0.01762      
232400  0.20162    0.01768    0.03703    0.00235      0.10386      0.01700      0.00245      0.10581      0.01761      
232500  0.20041    0.01768    0.03703    0.00224      0.10379      0.01668      0.00245      0.10578      0.01752      
232600  0.19926    0.01767    0.03703    0.00224      0.10325      0.01617      0.00245      0.10572      0.01752      
232700  0.20156    0.01768    0.03703    0.00233      0.10396      0.01684      0.00243      0.10593      0.01742      
232800  0.20047    0.01768    0.03703    0.00223      0.10379      0.01658      0.00249      0.10581      0.01759      
232900  0.19926    0.01769    0.03702    0.00223      0.10332      0.01613      0.00248      0.10586      0.01760      
233000  0.20170    0.01768    0.03702    0.00234      0.10407      0.01684      0.00244      0.10603      0.01749      
233100  0.20043    0.01767    0.03701    0.00221      0.10401      0.01676      0.00247      0.10601      0.01755      
233200  0.19926    0.01766    0.03701    0.00221      0.10333      0.01622      0.00246      0.10584      0.01768      
233300  0.20156    0.01768    0.03701    0.00233      0.10411      0.01680      0.00247      0.10609      0.01764      
233400  0.20041    0.01767    0.03701    0.00221      0.10377      0.01667      0.00250      0.10582      0.01775      
233500  0.19932    0.01769    0.03701    0.00225      0.10352      0.01617      0.00250      0.10608      0.01774      
233600  0.20153    0.01765    0.03700    0.00230      0.10423      0.01687      0.00248      0.10620      0.01778      
233700  0.20040    0.01767    0.03700    0.00221      0.10394      0.01665      0.00251      0.10606      0.01775      
233800  0.19930    0.01766    0.03700    0.00218      0.10360      0.01626      0.00245      0.10616      0.01778      
233900  0.20157    0.01768    0.03700    0.00235      0.10408      0.01691      0.00250      0.10610      0.01774      
234000  0.20035    0.01767    0.03700    0.00220      0.10391      0.01683      0.00247      0.10605      0.01791      
234100  0.19936    0.01766    0.03700    0.00220      0.10356      0.01623      0.00245      0.10611      0.01785      
234200  0.20154    0.01764    0.03699    0.00232      0.10433      0.01680      0.00249      0.10629      0.01770      
234300  0.20031    0.01763    0.03698    0.00221      0.10401      0.01663      0.00247      0.10613      0.01772      
234400  0.19930    0.01761    0.03698    0.00222      0.10335      0.01619      0.00248      0.10593      0.01766      
234500  0.20147    0.01763    0.03698    0.00231      0.10431      0.01682      0.00245      0.10631      0.01762      
234600  0.20025    0.01762    0.03698    0.00221      0.10394      0.01666      0.00250      0.10616      0.01777      
234700  0.19918    0.01760    0.03697    0.00221      0.10334      0.01621      0.00247      0.10597      0.01779      
234800  0.20153    0.01760    0.03697    0.00234      0.10408      0.01690      0.00249      0.10611      0.01773      
234900  0.20026    0.01761    0.03697    0.00224      0.10382      0.01668      0.00250      0.10596      0.01783      
235000  0.19922    0.01761    0.03697    0.00220      0.10337      0.01633      0.00248      0.10603      0.01779      
235100  0.20148    0.01761    0.03697    0.00233      0.10407      0.01685      0.00246      0.10606      0.01763      
235200  0.20034    0.01763    0.03697    0.00225      0.10380      0.01663      0.00249      0.10597      0.01772      
235300  0.19917    0.01764    0.03697    0.00220      0.10340      0.01619      0.00246      0.10605      0.01774      
235400  0.20153    0.01764    0.03697    0.00234      0.10388      0.01699      0.00248      0.10595      0.01785      
235500  0.20038    0.01765    0.03696    0.00221      0.10372      0.01695      0.00244      0.10587      0.01805      
235600  0.19914    0.01764    0.03696    0.00221      0.10328      0.01619      0.00245      0.10595      0.01770      
235700  0.20147    0.01763    0.03696    0.00233      0.10400      0.01694      0.00245      0.10610      0.01779      
235800  0.20033    0.01761    0.03695    0.00225      0.10381      0.01669      0.00251      0.10604      0.01787      
235900  0.19919    0.01761    0.03695    0.00219      0.10339      0.01621      0.00244      0.10608      0.01786      
236000  0.20155    0.01762    0.03695    0.00229      0.10398      0.01693      0.00246      0.10608      0.01784      
236100  0.20035    0.01761    0.03694    0.00217      0.10399      0.01670      0.00241      0.10623      0.01779      
236200  0.19919    0.01761    0.03694    0.00222      0.10333      0.01622      0.00247      0.10600      0.01782      
236300  0.20135    0.01762    0.03694    0.00234      0.10411      0.01685      0.00249      0.10613      0.01771      
236400  0.20031    0.01762    0.03694    0.00219      0.10386      0.01685      0.00246      0.10604      0.01785      
236500  0.19920    0.01763    0.03694    0.00220      0.10340      0.01615      0.00244      0.10600      0.01764      
236600  0.20147    0.01763    0.03694    0.00238      0.10383      0.01697      0.00250      0.10583      0.01782      
236700  0.20031    0.01763    0.03694    0.00222      0.10376      0.01681      0.00249      0.10585      0.01772      
236800  0.19921    0.01762    0.03693    0.00222      0.10353      0.01614      0.00243      0.10615      0.01770      
236900  0.20137    0.01763    0.03693    0.00237      0.10394      0.01674      0.00246      0.10597      0.01748      
237000  0.20030    0.01763    0.03693    0.00220      0.10377      0.01662      0.00245      0.10592      0.01762      
237100  0.19916    0.01762    0.03693    0.00220      0.10345      0.01625      0.00247      0.10605      0.01773      
237200  0.20142    0.01761    0.03692    0.00233      0.10409      0.01711      0.00246      0.10610      0.01790      
237300  0.20024    0.01761    0.03692    0.00220      0.10387      0.01668      0.00248      0.10598      0.01771      
237400  0.19913    0.01761    0.03692    0.00224      0.10328      0.01620      0.00248      0.10583      0.01760      
237500  0.20135    0.01759    0.03692    0.00238      0.10399      0.01688      0.00251      0.10600      0.01758      
237600  0.20015    0.01757    0.03691    0.00217      0.10401      0.01674      0.00243      0.10611      0.01761      
237700  0.19906    0.01757    0.03691    0.00221      0.10334      0.01620      0.00244      0.10590      0.01758      
237800  0.20118    0.01757    0.03691    0.00232      0.10396      0.01684      0.00243      0.10603      0.01750      
237900  0.20017    0.01756    0.03690    0.00220      0.10397      0.01677      0.00244      0.10607      0.01762      
238000  0.19905    0.01755    0.03690    0.00221      0.10341      0.01620      0.00245      0.10600      0.01763      
238100  0.20120    0.01755    0.03690    0.00234      0.10405      0.01687      0.00242      0.10612      0.01755      
238200  0.20019    0.01753    0.03689    0.00220      0.10384      0.01683      0.00243      0.10595      0.01765      
238300  0.19902    0.01755    0.03689    0.00217      0.10364      0.01617      0.00241      0.10630      0.01763      
238400  0.20126    0.01755    0.03689    0.00240      0.10398      0.01718      0.00250      0.10608      0.01794      
238500  0.20020    0.01756    0.03688    0.00219      0.10404      0.01670      0.00244      0.10624      0.01765      
238600  0.19892    0.01756    0.03688    0.00224      0.10333      0.01617      0.00247      0.10596      0.01761      
238700  0.20121    0.01755    0.03688    0.00242      0.10408      0.01682      0.00249      0.10615      0.01760      
238800  0.20015    0.01756    0.03688    0.00222      0.10381      0.01669      0.00244      0.10591      0.01763      
238900  0.19896    0.01755    0.03687    0.00222      0.10338      0.01620      0.00245      0.10602      0.01772      
239000  0.20130    0.01755    0.03687    0.00241      0.10401      0.01689      0.00245      0.10608      0.01761      
239100  0.20017    0.01754    0.03687    0.00220      0.10390      0.01672      0.00248      0.10610      0.01772      
239200  0.19894    0.01754    0.03686    0.00223      0.10338      0.01615      0.00249      0.10609      0.01772      
239300  0.20128    0.01754    0.03686    0.00240      0.10403      0.01696      0.00249      0.10618      0.01769      
239400  0.20013    0.01753    0.03686    0.00225      0.10384      0.01659      0.00249      0.10609      0.01759      
239500  0.19889    0.01752    0.03686    0.00222      0.10327      0.01617      0.00245      0.10593      0.01767      
239600  0.20128    0.01754    0.03686    0.00237      0.10400      0.01696      0.00248      0.10611      0.01772      
239700  0.20008    0.01753    0.03686    0.00223      0.10383      0.01661      0.00250      0.10604      0.01775      
239800  0.19893    0.01753    0.03686    0.00220      0.10341      0.01619      0.00246      0.10607      0.01773      
239900  0.20120    0.01752    0.03685    0.00237      0.10410      0.01703      0.00245      0.10618      0.01774      
240000  0.19997    0.01753    0.03685    0.00220      0.10389      0.01660      0.00247      0.10607      0.01769      
240100  0.19888    0.01753    0.03686    0.00220      0.10338      0.01619      0.00246      0.10600      0.01775      
240200  0.20119    0.01754    0.03686    0.00240      0.10406      0.01689      0.00253      0.10617      0.01765      
240300  0.20002    0.01753    0.03685    0.00222      0.10374      0.01663      0.00248      0.10593      0.01762      
240400  0.19891    0.01754    0.03685    0.00222      0.10345      0.01617      0.00244      0.10607      0.01769      
240500  0.20124    0.01752    0.03685    0.00236      0.10393      0.01692      0.00245      0.10603      0.01757      
240600  0.19996    0.01753    0.03685    0.00222      0.10375      0.01669      0.00244      0.10589      0.01767      
240700  0.19886    0.01753    0.03685    0.00225      0.10344      0.01619      0.00247      0.10609      0.01773      
240800  0.20116    0.01751    0.03684    0.00239      0.10400      0.01696      0.00248      0.10609      0.01766      
240900  0.20003    0.01752    0.03684    0.00226      0.10378      0.01665      0.00247      0.10598      0.01766      
241000  0.19883    0.01751    0.03684    0.00220      0.10339      0.01625      0.00240      0.10605      0.01770      
241100  0.20113    0.01751    0.03684    0.00236      0.10393      0.01687      0.00244      0.10602      0.01756      
241200  0.20006    0.01751    0.03684    0.00219      0.10388      0.01685      0.00243      0.10608      0.01772      
241300  0.19888    0.01751    0.03683    0.00221      0.10337      0.01612      0.00247      0.10600      0.01756      
241400  0.20114    0.01751    0.03683    0.00244      0.10386      0.01687      0.00248      0.10601      0.01761      
241500  0.19999    0.01751    0.03683    0.00219      0.10385      0.01677      0.00244      0.10610      0.01773      
241600  0.19880    0.01750    0.03682    0.00223      0.10334      0.01624      0.00247      0.10595      0.01776      
241700  0.20111    0.01749    0.03682    0.00237      0.10404      0.01698      0.00245      0.10613      0.01761      
241800  0.19992    0.01748    0.03682    0.00221      0.10379      0.01665      0.00243      0.10596      0.01763      
241900  0.19873    0.01747    0.03681    0.00224      0.10327      0.01620      0.00250      0.10588      0.01771      
242000  0.20115    0.01749    0.03681    0.00238      0.10395      0.01700      0.00248      0.10605      0.01767      
242100  0.19998    0.01748    0.03681    0.00224      0.10371      0.01669      0.00247      0.10591      0.01766      
242200  0.19868    0.01746    0.03680    0.00222      0.10327      0.01625      0.00244      0.10590      0.01770      
242300  0.20117    0.01745    0.03680    0.00235      0.10378      0.01721      0.00244      0.10584      0.01779      
242400  0.19993    0.01744    0.03679    0.00223      0.10377      0.01672      0.00250      0.10599      0.01776      
242500  0.19866    0.01745    0.03679    0.00221      0.10332      0.01624      0.00246      0.10596      0.01778      
242600  0.20116    0.01745    0.03679    0.00240      0.10388      0.01710      0.00247      0.10593      0.01781      
242700  0.19997    0.01746    0.03679    0.00220      0.10374      0.01690      0.00243      0.10595      0.01784      
242800  0.19868    0.01748    0.03679    0.00224      0.10330      0.01616      0.00244      0.10599      0.01770      
242900  0.20113    0.01747    0.03679    0.00238      0.10394      0.01696      0.00246      0.10609      0.01761      
243000  0.19989    0.01745    0.03678    0.00219      0.10393      0.01671      0.00244      0.10619      0.01780      
243100  0.19867    0.01743    0.03678    0.00225      0.10342      0.01615      0.00244      0.10607      0.01771      
243200  0.20113    0.01743    0.03677    0.00243      0.10396      0.01707      0.00248      0.10612      0.01766      
243300  0.19985    0.01744    0.03677    0.00223      0.10389      0.01678      0.00245      0.10616      0.01772      
243400  0.19860    0.01744    0.03677    0.00224      0.10339      0.01610      0.00245      0.10612      0.01769      
243500  0.20119    0.01745    0.03677    0.00237      0.10366      0.01708      0.00245      0.10579      0.01768      
243600  0.19985    0.01744    0.03676    0.00222      0.10362      0.01673      0.00245      0.10584      0.01769      
243700  0.19856    0.01745    0.03676    0.00219      0.10328      0.01618      0.00243      0.10596      0.01772      
243800  0.20103    0.01743    0.03675    0.00234      0.10379      0.01703      0.00249      0.10597      0.01765      
243900  0.19980    0.01742    0.03675    0.00220      0.10382      0.01684      0.00246      0.10602      0.01776      
244000  0.19848    0.01742    0.03675    0.00224      0.10323      0.01616      0.00249      0.10591      0.01765      
244100  0.20108    0.01741    0.03674    0.00235      0.10384      0.01712      0.00245      0.10597      0.01773      
244200  0.19978    0.01742    0.03674    0.00220      0.10382      0.01679      0.00244      0.10606      0.01774      
244300  0.19849    0.01740    0.03674    0.00222      0.10333      0.01617      0.00244      0.10604      0.01770      
244400  0.20107    0.01740    0.03674    0.00234      0.10380      0.01699      0.00244      0.10594      0.01754      
244500  0.19980    0.01738    0.03673    0.00225      0.10371      0.01677      0.00251      0.10594      0.01779      
244600  0.19847    0.01739    0.03673    0.00221      0.10316      0.01623      0.00246      0.10582      0.01773      
244700  0.20093    0.01739    0.03673    0.00235      0.10402      0.01706      0.00248      0.10611      0.01772      
244800  0.19978    0.01739    0.03672    0.00220      0.10381      0.01681      0.00248      0.10607      0.01780      
244900  0.19845    0.01738    0.03672    0.00220      0.10330      0.01624      0.00245      0.10601      0.01779      
245000  0.20091    0.01737    0.03672    0.00235      0.10374      0.01720      0.00248      0.10589      0.01777      
245100  0.19973    0.01738    0.03672    0.00220      0.10370      0.01684      0.00245      0.10591      0.01776      
245200  0.19845    0.01736    0.03671    0.00225      0.10341      0.01616      0.00250      0.10609      0.01780      
245300  0.20088    0.01736    0.03671    0.00235      0.10383      0.01707      0.00247      0.10594      0.01776      
245400  0.19964    0.01735    0.03671    0.00225      0.10388      0.01668      0.00248      0.10603      0.01766      
245500  0.19842    0.01734    0.03670    0.00223      0.10330      0.01621      0.00247      0.10595      0.01764      
245600  0.20076    0.01734    0.03670    0.00236      0.10399      0.01702      0.00248      0.10614      0.01774      
245700  0.19964    0.01735    0.03670    0.00221      0.10372      0.01676      0.00247      0.10595      0.01779      
245800  0.19845    0.01735    0.03670    0.00221      0.10340      0.01626      0.00245      0.10606      0.01775      
245900  0.20085    0.01734    0.03669    0.00237      0.10374      0.01709      0.00247      0.10592      0.01770      
246000  0.19960    0.01733    0.03669    0.00226      0.10377      0.01667      0.00251      0.10601      0.01769      
246100  0.19846    0.01733    0.03669    0.00217      0.10350      0.01617      0.00246      0.10620      0.01775      
246200  0.20086    0.01733    0.03669    0.00234      0.10385      0.01701      0.00246      0.10610      0.01761      
246300  0.19961    0.01734    0.03668    0.00222      0.10379      0.01666      0.00250      0.10614      0.01783      
246400  0.19839    0.01732    0.03668    0.00221      0.10324      0.01620      0.00247      0.10595      0.01771      
246500  0.20077    0.01732    0.03668    0.00236      0.10398      0.01704      0.00251      0.10624      0.01776      
246600  0.19964    0.01733    0.03668    0.00221      0.10378      0.01681      0.00244      0.10617      0.01778      
246700  0.19840    0.01733    0.03667    0.00222      0.10339      0.01630      0.00246      0.10620      0.01774      
246800  0.20093    0.01733    0.03667    0.00231      0.10410      0.01710      0.00245      0.10638      0.01777      
246900  0.19963    0.01734    0.03667    0.00220      0.10390      0.01674      0.00244      0.10620      0.01759      
247000  0.19841    0.01734    0.03667    0.00222      0.10327      0.01623      0.00245      0.10600      0.01765      
247100  0.20082    0.01732    0.03667    0.00236      0.10378      0.01701      0.00246      0.10603      0.01768      
247200  0.19965    0.01730    0.03666    0.00221      0.10383      0.01688      0.00244      0.10613      0.01766      
247300  0.19835    0.01734    0.03666    0.00221      0.10338      0.01633      0.00245      0.10611      0.01770      
247400  0.20081    0.01733    0.03665    0.00236      0.10387      0.01710      0.00247      0.10604      0.01774      
247500  0.19967    0.01733    0.03665    0.00220      0.10379      0.01680      0.00246      0.10608      0.01772      
247600  0.19830    0.01732    0.03665    0.00223      0.10343      0.01624      0.00248      0.10616      0.01777      
247700  0.20087    0.01732    0.03665    0.00235      0.10395      0.01708      0.00248      0.10612      0.01755      
247800  0.19957    0.01729    0.03664    0.00220      0.10365      0.01687      0.00249      0.10600      0.01782      
247900  0.19827    0.01729    0.03664    0.00222      0.10331      0.01629      0.00247      0.10601      0.01789      
248000  0.20080    0.01731    0.03664    0.00239      0.10380      0.01706      0.00250      0.10595      0.01768      
248100  0.19951    0.01730    0.03663    0.00221      0.10368      0.01680      0.00244      0.10593      0.01773      
248200  0.19826    0.01730    0.03663    0.00220      0.10319      0.01630      0.00243      0.10584      0.01772      
248300  0.20086    0.01730    0.03664    0.00237      0.10350      0.01721      0.00248      0.10565      0.01768      
248400  0.19964    0.01732    0.03663    0.00221      0.10386      0.01691      0.00247      0.10606      0.01778      
248500  0.19821    0.01730    0.03663    0.00223      0.10324      0.01627      0.00247      0.10586      0.01765      
248600  0.20073    0.01730    0.03663    0.00237      0.10387      0.01712      0.00251      0.10599      0.01765      
248700  0.19964    0.01729    0.03662    0.00221      0.10384      0.01678      0.00241      0.10605      0.01764      
248800  0.19821    0.01728    0.03662    0.00220      0.10330      0.01623      0.00241      0.10599      0.01759      
248900  0.20079    0.01729    0.03663    0.00238      0.10380      0.01705      0.00248      0.10596      0.01756      
249000  0.19951    0.01728    0.03662    0.00222      0.10380      0.01660      0.00246      0.10605      0.01758      
249100  0.19824    0.01728    0.03662    0.00224      0.10329      0.01624      0.00247      0.10596      0.01761      
249200  0.20074    0.01728    0.03662    0.00242      0.10392      0.01700      0.00249      0.10607      0.01755      
249300  0.19946    0.01728    0.03662    0.00221      0.10405      0.01662      0.00245      0.10627      0.01759      
249400  0.19827    0.01728    0.03661    0.00223      0.10339      0.01624      0.00243      0.10604      0.01761      
249500  0.20066    0.01726    0.03661    0.00243      0.10380      0.01711      0.00248      0.10595      0.01763      
249600  0.19947    0.01726    0.03660    0.00224      0.10377      0.01675      0.00245      0.10601      0.01761      
249700  0.19824    0.01725    0.03660    0.00220      0.10337      0.01630      0.00242      0.10599      0.01763      
249800  0.20070    0.01725    0.03659    0.00239      0.10405      0.01696      0.00247      0.10616      0.01758      
249900  0.19939    0.01723    0.03659    0.00220      0.10388      0.01669      0.00241      0.10606      0.01770      
250000  0.19814    0.01725    0.03659    0.00221      0.10331      0.01617      0.00244      0.10597      0.01765      
250100  0.20074    0.01727    0.03659    0.00236      0.10381      0.01707      0.00243      0.10591      0.01766      
250200  0.19945    0.01726    0.03659    0.00222      0.10374      0.01679      0.00244      0.10596      0.01769      
250300  0.19813    0.01724    0.03658    0.00222      0.10330      0.01621      0.00240      0.10600      0.01776      
250400  0.20068    0.01727    0.03659    0.00239      0.10379      0.01701      0.00246      0.10595      0.01754      
250500  0.19942    0.01726    0.03658    0.00221      0.10381      0.01673      0.00241      0.10606      0.01761      
250600  0.19814    0.01725    0.03658    0.00221      0.10327      0.01623      0.00242      0.10590      0.01768      
250700  0.20069    0.01725    0.03658    0.00235      0.10396      0.01709      0.00242      0.10606      0.01761      
250800  0.19938    0.01726    0.03658    0.00219      0.10392      0.01676      0.00242      0.10616      0.01755      
250900  0.19814    0.01725    0.03658    0.00222      0.10346      0.01620      0.00245      0.10609      0.01761      
251000  0.20071    0.01725    0.03658    0.00229      0.10393      0.01702      0.00243      0.10609      0.01753      
251100  0.19949    0.01724    0.03657    0.00221      0.10392      0.01666      0.00244      0.10611      0.01746      
251200  0.19815    0.01725    0.03657    0.00221      0.10337      0.01619      0.00241      0.10598      0.01755      
251300  0.20059    0.01725    0.03657    0.00240      0.10363      0.01705      0.00248      0.10570      0.01753      
251400  0.19940    0.01725    0.03657    0.00223      0.10361      0.01666      0.00244      0.10580      0.01756      
251500  0.19806    0.01725    0.03657    0.00222      0.10331      0.01617      0.00242      0.10593      0.01754      
251600  0.20066    0.01724    0.03656    0.00230      0.10382      0.01702      0.00240      0.10590      0.01743      
251700  0.19939    0.01724    0.03656    0.00221      0.10380      0.01665      0.00244      0.10593      0.01750      
251800  0.19807    0.01723    0.03656    0.00223      0.10312      0.01631      0.00244      0.10574      0.01760      
251900  0.20064    0.01724    0.03656    0.00239      0.10355      0.01715      0.00244      0.10570      0.01757      
252000  0.19946    0.01724    0.03656    0.00222      0.10368      0.01668      0.00242      0.10588      0.01741      
252100  0.19807    0.01723    0.03655    0.00225      0.10322      0.01616      0.00244      0.10586      0.01755      
252200  0.20053    0.01721    0.03655    0.00237      0.10371      0.01701      0.00242      0.10580      0.01741      
252300  0.19934    0.01722    0.03655    0.00219      0.10371      0.01659      0.00242      0.10593      0.01752      
252400  0.19802    0.01722    0.03655    0.00221      0.10336      0.01605      0.00244      0.10599      0.01740      
252500  0.20063    0.01724    0.03655    0.00236      0.10396      0.01714      0.00242      0.10603      0.01754      
252600  0.19948    0.01722    0.03655    0.00222      0.10368      0.01668      0.00243      0.10584      0.01754      
252700  0.19799    0.01722    0.03655    0.00220      0.10341      0.01614      0.00243      0.10603      0.01755      
252800  0.20061    0.01721    0.03654    0.00236      0.10395      0.01716      0.00245      0.10602      0.01764      
252900  0.19937    0.01721    0.03654    0.00221      0.10365      0.01671      0.00243      0.10582      0.01762      
253000  0.19800    0.01721    0.03654    0.00220      0.10330      0.01615      0.00241      0.10591      0.01750      
253100  0.20065    0.01720    0.03654    0.00234      0.10402      0.01706      0.00242      0.10607      0.01738      
253200  0.19939    0.01720    0.03654    0.00221      0.10380      0.01658      0.00243      0.10602      0.01742      
253300  0.19799    0.01721    0.03654    0.00225      0.10330      0.01613      0.00248      0.10594      0.01756      
253400  0.20059    0.01721    0.03654    0.00233      0.10385      0.01709      0.00244      0.10589      0.01757      
253500  0.19930    0.01721    0.03654    0.00221      0.10376      0.01653      0.00246      0.10596      0.01748      
253600  0.19795    0.01722    0.03654    0.00222      0.10329      0.01606      0.00245      0.10587      0.01753      
253700  0.20046    0.01723    0.03654    0.00235      0.10379      0.01698      0.00245      0.10582      0.01748      
253800  0.19921    0.01722    0.03654    0.00219      0.10384      0.01661      0.00240      0.10600      0.01748      
253900  0.19795    0.01722    0.03653    0.00223      0.10323      0.01615      0.00242      0.10583      0.01752      
254000  0.20049    0.01723    0.03653    0.00234      0.10374      0.01692      0.00247      0.10580      0.01751      
254100  0.19919    0.01720    0.03653    0.00220      0.10376      0.01666      0.00241      0.10590      0.01749      
254200  0.19796    0.01721    0.03653    0.00223      0.10339      0.01607      0.00242      0.10600      0.01752      
254300  0.20036    0.01721    0.03652    0.00235      0.10386      0.01695      0.00245      0.10598      0.01759      
254400  0.19923    0.01721    0.03652    0.00222      0.10379      0.01659      0.00245      0.10604      0.01754      
254500  0.19796    0.01720    0.03652    0.00220      0.10320      0.01612      0.00242      0.10582      0.01762      
254600  0.20040    0.01718    0.03652    0.00230      0.10388      0.01691      0.00239      0.10600      0.01753      
254700  0.19915    0.01719    0.03651    0.00220      0.10366      0.01674      0.00243      0.10586      0.01765      
254800  0.19789    0.01717    0.03651    0.00222      0.10313      0.01610      0.00244      0.10578      0.01754      
254900  0.20048    0.01718    0.03650    0.00237      0.10377      0.01687      0.00243      0.10589      0.01751      
255000  0.19912    0.01719    0.03651    0.00220      0.10366      0.01660      0.00244      0.10590      0.01748      
255100  0.19789    0.01717    0.03650    0.00221      0.10329      0.01613      0.00245      0.10594      0.01753      
255200  0.20050    0.01717    0.03650    0.00234      0.10369      0.01689      0.00246      0.10582      0.01756      
255300  0.19910    0.01717    0.03650    0.00221      0.10362      0.01669      0.00243      0.10586      0.01757      
255400  0.19795    0.01716    0.03649    0.00223      0.10321      0.01612      0.00245      0.10594      0.01760      
255500  0.20039    0.01716    0.03649    0.00232      0.10388      0.01682      0.00243      0.10599      0.01746      
255600  0.19906    0.01715    0.03648    0.00219      0.10379      0.01662      0.00245      0.10605      0.01756      
255700  0.19793    0.01715    0.03648    0.00220      0.10330      0.01617      0.00243      0.10599      0.01758      
255800  0.20039    0.01715    0.03648    0.00236      0.10388      0.01690      0.00248      0.10601      0.01755      
255900  0.19903    0.01713    0.03647    0.00223      0.10373      0.01672      0.00245      0.10596      0.01767      
256000  0.19793    0.01714    0.03647    0.00221      0.10325      0.01618      0.00244      0.10593      0.01767      
256100  0.20038    0.01713    0.03647    0.00232      0.10377      0.01692      0.00243      0.10590      0.01754      
256200  0.19910    0.01712    0.03647    0.00220      0.10355      0.01681      0.00243      0.10584      0.01766      
256300  0.19797    0.01712    0.03646    0.00222      0.10317      0.01624      0.00244      0.10592      0.01776      
256400  0.20029    0.01711    0.03646    0.00240      0.10364      0.01693      0.00251      0.10576      0.01752      
256500  0.19906    0.01711    0.03646    0.00219      0.10395      0.01666      0.00241      0.10617      0.01764      
256600  0.19791    0.01711    0.03646    0.00224      0.10328      0.01611      0.00245      0.10596      0.01752      
256700  0.20025    0.01710    0.03645    0.00237      0.10371      0.01694      0.00246      0.10586      0.01761      
256800  0.19905    0.01710    0.03645    0.00221      0.10371      0.01671      0.00245      0.10591      0.01761      
256900  0.19789    0.01710    0.03645    0.00228      0.10325      0.01620      0.00247      0.10594      0.01762      
257000  0.20021    0.01711    0.03645    0.00228      0.10421      0.01676      0.00243      0.10637      0.01757      
257100  0.19903    0.01711    0.03645    0.00217      0.10395      0.01667      0.00239      0.10630      0.01750      
257200  0.19786    0.01710    0.03645    0.00220      0.10334      0.01621      0.00242      0.10612      0.01769      
257300  0.20028    0.01712    0.03645    0.00233      0.10393      0.01687      0.00245      0.10619      0.01761      
257400  0.19909    0.01714    0.03645    0.00224      0.10378      0.01658      0.00248      0.10608      0.01757      
257500  0.19782    0.01713    0.03645    0.00227      0.10324      0.01615      0.00248      0.10600      0.01752      
257600  0.20028    0.01712    0.03645    0.00232      0.10383      0.01686      0.00244      0.10600      0.01747      
257700  0.19905    0.01713    0.03644    0.00222      0.10387      0.01658      0.00250      0.10616      0.01768      
257800  0.19783    0.01713    0.03644    0.00224      0.10336      0.01616      0.00246      0.10610      0.01770      
257900  0.20036    0.01713    0.03644    0.00242      0.10383      0.01692      0.00258      0.10602      0.01774      
258000  0.19902    0.01713    0.03644    0.00223      0.10381      0.01657      0.00247      0.10606      0.01763      
258100  0.19781    0.01713    0.03643    0.00228      0.10318      0.01610      0.00248      0.10586      0.01754      
258200  0.20033    0.01713    0.03644    0.00239      0.10389      0.01683      0.00250      0.10606      0.01749      
258300  0.19900    0.01714    0.03643    0.00222      0.10367      0.01666      0.00245      0.10591      0.01757      
258400  0.19782    0.01714    0.03643    0.00223      0.10339      0.01616      0.00241      0.10609      0.01758      
258500  0.20045    0.01713    0.03643    0.00237      0.10383      0.01699      0.00245      0.10600      0.01758      
258600  0.19900    0.01713    0.03643    0.00217      0.10373      0.01663      0.00241      0.10599      0.01752      
258700  0.19782    0.01712    0.03642    0.00222      0.10325      0.01619      0.00242      0.10589      0.01754      
258800  0.20034    0.01712    0.03642    0.00235      0.10377      0.01694      0.00243      0.10596      0.01754      
258900  0.19899    0.01710    0.03642    0.00224      0.10372      0.01673      0.00245      0.10594      0.01750      
259000  0.19773    0.01709    0.03641    0.00223      0.10311      0.01624      0.00243      0.10578      0.01752      
259100  0.20028    0.01708    0.03641    0.00229      0.10392      0.01690      0.00242      0.10606      0.01741      
259200  0.19902    0.01710    0.03641    0.00223      0.10368      0.01673      0.00246      0.10588      0.01760      
259300  0.19769    0.01709    0.03640    0.00222      0.10317      0.01621      0.00246      0.10580      0.01752      
259400  0.20029    0.01709    0.03640    0.00230      0.10379      0.01698      0.00242      0.10588      0.01747      
259500  0.19898    0.01707    0.03640    0.00222      0.10354      0.01670      0.00243      0.10569      0.01748      
259600  0.19767    0.01707    0.03640    0.00223      0.10329      0.01620      0.00246      0.10590      0.01761      
259700  0.20024    0.01707    0.03640    0.00237      0.10396      0.01693      0.00246      0.10601      0.01748      
259800  0.19887    0.01706    0.03639    0.00220      0.10364      0.01664      0.00242      0.10585      0.01750      
259900  0.19767    0.01706    0.03639    0.00221      0.10320      0.01625      0.00245      0.10584      0.01757      
260000  0.20019    0.01705    0.03639    0.00232      0.10388      0.01689      0.00244      0.10598      0.01741      
260100  0.19892    0.01704    0.03639    0.00221      0.10366      0.01666      0.00242      0.10589      0.01752      
260200  0.19762    0.01704    0.03639    0.00221      0.10324      0.01624      0.00241      0.10586      0.01750      
260300  0.20028    0.01706    0.03639    0.00230      0.10403      0.01692      0.00240      0.10610      0.01739      
260400  0.19893    0.01705    0.03639    0.00221      0.10371      0.01673      0.00242      0.10590      0.01742      
260500  0.19765    0.01706    0.03639    0.00222      0.10324      0.01628      0.00242      0.10589      0.01750      
260600  0.20032    0.01705    0.03639    0.00232      0.10386      0.01707      0.00243      0.10596      0.01756      
260700  0.19894    0.01705    0.03638    0.00224      0.10382      0.01674      0.00248      0.10606      0.01750      
260800  0.19762    0.01705    0.03638    0.00221      0.10319      0.01628      0.00241      0.10588      0.01747      
260900  0.20026    0.01705    0.03637    0.00232      0.10379      0.01717      0.00243      0.10591      0.01767      
261000  0.19892    0.01705    0.03637    0.00221      0.10369      0.01669      0.00242      0.10593      0.01740      
261100  0.19763    0.01704    0.03637    0.00220      0.10333      0.01618      0.00240      0.10599      0.01743      
261200  0.20016    0.01704    0.03637    0.00230      0.10392      0.01699      0.00241      0.10602      0.01749      
261300  0.19897    0.01704    0.03637    0.00220      0.10367      0.01668      0.00241      0.10592      0.01747      
261400  0.19762    0.01704    0.03636    0.00219      0.10338      0.01625      0.00242      0.10604      0.01759      
261500  0.20023    0.01705    0.03637    0.00234      0.10377      0.01695      0.00243      0.10584      0.01737      
261600  0.19889    0.01703    0.03636    0.00221      0.10376      0.01661      0.00242      0.10593      0.01732      
261700  0.19753    0.01703    0.03636    0.00221      0.10336      0.01625      0.00241      0.10596      0.01743      
261800  0.20023    0.01703    0.03636    0.00232      0.10389      0.01711      0.00241      0.10598      0.01752      
261900  0.19888    0.01704    0.03635    0.00220      0.10371      0.01664      0.00239      0.10587      0.01735      
262000  0.19753    0.01705    0.03636    0.00220      0.10318      0.01617      0.00242      0.10574      0.01732      
262100  0.20015    0.01703    0.03635    0.00233      0.10381      0.01692      0.00239      0.10589      0.01740      
262200  0.19884    0.01703    0.03635    0.00220      0.10380      0.01668      0.00240      0.10598      0.01757      
262300  0.19751    0.01704    0.03635    0.00220      0.10329      0.01613      0.00240      0.10588      0.01737      
262400  0.20023    0.01704    0.03635    0.00240      0.10386      0.01701      0.00244      0.10597      0.01744      
262500  0.19891    0.01704    0.03635    0.00225      0.10370      0.01662      0.00243      0.10595      0.01742      
262600  0.19754    0.01704    0.03635    0.00222      0.10331      0.01619      0.00244      0.10593      0.01743      
262700  0.20005    0.01703    0.03634    0.00234      0.10379      0.01696      0.00244      0.10593      0.01751      
262800  0.19881    0.01703    0.03634    0.00219      0.10369      0.01661      0.00240      0.10592      0.01751      
262900  0.19756    0.01702    0.03634    0.00225      0.10327      0.01612      0.00242      0.10590      0.01747      
263000  0.20007    0.01702    0.03634    0.00234      0.10387      0.01699      0.00242      0.10602      0.01757      
263100  0.19880    0.01702    0.03634    0.00220      0.10370      0.01672      0.00238      0.10595      0.01754      
263200  0.19753    0.01701    0.03633    0.00223      0.10332      0.01610      0.00243      0.10596      0.01748      
263300  0.20004    0.01701    0.03633    0.00234      0.10391      0.01685      0.00241      0.10604      0.01741      
263400  0.19887    0.01701    0.03633    0.00217      0.10376      0.01674      0.00237      0.10599      0.01751      
263500  0.19751    0.01700    0.03633    0.00224      0.10332      0.01610      0.00244      0.10594      0.01741      
263600  0.20013    0.01700    0.03633    0.00229      0.10401      0.01687      0.00240      0.10616      0.01751      
263700  0.19888    0.01701    0.03633    0.00226      0.10360      0.01669      0.00246      0.10584      0.01755      
263800  0.19754    0.01701    0.03633    0.00222      0.10321      0.01617      0.00242      0.10585      0.01758      
263900  0.20007    0.01700    0.03632    0.00234      0.10376      0.01692      0.00242      0.10585      0.01746      
264000  0.19877    0.01700    0.03632    0.00221      0.10367      0.01659      0.00240      0.10589      0.01753      
264100  0.19753    0.01701    0.03632    0.00221      0.10335      0.01608      0.00243      0.10596      0.01746      
264200  0.20011    0.01702    0.03632    0.00232      0.10379      0.01689      0.00241      0.10587      0.01744      
264300  0.19877    0.01701    0.03632    0.00221      0.10381      0.01654      0.00242      0.10598      0.01756      
264400  0.19753    0.01699    0.03631    0.00223      0.10326      0.01610      0.00244      0.10587      0.01750      
264500  0.19992    0.01699    0.03631    0.00240      0.10378      0.01695      0.00252      0.10591      0.01757      
264600  0.19875    0.01698    0.03631    0.00224      0.10385      0.01656      0.00245      0.10604      0.01752      
264700  0.19747    0.01698    0.03631    0.00220      0.10337      0.01609      0.00242      0.10595      0.01749      
264800  0.19995    0.01698    0.03630    0.00232      0.10379      0.01691      0.00244      0.10594      0.01746      
264900  0.19873    0.01697    0.03630    0.00220      0.10391      0.01659      0.00242      0.10607      0.01752      
265000  0.19747    0.01697    0.03630    0.00224      0.10319      0.01612      0.00247      0.10578      0.01747      
265100  0.20002    0.01698    0.03630    0.00236      0.10380      0.01699      0.00244      0.10591      0.01755      
265200  0.19873    0.01699    0.03630    0.00223      0.10373      0.01669      0.00245      0.10592      0.01755      
265300  0.19743    0.01700    0.03630    0.00224      0.10330      0.01610      0.00243      0.10591      0.01752      
265400  0.19999    0.01701    0.03630    0.00235      0.10395      0.01689      0.00243      0.10606      0.01743      
265500  0.19872    0.01698    0.03629    0.00224      0.10379      0.01665      0.00244      0.10594      0.01751      
265600  0.19748    0.01699    0.03630    0.00220      0.10312      0.01620      0.00244      0.10569      0.01756      
265700  0.20001    0.01699    0.03629    0.00234      0.10377      0.01694      0.00246      0.10588      0.01757      
265800  0.19873    0.01697    0.03629    0.00221      0.10388      0.01672      0.00245      0.10598      0.01764      
265900  0.19741    0.01698    0.03629    0.00220      0.10344      0.01604      0.00240      0.10604      0.01748      
266000  0.19995    0.01697    0.03628    0.00231      0.10390      0.01689      0.00243      0.10599      0.01755      
266100  0.19865    0.01695    0.03628    0.00222      0.10381      0.01660      0.00242      0.10594      0.01758      
266200  0.19734    0.01696    0.03628    0.00220      0.10325      0.01611      0.00242      0.10591      0.01762      
266300  0.19987    0.01696    0.03627    0.00231      0.10385      0.01694      0.00243      0.10593      0.01752      
266400  0.19874    0.01696    0.03627    0.00223      0.10367      0.01673      0.00246      0.10581      0.01756      
266500  0.19741    0.01695    0.03627    0.00223      0.10327      0.01621      0.00242      0.10587      0.01757      
266600  0.19989    0.01696    0.03627    0.00236      0.10377      0.01699      0.00247      0.10581      0.01759      
266700  0.19875    0.01694    0.03626    0.00222      0.10366      0.01682      0.00243      0.10582      0.01764      
266800  0.19737    0.01696    0.03626    0.00223      0.10310      0.01619      0.00245      0.10567      0.01751      
266900  0.19995    0.01696    0.03626    0.00233      0.10376      0.01707      0.00244      0.10581      0.01759      
267000  0.19874    0.01693    0.03625    0.00219      0.10373      0.01665      0.00241      0.10589      0.01752      
267100  0.19731    0.01694    0.03624    0.00221      0.10325      0.01613      0.00242      0.10591      0.01748      
267200  0.19987    0.01695    0.03625    0.00233      0.10366      0.01696      0.00243      0.10578      0.01749      
267300  0.19866    0.01695    0.03624    0.00219      0.10370      0.01663      0.00242      0.10589      0.01760      
267400  0.19736    0.01695    0.03624    0.00222      0.10322      0.01617      0.00242      0.10586      0.01755      
267500  0.19994    0.01693    0.03624    0.00235      0.10386      0.01692      0.00243      0.10594      0.01752      
267600  0.19863    0.01694    0.03624    0.00220      0.10370      0.01670      0.00243      0.10589      0.01767      
267700  0.19729    0.01693    0.03623    0.00224      0.10329      0.01612      0.00248      0.10597      0.01750      
267800  0.19992    0.01689    0.03622    0.00234      0.10368      0.01695      0.00248      0.10581      0.01764      
267900  0.19862    0.01690    0.03622    0.00220      0.10377      0.01675      0.00239      0.10598      0.01758      
268000  0.19725    0.01690    0.03622    0.00223      0.10326      0.01617      0.00244      0.10596      0.01750      
268100  0.19988    0.01692    0.03623    0.00235      0.10361      0.01703      0.00240      0.10574      0.01760      
268200  0.19863    0.01691    0.03622    0.00225      0.10373      0.01664      0.00244      0.10597      0.01747      
268300  0.19721    0.01692    0.03622    0.00222      0.10319      0.01616      0.00244      0.10592      0.01748      
268400  0.19986    0.01690    0.03622    0.00236      0.10387      0.01690      0.00242      0.10602      0.01742      
268500  0.19860    0.01690    0.03622    0.00221      0.10369      0.01670      0.00247      0.10593      0.01762      
268600  0.19724    0.01689    0.03621    0.00225      0.10320      0.01624      0.00248      0.10594      0.01762      
268700  0.19980    0.01689    0.03621    0.00233      0.10386      0.01687      0.00242      0.10602      0.01748      
268800  0.19854    0.01687    0.03621    0.00221      0.10366      0.01664      0.00244      0.10591      0.01758      
268900  0.19717    0.01688    0.03621    0.00221      0.10312      0.01618      0.00242      0.10583      0.01750      
269000  0.19976    0.01690    0.03620    0.00234      0.10359      0.01686      0.00244      0.10580      0.01751      
269100  0.19854    0.01689    0.03620    0.00221      0.10357      0.01670      0.00243      0.10585      0.01758      
269200  0.19709    0.01688    0.03620    0.00222      0.10319      0.01613      0.00241      0.10592      0.01758      
269300  0.19970    0.01688    0.03619    0.00236      0.10366      0.01679      0.00246      0.10583      0.01751      
269400  0.19846    0.01687    0.03619    0.00219      0.10375      0.01657      0.00243      0.10599      0.01756      
269500  0.19730    0.01688    0.03619    0.00223      0.10325      0.01616      0.00245      0.10593      0.01756      
269600  0.19972    0.01687    0.03619    0.00235      0.10379      0.01689      0.00248      0.10592      0.01768      
269700  0.19848    0.01687    0.03618    0.00218      0.10366      0.01667      0.00243      0.10593      0.01762      
269800  0.19719    0.01686    0.03618    0.00222      0.10310      0.01626      0.00245      0.10578      0.01759      
269900  0.19977    0.01687    0.03618    0.00232      0.10381      0.01685      0.00244      0.10596      0.01756      
270000  0.19850    0.01686    0.03618    0.00221      0.10368      0.01670      0.00243      0.10596      0.01758      
270100  0.19713    0.01684    0.03617    0.00224      0.10310      0.01620      0.00245      0.10580      0.01758      
270200  0.19966    0.01683    0.03617    0.00234      0.10367      0.01689      0.00243      0.10586      0.01760      
270300  0.19844    0.01684    0.03617    0.00220      0.10378      0.01669      0.00241      0.10604      0.01760      
270400  0.19712    0.01683    0.03617    0.00222      0.10322      0.01619      0.00243      0.10587      0.01756      
270500  0.19971    0.01684    0.03616    0.00237      0.10370      0.01699      0.00245      0.10587      0.01763      
270600  0.19841    0.01683    0.03616    0.00219      0.10362      0.01671      0.00241      0.10588      0.01755      
270700  0.19710    0.01683    0.03615    0.00226      0.10308      0.01625      0.00246      0.10577      0.01750      
270800  0.19962    0.01682    0.03615    0.00235      0.10363      0.01686      0.00243      0.10583      0.01750      
270900  0.19831    0.01679    0.03614    0.00222      0.10353      0.01672      0.00243      0.10580      0.01757      
271000  0.19704    0.01678    0.03614    0.00224      0.10314      0.01623      0.00243      0.10583      0.01762      
271100  0.19963    0.01679    0.03614    0.00233      0.10372      0.01696      0.00241      0.10582      0.01758      
271200  0.19835    0.01679    0.03614    0.00221      0.10369      0.01665      0.00240      0.10594      0.01747      
271300  0.19707    0.01678    0.03613    0.00219      0.10330      0.01622      0.00240      0.10597      0.01750      
271400  0.19958    0.01677    0.03612    0.00234      0.10365      0.01686      0.00244      0.10574      0.01750      
271500  0.19839    0.01678    0.03612    0.00222      0.10364      0.01676      0.00242      0.10583      0.01751      
271600  0.19706    0.01678    0.03612    0.00222      0.10319      0.01622      0.00243      0.10583      0.01745      
271700  0.19961    0.01679    0.03613    0.00239      0.10360      0.01681      0.00249      0.10579      0.01742      
271800  0.19828    0.01678    0.03612    0.00222      0.10368      0.01664      0.00242      0.10591      0.01747      
271900  0.19698    0.01678    0.03613    0.00222      0.10322      0.01617      0.00240      0.10593      0.01752      
272000  0.19961    0.01678    0.03612    0.00231      0.10372      0.01684      0.00239      0.10589      0.01740      
272100  0.19836    0.01678    0.03612    0.00223      0.10383      0.01665      0.00241      0.10602      0.01749      
272200  0.19694    0.01678    0.03612    0.00224      0.10308      0.01621      0.00242      0.10574      0.01747      
272300  0.19952    0.01678    0.03612    0.00228      0.10370      0.01685      0.00238      0.10588      0.01740      
272400  0.19833    0.01677    0.03612    0.00224      0.10375      0.01660      0.00241      0.10601      0.01745      
272500  0.19695    0.01677    0.03611    0.00223      0.10318      0.01622      0.00241      0.10592      0.01746      
272600  0.19953    0.01677    0.03611    0.00235      0.10365      0.01679      0.00243      0.10587      0.01734      
272700  0.19829    0.01676    0.03611    0.00220      0.10354      0.01670      0.00241      0.10580      0.01740      
272800  0.19698    0.01676    0.03610    0.00222      0.10315      0.01619      0.00241      0.10588      0.01744      
272900  0.19956    0.01676    0.03610    0.00235      0.10370      0.01689      0.00243      0.10585      0.01748      
273000  0.19826    0.01676    0.03610    0.00218      0.10371      0.01655      0.00237      0.10601      0.01739      
273100  0.19695    0.01676    0.03610    0.00221      0.10324      0.01614      0.00239      0.10594      0.01741      
273200  0.19949    0.01675    0.03610    0.00236      0.10374      0.01683      0.00242      0.10591      0.01737      
273300  0.19827    0.01676    0.03610    0.00221      0.10371      0.01666      0.00239      0.10599      0.01746      
273400  0.19688    0.01675    0.03609    0.00221      0.10324      0.01617      0.00238      0.10596      0.01744      
273500  0.19948    0.01675    0.03609    0.00235      0.10373      0.01683      0.00243      0.10591      0.01737      
273600  0.19822    0.01675    0.03609    0.00223      0.10369      0.01657      0.00243      0.10596      0.01740      
273700  0.19685    0.01674    0.03609    0.00221      0.10331      0.01609      0.00240      0.10606      0.01749      
273800  0.19953    0.01675    0.03608    0.00234      0.10390      0.01679      0.00244      0.10616      0.01736      
273900  0.19823    0.01675    0.03608    0.00221      0.10383      0.01666      0.00239      0.10616      0.01756      
274000  0.19689    0.01673    0.03608    0.00221      0.10341      0.01611      0.00240      0.10618      0.01759      
274100  0.19946    0.01673    0.03608    0.00233      0.10371      0.01701      0.00241      0.10597      0.01766      
274200  0.19820    0.01672    0.03608    0.00219      0.10375      0.01670      0.00239      0.10600      0.01753      
274300  0.19685    0.01673    0.03608    0.00225      0.10321      0.01619      0.00241      0.10590      0.01752      
274400  0.19946    0.01672    0.03607    0.00235      0.10381      0.01682      0.00245      0.10598      0.01738      
274500  0.19821    0.01671    0.03607    0.00219      0.10381      0.01661      0.00238      0.10601      0.01744      
274600  0.19678    0.01672    0.03607    0.00223      0.10317      0.01612      0.00243      0.10586      0.01751      
274700  0.19953    0.01670    0.03606    0.00237      0.10383      0.01701      0.00243      0.10600      0.01761      
274800  0.19818    0.01668    0.03606    0.00217      0.10368      0.01680      0.00238      0.10592      0.01756      
274900  0.19675    0.01668    0.03606    0.00218      0.10334      0.01613      0.00238      0.10602      0.01754      
275000  0.19940    0.01669    0.03606    0.00228      0.10399      0.01683      0.00240      0.10611      0.01744      
275100  0.19815    0.01670    0.03606    0.00221      0.10367      0.01661      0.00243      0.10588      0.01744      
275200  0.19678    0.01671    0.03606    0.00222      0.10320      0.01613      0.00242      0.10586      0.01758      
275300  0.19941    0.01671    0.03606    0.00234      0.10381      0.01690      0.00244      0.10596      0.01745      
275400  0.19810    0.01670    0.03605    0.00225      0.10361      0.01668      0.00241      0.10584      0.01756      
275500  0.19675    0.01669    0.03604    0.00220      0.10315      0.01618      0.00240      0.10583      0.01757      
275600  0.19941    0.01669    0.03604    0.00232      0.10385      0.01690      0.00240      0.10606      0.01749      
275700  0.19803    0.01668    0.03604    0.00219      0.10367      0.01664      0.00239      0.10588      0.01756      
275800  0.19665    0.01666    0.03604    0.00219      0.10314      0.01618      0.00240      0.10585      0.01754      
275900  0.19935    0.01666    0.03604    0.00232      0.10389      0.01685      0.00241      0.10606      0.01746      
276000  0.19805    0.01667    0.03604    0.00221      0.10376      0.01666      0.00240      0.10596      0.01748      
276100  0.19667    0.01666    0.03604    0.00220      0.10319      0.01623      0.00239      0.10586      0.01756      
276200  0.19942    0.01668    0.03604    0.00240      0.10371      0.01697      0.00247      0.10586      0.01759      
276300  0.19808    0.01667    0.03603    0.00220      0.10379      0.01680      0.00238      0.10597      0.01759      
276400  0.19666    0.01665    0.03603    0.00221      0.10305      0.01619      0.00240      0.10571      0.01760      
276500  0.19939    0.01666    0.03603    0.00231      0.10376      0.01705      0.00241      0.10583      0.01763      
276600  0.19804    0.01665    0.03602    0.00218      0.10370      0.01683      0.00236      0.10587      0.01761      
276700  0.19669    0.01666    0.03603    0.00222      0.10303      0.01621      0.00239      0.10572      0.01751      
276800  0.19935    0.01665    0.03603    0.00232      0.10372      0.01689      0.00239      0.10584      0.01752      
276900  0.19799    0.01665    0.03602    0.00217      0.10377      0.01661      0.00236      0.10595      0.01760      
277000  0.19668    0.01666    0.03602    0.00220      0.10320      0.01615      0.00235      0.10590      0.01760      
277100  0.19931    0.01666    0.03602    0.00229      0.10393      0.01696      0.00235      0.10611      0.01764      
277200  0.19804    0.01664    0.03602    0.00223      0.10378      0.01665      0.00240      0.10602      0.01765      
277300  0.19663    0.01666    0.03602    0.00222      0.10309      0.01617      0.00238      0.10580      0.01763      
277400  0.19935    0.01665    0.03602    0.00234      0.10380      0.01698      0.00239      0.10596      0.01759      
277500  0.19796    0.01664    0.03601    0.00226      0.10354      0.01669      0.00243      0.10580      0.01760      
277600  0.19661    0.01664    0.03601    0.00223      0.10301      0.01617      0.00239      0.10576      0.01764      
277700  0.19934    0.01665    0.03601    0.00231      0.10384      0.01699      0.00237      0.10604      0.01762      
277800  0.19800    0.01664    0.03600    0.00218      0.10360      0.01679      0.00238      0.10585      0.01769      
277900  0.19662    0.01663    0.03600    0.00222      0.10314      0.01622      0.00240      0.10590      0.01768      
278000  0.19927    0.01664    0.03600    0.00228      0.10369      0.01697      0.00237      0.10586      0.01761      
278100  0.19801    0.01664    0.03600    0.00218      0.10351      0.01684      0.00238      0.10576      0.01765      
278200  0.19661    0.01663    0.03600    0.00221      0.10289      0.01625      0.00238      0.10562      0.01768      
278300  0.19924    0.01665    0.03600    0.00233      0.10358      0.01699      0.00242      0.10575      0.01755      
278400  0.19800    0.01664    0.03599    0.00223      0.10367      0.01674      0.00240      0.10587      0.01769      
278500  0.19661    0.01663    0.03599    0.00223      0.10303      0.01628      0.00241      0.10577      0.01777      
278600  0.19922    0.01662    0.03598    0.00234      0.10382      0.01703      0.00243      0.10592      0.01758      
278700  0.19796    0.01661    0.03598    0.00221      0.10362      0.01670      0.00240      0.10582      0.01758      
278800  0.19659    0.01661    0.03597    0.00224      0.10321      0.01615      0.00243      0.10588      0.01752      
278900  0.19921    0.01661    0.03597    0.00231      0.10376      0.01701      0.00239      0.10594      0.01758      
279000  0.19797    0.01661    0.03597    0.00217      0.10371      0.01688      0.00236      0.10598      0.01775      
279100  0.19658    0.01661    0.03596    0.00220      0.10314      0.01619      0.00238      0.10588      0.01753      
279200  0.19919    0.01659    0.03596    0.00234      0.10366      0.01703      0.00241      0.10583      0.01759      
279300  0.19791    0.01659    0.03596    0.00219      0.10365      0.01677      0.00238      0.10587      0.01767      
279400  0.19657    0.01659    0.03595    0.00223      0.10309      0.01624      0.00238      0.10590      0.01774      
279500  0.19910    0.01659    0.03595    0.00231      0.10369      0.01702      0.00237      0.10591      0.01766      
279600  0.19794    0.01658    0.03595    0.00219      0.10359      0.01676      0.00237      0.10579      0.01759      
279700  0.19655    0.01659    0.03595    0.00220      0.10311      0.01630      0.00239      0.10586      0.01777      
279800  0.19923    0.01660    0.03595    0.00231      0.10379      0.01703      0.00237      0.10597      0.01777      
279900  0.19787    0.01660    0.03595    0.00221      0.10366      0.01671      0.00239      0.10583      0.01771      
280000  0.19648    0.01659    0.03595    0.00223      0.10309      0.01612      0.00241      0.10587      0.01764      
280100  0.19924    0.01659    0.03594    0.00234      0.10372      0.01701      0.00241      0.10595      0.01764      
280200  0.19789    0.01660    0.03594    0.00221      0.10372      0.01666      0.00239      0.10592      0.01764      
280300  0.19649    0.01661    0.03594    0.00221      0.10317      0.01614      0.00240      0.10592      0.01764      
280400  0.19920    0.01660    0.03594    0.00237      0.10357      0.01705      0.00241      0.10575      0.01768      
280500  0.19794    0.01660    0.03594    0.00223      0.10377      0.01673      0.00240      0.10598      0.01768      
280600  0.19645    0.01660    0.03594    0.00225      0.10301      0.01618      0.00241      0.10570      0.01764      
280700  0.19904    0.01659    0.03594    0.00231      0.10385      0.01704      0.00239      0.10601      0.01763      
280800  0.19784    0.01659    0.03594    0.00220      0.10359      0.01671      0.00241      0.10581      0.01766      
280900  0.19640    0.01657    0.03593    0.00223      0.10315      0.01612      0.00239      0.10588      0.01763      
281000  0.19915    0.01657    0.03593    0.00234      0.10382      0.01703      0.00242      0.10596      0.01757      
281100  0.19783    0.01657    0.03592    0.00220      0.10370      0.01665      0.00240      0.10586      0.01760      
281200  0.19639    0.01657    0.03592    0.00220      0.10321      0.01612      0.00239      0.10590      0.01758      
281300  0.19911    0.01657    0.03592    0.00242      0.10368      0.01698      0.00248      0.10582      0.01755      
281400  0.19780    0.01658    0.03592    0.00219      0.10368      0.01669      0.00237      0.10589      0.01756      
281500  0.19641    0.01660    0.03593    0.00220      0.10310      0.01612      0.00239      0.10581      0.01754      
281600  0.19907    0.01658    0.03592    0.00232      0.10357      0.01702      0.00239      0.10570      0.01759      
281700  0.19782    0.01659    0.03592    0.00221      0.10345      0.01659      0.00241      0.10562      0.01754      
281800  0.19638    0.01660    0.03592    0.00220      0.10303      0.01612      0.00238      0.10573      0.01761      
281900  0.19911    0.01658    0.03591    0.00240      0.10356      0.01703      0.00244      0.10572      0.01757      
282000  0.19777    0.01658    0.03591    0.00218      0.10355      0.01677      0.00238      0.10578      0.01764      
282100  0.19639    0.01659    0.03591    0.00222      0.10313      0.01610      0.00242      0.10584      0.01754      
282200  0.19906    0.01659    0.03591    0.00233      0.10358      0.01706      0.00242      0.10571      0.01755      
282300  0.19780    0.01660    0.03591    0.00221      0.10351      0.01668      0.00241      0.10571      0.01756      
282400  0.19633    0.01659    0.03591    0.00222      0.10304      0.01611      0.00239      0.10577      0.01762      
282500  0.19900    0.01658    0.03591    0.00231      0.10362      0.01698      0.00239      0.10580      0.01755      
282600  0.19777    0.01658    0.03590    0.00219      0.10359      0.01668      0.00239      0.10579      0.01764      
282700  0.19629    0.01656    0.03590    0.00222      0.10318      0.01603      0.00241      0.10589      0.01761      
282800  0.19903    0.01658    0.03590    0.00237      0.10359      0.01691      0.00239      0.10573      0.01754      
282900  0.19780    0.01657    0.03590    0.00219      0.10354      0.01669      0.00237      0.10573      0.01757      
283000  0.19631    0.01656    0.03589    0.00221      0.10300      0.01613      0.00237      0.10566      0.01758      
283100  0.19894    0.01656    0.03589    0.00234      0.10350      0.01689      0.00239      0.10564      0.01753      
283200  0.19769    0.01655    0.03589    0.00222      0.10365      0.01663      0.00240      0.10579      0.01752      
283300  0.19638    0.01657    0.03589    0.00224      0.10297      0.01608      0.00243      0.10561      0.01748      
283400  0.19886    0.01656    0.03589    0.00238      0.10355      0.01682      0.00243      0.10566      0.01741      
283500  0.19769    0.01657    0.03589    0.00219      0.10358      0.01665      0.00239      0.10577      0.01748      
283600  0.19634    0.01657    0.03589    0.00220      0.10311      0.01605      0.00239      0.10573      0.01746      
283700  0.19902    0.01657    0.03589    0.00235      0.10361      0.01687      0.00243      0.10576      0.01736      
283800  0.19768    0.01657    0.03588    0.00219      0.10356      0.01660      0.00239      0.10576      0.01745      
283900  0.19630    0.01657    0.03588    0.00223      0.10291      0.01607      0.00240      0.10562      0.01760      
284000  0.19892    0.01658    0.03589    0.00237      0.10369      0.01684      0.00238      0.10587      0.01748      
284100  0.19776    0.01658    0.03588    0.00218      0.10359      0.01663      0.00237      0.10581      0.01748      
284200  0.19630    0.01657    0.03587    0.00220      0.10300      0.01614      0.00238      0.10573      0.01766      
284300  0.19905    0.01659    0.03588    0.00232      0.10347      0.01697      0.00239      0.10566      0.01756      
284400  0.19778    0.01659    0.03587    0.00220      0.10353      0.01667      0.00239      0.10579      0.01755      
284500  0.19630    0.01659    0.03588    0.00224      0.10289      0.01610      0.00240      0.10559      0.01754      
284600  0.19908    0.01659    0.03587    0.00235      0.10353      0.01691      0.00239      0.10568      0.01754      
284700  0.19772    0.01660    0.03587    0.00220      0.10353      0.01673      0.00237      0.10577      0.01774      
284800  0.19627    0.01659    0.03587    0.00226      0.10291      0.01605      0.00245      0.10562      0.01754      
284900  0.19901    0.01659    0.03587    0.00237      0.10359      0.01698      0.00241      0.10578      0.01761      
285000  0.19776    0.01659    0.03587    0.00223      0.10354      0.01669      0.00242      0.10576      0.01757      
285100  0.19628    0.01658    0.03586    0.00224      0.10292      0.01612      0.00238      0.10563      0.01756      
285200  0.19893    0.01656    0.03586    0.00236      0.10356      0.01696      0.00239      0.10571      0.01757      
285300  0.19769    0.01657    0.03586    0.00221      0.10364      0.01657      0.00238      0.10590      0.01764      
285400  0.19620    0.01656    0.03585    0.00225      0.10311      0.01604      0.00239      0.10587      0.01772      
285500  0.19884    0.01657    0.03585    0.00232      0.10353      0.01695      0.00238      0.10575      0.01757      
285600  0.19769    0.01657    0.03585    0.00223      0.10338      0.01670      0.00241      0.10566      0.01763      
285700  0.19618    0.01655    0.03584    0.00225      0.10296      0.01614      0.00242      0.10566      0.01760      
285800  0.19895    0.01655    0.03584    0.00235      0.10354      0.01696      0.00240      0.10573      0.01748      
285900  0.19762    0.01654    0.03584    0.00221      0.10361      0.01670      0.00237      0.10587      0.01775      
286000  0.19622    0.01656    0.03584    0.00224      0.10306      0.01612      0.00240      0.10580      0.01774      
286100  0.19887    0.01654    0.03584    0.00236      0.10336      0.01702      0.00240      0.10559      0.01759      
286200  0.19759    0.01656    0.03583    0.00221      0.10334      0.01667      0.00240      0.10559      0.01774      
286300  0.19626    0.01656    0.03583    0.00223      0.10294      0.01610      0.00243      0.10560      0.01754      
286400  0.19886    0.01654    0.03582    0.00231      0.10362      0.01695      0.00237      0.10581      0.01751      
286500  0.19761    0.01655    0.03582    0.00221      0.10369      0.01664      0.00240      0.10589      0.01756      
286600  0.19626    0.01654    0.03582    0.00219      0.10311      0.01605      0.00237      0.10583      0.01760      
286700  0.19876    0.01654    0.03582    0.00235      0.10355      0.01696      0.00240      0.10573      0.01750      
286800  0.19764    0.01654    0.03582    0.00220      0.10356      0.01679      0.00239      0.10575      0.01767      
286900  0.19614    0.01653    0.03581    0.00222      0.10314      0.01599      0.00242      0.10581      0.01751      
287000  0.19884    0.01652    0.03580    0.00236      0.10360      0.01688      0.00244      0.10575      0.01740      
287100  0.19755    0.01652    0.03580    0.00219      0.10359      0.01660      0.00236      0.10582      0.01754      
287200  0.19619    0.01653    0.03580    0.00222      0.10309      0.01604      0.00240      0.10580      0.01747      
287300  0.19877    0.01650    0.03579    0.00239      0.10365      0.01692      0.00241      0.10575      0.01751      
287400  0.19752    0.01651    0.03579    0.00220      0.10350      0.01656      0.00241      0.10566      0.01743      
287500  0.19614    0.01651    0.03579    0.00222      0.10300      0.01602      0.00241      0.10568      0.01748      
287600  0.19879    0.01651    0.03579    0.00230      0.10364      0.01685      0.00239      0.10572      0.01737      
287700  0.19750    0.01649    0.03578    0.00221      0.10354      0.01652      0.00239      0.10576      0.01739      
287800  0.19615    0.01648    0.03577    0.00226      0.10298      0.01600      0.00245      0.10566      0.01746      
287900  0.19869    0.01647    0.03577    0.00234      0.10360      0.01684      0.00240      0.10568      0.01743      
288000  0.19751    0.01647    0.03577    0.00221      0.10340      0.01664      0.00239      0.10564      0.01745      
288100  0.19605    0.01648    0.03577    0.00224      0.10300      0.01605      0.00242      0.10571      0.01754      
288200  0.19880    0.01648    0.03577    0.00235      0.10376      0.01683      0.00240      0.10591      0.01751      
288300  0.19753    0.01650    0.03577    0.00219      0.10360      0.01660      0.00239      0.10581      0.01760      
288400  0.19605    0.01650    0.03577    0.00221      0.10330      0.01594      0.00237      0.10603      0.01766      
288500  0.19867    0.01649    0.03577    0.00232      0.10390      0.01685      0.00239      0.10607      0.01763      
288600  0.19757    0.01648    0.03576    0.00219      0.10356      0.01664      0.00237      0.10580      0.01770      
288700  0.19604    0.01648    0.03576    0.00223      0.10310      0.01601      0.00237      0.10588      0.01769      
288800  0.19873    0.01648    0.03576    0.00234      0.10371      0.01685      0.00237      0.10583      0.01758      
288900  0.19754    0.01648    0.03576    0.00219      0.10365      0.01667      0.00238      0.10589      0.01773      
289000  0.19602    0.01648    0.03575    0.00223      0.10310      0.01600      0.00241      0.10583      0.01767      
289100  0.19868    0.01647    0.03575    0.00234      0.10376      0.01707      0.00239      0.10594      0.01783      
289200  0.19748    0.01646    0.03574    0.00222      0.10358      0.01662      0.00240      0.10583      0.01763      
289300  0.19608    0.01646    0.03574    0.00224      0.10319      0.01606      0.00243      0.10591      0.01784      
289400  0.19873    0.01647    0.03574    0.00236      0.10388      0.01688      0.00240      0.10604      0.01778      
289500  0.19751    0.01646    0.03574    0.00221      0.10360      0.01672      0.00239      0.10585      0.01773      
289600  0.19601    0.01645    0.03574    0.00225      0.10286      0.01608      0.00241      0.10553      0.01768      
289700  0.19859    0.01644    0.03573    0.00239      0.10363      0.01688      0.00243      0.10577      0.01767      
289800  0.19743    0.01645    0.03573    0.00221      0.10361      0.01663      0.00238      0.10583      0.01778      
289900  0.19601    0.01645    0.03573    0.00227      0.10313      0.01602      0.00245      0.10582      0.01774      
290000  0.19860    0.01644    0.03573    0.00234      0.10369      0.01685      0.00239      0.10589      0.01773      
290100  0.19745    0.01644    0.03572    0.00219      0.10351      0.01682      0.00237      0.10575      0.01797      
290200  0.19603    0.01643    0.03572    0.00223      0.10306      0.01606      0.00240      0.10589      0.01779      
290300  0.19857    0.01644    0.03572    0.00238      0.10354      0.01683      0.00242      0.10575      0.01767      
290400  0.19750    0.01645    0.03572    0.00221      0.10355      0.01666      0.00242      0.10582      0.01770      
290500  0.19600    0.01646    0.03572    0.00220      0.10298      0.01608      0.00238      0.10581      0.01788      
290600  0.19866    0.01645    0.03572    0.00233      0.10360      0.01683      0.00240      0.10582      0.01767      
290700  0.19750    0.01644    0.03572    0.00221      0.10353      0.01665      0.00239      0.10578      0.01764      
290800  0.19603    0.01645    0.03571    0.00223      0.10299      0.01612      0.00239      0.10575      0.01777      
290900  0.19867    0.01646    0.03571    0.00233      0.10359      0.01688      0.00241      0.10583      0.01763      
291000  0.19749    0.01645    0.03571    0.00219      0.10354      0.01672      0.00238      0.10576      0.01769      
291100  0.19603    0.01646    0.03571    0.00223      0.10302      0.01607      0.00241      0.10577      0.01766      
291200  0.19869    0.01646    0.03571    0.00234      0.10365      0.01697      0.00239      0.10583      0.01779      
291300  0.19747    0.01646    0.03571    0.00218      0.10362      0.01673      0.00238      0.10588      0.01779      
291400  0.19598    0.01646    0.03570    0.00222      0.10306      0.01607      0.00241      0.10578      0.01771      
291500  0.19871    0.01645    0.03570    0.00231      0.10367      0.01689      0.00238      0.10583      0.01769      
291600  0.19747    0.01645    0.03570    0.00219      0.10343      0.01677      0.00237      0.10567      0.01769      
291700  0.19595    0.01645    0.03570    0.00221      0.10312      0.01604      0.00239      0.10586      0.01774      
291800  0.19869    0.01645    0.03570    0.00230      0.10382      0.01694      0.00239      0.10597      0.01772      
291900  0.19743    0.01644    0.03569    0.00222      0.10365      0.01669      0.00240      0.10593      0.01768      
292000  0.19592    0.01645    0.03569    0.00221      0.10316      0.01603      0.00238      0.10594      0.01778      
292100  0.19865    0.01645    0.03569    0.00233      0.10353      0.01692      0.00238      0.10576      0.01780      
292200  0.19741    0.01646    0.03569    0.00220      0.10341      0.01670      0.00238      0.10567      0.01774      
292300  0.19589    0.01645    0.03569    0.00221      0.10300      0.01605      0.00237      0.10578      0.01778      
292400  0.19862    0.01645    0.03569    0.00236      0.10360      0.01683      0.00241      0.10584      0.01759      
292500  0.19738    0.01645    0.03569    0.00219      0.10366      0.01670      0.00239      0.10593      0.01771      
292600  0.19592    0.01643    0.03568    0.00223      0.10320      0.01603      0.00241      0.10591      0.01759      
292700  0.19866    0.01645    0.03568    0.00230      0.10368      0.01691      0.00237      0.10590      0.01764      
292800  0.19736    0.01645    0.03568    0.00218      0.10361      0.01668      0.00237      0.10589      0.01764      
292900  0.19594    0.01644    0.03568    0.00223      0.10305      0.01605      0.00240      0.10576      0.01770      
293000  0.19855    0.01643    0.03568    0.00231      0.10371      0.01691      0.00239      0.10595      0.01771      
293100  0.19731    0.01643    0.03568    0.00224      0.10365      0.01664      0.00243      0.10597      0.01770      
293200  0.19592    0.01643    0.03568    0.00220      0.10318      0.01607      0.00237      0.10601      0.01791      
293300  0.19856    0.01644    0.03568    0.00232      0.10371      0.01687      0.00240      0.10598      0.01774      
293400  0.19738    0.01643    0.03567    0.00222      0.10358      0.01677      0.00239      0.10590      0.01776      
293500  0.19590    0.01642    0.03567    0.00225      0.10301      0.01608      0.00239      0.10581      0.01770      
293600  0.19869    0.01642    0.03567    0.00233      0.10374      0.01686      0.00242      0.10599      0.01768      
293700  0.19736    0.01640    0.03566    0.00223      0.10351      0.01672      0.00240      0.10584      0.01774      
293800  0.19584    0.01639    0.03567    0.00223      0.10322      0.01607      0.00241      0.10601      0.01780      
293900  0.19858    0.01640    0.03566    0.00235      0.10365      0.01698      0.00240      0.10592      0.01780      
294000  0.19732    0.01640    0.03566    0.00222      0.10357      0.01673      0.00241      0.10590      0.01772      
294100  0.19582    0.01641    0.03566    0.00222      0.10303      0.01606      0.00240      0.10584      0.01775      
294200  0.19855    0.01641    0.03566    0.00234      0.10360      0.01708      0.00238      0.10586      0.01783      
294300  0.19729    0.01641    0.03566    0.00220      0.10342      0.01675      0.00238      0.10572      0.01778      
294400  0.19580    0.01641    0.03566    0.00223      0.10302      0.01608      0.00239      0.10581      0.01774      
294500  0.19846    0.01641    0.03566    0.00232      0.10362      0.01698      0.00238      0.10587      0.01778      
294600  0.19733    0.01641    0.03566    0.00218      0.10361      0.01675      0.00238      0.10594      0.01774      
294700  0.19582    0.01641    0.03566    0.00222      0.10322      0.01605      0.00241      0.10606      0.01774      
294800  0.19861    0.01641    0.03565    0.00237      0.10355      0.01705      0.00242      0.10585      0.01772      
294900  0.19736    0.01639    0.03565    0.00221      0.10355      0.01684      0.00239      0.10588      0.01776      
295000  0.19577    0.01638    0.03564    0.00221      0.10293      0.01614      0.00239      0.10578      0.01778      
295100  0.19844    0.01637    0.03564    0.00231      0.10364      0.01699      0.00240      0.10596      0.01776      
295200  0.19729    0.01638    0.03564    0.00221      0.10353      0.01672      0.00239      0.10590      0.01785      
295300  0.19577    0.01638    0.03564    0.00222      0.10314      0.01610      0.00238      0.10601      0.01792      
295400  0.19845    0.01637    0.03563    0.00235      0.10371      0.01699      0.00241      0.10599      0.01776      
295500  0.19730    0.01636    0.03563    0.00221      0.10362      0.01674      0.00240      0.10599      0.01777      
295600  0.19577    0.01638    0.03564    0.00223      0.10309      0.01609      0.00243      0.10586      0.01766      
295700  0.19848    0.01636    0.03563    0.00234      0.10350      0.01702      0.00239      0.10576      0.01770      
295800  0.19731    0.01638    0.03563    0.00217      0.10357      0.01685      0.00236      0.10591      0.01784      
295900  0.19576    0.01637    0.03563    0.00221      0.10310      0.01613      0.00239      0.10596      0.01779      
296000  0.19846    0.01637    0.03563    0.00233      0.10365      0.01701      0.00239      0.10593      0.01779      
296100  0.19722    0.01635    0.03562    0.00220      0.10347      0.01667      0.00239      0.10580      0.01769      
296200  0.19574    0.01636    0.03562    0.00223      0.10305      0.01612      0.00241      0.10586      0.01773      
296300  0.19842    0.01634    0.03561    0.00232      0.10376      0.01688      0.00238      0.10592      0.01771      
296400  0.19725    0.01634    0.03561    0.00220      0.10364      0.01680      0.00239      0.10594      0.01779      
296500  0.19570    0.01633    0.03561    0.00224      0.10315      0.01606      0.00240      0.10593      0.01771      
296600  0.19852    0.01633    0.03561    0.00236      0.10370      0.01693      0.00244      0.10594      0.01771      
296700  0.19724    0.01632    0.03560    0.00220      0.10365      0.01677      0.00237      0.10597      0.01775      
296800  0.19564    0.01633    0.03560    0.00221      0.10296      0.01613      0.00241      0.10576      0.01773      
296900  0.19846    0.01632    0.03560    0.00232      0.10374      0.01694      0.00241      0.10594      0.01771      
297000  0.19721    0.01633    0.03560    0.00217      0.10360      0.01676      0.00236      0.10588      0.01762      
297100  0.19563    0.01633    0.03560    0.00219      0.10314      0.01612      0.00236      0.10588      0.01764      
297200  0.19850    0.01632    0.03560    0.00232      0.10352      0.01697      0.00239      0.10572      0.01762      
297300  0.19717    0.01633    0.03560    0.00220      0.10338      0.01685      0.00238      0.10563      0.01775      
297400  0.19570    0.01633    0.03560    0.00219      0.10306      0.01617      0.00236      0.10583      0.01762      
297500  0.19842    0.01633    0.03560    0.00234      0.10356      0.01693      0.00241      0.10578      0.01765      
297600  0.19716    0.01632    0.03559    0.00217      0.10359      0.01679      0.00235      0.10585      0.01767      
297700  0.19567    0.01632    0.03559    0.00221      0.10303      0.01614      0.00237      0.10580      0.01762      
297800  0.19842    0.01632    0.03559    0.00231      0.10378      0.01686      0.00238      0.10599      0.01755      
297900  0.19712    0.01631    0.03558    0.00221      0.10367      0.01675      0.00239      0.10591      0.01758      
298000  0.19565    0.01631    0.03558    0.00220      0.10304      0.01613      0.00239      0.10579      0.01761      
298100  0.19839    0.01631    0.03559    0.00232      0.10364      0.01689      0.00239      0.10584      0.01761      
298200  0.19711    0.01631    0.03558    0.00219      0.10353      0.01672      0.00239      0.10575      0.01755      
298300  0.19565    0.01632    0.03558    0.00220      0.10308      0.01611      0.00237      0.10576      0.01755      
298400  0.19839    0.01632    0.03558    0.00234      0.10397      0.01687      0.00240      0.10607      0.01760      
298500  0.19711    0.01630    0.03558    0.00218      0.10356      0.01682      0.00239      0.10576      0.01757      
298600  0.19565    0.01629    0.03558    0.00222      0.10306      0.01610      0.00240      0.10573      0.01755      
298700  0.19833    0.01631    0.03558    0.00230      0.10367      0.01691      0.00238      0.10585      0.01763      
298800  0.19716    0.01630    0.03558    0.00222      0.10363      0.01679      0.00240      0.10585      0.01767      
298900  0.19564    0.01629    0.03558    0.00223      0.10306      0.01611      0.00238      0.10581      0.01769      
299000  0.19836    0.01629    0.03558    0.00232      0.10376      0.01682      0.00239      0.10593      0.01759      
299100  0.19712    0.01629    0.03557    0.00219      0.10353      0.01673      0.00238      0.10583      0.01771      
299200  0.19560    0.01629    0.03557    0.00220      0.10299      0.01610      0.00239      0.10580      0.01776      
299300  0.19836    0.01629    0.03557    0.00232      0.10369      0.01685      0.00239      0.10597      0.01782      
299400  0.19708    0.01629    0.03557    0.00220      0.10362      0.01671      0.00238      0.10595      0.01781      
299500  0.19560    0.01628    0.03557    0.00223      0.10307      0.01613      0.00241      0.10586      0.01772      
299600  0.19835    0.01629    0.03556    0.00230      0.10379      0.01685      0.00237      0.10599      0.01768      
299700  0.19713    0.01629    0.03556    0.00221      0.10359      0.01673      0.00240      0.10583      0.01770      
299800  0.19562    0.01627    0.03556    0.00222      0.10320      0.01605      0.00238      0.10600      0.01758      
299900  0.19826    0.01626    0.03556    0.00231      0.10381      0.01682      0.00240      0.10603      0.01756      
300000  0.19712    0.01626    0.03555    0.00220      0.10360      0.01667      0.00240      0.10588      0.01757      
