nep4_zbl 3 Bi Sb Te 
zbl 1.25 2.5
cutoff 6.5 5 42 22
n_max 4 4
basis_size 8 8
l_max 4 2 0
ANN 60 0
 -1.2950311e+00
  2.3932414e-02
 -1.0088238e-01
  1.0027568e+00
 -7.2051853e-02
 -2.5814846e-01
 -1.1121448e-02
  2.8003547e-02
  3.9898525e-03
 -1.2793507e-01
  1.3514455e-01
  1.4715585e-01
  4.2457219e-02
  3.0204713e-02
 -2.9577550e-02
 -2.2850020e-01
 -4.8172139e-03
 -1.4719081e-02
 -8.1415364e-04
 -5.5327290e-04
  5.8788937e-01
 -3.8259167e-02
  7.6579660e-02
 -6.3353768e-03
 -9.5086880e-02
 -3.0684184e-02
 -1.0778089e-02
 -2.4785414e-02
  1.9691579e-05
 -2.8631948e-03
  2.1586872e-03
  7.9372711e-03
  4.4471689e-02
 -1.6916141e-02
  6.9044530e-01
 -2.3184283e-02
 -9.9904686e-03
  4.1669868e-02
  1.1727414e-02
 -1.3039866e-02
  5.2596326e-04
  1.3348611e-02
  1.2926931e-02
 -8.4080957e-03
 -1.9153196e-02
  1.8048638e-02
  3.8482877e-03
 -3.0065163e-03
  1.5642267e-02
  6.2837139e-02
 -8.1289711e-04
 -9.6426327e-03
  1.6607311e-02
  8.2860561e-03
 -9.1043068e-03
  6.0608162e-04
  3.2771479e-03
  4.7549012e-04
  1.6098604e-02
 -2.2450829e-02
  1.7477486e-02
 -1.7821558e-01
 -3.3648229e-01
 -8.4255405e-02
  7.5202358e-01
  7.7620156e-02
 -2.9276973e-01
  1.1002279e-03
 -7.0209671e-03
  1.3248277e-02
 -2.0676965e-04
 -1.5446706e-02
 -3.1878923e-03
 -2.7750044e-03
  1.4859218e-02
  2.2600744e-02
 -1.9581565e-03
 -5.0474014e-02
  2.6898507e-03
  1.9270901e-01
  1.8412563e-01
  4.8347530e-01
  6.6235493e-04
  1.1527099e-02
  5.1924018e-03
 -1.8220043e-02
  7.6929219e-02
  2.9325120e-02
 -6.6078298e-02
  1.6123625e-02
  7.7973265e-04
  9.6417166e-04
  2.1890886e+00
  8.1868929e-01
 -9.6582276e-01
 -2.5514403e-02
  4.9378201e-01
 -3.8150544e-03
  5.3450000e-01
 -1.2775202e-02
  5.7674017e-02
 -9.0403575e-03
  7.5125754e-01
 -6.3704938e-02
  8.3434492e-02
 -9.9242024e-02
  4.5312893e-02
 -1.9858117e-01
  2.9199314e-01
 -5.1610451e-02
  1.8043125e-02
  3.8950413e-02
  1.2580564e-02
  2.3458526e-02
 -3.0550778e-01
  2.8325045e-01
  5.7846691e-02
  4.1870657e-01
  1.5882138e-02
  6.4299069e-02
 -2.8566658e-01
  5.0547518e-02
  1.3763025e-01
  1.2788786e+00
 -2.2659298e-02
 -2.5738341e-01
  3.4712106e-02
 -3.6390007e-02
  5.5630384e-03
  1.2756445e-02
  1.5371586e+00
  5.4094064e-01
  4.0418202e-01
  3.4623775e-01
  2.0069037e-01
 -2.2433172e-03
 -9.0331836e-03
  2.0033885e-02
  1.6817156e-02
 -2.1406564e-01
  6.2992200e-02
  7.9058465e-03
 -3.1197905e-03
  5.2790758e-03
  4.0913075e-03
 -5.1942728e-02
 -2.4065210e-02
  9.9363467e-03
 -5.3339452e-02
  1.2178060e-02
  2.6958163e-03
  1.4503950e-02
  7.8453608e-03
  8.7822959e-02
 -4.2923853e-02
  1.6605254e-02
 -6.5959743e-03
 -5.1323205e-02
  1.0502082e-02
  1.4642169e-02
  1.6794273e-01
 -2.6891308e-02
 -2.7790174e-02
 -3.2418373e-03
 -3.7138334e-03
  8.8151053e-02
 -3.7141123e-03
  1.0495280e-02
  3.6509139e-03
 -9.1305086e-03
 -3.6173256e-03
  6.0646605e-02
 -5.1762508e-03
  1.7813927e-01
 -4.2401593e-02
  5.3789950e-04
  2.3202065e-02
  1.1853557e-02
 -7.7407793e-03
 -2.9859988e-03
 -7.7243149e-03
  1.3321568e-02
 -7.2274141e-02
  1.5140882e-01
  2.6895611e-02
 -3.7076925e-06
  1.4045100e+00
  6.7364223e-02
  1.6024439e-01
  2.7377205e-02
 -6.7458267e-04
 -7.0561133e-02
 -2.8096709e-02
 -1.6836000e-03
 -6.5935992e-02
  1.3343335e+00
 -8.9388853e-03
 -5.9953295e-03
 -9.8163905e-03
 -4.1699652e-02
  5.0659168e-01
 -3.6368764e-03
 -7.1260974e-02
  1.4282206e-02
  3.7514380e-01
 -2.4024783e-02
 -4.5828328e-02
  6.1874129e-03
  1.9942414e-02
  6.6773430e-04
  1.2153560e-01
  4.0679511e-01
 -4.1257358e-01
  1.2099191e+00
 -2.5554308e-01
 -5.8825687e-02
  6.6451281e-02
  1.1845663e-01
 -2.2702051e-02
  8.7043885e-03
 -3.4870007e-03
 -1.4304332e-01
 -4.9567814e-03
  9.3874618e-02
  1.5672967e-01
 -1.5344684e-01
 -1.1021873e-01
  1.5634481e-02
 -3.0704724e-02
  6.7678322e-03
 -5.2136458e-03
 -2.8162717e-03
  8.6230887e-03
 -2.0356603e-02
  2.3729760e-02
 -5.7773897e-04
  2.3553913e-02
  1.1994937e-03
 -7.3867227e-04
  1.6778855e-02
 -1.4335117e-03
  2.5861650e-03
 -6.7087971e-03
 -2.5589161e-02
  1.1125059e-02
 -5.9924532e-02
 -6.5289554e-04
 -3.0354918e-03
 -6.3091377e-03
  3.0151326e-02
  3.1783981e-03
  4.7955944e-04
 -3.8730923e-02
  3.2243066e-02
  8.1695095e-03
 -1.1056708e-02
  5.5033492e-04
 -7.1853329e-03
 -8.1524011e-03
  7.1164221e-03
 -6.1228465e-02
 -3.2754496e-03
  2.6943844e-03
 -2.1754077e-03
  1.1115120e-02
  1.4837399e-02
  3.2384515e-02
 -3.9517563e-03
  1.8267822e-02
 -7.4711950e-03
 -2.2545692e-03
  2.5941711e-03
  3.8478002e-02
 -4.7769736e-02
  2.0596569e-02
  5.9292692e-04
  8.6998096e-04
  4.9883709e-03
 -3.5485778e-02
 -4.0893786e-02
 -3.5516624e-03
 -3.1533085e-03
 -4.8102047e-03
  3.4415733e-02
  2.9368570e-02
  1.1573839e-02
  1.7916411e-03
 -2.2423979e-02
  1.0415873e-02
 -1.2005237e-02
 -8.4366143e-02
  7.9753138e-02
  2.1140592e-02
 -3.2492992e-02
 -8.9562004e-03
 -2.1355344e-02
  2.6617708e-02
  3.0152896e-02
 -3.8946334e-03
 -1.4324946e-02
  1.8648459e-02
  4.5564074e-02
 -4.3518422e-04
  4.3851590e-01
 -7.9188641e-04
 -3.9691548e-03
  6.5198511e-02
  1.4061037e-01
 -1.9847656e-02
  1.7022499e-03
  4.4614948e-02
 -1.4741029e-02
  8.6167520e-03
  1.3217194e-02
 -1.4383744e+00
  9.8101430e-02
  3.1075545e-03
  1.4329487e-03
 -7.8134369e-03
 -1.4664226e-02
 -7.3086970e-02
 -8.8652484e-03
  7.6303579e-02
 -1.9027280e-02
  1.7950812e-02
 -3.5266808e-04
  9.5935371e-03
  3.1869520e-02
 -2.3765601e-02
 -7.1627274e-03
  1.3368548e-01
  4.2378479e-01
  1.0520736e+00
  3.1228870e-01
  5.0636882e-01
 -1.1566564e-01
  3.0848568e-03
  6.9243861e-03
 -2.0548621e-01
 -1.9641539e-02
  7.7983136e-03
  3.5885653e-01
  1.5220061e-03
  3.7214663e-02
  6.9376989e-03
 -3.3417061e-01
 -7.1136400e-02
 -3.3512801e-02
 -1.2657753e-01
 -5.2367624e-02
 -2.9314455e-01
 -9.7660936e-02
 -2.1208222e-03
 -2.6973475e-02
 -4.4884305e-02
 -8.5217126e-02
 -3.1798281e-02
 -5.5424415e-02
  1.3460118e-02
  7.4836365e-03
  2.5171712e-01
 -1.2929263e+00
  5.8178973e-01
  1.6090964e+00
  1.5017495e-01
 -2.4226584e-01
 -9.4930518e-01
 -7.6984674e-01
  5.3743599e-03
 -9.6248258e-03
 -2.0634882e-02
 -7.8627246e-04
 -1.2592605e-03
  1.1732536e-02
  1.3617750e-02
 -2.7296618e-01
  3.3470646e-02
 -9.8948423e-03
 -1.3742878e-03
  2.3926729e-02
 -2.0744190e-01
 -3.1094353e-03
 -6.5757650e-01
  6.1321612e-03
 -5.4357491e-02
  1.5118630e-02
  8.3494484e-03
  2.8299952e-02
 -4.7965236e-02
  3.2139609e-03
  8.3109033e-01
 -1.3248287e-02
 -1.5736359e+00
  1.3869079e+00
  7.0914686e-01
  1.6421733e-02
  1.1360037e-02
 -3.7231069e-02
  2.0757064e-02
  8.5793724e-03
 -1.5824504e-02
 -5.4211389e-02
  2.5084339e-02
  4.9391864e-03
  2.3946606e-01
  1.3845009e-03
 -1.6925486e-02
 -1.7546505e-02
  3.8630804e-03
  6.8580485e-03
 -6.1132085e-01
  8.9100581e-03
 -1.5789876e-02
  3.4780990e-02
  7.1936008e-03
  1.0614013e-02
  5.3848694e-03
 -8.7216124e-03
  2.5034773e-03
  2.7466126e-02
 -5.4855631e-03
 -4.5932227e-04
 -3.2486983e-02
 -4.3144536e-01
 -7.2901663e-03
 -4.6531487e-02
  1.0951291e-02
  8.3000338e-01
  1.3665174e-03
 -1.6603382e-02
 -3.3253219e-03
  1.9628821e-02
  3.1011136e-02
  2.8693739e-03
  3.4897871e-04
  1.7816751e-01
 -6.9881987e-04
 -1.8441901e-03
 -6.0171034e-04
  2.2900440e-02
 -2.5239222e-02
 -1.9222408e-03
  7.3030987e-04
  2.3458367e-02
 -2.2473581e-04
 -2.0457895e-02
 -5.1133681e-02
 -4.3801721e-02
 -6.2190165e-04
  1.3338278e-01
 -1.6056352e+00
 -3.8546938e-02
  4.4700943e-02
  4.4842851e-01
 -8.0657524e-01
  4.8691910e-02
  2.9802709e-03
 -5.2125849e-02
 -6.2795649e-03
 -2.4908587e-02
 -2.7150694e-01
 -1.5831919e-02
 -9.6919127e-03
 -1.1949691e-02
  3.8589709e-02
  1.6711406e-01
  3.8970776e-02
 -3.6086871e-03
  1.7198335e-02
 -4.1108108e-03
 -3.0515122e-01
  1.8342009e-02
  2.2019424e-02
  5.0899215e-02
  3.4175720e-03
  3.2175552e-02
  4.5621768e-02
  8.5694708e-02
  1.8831687e-02
  5.8818243e-02
  3.1094974e-02
  2.1231154e-01
  8.4848544e-03
 -1.2241974e-02
  7.3287548e-03
 -3.2867786e-02
 -1.1089410e-03
 -1.5051314e-02
 -2.6467774e-02
 -3.9036961e-03
 -1.1366326e-02
  9.1997348e-03
 -6.5030023e-03
 -9.5131742e-03
  5.3253975e-02
 -7.0250239e-03
 -1.2457207e-02
  1.7116887e-02
  5.8051124e-03
  6.0471268e-03
  3.3692457e-02
  5.4395478e-03
  1.4872044e-02
  9.9459511e-01
 -3.4558980e-03
  6.2946483e-02
 -1.9660993e-02
  1.6323345e-02
  4.4914498e-03
 -1.2189147e-02
 -6.6106431e-02
 -7.5964816e-03
 -2.7913963e-02
 -9.0588373e-01
  3.5529539e-01
 -8.6316690e-03
 -4.3606557e-02
  9.4178328e-03
  4.3703064e-01
  3.8040688e-03
  2.2960718e-04
  1.6115895e-02
 -3.3905216e-02
  5.8603514e-02
 -1.3700843e-02
  2.0146661e-02
 -6.4132428e-03
  5.9741620e-02
 -1.7743631e-03
 -2.4583926e-02
 -3.0911710e-02
  6.9130417e-03
 -1.0686015e-01
 -3.3623026e-05
 -5.8221262e-02
  3.2280717e-02
 -3.1979773e-03
 -2.9100129e-02
 -5.6722295e-01
  2.2345171e-03
 -6.6158831e-01
 -1.6847615e-01
 -7.8341556e-01
 -2.1625569e+00
 -3.4576675e-01
  2.9562628e-01
  1.6304491e-02
 -5.4359740e-01
  5.2373332e-01
  1.4036608e-01
 -2.7890927e-01
 -2.9063275e-02
  4.5474583e-01
 -9.9043794e-02
  4.6301422e-01
 -3.9088920e-02
  9.9748835e-02
 -4.0805768e-03
  8.9783683e-02
  2.8416938e-01
  5.8886451e-01
 -4.3239859e-01
  1.8436164e-02
  2.1413068e-01
  1.9014407e+00
  2.8162900e-01
  2.9509662e-02
  5.2637947e-01
 -4.3327570e-02
 -6.9847816e-01
 -4.7971544e-01
 -8.5569769e-02
 -3.0181904e+00
  3.1850284e-01
 -3.3176150e-02
 -5.1359423e-03
  8.2171327e-03
 -3.5467699e+00
 -2.2844544e-02
 -2.6473247e-03
 -2.1669865e-02
  3.2014949e-03
 -8.8877551e-04
 -2.6051700e-02
  1.5502832e-02
  1.6564198e-02
  2.7947349e-02
  1.6763700e-02
  3.5446856e-02
  2.8202817e-01
  3.3383772e-02
 -3.4858730e-02
 -1.9778654e-02
 -1.6312184e-03
  1.4566785e-03
  3.2021757e-03
 -9.5528187e-03
  1.1570030e-03
 -5.3041947e-01
 -1.0422640e-02
 -1.6822014e-02
 -2.5802158e-04
 -1.7722124e-02
 -1.5631880e+00
 -5.4147549e-02
  7.5295451e-03
 -3.2754287e-02
  1.3504932e-02
 -5.1069963e-03
  1.7719577e-03
 -5.4493663e-04
  2.3788947e-03
 -3.7298435e-03
 -1.0984846e-02
 -6.7900224e-03
 -2.2750374e-02
 -3.9258551e-02
  1.9889805e-03
 -3.3114557e-03
 -2.5694240e-03
  6.7197211e-02
  2.6351048e-02
 -3.6157954e-02
  2.3409316e-02
 -2.4557302e-02
 -1.6200611e-03
 -1.0623845e-02
  7.3197843e-03
 -3.3129539e-02
 -3.6933936e-02
 -3.7661275e-01
  4.4652894e-01
  3.3709540e-03
 -3.6761692e-01
 -1.3161081e+00
  8.9393407e-03
  2.1662612e-03
 -3.7805776e-03
  7.7321634e-02
  2.7926655e-02
 -1.8914668e-02
  1.6162967e-03
 -2.9008177e-03
 -1.2598018e-02
 -6.4385063e-03
  4.8410002e-02
  1.4083922e-02
  1.7784221e-02
  3.9441112e-02
  3.6083814e-02
  3.6098838e-01
 -2.0786185e-02
  1.5840447e-01
  1.1100612e-02
  1.2860782e-02
  2.1274261e-02
  1.2491971e-02
  8.8619543e-03
 -1.8974796e-02
 -9.9079087e-03
  2.4706968e-03
 -9.3045477e-03
  1.0333381e-01
 -1.6927807e-02
 -6.7699351e-04
 -6.9058440e-03
 -1.4943306e-02
  2.4165425e-02
  4.1177217e-03
 -9.0879761e-04
 -3.0321745e-02
  1.1708661e-02
  2.2721995e-02
 -2.0397060e-02
 -1.1518403e+00
 -1.6472594e-01
 -9.4408458e-03
  4.6315756e-02
  1.4194089e-02
  4.5111543e-03
  2.8782032e-02
  5.1649562e-03
  2.2008738e-02
  6.8347901e-04
  2.4887629e-02
 -1.7257527e-02
  3.7755851e-02
 -8.3627263e-03
 -2.8855138e+00
 -7.4958508e-03
 -4.4601735e-01
  1.0285410e-01
  8.9931801e-02
 -9.5303905e-01
 -3.3178471e-02
  1.7717773e-02
 -8.7523498e-03
  1.6598225e-01
 -1.7214023e-02
  2.2606093e-03
 -1.6415240e-02
  1.9305700e-02
  1.7703969e-02
  8.4111147e-05
  1.4118333e-02
 -4.5273681e-03
  5.0688698e-03
  1.9712221e-02
 -6.6724462e-03
  2.1225397e-02
 -2.1361457e-02
 -3.1923614e-03
  8.2952512e-04
 -3.8218323e-02
 -5.7769842e-03
  8.0812545e-03
 -3.3219263e-02
 -5.0566150e-03
  8.3660772e-03
  1.1284649e-02
  7.9128500e-03
 -6.7732688e-03
  2.4098981e-02
 -7.4017972e-02
 -2.0095976e-03
 -3.8065161e-03
  2.5058389e-02
  1.4035049e-03
 -1.4072667e-02
  2.7598711e-03
 -2.9737246e-03
 -5.9632696e-03
  1.4330931e-02
  3.0519899e-03
 -2.2909630e-02
 -1.6228026e-02
 -1.0111246e-03
 -2.9834187e-02
  1.0586732e-02
  1.4302056e-02
  3.4381456e-03
  9.0217451e-04
  2.1638494e-02
 -4.2840295e-02
  5.3705196e-03
 -5.9854925e-02
 -2.1678051e-02
  7.3480504e-03
  1.3109303e-02
  3.8782477e-02
 -5.4245941e-02
  3.2940874e-01
  2.5305280e-01
  2.7859455e-01
  6.1992437e-01
 -6.5570050e-01
  8.1083931e-02
  1.3712665e+00
 -1.9085692e-01
  1.3816729e-01
 -1.9476728e-01
  8.4325485e-02
  4.0414933e-02
  1.5952449e-01
 -5.4735411e-02
 -4.4766617e-01
 -2.1834327e-02
 -2.9176746e-03
  7.7996450e-03
  6.7078686e-01
 -4.0379059e-01
  5.3332847e-01
  4.2881304e-01
 -5.4382153e-02
 -4.2396821e-03
 -1.1109433e-02
 -4.6996996e-03
 -3.0149417e-02
 -1.1217344e-02
  3.8020415e-03
  3.5505074e-01
  6.8598974e-01
 -1.3310480e-01
  1.4826779e+00
  8.5861552e-01
 -2.1519417e-01
  1.3717043e-03
  1.9488988e-02
 -4.0100954e-02
 -5.7623588e-02
  2.7362516e-03
  2.0608593e-02
 -4.1665006e-03
 -9.4918255e-03
  3.0678555e-03
  5.6239166e-03
 -1.0950362e-03
 -3.3322248e-01
 -8.1478823e-03
  2.0547548e-01
  4.3053448e-01
  2.0855801e-02
  3.6253285e-02
 -1.6117092e-02
 -2.3176491e-01
 -2.2677954e-03
  2.1031979e-02
 -6.5446518e-02
 -6.7927856e-03
  5.1947683e-03
  1.3561570e-04
 -1.2984520e+00
  8.4062470e-03
  2.0540300e-01
 -5.0835259e-02
  2.4258386e-02
  7.4618109e-02
 -4.0694750e-03
  1.6769274e+00
  2.3655264e-02
  5.8470028e-03
 -8.1390990e-03
  1.9388305e-02
 -1.9133694e-02
  2.2906819e-01
 -1.4942737e-02
 -1.0344433e-02
 -3.4530793e-04
  1.0908091e-02
  2.0992467e-02
  1.8322179e-02
 -2.7712179e-02
 -3.9485622e-02
  1.1707236e-02
  2.1051608e-02
  3.7939653e-03
  3.0443983e-02
  3.3096313e-02
 -9.1908406e-03
 -9.5747977e-02
 -7.8406554e-01
 -1.3632604e-01
  9.0166432e-01
  1.7220514e+00
  4.6069261e-01
  8.0121554e-02
  1.1564719e-02
 -3.7947670e-02
 -1.1843394e-02
 -1.6916428e-02
  3.4391731e-03
 -8.0008134e-02
 -1.0504808e-01
 -3.3480659e-02
 -1.0784288e-01
  4.6406742e-02
 -2.7300695e-02
  3.1127175e-02
 -2.3861807e-03
 -6.8376946e-01
 -1.2238644e+00
 -1.1086691e-02
  1.6519441e-03
 -6.4440183e-02
 -6.7266859e-02
  3.8504224e-02
 -9.6026179e-04
  1.5403042e-02
  1.2111114e-02
  6.1263721e-02
  3.4022484e-02
  8.4975492e-03
  5.7105284e-02
  1.5648544e+00
  1.1179252e-02
 -4.1710377e-02
 -1.8734269e-02
 -7.2865970e-03
  6.2777564e-02
  4.1255508e-02
 -2.0289356e-01
 -2.2766246e-03
  4.4053011e-03
 -3.8408518e-02
 -1.6638499e-02
 -1.1364874e-02
  5.9038294e-03
 -3.7048617e-03
  4.3178290e-02
  3.8409561e-02
  2.5459400e-01
 -1.0291092e+00
 -1.7099188e-01
  1.4287374e-02
 -8.9695277e-03
 -1.6544327e-02
  2.5995119e-02
  1.2589903e-02
  1.6640799e-02
 -4.0698047e-03
 -3.0860564e-01
  4.2243576e-01
  9.9014685e-02
 -5.7538837e-01
 -5.1782656e-01
 -4.1895857e-01
  2.3588273e-03
  1.9568776e-01
  8.6603630e-03
  9.2875019e-02
 -4.5628384e-02
 -8.8070892e-04
  1.9470200e-02
  4.2268071e-02
 -3.2508120e-02
 -3.5458636e-02
  3.2204506e-04
  3.9212178e-03
  1.5817763e-02
  2.0208200e-02
  2.4581581e-02
 -1.5170377e-02
  3.2352462e-01
 -1.7797861e-02
 -1.3669068e-02
 -3.2971453e-02
 -3.1920768e-02
  9.6441023e-03
  1.2137322e-02
  1.6955910e-02
 -2.8681459e-02
  9.7256992e-03
 -2.1324684e-01
 -6.4852959e-01
  8.8610882e-01
  6.1292060e-02
 -1.8237874e-06
 -3.8368389e-02
  5.6853652e-02
  2.5116745e-03
 -6.8833139e-03
 -2.2120142e-02
  2.5412427e-02
  2.1752547e-02
  1.4208679e-01
 -1.1282506e-03
  2.0556836e-03
 -1.6910162e-02
  5.0532972e-03
  5.2618325e-01
  5.7816398e-01
  1.0174788e-02
  1.3698420e-02
  5.6061931e-02
  1.2768957e-01
  7.1631824e-03
  1.7886179e-02
  3.0977981e-02
  5.2149566e-03
  3.9427999e-02
  6.6298795e-01
  4.1378628e-02
 -1.0171203e-01
 -6.9248706e-01
 -9.0367317e-02
  1.5354980e-02
  5.7170857e-02
 -6.7672804e-02
  5.5036038e-02
  4.0142005e-03
 -3.2278921e-02
 -1.5758576e-02
  2.4333628e-02
 -8.4792875e-02
  3.8248083e-01
 -1.0529702e-01
  5.7900664e-03
  1.4676313e-02
  8.0952719e-03
  4.5818675e-02
  1.2233215e-01
 -3.9941720e-03
 -1.5750993e-02
  8.2170643e-02
  1.3535444e-02
 -2.4124539e-02
 -8.7631345e-03
  1.1151678e-01
 -2.0075433e-02
 -2.3813196e-02
  4.1150246e-03
  2.1568025e-03
 -6.1386641e-02
  8.7428266e-01
 -1.2455737e-03
  2.6974594e-02
  1.6633915e-02
 -2.6490256e-02
  5.8539614e-02
  6.5027075e-03
  2.1085000e-02
  3.1534031e-02
 -1.1887571e-02
 -1.7402411e-03
  3.7601045e-03
  1.9458877e-01
 -4.8467838e-03
 -4.8084427e-02
  1.2624839e-01
  1.1067492e-02
 -3.5121260e-04
  8.8657718e-03
 -2.0197459e-02
  3.2037523e-02
 -4.1636233e-03
 -7.0643341e-03
  3.6953349e-02
 -2.9783687e-02
  1.9867709e-02
  3.2586546e-04
 -1.3447517e-02
 -2.1644454e-02
  1.9634664e-01
  5.7023561e-01
 -6.3944958e-02
  2.2110306e-02
 -1.9184824e-02
  5.4226825e-03
  6.6116065e-02
 -2.2740858e-02
  4.3904888e-03
  4.2721033e-03
  4.8645716e-02
 -2.2893257e-02
  3.4553031e-03
 -8.2701504e-02
 -3.3442136e-02
 -2.4245773e-02
  9.4952947e-03
  5.1149033e-02
  2.0649500e-02
  5.0310276e-02
 -9.1370782e-03
  1.1843337e-02
 -2.2247029e-02
  7.2153150e-03
 -1.3792305e-02
 -6.9080838e-03
 -2.3339340e-03
 -3.0651810e-03
 -2.0531359e+00
 -1.5769361e-01
 -1.3218640e+00
  9.8706818e-01
  6.7731321e-01
 -3.0750693e-03
  1.9085454e-02
 -4.8165828e-02
  1.5211255e-02
 -7.3331252e-02
  7.9398674e-01
  7.7751741e-02
  5.2776480e-01
  8.4609445e-03
  1.8081817e-01
  1.1655398e-02
 -4.5122392e-03
  3.0330039e-04
  2.1533882e-02
 -7.4309483e-02
  2.2133842e-02
 -1.8702230e-03
 -3.2054946e-02
 -7.4054892e-03
  5.2115586e-02
 -3.7464205e-02
 -9.1200341e-03
 -4.4296510e-03
  3.3631116e-02
 -1.2375213e-02
  1.7844838e-01
  1.7636763e-01
 -2.4550971e-02
 -2.1349690e+00
  1.5163942e-02
  3.0181969e-03
  4.9822566e-01
 -2.8454201e-02
  2.8439416e-04
 -1.1067326e-03
 -6.7689165e-02
 -2.0881142e-02
  7.6053324e-03
 -2.8282112e-02
  8.7663848e-03
  6.2947846e-03
 -2.7884865e-02
 -2.7332172e-02
 -1.0701407e-01
  1.9458424e-02
 -2.0202356e-03
  1.7097492e-02
  2.1903925e-02
  4.8109223e-03
 -6.1722090e-03
  7.0483955e-03
  2.6330303e-03
  1.0396029e-03
 -4.3944237e-01
  4.1438907e-02
 -1.5753666e+00
  4.2591590e-01
  8.9977819e-01
 -3.7404025e-01
 -1.4099576e-01
  1.2243291e-02
  3.1757229e-03
 -2.1683097e-02
 -8.2720876e-02
  3.3802863e-02
 -1.1032338e+00
 -7.6476544e-02
 -5.6922264e-02
  2.0149030e-02
 -2.3951788e-02
  1.6691115e-01
 -7.8139417e-03
  6.3601583e-02
  1.7216062e-02
  5.9332895e-01
  2.5744084e-01
 -7.6473795e-02
 -3.6678801e-03
 -7.8324191e-03
 -1.6310513e-01
  1.7448982e-02
  8.1588281e-03
 -7.9432368e-02
 -6.0618106e-02
  3.4745872e-02
  1.7976506e-01
 -3.0732742e-01
 -1.4157453e-01
 -1.0714210e+00
  3.1924278e-01
  9.0989172e-03
  1.1482563e-01
 -3.8043387e-02
 -1.9001121e-02
 -3.5161186e-02
  2.9491343e-02
 -1.3575613e-02
 -2.0854943e-03
 -2.3290891e-02
  3.9536995e-03
  1.5642518e-02
 -6.8844795e-02
  5.0598312e-02
 -7.7499477e-03
  1.8408770e-02
  1.5008554e+00
 -5.0433364e-02
  5.3281714e-03
  8.1749512e-03
 -3.2363668e-02
  2.0541916e-02
 -5.4687891e-02
 -2.9510607e-03
  4.3652612e-03
  1.5644301e-02
  3.8791668e-01
 -3.6212564e-01
 -1.4330840e+00
  5.3908008e-01
 -6.2470841e-01
 -8.9965211e-03
  6.3228987e-02
  9.2057370e-02
 -9.0220422e-02
 -4.4465534e-02
 -1.3903205e-01
  1.1695694e-01
  1.0884739e-02
 -5.4491538e-01
 -1.5355910e-01
  7.4229050e-01
  9.1789728e-03
  2.2794507e-02
  1.3138497e-03
  1.4432222e-01
 -7.6583993e-01
  1.7873228e-03
 -2.1938138e-02
  5.1853672e-02
 -4.1160587e-02
  1.1723796e-01
 -1.1669590e-01
  3.7458129e-03
  1.2604784e-02
  6.4337045e-01
  1.4143535e-02
  7.0519815e-03
  5.2654883e-03
 -5.9313364e-02
 -1.4156936e-02
 -2.8147090e-02
  1.2487441e-02
  4.4098008e-02
  5.9631276e-03
  2.2339849e-02
 -1.7548176e-02
  3.0308897e-02
 -9.3350643e-03
  5.7337823e-04
  2.4101392e-03
  2.6154432e-02
  6.2917341e-03
  2.2286472e+00
 -4.4202595e-03
  1.8126516e-02
  3.9896276e-02
  2.2266624e-02
  3.1942822e-02
  4.0794676e-03
 -9.7815506e-03
  7.3001888e-03
 -1.9351805e-02
 -5.1191747e-02
 -5.4661173e-01
  3.9188091e-02
  3.1889334e-02
 -3.3657063e-02
 -1.1794309e-02
  4.5749143e-01
 -2.0372877e-01
 -3.7161007e-03
 -2.2744568e-02
 -6.4898744e-02
 -1.3574898e-03
 -4.5603872e-03
  7.3639494e-03
 -4.0845774e-02
 -1.3554479e-02
  1.1077535e-02
  1.8527599e-02
  1.5635720e-02
  8.2150679e-03
 -8.3954027e-03
 -1.0935381e-01
  2.4486018e-02
  1.1710105e-02
  1.8794835e-02
  2.1781249e-03
  9.1211230e-04
 -2.7695112e-02
  2.4183156e-02
 -1.6466171e-02
  8.0839671e-02
 -4.1280203e-03
 -6.0147494e-02
 -6.7246263e-03
  2.8801104e-02
 -5.7664361e-02
 -4.1266538e-02
  1.1653416e-02
 -2.9047672e-02
  1.8445667e-02
  4.0087420e-02
 -5.5534230e-03
  2.8340979e-03
  6.1994432e-03
 -3.3672821e-02
 -3.0426600e-03
  1.4837759e-02
 -3.2342270e-01
  2.4168207e-03
 -8.8723563e-03
  9.0953792e-03
 -9.4755674e-03
 -6.8076183e-03
 -9.3905646e-03
 -2.0957923e-02
  2.3382867e-02
  2.7466105e-02
 -3.4013972e-02
  4.0532142e-02
 -3.2626952e-03
  1.4761600e-02
 -8.0241235e-03
  2.2643483e-03
  1.4573011e-03
  1.3443983e-02
 -6.4099771e-01
 -3.8557920e-01
 -2.4300178e-04
  1.0037384e-02
 -8.9276396e-03
  1.1645994e-02
 -7.7741481e-03
 -4.8278645e-03
  1.0986428e-02
 -6.1866925e-03
 -6.7607230e-03
 -1.2142199e-02
 -3.4381956e-04
  3.4527935e-03
 -1.2291303e-02
  2.8141439e-02
  4.1584976e-02
 -1.5695449e-02
  2.8187749e-03
  2.0828355e-02
 -5.6520388e-03
  9.3403831e-03
 -1.5011107e-02
 -5.3958409e-03
 -1.9010423e-03
 -1.0883633e-04
 -1.3876104e-02
  7.6188594e-03
 -4.9718025e-01
  1.4709436e+00
 -8.0996507e-01
 -9.3760741e-01
 -9.4582045e-01
  2.2131985e-01
 -2.9887626e-01
 -7.6474488e-02
 -3.5578388e-01
 -2.0943859e-01
 -4.0598407e-01
  1.1197060e-01
 -6.3390660e-01
  4.0809881e-02
 -9.7339475e-01
  5.3571776e-04
 -4.1664455e-02
 -1.5367548e-01
 -3.9483503e-01
 -3.1885648e-01
  1.8396474e-01
  7.9970127e-03
 -1.2768764e-03
 -8.0958297e-03
 -6.9237876e-01
  1.6050154e-03
 -5.5966165e-02
 -2.9143420e-01
 -9.2462059e-03
  3.4142841e-02
  2.5245314e-02
 -1.4813247e-02
 -6.3938051e-02
  3.4334283e-02
 -3.6282070e-02
 -2.3640108e-03
 -3.3093516e-02
  4.5846147e-03
  1.0015761e-02
  4.8070271e-03
  2.5275279e-02
  1.1912403e-02
  6.3171837e-04
 -2.9858127e-02
 -1.7940775e-02
 -2.2875005e-03
  9.0518612e-03
 -2.5781928e-02
 -1.2645889e-03
  1.2450762e-03
 -8.4497186e-04
 -9.5041664e-03
 -1.1385454e-02
  2.8922705e-02
  4.2631202e-03
  2.8847285e-02
 -4.0325161e-02
  8.6125601e-03
 -3.8740359e-02
  1.0353629e-02
 -6.6257600e-04
  8.5053490e-03
  6.0861539e-03
 -4.1320366e-03
 -8.9371949e-03
 -1.1861355e+00
 -6.9797365e-03
 -1.3775734e-02
  1.2132331e-02
 -8.9418460e-03
  3.1024341e-02
  9.9573638e-03
  4.9950499e-03
 -7.0274379e-03
 -2.4124430e-04
 -2.5452071e-01
  3.4469694e-02
 -7.6523595e-03
  1.9723102e-03
 -3.4216020e-02
 -8.7788990e-03
  6.0530599e-02
 -8.0051547e-01
  3.7611470e-02
  6.4202351e-03
  7.0362072e-04
 -1.6032537e-02
  2.1093223e-02
 -1.6725104e-02
 -4.6106735e-03
 -2.2231734e-01
  4.8920420e-01
 -2.9958140e-02
 -1.6728692e-01
 -1.0234562e+00
  9.8055607e-01
  8.7940580e-01
  1.2797765e-02
 -4.8974259e-03
  9.2760384e-02
 -7.1906261e-02
  5.4733794e-02
 -6.4134970e-02
  1.0735807e-01
  2.3632681e-02
 -7.1057314e-01
 -2.0187297e+00
 -3.2971907e-01
  2.9979916e-02
  2.9038867e-01
 -2.2949174e-02
  1.1354412e-03
  1.3815284e-02
 -5.2598494e-01
 -2.7493402e-02
 -1.6406593e-01
  6.2886565e-03
 -3.5827812e-03
 -1.3055532e-02
 -1.0988696e-03
 -3.8216099e-01
  6.7918485e-01
  1.2609626e+00
 -9.0118504e-01
  8.8948917e-01
 -9.3203466e-03
 -1.4815249e-02
  3.9292159e-03
 -8.6766697e-02
  6.3278362e-02
 -1.1732951e+00
 -6.2359657e-02
  2.2298589e-03
  1.5337524e-01
  5.2443486e-02
  1.0850055e+00
  4.1196778e-02
  7.4405670e-03
  6.8858750e-02
  3.9917523e-01
 -5.1443970e-01
  4.4409935e-03
  2.1039132e-02
  1.8388277e-02
 -1.8088735e-03
  2.8766456e-01
 -4.6832135e-04
 -1.7748278e-01
  5.3160429e-02
 -5.3711911e-03
 -3.3476979e-02
 -4.8996351e-04
 -2.6104319e-01
  8.1427872e-02
 -5.4793920e-02
 -1.4284337e-02
  6.3806404e-03
 -4.7789656e-02
  2.2578239e-03
  1.1163534e-02
  1.4943265e+00
  2.7347361e-03
 -3.0331772e-02
 -5.6861077e-02
  6.0068271e-03
  3.2551868e-03
  4.5388229e-03
 -2.0347063e-03
  3.0302713e-03
 -1.2591234e-01
 -2.5832057e-01
  8.4000945e-02
 -5.6802910e-03
  2.8435402e-02
 -9.4312355e-03
  6.2159793e-03
  4.0698014e-02
  1.9714532e-03
 -8.5825980e-02
  1.9547692e-02
 -4.8899472e-02
 -3.7062712e-02
  1.5904296e-02
  2.8109374e-02
 -2.7302790e-02
 -5.5286987e-03
  9.3448174e-04
  1.1318646e-02
  1.7913988e-02
  2.8637170e-03
  5.5750525e-01
 -5.0438815e-03
  3.2325350e-02
 -4.7356810e-04
 -4.7248816e-03
 -1.0242272e-02
 -6.2648584e-03
  3.9341968e-02
 -4.0303832e-03
  5.1999737e-02
  1.6504312e-02
  4.9387901e-03
  1.1555833e-02
  7.6905321e-03
 -3.7663952e-02
  5.8514517e-02
 -5.9456644e-03
  8.1572779e-02
  5.5287033e-04
 -1.8939650e-02
 -3.1675264e-02
 -1.8677325e-04
  5.0209232e-02
 -2.3031993e-02
  1.6246147e-02
 -7.3881140e-03
 -9.9380100e-03
  2.8084435e-03
  3.3340433e-03
  1.4846770e-02
 -7.5203544e-03
  1.7932490e-02
  5.2712280e-03
 -3.2439906e-02
 -5.0032780e-02
  6.2753388e-04
 -2.4374697e-02
 -1.2797188e-02
 -2.0680872e-03
  1.1245250e-02
 -3.5741248e-03
 -9.4251642e-03
 -4.4805631e-03
  2.2955656e-02
  2.6822899e-02
  1.4584422e-02
  2.3027737e-02
 -2.2832496e-01
 -2.7583209e-03
 -2.3971496e-02
 -5.2813363e-01
  1.0183292e-02
  4.8133785e-01
 -3.3711067e-01
  2.2132277e-01
 -4.2940915e-01
  7.4837273e-03
 -4.2393012e-03
 -2.7137524e-02
  8.0545368e-03
 -1.4343323e-02
  1.9817532e-03
  4.7683376e-03
  7.8224810e-03
 -3.7831294e-03
 -1.7930020e-02
 -3.9316928e-03
  9.9146953e-03
  1.2508471e-02
  3.0026792e-02
 -1.2519467e-01
 -1.0604342e-02
  1.1490369e+00
 -3.2933816e-02
 -2.1742608e-02
  2.5078456e-03
  5.1703029e-03
 -7.6124929e-02
 -1.0171089e-01
  2.9136890e-03
  1.2772390e+00
  5.2738428e-02
 -6.3496567e-02
  3.6405587e-01
  1.3241571e+00
 -3.2750655e-02
  2.7130993e-02
 -2.7116188e-03
  3.5390439e-03
 -1.3433783e-03
 -7.6735653e-02
 -5.8679783e-04
  6.5429839e-03
  3.7091642e-03
 -1.6099276e-02
 -1.9370876e-01
  2.3061554e-03
  3.3324477e-04
  8.3589843e-03
 -1.7423530e-01
 -3.8509015e-02
 -8.8798068e-03
 -5.5978715e-01
 -4.1428553e-03
  3.5561372e-02
  1.8976560e-02
  5.1258568e-02
  2.8281087e-02
 -1.8980468e-02
  3.8822453e-02
  1.2276410e-01
  5.1150978e-02
 -5.3106076e-01
 -2.6351860e-01
  1.0789366e-01
  1.9555481e-02
  2.5258039e-03
  3.4180356e-03
 -1.0123227e+00
  3.7978478e-02
  1.6368024e-02
  5.3918697e-02
  2.7503517e-02
 -7.9882080e-03
 -4.8017412e-02
 -5.2988179e-02
  3.4103688e-02
 -1.1555855e-02
  1.5762933e-03
  4.2633549e-03
 -3.2053385e-02
  6.0832493e-02
 -3.7358407e-02
 -8.1296787e-03
  8.8924781e-04
 -1.4924221e-02
 -3.7416068e-03
 -1.4564128e-02
  1.5591988e-03
  6.7170220e-03
 -1.4012859e+00
  1.8707756e+00
  4.1167924e-01
 -1.7576071e+00
 -1.9962867e+00
  3.8976979e-01
  1.6529742e-01
  8.5328214e-02
  5.9134984e-01
  1.0485619e-01
 -2.1913253e-01
 -1.2500425e-01
  3.4894809e-01
 -5.9279621e-01
 -1.4828715e-01
  6.1568654e-01
  3.8982891e-02
  1.5108013e-01
  2.3375481e-01
  9.1331500e-01
  1.1760593e-01
  6.7010946e-03
 -7.8992024e-03
  1.4161798e-01
  5.5219117e-03
  3.0871711e-04
 -3.2519309e-03
  2.3335757e-02
 -9.7319102e-03
 -5.1611647e-02
 -1.7572986e-02
 -1.0556012e-02
  1.2667406e-02
 -3.5936791e-02
  2.0455478e-03
 -3.3672404e-02
 -1.1442339e-02
 -1.3148908e-03
 -1.5941530e-03
  3.3244675e-03
  1.1759172e-02
 -8.1022060e-04
  2.1125451e-03
 -2.9884329e-02
 -9.0860045e-03
  1.0560945e-02
 -3.7582754e-03
  2.0235347e-02
 -8.5054012e-03
  3.8067061e-02
  2.1914558e-03
  1.8188226e-03
  1.8763484e-02
  2.1732887e-03
  3.0059798e-03
  2.1102454e-03
 -1.3114159e-02
 -7.0066733e-04
 -2.9163397e-05
 -1.8547071e-02
  1.3283795e-01
 -1.4612138e-02
  4.7584571e-02
 -7.9584688e-01
  3.6301064e-01
 -2.9143114e-03
  8.1873136e-03
  1.1908786e-02
 -9.7208722e-03
 -2.4131872e-03
  2.1272042e+00
 -5.5839710e-02
 -1.3074318e-01
 -1.0464760e-02
 -6.5356372e-03
 -8.9555375e-02
 -6.0820198e-03
  1.0074405e-02
 -1.6095472e-02
  7.2274238e-02
 -1.8366782e-01
  1.4416763e-04
  2.7954293e-02
 -4.1711275e-02
 -4.5140736e-02
 -4.3280318e-01
  9.5496913e-03
  3.6518913e-04
  5.0292071e-02
  5.5598374e-03
 -3.7877742e-02
 -2.8543312e-02
 -1.7028833e-02
  2.2454147e-01
 -1.6364357e-01
 -2.6318090e+00
  7.2134864e-03
 -5.1744189e-03
  2.1619285e-02
 -9.0636015e-03
 -9.4017017e-01
 -1.5445323e-02
 -7.5802356e-03
 -4.6544494e-03
 -3.2949508e-03
 -2.3407595e-02
  5.8176544e-02
 -3.7584499e-02
  1.6948025e-01
  1.8577319e-02
  1.1197408e-02
 -5.7415828e-02
  1.1587569e-02
 -4.0082866e-04
  2.0562042e-02
 -3.0484358e-02
 -2.3511583e-02
  3.2936230e-02
 -2.2103356e-02
 -5.5963766e-02
  9.1536260e-01
  7.7797547e-02
 -1.4492960e-01
  1.6677126e-01
  4.4040158e-01
 -2.7965107e-03
 -1.8618662e-03
  2.7957850e-03
 -3.6417969e-02
  7.7920388e-03
 -5.1235324e-01
  3.2248716e-03
 -2.6371527e-02
  1.1188321e-02
  1.1123822e-03
  1.0574561e+00
  6.7662722e-03
 -4.6867613e-02
 -2.6269928e-02
 -8.1580793e-03
  1.3081649e-02
 -1.7387047e-02
 -1.7924277e-01
  5.5672579e-02
 -7.5955815e-03
  7.8599826e-03
  7.8458190e-03
  1.3925871e-01
 -4.0431906e-02
 -5.9992615e-03
  2.0649099e+00
  5.4525334e-01
 -3.4800789e-01
 -2.0154826e-02
  2.3005679e+00
  1.0465214e+00
  6.1073941e-01
 -1.1993461e-01
  2.2087419e-01
  5.7880497e-01
 -5.2582973e-01
 -1.1572589e+00
  9.6915644e-01
  6.9365430e-01
  8.6600661e-02
  2.7800417e-01
  3.7256420e-02
  4.6646976e-01
 -1.7601901e-01
 -8.8794522e-02
  4.4350736e-02
  2.0560915e+00
  2.6700275e-02
 -1.8911328e+00
 -1.6684723e+00
  1.9821656e-01
  1.7938960e+00
 -1.9910066e+00
  2.8760192e+00
 -7.1380836e-01
 -5.1592207e-01
  5.9618507e-02
 -8.7578543e-02
 -1.7388032e-01
 -1.7024703e-01
 -2.8891438e-01
 -1.3960223e+00
  1.1478626e+00
  1.0629003e+00
 -1.0418389e+00
  1.1644141e-02
  5.4443681e-01
  1.3850830e-02
 -1.9740107e+00
  6.0563594e-01
 -5.1114876e-02
 -4.6847597e-02
 -2.3132324e-01
 -2.2158037e-01
 -7.6251435e-01
 -9.3418211e-02
  6.3369195e-03
 -2.9103175e-01
  8.8113570e-01
  8.9230222e-01
  1.5485866e+00
 -5.1240876e-02
  1.0781211e+00
 -8.4350568e-01
  1.6734371e+00
 -3.0866539e-01
 -4.0750974e-01
  3.0777264e-01
  1.2157232e+00
 -5.5630672e-01
  5.5702174e-01
  1.4392428e-01
 -1.5890781e+00
 -1.0351248e-01
 -1.8803255e-01
 -7.5685507e-01
 -1.1409489e+00
 -2.5808075e-01
  3.1170189e-01
 -1.2739247e-01
  6.7602986e-01
 -2.6103757e-02
 -7.5710398e-01
  1.0121505e+00
 -2.1662091e-01
  3.3857769e-01
  1.1119878e+00
 -4.3345138e-02
 -5.3535879e-01
 -1.2588255e+00
 -6.4695644e-01
 -5.3580743e-01
  2.2144372e+00
  1.2486305e+00
  2.9123049e+00
 -5.4124230e-01
  6.2545496e-01
  6.3253939e-01
  1.9103572e-01
  1.5468158e-01
  1.8201888e+00
 -1.8167494e-01
 -5.4555595e-01
 -1.4279121e+00
 -2.2120142e+00
 -3.0516617e-02
  1.1461520e-01
 -1.0675671e-01
  3.2078502e-01
 -8.1962234e-01
  1.4971477e-02
  2.4502808e-02
 -7.2313595e-01
 -6.8532228e-01
  4.4951549e-01
  7.4840650e-02
 -7.1470859e-03
 -1.8117690e-01
 -1.2397573e+00
 -9.8389435e-01
  1.5102894e+00
  2.1639422e-02
  9.0912980e-01
  2.3396891e-01
 -2.3295255e+00
  2.6117782e-03
  8.3505052e-01
 -2.5242052e+00
 -2.4736590e+00
  1.7815651e+00
  2.3981765e-02
 -1.7184447e-02
 -1.1709782e+00
 -1.4173721e-02
 -1.6950728e-02
 -1.0652316e-02
  4.6712324e-01
  7.3469436e-01
  1.0181860e-02
 -1.2089738e-03
  5.8057224e-03
  6.8724067e-03
  4.2492759e-01
  2.1749178e-03
 -6.8403143e-03
  4.8212893e-02
 -1.0736889e-02
  1.8872628e-02
  1.4758214e-01
  6.5456372e-01
 -8.9702429e-03
 -2.4816327e-02
 -3.8951735e-03
 -1.4164935e-02
 -1.4632513e-02
  7.1419559e-02
 -6.7556009e-02
  1.0241482e-01
 -8.1726700e-02
 -2.5147268e-01
  3.9765321e-02
  9.0826937e-04
  1.9110009e-02
 -3.6333749e-04
 -3.2926449e-03
  8.8514313e-03
 -2.5374681e-02
  1.1964738e-02
  3.2255717e-02
  1.1653580e-02
  5.7019163e-02
 -1.3711881e-02
 -6.5596448e-03
  2.2769356e-02
  8.2516139e-03
 -1.9711837e-02
 -5.7765299e-01
  1.5139085e-02
 -3.8565705e-03
  2.3349227e-02
  1.3954141e-03
  8.4702699e-03
  3.8786441e-02
  7.6691440e-04
 -6.7450944e-04
  2.0846013e-02
  1.3584183e-03
 -2.4045818e-01
  4.6647632e-01
  7.2080255e-01
 -1.0586871e-02
  4.5596097e-02
  3.2123085e-03
 -5.4246113e-03
  2.0912465e-02
 -4.4570719e-03
  2.5445195e-02
  1.0752049e-02
  4.2208806e-03
 -9.2436196e-03
 -2.4945742e-02
  2.8246734e-03
  4.1564560e-01
  2.9692378e-02
 -4.2627919e-02
  1.3844716e-02
  1.4336809e-02
 -5.8131721e-03
  1.5080955e-02
 -1.4955915e-02
 -1.5759189e-02
 -2.7760017e-01
 -1.9065323e-03
 -4.7818343e-03
  1.0726083e-02
 -3.2220190e-04
 -2.9446397e-02
  8.5363369e-03
  2.6616786e-02
 -6.6836572e-01
  2.9592415e-02
  6.9985967e-03
 -3.1598294e-04
 -1.1771930e-02
 -1.3570008e-03
  8.4071243e-03
  1.1013109e-02
 -5.7348362e-03
 -7.0371302e-03
 -1.8796783e-02
 -1.4866102e-02
  2.3381501e-02
  3.3941958e-02
  6.0395268e-03
 -2.6085116e-02
 -3.3697616e-02
  5.2915915e-04
 -9.0867374e-03
 -1.2908761e-03
 -5.2079400e-03
  2.4632845e-02
  5.2384652e-02
  3.6467242e-04
 -3.6514830e-03
 -4.9499124e-03
 -2.0165067e-02
  7.9374376e-04
 -5.8141422e-01
 -2.2693511e-02
  1.0653671e+00
  6.7253844e-03
  1.2247910e-02
  2.5897166e-02
 -2.1587396e-02
 -1.9074492e-02
  9.3046300e-02
  6.5312845e-01
 -8.6088765e-01
 -1.5778996e-02
 -5.0069913e-02
  4.2348664e-02
 -1.1760961e-02
  1.7770463e-01
  1.1950453e-02
  6.8831944e-01
  1.2157734e-03
 -8.4066260e-01
 -1.2153808e+00
 -2.5725040e-01
 -9.0184903e-01
  6.3273762e-03
 -3.9672622e-01
 -1.6635252e-02
 -4.6472963e-02
  4.7730692e-02
  1.1976093e-01
  4.4576830e-01
  2.8158173e-01
  4.4934881e-01
  8.3238631e-01
  5.9325714e-03
  1.3851115e-01
  3.3806331e-02
 -6.5937168e-03
 -7.2535668e-03
  1.7426485e-01
  1.8027839e-01
  3.9511815e-02
 -2.0098628e-02
  1.7353931e-01
  2.2163730e-02
  7.6884344e-02
 -8.1573702e-02
  3.7505623e-02
  5.6297321e-02
  1.1681841e-01
 -2.0082768e-02
  6.6014649e-03
 -3.5383679e-02
 -2.2232279e-02
 -1.7612306e-02
  3.7166379e-02
  2.6809786e-02
 -1.6366419e-01
  1.0182191e-01
 -1.2929467e-02
 -6.7578554e-02
 -1.5316556e-01
  5.9924461e-02
 -5.7590771e-02
 -1.5901176e-03
 -1.3144174e-02
  2.4771051e-02
 -6.2680026e-03
  9.5082857e-03
 -1.8156817e-02
  3.9480710e-03
 -1.0630068e-02
 -1.4892801e-03
  6.7163416e-04
  1.9532014e-02
 -7.1668187e-03
  5.0848012e-04
 -9.5679937e-03
  3.3609062e-03
  4.6933615e-03
 -1.0210591e-02
 -2.6419498e-03
  1.2583861e-02
 -2.1068012e-02
 -1.8349743e-02
  7.4688187e-03
  5.6237024e-03
  1.7147153e-04
  1.0628523e-02
  1.2623553e-02
 -2.5041930e-02
  9.0257436e-01
  4.6633847e-02
 -2.5650855e-02
  1.4665166e-02
 -3.7712690e-03
 -1.0169028e-02
 -1.4960852e-02
 -2.2231156e-02
  1.0205757e-02
  3.0605350e-02
  6.0052448e-03
  2.0436984e-02
  1.1201637e-02
 -8.7264477e-04
 -1.5306902e-03
 -4.0113432e-03
  1.1085285e-01
  2.3062697e-02
 -2.7166906e-01
 -1.8362800e-03
  3.8986407e-02
  7.1189119e-03
 -3.2300618e-02
 -7.7076876e-03
 -2.5676951e-02
 -4.2230129e-02
 -2.9345509e-03
  4.7604539e-02
  8.8403176e-04
  4.1807000e-02
  7.0136857e-01
 -2.0028912e-02
  3.7217167e-01
 -7.3570579e-02
 -8.0688233e-03
  3.6728561e-02
 -2.2105647e-03
  1.6456051e-02
  1.6654661e-03
 -1.6401844e+00
 -9.7609777e-04
 -2.0741794e-01
  3.7151922e-02
 -3.3126445e-03
  8.6626839e-03
 -7.5416812e-03
  4.4568283e-03
 -1.7737674e-02
  5.0462247e-04
 -6.5502152e-04
 -1.8163385e-02
 -1.4891488e-02
 -6.3261930e-03
  4.1733079e-02
 -1.0904837e-01
  1.0048330e-02
  4.9683783e-02
 -2.4926847e-02
  2.7653472e-02
 -5.1935726e-01
 -9.8701495e-01
 -2.2281076e-01
 -2.0959540e-01
 -9.7395301e-02
  1.2789935e-01
  6.2385428e-01
 -7.7586167e-02
 -2.5235249e-02
  3.9681229e-01
 -6.4541306e-03
  3.4197658e-02
 -8.0761826e-01
 -1.3912672e+00
  2.2168954e-01
  1.6551189e-01
 -4.9478635e-01
 -3.0513009e-02
  8.8925749e-02
 -1.4656235e-02
 -7.1820486e-01
  1.1293597e-01
  1.7163318e-01
  7.7907586e-01
  2.9716420e-01
 -5.5348200e-01
 -5.3941929e-01
 -4.6516072e-02
  3.5768490e-02
  2.0562466e-02
 -1.9859213e-01
  7.7945910e-02
  2.9836316e-02
 -1.6411493e+00
 -5.4712999e-03
  3.0947579e-03
  3.8211595e-02
  2.4902644e-02
 -2.0119054e-03
  6.3467724e-03
  2.3673182e-02
 -1.3509969e-01
 -1.6841147e-02
 -5.2704476e-04
  2.3051286e-02
  1.7468711e-02
 -4.1063866e-03
  1.8273966e-02
 -1.5995435e-02
  1.3558631e-05
 -2.1729527e-02
 -1.2175138e-03
 -2.0584127e-02
 -1.0524988e-01
 -9.9646347e-03
  2.3211608e-02
 -3.7281781e-05
  2.7691943e-04
  4.0456127e-02
  5.6036514e-01
  1.1338583e+00
  7.5797193e-02
  5.4837292e-01
 -1.1656868e+00
 -5.2254368e-04
 -1.1249200e-01
  8.9609766e-01
  5.3973999e-02
 -7.6058187e-04
 -2.1200061e-02
  4.0901306e-01
  2.3040563e-02
  2.0953963e-02
  7.4479751e-02
 -1.5461126e-03
  1.7297112e+00
 -6.9103457e-02
  2.4375765e-02
  1.2645730e-02
  1.5672906e-03
 -2.2947978e-02
 -2.4162322e-02
 -5.1789917e-02
  1.8480564e-02
 -9.4241416e-03
  1.0280932e-02
 -2.6054792e-02
  3.2944016e-02
 -1.8804987e-03
 -4.7252639e-03
  1.1099458e-02
 -8.1934638e-02
 -1.5405455e-01
 -8.4901676e-03
 -2.4737662e-02
 -1.9113846e-02
 -3.3197764e-03
  9.9199712e-03
 -2.9488815e-02
  6.5046353e-03
 -5.7385713e-03
  1.0941821e-02
  1.8494692e-02
  2.6425552e-03
 -1.2229701e-02
  1.8408438e-02
  4.6277833e-03
  8.0232732e-02
 -1.2908743e-03
  1.0492073e-02
 -1.9363176e-02
  9.1551747e-03
 -1.7925546e-01
 -3.6046531e-02
 -6.1712028e-03
  1.8507689e-02
 -3.4711015e-01
  2.5963755e-03
 -1.0242324e-02
 -1.9427244e-01
  6.7253739e-02
 -1.0389189e+00
 -8.6512792e-01
  6.9923425e-01
 -1.5662938e-02
  4.3117157e-01
 -2.1119937e-03
  4.4641826e-01
 -2.5702806e-03
 -4.9056795e-01
  3.7051681e-01
  5.3312544e-02
  6.6925931e-01
 -5.7205391e-01
 -1.0542234e-02
  1.8642928e-01
  3.6510786e-01
  1.1108283e+00
 -3.4179851e-02
  2.7621511e-01
  1.0072618e-01
  2.6485000e-02
 -9.3771294e-03
  9.6737687e-03
  4.2023748e-02
  1.5265435e-03
  2.5066328e-03
 -9.6812788e-03
  2.2533629e-02
  4.8477747e-02
 -1.0298559e-02
 -3.7765676e-01
  1.9685636e-01
 -9.2693783e-02
 -1.3096317e-02
  3.5327684e-02
 -2.3802975e-02
 -9.6995682e-02
 -1.4329403e-02
 -3.9665508e-03
  5.1985690e-03
  2.0663475e-03
 -7.7005595e-02
 -4.5540217e-02
 -1.4893935e-02
  2.8169511e-02
 -4.4530228e-02
 -1.6575862e-02
  4.7715679e-02
 -5.3057157e-02
  8.9577273e-02
 -9.1185281e-03
  5.3015880e-05
 -3.8890697e-03
  3.2133956e-02
  3.2990086e-03
  2.4926526e-02
  2.4676593e-02
 -1.8966896e-02
 -3.1731287e-01
 -3.4915438e-01
 -4.8220205e-01
  5.8998805e-01
  9.8627514e-01
 -7.1142688e-03
 -1.3808399e-02
  7.4394651e-02
  4.2171003e-03
 -9.6078617e-03
 -2.9359953e-02
 -5.2521419e-02
 -1.1064672e-02
 -7.7153414e-02
  1.1041490e-02
  6.0244077e-03
 -3.5502203e-02
 -1.3820863e-01
 -3.8862828e-02
  8.4124319e-02
 -1.2064861e-01
  1.7652998e-02
  1.4456281e-02
  5.1112387e-02
  4.7261781e-01
 -4.4878963e-02
  9.0839353e-04
 -3.3008732e-02
 -2.3633432e-02
 -3.3031660e-03
 -1.8232100e-01
  3.4987481e-04
  5.9964743e-02
 -2.0236108e-01
  1.7337473e-02
  5.6734490e-03
  5.1524544e-01
 -1.3168170e-01
 -5.9061003e-01
 -9.8924264e-02
 -2.5489628e-02
 -2.8963605e-01
 -2.4576405e-01
 -4.6636532e-03
 -1.9072759e-03
 -1.1023231e-01
 -2.6738268e-01
 -1.9941945e-01
  4.1641127e-02
  1.4641203e-02
 -2.7333358e-01
 -4.6623699e-02
  2.8352714e-01
 -3.4040777e-04
 -1.6322282e-01
 -8.4789485e-02
  5.7894021e-02
 -1.9603410e-01
  2.1267217e-01
 -2.2421611e-02
  2.9540337e-03
 -7.7648170e-02
 -7.1053988e-01
  5.3146765e-02
 -4.1308213e-02
 -6.0447399e-04
  3.5079356e-02
 -1.5923771e-03
 -3.0320378e-02
  1.8828921e-02
 -3.4777820e-02
  1.1629971e-02
  1.7840114e-04
  4.0592561e-03
  1.0474624e-02
  3.9595473e-03
  2.0382799e-02
 -3.0587676e-03
  7.2613448e-01
 -4.6756067e-03
  8.7470366e-03
 -3.9300881e-02
 -1.3188140e-02
  2.4509430e-02
 -4.1831811e-03
 -1.6233189e-02
  1.4270555e-02
 -1.1770526e-03
  1.1720441e-02
  8.0079474e-03
  7.1674646e-03
 -1.3184652e+00
  1.2608448e+00
  7.6609439e-01
 -7.1174257e-02
 -7.8512942e-03
 -7.6835561e-03
 -7.3093688e-03
 -5.0607729e-03
 -7.8115717e-02
 -2.8208461e-02
  2.3813164e-02
  9.1825979e-04
 -1.1831329e-01
 -7.8596817e-03
  1.8921472e-02
  6.0709246e-04
 -1.6481157e-01
 -1.1953341e-02
 -3.4988168e-01
 -2.1118166e-02
  1.9261957e-03
  4.9558007e-03
 -2.5513852e-02
 -2.1683741e-01
  1.3188966e-02
  5.1499996e-04
 -2.6701454e-02
 -5.6017512e-03
  2.3789599e-03
  2.3157874e-02
 -6.7631736e-05
 -7.0488614e-01
  5.6710960e-03
  8.3599180e-02
  2.5795710e-03
 -9.1376128e-03
  9.7833257e-03
  2.0591812e-02
  2.3926662e-02
  7.9067245e-02
  2.6139863e-02
 -4.1028999e-02
 -1.0675807e-02
  1.1387899e-02
 -4.5886403e-03
  5.1143412e-02
 -4.3907389e-02
 -1.4309536e-02
  5.5200723e-03
  1.6445875e-02
  8.7065576e-03
  1.0970755e-02
 -2.2320991e-02
  1.4683730e-02
  3.4683626e-03
 -6.4300065e-04
 -1.6732803e-02
 -1.3947614e-02
 -1.7984476e-02
  7.6141936e-01
  7.5611379e-03
 -2.0498706e-02
  2.7916330e-01
  6.8938190e-01
  2.0722499e-04
 -5.1891464e-03
  1.4310597e+00
 -3.6265038e-02
  2.7852850e-02
 -1.6744081e-02
  3.5091460e-02
  2.0206295e-02
  4.4087760e-02
 -1.7360780e-01
  1.0162675e-02
 -9.5311329e-03
 -1.7694786e-02
 -1.0336678e-01
 -5.9183240e-01
 -3.5948310e-02
 -8.6882841e-03
 -5.9817486e-02
 -3.8159229e-02
  4.9062860e-03
  2.8948275e-02
  1.8987198e-01
  9.3678512e-02
  2.0547412e-02
 -7.9167299e-03
 -4.4519063e-02
  1.1099156e-01
 -7.4195004e-01
 -1.0374682e-02
  4.4548713e-02
 -1.9352095e-03
 -1.4023672e-02
 -1.9616148e-02
 -5.4445756e-03
  3.2796185e-02
 -5.2906875e-03
  6.4145066e-03
 -1.2719149e-02
  2.4333611e-02
  3.3961961e-03
  7.7509787e-03
  6.9669383e-03
 -2.3734402e-02
 -3.5993025e-02
 -5.7392395e-03
  1.2647427e-02
  1.4965237e-02
 -9.8278308e-03
 -8.8097258e-03
  1.1984443e-02
 -8.6636161e-03
  1.8788105e-02
 -2.1812632e-03
  3.8497154e-02
 -9.9556632e-03
  1.3723589e-01
 -1.5876876e+00
 -4.4011939e-01
  7.5587684e-01
  1.6479691e+00
  1.9486068e-02
  6.1843223e-03
  1.9857360e-03
  1.9048687e-02
  1.7308533e-02
  4.2459663e-02
 -9.0018017e-03
  5.1204312e-01
 -2.3853591e-02
 -3.7425008e-02
 -3.3363763e-02
  6.5063764e-03
  5.4790188e-02
 -7.1501620e-03
  2.2097383e-02
 -1.6648637e-02
 -7.7160522e-03
 -2.7827894e-02
 -8.7387010e-02
  1.4699029e-02
  1.1740518e-01
 -1.8730395e-01
 -6.3734800e-02
 -4.5491237e-02
  4.4427630e-03
  1.0480756e+00
 -2.6255026e-02
  3.7906858e-01
  1.5805578e+00
  2.1671658e-02
 -8.6738199e-01
  3.4539986e-01
  3.1457746e-01
  1.8370833e-02
  1.2608501e-02
  2.9265254e-03
 -1.5625255e+00
 -1.0567387e+00
 -1.6812583e-02
 -6.4071739e-01
  4.8604512e-01
  1.6538492e-01
  2.5844093e-02
  3.9514275e-03
  7.8347534e-01
  1.3246574e-02
 -7.7704526e-02
  5.6695077e-03
 -1.0391305e-01
 -4.7379369e-01
  2.0160427e-02
 -3.8478054e-02
  8.5125957e-03
  4.6468843e-03
  1.7222730e-02
  9.7559392e-02
 -2.4663360e-01
 -1.1081395e+00
  2.4770246e-01
 -1.3575493e-01
 -9.4153911e-02
 -4.1733781e-01
 -7.5430550e-02
  1.3382921e-02
 -8.7900099e-04
 -1.2533340e-01
 -3.6724221e-02
 -7.4908780e-03
  4.2160642e-03
 -3.9160349e-03
  1.4515711e-01
 -2.9555426e-03
 -1.2673228e-02
 -1.3191017e-02
  2.2234555e-02
 -1.7549065e-01
  2.0168517e-03
 -8.1414089e-02
  2.4679115e+00
 -9.8899277e-03
  1.2366084e-02
 -1.2244412e-02
  2.8441686e-03
 -3.3428727e-03
 -4.5847219e-01
  2.8052502e-03
  3.2805741e-02
  6.0816866e-01
 -1.9465149e-03
  2.4378402e-02
 -5.9363831e-02
 -1.4908348e-02
 -1.9564459e-02
 -1.8039370e-02
 -2.6982231e-03
  1.3068832e-02
 -9.1593368e-03
 -3.4525648e-02
 -7.8703940e-02
  1.0787196e-02
 -2.8458592e-03
  1.0147144e-02
 -1.4641387e+00
 -8.7152533e-03
 -4.6147266e-03
 -7.3431814e-03
  2.3027522e-02
  1.2017051e-02
  4.9468786e-03
  1.1951050e-03
 -3.9088283e-02
  2.1583622e-02
 -7.3579676e-03
  4.5359466e-02
 -1.2081536e-02
 -8.0440211e-04
 -2.2466717e-02
  1.1369959e+00
 -3.0626863e-01
  7.3992936e-03
 -2.2554351e-03
 -1.6557654e-02
 -7.8562303e-03
 -1.3048667e-02
 -5.2805441e-03
 -3.9462712e-02
  3.7402497e-03
  1.6517835e-02
  1.1863727e-03
 -6.9493777e-04
 -1.3089727e-02
 -3.1505156e-02
 -1.8598957e-02
 -2.5567807e-02
  5.7451472e-02
 -1.1581114e-03
  1.5588549e-02
  2.1762658e-02
  4.9780430e-03
 -2.7062133e-02
 -1.6204121e-02
  1.2884919e-02
 -7.8503704e-03
 -2.4974979e-02
 -9.7314930e-03
  1.4649529e-02
  8.3561148e-03
 -2.7853835e-01
  5.3953446e-02
  6.3426932e-03
  2.6214300e-04
  2.0278150e-03
  2.7244546e-02
  2.3792379e-03
  6.8196887e-04
 -5.7480908e-03
 -1.4187099e-02
  3.7700642e-02
 -6.4677163e-03
 -3.1911340e-01
 -3.0147338e-02
  4.1978559e-03
 -7.1290531e-03
 -3.0923281e-03
 -3.2044090e-02
 -5.0505069e-03
 -9.6962377e-03
 -8.9116078e-03
 -2.4557272e-02
 -2.0547878e-02
 -5.4672011e-04
  2.4008580e-02
 -8.4388942e-01
  2.2123423e-03
  7.6356851e-03
  9.7748354e-02
 -4.7461905e-02
  2.5415283e-01
  1.8579574e-01
  6.6249683e-02
  1.3345419e-02
 -2.8169767e-03
 -1.3071118e-02
  6.5347482e-04
 -1.5866108e-02
  2.0226706e-02
  1.0711739e+00
  2.1817327e-02
  8.8463016e-03
 -9.6704029e-03
  7.9133520e-03
 -1.2916974e-02
 -8.8405475e-02
  1.5219469e-02
  1.4192584e-02
 -1.2656180e-02
  1.0316252e-02
  3.4990719e-01
 -2.0301582e-02
  5.2394681e-03
  3.4384500e-02
  2.2404419e-02
 -2.0332215e-02
 -6.7502237e-03
 -1.5193665e-02
 -5.0717467e-03
 -2.6056951e-02
  4.5335674e-01
  2.7662006e-03
 -1.0634892e-01
  7.0748799e-03
  2.7998310e-02
 -4.0609743e-03
  1.6089598e+00
  1.6522706e-02
  1.6272210e-02
 -6.9986014e-03
  4.4093141e-03
  5.3845812e-03
  7.1113445e-02
  3.7038645e-03
 -8.9523224e-03
  2.8228667e-01
  2.2352939e-02
 -2.3759671e-01
  6.4109447e-03
  1.1866895e-02
 -2.5034350e-01
  5.5527404e-02
  8.8515412e-03
  8.3893444e-03
  1.3254741e-02
 -1.3262772e-02
  7.5814314e-03
 -2.2397144e-02
 -1.7633615e+00
 -7.3554105e-01
 -3.8033251e-02
  5.6446586e-02
  6.8164825e-01
 -9.2159712e-01
 -3.6263395e-02
 -4.7490302e-01
 -7.2563798e-03
  1.1759179e-01
  6.6275060e-01
 -2.3850210e-01
 -1.5942289e-02
 -3.6676136e-01
 -3.0809498e-01
 -8.8828820e-01
 -1.6882452e-01
  1.5365560e-01
 -6.8973303e-02
 -3.1733051e-01
  1.2078308e-01
 -1.6634703e+00
  1.2196766e+00
 -3.1972572e-01
 -6.7720568e-01
  9.6066111e-01
  7.4683622e-02
  1.4476782e-02
  3.6070336e-02
  1.6287781e-02
 -8.0175596e-01
 -1.1688757e-01
 -1.2515630e+00
 -6.4074375e-02
  9.5808578e-01
 -4.8328512e-03
  5.2380347e-01
 -3.1484786e-02
  1.3879735e-03
  1.2289218e-01
 -5.1616691e-02
 -1.2718573e+00
 -2.0206170e-01
  6.8191588e-02
 -7.1329588e-01
 -2.0095374e-01
 -3.6227676e-01
  3.2933876e-01
  3.9108177e-03
 -1.2829509e-03
  1.4777820e-02
 -5.7156581e-02
 -2.3837235e-02
 -1.3951321e-01
 -1.4491051e-01
 -1.8480578e-03
  8.6668171e-03
  6.6385004e-03
  1.5653675e-02
  3.4451500e-02
  1.8990492e-02
 -1.0771853e-01
 -2.8661355e-01
  7.5007871e-02
 -4.7392821e-01
 -2.6877312e-04
 -5.9148869e-03
  3.6657754e-02
 -1.0433686e-03
  1.7689687e-03
  3.1561439e-03
  1.5088276e-02
 -1.1174043e-02
  1.2772867e-02
  5.5500292e-03
  7.0581445e-05
 -5.8440468e-03
  1.2323437e-01
  1.4738793e-02
  1.5611717e-02
 -8.8519715e-03
 -1.2699579e-04
 -5.2627392e-02
 -1.0213922e-02
 -1.0425912e-01
 -4.8477676e-02
 -4.9102358e-03
 -2.1870229e-02
  6.5359166e-03
  3.2551978e-03
  5.6568040e-03
 -6.7663444e-03
  5.1935339e-01
  5.8093056e-02
 -3.4460717e-01
  3.5345890e-02
  2.0064663e-02
 -1.4577940e-02
  4.1160381e-01
 -2.2492635e-04
  1.8323156e-03
 -1.1343126e-02
 -2.2939497e-03
  1.5741907e-03
 -2.6964644e-04
 -6.6393823e-04
  1.1803496e-02
  1.4844759e-02
 -5.7103122e-03
  3.9489102e-02
  4.1027961e+00
 -7.7460632e-02
  1.7007286e-02
 -2.3690306e-03
 -6.4891949e-03
  9.0218877e-04
  2.1249210e-02
 -1.1456929e-04
  1.2100438e-02
  1.8166484e-02
 -1.4755941e-03
  1.8479785e-02
 -6.7337811e-01
 -8.2219258e-02
 -3.2565641e-01
 -8.3305687e-03
  8.0513149e-01
 -1.9840999e-02
  1.6999312e-02
 -3.6126194e-03
  6.3746428e-01
  7.0011234e-01
  3.6247537e-02
 -1.5457971e-01
  1.0095967e-01
  2.2534575e-01
  5.4388028e-02
 -6.6396314e-01
  4.2497069e-02
 -9.5552899e-02
  1.6770362e+00
  1.3214202e-01
 -6.9738276e-02
 -3.4997109e-01
 -3.9921418e-01
  6.4906043e-01
 -1.0917033e-01
  1.4694211e-01
 -8.6379312e-03
  2.2259440e-02
 -1.7934717e-03
 -1.5284723e-01
 -2.6518835e-02
 -2.2908415e-01
  6.4110465e-02
 -1.0997050e-02
 -8.6768102e-03
 -9.0484796e-03
  9.2764129e-04
 -3.1806637e-02
  1.5544967e-02
 -6.7785350e-03
  5.5095949e-03
 -6.1988179e-03
  8.7522920e-03
  3.8342604e-03
 -4.3334749e-02
  3.8360632e-03
  1.8647386e-03
 -2.2583475e-02
 -4.1101701e-03
 -4.0610749e-03
 -8.4326100e-03
 -2.6458479e-02
 -3.2348332e-03
 -3.7090145e-03
  3.1343137e-03
  2.4219458e-01
  3.8490023e-02
  9.2890467e-03
 -3.3691886e-01
 -5.2750867e-04
  1.6485304e-01
  4.2259082e-01
  2.2885449e-01
 -5.4089641e-03
  9.4839614e-03
 -7.4311625e-03
  2.0652171e-03
 -1.8783495e-03
  2.1547474e-02
  1.9355254e-02
 -6.0376459e-01
 -2.6185792e-02
 -5.6079503e-02
  1.2559838e-02
  2.1146858e-02
  3.5058287e-01
 -9.6589036e-04
 -1.3237802e-02
  6.3832355e-01
  2.1696715e-02
 -5.1350142e-03
  1.9840658e-01
 -1.8717490e-01
  4.1639856e-03
 -2.4768528e-02
 -3.4963585e-02
 -1.7129239e-02
  2.8579999e-02
 -1.2319859e-01
  9.4269439e-05
  9.8829961e-01
 -3.8764274e-01
 -4.6992645e-01
 -2.8695923e-03
 -2.8239343e-02
  1.2888502e-01
  9.9206073e-03
  1.2283610e-02
 -7.2693631e-02
 -1.1123567e-02
  1.0280479e+00
  4.3078203e-02
  1.0284666e-02
 -6.2897042e-03
  1.5056504e-02
  6.7746364e-02
  4.2436258e-03
 -2.6039271e-02
  2.3653570e-03
  2.4671618e-02
  2.4241999e-02
 -1.0280350e-02
 -4.0461201e-02
  1.8069863e-01
  3.4091538e-03
  7.8773670e-02
 -7.0144079e-04
 -7.8940839e-03
 -3.6137812e-02
 -1.9201878e-02
  6.9279790e-01
 -4.5676842e-01
  1.6232072e-01
 -1.4325210e-02
  3.7070438e-02
  1.6626378e-04
 -1.1342895e-02
  5.6430325e-03
 -4.6049492e-03
 -3.1830750e-03
  3.7433149e-04
 -5.6756455e-03
  8.9432532e-03
  5.0466252e-04
 -4.2737359e-01
  1.5771932e-04
 -1.2118690e-02
 -1.6681320e-03
  7.6778131e-03
 -2.0829851e-02
  5.8062198e-03
  2.6646758e-05
  3.7182901e-02
 -7.1554742e-04
  4.5379614e-03
  9.7596077e-03
  8.8219652e-03
 -7.0042186e-03
  4.7469558e-03
 -1.9482737e-02
  2.3980543e-01
 -4.7656972e-02
  3.3549699e-01
 -1.1312622e-02
 -4.3934812e-03
  3.3620367e-04
 -3.7940186e-02
  1.6558435e-02
  1.4589874e-02
 -1.3538277e-02
  7.3414813e-03
  6.6727367e-03
 -3.5021987e-02
  2.7984928e-03
 -3.5680927e-02
 -5.0637005e-03
  1.3157300e-02
 -4.6450533e-03
 -1.6891759e-02
 -2.5422832e-03
 -2.6486233e-02
 -3.9448977e-02
  7.4349302e-03
  1.2192355e-03
 -4.9724169e-03
  2.0166909e-02
  1.4212505e-04
 -3.7063904e-02
  4.3007411e-02
 -1.8636456e-01
  2.2832793e-01
 -2.5888696e-02
 -2.2682457e-01
 -2.7610001e-01
 -4.4543967e-03
 -5.3791534e-02
  8.2993293e-03
  5.8293855e-03
 -3.6664866e-02
 -9.5108030e-03
 -1.1489269e+00
 -3.7943207e-02
 -4.1512515e-02
  7.7885152e-03
 -1.7122109e-03
 -2.0040583e-02
  6.5698465e-03
  1.4975308e-01
 -1.1143514e-02
  2.3886175e-03
 -2.5193831e-03
 -5.2355126e-02
  4.5608800e-02
  4.5433745e-02
  3.7242072e-03
 -4.0441961e-03
 -1.1453360e-02
 -1.9020559e-02
  1.0459622e-02
  3.7870754e-04
 -7.9238969e-01
 -5.6673381e-02
  1.2122536e-02
  8.7284353e-03
  4.3495711e-02
  5.4046442e-03
  2.2432436e-03
 -1.8608296e-02
  2.9826503e-02
  5.2629444e-03
 -2.2054108e-02
  1.7594846e-02
  1.3289704e-03
 -3.0900666e-02
 -9.8514266e-04
  1.1392716e-02
  1.3161736e-02
  2.6202573e-02
  2.4063908e-03
 -8.2729124e-03
  1.0938419e-02
 -1.0177262e-02
 -9.7967149e-04
 -2.7003814e-02
 -1.4265254e-02
 -9.2505552e-03
 -1.6952051e-02
  7.1960583e-02
 -4.0350831e-01
  1.2522280e+00
 -1.7235146e+00
 -2.4508290e+00
 -2.6411289e-02
  7.3475186e-03
  1.9830266e-01
  2.1944609e-01
  1.1508433e-02
  2.0508359e-03
 -2.6048819e-02
  7.8435266e-01
  8.8731039e-01
  5.3411674e-02
  3.1812987e-01
  1.3484734e-02
  8.7465227e-02
  1.8066373e-02
 -3.2470638e-03
  2.9731655e-02
  2.0873971e-02
  3.7610617e-02
  2.1508461e-01
  6.0286617e-01
 -1.9547662e-01
  1.6314095e-03
  7.6802927e-03
 -2.3817159e-02
 -3.1914048e-02
  7.6427348e-02
  4.6425086e-02
  3.7135294e-01
  1.4004818e-01
 -3.6845550e-01
  8.5491192e-01
  2.3038983e-01
  4.7906464e-01
 -2.6500469e-01
 -3.8536210e-02
 -3.9083028e-01
 -5.9572768e-01
 -3.4034455e-01
  1.0970771e+00
 -2.5079185e-01
 -2.1240146e-01
  2.9885772e-01
  3.0754396e-01
  1.1180650e+00
  1.8448880e-01
 -8.9681631e-01
 -8.4336195e-03
 -5.1356101e-01
  8.0589175e-01
 -7.6529711e-01
 -6.6582650e-01
 -1.0609760e-01
  3.5898067e-02
 -8.6357944e-02
  1.6315152e-03
  2.1413745e-01
 -2.6445255e-01
  2.5503788e-02
  2.3314692e-01
 -5.7296555e-02
  4.6566457e-01
 -1.9267871e+00
 -5.3646930e-02
 -2.0431024e-03
  2.2714414e-02
  4.1199211e-02
 -3.8778611e-02
 -1.5675576e-02
  8.3067138e-03
  4.3509835e-03
  7.2956875e-02
 -9.5309518e-02
 -7.9576388e-02
 -3.8810840e-01
 -2.1244970e-01
  3.0637951e+00
 -2.1905418e-02
  1.2804541e-02
  3.8987480e-02
  7.2516561e-02
  3.0654015e-02
 -3.0560780e-03
  2.1175763e-02
  6.6663437e-02
  3.8347328e-03
  1.3552448e-01
 -2.0316560e-02
 -1.1243854e-02
 -1.2542507e-01
  4.8158527e-03
 -6.4685047e-01
  1.0009208e-02
 -1.8301215e-02
 -1.0250449e-02
 -6.5625482e-03
 -2.3531450e-02
 -2.6859198e-04
  1.9602098e-03
 -1.2541974e-02
  7.4605350e-03
  9.7293109e-03
 -1.2487065e-04
  6.5178005e-03
  1.3213400e-03
 -7.9805544e-04
  5.8933236e-03
 -1.6747965e-02
 -1.3363658e-02
  1.4216445e-03
 -5.3371470e-02
 -2.0467369e-02
  1.4780191e-02
  5.9982492e-03
 -4.8624864e-03
 -4.0688680e-04
 -1.8520434e-04
 -4.0347725e-02
  1.4815366e-01
 -5.6716228e-01
 -1.9637150e-01
  4.0226404e-02
 -5.9826900e-03
  1.8048435e-02
 -1.0394746e-02
  5.1952661e-03
  5.3634755e-03
  5.2457359e-03
 -8.4772736e-02
  2.9389490e-03
 -7.1256491e-03
 -7.7312365e-03
 -1.4658203e-02
  1.3446212e-02
 -2.4782337e-04
 -3.3939119e-02
  1.8243509e-03
 -1.5373286e-03
  7.7192158e-02
 -1.4592583e-03
  1.1978514e-02
 -1.1770461e+00
  1.0644234e-01
 -4.5550562e-02
 -4.5090155e-03
  2.7054181e-02
 -1.3595349e-02
 -4.7504110e-03
  7.0101246e-02
  2.0556854e-01
 -8.1195735e-04
 -4.7214979e-01
  1.2543957e-02
 -1.2413671e-03
  2.3668413e-03
 -1.1776880e-02
 -1.9994657e-02
 -2.2743254e-03
 -2.2016760e-02
  3.3220802e-02
  7.0762336e-03
 -9.8946700e-03
  1.2676248e-02
  3.1480607e-02
 -1.2684813e-03
 -4.8512309e-03
  4.9296007e-03
 -1.6261103e-02
  1.2970136e-02
  1.9067740e-02
 -1.3814894e-02
  1.2476703e-02
  1.5520057e-02
 -1.5221281e-02
  1.2835069e-02
  4.2790561e-03
  7.3519102e-03
  1.1636487e-03
 -5.3207241e-03
 -3.8921800e-01
  2.7749863e-02
  5.9890252e-02
  1.2917043e-02
 -2.5677399e-03
 -2.6765810e-03
  9.0423021e-03
  7.7767917e-03
  2.0622000e-02
  2.6369947e-01
 -5.9614487e-02
 -1.5378443e-02
 -5.1109158e-03
 -5.6977365e-03
  7.1091235e-02
  2.9940398e-03
  3.7304468e-02
  6.7408248e-03
  9.1941003e-04
  4.0342375e-03
 -6.4044590e-03
 -6.5936386e-03
 -3.5609219e-02
  4.3947268e-03
  2.7746886e-02
  1.2085056e-02
 -2.9431393e-03
 -9.6757468e-03
  3.6021733e-01
  2.9281217e-01
 -2.4130717e-01
 -8.9357400e-01
 -4.5689616e-01
 -3.8071943e-04
 -1.3045596e-01
 -2.2938408e-05
 -1.9796821e-03
 -6.5683755e-03
 -2.4027193e-02
  2.4867795e-01
 -4.1780166e-02
 -2.9194169e-02
 -1.4168422e-02
  5.5963550e-02
 -3.3624392e-02
  2.7297312e-02
  2.2672528e-02
  7.4318504e-01
 -2.8849453e-02
  1.4781778e-02
 -7.1340837e-05
  5.0263160e-01
  1.8098561e+00
 -8.2068220e-03
 -2.3802334e-01
  6.1981641e-02
  5.7939915e-03
  3.7715271e-02
  5.2771801e-03
 -2.6123628e-03
  1.2747197e+00
 -2.8826916e-03
 -4.9449009e-04
  7.8388201e-03
 -8.3819162e-03
  9.0795839e-03
 -1.0837109e-02
  3.3226617e-02
 -1.5973976e-02
  5.0156951e-02
  1.6420472e-02
 -8.9898603e-03
 -3.0901661e-02
 -3.6666576e-02
  1.5760768e-02
 -1.3590001e-02
 -1.9770108e-02
 -1.5737632e-03
 -4.0646847e-02
 -1.9438451e-02
  3.0692131e-03
 -1.9958990e-03
 -3.6414422e-02
 -5.6979502e-06
  1.0045355e-03
  8.1445267e-03
 -1.9036146e-02
 -9.0828119e-03
 -3.7998047e-02
  1.6669704e-01
 -7.7540018e-02
  1.1192189e+00
 -1.2604149e-01
 -4.9639056e-03
  7.0523269e-02
  1.1208866e-01
  3.1590833e-05
  2.5628500e-03
  6.2541906e-03
  1.2220060e-02
  1.8750739e-01
  1.7627293e-01
  3.9047140e-01
 -5.8201011e-02
 -3.5406959e-01
 -2.1155755e-01
 -2.1502246e-01
 -6.3670628e-02
  1.4258997e-01
  1.5854162e-01
  5.2093309e-01
  9.3561625e-01
  3.0103686e-01
  2.0271945e-03
  2.5864565e-01
 -1.0243222e-02
 -4.0268959e-03
  1.4342098e-02
 -6.2902160e-02
  7.7952705e-02
  1.4387283e-01
 -1.9482356e-01
  1.0816836e-01
  1.6451333e-02
  1.7613230e-02
  1.6204216e-01
  2.6747754e-01
  3.4838323e-03
 -3.3974573e-02
  2.5349677e-01
  6.4175487e-01
  9.1553414e-01
  1.3391249e-02
 -3.2490324e-02
 -3.3786628e-01
  1.3765484e-01
  6.7360151e-01
 -3.1817800e-01
 -1.0203991e-02
  1.0963591e-01
  1.7942937e-02
  1.8533511e-01
  2.4152840e-02
  3.5966584e-03
  7.9853190e-03
  5.1433835e-02
 -2.8179444e-02
 -2.2374235e-02
  1.9050227e-02
  1.7546397e-01
  4.4666135e-01
 -5.6264456e-02
  4.6119156e-01
 -1.6965423e-02
  1.3034425e-03
 -4.0367439e-02
 -8.0763560e-04
  3.9394908e-03
  1.2898559e-02
 -1.2813124e-02
 -1.0279033e-01
 -2.6832540e-02
  4.6432023e-03
  1.1886866e-02
 -3.5572883e-02
  1.6230773e-02
  2.1712868e-02
 -1.1663552e-02
  4.9405888e-02
 -1.0722812e-02
  8.5375813e-04
  1.4138435e-02
  5.9754573e-02
 -2.4273847e-03
 -4.0172383e-02
 -4.5266050e-01
 -1.6062610e-02
 -1.7350160e-02
 -1.5303532e-03
  1.3556874e-03
  5.9675747e-01
  1.8981919e-02
 -3.4124631e-02
  1.0062079e-02
 -8.5977074e-03
  5.4185572e-03
  1.0134184e+00
 -6.0618715e-03
  2.2326026e-03
  1.9412616e-02
 -3.7160486e-03
 -2.4620119e-02
 -5.9515224e-03
  7.5424503e-04
 -1.5937936e-02
 -1.6405785e-02
  3.3320520e-02
  6.4321114e-03
 -1.4023336e-02
  3.9885327e-02
 -5.2244556e-01
 -3.3651120e-03
 -2.7827434e-02
 -1.3576473e-02
  3.7682909e-03
 -4.9972804e-03
  2.9044980e-03
 -9.5705818e-03
  5.1592499e-02
 -2.7932804e-03
 -4.4823867e-01
  1.8834169e-01
 -7.7648747e-01
 -2.4581587e-02
  1.5111492e-02
  9.9127265e-03
  5.6842554e-02
 -1.7209252e-02
 -1.5784075e-02
  2.2971502e-02
  1.0758841e-02
  4.8047565e-02
 -4.1171744e-02
  1.0632010e-01
 -2.2053595e-01
 -1.9025037e-02
  2.8238727e-02
  5.4539084e-03
 -6.0921088e-02
  5.8083641e-03
 -2.1858916e-02
 -8.2125841e-03
 -5.0814874e-03
 -1.3145577e-02
  6.0384758e-03
 -8.8172953e-04
 -2.9754600e-02
  2.6830513e-02
 -4.2231512e-01
 -9.5152877e-02
 -3.2475686e-01
  5.9794195e-02
 -7.0015323e-01
  1.0917799e-02
  6.5774858e-02
  8.6280964e-02
  2.4640026e-02
  1.4549737e-03
 -2.9150747e-02
  3.3790206e-03
  3.9909431e-03
  1.5480919e-01
 -1.1474510e-02
 -1.1991645e-02
  2.8100064e-02
 -6.1004885e-02
  1.3704579e-01
  1.6181318e-03
  1.4115083e-02
  3.5360325e-02
  1.1842421e-02
  2.4136078e-01
  2.9378008e-02
  3.6429446e-02
  1.9729641e-01
 -3.3417862e-04
 -1.7611595e-02
 -2.1875381e-02
 -5.5956751e-01
  3.7070179e-01
  6.9631529e-01
  1.8871529e+00
 -2.5408146e-01
  4.8302945e-02
  1.6999044e-02
  1.9205224e-03
  3.0094855e-03
  2.6135087e-01
  5.2572894e-01
  1.7963693e-01
 -1.5893216e-01
  8.2754344e-04
 -7.5357956e-01
 -1.1471125e-01
 -3.7071964e-01
  2.3989166e-01
 -6.0700700e-03
  4.8788962e-01
 -2.7613595e-01
  9.0045077e-01
 -5.6684107e-01
  1.5280004e-01
  5.4188985e-01
  9.3797207e-02
 -9.8710850e-02
  3.1070553e-03
 -4.5357007e-03
  1.2123721e-01
  6.6041313e-05
  5.3255307e-03
  1.5491673e-03
  3.7520381e-03
 -5.8097634e-02
  1.0614911e-03
 -2.1788400e-02
 -1.4466735e-02
 -2.3148858e-03
 -3.2251091e-03
 -2.0070804e-02
 -1.2158004e-03
 -1.3444309e-02
  4.4327518e-03
 -4.4742264e-04
 -1.1803674e-02
 -4.0352147e-02
 -7.2755545e-02
  3.8642031e-03
  1.9414311e-02
 -2.4005394e-02
 -3.1465087e-03
 -7.1157706e-03
  1.7912716e-02
  1.7206419e-02
  3.9785756e-03
  2.7513774e-03
 -2.3204959e-03
  3.5471860e-01
  1.2456572e-02
 -2.1931624e-01
  4.1219571e-01
  1.6445067e+00
  3.5543486e-01
 -6.1109394e-01
  4.6823796e-02
  1.2072804e-01
 -3.6998320e-02
  5.1211985e-03
  1.5948120e-01
 -3.5074762e-01
  4.2548850e-02
  1.5887724e-01
  2.5350884e-01
  2.9158235e-01
  1.6775867e-02
 -2.8789574e-02
 -2.4654102e-03
  2.8785942e-03
  9.4015030e-03
 -1.1718879e-03
 -5.7126163e-03
 -8.8366914e-01
  5.2684492e-01
  3.0527240e-01
 -8.0130625e-01
  1.3772468e-01
  1.4032388e-01
  2.1020842e-03
 -7.5561911e-02
  1.2814221e-01
 -2.2847812e-01
  6.8413383e-01
  1.3362207e-02
 -1.0045930e+00
  2.5395823e-01
  5.8087893e-03
 -2.3546079e-01
 -3.0731559e-03
 -4.9600899e-01
  1.5935707e-01
 -5.1099032e-01
 -2.0084495e-02
 -6.0587364e-01
  7.5962943e-01
  8.3913052e-01
 -9.9390173e-01
  2.3719216e-02
  6.8954980e-01
  2.4357574e-01
 -4.2383981e-01
 -4.1327782e-02
  1.2734994e+00
 -3.3343181e-01
 -7.4143142e-01
 -8.5565902e-02
  1.2730327e-01
  5.5137400e-02
 -2.2855766e-01
 -3.8024902e-02
 -9.1683316e-01
 -6.1055750e-02
  6.9835478e-01
  6.1508530e-01
 -2.5718069e-01
  6.3693798e-03
  7.9794973e-01
 -8.4732719e-02
 -2.0604624e-01
 -7.1902797e-02
  1.8658568e+00
 -1.5266279e-02
 -1.6583067e+00
  7.6441532e-01
 -6.4005715e-01
 -6.5222760e-03
  4.4489473e-01
 -3.5028588e-02
  4.1503900e-01
  1.1248057e+00
 -8.0813542e-02
  4.4523603e-01
 -7.5114585e-02
  4.1627499e-01
  8.3953794e-03
  2.9004443e-01
 -3.6796208e-02
  1.4240949e+00
  1.1070972e-02
  7.7124333e-01
  1.0947237e-01
  1.2233149e-01
  2.5464410e-01
 -1.5238990e-01
  2.9160425e-01
 -1.7173852e+00
 -6.7805521e-02
 -7.7914077e-01
  3.5793629e-01
 -3.4139869e+00
 -1.0404713e+00
  1.7383997e-01
 -1.9739792e-02
  2.2283483e-01
 -7.3745495e-01
 -5.7756698e-01
 -2.2394731e+00
 -4.1947344e-01
 -2.0271334e-01
 -3.8852376e-01
 -7.4514472e-01
  3.5809982e-01
  1.2948097e+00
 -2.7457595e-01
  7.6062870e-01
  1.4404118e-01
  1.2550508e+00
 -5.8397289e-02
 -3.2930070e-01
  1.6081828e-01
 -1.2976009e+00
  1.0863539e+00
 -1.4056417e+00
 -1.3909538e-01
  2.1360128e+00
 -9.2940085e-02
  1.9265206e-01
  1.0034127e+00
  8.7572545e-01
  1.3141090e-01
 -1.7358119e+00
  8.4773131e-02
  3.4555620e-01
 -1.4438866e+00
 -1.1530703e+00
 -1.8121275e-01
  1.4114310e+00
  2.8120970e-02
 -2.6257592e-01
  4.5436192e-01
  9.2746365e-01
 -7.5173450e-01
  5.5656636e-01
  3.4221491e-01
 -1.4032738e-01
 -2.0331957e+00
 -9.2831481e-01
  2.3977468e+00
 -6.9368361e-03
  2.2389097e+00
  3.7791532e-02
 -3.7689604e-02
  3.9833251e-02
 -2.2777614e-01
  1.3171766e+00
  2.6880999e-04
 -4.8123572e-02
  2.7030618e-03
  2.6005819e-02
 -2.4878806e-02
 -6.8153744e-04
  2.0829277e-02
 -2.1370552e-02
  2.3443899e-03
  1.5161355e-02
 -7.5016501e-03
  2.1789703e-03
  2.4308453e-03
 -9.7545376e-03
  8.5905325e-03
 -2.7278170e-02
 -1.3725268e-02
 -2.6929874e-02
  1.1571957e-03
  1.2602129e-03
 -4.7295606e-03
  7.5472160e-03
 -5.6686103e-02
  9.5851179e-03
  1.7714603e-02
  4.9281111e-01
  2.1196930e-01
  6.4751455e-03
  2.1653998e-01
 -5.3712863e-02
 -5.3687084e-02
 -1.0814861e-01
  1.8112032e-03
 -4.0042903e-02
 -2.5618363e-02
 -3.0588556e-02
 -2.4087425e-02
 -6.7290654e-03
 -2.2897089e-02
 -8.5587911e-03
 -4.1502503e-01
  4.0334528e-03
 -8.1553377e-02
 -6.0514635e-01
 -2.3225011e-02
 -4.7141153e-02
 -5.1961644e-03
  1.1574577e-04
  7.2847572e-03
  3.2216434e-03
 -1.8217579e-02
  6.4090312e-02
  1.0295493e-03
  6.4052194e-01
  7.3429599e-02
  5.3992897e-01
 -2.9449385e-02
 -8.8874130e-03
 -4.3335832e-03
  2.0880301e-02
  3.8139809e-02
 -4.0442399e-03
  4.0626369e-02
 -7.0107863e-03
 -2.4778184e-03
  5.9646075e-03
 -6.2724382e-02
 -1.1754612e-02
  6.2121581e-02
 -2.2930565e-01
  4.7958349e-03
  4.1491080e-02
  1.8855295e-01
 -5.7413045e-02
  1.0831350e-02
 -1.2158350e-02
 -1.6734160e-02
 -3.9539002e-02
 -2.8606620e-02
 -5.1933430e-02
  5.8376882e-03
  3.8336772e-02
  1.8498663e-02
  4.7801319e-03
 -2.0402637e+00
 -2.7071965e-01
  3.5049461e-02
  4.0558764e-01
 -4.2881364e-01
 -4.4140509e-01
 -6.1357152e-01
 -9.1184601e-02
 -6.3148052e-01
  1.2842175e-01
 -1.1994799e-03
 -3.5796529e-01
 -1.6952412e-01
  6.5777153e-01
 -1.7589113e-01
 -2.3059241e-02
 -5.4519469e-01
 -7.0141423e-01
  1.9423492e-02
  1.7060168e-01
  3.1400990e-01
 -8.8493836e-01
 -4.1148022e-02
  2.1094456e-02
 -3.0089501e-02
  2.8045317e-02
  2.8872062e-03
  5.2658450e-02
  8.6873233e-02
 -1.7728964e-02
  3.6173899e-02
 -7.3629928e-01
 -3.6089224e-01
  1.5494198e-02
 -9.3392499e-02
 -5.5682495e-02
 -9.9558759e-01
 -7.2657941e-03
 -3.3546439e-03
  2.7958259e-03
 -1.0749940e-02
 -1.1201444e-02
  3.4727342e-02
 -2.3851399e-01
 -1.2214503e-01
  5.9882551e-03
 -1.3977014e+00
  6.9130069e-01
 -2.6547810e-01
  1.8129440e-03
 -6.1740656e-03
 -3.1483125e-02
 -6.1193663e-03
  6.3084364e-03
  2.4616677e-02
 -7.3935981e-03
  3.1295720e-02
  1.0346023e-02
 -4.0384416e-02
 -6.3656471e-03
  2.1152417e-03
  1.1313591e-01
  1.1204105e-02
  5.1711905e-01
  6.3650779e-02
  1.1053954e-03
 -1.6074495e-03
  1.1439140e-01
 -3.0867577e-02
  1.0270463e-02
 -4.8912738e-02
  6.4522554e-03
  2.3506235e-02
  3.7205813e-03
 -3.4779070e-03
 -3.2089520e-02
 -1.4051292e-02
  2.8045880e-02
 -3.4903891e-03
  4.4565212e-02
  8.2855178e-03
  2.2709904e-02
  2.7206191e-01
  3.1756658e-02
 -3.6236044e-02
  3.4059626e-03
 -8.1549875e-02
 -4.2142752e-03
  1.5827762e-02
  6.6197440e-02
 -1.9128693e-02
  1.9685217e+00
 -4.8306906e-01
  1.3699378e+00
 -6.4562446e-01
 -5.5125207e-01
 -6.7286664e-01
  2.6397722e+00
 -7.0805222e-01
 -3.0348025e-02
 -3.1026838e-02
 -6.2811278e-02
 -3.7733853e-02
 -8.4594578e-02
 -2.0993139e-01
  7.7091078e-03
  1.4637663e+00
 -5.1334035e-02
 -1.0429167e+00
 -4.3175765e-03
 -2.0748740e-02
  2.4340045e-02
  2.6038161e-01
 -5.2870661e-01
 -4.7862125e-03
  5.0638611e-03
 -4.1451943e-03
  6.8509273e-02
 -2.9451642e-03
  1.7652018e-02
  1.8096076e-02
  3.1038926e+00
 -9.6837920e-01
  2.6635440e-02
 -7.3630303e-01
  1.7574346e-01
 -5.7298369e-03
 -2.1243151e-01
 -4.1039153e-03
 -2.5546882e-01
  3.5269804e-02
 -1.2302146e+00
 -3.9573903e-03
  1.6496805e-02
 -5.6820238e-01
 -1.2376250e-03
  7.1063600e-02
  2.9130142e-02
 -1.8061260e-02
 -1.2213955e-01
  3.0589474e-02
  2.1672171e-02
  2.2635002e-02
 -5.7333289e-03
 -5.4976076e-02
 -5.4012965e-02
 -1.0628825e-02
 -5.6425431e-03
  7.5549469e-03
 -3.9381396e-02
  6.5916213e-03
 -4.1936076e-01
  6.0284650e-03
 -2.3877203e-02
  5.4928714e-01
  1.1352809e-03
  4.2584323e-04
  2.4604534e-03
  2.0078097e-02
 -1.9527888e-02
 -9.3704611e-03
 -3.5309713e-02
 -3.6134548e-02
 -2.6559940e-04
 -6.2905594e-05
 -1.3503219e-01
 -1.0558275e-02
  3.3090718e-02
  5.6128029e-02
  8.4743472e-03
 -1.6112935e-02
 -3.7221916e-02
 -1.2166456e-02
 -1.0747510e-02
 -7.3118820e-03
 -3.4052048e-02
  3.0377388e-02
 -2.2309803e-04
  2.1704689e-03
 -1.8000066e-02
 -1.7583121e-02
 -1.5768353e-03
 -2.0265058e-03
 -1.3918195e-02
 -3.5222019e-03
  2.3190638e-02
 -5.2823760e-03
 -1.0833928e-02
  2.7016297e-03
  5.1847160e-02
  1.4025812e-02
  6.2373304e-03
 -7.7448688e-03
  9.5995655e-03
  2.5694943e-03
  1.7658606e-02
 -7.0234751e-03
  9.7395834e-03
 -1.0059564e-02
 -2.9701542e-02
  5.0648883e-02
  2.2767659e-03
  5.8937017e-03
  3.0033893e-03
  6.6274311e-04
 -4.2906003e-03
 -1.2472730e-02
 -3.0292867e-02
  1.0259349e-02
  2.7609903e-01
 -1.8678416e+00
  1.6465943e-02
  1.1126735e-02
  8.0318535e-03
  4.6210834e-03
 -8.1163803e-03
  2.3536392e-02
 -3.4252889e-02
  4.3187793e-02
  4.4093104e-03
 -1.2982420e-02
  7.3412614e-04
  2.1080604e-02
 -2.3911304e-03
 -8.3371541e-03
  1.9282799e-02
 -9.3648164e-03
  1.4337000e-02
 -7.6722149e-03
  4.6965419e-03
  1.2064297e-02
  7.5944285e-03
 -2.6273569e-02
 -1.1953835e-02
 -9.8393522e-03
 -1.0841009e-02
  2.6799679e-02
 -3.7520403e-01
 -1.5533229e-02
  8.4281098e-03
 -6.6154223e-04
  1.9689107e+00
  1.6130848e+00
  4.5295913e-02
  1.1648378e+00
 -2.7421522e-01
 -2.2970982e-02
  1.0194357e-02
 -6.4045647e-03
 -3.0298305e-03
 -9.2531636e-04
  9.6377835e-02
 -1.6960725e-02
  8.2475990e-03
 -1.1413855e-02
  1.8274043e-02
  1.6490763e-02
  4.6870947e-02
  1.0660940e-01
  9.5291352e-03
  2.4484517e-03
 -2.8208168e-03
  4.8777483e-02
 -3.9756518e-02
 -4.9247604e-02
 -1.0797598e-02
 -1.0825170e-01
  1.5977622e-03
 -9.4757825e-03
 -1.4143449e-02
  8.5446518e-04
 -5.0116187e-01
  1.1049328e+00
 -9.5878428e-01
  1.0227066e+00
 -3.0225629e-01
  2.6864520e-01
  1.7659721e-01
  3.7813524e-03
  4.1388899e-02
 -2.1601815e-02
 -9.1880532e-03
  7.3763788e-02
  6.5219063e-01
 -3.7957525e-01
  4.8486066e-01
  6.1908718e-02
  9.8628001e-03
  2.0095612e-01
  3.9924118e-01
  1.1461648e-01
  3.1947595e-01
  3.6357529e-02
  4.0019730e-01
  8.1821745e-03
  8.7677520e-03
  1.4585454e-02
  5.4140255e-02
 -1.8912965e-03
  5.9133407e-02
  6.8215609e-02
  5.1259346e-02
  1.4987274e-01
 -1.5153563e-02
  1.8490020e+00
  7.3772385e-03
  5.8516948e-03
 -8.1626587e-02
  3.6965855e-03
  1.8822727e-03
  3.6077175e-02
  1.9957608e-02
  3.3968496e-03
 -5.1847942e-02
  2.5102776e-03
 -4.3635024e-03
 -4.3637538e-03
  1.1269984e-02
 -3.2851032e-03
 -4.7734130e-02
  6.9571128e-03
  2.8360585e-02
  7.8550085e-02
  4.6878816e-03
 -2.2292743e-02
 -3.6824927e-02
  4.1296324e-03
 -3.6120459e-02
 -1.2260196e-02
  3.7246726e-03
 -2.3257811e-02
  5.2730036e-01
  1.0453283e+00
 -1.0365275e-01
 -1.0337205e+00
 -1.9838704e-01
 -1.0044775e+00
  1.3228001e-02
  1.1000230e+00
  7.8186728e-03
  1.0462240e-01
  5.1959193e-01
  1.2149993e-02
  2.3529690e-02
  2.2426233e-01
  8.7552220e-02
 -2.4221132e-03
  3.5146025e-01
 -5.3463703e-01
 -4.3716762e-02
 -2.3981549e-03
 -1.8426518e-01
  1.1394321e-03
  5.1045701e-02
 -5.7099295e-01
 -7.7698883e-03
 -4.9264096e-02
  8.0510385e-02
  1.9841981e-03
  1.2760117e-02
  8.4841503e-03
 -2.4151278e-03
 -1.8437121e-02
 -7.9760119e-02
 -9.3390963e-06
 -1.0536673e-04
  1.9520905e-02
  3.2296588e-03
 -4.9318969e-02
 -8.7023512e-02
 -3.0476235e-02
 -7.9114363e-04
  1.3185132e-02
  2.6423452e-02
  1.0382855e-02
  2.0787721e-02
  6.1703447e-02
 -1.4625521e-01
 -3.3232711e-02
  7.0232264e-04
 -4.3758441e-02
  6.1933724e-03
 -1.5235791e-03
 -3.1108366e-02
 -4.2608675e-02
 -2.0423712e-02
  2.8896632e-03
 -2.5343344e-01
 -5.2284757e-03
 -8.3846208e-03
 -6.7929337e-03
  5.3535807e-01
 -7.7695107e-01
  3.1777501e-02
  3.3037791e-01
  9.6043674e-03
  1.4850454e-01
 -1.9162585e-04
  2.4197500e-03
  1.4570290e-02
 -3.7051539e-03
 -8.6737219e-03
  1.6821992e-02
  3.1546917e-02
 -5.8192905e-02
 -4.5457806e-02
 -4.4475281e-01
  6.2136337e-02
 -5.6750434e-03
 -3.0518251e-03
  2.2513680e-03
 -1.0909102e-02
  5.4433543e-02
  2.3641916e-02
  1.0700330e-02
 -8.7482389e-03
 -1.4732901e-02
 -7.1375845e-03
 -1.9338164e-02
  6.2289904e-03
  2.9108580e-03
 -4.2292243e-01
 -3.3459666e-01
  1.9495109e+00
 -2.3097232e-01
  5.5211526e-01
  4.5489103e-02
 -5.3110935e-02
  1.4532387e+00
  1.0289756e+00
  4.3212512e-01
 -3.3592008e-02
 -1.8021662e-02
  1.2308447e+00
  1.6858543e-01
  7.7864420e-01
 -5.1131856e-01
 -1.5882596e+00
  3.1062744e+00
  5.2634932e-02
  1.4167440e-01
  2.8448329e+00
  2.1948221e-01
  8.2625318e-01
  2.8241479e-01
  2.5285931e-02
  3.6406294e-01
  4.6499053e-01
  8.7062478e-01
 -2.8144129e-02
 -5.7175672e-03
  4.3699518e-01
  5.1022279e-01
 -1.0767421e-02
  8.9656782e-01
  3.0221346e-01
  9.3705945e-02
  8.0781646e-02
 -4.5623048e-03
 -8.9112800e-03
  1.5267958e-02
 -8.6182775e-03
 -4.5352103e-03
  1.1875447e-02
  1.1928324e-01
  1.0884103e-02
  4.0192425e-01
  1.9705566e-03
  1.2469703e-02
 -5.2022848e-02
 -4.2913336e-02
  1.0079876e-01
 -1.0812222e-01
 -2.3449410e-02
  9.0210084e-03
 -5.5246265e-03
  3.6725596e-02
 -6.5277303e-03
 -2.1604046e-02
 -3.0969981e-02
  2.1590366e+00
  3.2214609e-03
  1.6490458e-02
  8.1823580e-04
  4.9299359e-01
  2.5176564e-02
 -1.3900042e+00
 -1.1770342e-02
  2.8033386e-04
 -4.6188880e-02
 -3.4279745e-02
 -2.2868600e-03
  2.3681440e-03
 -1.4861407e-02
  2.5640178e-02
  6.8478044e-03
 -2.3269208e-02
 -1.0432234e-01
 -4.3630424e-01
  9.1416817e-03
 -7.3538283e-03
  2.7170345e-02
  2.1766191e+00
 -1.1081371e-02
 -3.1147930e-03
  4.1668612e-04
  2.5867470e-02
 -3.3696022e-02
 -2.2096453e-02
  2.1381659e-02
 -1.5836293e-02
 -1.0177788e+00
  2.5706613e-01
  1.8925425e-01
  1.5494094e+00
  2.5030158e-02
 -1.3162878e+00
 -1.6662832e-02
 -2.4481202e-02
 -5.8318279e-03
 -1.7844325e-02
  1.4069886e-03
 -9.1014784e-03
 -6.9328165e-03
  2.7700338e-01
  1.5193152e-01
  7.1834236e-02
 -1.8053574e-02
  5.0795060e-01
  1.4266046e-02
 -8.4850341e-02
 -4.2617485e-02
  1.7865624e-02
 -5.1229296e-04
  4.1653509e-03
  5.6633327e-02
 -2.7513199e-03
 -4.7197588e-02
  1.2681119e-02
  3.4885153e-02
  4.5668003e-03
  1.8838440e+00
  7.3180355e-02
 -3.7223750e-03
  1.1027987e+00
 -7.0911935e-03
  1.8099876e-02
 -8.2109310e-02
  3.7199515e-03
  2.3172809e-02
  1.7646125e-02
  1.8075792e-01
  1.5022775e-02
 -8.8271396e-03
 -3.3006791e-02
  2.3865749e-03
  2.7027577e-02
 -2.7069291e-02
 -6.1653852e-03
 -2.5192896e-02
 -2.7429124e-02
  4.1825753e-01
  1.9760253e-02
 -1.1866663e-02
  6.7173527e-03
  7.4109859e-03
 -1.7311476e-02
 -2.2007706e-02
  7.4057514e-03
  2.6421798e-02
 -1.2969608e-02
 -4.4075340e-01
 -1.6672212e-01
  5.7587636e-01
 -7.4818790e-02
  2.3378923e+00
  2.7143368e-01
  3.3548215e-01
  1.0241677e-02
  1.0025336e+00
  4.9441721e-02
  5.7283056e-01
 -5.8896154e-01
  1.0513909e+00
  1.7290382e+00
  2.8854567e-01
 -1.8937927e-01
 -7.9352170e-01
  2.5337266e-02
  3.2327227e-02
 -8.8086319e-01
  1.6817585e+00
 -2.3815981e-01
  2.0120595e+00
  5.3106916e-01
  1.5209543e+00
 -9.0575492e-01
 -7.1301770e-01
  2.4001718e-01
 -4.4217678e-03
  5.0115317e-02
 -4.2396179e-01
 -7.7304388e-03
 -3.8234580e-02
  6.7771101e-01
  1.4497411e+00
 -3.8414416e-01
 -2.2218077e-02
 -9.5578879e-01
 -1.5247811e-01
 -5.2726734e-03
 -5.2144337e-02
  5.6256922e-03
 -4.0820148e-02
 -2.6066098e-02
 -3.1581767e-02
 -1.0250903e-01
  6.6173479e-02
 -1.1225669e-02
 -1.2371591e-02
 -2.6155190e-04
 -1.3664612e-01
 -3.9921375e-03
 -5.0315685e-03
  3.2710437e-02
  9.8292537e-02
  3.4200322e-02
 -7.1703807e-02
 -1.9173348e-02
 -3.0361407e-02
  7.3585838e-01
 -1.3109394e+00
  2.7226161e-02
  3.0243585e-03
  2.7953559e-01
 -4.2307112e-02
 -1.2904320e-02
  3.5272045e-03
 -1.4012986e-02
  2.5333839e-02
  5.7531102e-03
  3.0398427e-03
 -7.0464276e-02
 -2.3744435e-03
 -8.9740045e-03
  4.0600958e-01
 -4.9196575e-02
  5.6367451e-03
 -9.0162344e-02
  3.4885060e-03
  2.5941493e-02
 -7.8821712e-04
  1.4969619e-02
 -1.9157551e-02
 -3.8097706e-02
  6.4879730e-03
  1.4083729e-04
 -6.8907659e-03
 -1.4023822e-02
 -8.4661944e-03
 -1.0098013e+00
  3.7334859e-01
  1.8698867e-01
  7.9679728e-04
 -1.0090756e+00
 -2.6462957e-01
 -3.4261726e-02
  1.6343778e-02
 -4.5887238e-01
 -1.3112961e+00
  2.3096630e-02
  5.4320937e-01
 -3.0516365e-01
 -6.1362815e-01
 -1.3519498e+00
  1.3642800e-02
 -2.3845461e-01
  5.4474992e-01
 -6.8262255e-01
 -7.4815917e-01
 -8.9905761e-02
  3.4763640e-01
 -1.6209351e+00
 -1.9134077e+00
  3.0484816e-01
 -8.6865133e-01
 -8.1878424e-02
 -6.7674845e-01
  1.2114666e-02
 -1.4956413e-03
 -2.2588551e-01
 -6.2715626e-01
  1.9092881e-03
  2.8299575e-03
  7.2248471e-01
  2.7624097e-02
  1.1368567e-01
  4.1274272e-02
 -8.6414982e-03
  1.3283283e+00
  1.1609956e-02
  2.0804328e-03
  2.6419127e-02
 -4.1000526e-02
 -2.0038564e-02
 -1.2053664e-04
  6.4690746e-02
  9.0048136e-03
  1.3095021e-01
 -1.9537332e-03
 -2.6434815e-02
  3.3297129e-02
 -1.4561988e-02
 -1.2090011e-02
 -1.2968895e-02
  5.8617856e-02
  3.3717975e-02
 -2.5730057e-02
  1.8381269e-01
  3.2126144e-02
  2.3405828e-02
  3.7555721e-01
 -1.8090580e+00
  7.7830195e-02
 -3.9144704e-01
 -2.1648563e-03
 -4.3469182e-01
 -1.6425969e-01
  9.4839381e-03
 -1.6319884e-02
  1.1415481e-01
 -7.0897606e-03
  3.6952319e-03
  1.4533916e-02
  6.3652401e-03
 -6.7308079e-03
  9.0033363e-04
 -2.9705360e-03
  3.7527888e-03
  2.2056658e-02
  1.1588038e-02
 -5.4910198e-02
  2.3289027e-03
 -9.0024341e-03
 -1.3777767e-01
  4.0448746e-03
  2.2506049e-02
  1.3291150e-02
  9.4082505e-03
 -2.9208189e-02
  6.0624694e-03
 -1.1182467e+00
  2.9061198e+00
 -7.2707400e-02
  5.6991422e-01
  1.0225488e-02
 -1.5352963e-02
  2.6462166e-02
  4.0173467e-02
  5.8250304e-02
  8.8503147e-03
  1.4033847e-02
  5.3791836e-02
  1.4805164e-02
 -6.4726728e-03
 -2.0564239e-02
  8.0371192e-03
 -1.8191511e-02
  7.3969229e-03
  1.4088884e-02
 -4.4852912e-02
  1.3171387e-01
  3.8716368e-02
 -5.5414857e-03
 -1.1690439e-03
  3.6701078e-03
  2.1269772e-02
  4.1192081e-02
  3.4946524e-02
  1.8306458e-02
 -2.3067914e-02
 -1.3805131e+00
 -3.5548438e-03
 -1.8603750e-02
  1.6715551e-04
  4.9516871e-03
 -5.4332297e-03
  5.6309334e-04
  1.3061819e-03
 -1.2921114e-02
 -3.8018320e-02
 -3.5552864e-03
 -5.2701770e-03
  6.0510952e-03
 -6.1610732e-02
 -1.3753973e-02
 -2.6870493e-02
 -2.8180200e-01
 -1.2391813e-03
  6.8130490e-04
 -9.7537581e-03
 -3.6542013e-02
 -1.8090852e-02
 -2.0027213e-02
 -4.0984869e-02
  4.8381747e-03
  1.8527649e-02
 -1.0767871e-02
  2.6887250e-03
 -2.0648118e-02
  9.8343834e-04
 -2.3728496e-01
  7.0918268e-03
  1.5201217e-02
 -1.3328870e-02
 -3.1379096e-02
 -2.5727864e-02
 -1.2727024e-02
  6.8199234e-03
  9.6600773e-03
 -7.7012484e-03
  3.6078021e-02
  8.9086322e-03
 -1.8790772e-02
 -4.3065501e-03
  5.2007198e-02
 -5.2116033e-02
 -1.2909696e-02
 -4.7442775e-02
 -2.5620718e-02
  7.8896396e-03
 -5.3185044e-04
  5.0538876e-03
  2.2855131e-01
  6.4016818e-03
 -1.6861091e-03
 -8.1008207e-03
 -1.0326276e-04
 -1.4880951e-03
  3.6027396e-01
  1.9584170e-02
  8.3168060e-02
 -1.5021394e-01
 -1.4486719e+00
  3.7415731e-01
 -1.6199393e+00
  6.5016651e-01
 -2.8546926e-02
  2.7809298e-01
  1.8811446e-02
  1.4747024e-01
  4.1348848e-01
 -6.9605105e-02
  1.6190837e-01
 -5.4730796e-03
  2.7242515e-03
  3.4836042e-01
  3.7386873e-01
  1.9603882e-02
 -1.6777141e-02
 -4.9693990e-02
  2.1780920e-01
 -2.6109675e-03
  2.6347553e-02
 -2.7934235e-02
 -3.1505466e-02
 -8.7891340e-02
 -1.4289369e-02
  1.0112320e-02
  1.2812878e-02
 -2.1593567e-02
  9.3201041e-01
 -1.2790895e+00
  1.5088773e-01
 -2.4769294e+00
 -4.2418072e-01
  1.5535622e-02
 -1.0299853e-02
 -6.8918997e-01
 -1.0284773e-01
 -8.3088782e-03
 -9.1652438e-02
  3.9271157e-02
 -1.6196157e-01
 -3.9775223e-02
 -3.3701416e-02
  1.6066031e-01
  1.5849879e-02
 -2.9351658e-01
 -1.1508857e-01
  4.5069543e-04
 -3.8641587e-02
  8.5701205e-02
 -1.8168981e-01
 -3.2036182e-02
  1.2316759e-02
 -1.8395608e-02
  2.7782583e-01
 -1.1346178e-03
 -7.6199151e-03
  5.6978203e-03
 -2.9471567e-01
  2.2484078e+00
 -1.6187231e-01
  5.8927333e-01
 -5.2300118e-02
  2.4217446e-01
  5.3578921e-02
  8.1224144e-02
 -1.0191002e-03
 -1.8648425e-02
  1.2948196e-02
 -3.6085036e-03
 -1.6863920e-02
  2.4229744e-03
 -4.0820185e-02
 -1.1769614e-02
  1.7144566e-02
 -1.8879401e-02
 -6.3318741e-03
 -3.4183770e-02
  3.8866021e-02
 -9.1576939e-03
  3.2968484e-02
  3.5862282e-02
 -1.3334339e-03
 -5.7430523e-03
 -6.9231547e-02
  1.3999708e-02
  7.9666153e-03
  1.2032541e-02
  4.1517776e-01
 -1.2873685e+00
  7.5022322e-01
 -1.9420706e+00
 -1.0205296e+00
  8.0287963e-02
  5.8059986e-03
  6.4541870e-01
 -2.5083384e-01
 -5.8022873e-03
 -8.7276950e-02
  9.9990899e-03
 -8.3774261e-02
 -3.2346521e-02
  5.1875678e-03
  4.3364826e-01
 -7.0452420e-03
 -1.8726898e+00
 -5.3053010e-02
 -8.8291280e-02
 -1.5759689e-01
  1.1240696e-02
 -3.4236062e+00
 -6.6927271e-03
 -8.7939233e-02
  6.0195647e-02
  7.3946319e-03
  1.9901106e-02
 -2.1930817e-03
  1.0150410e-02
 -4.7193080e-02
 -2.6861427e-03
 -1.6479613e-03
 -4.3598395e-03
 -5.8798981e-03
 -3.2855738e-03
 -3.7374331e-03
 -4.2417731e-02
 -2.1679759e+00
 -2.2936292e-02
 -1.3884914e-02
 -2.4943734e-02
  6.2412275e-03
 -1.0284803e-02
  2.3305975e-02
 -1.1556599e-03
 -2.4599714e-02
  7.2192773e-03
 -2.9810676e-01
 -1.3817173e-02
 -8.3928751e-03
  2.2955883e-02
 -2.6404854e-02
 -7.4100508e-03
 -6.2120348e-02
  2.1148207e-02
  2.7266771e-01
  1.0839412e-03
  6.0449126e-03
 -1.2100030e-02
 -1.4044222e-03
  5.6305993e-02
 -1.2121342e-04
  1.2120028e-03
 -3.2045702e-03
  1.2956159e-03
  2.0793451e-02
 -7.3251491e-03
  1.6405273e-02
  2.1110911e-02
 -1.9007927e-03
  1.1512811e-02
 -5.4007210e-02
  1.1524444e-02
 -6.1901633e-02
  1.5747599e-01
  4.2294753e-03
 -5.1547112e-03
 -3.9754875e-02
 -4.2438223e-03
  2.2653168e-02
  1.0261222e-04
  5.0261855e-02
 -3.4593157e-02
 -6.9321200e-02
 -5.5898861e-03
  6.8913135e-03
  5.2470643e-02
 -1.0614526e-02
 -1.5898464e-02
  7.0601180e-02
  1.8457776e-02
  2.2822035e-02
  3.8991293e-01
  4.7091994e-01
  7.3077530e-03
 -1.8498965e-01
  7.0380002e-01
 -1.3711053e+00
  9.6166700e-01
 -4.7461432e-01
  2.5113153e-01
  1.9168200e+00
  4.2075843e-01
 -3.6822378e-03
  7.2409117e-01
  3.0688810e-01
  9.3642443e-01
  1.1635017e+00
  2.4196619e-01
 -1.0523129e-01
  2.9780644e-01
  1.3410473e-02
  1.5753798e-01
 -1.2924458e+00
 -4.1994423e-01
  6.0548741e-01
  1.9527017e-01
 -3.4036883e-03
 -7.8887539e-03
 -1.8712016e+00
  1.1231238e+00
  1.0812169e+00
  3.4479136e+00
  2.0254400e+00
  6.4729035e-01
  2.6963696e-01
 -7.1573961e-03
  3.8385266e-01
 -1.1459948e-02
  1.2347834e-02
  4.7710451e-04
  8.3594315e-02
  8.0975091e-01
 -1.2748829e-03
  4.9325415e-01
 -7.5429124e-01
  1.3185177e+00
  4.8887539e-01
  4.5038175e-02
 -7.4347913e-01
 -6.6901559e-01
  5.2481335e-02
 -1.4667691e-01
  4.1562504e-01
  1.4095895e-01
 -4.2961324e-03
  2.4074172e-03
  8.0995975e-05
 -1.9496046e-02
  2.7183283e-02
 -1.4081500e+00
  5.9841391e-02
  6.6427392e-01
 -8.5883223e-02
  6.7352247e-01
  9.8897638e-03
  7.7333701e-01
 -1.1766243e+00
 -5.1421799e-02
  1.3252195e-02
 -1.8879093e-02
  4.6882033e-02
 -5.7039473e-02
 -5.9577753e-04
 -8.4686987e-03
  2.1385916e-03
  2.6264575e-01
  3.7898456e-03
 -2.6726723e-02
 -1.3592356e-01
 -1.8176671e-02
 -1.5660578e-02
 -3.9604429e-02
  1.9110091e-02
 -3.2367746e-03
  2.6978180e-03
  5.6316527e-03
  2.1271424e-02
  7.1455948e-03
  1.6574407e+00
 -1.1797618e-02
 -1.2505460e-02
  7.3477030e-02
  6.8044756e-03
 -9.6868183e-03
 -7.4928333e-03
 -1.6304798e-02
 -2.1608455e-02
  4.3812995e-03
  6.8154298e-02
  1.1981951e-01
 -2.7234998e-04
 -1.3514184e-02
 -4.2621251e-02
 -7.3251939e-01
  2.9799998e-02
 -2.5989151e-02
 -2.5997624e-02
  9.8461755e-02
  4.8614271e-02
 -2.4050208e-02
  1.0355198e-02
 -6.1550822e-02
 -4.0567745e-02
 -4.4180933e-02
  7.2138116e-04
 -8.9942608e-03
  7.0846896e-04
  3.9255016e-02
 -1.0229710e+00
  5.4924089e-01
  1.8556328e-01
  2.3183115e-01
  3.3310398e-01
 -1.8301584e-01
 -2.5057076e-02
 -5.5588681e-02
  5.0779716e-03
  1.8724296e-02
 -9.0412682e-01
 -1.4531620e-02
 -2.7373078e-01
 -2.1577580e-01
  3.7772346e-03
 -1.6238563e-02
 -1.5170942e-01
 -2.3985131e-01
  8.0354568e-03
 -3.1169206e-03
 -2.2864258e+00
 -2.1557311e-02
  4.2433858e-02
 -4.8585091e-04
  5.6643640e-03
 -1.0760427e-02
  3.5378616e-02
  4.2434316e-02
 -2.3186969e-02
 -3.5797033e-02
  1.0098820e-02
 -6.9652898e-03
 -8.7711643e-03
  4.4875722e-03
 -2.5243222e-04
  1.2759590e-02
  1.8754175e-02
  1.0993175e-02
  3.0002734e-03
 -1.1796049e-02
 -2.6380115e-03
 -3.3862989e-02
  6.0822040e-02
  6.4048255e-03
  9.8912232e-02
  1.5820628e-02
 -9.3398001e-03
 -2.1033958e-03
 -6.7237420e-03
 -4.4737607e-03
 -3.9581591e-03
 -1.5725413e-02
  5.5620880e-03
 -3.9173659e-02
 -1.0733796e-01
 -4.1864678e-01
 -4.3525182e-02
  2.4099002e-02
  1.0922596e-02
  2.2562644e-02
 -3.0091869e-02
  6.7074150e-03
  7.6822001e-03
  6.7838479e-04
 -1.3033938e-02
 -6.6609308e-02
  1.8968004e-01
 -9.4240475e-03
  1.0403685e-02
 -3.7637660e-03
  3.5408814e-02
  5.8729583e-03
 -2.1723727e-02
 -2.1284220e-03
  1.1546193e-03
  1.1066412e-04
 -1.8514035e-02
  2.4629084e-02
  1.9048331e-02
 -4.3155035e-04
 -1.9371279e-02
 -9.2894537e-04
 -1.0917679e-02
 -4.8111305e-03
 -2.1574400e-02
 -6.2152124e-03
 -7.1954529e-04
 -1.3023064e-02
 -1.0789294e-01
  7.9661133e-03
 -2.8033854e-02
 -1.9683033e-02
  4.8825359e-03
 -2.3991911e-01
  5.7434712e-02
 -3.8499702e-03
  1.1783873e-02
 -3.4902894e-03
  2.5416892e-03
  2.4583044e-02
 -5.7250097e-02
 -2.0981326e-03
  1.4701921e-02
  6.7235637e-03
  2.0408735e-03
 -1.5304303e-02
 -2.3162097e-03
 -9.2651257e-03
  3.8737305e-02
 -2.2158967e-02
 -6.6973333e-04
 -3.3724003e-03
 -3.8891896e-03
 -3.8117211e-02
  3.2240476e-02
 -3.2815583e-02
 -1.9306529e-02
  7.0362128e-03
  3.3095300e-02
  1.0847604e-01
  1.1698706e+00
 -4.8128227e-03
 -7.3693129e-03
 -1.1327842e-04
  3.8039912e-02
 -7.0707025e-03
  2.9298952e-02
  6.6663913e-04
  4.9396895e-02
  1.1145422e-02
  1.0069959e-02
  1.0062872e-02
  2.2257036e-02
  1.7805689e-03
 -5.3311260e-03
 -6.1136577e-03
 -2.5064193e-03
 -1.6206080e-02
 -1.3778604e-03
 -3.9502338e-02
  3.2019306e-02
  1.9462954e-02
 -9.6898554e-03
 -1.9358272e-02
  6.6610049e-03
  3.8251613e-04
  9.9244679e-04
  2.1662651e-02
  9.6930557e-01
 -1.7437428e-02
  9.4097447e-01
  4.0557023e-02
  2.8434273e-02
 -1.1923265e+00
 -2.1217624e-02
  7.7000633e-02
  1.6498849e-02
  2.7112355e-05
  2.9727982e-02
  2.9930447e-03
 -5.0948150e-02
  4.7952342e-03
  4.5371380e-02
  2.3539932e-02
  1.2099319e-02
 -4.6230048e-02
  2.7247129e-02
  2.7558543e-02
  4.3494687e+00
 -2.3808335e-03
 -3.9012913e-02
 -1.2824105e-02
 -1.0778875e-02
 -3.2146271e-02
  1.8967470e-02
 -2.4663316e-02
 -8.9961793e-03
  7.5799571e-03
  2.2173284e-03
 -2.1920536e-02
 -5.9362745e-01
 -1.5831888e+00
  1.0870636e+00
 -6.7764854e-01
 -2.8289109e-01
  5.3927732e-01
  1.8500096e-01
 -5.2767956e-01
 -6.3390648e-01
 -2.4727713e-01
 -5.4594421e-01
  7.7804416e-01
 -6.2109441e-01
  2.7213195e-01
 -5.0373613e-03
 -3.5523114e-01
 -1.4119661e+00
 -3.1525630e-01
  3.1333801e-01
 -6.7303203e-02
 -7.5879741e-01
 -5.6432271e-01
 -1.3842329e-02
 -4.3066162e-01
  3.0465776e-02
  8.7201536e-02
  4.4442791e-01
  3.4357969e-02
 -9.7911224e-02
 -5.4008123e-02
  7.1567670e-03
 -2.5671085e-02
  7.5411000e-03
 -1.0446230e-02
 -4.9836081e-03
  7.7297762e-03
  3.5382077e-02
 -1.4152777e-01
 -1.6850794e-03
  4.1250098e-02
  1.2324331e-03
 -5.3476603e-03
  5.5080233e-03
 -3.5129413e-03
 -4.1984599e-03
 -2.8543100e-03
 -8.6011337e-03
  1.8834094e-02
 -4.0649488e-03
  6.4871521e-03
 -6.1505511e-03
 -5.8804243e-04
  1.8128207e-02
  1.8878015e-02
 -1.1378088e-03
 -1.8051210e-03
 -6.3413908e-03
  5.7327561e-02
  1.1615132e-03
 -1.0521535e-02
  1.1755366e+00
 -1.4776804e-02
 -8.8483980e-03
 -3.3986985e-03
  5.5060373e-03
  2.8818995e-01
 -1.0053085e-02
 -1.8608833e-02
 -3.9201140e-02
 -9.1554001e-03
  1.0645172e-02
 -1.1515542e-02
 -4.3390993e-02
 -5.5792518e-03
 -9.7899912e-03
 -1.3427422e-03
  2.8211363e-02
  1.8036257e-01
 -1.8184926e-02
  1.7962532e-02
  1.9058546e-02
 -3.4851544e-03
 -8.9219641e-03
 -2.3858977e-02
  1.5398029e-02
  7.1894969e-03
  2.4080455e-02
  3.7064191e-02
 -6.7100571e-03
 -1.3602979e-02
 -6.4951372e-03
 -6.1941898e-04
  2.9030084e-04
  3.4876380e-03
  3.7784148e-02
 -1.4573332e-02
  6.5184528e-01
 -1.2970122e-02
 -6.3407458e-02
  2.4706051e-02
 -2.8833682e-02
 -4.9310527e-03
 -3.2126237e-02
 -2.7777827e-03
  1.6375458e-02
  7.9909321e-03
 -1.5274613e-02
  2.1664267e-03
  7.8955112e-04
 -2.4519053e-03
 -1.5744593e-02
 -2.3857703e-02
  6.4368144e-02
  6.3937483e-03
  1.4033547e-02
  7.4099265e-02
 -5.3335392e-01
  2.3022598e-02
 -2.1241793e-02
 -1.2530635e-02
 -2.3575971e-02
 -1.9807135e+00
 -4.9358597e-03
  2.6411675e-03
 -2.7408089e-02
 -1.9408581e-01
 -1.8522959e+00
 -7.0158062e-03
  2.8411890e-03
  1.4352259e-03
 -3.5950415e-02
 -9.9181049e-03
  8.4164478e-03
  8.8143381e-05
 -7.9175262e-03
  5.7419036e-03
 -5.1819151e-03
 -7.8580305e-03
  1.8733986e-02
 -6.5743909e-03
 -3.4458794e-02
 -7.6090973e-03
 -2.5418116e-02
  4.1218014e-03
  6.1431564e-03
  4.8464192e-03
  2.1790894e-02
  4.0134829e-03
  2.2688759e-03
  3.7734627e-03
  2.2459976e-02
  5.0659239e-02
 -6.1077034e-01
 -4.2900559e-03
 -3.7629478e-02
  3.4401749e-04
 -8.9319696e-04
 -4.6592820e-03
  1.8240878e-02
  8.0132894e-03
 -3.4452341e-02
 -2.5846932e-02
  5.4190325e-04
  2.3073365e-03
  1.9094504e-03
  1.2555921e-02
 -8.1574125e-03
  1.4897866e-02
  3.4256324e-02
 -9.6964575e-03
  1.9517913e-02
 -4.2089891e-02
 -2.4438525e-02
 -1.0799938e-03
 -6.9774338e-04
 -1.3267191e-02
  5.6119985e-03
  1.8636563e-03
  1.5189345e-02
 -7.7923512e-01
  3.1295964e-01
  1.9743052e-01
 -7.9565126e-01
 -5.5481929e-01
  1.7260464e+00
 -3.7360454e-01
  1.7071916e-02
 -2.8610921e-01
  3.3936139e-02
  1.8001767e-02
  2.3007113e-01
 -1.6483380e-02
 -4.9645589e-03
  2.8724438e-02
 -8.6672697e-03
 -2.1595228e+00
  2.8274360e-01
  7.6450187e-01
 -1.5138651e-01
 -7.2782837e-02
  1.2973700e-01
 -3.6879204e-02
  3.3730775e-01
  4.6696089e-02
 -4.0394031e-02
 -1.2776591e-01
  3.2700323e-02
  6.6108987e-02
 -2.2075677e-02
 -1.8645665e-02
  5.5457896e-01
  7.5343734e-01
 -3.2919383e-01
  8.5234648e-01
 -6.1097682e-01
  9.3786232e-02
  4.4459485e-02
 -8.2491314e-01
  6.8966672e-02
  1.9545637e-02
 -1.0940263e+00
  6.2442720e-01
  6.3130903e-01
  8.6532004e-02
  1.5598903e-02
  1.8978199e-01
 -1.4830095e-01
  3.6586800e-01
  1.1003559e-01
  2.6801305e-03
  8.7419695e-01
 -1.7828526e-01
  1.0178925e+00
  7.1163997e-03
  6.7758463e-02
 -2.9304406e-01
 -5.2783775e-01
 -1.4953016e-02
 -1.8563902e-02
 -1.9922606e-03
 -2.7758238e-01
  1.7946883e+00
 -2.6762116e-01
  1.6303356e+00
 -3.4887012e-02
 -1.7382500e-01
 -2.0237620e-01
 -9.1849792e-01
 -3.9337161e-01
  4.9016970e-01
  1.7052947e+00
  9.5635897e-01
  9.9180275e-01
 -6.5914285e-03
 -2.8469843e-01
 -3.8890821e-01
 -1.0109795e-01
 -4.7550166e-01
 -4.7461283e-03
 -4.7442401e-03
  2.5511268e-01
  3.0080247e-01
  1.0140236e-01
  1.1924056e-02
  1.5449870e-03
  8.4828846e-03
  2.9229915e-02
 -2.7306199e-02
 -2.0698898e-02
  1.0091540e-02
  5.6331139e-03
  1.5272731e-03
 -1.1870271e-02
  3.1811176e-03
  6.9226832e-03
  1.3903382e-02
 -4.6281636e-02
 -2.2658997e-03
  1.1609804e-02
 -3.1489845e-02
  2.3058653e-03
 -2.3195397e-02
 -2.1314977e-02
  3.1755008e-03
 -5.9146918e-03
 -2.2452598e-02
  1.1332840e-02
  9.6527366e-03
 -7.5384825e-03
  4.5316383e-02
  2.9644920e-02
  2.9994668e-03
  2.3794526e-03
 -6.1810162e-02
 -2.4943023e-03
 -2.0024316e-02
 -1.1562461e-02
 -1.6155438e-01
  9.3670283e-03
  1.8416718e-02
  1.5278576e-02
 -7.2545027e-03
 -4.3393322e-03
  1.8614072e-02
  1.6945958e-02
  1.9539974e-03
 -2.9207448e-02
 -2.5236511e-03
 -7.1215034e-02
  1.8091109e-02
  6.5152824e-02
 -3.0687153e-03
 -4.5520384e-02
 -4.6100523e-02
 -1.0347741e-02
 -4.6103232e-02
 -4.5701214e-03
  4.9553875e-02
 -9.0247421e-03
  1.5153131e-02
 -5.8133658e-03
 -2.9267814e-02
 -2.8707020e-03
 -4.5354269e-03
 -4.0304366e-02
  1.0026000e-02
 -4.9600406e-03
  1.0892056e-02
  2.7605910e-02
 -2.3524920e-02
 -1.0586757e-02
  6.0046501e-03
 -1.2880369e-02
 -2.7321765e-02
 -3.6599264e-02
 -7.0364615e-03
 -5.6124949e-03
  1.0975203e-02
  3.4089565e-02
 -1.9623588e-01
 -1.7900838e-02
 -4.8856240e-02
  9.6717542e-03
  1.9098135e-02
  1.5229515e-02
  3.8645077e-03
  6.2523067e-02
  2.8015003e-03
  5.0222375e-03
 -5.0154668e-03
  2.5968719e-03
 -1.3501287e-02
 -1.3105511e-02
 -7.0845950e-03
 -5.8520693e-02
  3.0910971e-02
  1.3968123e-01
  3.0000525e-02
 -5.9364890e-03
 -4.4120080e-03
  5.5538733e-02
  8.5807107e-03
 -6.8204873e-03
  1.6025312e-02
  2.9091786e-03
 -1.2992991e+00
 -4.3225572e-02
 -7.0411772e-03
 -3.5193920e-02
 -5.9862053e-03
 -4.6023563e-03
  5.6222469e-01
  2.7332600e-02
 -6.6601359e-03
  1.9336959e-02
  8.1431195e-02
  9.0749441e-03
  3.1334362e-03
 -1.8310905e-02
 -2.2133550e-02
 -1.8050415e-02
  3.3650273e-03
 -2.3429133e-02
 -2.6395868e-03
  8.3368411e-03
  2.6491778e-02
  6.1471197e-03
 -3.7258938e-02
 -4.7346663e-02
 -7.6466404e-02
  9.6585117e-03
 -2.0519774e-02
 -2.0679275e-02
 -7.3481217e-02
  1.5773708e-02
  5.2970201e-02
 -2.1117063e+00
 -3.0504780e+00
 -8.3873034e-02
 -3.0597838e-02
 -1.1109376e+00
 -1.2960095e+00
  1.5994879e+00
 -1.0164779e-03
  1.2064669e+00
  1.0764918e-02
 -6.6020423e-01
  9.7897220e-01
 -3.5245180e-01
  7.8715747e-03
 -1.3722115e+00
 -3.8816671e+00
 -3.7225688e-01
 -1.9570851e-01
  1.3391256e-01
 -8.1821752e-01
 -3.2031548e-01
 -5.3577781e-01
  3.3751299e+00
 -5.0056112e-01
 -2.3110401e-02
  1.3362737e+00
 -1.2747803e+00
  3.6465675e-01
 -8.7653893e-01
  4.8193522e-02
  1.9180913e-02
 -8.7074429e-01
 -9.2653006e-01
  6.0710136e-02
 -5.9379184e-01
  1.6304739e-01
  5.9857186e-02
 -1.8814577e-02
 -6.8831854e-03
  1.9223606e-03
  1.4957882e+00
  4.0286282e-01
  1.1038109e-02
  1.1659782e-02
 -7.6946183e-03
 -3.2665987e-02
 -2.6859036e-01
 -1.8948749e+00
  4.3511426e-01
 -9.7989559e-01
 -1.9820541e+00
 -4.1195847e-02
 -3.2911245e-03
 -2.4076354e-02
  4.0448982e-02
  3.3186522e-01
 -1.0755424e-02
  6.4739817e-01
  2.6991558e-01
  1.9492415e-01
  3.3779344e-01
  4.1610318e-01
 -2.1042378e-01
  2.8266810e-02
 -2.6617077e-01
  3.6570022e-01
  7.3857546e-01
 -1.7594352e-01
  4.2545506e-01
 -2.0264569e-01
  3.4382129e-01
  6.3711697e-01
 -5.2800453e-01
 -2.3496557e-02
 -1.0713990e+00
 -1.1308245e-01
 -9.8618400e-01
 -2.1245290e-01
  2.5176850e-01
 -1.5588982e+00
 -2.8404295e-01
  2.2100154e-01
  1.0898955e-01
 -5.7297595e-02
 -1.1582241e-01
 -8.1527573e-01
 -4.3747264e-01
 -2.5335124e-01
 -5.1888907e-01
 -7.8520201e-02
  6.9853596e-02
  7.3124421e-01
 -5.5578810e-01
  3.6265507e-01
  6.5218216e-01
  8.8097531e-01
  2.3268059e-02
 -1.8189088e-02
 -1.6108735e-02
  7.7414937e-02
 -6.9338667e-01
 -6.4029086e-01
 -5.0749662e-03
 -1.4763290e-01
 -4.1887335e-02
  2.1420291e-02
  5.1573392e-02
 -5.7358682e-01
 -2.0501072e+00
  7.7168775e-01
 -1.6776275e-02
 -2.0204375e-02
  5.9800250e-03
 -1.1295894e-01
  3.9758801e+00
  9.6508682e-01
  5.6193754e-02
 -2.6028776e+00
 -9.2451133e-02
 -7.5155306e-01
  1.2398105e+00
 -2.9239290e+00
  9.1015947e-01
 -9.8110521e-01
 -6.2597701e-03
 -3.7531850e-03
 -9.5209050e-01
 -5.2848035e-03
 -6.4236708e-03
  2.8163232e-03
 -1.0549130e+00
 -1.1511805e-01
 -8.0987251e-01
 -1.9068991e-01
  9.7661919e-04
  5.3394571e-02
 -1.2505466e-01
 -5.3135097e-01
 -4.4903474e+00
  5.1841581e-01
  9.3243229e-01
 -9.6767527e-01
 -9.7128701e-01
  1.0651971e-02
  1.3257209e+00
 -1.5755494e+00
 -3.6115721e-01
 -1.0250843e-01
 -5.4330248e-02
 -6.1331421e-01
 -3.7107592e+00
 -4.2863595e-03
  2.6471069e-01
  1.1754466e+00
 -9.0972327e-02
 -2.8934500e-01
 -7.0386690e-01
  1.8839313e-01
 -2.4748461e+00
  9.5850235e-01
 -7.5408989e-01
 -2.5370231e-01
 -1.5610592e+00
 -4.5992187e-01
  1.2320024e+00
  4.4536647e-01
  5.7904714e-01
  6.6028678e-01
 -1.3631086e-01
  3.0525839e-01
  8.9144416e-02
 -2.4497507e-03
 -6.5799928e-01
 -9.1213232e-01
  1.1565355e+00
 -2.3626536e-01
 -2.0510020e+00
  2.2515521e+00
  5.9427065e-03
 -5.2565552e-04
  1.7781033e-01
 -8.6628363e-02
 -7.0580184e-01
  1.5807389e+00
 -3.5735914e-01
 -1.8812218e+00
 -7.7548534e-01
  2.6074603e-01
 -3.8734954e-03
  1.7330022e+00
 -3.4085196e-01
 -1.5842307e+00
 -2.0709410e+00
  4.1354809e-02
 -1.9301558e+00
  2.1863551e-01
 -6.5436256e-01
 -2.1753409e+00
  3.7561092e-01
 -1.8998186e-01
  4.5300701e-01
  1.7620749e+00
 -9.5921189e-01
  1.5110636e+00
 -1.6485964e+00
 -2.0832285e-02
 -5.1817585e-02
 -5.5908847e-01
  1.3598004e-02
  6.3397666e-03
 -2.2218544e-02
  2.5557244e+00
  1.1974937e+00
  7.9914355e-01
 -1.2560004e+00
 -5.2324247e-01
  1.8655448e-01
 -1.4190605e-01
  7.2239205e-02
  4.0840994e-05
  6.1357073e-03
 -7.7615023e-01
  1.6953672e+00
 -4.3865865e-01
 -9.3436766e-01
  6.3844514e-01
 -4.8121498e-03
  2.3170603e-02
 -4.4220078e-01
 -1.5979338e-01
  2.7571723e-01
  1.5330313e-01
 -4.5749339e-01
 -1.9645891e-01
 -2.0404019e+00
 -5.4757580e-02
  2.3066677e-02
  5.5888158e-01
  1.3867546e+00
 -1.7664875e+00
 -3.9258209e-01
 -2.6058367e-01
  1.8770550e+00
 -1.5738254e+00
 -1.2348978e-01
 -1.3446531e+00
 -1.6211926e+00
 -1.7227931e-01
 -4.0972081e-01
  8.2064241e-01
 -1.5367988e+00
 -3.9631629e-01
  2.0801263e+00
  8.6001158e-03
  3.9282888e-01
  8.7729514e-01
 -6.0999119e-03
 -9.1402978e-01
  3.2702379e+00
 -1.6266690e-01
 -6.0789105e-02
  1.1048082e+00
  7.0912600e-01
  5.9039676e-01
  4.0037009e-01
 -1.6984457e+00
 -1.8367231e+00
  1.2275597e+00
  3.7088141e-01
 -5.5636388e-01
 -3.2474023e-01
 -6.2072533e-01
  4.3815598e-02
  1.1747283e+00
  2.4630017e+00
  1.4243480e+00
  3.2391757e-01
 -7.2634524e-01
  2.7817643e-01
 -1.5830966e+00
  1.7239831e-02
  1.3370113e+00
  4.1264563e+00
  4.8134276e-01
  8.6328906e-01
  2.2713540e-01
  8.8648126e-03
 -7.3549703e-02
  1.8305698e-02
  5.8904276e-03
  7.9054773e-02
  1.0645535e+00
 -1.4936836e+00
  2.0249949e-01
  1.1862540e+00
  8.0302544e-02
  4.0728578e-01
  1.1476524e+00
  8.2402664e-01
  2.1418147e+00
 -7.8480166e-01
  6.3376868e-01
  9.6544200e-01
 -4.1842338e-01
  6.4110249e-01
 -7.0560249e-03
 -1.0076116e+00
  3.8105350e-02
 -1.8900392e+00
  1.3631723e+00
 -1.5136307e-01
  4.8995307e-01
  3.7441379e-01
  1.8602317e-02
 -1.8122168e-02
 -1.3604494e+00
  7.6882811e-03
 -2.8259998e-02
  1.9764798e+00
  1.8595025e-01
 -2.5843220e+00
 -1.1708216e-01
  2.4848204e+00
  2.4411508e-01
  8.6694729e-01
  2.0603129e-01
 -8.0330449e-01
  7.4406451e-01
 -1.2738827e-01
 -1.2791613e-02
  1.1796448e+00
 -5.5685228e-01
 -8.6503124e-01
  1.7335185e+00
  1.2791151e-01
 -4.4548753e-01
 -7.2299165e-01
 -8.9627224e-01
 -1.3197311e+00
  1.9236794e-01
 -4.3419507e-01
  5.8348560e-01
  3.5157558e-01
 -1.8904310e-01
 -1.7127608e-01
 -2.9950449e-01
 -4.4608223e-01
  3.7648406e-02
 -3.3617178e-01
 -1.6210300e+00
 -9.3769267e-02
  1.5102966e+00
 -5.8324650e-02
  5.0591224e-01
 -3.9069167e-01
  2.1456291e-01
 -9.3359804e-01
 -1.4361625e+00
  6.0802716e-01
 -2.7287492e-01
  1.1921552e+00
  5.1586598e-01
  1.8753961e-01
 -9.0642875e-01
  7.4354047e-01
  6.1399662e-01
 -6.4651687e-03
 -3.8713910e-02
 -1.1463267e-02
 -1.2901909e+00
  1.9026949e-03
  4.4552121e-02
 -7.5975865e-02
  1.7876067e+00
 -3.8450965e-01
 -1.5444989e+00
  3.4232894e-01
 -1.3122326e-02
  9.0660453e-01
  1.8787071e-02
 -5.5066492e-02
  4.5180982e-03
 -1.9370936e+00
 -7.1536845e-01
 -2.4247971e+00
  8.5082692e-01
 -2.7677017e-01
 -3.1639621e-01
 -2.3463301e-02
  1.7373481e-01
 -2.4461888e-01
 -8.8651747e-01
 -2.3006949e-01
 -1.6648712e+00
  1.6224802e-01
  5.6942594e-01
 -1.7463582e+00
 -2.0424060e-03
 -3.8898129e-03
 -3.7875947e-01
 -3.9525998e-01
  2.5910845e+00
 -3.3042004e+00
 -7.0663440e-01
  1.9107203e+00
  1.1085612e+00
 -5.9353238e-01
 -9.5713830e-01
  2.7646473e-02
 -5.6158829e-01
  6.7371607e-01
  6.7078072e-01
 -1.1884546e-01
  4.3920341e-01
  1.2711940e+00
  2.9907299e-02
  4.0782552e-02
 -1.2581994e-02
 -1.3430690e+00
 -2.1154473e+00
  1.8544157e+00
  1.1783313e+00
  6.8760914e-01
 -1.7091414e-01
 -3.9912548e-02
 -1.5422784e-01
 -6.7938721e-01
  2.6051843e+00
  6.3965398e-01
 -7.0835844e-02
  1.1885868e+00
  4.3118715e-01
  9.4311142e-01
  5.1968295e-02
  7.1920335e-01
 -1.6434392e+00
  3.0969566e-01
 -7.0206189e-01
 -1.6471547e+00
  7.9406250e-01
 -7.7575276e-04
 -7.6500192e-02
  1.7330168e-01
  7.0513654e-01
  1.5067543e+00
 -5.9324659e-02
  1.6829126e+00
  1.3498456e-02
 -1.4709219e-01
 -7.5044498e-02
  2.6787098e-02
 -4.9284153e-04
  4.7751948e-02
  8.6412281e-01
  2.9137948e-01
 -1.0185429e+00
  5.7035483e-02
  4.2496192e-01
  4.8807707e-02
 -3.8090989e-02
  2.4953747e-01
 -1.3727069e-01
 -1.3079357e-01
 -2.6051919e+00
 -2.9769676e+00
  2.8033921e-01
  4.8917162e-01
  1.0047009e-01
 -3.2240279e+00
  3.4055479e-03
 -2.5014347e-01
  2.4286665e-01
 -1.2679919e+00
  9.4026995e-01
  3.7186632e-01
 -3.3156031e-01
  6.2860668e-01
  3.8812440e-02
  6.7660376e-02
 -3.3286475e-02
  2.3329842e-01
 -1.3988848e-01
 -1.0614775e+00
 -1.7574446e+00
  9.3857944e-01
  7.3614144e-01
  2.1036131e+00
  9.4388321e-02
  4.8479116e-01
 -1.0419486e-01
 -1.4644858e+00
 -2.4237289e+00
 -1.1689881e+00
 -1.8668633e-02
  3.4382650e-01
  4.0599281e-01
  3.9862137e-02
  3.5685629e-02
  1.7728280e+00
  3.1608551e+00
  4.0942329e-01
 -2.7067181e-01
 -2.3113222e-01
  2.7852693e-01
  2.8654786e-02
  9.9357560e-02
 -5.1056318e-02
  8.2645744e-01
  1.4189292e+00
  3.6113325e-01
 -6.3723546e-01
 -1.0993272e+00
 -2.7907183e-03
 -9.3039984e-01
  1.8469858e-03
 -1.9293106e-01
 -3.1747982e-02
  1.2854522e+00
  7.7942789e-01
 -8.9003938e-01
 -3.1941378e-01
 -4.6379083e-01
 -1.0087161e+00
  1.2983083e+00
  1.0264902e+00
 -1.3039669e+00
 -2.6630327e-01
 -2.5617732e-02
 -5.7620096e-01
 -1.0117919e-02
  2.3177061e-03
 -8.2693499e-01
  4.3698258e-04
 -1.5159095e-02
 -1.2539504e-01
 -4.8433002e-02
 -1.4541162e+00
 -1.5593627e-01
 -3.5225767e-01
 -1.1110998e-01
 -3.8179868e-01
  1.0709597e+00
  1.0367055e+00
 -3.5878855e-01
  8.6298925e-01
 -1.9888438e+00
 -6.7372346e-01
 -4.1835907e-01
 -2.6253581e-01
 -2.1244726e+00
  7.8252897e-02
  1.9779740e-02
 -4.9886572e-01
 -1.3190478e+00
 -1.8309819e+00
 -4.3880853e-01
 -4.5547606e-03
 -5.7047103e-03
 -4.3577358e-01
  7.7084184e-01
  1.1765714e+00
 -9.7103901e-02
 -5.9228510e-01
 -1.1192154e+00
 -5.1291168e-01
 -8.4621161e-01
 -5.4922551e-01
  4.6557713e-01
  8.0097944e-02
  5.6091886e-02
  2.0030706e-01
 -6.2560588e-01
  6.5080816e-01
  2.4733688e-01
  5.0103632e-03
 -1.7273262e-04
 -1.1490715e-01
  6.1338913e-01
  6.5414315e-01
 -3.7702009e-01
 -1.3131160e+00
 -4.1430488e-01
 -7.5822157e-01
 -3.1271678e-01
 -3.8127381e-01
 -1.0855668e+00
  4.7726107e-01
  2.5325027e-01
 -1.3627151e-01
 -4.7800183e-01
  4.9869809e-01
  1.0166000e+00
 -1.6636729e-01
 -3.3309214e-02
 -5.5149120e-01
  2.3153183e-01
  1.6550073e-02
  8.6428165e-02
 -5.8909255e-01
 -2.4420173e-01
  8.8073879e-01
 -1.1453685e-02
 -3.1034763e-03
 -8.0465084e-01
  7.8002894e-01
  1.3360454e+00
 -7.2456509e-01
  2.8160256e-01
  1.0327955e+00
 -1.8625398e+00
  1.1138748e-02
  1.3538653e-02
 -3.7499791e-01
 -4.9449434e-03
  1.0048612e-02
 -1.4465022e+00
 -4.4783825e-01
 -1.2116999e-02
  3.7751049e-02
 -9.6218869e-02
 -2.4921842e-02
 -3.6478635e-02
  7.1886045e-01
  1.9320582e-01
  2.2015331e+00
  1.4630404e-01
 -7.7809677e-02
 -1.5380360e+00
 -6.0261237e-03
 -1.2780684e-01
 -1.7533423e+00
  5.8996506e-02
 -1.2918924e+00
 -1.2178183e+00
 -5.4998422e-01
  2.6283580e-01
  1.6342599e+00
 -1.9014668e-02
 -4.1265029e-02
 -1.3720037e-01
  4.4593146e-01
  6.7313731e-01
  4.1553874e-02
 -1.5591089e-01
 -2.3878736e+00
 -1.6824725e+00
  1.9289108e-03
  2.4254333e-02
  1.8220790e-01
 -1.8359390e-01
  2.9804546e-01
  2.0671270e+00
  2.4562957e+00
 -1.6798036e-01
  1.8383908e+00
 -4.7577448e-02
  7.1894962e-01
  9.3406516e-01
  6.0361439e-01
  7.3708624e-01
 -1.2246578e+00
  1.2519324e+00
  6.7498642e-01
 -4.6565557e-01
 -2.4104177e-04
  8.2870118e-02
  1.6442589e+00
  4.3531414e-03
  7.0895538e-02
 -8.2419348e-01
 -5.4778796e-01
  4.8397388e-02
 -1.1934667e-01
 -5.3087957e-03
  2.7058654e-02
 -2.8379604e-01
  1.4765565e-03
  3.0009419e-01
 -1.2339196e+00
 -9.5278949e-01
 -4.5972857e-01
 -4.5033768e-01
  1.6072839e-01
 -2.1984445e-02
 -5.2705353e-01
 -1.1794947e-02
  4.3076642e-02
 -1.4152262e+00
 -4.9121937e-01
 -1.8766644e+00
 -1.3089756e+00
 -5.2049872e-02
  1.1964317e-02
 -1.4669058e-01
  1.7124038e-03
  4.1670233e-01
 -5.0612921e-01
  5.3436439e-02
 -2.3732217e-01
 -9.2676133e-01
  1.6887881e-01
  1.2468472e-02
  1.2116718e+00
 -1.3052125e-02
  3.4112327e-02
  6.0576804e-02
 -4.3211433e-01
 -9.5839942e-01
 -2.7804083e-01
 -1.3540515e-03
  1.2794674e-02
 -1.5219357e+00
 -1.7684597e-03
 -1.7854697e-01
  9.2978917e-02
 -9.8219141e-02
 -5.2211493e-01
  5.2807784e-01
  5.7676386e-02
  1.2850812e-02
 -2.6860483e-02
 -1.1178983e-01
 -2.2456901e+00
 -6.2098056e-01
 -2.4839978e+00
 -1.2642300e+00
  4.3569064e-01
  1.0298125e-03
 -4.7185957e-02
  1.9125378e+00
  3.7199534e-03
  2.7995786e-01
  3.4296110e+00
  8.2424194e-01
  5.7686687e-01
 -1.0684165e+00
  1.4677231e-01
  8.1270158e-02
 -4.7138840e-02
 -2.3703015e-01
 -1.5558274e-02
 -1.6759187e+00
 -9.9627817e-01
  2.9797137e-01
 -8.3259571e-01
 -7.7900272e-03
 -4.5538153e-02
  7.8786516e-01
  5.6751944e-02
  2.0202376e-01
 -8.7257934e-01
 -1.9491851e+00
 -5.7003933e-01
  6.7930883e-01
  3.9948031e-01
  2.2017159e-03
 -4.8358849e-01
 -1.9346446e-02
 -1.2812299e-01
 -2.3354204e+00
 -7.6359236e-01
  6.2965590e-01
  5.1637459e-01
  7.3445362e-01
  7.1204531e-01
 -1.2651421e+00
  1.0143433e+00
  7.4051028e-01
  9.6192873e-01
  7.7014542e-01
 -6.4807153e-01
 -1.5427735e+00
 -3.5195597e-02
  1.9102279e-02
  6.4874269e-02
 -5.2201271e-02
  9.3329428e-03
  1.4037681e+00
  3.4359865e-02
  9.3986455e-04
 -5.0428957e-01
  9.8209554e-01
  5.2288556e-01
 -5.6465793e-01
  7.2901830e-02
  4.4773391e-01
  1.8049451e+00
 -1.1529064e+00
 -2.1221509e+00
  5.1615715e-01
  5.0667305e-02
 -1.3684641e-02
  1.5425855e-01
 -5.2120551e-03
 -2.4211673e-02
  2.0060616e+00
 -1.2739842e+00
  7.0805943e-01
 -9.4925576e-01
  7.7949911e-01
  4.5350707e-01
 -1.2667207e-01
  1.4067869e-01
  2.9975238e-01
 -1.1844770e-01
 -1.8066920e-01
 -1.3595134e-01
  2.9663882e+00
  1.3160547e-02
  1.3416572e-02
 -5.6312028e-02
  4.4808060e-01
  3.8697660e-01
 -7.0746988e-01
 -1.0608757e+00
  1.0173588e+00
  2.7359607e+00
  7.4131852e-01
  3.3481324e-01
  2.6440013e-02
  8.1542879e-02
  1.8355453e-01
 -7.7112335e-01
  8.7228626e-01
  2.8709978e-02
 -1.1074151e+00
  3.7028462e-02
  1.1679383e-01
  4.8698223e-01
  1.7096713e-01
  1.4683609e-01
  1.8033727e+00
 -5.3093970e-01
 -9.9276608e-01
 -9.9198890e-01
  8.4281713e-01
  1.6450110e-01
  1.9598660e-01
  2.0455933e-01
  4.4276184e-01
 -2.0839021e-01
  6.4354278e-02
 -1.2848696e+00
 -1.6570768e+00
  1.0518131e+00
  8.0093098e-01
 -2.3638129e-01
  2.0096408e-02
  3.1264088e-01
 -1.8719414e+00
  3.9129402e-03
 -3.1162795e-01
  5.9344608e-01
  1.0049015e-02
 -6.9352319e-03
  6.0255182e-01
 -2.2663965e-03
  1.2298753e-02
 -9.7224511e-02
  2.5262725e-01
 -3.7271656e-02
  3.9032355e-03
  3.1358004e-01
  1.0759064e+00
  7.7194464e-01
  5.4949988e-03
 -2.5814483e-01
  4.4624183e-01
  8.6712527e-01
  1.5312985e-01
  3.8614001e-02
  1.6676454e-02
 -5.0776810e-03
 -1.3788480e+00
  1.3478189e-02
  2.3839394e-02
 -8.4529513e-01
  9.4774932e-01
 -4.4599742e-01
  9.7894299e-01
  1.3152092e+00
  6.9955117e-01
  5.7431579e-01
 -5.1975396e-02
 -2.3912010e-01
  5.5853122e-01
  2.5636163e-01
  4.4634576e+00
  9.7596232e-05
  1.8294474e-01
 -1.1477680e-02
  7.2449893e-01
  6.6497508e-03
  2.7755080e-03
  4.9562458e-02
 -1.1403790e+00
 -9.0185843e-02
 -1.5225286e+00
  6.6924602e-01
  4.8827520e-01
 -1.0857252e+00
  8.9289881e-03
 -1.9444432e-02
 -5.6955200e-01
  8.4066372e-03
  7.0137304e-01
  5.7247204e-01
  3.5313594e-01
  3.9983928e-01
 -6.5282744e-01
 -1.0109911e-03
  2.9198024e-01
  4.9371007e-01
 -8.1348562e-01
 -9.8048967e-01
 -6.2464416e-01
  2.5103283e-01
  1.1984427e-01
 -7.4018204e-01
  4.0803095e-03
 -2.0280561e-01
 -8.8943350e-01
 -6.7662305e-01
 -5.7361767e-02
 -1.5788124e+00
  7.4712850e-02
  7.4712850e-02
  7.4712850e-02
  7.4712850e-02
  7.4712850e-02
  3.1722420e-01
  3.1722420e-01
  3.1722420e-01
  3.1722420e-01
  3.1722420e-01
  2.0311303e-01
  2.0311303e-01
  2.0311303e-01
  2.0311303e-01
  2.0311303e-01
  8.4162474e-02
  8.4162474e-02
  8.4162474e-02
  8.4162474e-02
  8.4162474e-02
  2.3352453e-02
  2.3352453e-02
  2.3352453e-02
  2.3352453e-02
  2.3352453e-02
  2.8663248e-01
  2.8663248e-01
  2.8663248e-01
  2.8663248e-01
  2.8663248e-01
