nep4_zbl 3 Bi Sb Te 
zbl 1.25 2.5
cutoff 6.5 5 42 22
n_max 4 4
basis_size 8 8
l_max 4 2 0
ANN 60 0
 -1.3891712e+00
  6.5199763e-02
 -1.6318591e-01
  1.0153654e+00
 -4.9152572e-02
 -6.8865083e-02
  1.3205579e-01
 -1.9300081e-01
 -3.9000407e-02
 -1.4082287e-01
  8.7922567e-01
  4.8667359e-01
 -1.7329757e-01
  5.2152770e-03
 -5.0712261e-02
 -4.7056606e-01
 -1.1180989e-01
  2.3215388e-04
 -1.4424610e-02
  6.8265714e-02
  7.6550657e-01
  5.4707896e-02
 -3.0302584e-02
 -6.6182412e-02
 -1.8560369e-01
 -9.6089125e-02
 -7.5740121e-02
  4.7458086e-02
  1.4117181e-03
  4.8716106e-02
  2.1773644e-02
  5.4452389e-02
  4.4190653e-02
  3.2133263e-02
  1.8659841e+00
 -1.1549333e-02
 -1.9499030e-03
  8.5017033e-02
 -1.6910055e-01
  2.5993584e-02
 -2.8562409e-01
 -5.5971414e-02
  3.7125118e-02
  6.4228371e-02
  3.4244934e-03
 -2.3178294e-02
  9.4890408e-02
 -2.0227067e-02
  4.6618748e-02
  2.4264158e-01
  3.4647640e-02
  2.8337738e-03
  5.4633703e-02
  1.0553521e-02
  7.9743437e-02
  2.6163658e-01
  1.3345601e-01
  9.1327623e-02
  3.0178201e-01
 -6.2929437e-02
  1.9941624e-01
 -3.3517292e-01
 -3.2446292e-01
 -4.0805003e-01
  1.1136672e+00
  2.1195196e-01
 -3.2574639e-01
 -2.0629890e-01
  6.8311888e-01
 -2.4657141e-01
  1.2537135e-01
  7.9593724e-01
  1.4083071e-01
  4.6183247e-02
 -1.3220229e-02
  1.3385360e-01
  3.5363723e-02
  1.3190224e-02
  3.4694493e+00
  3.3947474e-01
 -5.9604269e-02
  5.7988316e-01
  1.1794078e-01
 -1.5656677e-01
 -6.1420266e-02
  1.7488240e-03
 -2.3152871e-02
 -1.1347846e-02
 -1.5321971e-01
 -1.3927843e-01
  3.8363019e-04
 -5.1414088e-04
  2.2633474e+00
  7.9422331e-01
 -9.9182987e-01
  2.1830034e-01
  5.0160599e-01
  1.0565823e-01
 -3.1311914e-02
 -6.7456558e-02
 -4.0834424e-01
  5.8939391e-01
  1.7232573e+00
 -1.0237139e-01
 -2.5338367e-01
 -2.0562176e-01
  3.7242189e-01
 -2.1041988e-01
 -3.9860640e-02
 -1.8207152e-01
 -3.8307148e-03
  6.1772719e-02
 -4.0864680e-02
  9.3420371e-02
 -3.0636194e-01
  2.7321988e-01
 -1.0708696e-01
  3.3518636e-01
 -6.4354002e-01
  1.0771048e-02
 -1.8958497e-01
  1.2722509e-01
  1.5181592e-02
  1.2505672e+00
  4.3340907e-03
 -5.9565228e-01
 -3.4512510e-03
 -4.0209074e-02
  8.0880754e-02
  2.9744434e-01
  1.5352826e+00
  2.1528449e-02
  2.2029114e-01
  4.1659507e-01
  1.5513722e+00
 -3.1274471e-02
  1.9019069e-01
 -2.9662314e-01
 -3.4926165e-02
 -1.2269893e+00
  1.3375129e-01
 -6.1618194e-02
  8.0877453e-02
  6.8818539e-02
  5.2594610e-02
 -5.1672506e-01
  5.7255778e-02
 -6.5120310e-02
  1.2665900e-03
 -3.7455186e-02
  2.3671289e-01
  7.7561408e-02
  5.9440687e-02
 -1.1046978e-01
 -6.4421237e-02
  5.1316689e-03
  1.9376954e-01
 -1.2696072e-01
 -5.1469146e-03
 -6.4420474e-01
  3.2535397e-02
  1.9066459e-02
  1.5520976e-01
 -2.8814211e-02
  3.2518190e-01
 -2.2630097e-02
 -1.3926067e-02
  2.3654550e-02
 -8.8553369e-02
 -1.0232389e-01
  9.2086680e-02
 -9.6459918e-02
 -2.2635895e-01
  3.0590507e-01
  1.3477294e-02
  1.8462555e-01
  2.8875819e-03
  9.7558714e-02
  4.1614114e-03
 -6.0915910e-02
  1.3721074e-01
  3.9902323e-01
 -1.1076837e-01
  1.7898808e-01
  4.1701984e-02
  2.3473965e-02
  1.5231417e+00
  2.6346621e-01
  1.2192309e-01
  2.5105165e-02
  2.4115266e-02
 -1.3298486e-01
  1.0757937e-01
 -1.8866887e-02
  1.3990805e-01
  1.6133204e+00
  3.2812759e-01
  8.7866694e-02
 -1.4389975e-01
  5.9031151e-02
  1.0879475e+00
 -2.0317521e-02
  4.1610338e-02
 -1.5900299e-01
  1.2614105e+00
 -2.3016681e-01
  3.2922868e-02
  2.5318104e-01
 -4.8950180e-02
 -1.0776909e-01
  8.6252064e-02
  4.4976839e-01
 -4.4871527e-01
  1.3620903e+00
 -2.7743092e-01
  1.0763669e+00
 -1.1857246e+00
  2.3578484e-02
 -7.9595484e-02
  6.4188921e-01
 -7.2707772e-02
 -5.6800800e-03
  3.7133545e-03
  4.3542594e-02
  9.6874213e-01
 -2.2629780e-01
 -6.0011700e-02
  6.2654994e-02
 -2.2256900e-01
  1.2963699e+00
 -9.4917499e-02
  6.2030936e-03
  9.5398381e-02
  5.7491675e-02
 -7.2070904e-02
  1.0945560e-01
  3.2525621e-02
 -3.1570105e-03
  3.9288279e-02
  3.5925895e-01
 -2.7095863e-01
 -6.1789397e-02
 -8.1156492e-02
  1.2654042e-01
  3.2703847e-02
  3.9113965e-02
 -2.5709186e-02
  1.6499584e+00
 -2.3294267e-01
 -5.7485491e-02
 -2.1131329e-02
  1.7618063e-01
  1.4168334e-01
  5.4303080e-01
 -1.7935680e-02
 -1.5488124e-02
  1.7270738e-01
  2.0139046e-02
 -1.5918103e-01
  1.0403113e-01
 -6.2057734e-02
  6.7961603e-02
 -2.4001950e-02
 -4.8881057e-01
  1.1482940e-01
  4.2227134e-02
 -8.7215692e-02
  3.8722117e-02
  9.2358507e-02
 -4.0429869e-01
 -1.2094197e-01
  6.0754146e-02
 -4.8190057e-02
 -8.0629587e-02
  1.1716413e-01
 -1.4158253e-01
  3.5536329e-03
  8.1437945e-02
 -1.1153670e-01
 -1.7122127e+00
 -2.9210615e-01
  1.4896382e-01
  3.3090100e-02
  5.6025922e-02
  1.7092200e-01
 -7.6063098e-03
  3.1508438e-02
  4.5920536e-02
  7.3956652e-03
 -3.1668451e-02
 -1.1293672e-01
 -5.4081236e-03
  1.4335465e-01
 -9.4134495e-02
  4.0972982e-02
 -2.9697469e-02
  2.7138565e-03
 -9.9194884e-02
  1.3932566e-01
 -8.1450462e-02
 -4.9994588e-03
  8.6433202e-02
 -3.7060410e-02
  7.2588611e-01
 -2.3056619e-01
  1.8569024e-02
  5.1975645e-02
 -1.0251234e-01
  2.0847504e-01
  3.6629044e-02
  3.6971081e-02
  4.8888698e-01
 -1.2989918e-02
  1.3993625e-01
 -1.5652058e+00
 -2.4559321e+00
 -2.6672518e-02
 -8.6382233e-02
 -8.3011769e-02
 -3.1629413e-01
 -5.0016928e-02
 -2.1673238e-03
  1.9757630e-01
  1.2787794e-01
  7.4783611e-01
  4.7536280e-02
 -1.0090006e-02
  4.2517252e-02
 -1.0117123e+00
  1.1568836e+00
  4.2503003e-02
  5.1367754e-01
  1.3267449e+00
  3.4691760e-01
  3.3885154e-01
  1.7086335e-01
 -9.1320805e-02
 -2.2841710e-01
 -1.4318100e-01
  3.9957274e-02
  2.7423004e-02
  1.7532800e-01
 -4.0070623e-01
 -9.0057151e-03
  7.3684664e-03
 -3.1113777e-01
 -9.4217040e-02
 -8.3813652e-02
 -1.1452807e-01
 -1.8946226e-01
 -2.5633028e-01
  3.6037510e-04
 -2.9448677e-02
 -4.5377314e-01
 -5.5326987e-02
  1.6545897e-02
  1.8146012e-02
 -1.7753184e-02
 -9.7859569e-02
  1.1281016e-01
  2.3882003e-01
 -1.5692185e+00
  6.9241709e-01
  1.6093009e+00
 -1.1728206e-02
 -3.1800008e-01
 -1.8892128e+00
 -1.3392681e+00
 -2.1476088e-01
  1.2176085e-01
 -5.9066772e-02
  3.0865259e-02
  5.2141946e-02
  1.0832803e-01
  3.8052402e-02
 -4.2081165e-01
  1.0394470e-01
  1.4359378e+00
  1.0251037e-01
 -4.0434802e-01
 -3.1305045e-01
  7.1934010e-03
 -6.9033337e-01
 -1.1151973e-02
 -4.9455297e-01
 -7.8396119e-02
  2.4233677e+00
 -1.0733078e-01
 -8.0812061e-03
 -8.0626294e-02
  1.0951852e+00
  2.7123690e-01
 -2.0970755e+00
  1.4530739e+00
  7.1065557e-01
  8.4203027e-02
 -1.3501190e-01
 -2.7520140e-03
 -7.1183993e-03
 -3.6719418e-03
 -1.1510690e-01
  1.2366411e-01
 -1.2657015e-01
  6.7056186e-02
  1.3459564e+00
  1.6376890e-01
 -1.1242087e-01
 -1.0740325e-02
 -1.5741533e-02
  4.1662212e-02
 -1.1232034e+00
  1.2019312e-01
  1.6599487e-01
  1.3135917e-01
  1.4842480e-01
  2.4292116e-01
  3.7083514e-02
  5.3319860e-01
  1.2784630e-01
 -2.5104498e-02
  7.0744745e-02
  3.6992367e-02
 -2.1758871e-01
 -1.6963513e+00
 -8.1218384e-02
  1.4542139e-02
 -2.0370102e-01
  8.8167787e-01
 -1.6005384e-02
 -1.3465275e-02
 -1.3664109e-01
 -5.2087225e-02
 -9.5542234e-01
 -1.8585339e-02
 -6.3050091e-02
  1.6534179e-01
  1.1294402e-01
  1.1508159e-01
  1.7278051e-02
 -2.8700382e-02
  1.4686683e-01
 -1.5739810e-01
  9.2534386e-02
  4.5682840e-02
  1.2107852e-01
 -4.6632633e-02
  1.2482885e+00
 -4.0592290e-03
 -5.7533477e-02
  8.7674856e-02
 -1.7385573e+00
  3.2976840e-02
  8.4402271e-02
  4.4950089e-01
 -1.0520322e+00
  5.0144523e-01
 -1.0635777e-01
  3.5322793e-02
  8.2712084e-02
 -1.1939315e-01
 -9.5012307e-01
 -3.5815500e-02
 -2.0995548e-02
 -9.5709758e-03
 -3.6644220e-02
  4.6020508e-01
  3.0207530e-01
  4.2299815e-02
 -1.3064459e-01
  1.5744963e-01
 -5.3254008e-01
  8.3131231e-02
  6.7904107e-02
  1.2269989e-01
 -4.7931932e-02
 -4.7153577e-01
  6.4372784e-03
  1.7000785e-01
 -1.3953526e-01
  6.3290745e-02
  1.9980103e-01
  1.8508258e-01
  8.1888127e-01
 -2.2763608e-01
 -1.9199526e-01
 -6.6294312e-02
 -7.8019470e-02
 -2.2785809e+00
  2.6793762e-06
 -4.0043402e-02
  1.5231286e-01
  3.9444187e-01
 -1.6725956e-02
 -2.1782520e-01
 -1.2457739e-01
 -3.4227237e-02
  1.2546644e-01
  9.7831311e-03
 -2.0186625e-02
 -3.7653914e-01
 -8.9201387e-03
 -9.7901873e-02
 -6.9354899e-02
  1.0082477e+00
  8.8631861e-02
 -2.1270854e-02
  1.1976001e-01
 -1.7434816e-01
  9.5820293e-02
 -6.0635793e-01
 -7.0158824e-02
 -2.7618552e-02
 -3.7116613e-02
 -9.9405032e-01
  9.7284222e-01
  1.0903833e-01
 -5.3320248e-02
  2.7946804e-02
  8.1943643e-01
  1.5236278e-01
 -5.1741693e-02
 -3.5869372e-01
  3.9350644e-02
  6.3520215e-02
 -7.7343434e-03
 -3.2170676e-02
  8.6132675e-02
  4.2126410e-02
  5.2340984e-02
  1.7496528e-02
  4.9091224e-02
 -7.8783140e-02
 -3.7481364e-02
  6.5941341e-02
  1.1969700e-01
  2.2397226e-02
  7.4828774e-02
 -4.6930531e-01
 -5.9818745e-01
 -6.8937736e-03
 -6.3147402e-01
 -1.4357856e-01
 -9.1506648e-01
 -2.1750216e+00
 -3.9881611e-01
  1.3515039e-01
  1.1672059e-01
 -5.8771652e-01
  3.9481333e-01
  1.4415606e+00
 -3.4226462e-01
  1.0352906e-02
  4.8718709e-01
 -1.8018207e-02
  6.7187262e-01
  1.0567332e-01
  1.9281349e-01
  5.0233394e-02
 -4.6721887e-02
  1.6206750e-01
  5.9786230e-01
 -1.4317539e+00
  1.8572606e-02
 -2.2582227e-02
  2.0652788e+00
  1.8162712e-01
  1.8062271e-01
  4.0290490e-01
  2.0229897e-02
 -1.8526132e+00
 -9.8151064e-01
  6.8880834e-02
 -3.5399768e+00
  3.2750130e-01
 -3.6284208e-02
 -2.8259009e-01
 -9.1664842e-04
 -3.5596676e+00
 -2.3978524e-02
  2.6217136e-01
 -5.2012123e-02
  3.9531276e-02
  3.1743547e-01
  1.5284705e-01
  3.1580245e-01
 -2.7757055e-01
 -2.4539243e-01
 -3.1505309e-02
  2.6240861e-01
  2.2049499e-01
  1.2382274e-02
  1.0021606e-01
 -4.9688861e-02
  1.8692267e-01
 -2.3085937e-01
  1.1916332e-01
 -1.2855445e-02
  5.3673282e-02
 -5.5840963e-01
 -2.2162798e-01
 -3.4438282e-02
 -1.3588035e-01
 -4.6598502e-02
 -2.0007102e+00
 -6.0692649e-02
  1.7215839e-02
  2.3974553e-01
 -5.7874143e-02
  5.2402910e-02
 -3.7608489e-02
 -6.3441768e-02
 -4.6191357e-02
 -2.1439955e-01
  8.5193425e-02
  1.5411298e-01
  3.0411437e-01
  9.7235687e-02
  3.8589232e-02
  1.1718123e-01
  5.7499338e-02
 -6.2819175e-02
  2.0796096e-01
  1.6141719e-01
 -8.3384002e-03
 -3.2639468e-01
 -5.9304610e-03
 -6.8027556e-02
  1.8625738e-01
  7.7276945e-02
 -1.9192463e-01
 -3.6382806e-01
  5.9523207e-01
  1.9154836e-01
 -4.3372026e-01
 -1.4458376e+00
  2.3610836e-02
  3.5325438e-02
 -1.0794643e-01
 -2.2614639e-02
 -1.5525033e-01
  1.2120724e-01
 -9.0109460e-02
 -1.2470809e-01
 -5.8435250e-02
 -5.1669296e-02
  1.5667032e-01
 -2.0697271e-02
  3.1088328e-01
  9.4224341e-02
 -6.6620059e-02
  3.5316062e-01
  1.0478512e-01
  2.2868079e-01
  4.8188150e-02
  6.0343750e-02
 -1.1274478e-02
 -1.2694383e-01
 -2.2050437e-01
  9.0770565e-02
 -1.1066269e-01
 -3.3486381e-02
 -1.2711933e-01
  8.0160648e-02
 -3.8045112e-02
 -2.8287033e-02
  5.9543569e-03
 -1.7756251e-01
  7.1879998e-02
  8.4210180e-02
  5.5285483e-03
  1.1751490e-01
  3.9917164e-02
  2.2063386e-01
  8.9110069e-02
 -1.5502199e+00
 -2.6346651e-01
 -2.4342352e-01
  9.5175989e-02
 -6.5867610e-02
 -4.1927853e-01
  1.7082512e-01
 -2.3700923e-02
 -8.6083673e-03
 -1.1749719e-01
  5.1319249e-02
 -9.5510036e-03
 -9.3086034e-02
 -5.4951210e-02
 -2.9066029e+00
  2.1004066e-01
 -9.0569258e-01
  2.2276819e-01
  5.3547870e-02
 -9.5699400e-01
 -4.4656077e-01
  1.9511152e-02
 -3.7003156e-02
 -5.6611300e-02
 -1.1964756e-01
 -7.7061005e-02
 -1.5997240e-01
  3.8351589e-01
 -1.2952078e-02
 -7.9102412e-02
 -3.5336050e-01
  1.7085834e+00
 -2.2154395e-02
 -4.7790939e-03
  9.1070712e-02
 -3.6095464e-01
 -7.5456995e-01
 -3.4057714e-02
  1.2650298e-02
  5.5142343e-02
 -2.2959024e-02
  2.2058224e-02
  1.2136266e-01
 -9.8075546e-02
  3.3305131e-02
 -5.2693323e-03
 -1.3158649e-01
 -1.0602150e-01
 -9.9671669e-02
 -1.8401502e+00
 -5.3103918e-01
  3.4362789e-02
 -3.2962963e-02
  3.7227754e-02
  3.0378211e-02
 -4.5435514e-02
 -2.7123496e-02
 -5.3240806e-02
  4.8701271e-01
  2.5800679e-02
 -7.2164282e-02
  1.3343839e-01
 -2.9609695e-02
  4.6398323e-02
  1.0222286e-02
 -2.9435728e-02
  2.1078643e-01
 -6.8081260e-02
 -9.4474040e-02
  4.7093362e-02
  1.6647276e-01
 -9.9662483e-02
 -3.2504048e-02
  1.4044222e+00
 -7.1539454e-02
 -4.5456879e-02
 -1.1196799e-01
  3.7692815e-01
  2.7312061e-01
  3.0165800e-01
  6.0114461e-01
 -6.8893254e-01
 -2.7910659e-01
  1.6170743e+00
 -5.1377159e-01
  1.3172202e+00
 -5.3188838e-02
  7.8693569e-02
 -5.4657534e-02
  6.4416409e-02
  2.1886576e-02
 -3.7538546e-01
 -8.6960182e-02
 -4.1383117e-02
  1.8125096e-01
  7.0156711e-01
 -4.5063785e-01
  5.6888491e-01
  5.1526827e-01
  5.9524883e-02
 -1.6386849e-01
 -1.4298408e-02
 -1.4580938e-01
 -8.4550923e-01
  5.3190768e-02
  1.5905325e-01
  4.3513182e-01
  6.8339753e-01
 -3.7050733e-01
  1.4975097e+00
  1.2418939e+00
 -2.9129991e-01
  4.9147257e-01
  1.8626766e+00
 -2.6458174e-01
  9.6481927e-02
 -8.6193824e-01
 -9.7612202e-02
 -4.6060494e-01
 -9.8562054e-02
 -1.1238133e-01
  2.2239155e-01
  2.6016721e-01
 -4.6088386e-01
  2.1262836e-01
  8.8473536e-02
  4.5990795e-01
 -5.4388363e-02
 -3.8691703e-02
  9.6514627e-02
 -6.1231416e-02
 -7.2416075e-02
  4.7484513e-02
  8.2477838e-02
 -1.5661569e-02
 -6.5686934e-02
 -2.6491600e-01
 -2.2072484e+00
  3.3775166e-01
  2.3006344e-01
 -1.9346617e-01
  2.3369794e+00
  1.3384369e-01
 -2.6035765e-01
  1.6601824e+00
  9.6231347e-01
  3.5582832e-01
 -7.6959878e-02
  2.0681258e-02
  3.0715555e-02
  4.9687615e-01
 -2.0051473e-01
 -5.4950822e-02
  7.3703662e-02
  1.7663439e-01
 -6.9844961e-02
 -3.9953887e-03
  1.2099595e-01
 -3.6089562e-02
 -2.0104117e+00
  1.7602387e-01
 -1.3766826e-02
  5.9865980e-04
  1.8564973e-02
 -4.5930740e-01
 -9.5883245e-03
 -1.7119871e+00
 -1.1588108e-01
  9.3932569e-01
  1.7817560e+00
  4.9515149e-01
 -1.2253959e-01
 -3.7027532e-01
 -5.4381089e-04
 -4.3387029e-02
  1.7124914e-02
 -4.2099413e-02
 -1.2436250e-01
 -2.2147438e-02
 -2.4694313e-01
  3.4424190e-03
 -1.7602978e-02
 -1.7824901e-02
 -1.5705668e+00
  7.3113624e-04
 -3.1014442e-01
 -1.6766484e+00
  1.7509888e-01
  1.1092925e-02
  5.9650160e-02
 -1.3941295e-01
  1.1475951e-02
 -2.1113759e-01
 -3.8370557e-02
  1.5844241e-02
 -6.5394701e-03
  3.3323663e-01
 -6.7159683e-02
  6.2048178e-02
  1.6903684e+00
  8.4184445e-02
 -1.2048202e-01
 -2.5402645e-02
  1.2364266e-02
 -2.2600900e-02
 -2.9060978e-02
 -1.8734090e-01
  1.0257684e-01
  2.0226441e-01
 -1.3157389e-01
 -2.5068463e-03
  6.9158468e-03
 -1.9694616e-01
 -2.6801136e-01
  4.0558979e-02
 -2.7701950e-02
  3.8899112e-01
 -1.1116664e+00
 -1.6614611e-01
  8.1309170e-02
  6.9313332e-02
 -6.4878538e-02
 -1.3077739e-01
  1.1734461e-01
 -5.6399263e-02
  1.1435107e-01
 -4.4572267e-01
  4.9298862e-01
 -4.0480271e-02
 -4.4009396e-01
 -8.7313747e-01
 -4.0629557e-01
 -9.2671648e-02
 -4.3454957e-01
 -8.0690220e-02
  1.0627259e-01
 -5.3833455e-01
 -1.8324549e-03
 -9.0562981e-03
  2.9345723e-03
  5.4918621e-02
 -6.2925026e-02
  8.7457392e-03
  1.0491381e+00
  2.4039009e-01
  2.0454516e-01
  4.5031201e-02
  3.4436324e-01
  3.8369697e-01
  6.1065137e-02
  4.1765917e-02
 -5.5287674e-02
 -2.1353561e-02
 -8.6400680e-02
  2.0283881e-01
  9.4825730e-02
  2.1225981e-01
 -8.6430252e-02
 -3.5258538e-01
 -8.0457926e-01
  8.9026910e-01
  1.8817758e-02
 -6.0827667e-03
 -2.5031145e-03
  6.0015982e-03
 -5.6704080e-01
  1.5798543e-01
  5.8988642e-02
 -1.1248275e-01
  1.5174913e-01
  2.1988301e+00
 -1.0911692e-01
  2.8512992e-02
 -5.9839163e-02
 -1.2573315e-02
  5.9734547e-01
  6.6014075e-01
  2.0587078e-01
  1.4026946e-01
  2.4716722e-02
  3.4374067e-01
 -1.3974294e-01
 -1.4308096e-01
  3.5690913e-01
 -1.4487273e-01
 -4.6951732e-01
  7.7093631e-01
 -3.1271309e-02
 -6.6977181e-02
 -6.9319576e-01
  7.1424000e-02
  4.0799081e-02
  9.4354473e-02
  5.1762265e-01
  3.1641719e-01
  4.4605762e-02
 -9.7669614e-03
 -1.4389537e-02
  5.0512813e-02
  8.3042584e-02
  5.4952544e-01
 -3.1148386e-01
  5.4124747e-03
  1.9757036e-02
 -1.2670742e-01
  1.1821536e-01
  1.0020042e-01
  3.0908176e-01
 -1.8184055e-01
  1.7728294e-01
  1.9404903e-01
  1.0837754e+00
 -7.1168631e-01
 -5.6897473e-02
  5.0987329e-02
  2.5711553e-02
  2.2301625e-02
 -1.6527368e-02
 -6.0552482e-02
  1.2345368e+00
  1.7111978e-01
 -2.6791615e+00
  6.5819271e-02
 -4.8995599e-02
 -1.3380934e-02
 -2.0495918e+00
 -1.1132402e-01
  9.2169806e-02
 -7.8927100e-02
 -1.1438314e-01
 -5.7801761e-02
  5.8214927e-01
  1.9737066e-01
  1.0288423e-01
  1.0075961e-01
  5.1265866e-02
  5.6982905e-01
 -1.7651834e-02
 -9.0596989e-02
  1.6674925e-01
  2.6379347e-02
 -6.1168447e-02
  2.2237491e-02
 -2.5005465e-02
  1.5986395e-01
  1.1834563e-01
 -1.5090705e-01
 -6.8254424e-03
  1.4996507e+00
  1.2342664e+00
  1.6324313e-01
 -5.1806927e-02
 -1.8455814e-01
 -2.6375933e-02
 -9.3251318e-03
 -1.3143718e-01
 -3.4038015e-02
 -2.0760205e-01
  3.1960362e-01
 -1.8433850e-02
 -8.9030698e-02
 -1.4305538e-01
  2.5481796e-02
  1.4538127e-01
 -4.4149663e-02
 -1.8673421e-01
  5.7535242e-02
  8.5056350e-02
  8.4433723e-03
  8.4253155e-02
  1.4296444e-01
  2.0276523e-01
  4.0963250e-03
  1.6453447e-02
  1.4671318e-01
  3.5783112e-01
 -2.1703389e+00
 -5.4130863e-02
 -1.3726047e+00
  9.9170142e-01
  8.0120951e-01
  2.0129721e-01
  6.0695093e-03
  8.0424219e-02
 -5.1319942e-02
  2.3899376e-01
  9.6153498e-01
 -8.6942643e-01
  5.4175168e-01
 -1.6001572e-01
  6.3129485e-02
  8.6876564e-03
  3.2390434e-02
 -2.6527522e-02
  7.1491897e-02
 -3.6849719e-02
  6.7512682e-03
 -8.0055501e-03
  5.8185734e-02
 -1.0569648e-01
  6.6073380e-02
 -6.4786279e-01
  1.2021813e-01
  2.1510659e-01
  4.7032185e-02
 -2.6312765e-02
  3.3155233e-01
  6.8891495e-01
 -3.2849247e-03
 -2.4308643e+00
  3.2775021e-01
  3.7867289e-02
  4.7447166e-01
  3.1293005e-02
 -1.4810103e-02
  8.7025747e-02
 -3.0685825e-02
 -1.3268754e-01
 -1.6280608e-01
  1.9257404e-01
 -1.7843172e-01
  3.0633256e-02
 -3.9569998e-01
 -6.7573674e-03
 -1.4705743e-01
 -9.2791408e-02
 -4.8783377e-02
 -3.7448894e-02
 -2.8068146e-02
  6.0212705e-02
  3.0580817e-02
  2.5120819e-01
  3.9258629e-02
 -1.0198578e+00
 -4.2940453e-01
  4.9515508e-02
 -1.6614586e+00
  4.4296858e-01
  8.3684731e-01
 -5.0817156e-01
 -1.7849699e-01
 -3.2403313e-02
  3.0607229e-02
  4.4433823e-01
 -9.1595821e-02
  7.5635999e-02
 -1.2533137e+00
  1.6723166e-01
 -4.6444041e-01
  8.0966853e-02
  1.4517207e-01
  2.3290829e-01
  9.0464272e-02
 -1.3306577e-02
 -6.5531850e-02
  5.8360875e-01
  2.7551281e-01
  1.0942613e-01
 -6.8437673e-02
 -1.8771078e-02
 -1.8565871e-01
  8.2681820e-02
  2.7201816e-02
 -5.0896592e-02
  1.2779815e-01
 -1.4146608e-01
  1.4444970e-01
 -4.2181268e-01
 -2.4771920e-01
 -1.0939059e+00
  3.6125919e-01
 -5.6600627e-02
  1.1863565e-01
 -2.8115511e-03
 -1.6162734e-01
  2.2077455e-01
 -5.7431548e-03
  3.5582167e-01
  1.5070646e-01
 -2.3659365e-02
 -1.3575114e-01
  4.1354809e-02
  1.1809961e-01
  6.1234366e-02
 -8.2001455e-02
 -8.8436045e-02
  2.1231833e+00
 -7.8665636e-02
  3.9210323e-02
  4.7934107e-02
 -2.2137935e-01
  1.8179359e-02
  3.1561334e-02
 -6.8651482e-02
  1.1659470e-02
 -4.2710921e-01
  3.7808707e-01
 -3.4398484e-01
 -1.6001215e+00
  5.6182975e-01
 -6.9414729e-01
  2.9764371e-04
  1.2042352e+00
  4.7609752e-01
 -5.0324541e-01
  5.1571909e-02
 -6.4838156e-02
  8.9340977e-02
  4.9381059e-02
 -2.0368717e+00
 -1.4746915e-01
  6.8280965e-01
  3.2066993e-02
 -2.7638856e-01
  1.8292071e-02
  3.2447511e-01
 -7.8601396e-01
  8.3909564e-02
 -1.6158397e-01
 -1.3416748e-01
 -8.6940691e-02
  1.0943568e-01
 -1.8268541e-02
 -2.8160757e-01
  3.6137089e-02
  6.4341581e-01
  1.0161236e-01
  5.2812648e-01
 -2.1288738e-01
  2.1321163e-01
  7.2103374e-02
 -6.9337875e-02
 -3.4382418e-02
  5.7980162e-03
  3.0286179e-03
 -1.7544219e-01
 -1.3875040e-01
 -1.3377790e-01
 -2.1735987e-02
  1.5542714e-01
  4.5218873e-01
 -1.6062774e-01
 -3.7895925e-02
  2.2361753e+00
  3.6394864e-02
  7.0165284e-03
  1.7693473e-02
  7.1485490e-03
  8.0999114e-02
 -7.8552447e-02
  1.6310997e-01
  3.1895733e-01
  1.1899666e-01
  2.1712165e-02
 -5.4735684e-01
  1.7499000e-01
  7.2001740e-02
 -1.0727996e-01
 -2.4008903e-01
  4.9313006e-01
 -8.0605799e-01
  2.4028417e-02
 -4.4432506e-02
  9.8553337e-03
 -1.8885994e-01
 -7.1235429e-03
 -4.1567091e-02
 -1.9390121e-01
  8.1050023e-02
 -1.7000470e-01
 -1.3537753e-01
 -1.5607053e-02
  1.0727128e-01
  5.7165246e-02
 -3.4595001e-01
 -5.6030326e-02
  5.9779445e-03
 -5.9565853e-02
 -2.5335103e-01
 -1.2091349e-01
  5.5562532e-01
  6.4046629e-02
  9.3759902e-02
  1.6082093e-01
 -1.4638072e-01
  4.6953980e-02
 -2.0739095e-01
  1.1795533e-01
  3.5371482e-03
 -7.3634729e-02
  6.5851457e-02
 -1.1428244e-01
 -1.4225027e-01
 -4.2657956e-01
  6.3816337e-03
 -5.3197309e-02
 -2.1367516e-02
 -4.4353340e-02
 -1.0784332e-01
  1.3485892e-01
 -2.9022145e-01
  4.5363862e-02
  9.4045408e-02
 -6.8068882e-03
  6.7224860e-01
  1.5177901e-01
 -1.7940344e-01
  1.7149776e-01
  5.3926293e-02
 -5.9056710e-02
  1.6264637e-01
  1.2246154e-01
  8.3494551e-02
  7.1528307e-03
 -5.4873885e-03
 -1.3085558e-01
  1.4633523e+00
 -4.7053281e-02
 -7.5736248e-01
 -5.2580452e-01
  2.3661463e-01
 -9.5039561e-02
 -1.7992717e-01
  1.8630961e-01
 -2.3534486e-01
  2.2443990e-01
  1.2308409e-02
 -2.6876394e-02
  8.6708382e-02
  1.9705938e-02
  1.5130716e-02
  1.2345937e-02
 -3.6783486e-03
  3.4015335e-02
 -1.0252561e-01
 -3.1532504e-02
  3.7610423e-02
  1.2368160e-01
 -9.3647027e-03
  6.6385724e-02
  1.6113310e-01
  8.7413378e-02
 -1.3037069e-01
  1.1337788e-01
  4.8103765e-02
 -3.1031463e-02
 -5.5265832e-01
  1.5078266e+00
 -1.0278950e+00
 -9.3885756e-01
 -1.0144597e+00
  1.4184748e-01
 -5.2499974e-01
 -4.6404887e-02
 -2.1837647e-01
  9.3844987e-02
 -3.3617160e-01
  3.4733585e-01
 -5.0678998e-01
  1.1252835e-01
 -1.4203005e+00
  4.2140391e-02
  7.9025425e-02
 -6.2959260e-01
 -1.5165733e-01
 -3.2897598e-01
  2.1904765e-01
  5.3137191e-02
  6.1539363e-02
 -2.2424901e-01
 -8.6449546e-01
  9.7315371e-02
 -3.0967783e-02
 -3.6614251e-01
  1.6858174e-03
 -1.3577238e-01
  9.3382508e-01
 -1.1364598e-01
 -2.1849734e-01
 -1.3832301e-01
 -2.8377118e-02
 -1.1675338e-01
 -2.9773112e-02
 -5.4253411e-02
 -6.1056684e-03
  9.9328458e-02
  4.3290183e-02
 -1.8528912e-02
  1.6463622e-02
 -7.3936246e-02
  1.3879903e-01
 -4.3075114e-02
  9.9656712e-03
  2.3180670e-01
  1.1723626e-05
 -9.6439011e-02
  8.9666411e-02
 -1.1487159e-01
 -7.2080411e-02
 -6.5571226e-02
 -4.4762126e-01
 -1.1411835e-01
 -8.7465197e-03
  4.7152814e-02
  1.9542655e-02
  3.7385941e-02
  8.0628149e-02
 -2.6144549e-01
  4.3180313e-02
 -1.2270264e-01
 -1.5464176e-01
 -1.2890596e+00
  1.6197274e-02
  8.3249815e-02
 -1.3231777e+00
  1.2216493e-01
 -7.1575552e-02
  3.5804704e-02
 -2.1101393e-02
  1.4210545e-01
  1.1582618e-02
 -1.0666013e-01
  1.0373127e-01
 -2.1706015e-02
 -2.7886853e-02
 -1.8412253e-02
  5.0217662e-02
  1.3646732e-01
 -1.2480475e+00
  5.6606904e-03
 -2.5240129e-01
 -2.1470705e-02
  2.2814178e-01
  2.3988602e-03
  1.6699560e-02
  7.5049378e-02
 -3.1668621e-01
  4.4554302e-01
 -6.5190628e-02
 -1.5780416e-01
 -1.1353275e+00
  1.1926651e+00
  8.5782987e-01
  4.4959325e-02
 -8.3481342e-02
  2.0330982e-01
 -6.3521691e-02
 -2.1167720e-02
  1.3385667e-01
  2.3581669e-01
  2.7824056e-01
 -7.2597861e-01
 -2.0653212e+00
 -1.4708333e+00
  5.1030360e-02
  1.8166970e-01
 -4.4573624e-02
 -5.1956072e-02
 -1.2880953e-01
 -6.3844866e-01
 -3.8740769e-02
 -2.3521581e-01
 -5.0113026e-02
 -9.2320606e-02
  1.7835033e-01
  6.1024036e-03
 -3.1528649e-01
  5.7149380e-01
  1.5647205e+00
 -9.1600949e-01
  9.8609841e-01
  8.1490284e-01
  4.4100892e-02
  1.2786636e-02
 -2.3904595e+00
 -2.3073535e-02
 -1.1337336e+00
 -8.3571091e-02
  1.2748443e-01
  1.3183352e-01
  2.2046687e-01
  1.1196710e+00
 -3.6219537e-01
 -7.9684548e-02
  1.3869065e-01
  6.4606190e-02
 -7.3169029e-01
 -9.7393572e-01
 -2.7266338e-01
 -3.2644793e-02
  6.6568747e-02
  2.7720137e-03
  5.7530161e-02
 -3.8023949e-01
  1.9267401e-01
  7.7753351e-03
 -3.4880060e-01
  2.3468712e-02
 -1.1894137e-01
  1.5642318e-01
  3.6201826e-01
  3.2236478e-01
  4.2308357e-01
 -3.3001408e-02
  3.1493646e-01
 -2.0143802e-01
  1.5078107e+00
 -1.6570864e-02
  1.6743672e+00
  5.1486844e-01
 -6.7667891e-03
  7.4926470e-03
  7.5106792e-02
  6.5711122e-03
 -2.3178005e-01
  1.8825764e-02
 -9.4952710e-02
  6.7751783e-01
 -7.6860242e-02
 -2.1313867e-01
  1.0311358e-01
  2.7249819e-01
 -9.5965609e-02
 -5.1369146e-02
  1.2650414e-01
 -7.5085528e-02
  1.4223862e-01
  4.6310682e-02
 -1.6105107e-03
 -8.4028520e-02
 -1.2279075e-01
  3.3141710e-02
  4.9003210e-02
 -5.6498673e-02
  6.4199981e-03
  1.3636701e-01
  5.6681323e-01
  4.4831574e-02
  1.1501448e-01
  1.0939091e-01
 -2.2611763e-02
  1.1476678e+00
  1.4022967e-01
  1.3374892e-01
  8.8547610e-02
 -1.7275606e-01
 -1.9396783e-01
 -7.4769653e-02
 -6.4203697e-01
 -1.2965950e-01
  2.8503258e-02
 -5.4769152e-01
  2.0571593e-03
 -6.3789887e-03
 -4.8654221e-02
 -2.0274806e-01
 -1.4876305e-02
 -1.0352531e-01
 -5.3211052e-02
 -2.2649603e-02
 -3.8666138e-04
  1.8891603e-01
  1.3065614e-01
 -1.4841694e-02
 -5.5322398e-02
  1.8482427e-01
  1.4982691e-01
  6.9211349e-03
 -2.7730119e-01
 -1.7935453e-01
 -1.2124705e-01
 -2.3324216e-02
  7.8490868e-02
  1.4588796e-01
 -1.9304737e-01
 -1.0367532e-01
  2.6595953e-01
 -7.4727133e-02
  2.3805638e-01
 -8.0639884e-02
  2.9624781e-01
  5.4833218e-02
 -6.1030466e-02
 -2.2909743e-01
 -1.0111155e-01
  1.6193384e-02
 -5.7168961e-01
  1.3419233e-01
  1.7620363e+00
 -1.9698985e-01
  1.8805005e-01
 -5.0384146e-01
  2.2083292e-02
  2.7923152e-01
  1.1213946e-01
  8.2886480e-03
  7.4914701e-02
  4.3777969e-02
 -1.4763843e-01
  4.4421025e-02
  4.9373463e-02
 -1.2036392e-01
  2.9151315e-02
  7.9649307e-02
 -7.2351530e-02
  3.3493787e-02
 -1.5261173e-01
 -2.2889929e-02
  1.1829637e+00
 -9.6093088e-02
 -4.1023899e-02
  3.4916100e-01
 -6.4014122e-02
 -3.5968300e-02
 -1.4856964e-02
 -3.5180725e-02
  1.6717188e+00
  2.8380677e-01
 -9.6577924e-01
  4.1246364e-01
  1.3545666e+00
 -9.7208303e-01
 -5.8804478e-02
  1.2548940e-01
 -1.1023625e-01
 -4.0791653e-02
 -4.4615263e-01
 -1.0349283e-01
 -4.6745796e-02
  6.2011782e-02
 -2.6688762e-02
 -7.4950004e-01
  3.3460882e-02
  2.6319182e-01
  3.0752482e-02
 -4.3945774e-01
 -6.7833990e-01
 -1.5410563e-01
 -6.3977998e-01
 -8.1101239e-02
  3.8741323e-01
 -3.0826220e-02
  2.6703781e-01
  1.7018913e-01
 -6.2253863e-01
 -1.5003835e-01
  1.5001319e-01
  5.7879318e-02
 -6.3742691e-01
 -2.4485636e-01
  1.9621837e-01
  4.1327626e-02
  1.6430968e-01
  2.1732473e-03
 -1.1482391e+00
  1.1130954e-01
  7.3581152e-02
  1.5829006e-02
  4.0615473e-02
 -1.0078225e-01
 -2.9861340e-02
 -8.3498493e-02
 -7.7358554e-03
  4.9282253e-02
  6.7640953e-03
  4.0367458e-02
  7.8541050e-03
 -6.2376004e-01
  9.8609298e-02
  3.4217499e-02
  2.4433187e-03
  1.0593745e-01
  1.9837323e-01
 -1.4244534e-01
  3.9297789e-01
  7.1548678e-02
 -1.5217934e+00
  1.9363086e+00
  3.6427194e-01
 -1.7931670e+00
 -1.9894018e+00
  3.0470902e-01
 -1.6829366e-02
  9.4666881e-03
  7.7128279e-01
  4.5516562e-02
 -7.3388234e-02
 -5.1726514e-01
  2.5345454e-01
 -5.9622180e-01
 -5.4853827e-02
  9.8036456e-01
 -1.2310398e-01
  6.9361545e-02
  1.4452499e-01
  1.0162139e+00
  6.8906598e-02
  3.0743333e-02
 -3.9989121e-02
  1.3779894e-01
  4.7666468e-02
 -3.5040587e-02
 -4.8228964e-02
  1.7087346e-01
  1.1493111e-01
 -4.2071354e-02
  9.3874350e-02
  5.4455519e-01
 -1.0571244e+00
 -6.5348923e-02
 -1.8984504e-01
 -8.9617543e-02
 -1.3459142e-01
 -5.0761480e-02
 -2.0253886e-01
  1.3435584e-01
 -4.7255158e-02
  1.1700856e-01
 -1.2688981e-01
 -1.0410871e-01
 -1.5303319e-02
 -1.8085556e-02
 -5.0182384e-01
 -3.0351093e-01
 -7.7244386e-02
  1.5634800e+00
 -6.7177834e-03
 -1.8748662e-02
 -7.4198574e-01
  2.0579560e+00
 -2.1470863e-01
 -8.3837330e-02
 -7.9298615e-02
  1.2186700e-02
  6.4254768e-02
 -3.2294483e-03
  2.1258999e-01
  2.7555142e-02
 -6.2977351e-02
 -8.3728188e-01
  4.5752868e-01
  3.9346945e-03
 -1.7576579e-02
  1.2404703e-02
  1.7884728e-01
  1.7825089e-01
  2.2548051e+00
 -1.1826992e+00
  1.7910977e-03
  9.5896918e-01
 -6.5705977e-02
 -8.0363673e-01
  3.2009494e-02
 -1.1917309e-01
 -1.1280672e-01
 -3.3382699e-02
 -6.7709751e-02
 -1.1508120e-01
 -3.3288170e-02
  4.1346345e-03
 -3.5241562e-01
 -5.4296917e-01
  1.0527697e+00
 -1.0412888e-01
 -3.8377054e-02
 -4.6277519e-02
 -6.7666456e-02
 -3.7923035e-01
  9.3089856e-02
 -1.7965074e-01
 -9.0316302e-01
 -2.8952708e+00
 -1.2525640e-01
  1.6563518e-02
 -6.3869245e-02
  4.6722490e-02
 -1.3744583e+00
 -1.0931618e-02
 -7.1397461e-02
 -1.6431944e-02
  5.3111020e-02
  1.8025590e-01
  4.8662115e-02
 -1.4666097e-02
  9.5737569e-02
  8.7792732e-02
 -2.3983900e-01
 -2.0899498e-01
 -2.2001563e-02
  4.8571024e-02
  3.9433479e-02
 -6.3749112e-02
  1.5399538e-01
  2.7945036e-02
  9.8619111e-02
  5.4085308e-01
  9.4846475e-01
  2.8436625e-01
 -1.4143740e-01
  2.0849279e-01
  6.2923425e-01
 -8.3401963e-02
  2.9444145e-02
 -2.4347406e-04
 -2.7799085e-01
  3.4874171e-02
 -2.9287764e-01
  1.1049222e-01
  7.4664846e-02
  2.0373745e-01
  2.7371597e-02
  1.4075675e+00
 -2.8014973e-01
  3.4189571e-02
  4.9971618e-02
  3.4201613e-01
  4.9305722e-01
 -5.9100728e-02
  1.9381383e-01
 -2.8090626e-03
 -1.1780784e-01
  4.3517720e-02
 -1.6088966e-02
  1.4439508e-01
 -9.5667407e-02
  1.3577963e-02
  2.4372611e+00
  5.6705469e-01
 -3.0576721e-01
 -1.8635916e-02
  2.3591945e+00
  1.4646134e+00
  8.8551176e-01
 -1.3493203e-01
  2.2571623e-01
  8.0732805e-01
 -1.8212234e+00
 -1.1445247e+00
  9.3139791e-01
  9.3152285e-01
 -1.2855870e-01
  2.9738745e-01
 -5.5864978e-01
  4.1491371e-01
 -1.4814711e-01
 -1.2882832e-01
  1.3852239e-01
  2.1038465e+00
  7.6243326e-02
 -2.5196857e+00
 -4.0000281e+00
  1.4122730e-01
  1.8288633e+00
 -2.1477661e+00
  3.6155012e+00
 -6.6487312e-01
 -6.9872171e-01
  5.7473905e-02
  4.5963868e-02
 -1.9798003e-01
  9.1836542e-02
 -2.9813462e-01
 -2.0982993e+00
  1.1419294e+00
  1.1395415e+00
 -1.0552887e+00
  3.1511448e-02
  1.0810573e+00
  2.6389149e-01
 -1.9570733e+00
  6.0769254e-01
  5.3916089e-02
  1.9083003e-02
 -3.6068842e-01
 -2.0775419e-01
 -7.9256570e-01
 -2.5539398e-01
 -1.2707005e+00
 -4.2793921e-01
  7.7936637e-01
  8.8126218e-01
  1.5519948e+00
  7.0520699e-02
  9.7626948e-01
 -1.4811136e+00
  1.5844461e+00
 -3.0607232e-01
 -3.9137825e-01
  3.0829766e-01
  1.2097161e+00
 -5.2005827e-01
  5.5779696e-01
  1.5624718e-01
 -1.6196121e+00
  6.5339417e-03
 -1.3502243e-01
 -7.8485328e-01
 -1.1449109e+00
 -2.6220104e-01
  3.0395180e-01
 -9.8360032e-02
  6.8343258e-01
 -7.4521653e-02
 -7.5144565e-01
  1.0195696e+00
 -2.2030449e-01
  4.0490958e-01
  1.1561698e+00
 -4.0354423e-02
 -6.1378735e-01
 -1.2848442e+00
 -6.4443153e-01
 -5.1184851e-01
  2.2095988e+00
  1.2733769e+00
  2.8965023e+00
 -5.5344146e-01
  6.6941231e-01
  6.9930983e-01
  1.5904704e-01
  1.5176782e-01
  1.8067533e+00
 -1.4587517e-01
 -5.0957286e-01
 -1.4099455e+00
 -2.2566831e+00
 -2.9539084e-02
  1.5047817e-01
  5.2738484e-02
  2.6746842e-01
 -7.6665080e-01
  3.3803798e-02
  3.0222371e-02
 -7.3339635e-01
 -6.3199401e-01
  4.5002928e-01
 -7.3421314e-02
  1.1091559e-02
 -1.8546402e-01
 -1.2276154e+00
 -9.7597659e-01
  1.5509862e+00
  1.9573444e-03
  9.4594419e-01
  1.9713500e-01
 -2.3235381e+00
  1.0425433e-02
  7.8725952e-01
 -2.5261321e+00
 -2.4799597e+00
  1.7654997e+00
  8.7532392e-03
 -4.7378802e-01
 -1.1721925e+00
 -1.9135435e-01
 -2.0482965e-01
 -2.7071661e-03
  4.7598469e-01
  1.7519158e+00
  1.0534295e+00
  5.7073367e-01
 -2.2658315e-02
  3.9286554e-02
  9.9180752e-01
  2.7080944e-01
  8.9737110e-02
  5.2511960e-01
  3.3195472e-01
  7.6058365e-02
  5.8877230e-01
  1.1392785e+00
  1.8621254e-01
 -3.0163345e-01
 -1.3088441e-01
 -5.8221288e-02
  9.2279084e-02
  1.9730514e-01
 -4.0915716e-02
  1.0370669e-01
  5.9448268e-02
 -5.0759864e-01
  9.5059305e-02
  2.4695350e-02
  1.7449707e-01
  4.8052553e-02
 -1.5452893e-01
 -3.2197714e-01
 -4.8316014e-01
 -5.9162531e-02
  7.3760025e-02
  1.6368231e-02
  7.4644737e-02
 -1.5926514e-02
 -1.2620175e-01
 -8.6175330e-02
 -4.1184571e-02
 -9.5606671e-04
 -1.0917269e+00
 -8.8985693e-03
  3.3070214e-02
 -1.1870201e+00
  2.0584802e-01
  2.9962271e-01
 -3.0491210e-03
  1.9662853e-02
 -1.0006436e-01
 -1.1290259e-02
 -4.7177557e-02
 -4.1941914e-01
  5.1406825e-01
  8.1473154e-01
  8.4945716e-02
  4.7446209e-01
 -1.7633142e-01
 -3.0463351e-02
  9.1519082e-01
  3.6663573e-02
  1.1955610e-02
  4.5443323e-02
  3.4467989e-01
 -1.3613197e-01
  5.2457135e-02
  1.1883260e-01
  5.0524634e-01
 -6.0062718e-02
 -1.4927262e-02
  2.8292936e-01
 -7.6355606e-01
 -8.3815463e-02
 -3.3493243e-02
 -7.2827689e-02
 -1.2045155e-01
 -6.5179807e-01
  1.4612649e-01
 -9.9129148e-02
 -1.9253684e-02
  4.5913167e-02
 -1.9211656e-01
 -3.1907547e-02
 -1.8469246e-02
 -1.0403521e+00
  4.4715364e-02
  6.7430623e-02
 -6.8534054e-02
 -5.6236714e-01
  5.8048200e-03
 -8.4497599e-04
 -1.6722772e-01
  1.5059128e-01
  3.0784622e-02
 -6.7483574e-02
  2.5310775e-02
  1.1422222e-01
  8.5767388e-02
  4.1853238e-02
  3.9839432e-02
 -7.8080438e-02
  1.2619676e-01
 -7.0361629e-02
 -4.0483875e-03
  6.4265870e-02
 -1.5909830e-02
  1.0252535e+00
 -1.1135177e-02
  9.0345126e-03
  8.1243895e-02
  1.8292820e-02
 -1.3755777e-01
 -6.2277299e-01
  1.8653217e-01
  1.0484933e+00
 -1.5568049e-01
  8.9779727e-02
 -8.2740307e-02
  7.5894691e-02
 -6.4063899e-02
 -3.7431833e-03
  1.3212892e+00
 -9.3794167e-01
 -2.2145240e-01
 -5.0257444e-01
  3.6428231e-01
  2.4632992e-01
  5.1152271e-01
 -3.8327042e-03
  7.2623253e-01
  1.6177604e-02
 -9.1630846e-01
 -1.3280195e+00
 -1.6832162e-01
 -1.1196048e+00
  2.7915177e-01
 -7.0076627e-01
  6.2582172e-02
  2.0759501e-02
 -1.2774026e-01
  2.3320548e-01
  7.2626179e-01
  3.0137277e-01
  4.4828960e-01
  8.7505823e-01
  4.7645298e-01
 -1.6110608e-01
 -2.5189772e-02
  5.1847917e-01
 -6.6202995e-04
  1.0386136e-01
  2.1668603e-01
 -3.2533608e-02
  2.3247674e-01
  2.3200896e-01
  4.9788317e-01
  3.6035702e-02
  2.9136169e-01
 -8.2769588e-02
 -4.5511119e-02
  6.9212127e-01
  8.5184053e-03
  1.5118973e-02
 -3.4398515e-02
  8.6215979e-01
  5.4195777e-02
 -5.9895176e-02
  8.5595720e-02
 -5.2057788e-02
 -1.8845804e-02
 -4.8644189e-02
 -5.0386891e-04
 -3.1527007e-01
  1.2331366e-02
 -2.7088732e-01
 -3.6730483e-02
 -5.0356433e-02
  2.4163824e-02
  5.1338463e-03
  1.9024765e-01
  2.5046459e-01
  1.4604363e-01
  6.4470164e-02
 -1.9056672e-01
  2.2531839e-02
  1.4102972e-01
  7.0992284e-02
  4.4200537e-03
  1.5864580e+00
 -3.6322761e-02
 -8.1361402e-03
  1.1188965e-01
 -1.9792369e-01
  4.0710110e-02
  1.7806007e-01
  1.2800376e-01
  1.2382629e-01
 -4.7209367e-02
 -2.1962777e-02
  9.8345645e-02
  9.3133442e-02
  5.1938176e-02
  9.6766001e-01
 -2.0697750e-02
  4.2470079e-02
  2.7225453e-01
  5.3527988e-03
 -3.4648031e-02
 -8.2535855e-02
 -1.1931510e+00
 -6.5549769e-02
 -1.0242598e-02
 -1.3754057e+00
  2.4888057e-01
  3.2318015e-02
  4.7776654e-02
 -9.4842138e-03
  8.9598291e-02
  4.6626756e-01
  4.9846802e-02
 -2.0806673e+00
  1.4143068e-01
  3.6938009e-01
 -4.6706748e-01
  1.6873956e-01
 -1.0480441e-02
  7.6768488e-02
 -2.2303325e-01
 -2.0233000e-02
  8.6950220e-02
  2.4799502e-01
 -6.2711947e-02
  6.6653115e-01
 -1.7421821e-02
  4.4037095e-01
  5.3833850e-02
  1.4257492e-01
  5.6948084e-01
  6.3850515e-02
  1.4098144e-01
 -2.5845107e-01
 -1.8237044e+00
  1.8105185e-01
 -3.0778008e-02
  5.5222255e-03
  1.0013951e-03
  4.2600192e-02
  7.1942061e-02
  1.4404224e-01
 -1.5935609e-01
  1.2011681e-02
 -1.0098362e-01
 -4.4924477e-01
 -1.5239358e-01
  7.7664204e-02
  6.6308446e-02
 -3.1225246e-01
 -4.2410236e-02
  6.2596193e-03
 -1.6318889e-01
  1.1468565e-01
 -5.9319043e-01
 -9.8870075e-01
 -2.2860096e-01
 -2.0099247e-01
  1.6362773e-02
  2.8404362e-02
  6.2860554e-01
 -3.3324009e-01
 -3.0070329e-02
  2.4282655e-01
  2.1818208e-02
  6.5212719e-02
 -7.2350436e-01
 -1.9510427e+00
  3.8506351e-02
 -4.1158196e-02
 -1.5243499e-01
 -4.2748217e-02
  2.9156758e-02
 -1.0735270e-01
 -1.3308170e+00
  1.7647287e-01
  1.1227033e-01
  7.7978712e-01
  4.1530707e-01
 -1.5697308e+00
 -3.0267173e-01
 -3.8196273e-02
 -1.8531346e-01
  3.6289421e-01
 -1.2062617e-01
  2.1799400e-01
  3.0141574e-01
 -1.6214402e+00
  3.2009132e-02
 -5.1986380e-03
  1.7147008e-02
 -1.2689415e-01
 -2.7615681e-01
 -1.0231173e-01
  8.2857851e-03
 -2.4691267e-01
  5.5465259e-02
  2.9654852e-01
 -5.8232974e-02
 -4.3481883e-01
  1.6706875e-01
 -3.1949017e-02
  6.1230376e-02
 -3.7002337e-01
  8.4540226e-02
  1.5318416e-01
 -1.9277652e-01
  1.3333090e-02
  8.3575085e-02
  5.8262743e-02
 -2.4047686e-02
  2.8753951e-02
 -6.6378362e-02
  6.9859129e-01
  1.3429276e+00
  1.3289366e-02
  5.3896254e-01
 -1.2035383e+00
 -5.5310905e-02
 -5.4787898e-01
  1.0670846e+00
  1.0774012e+00
  4.2321358e-02
  9.4400928e-04
  9.8606759e-01
  3.1041303e-01
  5.8542166e-02
  1.2626410e+00
  1.1209418e-04
  2.1460900e+00
 -1.8694770e-01
 -7.9477513e-03
  8.7470874e-02
  2.0931480e-02
  5.6241587e-02
 -2.4306767e-01
 -4.0824586e-01
 -4.8738532e-02
 -7.5303636e-02
 -1.2771834e-01
  6.6136599e-02
  4.8464097e-02
 -5.5963829e-02
 -1.7733374e-01
  6.8870306e-02
  6.8153739e-02
 -4.1045329e-01
  9.2519915e-01
  4.5171529e-02
  1.7215103e-01
 -5.3324392e-03
  1.9444382e-01
  1.0136659e-02
  5.0889842e-02
 -2.1313833e-02
 -5.4295734e-02
 -8.1339218e-02
 -1.7327365e+00
 -1.2555128e-03
 -1.0233997e-01
 -3.6759298e-02
  1.3587365e-01
  3.8757626e-02
  5.1336106e-02
  4.9321420e-02
 -7.8345549e-01
 -2.0163405e-01
  7.9037040e-02
 -2.4366176e-01
  1.2355227e+00
 -8.6283320e-01
 -1.3911688e-01
  1.2572439e-02
  7.5935178e-02
  1.1592827e-01
 -1.1175615e+00
 -9.0122443e-01
  7.1132582e-01
 -3.7325568e-02
  5.1120842e-01
  2.1404503e-01
  2.5448164e-01
  4.6592850e-02
 -6.5206432e-01
  3.3116814e-02
  7.2601509e-01
  1.3863920e+00
 -1.4627597e+00
 -3.3862719e-01
 -1.5372393e+00
  4.7533575e-01
  1.5552052e+00
  3.9934227e-01
  3.5461482e-01
  1.0642128e-01
 -1.6909941e-01
  6.7010678e-02
  8.9556299e-02
  1.9558441e-02
  5.1411372e-01
  9.5814675e-02
  1.2056669e+00
  2.0192578e-01
 -1.6435714e-01
 -1.8246029e-01
 -2.6305625e-01
  8.1940144e-02
 -1.9941941e-01
  3.9222006e-02
  3.7962969e-02
  7.5440317e-02
 -1.4061329e-01
 -2.7290747e-01
 -1.9202707e-02
  1.0654423e-02
  1.3902162e-01
 -1.7832290e-02
  1.3956548e-01
 -5.9480958e-02
  4.3991324e-01
 -1.5823622e-01
  6.3580051e-02
 -7.5483538e-02
 -7.7889793e-02
 -3.2118186e-02
  1.7489912e-02
 -3.3854824e-02
  5.5357412e-02
  4.2823446e-03
 -1.1410199e-01
 -6.2323220e-02
  6.2119043e-01
  1.0755034e-01
 -4.1252157e-01
 -4.4431540e-01
 -4.6934819e-01
  5.9501803e-01
  9.9605340e-01
 -1.0123992e-01
 -6.3738497e-03
 -6.5155096e-02
  4.9719673e-02
 -6.2566513e-01
  1.6181345e-01
 -7.6277293e-02
 -1.0156956e-01
 -7.3824263e-01
 -1.1042097e-01
 -3.8567287e-01
 -2.3768887e-02
 -1.5363027e-01
  2.3701632e-01
  3.9506014e-02
 -7.6094282e-01
 -6.7059666e-02
 -1.8553680e-01
 -2.4792938e-01
  5.9062463e-01
  2.1698558e-01
  3.7376356e-01
 -5.7120264e-02
 -6.2163010e-02
 -3.7561753e-01
 -1.5589434e-01
  1.5259804e-01
  1.0015291e-01
 -3.9604592e-01
  5.0891746e-02
  1.9750325e-02
  7.0335424e-01
  2.3014871e-02
 -4.0255156e-01
  3.3179340e-01
  2.3654919e-02
 -4.2013782e-01
 -2.9585433e-01
  1.7846573e-02
 -8.4124602e-02
 -8.2863875e-02
 -1.6348660e-01
 -1.3025071e-01
 -5.9554461e-02
  1.7086793e-01
 -2.8971899e-01
 -1.2489413e-02
  3.5805818e-01
  2.1742031e-03
 -1.1229422e-01
 -5.1984972e-01
  2.2840297e-01
 -1.8533941e-01
  2.3815815e-01
  1.9101035e-02
 -1.4872721e-01
 -1.4791936e-02
 -7.4580514e-01
  1.7941442e-01
  8.0781318e-03
 -9.0384588e-02
 -4.6098329e-02
 -1.6284261e-02
 -2.7347794e-01
  1.3768747e-01
  8.6653940e-02
  4.0203608e-03
  2.7722018e-02
  1.3038397e-02
  1.3598548e-02
  8.8518284e-02
  1.4999315e-01
  4.3094348e-02
  8.1512767e-01
  5.5522017e-02
 -1.7556347e-02
  3.6791165e-03
  1.0634161e-01
  2.2335468e-01
 -7.5685881e-02
  2.3069545e-03
  7.5681377e-03
  2.6797924e-02
 -1.2432173e-01
  5.5805679e-02
  2.1375913e-02
 -1.4291424e+00
  1.2749373e+00
  7.9541653e-01
 -3.8064707e-02
 -7.1951598e-02
  1.5423281e-02
 -3.6062017e-01
 -1.7200541e-02
 -5.3558005e-03
  1.3444789e-01
  8.6595751e-03
  1.6311806e-01
 -1.2228259e-01
  5.2182145e-02
 -4.5720762e-01
 -3.1028655e-01
 -4.7881877e-01
  2.9717839e-01
 -6.9936299e-01
 -1.0156260e-01
 -6.7136064e-02
  2.3550172e-01
  1.3474006e-02
 -4.3972376e-01
 -5.7530034e-02
  1.0354290e-02
 -3.9991173e-01
 -7.3522102e-04
  2.1214700e-01
 -2.2236919e-02
  1.2681353e-02
 -7.8752387e-01
  1.0918140e-01
  2.2902927e-01
 -2.7891027e-02
  3.0817084e-02
  7.3424183e-02
 -8.8920362e-02
  3.2927923e-02
  3.3056197e-01
 -1.2896392e-01
  1.4816697e-01
 -9.5204130e-02
  2.0058868e-02
  2.8921487e-03
  9.5403809e-03
  1.1820990e-02
 -9.2900462e-02
  4.9682219e-02
 -1.2683249e-02
 -5.4365811e-03
 -4.0255088e-01
 -9.7269580e-02
 -2.6767567e-01
 -6.9776133e-02
 -1.5228161e-01
  3.3685073e-02
  5.4684483e-02
  5.7529397e-02
  1.2535018e+00
  5.5431444e-02
  2.5768245e-02
  2.9977879e-01
  8.8347703e-01
 -5.6203969e-02
  8.8423686e-03
  2.5779994e+00
 -1.0913092e-01
  1.8939678e-02
  7.4974974e-03
 -1.5264262e-01
  8.4000649e-03
  3.4448010e-01
 -2.3406681e-02
 -5.7830624e-02
 -2.2562245e-02
 -3.6460716e-02
 -1.4262033e-01
 -1.0718867e+00
 -2.5208760e-02
  3.8495455e-02
  6.5736264e-02
 -1.4950840e-02
  2.2094965e-03
 -4.4211444e-02
  1.3127464e-01
 -4.3636676e-02
 -5.8880849e-03
 -1.6153936e-01
  1.3391919e-02
  4.8177790e-02
 -1.8242201e+00
 -1.1765586e-01
  1.9408216e-01
 -1.0395223e+00
  1.8381013e-01
  1.4513094e-02
  4.8944041e-02
 -1.6315858e-01
 -4.3902603e-01
  8.2914390e-02
 -1.5068197e-01
  1.3865602e-01
 -3.1260792e-02
 -1.8767441e-02
  5.8351219e-02
 -1.2320723e-02
 -3.1002440e-02
 -4.9996223e-02
  2.0066328e-01
  1.5732428e-01
  3.2665946e-03
 -5.6007184e-02
  2.5585234e-01
 -1.3322954e-02
 -6.1765853e-03
 -1.3744079e+00
 -1.0046785e-01
 -5.4538477e-02
  5.4991102e-01
 -2.6499591e+00
 -4.9305272e-01
  1.2700897e+00
  1.7370880e+00
 -7.6509476e-02
  1.5186512e-01
 -1.0201318e-01
  4.5698766e-02
  1.1672857e-01
 -8.2569756e-02
 -1.7388156e-02
  5.1579094e-01
 -5.5265570e-01
  5.3449988e-02
  2.1246700e-02
  6.8321958e-02
  1.0696498e-01
 -1.3632193e-01
  1.8627470e-02
  7.1944185e-02
  9.0670243e-02
  6.3823827e-02
 -4.6267733e-02
  3.5033212e-03
 -1.8019198e-02
 -3.8974646e-02
 -1.7947070e-02
 -4.4571906e-02
  2.2144389e-01
  1.2896349e+00
  9.2446074e-02
  4.0098745e-01
  1.5456419e+00
  2.4749219e-02
 -3.8656933e+00
  1.4349174e+00
  2.8827599e-01
  5.4466802e-01
  1.3476956e-01
 -1.6324870e-01
 -1.8797954e+00
 -8.9544237e-01
 -4.8121291e-01
 -7.0031214e-01
  5.2906698e-01
  9.3534581e-02
  4.6672648e-01
  1.5314923e-01
  8.8462543e-01
  1.2403434e-01
 -9.6794069e-03
 -1.2104804e-02
  7.9653919e-02
 -6.7655659e-01
 -5.6741100e-02
 -2.2992374e-01
 -4.0945557e-01
  1.2166364e-04
  3.8734816e-02
  1.6598438e-01
 -2.2266048e-01
 -1.1121083e+00
  2.5085360e-01
 -1.3806951e-01
 -1.1415821e-01
 -3.1170246e-01
 -3.6207008e-01
  5.8503520e-02
  1.2101474e-02
 -3.2908100e-01
  7.9399925e-03
 -1.4233670e-02
  2.2406707e-02
 -1.7343728e-01
  1.3446438e-01
  8.2520626e-02
  8.0663171e-03
  1.9424541e-01
 -1.5775612e-02
 -1.8874112e-01
 -3.4533225e-02
 -4.4555426e-02
  2.5001137e+00
  3.8787268e-02
 -1.4761607e-02
 -9.8209083e-02
  2.4185672e-01
  2.1157521e-01
  2.3203479e-02
  2.1070144e-01
 -4.1164104e-03
  1.6220750e+00
  3.0520007e-01
 -2.6264548e-01
 -1.2658994e-01
 -1.1389966e-01
 -1.3780786e-01
  2.3594870e-01
 -3.2964002e-02
 -2.2695279e-02
 -8.6592883e-02
 -1.5938258e-02
  5.0632738e-02
 -2.5174493e-02
 -2.5146601e-01
 -2.6238653e-01
 -1.6364869e+00
 -3.9412293e-01
 -1.6261408e-01
  2.5030154e-01
  4.2750958e-01
 -1.4527082e-01
  2.0941009e-03
  1.2672293e+00
  6.1927792e-02
  9.7275361e-02
 -1.0112860e-01
  7.8868665e-02
 -5.9827574e-02
 -2.3058349e-02
  4.4198517e-02
  1.1701691e+00
 -2.8339532e-01
 -5.2010711e-02
  7.9953983e-02
 -1.2955952e-01
  1.2511715e-01
  2.3423940e-01
 -1.3675939e-01
 -1.3484491e-01
 -3.8400906e-01
  9.1047324e-03
  2.4634644e-02
  1.6081104e-01
 -3.9720293e-02
 -9.5647888e-04
 -2.2652705e-01
  1.8935944e-01
 -9.4032481e-02
  9.8378785e-02
  7.5099058e-02
 -5.9010528e-02
 -2.2653759e-01
 -1.1083946e-01
  9.8921023e-02
 -1.6245946e-01
  1.6394727e-02
  1.4164066e-01
  5.3540975e-02
 -2.4201968e-01
  1.1673111e-02
 -2.7289802e-01
 -9.2682056e-03
  1.0475297e-02
  1.6973941e-01
 -2.9234216e-02
  2.2970979e-01
  1.9160315e-02
 -1.5449264e-02
  6.6228963e-02
 -1.1328875e-01
  6.1131839e-02
 -1.5320823e-01
 -3.6444551e-01
  4.9786318e-02
 -4.6435127e-01
 -1.0651150e-01
 -4.4011548e-02
  2.8076511e-02
 -1.3136907e-02
 -8.5683867e-02
 -1.1121619e-01
  6.6590630e-02
  1.3657099e-01
  2.0230852e-01
  5.4552600e-02
 -9.9040383e-01
 -7.4566029e-02
  1.4863642e-01
  5.4375052e-02
  2.5198415e-01
  2.6184157e-01
  2.3450299e-01
  1.7437384e-01
  1.2102357e-01
 -1.3013762e-01
  5.2364454e-02
 -1.3949049e-02
  4.0389948e-02
 -1.4213660e-01
  1.3621398e+00
  1.6729233e-01
 -2.9245490e-02
  1.1333718e-03
  1.0501260e-01
  1.7719135e-02
  3.2386288e-02
  1.8283648e-03
  2.8925663e-04
  6.7227620e-01
 -2.2664294e-02
  2.8891566e+00
  1.3041615e-01
 -1.1268084e-02
 -4.9565595e-02
 -1.0789711e-01
 -1.9577989e-02
  8.0662355e-02
 -4.1400371e-03
 -2.7606534e-02
 -1.1021802e-01
  7.8760570e-01
  7.5153880e-02
 -1.2485151e-01
 -4.3461257e-01
 -3.1352803e-02
  9.5141225e-02
  2.0734913e+00
 -1.5829977e-02
  3.5326329e-01
 -4.2971030e-02
  1.3078117e-01
  7.5245723e-03
 -1.9890253e-01
 -8.6137474e-02
  7.6429650e-02
  3.2134855e-01
  2.0591435e-01
 -3.8155267e-01
 -2.6478421e-02
 -2.1745609e-01
 -5.3180444e-01
 -8.9706453e-03
  1.7121659e-01
 -6.6662788e-02
 -1.6928105e-02
  2.2799930e-01
  8.2623521e-03
  5.5994891e-02
 -1.8456482e+00
 -6.7637867e-01
 -2.0521685e-02
  5.2496251e-02
  6.9274420e-01
 -1.3648249e+00
 -1.3917659e-01
 -4.5139989e-01
 -1.1737245e-01
  1.0331691e-01
  6.9669133e-01
 -1.5913865e-01
 -1.4915316e-01
 -5.0240374e-01
 -3.8619164e-01
 -1.8758662e-01
 -1.4243602e-02
  1.0992582e-01
  1.8397331e-02
 -6.6027522e-01
  2.2315763e-01
 -2.0530138e+00
  1.4300815e+00
 -2.2382747e-01
 -6.3957345e-01
  1.7419827e+00
  8.5010365e-02
 -2.3621868e-01
  6.8742797e-02
  4.0169243e-02
 -1.2140383e+00
 -3.7901512e-01
 -1.2686435e+00
  8.4298216e-02
  9.5457411e-01
 -2.1805075e-01
  5.9845316e-01
 -1.2487292e-01
 -8.6387239e-02
 -2.3307730e-02
 -3.2076925e-01
 -1.2289817e+00
 -2.9176176e-01
  2.6868224e-01
 -9.6426672e-01
  2.3927540e-01
 -4.4171277e-01
  3.6621949e-01
  4.5368653e-02
 -1.8932372e-01
  1.9041911e-01
 -7.5833559e-02
  5.5265430e-02
 -2.6009494e-01
 -4.3047763e-02
  7.8643411e-03
  2.6847940e-02
  3.0480081e-01
  3.8415596e-03
  9.6020103e-02
  1.0865659e-01
 -9.1102622e-02
 -3.0104408e-01
  8.6025618e-02
 -4.5297423e-01
 -4.3110847e-02
  3.7176546e-02
 -9.6563600e-02
 -5.2553616e-02
  7.4105650e-02
  4.1893050e-02
  9.6355036e-02
 -2.2907710e-02
  9.6225608e-03
 -1.5757872e-01
  2.7241790e-01
 -3.8290322e-02
  2.6611069e-01
  9.1577433e-03
  2.2073980e-01
 -9.0084793e-03
  7.9165034e-02
  1.3938370e-01
  1.3407411e-01
 -1.3793020e-01
  2.0069148e-02
  2.2966152e-02
  6.0139418e-02
 -1.6006318e+00
  2.3849739e-01
  1.9287121e-02
 -1.0133840e-02
  5.2451873e-01
  2.1192905e-02
 -3.7491083e-01
  2.7853492e-01
  7.7986775e-04
 -7.6074339e-02
  8.0034983e-01
 -8.1121825e-02
 -1.6049612e-01
  8.0549106e-02
  3.8225856e-01
 -3.8557045e-02
 -1.4407139e-01
 -8.4061868e-02
  2.3414472e-01
 -6.8740286e-02
 -3.2138783e-02
  8.0023324e-01
  4.1574626e+00
  6.4425819e-02
 -1.1630537e-01
 -6.7981280e-02
 -3.3659509e-01
  7.7280574e-02
  2.9479042e-01
 -2.3144574e-01
  7.7811688e-02
  7.9496086e-02
  2.5216112e-02
 -5.9551984e-02
 -6.7837185e-01
 -6.3494891e-02
 -3.4862241e-01
  2.6676049e-02
  9.7135538e-01
 -8.8426724e-02
 -1.5066443e-02
  9.8661423e-02
  7.2833741e-01
  6.5210295e-01
 -1.4594546e-02
 -1.0137461e-01
  4.8045497e-02
  2.2100924e-01
  1.9003880e-01
 -7.9652882e-01
  1.8424988e-01
 -5.3585138e-02
  1.6899115e+00
  7.5694993e-02
 -1.3879643e-02
 -2.4851826e-01
 -4.1347024e-01
  4.1744086e-01
  9.0686083e-02
  2.5863105e-01
 -3.1571042e-02
  1.2972079e-01
 -1.2861560e-01
  1.4432096e-01
 -1.0055016e-01
 -2.3490820e+00
 -3.1089429e-02
  1.9551532e-01
  1.1539453e-01
  9.3167104e-02
  1.1384416e-01
 -3.3943564e-02
  3.2685477e-02
  9.7400188e-02
  2.0157120e-01
 -9.6939266e-02
  6.2480859e-02
  6.9243409e-02
 -3.7505907e-01
  1.6007088e-02
 -2.4513690e-02
 -1.0014098e-01
 -9.7638451e-02
 -1.5685312e-02
  6.5457307e-02
 -9.8551303e-01
 -2.3679838e-02
  1.6065021e+00
  6.7120068e-02
  1.3800188e+00
  1.4920586e-01
  5.9468538e-02
 -6.2896973e-01
  1.8299373e-02
  1.4125319e-01
  4.7860587e-01
  2.3587736e-01
 -7.3163092e-01
 -2.8844872e+00
  5.0131607e-01
  3.3015171e-01
  1.8178952e-01
  3.6467519e-02
  2.9942101e-02
 -5.8797300e-01
 -7.9046682e-02
 -4.5098650e-01
 -2.2691293e-02
 -6.1118639e-01
  1.0257149e+00
 -3.0732602e-01
  7.5666994e-02
  9.1433346e-01
  1.4541847e-01
  6.1259247e-02
  3.3136517e-01
 -2.1781312e-01
 -9.6250378e-02
  2.3488510e-02
  2.6144506e-02
 -1.5957482e-01
  4.5730375e-02
  1.2211454e-01
  1.9652413e-01
  1.0066681e+00
 -4.3528712e-01
 -5.0126874e-01
  2.2247717e-01
  6.5742217e-02
  1.8102144e-01
 -2.7133942e-02
  4.0400162e-02
 -5.2258037e-02
 -8.4113311e-03
  1.1249559e+00
  9.8209366e-02
  9.6650839e-02
  3.2291460e-01
  1.4877589e-01
  3.0584395e-01
 -1.3623932e-01
  2.1610625e-01
 -7.7859350e-02
 -2.2184294e-02
  2.1213207e-02
  1.4227441e-01
 -3.3905644e-02
  1.6346094e-01
  1.0703292e-01
  4.0282842e-02
 -7.1200659e-03
  4.0550217e-02
 -3.8143005e-02
  1.1217916e-01
  5.1108497e-01
 -9.9503750e-01
 -2.4969012e-02
 -1.3213110e-01
 -8.2354212e-01
 -8.3017342e-02
  1.3439479e-02
  1.0019159e-01
  3.2784149e-02
  1.4660469e-02
  1.3003561e-01
 -8.2557634e-02
  9.1085531e-02
  1.9951859e-02
 -7.3166895e-01
 -8.6793542e-02
 -4.2829454e-02
  1.9779827e-02
 -2.6620608e-02
 -7.2259635e-02
 -1.0270596e-01
 -3.8442415e-01
 -2.4176791e-01
  4.8498055e-01
 -1.5203424e-01
 -9.2562568e-01
 -8.7871961e-02
 -1.0551632e-01
  7.7570438e-02
  1.2111564e-01
  6.1896676e-01
  1.4306542e-01
  5.3503114e-01
 -1.9255923e-02
  8.7446862e-01
 -1.6884944e-01
  6.1431013e-02
 -4.9036541e-03
  3.0207429e-02
  3.8534444e-02
  9.7698390e-02
 -8.8257760e-02
 -7.8061946e-02
  7.5066939e-02
  3.4815274e-02
  8.7546639e-02
  2.0559210e-01
  1.6750556e-01
  1.2368836e-02
  1.1289617e-01
  5.1519357e-02
 -2.0014532e-01
 -5.1320300e-02
  5.1745065e-02
  8.5716166e-02
  3.8793847e-02
  4.0097561e-02
  3.4558188e-02
  1.0985949e-01
 -2.7949402e-01
  2.8502283e-01
  6.3478155e-03
 -2.6523167e-01
 -4.8090330e-01
  3.9313912e-02
 -1.7044796e-01
 -6.0057605e-04
 -1.3928412e-02
  6.1795570e-02
 -8.8463455e-02
 -1.9651711e+00
 -2.5787948e-02
 -1.4761671e-01
 -1.8657470e-02
  2.1307659e-03
 -1.9679764e-01
 -2.4799268e-01
  4.0043928e-02
  5.8648448e-02
 -2.4552907e-01
 -3.3302587e-02
 -2.3041464e-01
  4.7513202e-02
  6.5080471e-02
 -2.0733586e-01
 -1.0586235e-01
 -1.4104568e+00
 -5.7181279e-04
 -1.0648967e-01
 -5.1007915e-02
 -1.0551074e+00
 -3.2320052e-02
  1.7181301e-01
  1.0148065e-02
  2.2269151e-01
 -5.3317510e-02
 -2.8094573e-02
  9.1152221e-02
 -4.8265956e-02
 -8.2126237e-02
 -2.0487338e-01
 -1.4638452e-01
 -4.3234576e-02
  8.2309926e-03
  5.8177784e-02
 -3.2606646e-02
  5.5086287e-03
 -1.4725456e-01
 -2.1096052e-01
 -4.8628416e-02
 -2.5072518e-01
  2.7811181e-02
  3.0169303e-02
  2.1770826e-02
  6.8335198e-02
  3.4917113e-01
 -1.4967429e-02
 -2.9792283e-02
 -4.2089322e-01
  1.4609820e+00
 -1.7203313e+00
 -2.5625360e+00
 -5.1596008e-02
  2.5841514e-02
  1.3808489e-01
  1.9551146e-01
 -8.6854808e-02
  9.9950925e-02
  2.4562752e-01
  5.2458268e-01
  8.3552390e-01
  7.1684338e-02
  4.8926729e-01
  4.9873114e-02
  1.9375068e-01
  3.4812880e-01
 -2.0250200e-01
  8.8965155e-02
  3.3106573e-02
  1.7623624e-01
  3.5103965e-01
  6.3654906e-01
 -2.0554821e-01
 -1.2850745e-01
  2.0520546e-02
  7.6508589e-02
 -7.0632324e-02
  5.2758526e-02
  2.2432896e-01
  3.8697022e-01
  1.4514805e-01
 -3.7794080e-01
  8.5609156e-01
  7.0671067e-02
  5.3466755e-01
 -3.0338824e-01
 -5.9150700e-02
 -4.6473911e-01
 -7.3010373e-01
 -3.1243396e-01
  1.1442693e+00
 -3.0354661e-01
 -2.7883032e-01
  3.3472392e-01
  3.4893736e-01
  1.1172619e+00
  3.6518928e-01
 -1.0541977e+00
 -2.1116799e-02
 -6.8756968e-01
  8.4039634e-01
 -8.7590659e-01
 -6.6072339e-01
 -2.2505255e-01
  1.4581209e-01
 -1.3449304e-01
  7.2184414e-02
  6.5454137e-01
 -5.6954706e-01
 -2.1774417e-02
  1.3936000e-01
 -8.5669376e-02
  4.9940896e-01
 -1.9420691e+00
 -1.8714873e-02
 -4.5497995e-02
  5.6255698e-02
  2.1482367e-02
 -9.3021423e-02
  7.9890639e-02
  1.0177912e-01
  1.8706694e-02
 -4.6090413e-02
  1.5079191e-01
 -4.0425420e-02
 -3.4204461e-02
 -2.3658159e-01
  3.0486403e+00
 -6.5578872e-01
  2.3127355e-02
  4.1248336e-02
 -7.0666119e-02
  6.7418128e-02
  5.5515252e-02
  9.4750948e-02
  2.3901385e-01
  4.6066977e-03
  8.9584962e-02
  9.9198602e-02
 -4.0485561e-03
 -7.7571049e-02
 -9.1071814e-01
 -1.3965468e+00
 -1.3529284e-01
 -4.3827623e-02
 -4.8015248e-02
 -2.0486444e-02
 -6.2381044e-02
 -3.5442778e-01
  1.8521847e-02
 -2.8529994e-02
 -1.0667974e-01
 -1.0707676e-01
  1.5925732e+00
  7.5722285e-02
 -4.0430227e-01
  7.6539882e-02
 -6.0464960e-02
 -5.1864762e-02
 -8.1533849e-02
  6.2329240e-02
  4.1440465e-02
 -3.5449505e-02
 -3.7871357e-02
  1.5832551e-01
  2.0280939e-02
  5.9521992e-02
  1.9497728e+00
  1.4090539e-02
 -8.7563314e-02
 -8.0082196e-01
 -1.4788880e-02
 -2.6262864e-01
 -5.1646601e-02
 -2.5916091e-01
 -1.4266334e-01
  2.4983069e-04
 -2.2673531e-01
  2.6012164e-01
 -1.8089920e-01
 -3.6032122e-02
 -4.6859223e-02
 -8.4568508e-02
 -1.7460865e-01
 -1.2902237e-02
  3.0635068e+00
 -1.2462346e-01
 -4.3872070e-02
 -2.1576893e-01
 -1.0342058e-01
 -1.9311294e-01
 -7.5852983e-02
 -1.1837018e+00
 -2.4922686e-02
 -2.4972765e-01
  1.3701314e-01
 -5.3747493e-01
  2.5106035e-02
  6.6766374e-02
  4.6782631e-01
 -4.7226552e-02
 -9.4454419e-03
 -7.8072065e-01
  1.0229874e-01
  1.9146424e-02
  1.1308300e-01
 -6.8141520e-02
 -6.0344998e-02
  1.5008418e-01
  3.8448155e-02
 -9.6420376e-03
  6.3532226e-02
  3.3569060e-02
 -4.1179851e-02
 -1.3463177e-01
  6.9738917e-02
 -1.1405479e-01
  9.2628030e-03
 -7.4683350e-01
  5.5330314e-02
  4.9921740e-02
  1.5041322e-02
  1.1923139e-01
  3.0051174e-02
  1.0474534e-02
 -4.3584008e-02
  2.7270782e-01
  8.8714130e-02
 -5.4969388e-01
 -3.2229550e-02
 -3.9095727e-01
 -3.4976996e-02
 -8.8945359e-02
  4.4684168e-02
  7.1276641e-01
 -1.4511072e-02
 -5.6837627e-04
 -4.8853897e-02
  3.8962331e-02
  8.7181550e-01
  4.6200883e-02
  5.2837273e-03
  3.1538531e-02
  1.9276621e-02
  1.5980236e-01
 -5.3050879e-02
  2.5559315e-01
  3.1631891e-02
  6.8139069e-02
 -2.7202597e-01
 -1.2061607e-02
 -1.1312138e-01
 -7.8726918e-02
 -6.1844140e-02
 -8.5978001e-02
 -6.6099089e-01
 -1.1935377e-01
 -5.7186645e-01
  6.5835214e-01
  3.0555925e-01
 -2.4586058e-01
 -9.2145127e-01
 -4.9226561e-01
  3.1293005e-02
 -4.7176935e-02
  1.2304560e-01
 -3.4506228e-02
 -6.8355314e-02
  2.8812625e-02
  1.5765072e-01
  1.0428417e-02
 -1.4217998e-01
 -1.6934308e-01
  2.8481331e-01
 -4.5548216e-02
  1.0400458e-01
  1.5225784e-02
  8.4454292e-01
 -7.7485286e-02
 -1.1203065e-02
  1.4094079e-02
  5.4625833e-01
  1.7931123e+00
 -5.5239938e-02
 -2.7624953e-01
  1.8249931e-02
 -1.8962178e-01
  1.2494350e-01
 -1.6124748e-01
  4.7482707e-02
  1.7003945e+00
  2.1585042e-02
 -3.1476608e-01
 -1.0152461e-01
 -1.2092504e-01
 -1.2287641e-01
 -1.1959264e-02
 -1.2840541e-01
  8.7042060e-03
  4.7955137e-02
 -5.6328479e-02
  2.1561719e-02
 -5.0823346e-02
  4.0084071e-02
  1.6563439e-01
 -2.3966065e-01
  3.1118099e-02
  9.8781794e-02
  6.2130563e-02
  8.7531283e-02
 -2.1678127e-01
  1.9319747e-02
  1.0360402e-01
  6.3098208e-03
 -1.7431211e-02
 -1.0780603e-02
 -4.5647535e-02
  1.6176666e-01
 -2.3428397e-01
  1.9157688e-01
 -6.6612445e-02
  1.1447262e+00
 -1.1699605e-01
  9.8256934e-01
 -2.0015283e-01
  8.0382191e-03
  9.4671026e-02
  9.6533429e-03
 -2.3813520e-02
  1.3704523e-02
  2.5122730e-02
 -1.1421910e-02
  2.8341872e-01
  1.0348794e-01
 -2.8286797e-01
 -1.9346203e-01
 -9.9422878e-01
 -1.1335241e-01
 -7.6339208e-02
  1.3013843e-02
  3.9369723e-01
  1.0208718e+00
  2.5391242e-01
  5.5933084e-02
 -4.3593779e-02
  8.5284784e-03
  3.1596661e-01
  4.7252279e-02
 -5.5762820e-02
  1.2177702e-01
  1.4442924e-01
 -2.3924945e-01
  1.2744911e-01
  5.0269724e-03
 -4.0448673e-02
  2.9074657e-01
  6.0739690e-01
  7.3401131e-02
 -3.3247238e-01
  1.6732134e-01
  6.9674504e-01
  9.1346753e-01
  1.6363798e-01
 -1.8007754e-01
 -3.4429345e-01
  1.2660387e-01
  7.5393319e-01
 -1.6802277e-01
  8.2467971e-03
 -4.1117705e-02
 -9.6496083e-02
  5.2492762e-01
  2.1044009e-03
 -4.8529226e-02
 -2.2567692e-01
  2.3008697e-02
  3.9503939e-02
  2.8768983e-02
  4.3377042e-02
  2.1325898e-01
  4.5030501e-01
 -4.0338659e-03
  4.2325178e-01
 -1.4374876e-01
 -8.2447916e-02
  8.3117299e-02
  4.1766530e-01
 -5.5943672e-02
  8.7645896e-02
  3.7895955e-02
 -6.4599961e-01
 -1.4893755e-01
  3.3936087e-02
  3.0786507e-02
  6.2009051e-02
  3.2896283e-03
  3.5766175e-01
 -5.5302411e-02
  4.3378614e-02
  5.5337250e-02
  6.6590764e-02
  1.0029534e-02
  1.2398712e-01
  5.2435998e-02
 -1.0837574e-01
 -4.7538367e-01
 -8.4026694e-02
 -1.5797146e-01
 -6.9770344e-02
 -3.9635330e-02
  6.9654763e-01
  3.4159303e-01
  7.4669704e-02
  4.6739575e-02
 -2.0147857e-01
 -3.5180148e-02
  1.5924753e+00
 -1.2411334e-01
  7.4334498e-03
 -1.5160503e-02
 -1.2873899e-02
 -3.6662519e-02
  7.4514940e-02
  2.3553345e-01
  3.1345442e-01
 -4.6865796e-03
  1.2996458e-02
 -2.8766649e-02
 -5.7669193e-02
  3.6726136e-02
 -7.1809202e-01
 -3.3301003e-02
 -1.7712314e-01
 -1.4985009e-01
  6.2103871e-02
  1.8226786e-02
 -1.2295453e-01
 -1.5187991e-01
  3.1474802e-01
 -1.6845876e-02
 -3.9992702e-01
  2.8572684e-02
 -8.1944185e-01
 -3.5869966e-03
  4.5700509e-02
 -8.6500682e-02
 -2.0668589e-01
  7.0546471e-02
 -4.0499970e-01
  3.5982676e-02
 -8.5763633e-03
  1.9250748e-01
  2.8678857e-02
  6.6575743e-02
 -2.2666346e-01
  1.1631022e-01
 -1.1248754e-01
 -2.3484276e-01
 -9.6558526e-02
 -1.3478328e-02
  3.9838613e-03
  1.5791199e-03
  1.9706780e-02
  1.1806978e-01
  5.5822816e-02
  6.0710973e-01
 -1.1856165e-02
 -7.2535104e-03
 -3.7409332e-01
 -4.3585856e-02
 -2.5907907e-01
  1.2103511e-01
 -7.5327277e-01
 -4.4010919e-02
  3.8338432e-01
  4.1120842e-01
  5.9543423e-02
  1.4308962e-01
 -2.1912395e-03
 -8.9581966e-02
 -1.7369094e-01
  3.3149879e-02
  7.6164126e-02
  2.4239684e-02
 -1.1798017e-01
 -5.2292146e-02
 -1.9406277e-01
  1.8111543e-01
  1.6213538e-01
  1.2513930e-01
  1.0092484e+00
 -1.4593701e-02
  2.4691297e-02
 -1.8867850e-02
  1.5912428e-01
  2.4355890e-02
  4.2449776e-03
 -3.8590271e-02
 -6.1775237e-01
  3.4035155e-01
  6.8179452e-01
  1.8928760e+00
 -2.5370565e-01
 -5.7275094e-02
  7.4653998e-02
 -1.7244048e-02
  3.1643975e-01
  8.5681707e-02
  5.5811900e-01
  5.5386603e-02
 -2.2250341e-01
 -1.1984295e-01
 -8.8750875e-01
 -4.1415603e-04
 -2.8951484e-01
  2.0680164e-01
 -1.5196851e-02
  5.1779306e-01
 -3.2660964e-01
  1.1765361e+00
 -8.1803310e-01
  1.4264716e-01
  5.4287958e-01
  2.0667221e-02
 -1.1081245e-01
  7.3548310e-02
 -1.1622904e-01
  1.0703930e-01
  2.0797704e-01
 -2.9449454e-01
  8.5875668e-02
 -2.6646684e-04
 -8.8782407e-02
  2.1860631e-02
 -5.9054434e-02
 -1.9838046e-01
 -4.4688214e-02
 -5.8358468e-02
  3.8065106e-02
 -7.0226155e-02
  1.0486905e-01
 -1.5013900e-01
 -4.7207024e-02
 -7.1528293e-02
  7.9890722e-03
  1.0438504e-01
  3.7126273e-01
 -2.3680089e-02
 -8.0917165e-02
  1.0246582e-01
  2.8609531e-02
  1.5677409e-01
 -4.6956930e-02
  1.6840217e-01
 -3.7235406e-03
 -8.8256709e-02
  5.7526594e-01
  4.5773724e-01
 -1.2041551e-01
  4.8650515e-01
  1.6333785e+00
  3.4350544e-01
 -5.9972626e-01
 -6.5142579e-02
  1.2254293e-01
 -9.6306317e-02
  1.6851524e-01
  5.8343554e-01
 -3.2773358e-01
  1.9447929e-01
 -1.0873686e-01
  2.7478591e-01
  8.5515082e-01
  5.1528150e-01
 -7.1541972e-02
 -6.6557847e-02
 -2.8051379e-01
 -7.2007984e-02
  1.3075525e-02
  8.8386357e-02
 -1.5582335e+00
  8.6883664e-01
  3.3849999e-01
 -1.0648508e+00
 -1.0235979e-01
  2.4671566e-02
 -9.5415663e-04
 -4.4044740e-03
  3.3983168e-01
 -2.0722842e-01
  1.0369277e+00
 -2.0025544e-01
 -9.6295148e-01
  2.0884535e-01
  4.2969398e-02
 -2.2566210e-01
 -1.1940366e-02
 -4.9892229e-01
  4.4295508e-02
 -5.4082108e-01
 -9.3044415e-02
 -6.0817933e-01
  7.9351526e-01
  8.8363510e-01
 -1.1437898e+00
 -1.9023444e-01
  6.2806642e-01
  4.7156370e-01
 -4.6602845e-01
  7.5723827e-01
  1.4136548e+00
 -3.4801203e-01
 -7.6343197e-01
  1.1059000e+00
  1.9871466e-01
  1.3499749e-02
 -3.5673776e-01
  1.8682962e-02
 -9.5079535e-01
 -5.6285728e-02
  7.4016398e-01
  6.0600579e-01
 -2.0822933e-01
  1.3760115e-01
  1.0149696e+00
 -1.0415521e-01
 -1.9848228e-01
  1.2186645e-01
  2.1108618e+00
  7.8198917e-02
 -1.8576087e+00
  7.5223976e-01
 -7.9599434e-01
 -5.2832350e-02
  1.0482935e+00
 -7.4357085e-02
  7.7216673e-01
  1.1281520e+00
 -1.9003870e-01
  5.0675440e-01
 -1.4071123e-01
  4.4849053e-01
 -5.2920115e-01
  2.4522324e-01
 -4.1863486e-02
  1.4806943e+00
 -2.3966573e-02
  7.7749252e-01
  1.6223748e-01
  1.3285646e-01
  2.9199797e-01
 -1.3794075e-01
  2.8657225e-01
 -1.7337604e+00
 -2.2585748e-02
 -8.4339941e-01
  3.5458297e-01
 -3.4140923e+00
 -1.0252649e+00
  1.7035323e-01
 -2.6335118e-02
  2.1398908e-01
 -7.3224372e-01
 -5.4185879e-01
 -2.2669642e+00
 -4.0078500e-01
 -2.0961088e-01
 -3.3474839e-01
 -7.4890709e-01
  3.9778066e-01
  1.3398410e+00
 -2.1614634e-01
  7.6053667e-01
  1.3628100e-01
  1.2428166e+00
 -4.3559350e-02
 -3.2851931e-01
  1.2789181e-01
 -1.3155799e+00
  1.0935612e+00
 -1.4074849e+00
 -1.5702772e-01
  2.1583257e+00
 -9.6005477e-02
  1.9877757e-01
  9.7626948e-01
  8.5711205e-01
  1.0895884e-01
 -1.7044812e+00
  1.2444889e-01
  3.3004704e-01
 -1.4527224e+00
 -1.1702539e+00
 -1.6168828e-01
  1.4554961e+00
  2.9130558e-02
 -2.3138368e-01
  4.7444251e-01
  9.2726022e-01
 -7.5416923e-01
  5.4885811e-01
  3.3828989e-01
 -1.8752919e-01
 -2.0334096e+00
 -9.0665323e-01
  2.3982465e+00
 -4.3178402e-02
  2.2314384e+00
 -5.1184863e-01
  1.0957953e-02
  2.2977083e+00
 -3.3109766e-01
  1.4741511e+00
 -1.4134631e-01
  2.2645576e-01
 -3.0927714e-02
  1.6644798e-01
 -2.2608468e-01
  8.6011142e-02
  9.9120045e-01
  2.7215490e-01
  1.4464080e-01
 -2.1989557e-01
  2.1362759e-01
 -3.1676318e-02
 -8.4028117e-02
  7.1617350e-02
  9.1216795e-02
 -2.7178645e-01
 -5.3901937e-02
  2.0633087e-01
  6.3661462e-01
  4.1390851e-02
  2.5326092e-02
 -3.7941236e-02
  8.7503701e-02
 -4.4362079e-02
  4.9171951e-02
  5.8643311e-01
  2.1503796e-01
  6.9436505e-02
  4.5525447e-01
 -2.3135304e-02
  7.7875525e-01
  5.9470588e-01
 -3.7583938e-01
  7.3880129e-02
 -8.0262966e-02
  2.4553247e-02
 -9.6123047e-02
  3.3185533e-01
 -2.1089981e-01
 -1.4084628e-01
 -2.0478992e-01
  1.8106467e-01
 -2.5596924e-02
 -2.6550081e+00
  5.3660959e-02
  1.6786341e-02
  1.1895406e-01
  3.6640722e-02
  2.1033172e-02
  3.4043729e-02
  4.8340198e-02
 -2.7162574e-02
  9.0529304e-03
  6.3269347e-01
  3.8244881e-02
  9.3579555e-01
 -1.9288717e-01
 -2.3609031e-02
 -6.2020198e-02
  5.3779325e-03
  5.3717669e-02
 -1.5046164e-01
 -3.6799386e-02
  2.4992779e-01
  4.0942032e-02
 -1.4252295e-01
  3.0648041e-01
  1.1439317e-01
 -7.2385669e-02
 -2.7276298e-01
 -1.1974615e-01
  1.2983455e-01
  2.0663333e-01
  3.3092260e-01
 -3.6639538e-02
  6.9771998e-02
 -1.5885200e-01
  3.7915945e-02
 -3.1292707e-02
 -3.7881181e-02
  1.3491169e-01
 -1.8629145e-02
 -1.1355245e-02
 -3.8024667e-01
 -2.0397990e+00
 -2.7472547e-01
  1.8502245e-02
  3.4963459e-01
 -3.7990254e-01
 -4.4342032e-01
 -6.0465419e-01
 -1.2871218e-01
 -7.6159942e-01
  8.7747298e-02
  3.6929575e-01
 -7.9447925e-01
 -7.5329043e-02
  1.2123216e+00
 -4.0576335e-02
  6.0942419e-02
 -3.7965569e-01
 -6.0859829e-01
  8.9431219e-02
  1.3197473e-01
  1.4940766e-01
 -9.4805014e-01
 -9.2415027e-03
  7.6680914e-03
  8.0675423e-02
 -3.7908524e-01
  7.6637648e-02
  8.8472962e-02
  1.4290551e-02
  4.0967301e-02
 -2.4821003e-01
 -7.0580453e-01
 -4.5927733e-01
  5.1361963e-02
 -1.8203288e-02
  7.1762465e-02
 -1.7768104e+00
  1.6595168e-01
  1.5772487e-01
  8.4305994e-02
 -1.1859399e-01
  5.9976912e-01
 -4.7127862e-02
 -2.8296852e-01
 -3.3082017e-01
  1.9086419e-01
 -1.6273673e+00
  9.4285673e-01
 -5.6865746e-01
  4.2106178e-02
  4.2809233e-01
 -2.9330164e-02
  2.8510848e-01
  1.3053427e-02
  8.7035365e-02
 -5.6417799e-01
  6.5420099e-02
  1.6582020e-01
  6.5575100e-02
  1.3245566e-01
  7.1952283e-02
  1.9701034e-01
  1.1049614e-02
  5.7140386e-01
  1.1893583e-01
  1.3878857e-01
 -1.4764392e-01
  1.0002919e-01
  7.9223569e-03
 -2.8215794e-02
  1.0358544e-02
  7.6477453e-02
  4.1392050e-03
 -9.7032252e-04
  1.1718214e-01
  6.5562412e-02
 -1.7118117e-01
  5.5050395e-02
 -5.8174178e-02
  1.3259202e-01
 -7.7537306e-02
 -1.6687672e-01
  2.6094854e-01
 -2.3658374e-01
 -1.0089371e-05
  1.1633832e+00
 -1.2246545e-01
 -4.5338967e-03
  2.2006869e-01
  1.2032405e-01
  8.4621437e-02
  1.9925129e+00
 -4.8089468e-01
  1.4213477e+00
 -6.3691497e-01
 -8.8619238e-01
 -9.9540663e-01
  2.6514235e+00
 -1.0127704e+00
 -2.6123753e-02
 -1.9510718e-01
 -5.3425765e-01
 -3.8183853e-02
 -2.7306452e-01
  3.2576080e-03
 -3.0468082e+00
  1.6823789e+00
  1.6676839e-01
 -8.8554913e-01
 -2.3388950e-02
 -4.8761431e-02
 -6.9714308e-01
  8.6786669e-01
 -4.9664241e-01
 -2.2516290e-02
 -3.2027524e+00
  1.2055550e-02
  1.0157185e-01
  1.3839559e-01
 -1.6496252e-01
 -2.3176622e-01
  3.1074686e+00
 -1.0544064e+00
 -4.0801615e-01
 -7.6152784e-01
  1.9050285e-01
 -2.7655098e-01
 -1.5826562e-01
  1.2543131e-01
 -5.0508451e-01
 -4.6312433e-02
 -1.2415808e+00
  3.2926309e-01
  6.7999005e-02
 -4.3287361e-01
  7.2478777e-01
  2.1456876e-01
 -9.6389621e-02
 -7.5824454e-02
 -2.4711771e-02
 -7.3686615e-02
 -1.1233998e-01
  4.0259007e-02
 -1.1687730e-01
  5.9180195e-03
 -2.8274989e-02
 -2.2935681e-01
  2.9897926e-02
 -2.9067576e-01
  9.9369872e-01
 -1.7699193e-02
 -4.0351644e-01
 -4.9008079e-02
  1.6398914e-01
  7.1253693e-01
 -4.8262615e-02
 -9.7427778e-02
 -2.8422394e-01
  3.5912704e-01
  3.9314027e-03
 -2.2818345e-01
  1.3761669e-01
 -6.0066935e-02
 -1.3244894e-01
 -6.1261270e-02
  1.0073935e-01
  1.1157692e-02
 -1.9641988e-02
  5.2016473e-01
  1.9764344e-01
  2.3560131e-02
 -6.0980940e-01
 -1.6942792e-01
 -2.8667063e-01
 -2.9145451e-03
  1.6498070e-02
  2.9692963e-02
  7.1453504e-02
 -4.1356027e-02
 -2.5853390e-02
  3.1103655e-03
 -2.3510632e-01
  3.0785971e-04
  1.4901173e-01
  2.0368211e-01
  2.7229266e-02
  1.0842397e-01
  4.1503903e-02
  1.1247504e-01
  2.1796685e-01
  3.3701673e-02
 -1.1372457e-01
  4.8419577e-03
  6.1535203e-01
  2.8912345e-02
 -4.6802726e-01
 -1.3964443e-01
 -3.4774464e-01
 -5.6312807e-02
  7.0507564e-02
 -1.7501114e-01
 -1.1251562e-01
  6.6531159e-02
 -1.4801116e-01
 -4.7164742e-02
 -2.8027264e-02
 -1.7352539e-01
  6.2915340e-02
 -2.4680302e-01
  2.7417597e-01
 -1.8796479e+00
 -3.1512711e-02
 -3.1799302e-02
 -2.4380273e-01
 -7.5276722e-03
  8.7311000e-02
  1.5838498e-01
 -4.8800968e-02
 -1.5314519e-02
 -1.2795371e-01
 -3.0964446e-01
 -4.0264167e-02
 -3.4670773e-01
  4.4345077e-02
  2.9973942e-01
  4.2211074e-02
 -9.1076910e-02
 -1.0122614e-01
  5.1790431e-02
 -9.3392193e-02
 -4.3128416e-02
  9.0918886e-03
 -2.5730522e-02
  7.2891533e-02
 -3.0269789e-02
  3.7127193e-02
 -2.8402039e-01
 -3.8530621e-01
 -6.7733429e-02
 -3.4126300e-02
  2.8001714e-02
  2.3061645e+00
  1.7345808e+00
 -2.7452910e-03
  1.2699335e+00
 -1.2064517e+00
  1.4445835e-01
  2.6118457e-02
  8.4628165e-01
 -1.4012249e-01
 -7.5533085e-02
  1.0996299e-01
  6.9505043e-02
 -2.5318265e-01
 -1.0013327e-02
  2.4107249e-02
 -2.2445536e-01
 -1.9417005e-02
  3.8787246e-02
 -4.2754777e-02
  1.3201863e-03
 -2.1720770e-01
  9.1394708e-02
 -1.8927571e-01
 -9.3043759e-02
 -4.7332656e-01
  1.6122520e-01
  9.1063390e-05
  3.7398893e-01
 -1.0229420e-01
 -1.2051611e-01
 -4.8270851e-01
  1.0863452e+00
 -1.0797123e+00
  1.0422800e+00
 -2.2059080e-01
  2.5158370e-01
  9.7758752e-01
 -2.6900873e-01
 -1.8212155e-02
  1.2413855e-02
 -1.1046437e-02
 -1.7115793e-01
  1.0705763e+00
 -7.4196833e-01
  7.2099346e-01
  2.7245194e-01
  1.5433310e-02
  3.0423793e-01
  4.8978865e-01
  3.4390441e-01
  4.2382807e-01
  6.6099711e-02
  3.1562930e-01
  1.8128127e-02
  1.5788223e-01
  1.2065815e-01
  2.5573518e+00
  1.0296467e-01
  3.7698114e-01
 -5.3688133e-01
  7.3509030e-02
  3.5929540e-01
 -4.8522096e-02
  1.8484312e+00
  1.5865929e-01
  7.2006434e-02
  1.0314977e-01
  9.2840903e-02
  2.5102515e-02
 -4.7650142e-03
 -3.9624983e-01
  1.5586734e-02
 -1.8014053e-01
 -1.6880960e-03
  8.7100290e-02
  8.4116183e-02
 -1.2425568e-01
 -3.4693059e-02
 -8.8031597e-02
 -2.1835819e-02
  3.0807540e-02
 -2.1229112e-01
 -1.6549163e-01
 -1.6258991e-01
  2.5611212e-02
 -2.8500763e-01
 -5.3286515e-02
  8.6060345e-02
 -5.0787158e-02
  3.9178789e-01
  5.2199554e-01
  9.3248129e-01
 -4.7667459e-01
 -1.0314802e+00
 -2.7532125e-01
 -1.0578136e+00
  2.1114622e-01
  2.1280282e+00
 -3.6910436e-01
  3.2996848e-02
  1.5556977e+00
  3.2800119e-03
  4.2683031e-02
 -6.9059849e-02
 -6.1926454e-02
  3.2302458e-02
  6.7721277e-01
 -9.9774170e-01
  3.0685656e-02
  1.6396115e+00
 -3.1948581e-01
 -9.1349408e-03
 -1.0094262e-01
 -5.7272846e-01
 -3.6277729e-01
 -4.3610731e-01
  8.5596526e-03
  2.1242432e-01
 -1.3245964e-01
 -6.4370097e-03
  2.3993000e-01
 -7.9351731e-02
 -7.6616004e-02
  1.6229638e-01
 -1.2912771e-01
  1.8299112e-02
  3.9300974e-02
 -1.4109483e-01
 -1.0123645e-01
  2.1342365e-01
 -2.0891063e-02
 -1.9831760e-03
 -3.9820250e-02
 -3.8264282e-02
  2.2552826e-01
 -1.3788493e-01
 -8.2960308e-02
  1.7155807e-01
 -5.1446885e-02
  1.0709457e-01
 -9.2049837e-02
  2.0123217e-01
  1.8035175e-02
  1.0582037e-01
  1.8240012e-02
  2.6490292e-01
 -3.3419517e-01
 -2.1634915e-01
 -2.0609844e-01
 -8.4069461e-02
  5.9673494e-01
 -8.5887223e-01
  2.8768081e-02
  4.1114831e-01
 -1.3099788e-01
  1.5166266e-01
  6.1698511e-02
 -8.6342454e-02
 -6.6487244e-03
 -2.0682493e-01
 -3.4408543e-02
 -1.0187773e-01
 -1.1972033e-01
  6.7146391e-02
 -4.4156909e-01
 -8.2908845e-01
 -9.2662238e-02
 -9.0906101e-01
  3.9619926e-02
 -1.9306526e-01
 -7.5413054e-01
 -5.6062795e-02
 -1.4125258e-01
  2.9375006e-02
  1.5411496e-01
  3.9236803e-02
 -6.0047995e-02
  6.2625527e-02
 -1.8824110e-02
  2.5508246e-01
 -4.2528081e-01
 -3.6171198e-01
  2.2144701e+00
 -1.9475836e-01
  5.5075783e-01
 -2.5550723e-02
 -2.3651554e-01
  1.5990847e+00
  1.1481748e+00
  8.1939079e-02
 -3.0368283e-02
 -9.8363286e-01
  1.0258284e+00
  1.6767666e-01
  1.2641191e+00
 -6.2462831e-01
 -2.7468450e+00
  3.3877721e+00
  1.2907323e-01
 -2.1429403e-02
  3.0860658e+00
  1.4793500e+00
  1.0141515e+00
  7.8537273e-01
  2.0819820e-01
  5.5964702e-01
  2.5389028e-01
  1.3730803e+00
 -2.0212553e-01
 -1.3604383e-01
  6.4272696e-01
  5.1014924e-01
 -4.8083082e-01
  9.8554045e-01
  2.9819834e-01
  6.4280935e-02
  1.2858653e-01
 -5.4361325e-02
  2.4852533e-02
  4.8967299e-01
  1.5407898e-01
  1.3457198e-01
 -1.0702205e-01
  2.1869369e-02
  8.2276464e-02
  2.3657361e-01
  4.5957211e-02
  8.9105681e-02
  4.8509128e-02
 -6.9731943e-02
  2.4884233e-01
  1.9268025e-02
  8.1834696e-02
  3.7292060e-01
  1.3942137e-01
  5.7558719e-02
 -2.8502473e-01
 -1.4702065e-01
  1.7173372e-01
  2.6492715e+00
 -1.7744286e-02
  5.5217906e-03
  1.7730603e-01
  2.1495380e+00
  9.3210496e-02
 -1.4583528e+00
 -1.7358486e-01
 -9.2357829e-02
  1.3355930e-02
 -1.4038938e-01
  6.1329927e-02
  2.2810381e-02
  1.1476959e-01
  1.1810326e-02
 -7.5409621e-02
 -9.4762526e-02
  1.0612541e-01
 -7.9303151e-01
  3.5183564e-01
  5.2300870e-02
  2.3097293e-02
  2.1588566e+00
  4.7855295e-02
  6.4365514e-02
  1.0171457e-01
  9.8215692e-02
  2.6215342e-01
 -6.2887289e-02
  8.0352709e-02
  1.5809855e-01
 -1.0438617e+00
  3.4293598e-01
 -3.7351686e-01
  1.6343422e+00
 -5.5194855e-02
 -2.0658579e+00
 -2.8673295e-02
  1.3243572e-01
  8.6517461e-02
 -1.2186081e-01
  2.6573357e-01
 -2.5091219e-01
  1.3169166e-01
  3.6636302e-01
 -2.8910680e-02
  5.1959720e-02
  4.4854656e-02
  5.8036107e-01
  6.2018946e-02
 -2.8820962e-02
 -1.2106267e-01
 -1.2767892e-01
  4.4703800e-02
 -6.0368024e-02
  2.0386273e-01
  1.3216186e+00
 -9.3179122e-02
  1.3399578e-02
  9.0207809e-01
 -6.5824841e-03
  1.9985925e+00
  1.0382868e-01
  3.3273250e-02
  1.1028025e+00
  3.6856506e-02
 -6.2745863e-01
  1.9504249e-01
 -3.8256820e-03
 -7.7481441e-02
 -3.3160957e-04
 -2.9688930e-02
 -1.2441220e-01
  1.0790327e-01
 -1.5100658e-01
  2.3825601e-01
 -1.3520169e-01
  9.2690051e-02
 -7.9445250e-02
 -7.2424123e-03
  5.6049649e-02
  8.5196745e-01
  5.0146442e-02
 -4.2394940e-02
  2.2997918e+00
 -1.0912864e-02
 -7.5118852e-01
  7.1624599e-02
 -2.2421829e-01
 -1.2297455e+00
 -1.0030128e-03
 -4.4101593e-01
 -1.5355295e-01
  6.3517916e-01
 -8.5120268e-02
  2.3558669e+00
  2.9698175e-01
  9.0323305e-01
  1.2406335e-01
  1.1155536e+00
  1.7399019e-01
  6.5558022e-01
 -6.6127568e-01
  8.5090649e-01
  1.7713114e+00
  5.3864849e-01
 -1.6747351e-01
 -2.0182328e+00
 -1.5958396e-01
  3.8945839e-01
 -9.1534036e-01
  1.8868160e+00
  9.1352746e-02
  1.8311391e+00
  1.2319794e-01
  1.6687729e+00
 -1.2933924e+00
 -2.5981814e-01
  6.1327869e-01
  7.1603525e-03
  7.4929315e-01
 -4.2517331e-01
 -3.0130264e-01
  3.2896768e-02
  8.9934564e-01
  2.3658829e+00
 -6.7876232e-01
  1.1945138e-02
 -1.9637320e+00
 -9.1300309e-03
 -1.1669816e-01
 -6.8246180e-01
  1.1283351e-01
 -8.5457814e-01
 -8.9690790e-02
  2.3584454e-01
 -3.8890883e-01
 -1.7302983e-02
 -2.2394443e-01
 -1.4735556e-01
  2.2133853e-01
 -1.0016385e+00
 -4.3815497e-02
  1.1870088e-01
  4.9537268e-01
 -1.0353248e-02
 -3.0128270e-02
 -1.2247590e-02
 -6.7619815e-02
  6.2222145e-03
  6.9546402e-01
 -1.3503772e+00
 -2.1152908e-01
  4.5172203e-02
  3.1789923e-01
  2.0595481e-01
 -2.6142859e-01
 -1.2395596e-02
  1.1850839e+00
 -1.0104199e-01
 -1.7864479e-02
  1.7430623e-01
 -1.2411933e+00
 -1.1170533e-02
 -3.3684660e-02
  4.9913293e-01
 -2.4504971e-02
 -4.0063830e-03
 -1.4252855e-01
 -1.0887726e-01
 -2.3652022e-03
  9.1128170e-02
  4.6388224e-02
  4.4201918e-02
  2.2515912e-01
 -7.8693405e-02
  1.9980872e+00
 -1.9161506e-01
  1.8333049e-01
 -2.3338800e-02
 -1.3965492e+00
  3.7336671e-01
  1.9100210e-01
 -3.8227697e-03
 -1.0308681e+00
 -2.5696543e-01
  3.5708275e-02
  3.2399645e-01
 -5.5811745e-01
 -1.2906667e+00
  1.1608811e-02
  5.8873010e-01
 -2.6392252e+00
 -6.1625689e-01
 -1.5344917e+00
  2.7825588e-01
 -3.0289209e-01
  6.6489297e-01
 -6.8192291e-01
 -7.6138967e-01
 -3.7127149e-01
  4.2819488e-01
 -1.9734750e+00
 -1.9550111e+00
  3.1212085e-01
 -1.8371364e-01
 -4.8499111e-02
 -6.9458991e-02
 -2.0556713e-02
 -1.2961493e-01
 -1.0489708e+00
 -7.5528508e-01
  1.5845407e-02
  2.3933537e-01
  7.3306036e-01
  8.1774697e-02
  3.6123338e-01
  1.0928145e-01
 -1.7828979e-01
  1.3063740e+00
  1.8983284e-01
  1.8423037e-01
  1.7280275e-02
  3.9271683e-02
 -3.1547450e-02
 -1.9479214e-01
 -6.2382802e-02
 -1.9014498e-02
 -6.9311373e-02
  7.1135582e-03
  7.0992582e-02
  3.8814727e-02
  1.5811190e-01
 -9.0779670e-02
  6.4337981e-01
  1.7345656e-01
  1.1160647e-01
  1.4661881e-01
  2.0766997e-01
  4.5404170e-02
  1.7291594e-03
  2.9441905e-01
 -2.2184556e+00
  1.5311050e-01
 -4.7186241e-01
  4.3335345e-02
 -5.6277633e-01
 -1.4880186e-01
 -4.6401659e-01
 -2.4939093e-01
  1.0912802e+00
 -2.7257735e-01
 -9.4269976e-02
 -3.4236800e-02
 -3.2820334e-03
 -1.9166345e-02
  1.7898536e-01
  2.4491195e-02
 -3.3965714e-02
 -1.8273638e-01
  1.1483897e-02
 -1.1247351e-01
  2.0045726e-01
  5.7011116e-02
 -1.3302381e-01
 -2.4351265e-02
 -5.0461811e-01
 -1.8440422e-02
  1.0847881e+00
  5.9214108e-02
 -6.6599785e-03
 -1.1524093e+00
  2.9117675e+00
  5.7514203e-03
  6.2065309e-01
 -1.6440439e-01
 -4.6484923e-01
  3.6525782e-02
  1.0563899e-02
  6.8325542e-02
  1.0078158e+00
  9.2647769e-02
  4.2804517e-02
  1.0377201e-01
  1.2440994e-01
 -6.6769332e-02
 -7.5946689e-02
 -1.8097211e-01
 -1.2207597e-02
  2.5487235e-02
 -1.1327906e-01
  2.0945187e-01
  1.6880696e-01
 -3.5353892e-02
 -1.1289157e-02
 -1.0741549e-01
 -2.4351063e-01
 -3.5610821e-02
  1.5805678e-01
  5.1479068e-02
 -1.4413568e-01
 -1.4017630e+00
  1.2155226e-01
 -1.9655222e-01
 -1.5812913e-02
 -6.3460067e-02
  1.7679403e-02
  2.1389596e-02
  2.3175888e-03
 -5.6019705e-03
  1.9148463e-02
  3.0533426e-02
 -3.6844823e-01
 -2.0868276e-01
 -7.5562693e-02
  4.3967149e-01
  6.4580733e-01
 -1.8296809e+00
 -2.6987693e-03
 -1.5583204e-01
  1.7249424e-02
  1.7161807e-02
 -1.4793976e-01
  1.6076469e-01
 -9.5656611e-02
  3.2259632e-02
 -1.6264756e-01
  3.0383056e-02
  2.7006159e-03
 -8.5228704e-02
 -6.3459642e-02
 -2.0856205e-01
  6.6435862e-01
 -2.9035652e-02
  1.3653181e-01
  1.0672363e-02
  4.3228817e-01
  1.6409677e-01
  2.8752070e-02
  2.3946974e-02
  2.7330091e-02
 -7.8068644e-02
  2.9553524e-01
 -5.3017732e-02
 -6.9404702e-04
 -3.9375588e-02
 -1.2388722e-01
 -4.9033374e-02
 -9.1853403e-02
 -2.3509684e-01
  1.4120393e-02
  3.9952058e-01
 -3.8091797e-01
  1.8412751e-01
  2.0999024e-02
 -9.3575694e-02
  2.6308896e-02
 -1.0162127e-01
 -7.0268244e-02
  3.5805675e-01
 -2.5840597e+00
  8.2188755e-02
 -1.9790627e-01
 -1.7013407e+00
  4.1104543e-01
 -1.6272665e+00
  6.9967276e-01
 -4.0150634e-03
  4.6920818e-01
  4.7305703e-02
  1.7450012e-01
  5.9491485e-01
  3.4166069e-03
  1.9324403e-01
 -2.0653284e-01
 -7.3284969e-02
  1.7625803e-01
  1.6497736e-01
  4.7861291e-03
 -9.1493301e-02
 -1.9303025e-01
  4.4798031e-01
  2.4428725e-01
  6.7213021e-02
 -1.0970217e-02
 -7.2762743e-02
 -1.1864843e-01
 -2.3117825e-01
  9.9085283e-04
 -4.3374047e-02
  9.1907293e-02
  9.3267566e-01
 -1.3946799e+00
  3.3930540e-01
 -2.6765590e+00
 -7.2076172e-01
  4.3162785e-02
  4.9908925e-02
  3.4890287e-02
 -1.4043275e-01
 -3.3419733e-03
  2.5514312e-02
  3.3252412e-01
  2.2998716e-01
  9.2165172e-02
 -2.5299545e-02
  3.3888999e-01
  7.4426913e-01
  1.3277034e-01
  3.6009718e-02
 -1.0635024e-01
  8.8073231e-02
  9.5460694e-03
 -1.7362869e-01
  7.1453184e-02
 -3.3224721e-02
 -3.4730718e-02
  2.5536048e-01
 -3.6378655e-01
  3.1343796e-03
 -1.2270329e-01
 -3.6354768e-01
  2.6295686e+00
 -7.9938762e-02
  6.0180706e-01
 -1.4925911e-01
  3.4323713e-01
 -9.8444313e-02
 -4.4710740e-01
 -2.8918931e-01
 -7.7712551e-02
 -8.9857593e-02
  3.2968223e-02
 -8.5282594e-02
 -4.0302104e-03
  2.5361826e+00
  1.1089650e-01
 -2.8356370e-01
  6.3651935e-03
  3.2004446e-02
  3.0493485e-03
  3.6839537e-02
  4.0155243e-02
 -1.1433358e-01
 -2.0820219e-02
 -5.0327674e-02
 -1.7706463e-02
 -2.5179711e-01
 -1.9488875e-02
  1.5709016e-01
  2.8385033e-03
  4.0895870e-01
 -1.4004200e+00
  8.7126690e-01
 -2.1363332e+00
 -1.1471162e+00
  5.6208759e-03
  1.4205398e-01
  1.1648008e+00
 -6.0642070e-01
 -3.1499434e-01
 -1.0115120e-01
  7.0556134e-01
 -1.7399539e-01
 -1.3637367e-01
  1.7993534e-02
  8.7835543e-02
  6.3246086e-02
 -2.1535163e+00
  1.8856734e-02
 -8.2797073e-02
 -9.1657996e-02
 -3.8454521e-01
 -4.0452251e+00
 -4.4564912e-01
 -9.1374360e-02
 -1.1492807e-02
  1.1809094e-01
  3.6170620e-03
 -1.8382375e-01
 -1.4410250e-01
  2.5354335e-01
 -1.0403845e-01
  7.4346140e-02
  1.1864183e-02
 -1.1765017e-02
 -7.7492073e-02
  5.9055340e-02
 -4.9309958e-02
 -2.2019155e+00
 -3.1885747e-02
 -1.5254386e-01
 -1.1652238e+00
 -8.0434583e-02
 -3.8139272e-02
  1.1785771e+00
  4.1728560e-03
  4.7326084e-02
  1.5987894e-01
 -3.3107802e-01
 -7.0456378e-02
 -6.4334325e-02
 -7.4987367e-02
 -2.0982669e-01
  8.8737868e-02
 -2.2199623e-02
 -3.0412722e-01
  2.3459016e-01
  2.9100275e-01
 -3.1387974e-02
  1.5210003e-01
 -4.0571722e-01
  2.0835482e-01
 -2.6972300e-01
  1.8032780e-01
 -1.5134373e-01
 -1.3728404e+00
 -1.3681507e-01
 -1.4354566e-01
  8.3096903e-03
  6.3366733e-02
 -2.5131783e-01
  1.7903656e-02
  1.9836204e-01
 -3.2206934e-02
 -8.3490066e-02
  1.8823060e-01
 -1.4227988e-01
  2.0174677e-02
 -1.0103624e-01
 -3.9693695e-03
  2.5094807e-01
  4.2999950e-01
 -1.3558701e-01
  1.2288359e-02
  1.9176011e-01
  1.4964190e-02
 -2.6900308e-02
  1.0098986e-01
  9.4146207e-03
  6.0964104e-02
  3.7255075e-02
 -2.9140180e-03
 -9.0445749e-02
  3.2643211e-01
  5.3200829e-01
  2.4938914e-03
 -4.4852167e-01
  9.5688635e-01
 -1.4871573e+00
  1.5742607e+00
 -6.1483085e-01
  2.5277576e-01
  2.5467429e+00
  1.4238198e-01
  9.3194172e-03
  7.4793041e-01
  3.6005351e-01
  9.4715446e-01
  1.6537298e+00
 -2.0647118e-02
  5.6523425e-03
  2.7173311e-01
  1.2816602e-01
 -1.7807123e-01
 -2.4589605e+00
 -6.6359311e-01
  8.2596195e-01
  4.1074547e-01
  2.4184659e-02
  1.7032398e-02
 -1.8662556e+00
  1.1578902e+00
  1.1186805e+00
  3.4361959e+00
  2.1193027e+00
  4.6461570e-01
  2.8813809e-01
  5.4649743e-03
  2.6829916e-01
 -7.2916120e-02
  2.1040738e-02
 -5.7235599e-02
 -8.2713053e-02
  1.0159018e+00
  1.0721966e-01
  9.9097413e-01
 -3.9312264e-01
  9.8778898e-01
  1.9577414e-01
 -5.9647467e-03
 -7.3506141e-01
 -1.0384170e-01
 -4.2504765e-02
 -1.4128341e-01
 -3.2879565e-02
  4.7518998e-02
 -2.9934341e-01
  4.3794154e-03
  1.3533081e-01
 -2.4756607e-02
  4.4559624e-02
 -1.3190635e+00
  6.4084359e-02
  7.4405473e-01
 -1.8522541e-01
  7.7011514e-01
 -6.2364966e-02
  7.7530426e-01
 -1.3225961e+00
 -1.3616164e-01
  2.2564447e-02
  8.5003793e-02
 -1.0426367e-01
 -1.8890396e-01
 -1.0048690e-01
  4.1234192e-02
 -2.1156226e-01
  1.8114465e-01
  4.2738084e-02
 -1.6106021e-01
 -1.8334910e-01
 -1.1043110e-01
 -1.3213436e-02
 -1.8879190e-01
  4.3290861e-02
 -1.1880744e-01
 -3.3810586e-02
 -1.7414900e+00
 -1.0022588e-01
 -1.5791969e-02
  1.7849401e+00
 -8.0617897e-02
 -2.3610561e-01
  1.5687488e-01
 -2.0873201e-01
 -5.0571584e-03
  5.6032516e-02
 -6.8387978e-02
 -2.3516633e-02
  5.5001475e-02
 -9.6210809e-03
  2.1634576e-01
  6.2204101e-03
 -1.1255516e-01
 -5.7774216e-02
 -1.0669889e+00
  9.8632239e-02
 -2.4066538e-02
 -2.6854554e-01
  1.4955355e-01
 -3.0607514e-02
  3.6893390e-02
  4.1715048e-02
 -4.1008789e-02
  7.1030054e-03
  2.0178309e-02
 -1.2796556e-02
  4.2271879e-02
  3.2528907e-02
  7.3800877e-02
 -1.1144153e+00
  8.9785647e-01
 -1.8206818e-02
  2.8864369e-01
  5.4316062e-02
  3.6006890e-02
  5.8802847e-02
  6.9341294e-02
 -2.3593981e-02
 -4.2605466e-01
 -8.9682668e-01
 -3.0884197e-01
 -1.2496876e+00
 -6.9645261e-03
 -2.0559605e-02
  1.5655469e-02
  1.3103622e-01
  1.6431892e-01
 -4.3295221e-03
 -1.1482786e-01
 -2.5990229e+00
  4.5843661e-02
  2.1137869e-01
 -7.1537606e-02
  1.0996961e-02
  6.7467563e-02
  8.2493298e-02
 -6.4855233e-02
  3.9791901e-02
 -4.5703035e-02
  4.0842048e-03
 -4.9015667e-02
  9.1944881e-02
  2.5359857e-01
 -1.8778909e-02
  4.5967538e-02
 -6.6610195e-02
  4.5490083e-01
  1.5748027e-01
  2.8164652e-01
  8.1003033e-02
 -1.7627659e+00
  4.9575257e-01
  1.3188462e-01
  9.5656976e-02
 -5.1167375e-01
 -1.7663805e-02
 -1.8411933e-01
 -9.7914807e-02
  1.1160205e-01
 -7.2393022e-02
 -6.8362671e-01
  1.3851066e-01
  2.2126764e-01
 -9.0365939e-02
 -4.4208899e-01
 -1.8508037e-03
  1.9349155e-01
 -1.5678851e-01
 -1.6399539e-01
  2.2831848e-02
  2.7619839e-01
 -1.7313415e-01
  6.5723248e-02
 -1.2270959e-01
  1.4435983e-01
  1.0624084e+00
  1.7894125e-03
  3.6160285e-03
 -4.0533334e-02
  8.7715406e-03
 -9.0483174e-02
 -5.6123424e-01
 -2.3574583e-01
 -2.2186361e-01
 -7.5365916e-02
 -1.4957792e-01
  4.2823553e-01
 -2.2917180e-01
 -9.4131932e-02
 -6.4943358e-02
 -1.9984312e-02
 -3.5706499e-01
 -8.7024793e-02
 -2.9298117e-02
  5.3414389e-02
 -9.8873250e-02
  8.2957886e-02
 -1.2535773e-01
  1.6275421e-02
  4.6069732e-01
 -5.4735567e-02
  5.1964547e-02
 -3.6104071e-01
  1.6725562e-03
  1.1995010e-01
  1.5647694e-01
 -1.2077995e-01
  7.1797907e-02
  3.7608523e-02
  4.6823625e-02
 -8.1441417e-02
  8.2133137e-02
 -1.9566469e-02
 -1.4078270e+00
  3.1764847e-01
 -1.1052586e-01
 -1.2996936e-01
 -6.9335423e-02
  9.1158459e-03
  7.3655568e-02
 -3.9427161e-01
 -1.6080461e-02
  7.6323800e-02
  7.5764500e-02
  1.4209023e+00
  4.1371308e-02
 -3.5175481e-01
 -3.3493617e-01
  1.3447488e-02
  1.1532806e+00
  2.3918073e+00
 -7.0984602e-02
 -1.2895105e-02
 -6.3817754e-02
  8.4294878e-02
 -2.7151061e-02
  2.1797094e-02
 -2.1328682e-01
 -2.1028826e-02
 -4.4994926e-01
  7.0929542e-02
  4.2504203e-02
  9.9315085e-02
 -1.4530991e-02
 -1.7818226e-02
  8.3705097e-02
  4.4348229e-02
  5.7203297e-02
  1.0481717e-01
  2.1139066e-01
  1.3131370e-01
  4.5027900e-02
 -6.9525428e-02
 -1.5364483e-01
 -7.6676279e-02
 -4.2603594e-01
  5.9153549e-02
  1.2603285e+00
  1.2901846e-01
  9.9345231e-01
  1.5526682e-01
  9.2683293e-02
 -1.1437975e+00
 -5.5286284e-03
 -4.4355863e-01
 -1.0461868e+00
  2.3835158e-02
 -7.4107528e-02
 -2.4376683e-02
 -1.0540614e+00
 -1.9075181e-01
 -2.4284218e-02
  2.3187637e-01
 -4.3629859e-02
 -9.7148627e-01
 -2.3512950e-02
  7.1484149e-02
  4.6063700e+00
 -5.2360451e-01
  2.2739576e-02
  2.3218416e-01
 -1.0778336e-01
 -9.0593927e-02
  1.2429991e-01
 -8.0400072e-02
  5.9759382e-02
  3.4092650e-02
  3.1700516e-01
  2.8401274e-02
 -5.9076959e-01
 -1.6017113e+00
  1.2380526e+00
 -6.7497295e-01
 -2.8606829e-01
  5.9993291e-01
  2.9494636e-02
 -5.7341897e-01
 -7.0461732e-01
 -4.2366105e-01
 -7.1785265e-01
  1.1887195e+00
 -7.6383924e-01
  3.0771273e-01
 -2.1852927e-01
 -3.7514654e-01
 -1.6982890e+00
 -6.8867141e-01
  8.0629140e-01
  1.2725855e-01
 -8.4383243e-01
 -6.4640802e-01
  9.2754900e-02
 -1.2702774e+00
  6.5660529e-02
  1.5673430e-01
  4.5397317e-01
  3.7094895e-02
  1.9785820e-01
  1.0762615e-01
  8.9616880e-02
 -2.9463861e-02
  1.8082851e-01
  2.2381380e-01
 -2.0863985e-01
 -2.7853230e-01
  3.8600784e-02
 -6.0624778e-01
  1.3643822e-02
  3.9747190e-02
 -3.6223717e-02
 -6.6192396e-02
 -6.8575583e-02
  1.2208173e-01
 -2.5939134e-01
  1.1115322e-01
  6.0596447e-02
  2.7029444e-02
 -4.7593601e-02
  5.4596618e-02
  2.0224943e-03
  1.6589151e-01
 -1.2920513e+00
  3.5757653e-02
  4.1237995e-02
 -1.0304029e-01
  7.0027910e-02
  2.4349922e-02
  1.9787658e+00
 -1.0827554e-01
  1.3079357e+00
  5.2011949e-03
  1.0611559e-01
 -1.3971847e-01
 -2.0156896e-02
  8.2595080e-01
  5.3702645e-02
 -1.8293784e-03
  1.6192830e-01
  2.1168455e-01
 -2.7307159e-01
  1.1302440e-01
  4.4782650e-02
  2.8042965e-02
  6.0272779e-02
 -8.5677609e-02
 -1.9628343e-03
  4.9169931e-01
 -6.8549581e-02
 -2.9426637e+00
  8.0909446e-02
  2.3978686e-01
 -1.8223493e-01
 -2.1561566e-01
 -4.4683182e-01
 -1.0850310e-01
  2.3441134e-01
 -2.8454244e-01
 -4.8317042e-01
  6.3897498e-02
 -3.4891105e-01
 -4.9045224e-02
 -7.2730988e-02
 -2.4703318e-02
  4.9334595e-01
 -2.9332636e-02
  6.6820914e-01
  1.8277143e-01
  3.1402290e-02
 -7.5307363e-03
 -1.3885945e-01
  2.1632256e-01
  5.7435162e-02
  1.3635381e-01
  7.7293955e-02
  6.0001113e-02
  6.6728435e-02
 -1.4325528e-01
  1.8672490e-02
  1.0531515e-01
 -8.5898437e-02
 -2.7436260e-02
  4.8883289e-01
  9.3872055e-02
  5.9499837e-02
 -1.6246910e+00
 -5.4110628e-01
 -1.3871598e-01
 -1.7823429e-01
 -1.0101152e-01
  3.9778799e-01
 -2.9702628e+00
  4.6161287e-02
  4.2852598e-01
 -2.6682955e-01
 -2.9845190e-01
 -2.0079563e+00
 -5.0522890e-02
  1.3205260e-01
 -3.6550932e-02
 -2.2325875e-01
 -1.1974233e-01
 -6.2808432e-02
 -8.1984186e-01
 -1.7700268e-01
 -1.0489187e-01
  8.9818045e-02
  9.9856013e-01
 -9.0850182e-02
 -2.7560946e-01
 -2.0563817e-02
  1.1983132e-01
  1.1449606e-01
 -5.9277877e-02
  7.6073058e-02
 -2.6152581e-01
 -1.1138042e-01
  3.1989980e-02
  6.9564259e-01
  1.9186208e-01
 -7.6793525e-03
 -5.5857055e-02
 -1.0161625e+00
 -3.6996064e-01
  1.1481268e-02
  4.1926526e-02
  1.0033298e-01
 -1.9078095e-01
  1.4612569e-01
 -4.3793406e-02
 -1.7793849e-01
  7.5391494e-02
 -3.3029046e-02
 -2.0503296e-02
  2.1230092e-02
  1.3046609e-01
  6.5655284e-02
 -3.8976854e-01
  5.6541726e-02
  8.9760557e-02
 -4.8601978e-02
 -9.6844733e-02
  5.2401638e-03
 -7.3437013e-02
 -6.6152781e-01
  7.2688453e-02
 -1.2771298e-01
  5.6477081e-02
  6.6004761e-02
 -1.2743543e+00
  3.1134316e-01
  1.5489350e-01
 -9.0131086e-01
 -5.1591438e-01
  1.7689743e+00
 -2.7079359e-01
 -1.7617333e-01
 -1.2790775e+00
 -2.5186725e-02
  4.5622524e-02
  3.1257963e-01
  1.5267952e-01
  7.0698597e-02
  9.3914168e-03
  1.3567080e-02
 -2.2062857e+00
  3.2052204e-01
  8.7596524e-01
 -4.6979517e-02
  3.8460232e-02
 -7.8157842e-02
  8.8944066e-01
  2.9415596e-01
  3.4161646e-02
  1.3309031e-02
 -1.3297123e-01
  7.6143377e-02
  7.4375466e-02
  1.0565988e-02
  1.1111491e-01
  5.6046861e-01
  8.0103618e-01
 -4.2168549e-01
  8.2118541e-01
 -6.3477826e-01
  2.8803026e-02
 -3.3660293e-01
 -8.0198091e-01
  1.3673939e-01
 -1.6486087e-01
 -1.2161926e+00
  9.5854443e-01
  6.3598287e-01
  1.3664517e-01
 -8.8959709e-02
  2.9839512e-02
 -1.8832114e-01
  2.9044008e-01
  1.9411027e-01
  1.0972678e-01
  1.1391087e+00
 -1.9421555e-02
  1.0408684e+00
  1.5767288e-01
 -1.2258720e+00
 -3.5027912e-01
 -1.0111998e+00
  2.6652959e-01
  1.5020944e-01
  5.5368900e-02
 -2.7557737e-01
  2.0092242e+00
 -3.6288565e-01
  1.6138489e+00
 -7.9586640e-02
 -3.2599556e-01
 -1.2871964e-01
 -8.3457685e-01
 -5.9985095e-01
  5.1448834e-01
  1.8196731e+00
  1.1158801e+00
  7.0486909e-01
 -2.4997337e-01
  2.2117999e+00
 -3.9390808e-01
 -7.8675276e-01
 -5.0796938e-01
  3.0523060e-02
  5.1369750e-01
  2.0041151e-01
  2.1974973e-01
  2.2446623e-02
  2.4262773e-02
  1.6896309e-01
 -2.5522185e-02
  6.9678508e-02
 -2.1774995e-01
 -3.3573610e-01
  1.2751667e-01
 -1.8059675e-01
 -1.4783825e-01
  1.2063788e-01
  7.7419239e-03
 -1.7266583e-01
  1.2273984e-01
 -5.2786365e-02
 -3.5904739e-02
  1.9136792e-01
 -4.7949433e-02
  6.9083169e-02
  2.2281764e-02
  1.7635557e-01
 -9.1550127e-02
 -7.5983949e-02
  1.7250623e-01
  1.1108761e-01
  2.8062640e-03
  4.4187084e-02
  3.3411734e-02
  2.6401402e-02
 -2.3644653e-01
  1.9248240e-01
  2.0313866e-01
 -2.3642506e-01
  1.8309290e-02
 -1.6509783e-01
  1.4233354e-01
 -7.1472004e-02
 -5.8160793e-02
  4.1547112e-02
  1.9308295e-02
 -1.3704748e-01
 -2.8364990e-02
 -8.3978467e-02
 -1.6871716e-01
 -1.1819410e-01
 -1.0010824e-01
 -6.5170210e-03
 -2.1327123e-01
 -2.9495233e-01
 -1.0349577e-01
 -4.0397756e-02
  1.4863309e-01
 -1.1723158e-02
  7.5522512e-02
 -2.2615355e-03
 -5.2350606e-03
 -9.4693601e-02
 -2.3594191e-02
  5.4893058e-02
 -8.8958882e-02
  1.4000919e-02
 -1.7142138e-01
  8.8387579e-02
 -4.6646308e-02
  1.2070491e-02
  1.0454938e-02
  2.8843094e-02
  3.2160006e-02
  8.6175901e-01
 -3.5777818e-02
 -4.6604447e-02
  3.4696478e-01
  6.9163091e-02
 -7.4447505e-02
  3.4020994e-02
 -4.9789459e-02
  1.0303625e-01
 -4.2731112e-01
  3.2635104e-02
 -1.6292945e-01
 -6.7638275e-03
 -7.2347089e-03
 -8.5869888e-03
 -2.2777575e-03
  3.1190971e-01
  1.1934856e-01
 -1.4382361e-01
 -8.2884349e-02
  1.3486985e-02
 -4.8313763e-02
 -2.3466504e-01
  7.5149792e-01
 -2.4749486e-01
 -1.8096256e-01
 -1.0199717e-01
 -9.0890929e-02
 -5.5865005e-02
 -9.3564674e-02
  1.2932688e-01
 -2.0580783e-01
  5.0388899e-02
 -1.7370200e-02
  3.3474684e-02
 -1.3227985e+00
  1.3860244e-02
 -3.8744565e-02
  6.6748440e-02
 -1.6225195e-01
  3.5520712e-01
  6.0288548e-01
 -2.3260841e-01
  1.4024071e-02
 -7.9527311e-02
  3.7651904e-02
 -3.7132025e-01
 -3.6016423e-01
 -1.5100837e-01
 -1.6452117e-02
 -1.2314985e-02
 -5.2779758e-01
  2.0439703e-02
  3.0618042e-03
  1.7208534e-01
 -4.3377563e-01
 -1.1382364e-01
 -1.3327879e-01
  4.3068766e-03
 -8.7341160e-02
  3.6450140e-02
 -1.2480094e-03
  3.8259692e-02
 -8.0703601e-02
  6.7226864e-02
  8.4084076e-01
 -2.1465809e+00
 -3.0694184e+00
 -4.2896280e-01
 -4.6759922e-02
 -1.6647298e+00
 -1.4077168e+00
  1.6235981e+00
  2.5671681e-02
  1.2161937e+00
  1.9103899e+00
 -6.3998079e-01
  1.0578238e+00
 -3.5474908e-01
  2.2008109e-01
 -1.3998587e+00
 -4.4589067e+00
 -3.8272727e-01
 -4.7059712e-01
  3.0902272e-01
 -8.3742368e-01
 -3.6961964e-01
 -5.5677593e-01
  3.3783937e+00
 -5.4367393e-01
  4.3670359e-01
  1.3399476e+00
 -1.3369169e+00
  2.8503942e-01
 -9.7803551e-01
  1.5689505e+00
 -1.1791912e+00
 -9.1190356e-01
 -9.4943100e-01
 -1.4759246e-01
 -8.0242079e-01
  1.5682082e-01
  5.7784636e-02
 -3.9093520e-02
  3.2876913e-02
  1.0294642e-02
  1.4994867e+00
  5.0982428e-01
  7.3837019e-03
  1.3762490e-01
 -4.4173378e-02
  8.6185455e-02
 -5.5431753e-01
 -1.9129595e+00
  4.9799770e-01
 -9.9088615e-01
 -3.0201411e+00
 -7.2806448e-02
  3.3433668e-02
 -9.7855890e-01
  5.3800788e-02
  3.0533278e-01
 -3.4785826e-02
  4.4064349e-01
  2.1320854e-01
  2.0099460e-01
  3.3647895e-01
  4.4671491e-01
 -2.1863760e-01
  2.5300128e-02
 -2.9965761e-01
  3.5831600e-01
  7.3808742e-01
 -1.9575320e-01
  4.2713696e-01
 -1.2024511e-01
  3.3561438e-01
  6.4240652e-01
 -5.3674036e-01
 -2.8707445e-02
 -1.0738159e+00
 -1.1314122e-01
 -9.3925649e-01
 -2.0435844e-01
  2.4967226e-01
 -1.5867355e+00
 -3.2151920e-01
  2.1671538e-01
  1.0000114e-01
  1.0141841e+00
 -7.1669586e-02
 -8.8013172e-01
 -4.2645094e-01
 -2.5528961e-01
 -4.0164036e-01
  9.2666764e-03
 -1.6621845e-02
  7.1697146e-01
 -4.4317850e-01
  1.9679880e-01
  6.4365214e-01
  8.8503826e-01
  6.2088557e-02
 -9.7974077e-02
 -1.1253221e-01
  1.1733218e-01
 -6.1507571e-01
 -6.3721704e-01
  5.8980979e-04
 -1.6430911e-01
 -3.3374976e-02
 -1.1469579e-02
  8.9169681e-02
 -5.7726401e-01
 -2.1134295e+00
  7.8072160e-01
 -2.0308912e-01
  4.0732231e-03
 -7.8364965e-03
 -1.2334170e-01
  3.6749139e+00
  1.3144845e+00
  1.3591662e-01
 -2.5947337e+00
  2.2803693e-01
 -8.0936676e-01
  1.2413377e+00
 -2.9779391e+00
  9.1266423e-01
 -9.8120308e-01
  1.7746823e-01
 -1.8686481e-02
 -9.7628576e-01
  1.6227648e-02
  1.1166277e-01
 -3.0117857e-01
 -1.0801665e+00
 -1.1086471e-01
 -7.9663938e-01
 -1.7078063e-01
  1.2174807e-01
  2.1221806e-01
 -3.9756689e-02
 -3.8123077e-01
 -4.7014542e+00
  4.6021175e-01
  9.0309596e-01
 -9.9498254e-01
 -1.1713831e+00
  1.0446605e-01
  1.3296162e+00
 -1.8132422e+00
 -3.2110113e-01
 -1.1423145e-01
 -7.5092331e-02
 -5.9745944e-01
 -3.7029805e+00
 -2.8958416e-01
  4.1500068e-01
  1.1871355e+00
 -3.6367613e-01
 -3.6042812e-01
 -7.0991504e-01
  2.0260601e-01
 -2.6745725e+00
  9.5488346e-01
 -7.6693374e-01
 -2.5240055e-01
 -1.5170815e+00
 -6.7919159e-01
  1.3755232e+00
  4.6896884e-01
  5.9694016e-01
  7.3047352e-01
 -1.2489675e-01
 -7.3602714e-02
  1.7337216e-02
 -2.4716618e-02
 -4.7301847e-01
 -9.4662106e-01
  1.2646272e+00
 -2.5343275e-01
 -2.0822875e+00
  2.2030659e+00
  3.3076733e-02
  1.3573928e-01
  1.5132102e-01
 -1.0155118e-01
 -8.8212597e-01
  1.5846257e+00
 -4.7213155e-01
 -1.8992605e+00
 -8.0636209e-01
  3.1072956e-01
 -5.6808274e-02
  1.8173740e+00
 -2.6442167e-01
 -1.6818706e+00
 -2.0763986e+00
  3.2985218e-02
 -1.9698906e+00
  2.4727094e-01
 -6.7856616e-01
 -2.4162321e+00
  3.9585856e-01
 -4.2385307e-01
  5.1185119e-01
  1.7434506e+00
 -9.6107376e-01
  1.5031801e+00
 -1.6616257e+00
  1.8593941e-02
 -1.3238522e-01
 -9.1647905e-01
 -5.9317712e-02
  1.2197756e-01
 -4.6411502e-01
  2.7022424e+00
  1.3399669e+00
  8.1998897e-01
 -1.2925552e+00
 -9.4848025e-01
  1.8214302e-01
 -3.4269089e-01
 -7.3617034e-02
 -1.9275327e-01
  1.0496988e-02
 -7.7720338e-01
  1.6873758e+00
 -5.2969134e-01
 -1.1117723e+00
  7.1924728e-01
  2.2096968e-01
  3.8318850e-02
 -5.2960205e-01
 -1.2640610e-01
  2.8504828e-01
  1.4893088e-01
 -4.4000649e-01
 -2.3464586e-01
 -2.2756400e+00
 -7.1708113e-02
 -4.0273108e-02
  5.9377313e-01
  1.3890868e+00
 -1.8498013e+00
 -4.1703773e-01
 -3.1321481e-01
  2.3702559e+00
 -1.6184644e+00
 -1.2655354e-02
 -1.4906901e+00
 -1.7503045e+00
 -2.3457505e-01
 -6.0172939e-01
  8.1966662e-01
 -1.6613243e+00
 -5.4549009e-01
  2.2670162e+00
  4.2217575e-02
  6.7480034e-01
  8.0362463e-01
 -3.1056697e-02
 -9.1041833e-01
  3.2821741e+00
 -1.7073409e-01
  1.2065759e-01
  1.1634150e+00
  7.1646786e-01
  8.9197206e-01
  3.3640578e-01
 -1.7009547e+00
 -1.8570186e+00
  1.2327348e+00
  4.1132554e-01
 -6.8809402e-01
 -3.3351642e-01
 -7.3671168e-01
 -1.0143555e-01
  7.8082293e-01
  2.5707247e+00
  1.7971989e+00
  3.1494963e-01
 -7.3784220e-01
  3.8081881e-01
 -1.5814177e+00
  6.9067582e-02
  1.5072101e+00
  4.1980119e+00
  5.1765627e-01
  8.9160484e-01
  2.0912811e-01
 -1.5896204e-01
 -7.9133116e-02
  5.9298623e-01
  7.9060513e-01
 -1.0365209e-01
  1.5720017e+00
 -1.4682748e+00
  5.1847088e-01
  1.0764623e+00
  9.5584884e-02
  8.9545041e-01
  1.2067164e+00
  1.1647595e+00
  2.8159785e+00
 -8.5257065e-01
  6.3921916e-01
  1.1151462e+00
 -3.4833148e-01
  7.5728935e-01
  8.4929049e-02
 -1.0351824e+00
  4.1484588e-01
 -1.9134331e+00
  1.4794090e+00
 -1.7452252e-01
  4.9684834e-01
  3.4503826e-01
  3.1286128e-02
  1.5123096e+00
 -1.3253945e+00
  6.2864974e-02
  7.1179313e-03
  2.2173810e+00
  5.2864498e-01
 -2.5818622e+00
 -1.7137370e-01
  2.7586172e+00
  5.5876154e-01
  8.6536783e-01
  1.0449151e+00
 -8.0247664e-01
  8.0138147e-01
 -1.8734099e-01
  1.8389058e-01
  1.2014323e+00
 -7.5937849e-01
 -1.2093214e+00
  1.8227534e+00
  3.2467186e-01
 -5.1924944e-01
 -6.5043426e-01
 -9.4818866e-01
 -1.3622338e+00
  1.9004868e-01
 -9.1072333e-01
 -3.6692134e-01
  3.7963000e-01
 -6.7796481e-01
 -3.1112111e-01
 -2.3560579e-01
 -4.5058614e-01
  2.3016019e-02
 -2.3447160e-01
 -1.6035838e+00
 -4.0756667e-01
  1.7107681e+00
 -5.9977049e-01
  4.9066091e-01
 -3.2342878e-01
  2.3775066e-01
 -1.5488472e+00
 -1.4668398e+00
  6.2501019e-01
 -2.6807129e-01
  1.2024941e+00
  7.5605536e-01
  3.0230659e-01
 -9.8014861e-01
  7.8980422e-01
  6.2064815e-01
 -5.2467277e-03
 -1.9835092e-01
 -4.8893519e-02
 -1.3806994e+00
 -4.4724498e-02
 -1.1208260e-02
 -6.2236518e-01
  1.8010443e+00
 -5.0182188e-01
 -1.6101588e+00
  5.3588629e-01
 -2.4064099e-02
  8.5527366e-01
 -5.7537347e-01
 -2.4340457e-01
 -2.9564404e-01
 -1.9876153e+00
 -5.0370705e-01
 -2.4023917e+00
  1.1319290e+00
 -2.6812357e-01
 -2.9026178e-01
 -4.4320413e-01
  5.2429879e-01
 -3.5749805e-01
 -8.9499068e-01
 -2.3115739e-01
 -1.7138829e+00
  1.1289074e-03
  6.9073522e-01
 -1.8051013e+00
 -6.5265059e-02
  2.3489119e-01
 -5.3724480e-01
 -3.7999192e-01
  2.7560756e+00
 -3.1756330e+00
 -7.3451424e-01
  2.0232739e+00
  1.2428498e+00
 -5.8514100e-01
 -1.0914888e+00
  1.7589101e-01
 -5.7282120e-01
  7.9802924e-01
  6.6705984e-01
 -2.0881172e-01
  3.4173191e-01
  1.3049337e+00
  7.4419864e-02
 -1.2830127e+00
  2.0664113e-03
 -1.3435986e+00
 -2.1312683e+00
  1.9705129e+00
  1.2756062e+00
  7.8867775e-01
 -2.1079193e-01
 -4.8572922e-01
 -5.7435167e-01
 -6.6239333e-01
  2.6297660e+00
  6.3680160e-01
 -8.4702879e-02
  1.3690150e+00
  6.0714155e-01
  1.6059247e+00
  5.3321195e-01
  1.1232891e+00
 -1.8026272e+00
  4.1447720e-01
 -7.9257047e-01
 -1.6678512e+00
  8.0037588e-01
 -6.2685028e-02
 -7.9134569e-02
  6.5858580e-02
  1.6350660e+00
  1.5137064e+00
 -6.2463500e-02
  1.7073350e+00
  1.0575480e-01
  9.5097423e-02
 -1.6196133e-01
 -1.8332927e-02
 -6.7398332e-02
 -3.4552595e-01
  1.0578344e+00
  1.6882133e-01
 -1.1166466e+00
  1.1964546e-01
  4.5633525e-01
 -3.1538219e-03
 -2.0842612e-01
  3.7000388e-01
 -1.3448048e-01
 -2.3229013e-01
 -2.6022902e+00
 -2.9936521e+00
  2.7935854e-01
  7.1138483e-01
  3.3401784e-01
 -3.2492425e+00
  1.0118533e-02
 -8.7328267e-01
  3.3144540e-01
 -1.3665681e+00
  9.9956739e-01
  3.7975919e-01
  4.5244690e-02
  5.8289540e-01
  8.1280105e-02
 -9.6496724e-02
 -1.8917559e-02
  4.9016312e-01
 -5.4764543e-02
 -9.7269469e-01
 -1.6542943e+00
  9.3588805e-01
  8.0598998e-01
  2.1655676e+00
  3.4176469e-01
  8.9057100e-01
 -8.0479393e-03
 -1.5100585e+00
 -2.4465437e+00
 -1.1737918e+00
  1.0228645e-01
  3.0530146e-01
  4.0613851e-01
 -5.6376740e-02
 -1.1249486e-01
  1.9472867e+00
  3.4311490e+00
  4.1423854e-01
 -2.4418820e-01
 -9.6013948e-02
  5.9463257e-01
  6.8618846e-03
  6.9723451e-01
 -4.8589338e-02
  9.7528201e-01
  1.5145904e+00
  4.3864790e-01
 -7.4513906e-01
 -1.1309696e+00
 -9.5120119e-03
 -9.1318601e-01
  1.9739617e-01
 -3.0505961e-01
 -5.5294782e-02
  1.1738260e+00
  8.3630526e-01
 -1.0489626e+00
 -1.0633873e-01
 -9.1578400e-01
 -8.7803745e-01
  8.6502832e-01
  4.9749836e-01
 -1.3238164e+00
 -2.2181061e-01
  1.9095786e-01
 -5.2936703e-01
  5.8441311e-02
  7.4753992e-02
 -7.0399380e-01
 -3.1878734e-01
  3.7348349e-02
  1.4048906e-01
  1.6274044e-01
 -8.8291806e-01
 -2.5443225e+00
 -6.6568232e-01
 -5.5246937e-01
 -3.9748812e-01
  1.0061673e+00
  1.0552148e+00
 -5.6472379e-01
  8.8201523e-01
 -2.4843972e+00
 -6.4134014e-01
 -3.8319176e-01
 -7.1407065e-02
 -2.1071305e+00
  6.4974219e-02
 -4.7182102e-02
 -4.9711421e-01
 -1.3110776e+00
 -1.4677490e+00
 -3.9413333e-01
  9.2411144e-03
  4.7098649e-01
  1.5591300e-01
  7.9372710e-01
  1.1482668e+00
 -1.5203157e-01
 -7.7518022e-01
 -1.5746981e+00
 -7.8604764e-01
 -8.8612372e-01
 -5.6250244e-01
  5.1734012e-01
  3.8339213e-01
  5.6353409e-02
  3.2820016e-01
 -5.0529850e-01
  6.6453958e-01
  2.4515958e-01
  1.6091558e-01
  7.8484304e-02
 -1.9408699e-02
  1.2565380e-01
  6.9596267e-01
 -3.2841703e-01
 -1.1191190e+00
 -4.6184513e-01
 -7.4955863e-01
 -2.0130293e-01
  3.8748392e-01
 -1.0803721e+00
  2.9579550e-01
  4.9459943e-01
  1.9953357e-01
 -1.6707113e-01
  9.1923106e-01
  1.0262630e+00
 -5.8867091e-01
  6.0598383e-04
 -5.8965546e-01
  2.3131512e-02
 -1.1519537e-02
  1.0142190e-01
 -4.9698320e-01
 -2.4917363e-01
  9.0163916e-01
 -1.2324936e+00
 -4.0359628e-01
 -7.6275361e-01
  3.6861372e-01
  1.4346875e+00
 -7.2942400e-01
  9.6289255e-02
  1.0485245e+00
 -1.7462139e+00
 -9.0884060e-02
 -6.8409350e-03
 -3.1860152e-01
  1.9366419e-02
 -1.8785773e-01
 -1.4825298e+00
 -4.5088890e-01
 -7.1767581e-01
 -8.4125185e-03
 -5.3626597e-01
 -5.2528538e-02
 -5.7940200e-02
  6.5164530e-01
  2.2573413e-01
  2.2600455e+00
  1.4278816e-01
 -2.2905791e-01
 -1.2664355e+00
 -1.5198874e-02
 -2.1999289e-01
 -1.8385681e+00
  2.0714052e+00
 -1.9209197e+00
 -1.1689242e+00
 -6.3501668e-01
  2.8141430e-01
  1.6296419e+00
  4.9482621e-03
 -5.3431576e-01
 -5.6681812e-01
  3.9260373e-01
  2.0440854e-02
  2.7841082e-01
 -1.7950137e-01
 -3.5866597e+00
 -1.6515691e+00
 -2.9328367e-01
 -3.2339334e-01
  7.2445399e-01
 -1.2429674e-01
  6.1020601e-01
  2.1061425e+00
  2.5111523e+00
 -1.4966588e-01
  1.8732637e+00
 -3.0751562e-01
  7.6317376e-01
  1.9079820e+00
  8.6376119e-01
  1.1108376e+00
 -1.1851873e+00
  1.2588630e+00
  6.9572109e-01
 -1.3346869e-01
 -1.8203276e-01
  2.5765410e-01
  2.0855474e+00
 -2.2517841e-02
  2.1899860e-01
 -8.3235484e-01
 -5.7759905e-01
  4.5587230e-01
  4.1423562e-01
 -8.5558105e-01
 -2.0925207e-01
 -1.2375925e-01
  2.4100030e-03
  3.9182326e-01
 -1.2183833e+00
 -1.0723219e+00
 -5.0269276e-01
 -7.6954877e-01
  2.0226680e-01
  1.3465767e-02
 -7.1622789e-01
 -2.6058665e-01
 -6.0767645e-01
 -1.3882134e+00
 -4.5530808e-01
 -1.8781416e+00
 -1.3030562e+00
 -1.2235541e-01
 -8.0767877e-02
  5.4539051e-02
  7.6620027e-02
  6.4380294e-01
 -4.0030998e-01
  5.4503180e-02
 -7.2224632e-02
 -2.6753812e+00
  3.2098074e-02
  9.3261957e-02
  1.1992593e+00
 -1.1594100e-01
 -1.2418512e-02
  6.2699705e-02
 -5.2267307e-01
 -1.0590239e+00
 -2.7877164e-01
  1.0360178e-01
 -1.7957078e-01
 -1.3227110e+00
  1.1529552e-01
 -3.5618934e-01
  1.8192630e-01
 -7.1725994e-02
 -4.7828007e-01
  1.1566436e+00
  8.7530077e-02
  1.1486855e-01
 -1.1786073e-02
 -2.4743903e-01
 -2.3512206e+00
 -5.4116493e-01
 -2.2791343e+00
 -1.2349235e+00
  4.6850440e-01
 -2.3299174e-01
 -1.6290598e-01
  1.9035715e+00
 -1.9128221e-01
  1.1465065e+00
  3.4913764e+00
  8.5100102e-01
  5.7025713e-01
 -1.1020523e+00
  6.9958889e-01
  2.2008432e-01
 -2.9341269e-02
  5.9892714e-02
 -1.1098450e-01
 -1.6399051e+00
 -9.6223885e-01
  3.4146479e-01
 -7.8652620e-01
 -2.0523760e-01
 -1.4134380e-01
  2.7593252e-01
  3.9538883e-02
 -2.3014450e-01
 -9.2646307e-01
 -1.9108051e+00
 -5.6709486e-01
  6.9413990e-01
 -8.4048587e-01
  1.8857220e-01
 -6.9745594e-01
 -2.4058340e-01
 -1.2750438e-01
 -2.3746095e+00
 -7.8694332e-01
  6.5461147e-01
  4.6543393e-01
  5.8522457e-01
  8.0301237e-01
 -1.6575778e+00
  6.6276711e-01
  6.6013825e-01
  9.2569196e-01
  7.7240896e-01
 -5.3344363e-01
 -1.3244442e+00
 -1.0848849e-01
  6.9990464e-02
  3.5390798e-02
 -1.7011023e-01
  1.2771510e-01
  1.5037489e+00
  4.8673338e-01
 -6.4436197e-02
 -3.7284282e-01
  1.0806477e+00
  1.3568278e-01
 -8.4479070e-01
  9.1649644e-02
  3.9160955e-01
  1.8901887e+00
 -1.5520705e+00
 -2.9807270e+00
  2.1197173e-01
  9.2981465e-02
  2.4978422e-02
  3.4443459e-01
  1.4880820e-01
  3.2171601e-01
  1.9772643e+00
 -1.3671391e+00
  8.3623517e-01
 -7.5984186e-01
  9.7766715e-01
  8.6659014e-01
 -4.8595360e-01
 -1.3698891e-02
  3.9148095e-01
 -9.2961691e-02
 -1.4374958e-01
  3.1074172e-02
  2.5271826e+00
 -2.5725606e-01
 -6.4391037e-03
  3.9376721e-01
  5.9181160e-01
  4.0669498e-01
 -7.1041560e-01
 -1.0599991e+00
  1.2222477e+00
  2.9207857e+00
  8.0764705e-01
  4.6317440e-01
  9.7286746e-02
  1.0315646e-01
  1.8047754e-02
 -8.6547697e-01
  1.0039428e+00
  1.0720721e-02
 -7.9058975e-01
  2.8121480e-01
  3.5688484e-01
  8.4409302e-01
  5.9190696e-01
 -1.2696913e-02
  1.8271445e+00
 -3.5767481e-01
 -9.6100461e-01
 -1.1015314e+00
  8.7680799e-01
  2.0060942e-01
  1.9178432e-01
  3.2318002e-01
  5.2642852e-01
 -2.9692405e-01
  9.6218318e-02
 -1.3473891e+00
 -2.1529372e+00
  1.0245608e+00
  7.3809350e-01
 -1.5514615e-01
  4.0518247e-02
  3.3401313e-01
 -1.8717527e+00
 -1.7973544e-01
 -3.1257856e-01
  7.1418208e-01
  3.2124716e-01
  3.7933326e-01
  1.4982076e+00
 -1.8874492e-01
 -5.7422720e-02
 -7.5012930e-02
  1.2853728e-01
 -1.8295473e+00
 -5.3704298e-01
  9.8103628e-02
  6.9755954e-01
  1.0468382e+00
 -1.4083229e-01
 -2.9163241e-01
  6.5696555e-01
  9.1776794e-01
  5.3846914e-01
  2.5969705e-01
  2.4420716e-01
 -5.3015859e-03
 -1.3720109e+00
  1.0249051e-02
 -8.3522327e-02
 -8.2031769e-01
  9.7853035e-01
 -6.3561088e-01
  1.1161141e+00
  1.4707537e+00
  4.6797815e-01
  3.5332984e-01
  5.8482939e-01
 -2.6458517e-01
  3.7745214e-01
  1.7294403e-02
  4.4721007e+00
  1.8909627e-01
  7.0525780e-02
  2.9102069e-01
  8.1749910e-01
 -1.8451415e-02
 -6.2265253e-01
  1.9872268e-01
 -1.1193626e+00
 -7.2220460e-02
 -1.5910424e+00
  1.4164089e-02
  4.3298695e-02
 -1.0431117e+00
 -7.2287187e-02
  3.0354045e-02
 -5.3291035e-01
 -5.3693750e-03
  7.1828246e-01
  5.3531104e-01
  2.6803631e-01
  1.6229716e-01
 -8.3335274e-01
 -2.3240384e-01
  6.1148977e-01
  4.3816248e-01
 -8.2161492e-01
 -1.3004334e+00
 -4.4909760e-01
  7.1971256e-01
  1.0394210e-01
 -6.5847397e-01
 -2.8307703e-01
 -5.2666235e-01
 -8.6044705e-01
 -7.1305418e-01
 -3.9985843e-02
 -1.6397550e+00
  7.4712850e-02
  7.4712850e-02
  7.4712850e-02
  7.4712850e-02
  7.4712850e-02
  3.1722420e-01
  3.1722420e-01
  3.1722420e-01
  3.1722420e-01
  3.1722420e-01
  2.0311303e-01
  2.0311303e-01
  2.0311303e-01
  2.0311303e-01
  2.0311303e-01
  8.4162474e-02
  8.4162474e-02
  8.4162474e-02
  8.4162474e-02
  8.4162474e-02
  2.3352453e-02
  2.3352453e-02
  2.3352453e-02
  2.3352453e-02
  2.3352453e-02
  2.8663248e-01
  2.8663248e-01
  2.8663248e-01
  2.8663248e-01
  2.8663248e-01
