nep4_zbl 3 Bi Sb Te 
zbl 1.25 2.5
cutoff 6 4 32 12
n_max 6 6
basis_size 8 8
l_max 6 2 0
ANN 60 0
  5.0196752e-02
  1.4969786e-01
 -3.0295735e-02
 -6.7343220e-02
 -2.4374218e-03
  1.8954127e-01
  2.2846384e-02
 -1.4820595e+00
  1.5872991e-02
  2.0786205e-01
 -4.1060979e-03
 -9.7555164e-03
  2.4566770e-01
  8.0461986e-02
 -2.1686917e-02
  1.1149150e-01
  1.8912411e-01
 -5.3573265e-03
 -1.2825103e-01
  1.4003208e-02
  7.2901873e-03
 -4.3113003e-03
 -1.3450556e-02
  1.2456401e-02
 -1.8669209e-01
 -1.1822589e-01
  2.3205938e-02
  1.6447357e-03
  2.7937135e-01
  2.6361149e-02
  5.4082394e-02
  4.2122267e-02
  9.1307178e-02
  8.3712257e-02
  1.6407676e-02
  2.5423953e-02
 -6.8790771e-02
 -2.4070991e-02
  4.9027771e-02
 -4.1825335e-02
  2.5263498e-02
  3.2320891e-02
 -5.5638343e-02
 -9.9598877e-02
  3.8557224e-02
  2.9662780e-02
  9.2243649e-02
 -1.8212125e-01
  9.0173706e-02
 -2.5718862e-02
 -4.0724181e-02
 -1.3245887e-01
  6.4309859e+00
 -8.2544707e-02
  4.4034414e-02
  7.5601113e-01
 -1.1148230e-01
 -4.8555681e-01
 -2.7892439e-02
  5.9413373e-02
  5.5583650e-01
  2.0650394e+00
 -8.7730855e-02
  2.0545572e-02
  2.0484000e-02
 -1.0959147e-01
 -5.6188460e-03
 -1.5875555e-03
 -2.5663337e-02
 -6.9606090e-03
  2.8675467e-02
  5.1561076e-02
 -1.0573810e-01
 -3.0736940e-02
 -2.5994875e-03
 -6.5079485e-03
 -7.2339647e-02
  4.9151730e-02
  7.0634149e-02
  9.9911563e-02
 -8.1687801e-02
  6.8711112e-03
 -3.5303671e-02
  1.3662218e-02
 -1.9605269e-01
  4.2911856e-03
 -9.4047949e-02
 -1.9447675e-01
  7.2088942e-02
 -4.0392820e-02
 -1.0205276e-01
 -7.7734441e-02
  2.9923130e-02
 -9.8857395e-02
 -5.9070121e-02
  2.3257282e-01
  3.0783212e-01
  1.9955837e+00
 -3.5806440e-02
  6.1907902e-02
  1.9880162e-01
  5.6044754e-02
 -2.5735121e-02
  5.4141149e-02
 -3.8277574e-02
 -1.0248560e-02
 -3.3631742e-02
 -6.9391765e-02
 -1.2451674e-01
  8.6562978e-03
 -7.9411902e-02
  1.2939341e-02
 -5.7961810e-01
 -7.5103670e-01
 -7.9401538e-02
  1.0434046e-01
  9.8839244e-03
 -3.8973078e-02
 -5.7821119e-01
 -3.7559874e-02
 -1.0817609e-01
  2.7024513e-02
  7.2159044e-02
 -2.2371866e-02
  1.3502194e-01
  5.6579176e-02
  4.3123771e-02
  6.2131923e-01
 -5.5439003e-02
 -1.2915871e-02
  1.0014246e-01
  1.8733168e-02
  2.0879783e-02
  6.2656246e-02
 -7.8298012e-03
 -8.3611682e-03
  1.2274199e-02
  2.1604106e-01
 -1.9996855e-01
  1.9907077e-01
 -1.3540180e-01
  4.3290868e-02
 -9.0699606e-02
 -7.4662909e-02
  2.1432446e-01
 -8.9927785e-02
 -7.6852366e-02
  1.8445849e-01
  4.3282637e-01
  4.0304907e-02
 -2.0395100e+00
  7.3896646e-02
  2.8837571e-01
 -1.9300875e-01
  1.0086231e-01
 -4.1691947e+00
  7.5786449e-02
  3.3747651e-02
  2.6027727e-01
  1.6734111e-03
 -1.3586461e-03
 -5.5379398e-02
  1.6688091e-01
  1.3869403e-01
  8.8006765e-02
  6.5832697e-02
 -1.0920142e-01
  5.3245451e-02
 -4.3066272e-01
  4.1522795e-01
 -6.5182656e-01
 -2.3526710e-01
 -5.4852597e-02
 -5.8963090e-01
  4.7624144e-01
  3.7958484e-02
 -7.0943758e-02
 -1.6615392e-01
 -3.3245796e-01
 -1.6768968e-01
  2.8380397e-01
  1.3998739e-01
 -5.9388347e-02
 -1.3512598e-01
 -1.4463998e-02
 -2.2816208e-01
  5.7443202e-01
  4.7318775e-02
  4.0857736e-02
 -3.0225668e-02
  3.5565045e-01
  1.9109409e-01
  2.3064950e-01
 -3.9815459e-02
 -3.2966048e-02
  2.9249367e-01
 -6.4517146e-01
 -4.2157498e-01
 -6.6473084e-03
  1.0403299e-01
 -4.4092092e-01
 -2.6499894e-01
 -1.4257787e-01
  1.8355767e-01
 -1.5779387e+00
 -3.0152618e-03
 -1.5011768e-01
  7.2517279e-03
  7.6694177e-03
 -4.6698377e-03
 -4.2194965e-01
  2.7841660e-01
 -6.0634118e-02
  1.5925424e-02
 -1.0238276e-01
 -4.5013028e-01
  2.8729346e-01
 -3.6162485e-03
 -6.1022572e-02
 -4.7311005e-01
  3.9213419e-02
  8.5371524e-02
 -7.2873436e-02
  1.5041172e-02
 -2.4978422e-02
 -3.4531641e-01
  7.8943357e-02
 -8.7681687e-01
  1.1511195e+00
 -4.6562079e-02
 -1.4949318e-03
 -2.7850330e-02
  1.0608377e-01
  2.9572788e-01
 -2.5666801e-02
  1.5230103e-01
  3.3023298e-02
 -2.0730644e-02
 -1.9644704e-01
 -3.0367565e-01
 -1.1711705e-01
  2.8987128e-02
 -1.8724479e-01
 -1.3831523e-01
 -2.5013464e-03
 -3.3912441e-01
  1.3184152e+00
  1.1103246e-01
 -1.7676855e-02
  1.3500440e-01
  2.7950879e-02
  3.2645199e-01
  2.4144009e-03
  3.7763780e-01
 -7.7985004e-02
  1.6458496e-02
  8.7000728e-02
 -2.9319426e-01
  1.7057711e-02
 -9.7781561e-02
 -3.0539228e-02
  2.5193739e-01
  1.8449214e-01
 -1.3739649e-02
  1.5179043e-01
  2.2529643e-02
 -7.5653712e-03
  2.4453342e-01
  1.5224431e-02
  1.6581094e-01
 -2.1644637e-01
  2.3797663e-01
 -2.3204871e-02
  3.2502502e-02
  2.1456131e-01
  2.3250639e-02
 -5.6359936e-02
  1.6456866e-01
 -7.1029887e-02
  2.5695857e-02
  1.4428397e-01
 -3.7356630e-02
 -4.7940519e-01
 -6.0976613e-01
 -2.5376251e-01
 -1.8640397e-01
  2.8492531e-01
 -1.7784727e-01
 -1.5960675e-01
  5.9966553e-02
  1.0183090e-02
 -1.8747887e-01
  3.7670560e-02
  3.1004144e-02
 -1.3237339e-02
  5.0544047e-01
  9.3693934e-02
  9.4171740e-02
  4.6377848e-03
  7.4830293e-03
 -1.3983466e-01
  3.1500098e-01
 -1.1333018e-02
 -2.3968713e-02
 -8.8123429e-01
 -2.5648424e-01
 -4.6892740e-02
 -3.3012953e+00
  3.1892192e-02
 -2.4394912e-01
 -1.9418466e-04
 -2.4966836e-01
  3.7268467e-02
 -7.2448462e-02
 -3.3242741e-01
  6.3550986e-02
  2.2126237e-01
 -2.2267741e-01
 -7.7073002e-04
  2.4002338e-02
  8.8484334e-03
  2.5696164e-01
  6.8100425e-03
  9.2252187e-02
  1.2405618e-02
  7.0962429e-02
 -1.9077010e-01
  6.2509865e-02
 -1.1685391e-01
 -2.3894545e-02
  3.2292122e-01
  5.3929161e-02
  6.0480912e-03
  3.7236139e-03
  5.1947247e-02
  3.2351145e-03
  4.4747110e-02
 -1.2503461e+00
  1.0070861e-01
  4.0980443e-02
  3.0359522e-01
 -2.6477000e-01
  1.2090641e-01
  1.3216926e-01
  4.2548336e-02
 -3.3634600e-01
 -1.5749580e-01
 -1.9982575e-01
 -1.9910851e-01
 -4.1749176e-02
 -3.0710202e-02
  3.8301826e-01
  5.0107177e-02
 -3.6412202e-02
  2.5398491e-02
  1.8049152e-01
 -1.2604557e-01
 -1.2836002e-01
 -2.1270034e-01
  5.3208973e-02
  1.7454388e-02
  1.8514603e-01
 -2.8300837e-01
 -5.6044478e-02
 -1.4181459e-01
  1.0257245e-01
 -1.0868227e-01
 -1.0984806e-01
 -3.5405459e-03
  3.8866434e-02
 -1.2545754e-02
  5.0386477e-01
 -8.2145654e-02
 -2.2777196e-02
  1.6759507e-01
  1.4403288e-01
 -7.8591809e-02
 -5.3164169e-02
  2.7096298e-01
  7.0898697e-02
 -1.2400985e-01
 -5.4547735e-03
  1.7505395e-01
  1.6508164e-01
  1.9485644e-01
 -8.1520423e-02
  1.2356926e-02
 -2.0595574e-01
  4.5131290e-01
 -5.1268950e-02
 -2.4555150e-02
 -1.4738958e-01
 -1.4096753e-01
  1.2874377e-01
  1.9000612e-02
 -3.2273691e-02
 -1.6213719e+00
 -1.7725690e-01
  1.0893042e+00
 -8.7969385e-02
 -1.4297155e-02
 -4.0617041e-02
 -1.1272356e-04
 -8.4958188e-03
  5.9576508e-02
  1.3748719e-02
  1.2465710e-01
  1.3630968e-02
  1.1425679e-01
  7.5975858e-02
  1.3182840e-02
  1.7492603e-01
 -2.3434678e-02
  1.3954106e-01
  3.0445909e-02
 -6.1419897e-02
 -3.3436548e-02
  2.2774215e-01
 -2.5222745e-02
  1.8284975e-01
 -2.0576490e-01
 -1.1445393e-02
 -4.8342653e-02
 -5.4424550e-02
 -8.1733868e-02
 -1.7458912e-02
  7.4961334e-02
 -3.4573603e-01
 -3.8740791e-02
 -2.4862967e-02
 -4.5350307e-01
 -4.6668793e-03
  6.3486889e-02
 -5.4680249e-03
  1.1107438e-02
  5.4548267e-02
 -6.0089517e-02
 -9.5446007e-03
  1.0974040e-02
 -1.8242652e-03
 -1.6230683e-01
  8.8316528e-03
 -6.5244487e-03
  2.0259751e-02
  1.3578129e-01
  2.2720469e-02
 -2.5165739e-02
 -2.5575100e-03
  4.9612033e-01
 -1.1630824e+00
  1.9602885e+00
 -9.6400671e-02
  1.1573020e+00
 -1.1488782e+00
 -8.5628068e-01
  3.7594695e-02
  6.8651892e-02
 -6.1641065e-03
 -8.2312329e-03
  1.1995646e-01
  3.4756850e-02
  3.8508386e-03
  1.4968789e-02
  1.2195692e-02
  4.4797171e-02
  4.2107135e-02
 -4.5455594e-02
 -1.0150966e-01
  2.9897919e-01
  4.8260879e-02
  1.5463170e-01
 -1.1837740e-01
  2.0335199e-02
  1.0515180e-02
 -4.4295441e-02
  3.3545490e-02
  7.6022156e-04
  1.8954280e-01
 -3.7635237e-02
  2.1019496e-02
  5.2835360e-02
  2.5847699e-02
  3.6414969e-01
  1.5209255e-01
  4.1933152e-01
  6.7183435e-02
  2.5414299e-02
  7.9417840e-02
  1.1712988e-02
  1.9483101e-02
 -4.4079316e-01
  3.3987582e-01
  7.6308437e-02
 -8.8831875e-03
  1.6948245e-01
  9.7410798e-02
 -3.7997108e-02
 -2.6698470e-02
  4.2495411e-02
 -1.1610677e-02
 -3.1587214e+00
  1.6072430e-01
 -4.7844485e-03
 -2.9761959e-02
  5.3784430e-01
 -4.4457412e-01
  8.5621518e-01
 -2.7460085e-02
  6.6516019e-02
 -1.1601706e-01
 -6.3323341e-02
  1.6533005e-01
  2.4033283e-01
  1.0897151e-01
 -3.5311545e-03
  2.8940925e-01
  8.4024504e-02
  2.4511954e-02
  1.8076394e-01
  3.0891752e-02
 -6.5971419e-02
 -4.7505833e-02
  3.9107222e-02
 -1.3151119e-02
 -2.9089132e-02
  5.4846346e-02
  5.0015368e-02
  3.1526080e-01
 -2.3089344e-02
 -1.8139161e-02
  1.0415569e-01
  3.1823527e-02
 -6.8345696e-01
 -3.4014866e-01
  5.9711013e-02
  3.9618127e-02
 -5.6903654e-01
 -9.1212779e-01
 -2.3097636e-01
  1.4422254e-02
 -5.2624598e-02
  3.8781865e-03
 -1.1322699e-01
 -5.0204601e-03
 -6.5331548e-02
 -1.6384168e-01
  2.2883948e-02
  2.6183879e-01
  6.4521800e-03
  1.8897278e-02
 -2.5081223e-01
 -1.1996075e-02
  2.8662281e-02
 -1.6579692e-03
 -4.9010992e-01
  2.2586242e-03
  9.9380556e-03
 -7.4679725e-02
 -1.1150439e+00
 -3.6853995e-02
  6.0037337e-02
 -5.6604815e-01
 -9.6046686e-01
 -3.1888938e-01
  1.8622624e-02
 -6.6019821e-01
  3.2163367e-01
  1.0243270e-03
  6.8483099e-02
 -1.6817328e-02
 -5.6424635e-03
 -1.8877199e-02
  6.0952534e-03
  1.3945855e-01
  1.2239627e-02
  8.4245592e-02
  1.3128966e-01
  6.2415268e-02
 -5.2086379e-02
 -4.1040126e-02
  1.2278762e-01
 -1.3650020e+00
 -2.6222646e-02
  3.3486102e-02
  2.8951913e-02
  3.5808324e-03
 -2.0679072e-01
  5.7047457e-02
  2.4458488e-02
 -9.4491422e-02
 -5.2586142e-02
 -7.0148006e-02
  6.5663555e-03
  6.0526824e-01
 -3.6933057e-02
 -2.9061690e-02
 -2.2350718e-01
 -5.0298497e-02
 -3.6162481e+00
  1.0600232e-02
  6.0374409e-02
  3.0186212e-02
 -6.4889237e-02
  7.2804250e-02
 -4.8437297e-02
  2.7306441e-02
  1.7882822e-01
 -1.9289451e-02
 -3.0273667e-01
 -1.2203909e-01
  1.1321979e-02
 -1.3728105e+00
 -1.2898114e-02
  2.1623528e-02
 -7.4588671e-02
  4.8189249e-02
 -1.5347998e-01
 -2.8800568e-01
 -9.1214254e-02
  3.0153045e-01
 -1.7271218e-01
 -2.6731467e-01
 -1.7743333e-01
 -6.7799933e-02
  2.0482907e-02
  1.1771567e-02
  2.9788879e-03
 -1.8437965e-02
 -9.4823241e-02
  1.4320727e-02
  2.5161240e-02
 -5.8530071e-03
  1.3776717e-01
  6.3062407e-02
 -2.0805025e-02
 -4.2574205e-02
 -6.2602490e-02
 -9.2880413e-02
  1.0148795e+00
 -1.1304302e-02
 -1.9617407e-02
  5.6391633e-03
 -4.7929576e-03
  1.5051492e-01
  1.0105492e-01
 -3.1761285e-02
 -1.7546381e-01
  4.7625579e-02
  5.0780542e-02
  1.6848495e-02
 -4.8219338e-02
 -4.4832099e-02
 -5.5859261e-03
  5.5116448e+00
  1.3526307e+00
 -8.9173112e-04
  1.4451897e-01
 -2.5817788e-01
  1.7415725e-01
  1.9606964e-01
 -1.5879108e-02
  1.4157923e-01
 -9.6550606e-02
  7.6169506e-02
  3.2190420e-02
 -3.2555733e-02
  2.0608340e-01
  9.8695204e-02
  1.0175335e+00
 -4.5021060e-01
  5.4443846e-03
  8.1462748e-02
 -8.4753461e-02
 -1.4602943e-01
  6.5532781e-02
 -6.3444162e-03
 -6.8526757e-01
 -6.7538822e-01
 -3.1712670e-02
 -3.8071003e-02
 -5.2807897e-02
  8.5632741e-02
  7.2344176e-02
 -6.8766132e-02
 -3.5788659e-02
 -1.8924552e-01
 -1.1379962e-01
 -1.5171586e-01
 -1.1396434e-01
  1.3038549e-03
  3.8632862e-02
 -3.6017235e-02
 -3.8864370e-02
 -2.4242748e-02
  9.1044255e-02
 -5.1929958e-02
  8.9930398e-03
  1.1485215e-01
 -3.4174748e-02
  5.7592954e-02
  1.2292417e-01
 -2.3597555e-02
  9.8958977e-02
  3.1174218e-02
  9.9271744e-02
 -1.9547660e-03
  2.7839445e-02
 -3.9221615e-02
  3.0692080e-02
 -4.7350521e-03
 -4.5039626e-03
 -1.7964164e-02
 -4.2389734e-03
 -1.3627635e+00
  9.9818528e-02
 -2.3263982e-03
  1.3123913e-01
  4.5944676e-03
  6.8191275e-02
  1.4677662e-01
 -8.3206082e-03
  2.0573577e-02
 -6.8350784e-02
 -9.8526537e-02
 -3.6337506e-02
  3.9216105e-02
 -5.6816995e-02
  3.7089683e-02
 -6.4635831e-03
 -8.0950654e-01
 -9.8163056e-01
  1.3933323e-01
  1.5775129e+00
 -5.9766930e-01
 -4.1623260e-03
  2.4571182e-02
 -1.7922568e-01
 -1.6698172e-02
 -4.1277923e-02
  3.3648070e-02
  1.6419642e-01
  4.8930101e-02
 -4.6532296e-02
  9.1575226e-03
 -1.3254986e-03
 -8.7541670e-02
  2.6233016e-02
  2.6572004e-01
 -1.0013413e-01
  8.0782630e-02
 -1.3053494e-02
  1.3352998e-01
  1.8663986e-02
 -8.3749741e-02
 -4.2601377e-02
  1.1976581e-02
 -2.4602721e+00
  3.0532978e-02
 -3.9266899e-02
 -1.0655854e+00
  6.7294464e-03
 -3.5392813e-02
  3.1452212e-02
 -3.3142902e-02
 -5.2977953e-02
  2.5069196e-02
  1.4891075e-01
  6.1821695e-02
 -6.0998987e-02
  1.9275272e-01
  8.7862378e-03
  2.4394996e-01
  8.3286591e-02
  4.0872775e-02
  1.3851171e-02
  9.8264880e-02
 -1.8939085e-01
 -2.0405684e-02
  1.0392715e-02
 -4.1481212e-01
 -9.9800982e-02
 -1.8717233e-02
  1.2689102e-01
 -9.3132250e-02
  2.3737566e-01
  9.0976691e-01
  2.2773814e+00
  9.6443570e-01
 -5.0765604e-01
  1.5038337e-01
  6.5816367e-01
  7.8747702e-01
 -1.3544694e+00
 -7.5291112e-02
  2.2433876e-01
  6.7627065e-02
  5.6493938e-01
 -6.3937247e-02
  1.6074983e-02
  5.2822743e-02
  1.7198636e-03
 -8.4987745e-02
  9.4888411e-02
 -6.2275833e-01
 -8.0365646e-01
  7.8981474e-02
 -4.8315763e-01
  2.1593411e-01
  6.3364720e-01
 -6.4195079e-01
  1.8859227e+00
  4.0376116e-02
  1.9494689e-01
  1.6050439e+00
  7.5169051e-01
  6.7311218e-03
 -2.3441279e-02
 -9.6011943e-01
  8.8664663e-01
  4.1396755e-01
  6.6904187e-02
  3.2630268e-01
  2.5442832e+00
  6.4668618e-02
 -1.3993740e+00
 -2.4563704e-02
 -1.4593220e-02
  1.2413300e+00
 -1.1839055e-01
  2.0172958e-01
 -4.9397129e-01
  4.8272416e-01
  1.3713923e-01
 -5.3633183e-02
  1.0908266e-02
 -1.2254535e-01
  4.8815098e-02
 -1.0596183e-02
 -4.0060893e-02
  1.5564957e-02
 -4.3525361e-02
  9.3775444e-02
 -6.2432444e-01
 -4.5186583e-02
 -6.2298644e-02
  6.2020257e-02
  2.0865832e-01
  2.4829388e-02
  1.5109061e-02
  5.2485025e-01
  5.8320332e-03
 -2.3435783e-01
 -8.1606314e-02
 -4.6450738e-03
  1.2719341e-02
 -1.2536315e-02
  3.0656623e-02
 -3.8885906e-02
 -2.0776339e-02
  2.3191799e-03
 -5.4075286e-02
  2.7535206e-01
 -4.3370843e-02
 -1.3451985e-01
  2.4970662e-02
 -8.6992584e-02
  3.4461588e-02
  7.7439338e-02
  1.7812143e-01
  6.4063296e-02
  5.4249920e-02
 -1.2147729e-02
 -1.1343019e-02
 -3.9493904e-01
  9.3851261e-02
  2.3815023e-02
 -4.2718347e-02
  8.7024011e-02
  1.4965117e-01
  2.4128012e-02
 -8.1667133e-02
  1.8881401e-01
  3.6220735e-01
  8.7351575e-03
  2.0732605e-01
 -9.9971262e-04
  1.7812753e-02
 -6.9825202e-02
 -9.9451266e-02
  2.5460381e-02
  7.2198277e-03
  8.9068189e-03
  4.4264725e-01
 -2.1596642e-01
  7.8169554e-03
  6.7106956e-03
  1.3757440e-01
  6.8901843e-01
  7.7902980e-02
  1.7360339e-01
 -5.5322623e-01
  1.0006247e+00
  9.9569336e-02
 -2.9943926e-02
 -3.4156624e-02
  7.1367055e-02
 -5.3342664e-01
  1.1711597e-02
 -1.7974164e-02
  9.7424328e-02
 -1.0039421e-01
  2.3314019e-01
  1.1384437e-01
  1.8269470e-02
 -9.7212037e-03
  4.8832152e-02
  9.3817171e-03
 -4.2010188e-02
 -2.5714340e-02
 -1.2970479e-01
  1.3153230e-01
 -3.2503703e-01
 -3.8862610e-01
 -1.8458027e-02
 -2.0870808e-01
  2.3853594e-02
 -1.7363593e-02
 -9.6027059e-03
 -2.4471389e-02
 -4.1736800e-02
  1.8478477e-01
 -9.4667621e-02
 -2.4816699e-03
 -5.6163836e-02
  2.7735602e-02
 -1.3993420e-01
 -1.0542870e-01
 -6.0661260e-02
  5.8618296e-02
 -2.1876514e-01
  1.1928934e-01
 -1.3943145e-01
  3.8129902e-01
 -7.1911797e-02
  1.2605675e-01
  3.9699073e-03
 -8.1748933e-02
  8.9642089e-03
 -9.5257767e-02
 -2.6461426e-02
 -1.5701141e-02
 -1.3191393e-01
 -1.0595489e-03
  1.7448255e-01
  1.3415135e-02
  4.7059021e+00
  1.3135511e-01
  2.1225976e-02
 -1.1329241e-02
 -2.3133469e-01
  2.8903366e-03
  8.8873321e-06
  1.6308898e-01
 -6.7096129e-02
  5.7996392e-02
  5.1677056e-02
  1.6478953e-01
  1.3416686e-02
 -2.9975244e-01
 -1.8591669e-01
 -3.0437540e-02
  7.3071003e-02
  2.2874376e-02
 -3.3602327e-02
  1.3271168e-01
  7.2748983e-01
 -6.0296346e-02
  5.6406055e-02
  3.2437526e-02
 -2.5292730e-02
 -2.5783990e-02
  1.1107918e-01
  8.4808648e-02
  1.2014926e-02
  4.3539670e-01
  1.6059473e-01
  5.1934995e-02
  8.9270428e-02
  5.5815810e-03
  2.3951236e-02
 -4.1456953e-02
  1.5769470e-02
 -4.7939684e-02
 -3.7838478e-02
  5.7774251e-03
  5.2071427e-05
 -4.7108065e-02
  7.9901237e-03
 -1.0865823e-01
  2.2628064e-01
  6.1816201e-02
  8.2319662e-02
 -3.3825230e-02
 -1.4567635e-02
 -2.5579333e-01
 -3.1205654e-01
  3.7009917e-02
  9.4738282e-02
  8.3319195e-02
 -2.6261974e-02
 -4.8827797e-02
 -1.1770469e-01
 -6.1512792e-01
 -2.5262123e-01
 -2.2148685e-01
 -9.3605019e-02
 -1.3567172e-02
  1.9620549e-02
 -1.1816067e-02
  2.9330006e-02
 -2.7888345e-02
  1.1752435e-02
 -3.3706371e-02
 -2.5366668e-02
  1.3611136e-02
 -4.4997860e-02
  1.1097381e-02
  5.9848655e-02
 -3.8650397e-02
  1.5901318e-02
 -9.1963861e-04
 -7.9598622e-03
  6.7311190e-03
  4.2204127e-02
  5.0838027e-02
 -2.9502591e-02
  1.9061995e-01
 -2.5463635e-01
 -7.1513094e-03
 -4.6907417e-02
 -1.4240700e-01
 -4.3950718e-02
 -2.4159814e-03
 -1.8398857e-02
  4.4254027e-02
 -4.7831081e-02
 -1.9949067e-02
 -4.3570068e-02
  1.3280000e-01
  1.2974975e-02
  7.2822504e-02
  4.4031208e-03
 -3.5692904e-02
 -1.1909526e-02
 -6.2632591e-02
  1.0184894e-01
 -1.9971432e-02
 -4.8685066e-02
 -3.5673287e-03
 -6.6892512e-02
  8.8244192e-02
  2.0355454e-02
 -3.4751929e-02
 -5.4147784e-02
  1.2975244e-01
  2.9519548e+00
  2.9468656e+00
 -5.2974576e-01
 -2.4733758e+00
 -4.1248697e-01
 -1.5734863e+00
 -5.5496302e-02
 -5.2566886e-01
 -3.7611980e-02
 -3.8447332e-02
 -2.3666832e-01
 -2.0467453e-01
  3.9863754e-03
  1.4954256e-01
  2.5302651e+00
 -9.9883080e-02
  8.6445093e-02
  9.0143061e-01
  5.2357650e-01
  1.3068993e-01
 -5.2984659e-02
 -3.3982763e-01
 -3.2067159e-01
  1.7142944e-02
 -4.6991315e-01
 -2.0586109e-01
  3.5370436e-02
  8.2936078e-02
 -1.1718785e-01
 -1.2163858e+00
 -3.0114973e-02
  7.4074680e-01
  5.2218758e-02
  1.5332898e-01
 -1.9876514e-01
 -6.1786073e-01
 -3.8937178e-02
 -4.4088930e-02
 -4.8273852e-01
 -4.9056672e-03
 -3.5681773e-02
  1.1083012e-02
  5.8223748e-01
  9.3460150e-02
  8.5334361e-02
  6.1273998e-01
  7.5868464e-01
  5.8674669e-01
 -6.2777802e-02
  2.4749434e-01
 -1.9176503e-01
  4.8184965e-02
  9.8590493e-02
 -1.8602263e-02
 -4.7847335e-03
  9.3791984e-02
 -7.1527553e-01
 -4.8274573e-02
  1.0425172e+00
 -2.6795048e-01
 -4.3033734e-02
  7.4202113e-02
 -5.1796126e-01
  1.3071490e-02
 -3.9961338e-03
 -4.3221761e-02
 -1.2516269e-02
  1.0083570e-03
 -9.7731963e-02
 -1.5148838e-01
  2.0790754e-02
 -2.2664502e-02
 -3.4672946e-02
 -5.4261170e-02
  5.3317249e-02
 -3.5366047e-02
 -4.3627527e-03
 -1.1556130e-01
  3.6454052e-02
 -1.9926691e-02
 -4.1106280e-02
 -6.6662431e-02
  2.0760981e-02
  5.2310769e-02
 -8.5914053e-02
  9.5558159e-02
  4.0090885e-02
  1.1448173e-01
 -1.4972664e-02
  3.1638145e-02
 -9.1233537e-02
 -1.6900396e-02
  3.1686455e-02
 -7.4417979e-02
  8.3632283e-02
  9.7158231e-02
  1.0936294e-02
 -7.2346747e-02
 -8.4458955e-02
 -4.3081716e-02
 -9.0854563e-02
  7.3997257e-03
  4.3460045e-02
  6.9097646e-02
  3.2365804e-03
  3.7836947e-02
  3.1905603e-01
 -1.2518618e-01
 -1.2978201e-01
  3.9767332e-02
  5.9965663e-02
 -6.1657205e-02
 -6.2006038e-02
 -3.9642390e-02
  1.2003717e-02
  5.0563782e-01
  1.0660849e+00
  1.8329227e-01
 -6.1619724e-03
 -2.2044407e-02
  1.0384143e-02
  3.2521874e-02
  8.4761523e-02
 -6.6128306e-02
  2.6557721e-02
  7.3149927e-02
 -8.2285833e-03
  1.2014559e-02
  1.2489063e-01
 -3.8549770e-02
  1.0037009e-01
  2.2122449e-01
 -5.8008697e-02
  4.8869684e-02
  1.6219305e-01
 -1.4468466e-01
 -1.4195395e-01
 -2.2290574e-02
  4.0905867e-03
 -6.6563882e-02
 -2.8730648e-02
  1.5426136e-02
 -3.8069353e-02
  3.1923056e-01
 -2.1868736e-02
  1.0169788e-02
  3.1627473e-01
 -4.6644241e-01
 -5.7460506e-02
 -1.6685767e-02
 -7.6898350e-03
 -1.3000850e-01
  2.8141592e-02
  6.7700312e-02
  5.9903957e-02
 -5.9478592e-02
  2.9215217e-02
 -2.4067607e-02
  6.6969983e-02
  1.1577284e-01
 -2.0204538e-02
  5.1352037e-03
 -4.8231576e-02
  1.0246295e-01
  4.2679645e-02
 -8.0494925e-02
  2.0918282e-02
 -4.3563537e-02
 -4.9396407e-02
 -2.6506681e-02
 -3.2988938e-03
 -4.3194857e-01
 -2.9957753e-01
 -2.7113678e-02
 -1.1360067e-01
  1.1799839e-01
 -1.2702614e-02
  5.0352931e-02
 -2.1196316e-01
 -6.7402147e-02
  1.6071316e-02
 -6.6507412e-03
  2.7999339e-01
 -7.9373799e-02
 -7.5886063e-02
  1.0642754e-01
 -4.8288777e-01
 -4.4844903e-02
  1.8555747e-02
 -6.2284213e-02
  5.7669971e-02
 -3.7915802e-01
 -2.7229819e-02
  4.5426872e-02
 -1.6210908e-02
 -4.6813395e-02
  7.5782528e-03
 -5.1690795e-02
 -1.7850440e-02
 -1.4323951e-01
  1.3403376e-02
 -1.7508354e-02
 -5.3964823e-02
  1.3449355e-02
  7.3050611e-02
  2.7785210e-02
  5.2383844e-02
  3.8261604e-02
 -7.5958475e-02
  2.1200232e-02
  1.2399806e-02
 -1.7666314e-02
  2.3710352e-01
 -4.9871396e-02
 -1.5432385e-01
  2.9800060e-01
 -9.2050051e-03
 -2.6653162e-01
 -1.5933813e-03
  5.8235891e-02
 -2.6631027e-02
 -1.1699039e-01
  1.0717236e-02
 -6.2130783e-02
  6.2291995e-02
  6.2886071e-01
 -2.1167104e+00
 -2.7571371e+00
  7.3029064e-03
  1.6239738e-01
  5.8572427e-03
  7.2049849e-02
  2.1368703e-02
 -3.9348599e-02
 -2.3289125e-02
 -1.2592326e-02
 -1.1554663e+00
  2.6260369e-02
  3.0756500e-02
  4.9833082e-02
  1.7825738e-02
  9.2354957e-03
 -5.1466511e-03
  6.2418904e-04
 -3.3420973e-02
  4.3264978e-02
 -9.5934868e-02
  5.1403036e-03
 -1.0059971e-01
  3.2172028e-03
 -1.9254681e-02
 -8.7684400e-02
  1.7994432e-02
 -2.3999687e-02
 -8.9963324e-02
 -1.7692920e-02
 -3.2827910e-02
  2.1713562e-02
  8.0605604e-02
  7.5402841e-02
  8.8949390e-02
 -1.0506938e-01
 -1.0161129e-02
 -3.5850417e-02
 -5.7817653e-02
 -3.0266756e-02
 -6.6503711e-02
 -8.0786508e-01
  1.3531117e-01
  4.9829606e-02
 -8.4758006e-02
  9.2740290e-02
 -1.9710844e-02
  9.0201616e-02
  3.5330120e-02
  6.4463384e-02
 -1.5742062e-02
  1.3305272e-02
  5.0740208e-02
 -5.4479744e-02
  4.4905305e-01
  3.0855987e-02
 -1.5828486e-01
  6.2694602e-02
 -1.3485627e-01
  7.1621850e-02
 -1.2935489e-01
 -2.7082118e-01
 -1.0979348e-02
 -6.0284343e-02
 -2.3262700e-02
  2.4056530e-01
  4.5509404e-03
 -8.9952767e-02
 -1.1155714e-01
 -4.8327632e-02
 -9.3563378e-02
 -2.9770644e-02
 -2.3756025e-02
  2.2514753e-01
 -2.2131358e-01
 -1.0959250e-01
  2.2935972e-03
 -4.6374351e-03
 -1.0785944e-02
 -3.5493091e-02
  3.3611648e-02
 -1.5944569e-01
 -1.3311200e-01
 -4.3421473e-02
  6.2846690e-02
 -4.4770882e-02
  2.4010144e-02
  9.7599275e-02
  1.2564632e-01
 -1.6425926e-02
  1.0497846e-01
  6.8424678e-01
  3.6266137e-02
 -9.4811410e-02
  1.1354762e-01
  3.0015228e-02
  1.0935409e-01
  3.3849087e-02
  2.1596451e-03
 -4.2424880e-02
  2.0091681e-02
 -6.2077817e-02
  1.4404264e-02
 -1.1151975e-01
 -3.4889364e-01
 -3.9098464e-02
 -2.9683828e-02
 -5.0977673e-02
  1.9328926e-02
 -6.4258734e-03
  4.2591818e-02
 -8.5371658e-02
  3.7160874e-03
  1.7382546e-03
  5.9471983e-01
 -4.3265089e-02
 -2.0451482e-02
  5.2345707e-03
 -8.1348215e-04
 -7.4406624e-02
  4.0369314e-01
  2.6959401e-02
  9.3065500e-03
 -2.6029235e-01
 -1.3269430e-01
  8.4261494e-03
  1.5302044e-03
  1.9077963e-01
 -5.9815068e-02
  7.5872056e-02
 -4.4571914e-02
  6.1630195e-01
 -1.1947764e-03
  1.3098896e-01
 -1.8916981e-02
  2.7660323e-02
 -6.6887744e-02
 -2.3986088e-01
  1.6077526e-01
  4.9400974e-02
 -3.1988971e-02
  3.1379998e-02
 -1.8755049e-02
 -1.6905403e-01
  1.6861510e-01
 -1.2462943e-02
 -1.7112556e-01
  1.8911546e-02
 -3.8003836e-02
  4.3794420e-02
  5.9145978e-03
  1.6363646e-01
  1.8335529e-01
  1.1778570e-01
  7.9289705e-02
 -4.0026799e-02
  2.9043261e-02
  2.1577157e-02
  2.8226836e-02
 -8.8978797e-02
  1.0713746e-02
  4.6137176e-02
  3.3984768e-01
 -1.3235359e-01
 -5.7032440e-02
  3.7858479e-02
 -8.5669175e-02
 -7.5170859e-03
  9.5821992e-02
  4.1642922e-01
 -1.6586207e-02
 -1.8428406e-01
  3.7710208e-02
 -1.2883709e-01
 -6.0644508e-03
 -2.2831646e-01
  1.5205309e-01
 -3.9107274e-02
  2.8437451e-01
 -3.5220116e-02
  2.6597457e-02
  1.7195078e-02
  6.8569272e-03
  9.9495344e-02
 -1.1971177e-01
 -1.3218707e-03
  1.2841783e-02
 -6.9113918e-02
  2.3468833e-01
  1.2443057e-01
  2.2497252e-02
 -5.9562627e-02
  5.2507877e-02
  1.1478975e-01
 -1.7987388e-01
  1.4124723e-01
  3.3088559e-03
 -3.0070649e-02
 -1.2327620e+00
 -5.7693280e-02
  1.9274231e-02
 -1.3038935e-01
  5.4114979e-02
 -2.2093130e-02
  3.6376428e-02
 -2.2056133e-02
  2.9617799e-02
  1.6106138e-02
 -7.8330912e-02
 -4.8267327e-02
  9.0710456e-03
 -1.4409655e-01
 -1.1656373e-03
 -1.9583052e-02
  3.0068567e-01
  6.2631685e-01
 -8.5802646e-03
 -5.4903162e-01
 -1.0140319e-01
  2.7475793e-02
 -5.8460385e-02
  1.4914098e-01
 -6.9054163e-01
 -1.5264985e-02
  3.8478264e-01
 -3.0697712e-01
 -5.6602156e-01
 -3.4204688e-02
  9.8158959e-03
  5.1447311e-03
  1.0413937e-01
  6.2365122e-02
  5.4437447e-01
 -4.6375212e-03
  5.4088298e-02
 -2.2571830e-02
 -1.0997882e-01
 -7.1260042e-02
  9.6447445e-02
  4.1414853e-02
 -1.0792314e-01
  1.4993384e-01
  3.5198562e-02
 -1.4969354e-02
  1.0516064e-01
 -2.7821571e-01
 -3.1756535e-02
  1.3752706e-01
  2.5384131e-01
  1.7587038e-02
 -8.1093915e-02
 -6.4209841e-02
  1.2531443e-01
 -4.4532735e-02
 -1.6816242e-02
  3.0576926e-01
 -1.1854596e-02
  9.1336854e-02
 -1.4710373e-01
  9.2090771e-02
  2.8468942e-02
 -5.4223206e-02
  5.5816653e-03
  3.4688313e-02
  5.4953236e-02
 -7.3162243e-02
  3.4550328e-02
  4.3551847e-02
  2.6100263e-02
 -7.8972365e-04
  5.7091834e-03
  1.8984132e-02
 -8.8047143e-03
  1.0497013e-01
  1.4928260e-01
 -1.1489560e-01
 -4.0416103e-02
 -6.4663911e-01
  6.5655947e-01
 -7.0551372e-01
  4.9200132e-02
  1.2289302e+00
 -1.4104661e+00
 -4.2662415e-01
 -1.3560879e-01
 -3.1499653e+00
 -1.5673678e-01
  3.3853814e-02
 -8.3794460e-02
  1.7440796e-01
 -2.6725513e-01
  3.3385804e-01
  9.9476367e-01
  2.0400670e-01
  4.2783622e-02
  7.7177501e-01
  1.0310692e-01
  6.4456826e-01
 -4.9589511e-02
 -1.2300460e-01
  2.9756078e-02
  1.3955760e-02
 -3.6615083e-01
  1.7923379e-02
  1.4263770e-01
  6.5585434e-02
  6.3758922e-01
 -1.1373006e+00
  1.0440942e-01
  1.4377218e-01
  8.9483488e-01
 -6.1483538e-01
  1.8370007e-01
  7.8221083e-01
  8.4583163e-02
  3.6813818e-02
  5.7894427e-01
  3.1678343e-01
  8.8071233e-01
  4.2221457e-01
  1.4826927e-01
  3.2163605e-02
  8.2566828e-02
  2.2215869e-01
 -1.6890410e-01
  1.8769389e+00
  1.8419573e-01
  6.9909349e-02
 -7.6735221e-02
 -5.7147767e-02
 -3.3351149e-02
  6.0610868e-02
 -1.3025138e-02
  1.0218532e-01
 -7.3276532e-01
 -1.5507989e-01
 -5.0307242e-03
  8.3478786e-02
 -2.7310101e-02
  6.2972851e-02
 -5.7460725e-02
 -1.5563208e-02
  2.4437094e-03
 -7.4561369e-01
 -1.1781716e-01
 -1.3064748e-01
 -4.6320722e-02
 -3.7030164e-02
  2.8694908e-03
 -4.9080994e-02
 -5.7033237e-02
  1.7250971e-01
 -6.8831176e-02
 -6.7707561e-02
  3.9916195e-04
 -2.8551289e-01
 -1.0582785e-02
 -2.8232044e-02
 -1.6822562e-01
  1.3502296e-02
 -9.5880508e-02
 -2.2091031e-02
  1.7952954e-03
 -4.2026725e-02
 -5.4964028e-02
  8.6489238e-02
  4.0787391e-02
 -2.5756516e+00
 -2.1050705e-01
  1.2898913e-01
  6.4435162e-02
  7.8047201e-02
 -3.9411291e-02
 -1.7193357e-02
 -2.1130970e-02
 -1.0059871e-01
 -3.7922025e-02
 -2.4087794e-02
  3.2733105e-02
 -1.7914364e-01
 -7.3218304e-01
  1.3870436e-01
 -6.1530516e-02
  5.9929956e-02
 -1.1408604e-01
  1.9741610e-01
 -3.5917163e-02
 -1.7965473e-01
  2.1606544e-03
  9.2461100e-03
  9.5457089e-01
  1.8270958e-02
 -6.8283689e-01
  7.9190679e-02
  1.5820960e-02
  2.6118410e-01
 -4.0012285e-02
 -5.6317575e-02
  4.8157956e-02
 -1.5841837e-01
 -3.7546672e-02
 -1.0039048e-02
 -3.8307163e-01
  7.0517294e-02
  6.9580644e-02
  7.4155182e-02
 -9.7563891e-03
 -3.7243765e-02
  7.5762588e-01
  2.3887567e-02
  1.1084659e-02
  5.3101849e-02
 -5.8592435e-02
  5.1402235e-03
 -2.2570947e-02
  1.1564802e-01
 -2.4559256e-02
  2.4380544e-02
  2.4698662e-02
  4.9826898e-02
 -1.8195637e-02
  2.0877719e-02
 -1.5326653e-01
  6.1729979e-03
 -1.7504979e-02
  4.4016346e-01
  1.4752381e-01
 -2.6625451e-02
 -1.1815774e-01
 -4.8404219e-04
  8.8073835e-03
  5.1745676e-02
  1.7218104e-01
  3.8438503e-02
 -5.6667056e-02
 -1.3382170e-01
  6.1972894e-02
 -7.5418010e-02
  4.7840457e-02
  1.2774819e-02
 -3.9371684e-02
 -1.0782573e-01
 -2.9435251e-02
 -7.9746768e-02
 -6.1610922e-02
  5.2194762e-01
  1.4262347e-02
 -4.7258511e-01
 -3.0606505e-01
  5.5753773e-01
 -9.9201724e-02
  1.3052754e-01
  1.1395983e-01
 -6.2858269e-02
 -3.7463563e-03
  9.8464400e-02
  2.5118375e-01
  1.1572256e-02
  6.1187442e-02
  1.7068088e-01
  1.9633220e-01
 -2.7494937e-02
  7.4297145e-02
 -1.7112050e-04
  2.8064171e-02
  2.6816837e-02
  1.7537368e-05
 -1.5717095e-01
  8.5653383e-03
  6.2730461e-02
 -4.1066576e-02
  1.2566350e-02
 -2.3998750e-02
  3.0421279e-02
  3.8080204e-02
  5.8920909e-02
  5.3857896e-02
 -4.6813387e-02
 -1.6485700e-02
  3.8029909e-01
 -1.6837606e-01
  6.1970450e-02
  2.5980663e-01
 -6.1024204e-02
  1.3051844e-02
  5.9534054e-02
  6.0178167e-03
 -5.9374893e-04
  1.2069273e-02
  5.9225764e-02
  4.5417380e-02
  7.5830847e-02
 -1.6753520e-01
  5.0873909e-02
  5.9855040e-02
  2.5480023e-02
 -7.7897059e-03
 -1.5409797e-01
  4.9238358e-02
 -4.1441484e-03
 -4.2294047e-04
 -1.1593389e-01
 -1.2340487e+00
 -4.5863721e-03
  1.3117996e-01
 -1.5210156e-01
 -1.2506236e-01
 -1.6717550e-01
  7.2160438e-02
 -1.0603193e-02
 -2.0344877e+00
  7.8479119e-02
 -4.0330779e-02
  3.1575371e-02
 -1.3585703e-01
 -9.9770948e-03
 -7.9050206e-02
  3.3139769e-02
 -9.0414375e-02
  2.4649240e-03
  3.0864740e-02
 -2.1512726e-02
  8.3817691e-03
  6.5994477e-03
 -4.3342538e-02
 -1.0779250e-01
  1.0707885e-01
  2.0306638e-01
 -1.0473423e-01
  2.3835691e-02
  3.5375383e-02
  3.2968815e-02
 -7.4881233e-02
 -1.6129844e-02
  5.4270640e-02
 -2.0080189e-01
 -1.9957876e-02
  1.2981790e-01
 -1.0371420e-01
  2.5226869e-02
 -1.1282494e-01
 -3.9216347e-02
  3.4026015e-03
 -1.3802974e-01
  1.0705476e-01
  4.7766224e-02
 -1.0094383e-01
 -1.5881220e-02
  8.1149697e-02
 -8.6977333e-02
  3.5739247e-02
 -1.2568140e-01
  6.7910865e-02
 -1.4154124e-01
  2.7396488e-01
 -1.6116441e+00
 -9.9629112e-02
 -1.0617588e-01
  4.4420671e-01
  1.1445710e-01
  7.5034541e-01
  7.0110053e-01
  2.7268006e-02
  3.0386341e-01
  3.2030776e-02
 -1.8982466e-02
  3.8535513e-02
 -4.0807799e-02
  1.3947509e-01
  7.3566549e-02
  1.6731946e-01
 -1.8967183e-01
 -8.6578384e-02
 -5.0496900e-01
  1.1905076e-01
  3.9739110e-02
 -1.2328158e-01
 -7.3074110e-02
 -1.3804641e-02
 -1.0415439e-02
  1.2539670e-01
 -1.9123351e-02
 -4.1398846e-02
 -1.6056472e-01
 -1.4556989e-02
 -3.0789049e-03
  4.0560022e-01
  4.8782445e-02
  7.6917559e-02
 -5.9434690e-02
 -2.7919050e-02
  1.3264807e-01
  4.0075433e-02
  6.4725354e-03
  7.0954129e-02
  8.9850109e-03
  5.1283997e-01
 -1.2888658e-01
  3.7647102e-02
  1.1337139e-01
 -1.6804451e-01
 -5.9308135e-03
  4.4436339e-02
  6.9234431e-02
 -5.7508346e-02
 -3.5176989e-02
  3.0908223e-02
  2.2408272e-01
  6.0388111e-02
 -4.4476487e-02
 -1.0220942e-01
 -9.2453867e-02
  2.4956707e-03
  6.2445313e-01
 -1.2687601e-01
 -1.6215891e-01
 -3.5167509e-01
  3.3190003e-01
  6.6511296e-02
  5.2193318e-02
 -1.5892701e-02
 -7.4264308e-04
  1.2530146e-02
 -1.3506768e-02
 -5.8206379e-02
 -1.7645197e-01
 -1.7599676e-02
 -6.9385566e-02
  1.0020470e-01
 -5.2909598e-02
 -3.5649914e-02
 -2.4963164e-01
 -1.4831942e-01
  7.8422595e-03
 -6.3087992e-02
  3.3406947e-02
 -2.3226006e-01
  3.5914253e-02
 -1.2587889e-02
 -3.6066431e-01
  9.4216043e-01
 -2.7072337e-01
  7.1495518e-02
 -2.1724959e-03
 -5.0096415e-02
 -6.4585119e-02
 -1.1384917e-01
  4.0526214e-04
  1.0232510e-01
 -1.0492385e-01
  2.1009161e-01
 -5.5787589e-02
 -5.6838300e-03
 -1.7247554e-03
  1.5685774e-02
  1.5465897e-01
 -4.3834063e-01
 -5.2939679e-02
 -9.2084557e-02
  3.0579901e+00
 -5.0261897e-01
 -8.6231135e-02
 -1.1844430e-01
 -7.2566949e-02
  2.8709659e-02
 -1.2636051e-01
  5.4922998e-02
 -1.1798632e-02
 -1.7794360e-01
 -6.9121523e-03
  1.3649082e+00
  1.7873372e-01
 -8.0597013e-02
  3.9992355e-02
 -3.5223959e-03
  2.0454612e-02
 -4.5074574e-03
 -3.7049048e-02
  2.8308194e-02
  4.3017074e-02
  3.4639093e-01
 -1.5215234e-01
  1.2816936e-02
  2.4405476e-01
  1.0909204e-01
 -3.8500588e-02
  1.0371576e-01
 -1.0806508e-01
  8.2502194e-02
 -5.9344657e-02
  3.8531952e-02
  3.5368186e-01
  1.1739217e-01
  7.2014621e-03
  4.1633010e-02
 -4.4341069e-02
 -2.2545654e-02
 -1.4683059e-02
  1.6163333e-01
  2.2665688e-01
  5.1286500e-02
  1.7662032e-02
 -1.6823669e-03
 -3.6555216e-02
  3.2350421e-01
 -3.1292547e-02
 -2.1474670e-01
 -1.9154985e-03
  2.2622991e-01
 -3.0168295e-02
  1.4823063e-01
  4.3778278e-02
 -1.7116485e-02
 -1.1229419e-01
 -1.3330897e-02
 -2.6779847e-02
  5.7095289e-03
 -1.1154669e-02
 -3.8151581e-02
 -8.3339430e-02
  3.1403430e-02
  1.1918916e-02
 -4.1049287e-02
 -1.2158128e-02
 -1.3290752e-02
 -9.1182753e-02
  4.2051262e-01
 -1.8335313e+00
 -8.1476653e-01
  2.4479605e-01
 -7.6971911e-02
 -4.4648162e-01
  9.6484618e-03
  3.0157195e-02
 -3.8607296e-01
 -3.9945275e-02
  5.6442227e-02
 -9.9099749e-01
  1.1622795e-01
  3.3548012e-02
  8.8154249e-02
 -3.5558187e-03
 -1.8587990e-02
 -5.4504178e-03
  1.2750700e-01
  1.0060007e-01
 -7.3378727e-02
 -6.2895808e-03
 -1.8358106e-02
 -1.9586697e+00
 -9.9729896e-02
  8.9856640e-02
 -1.7366927e-02
 -8.3518364e-02
 -2.0625691e-01
  2.6322212e-02
 -7.2823592e-02
 -2.2002517e-01
  1.7846981e-02
  6.7546926e-02
 -8.9454286e-02
 -5.3137381e-02
  2.5520554e-02
 -2.1618149e+00
  2.4617399e-01
 -3.8903493e-02
  1.0117122e-02
  1.9488221e-03
  9.9682257e-02
  5.2288957e-02
  1.4283312e-02
 -1.8542213e-02
 -1.1050847e-02
  1.3479435e-01
 -3.4128067e-01
 -3.2601528e-02
  3.3019263e-02
 -1.1127593e-02
  5.1475741e-02
  2.8767619e-02
  1.2711686e-01
  1.5522760e-01
 -4.2901233e-01
 -8.0616593e-02
  1.9214952e-01
 -4.6143651e-01
 -2.2214077e-02
  1.7227726e-01
  6.5367728e-02
  1.8919117e-03
 -1.1128144e-02
  2.8936988e-01
  4.0500227e-02
 -5.4459437e-03
 -4.5437091e-03
  2.3948824e-02
  8.0921710e-02
 -7.2898880e-02
  6.7257896e-02
 -1.3664462e-01
 -9.7516604e-02
 -3.4547675e-02
  1.9807333e-02
  1.6214068e-01
  9.2579998e-02
  5.3768042e-03
 -4.6329502e-02
  4.4210095e-02
 -2.1237253e-01
  2.0225985e-01
  7.0306808e-02
 -2.4385664e-01
 -5.4082956e-02
 -4.0035032e-02
  2.2834750e-01
 -7.3913611e-02
 -8.3566591e-02
 -5.6471086e-01
  2.4919123e-03
 -2.7969079e-02
  2.6067257e-02
 -2.8188667e-01
 -4.7142915e-03
  5.2747343e-02
  6.0417838e-03
 -4.6556789e-02
 -1.0706762e-02
 -2.5570676e-01
  7.5270139e-02
  4.6089686e-02
  1.0682092e-03
  4.2743754e-01
  1.7872985e-02
  1.1348355e+00
 -3.6175728e-02
  1.0255075e+00
  4.1629583e-01
 -8.4079826e-01
 -4.6470974e-02
 -1.9187981e+00
  2.1823993e-02
 -2.3588033e+00
  1.5026230e+00
  1.3551010e+00
  1.1159756e-02
 -1.1637837e-01
  5.8552258e-02
 -1.0146400e-01
 -1.3783893e-01
  7.0044726e-02
  1.0825352e-01
 -4.2591829e-02
  7.3543704e-01
 -5.7415832e-03
 -1.0618728e-01
  3.6954120e-02
  3.1838376e-02
  4.7993874e-03
 -8.3082281e-03
 -2.1530116e-01
 -3.4158822e-02
  1.4166716e-01
 -6.2255580e-02
 -1.8579403e-02
 -4.5431629e-02
 -2.5934908e-01
 -4.9230814e-02
  5.0747913e-01
 -4.7100037e-02
 -6.2960200e-02
 -2.6459810e-01
 -1.1297761e+00
  7.4269705e-02
  4.7280990e-02
  9.4985917e-02
 -2.8650410e-02
 -9.9225715e-02
  2.8557988e-02
 -6.5364189e-02
  8.9953374e-03
  4.4503137e-02
  3.3698220e-02
  7.5646099e-03
 -4.3468943e-01
  4.8015557e-02
  2.0984933e-01
  9.5889635e-02
  7.3062591e-03
  1.0076351e-02
 -2.1570690e-02
 -2.5424454e-01
  4.4079959e-02
  6.1807511e-03
 -3.3717182e-02
 -5.6372035e-01
  1.7960732e-01
 -5.0012600e-01
 -5.2370298e-01
 -3.7280774e-01
  2.3477975e-01
  5.0594848e-02
  8.9034885e-02
 -2.4527907e-01
 -3.2231748e-02
  1.2107442e-01
  9.9879809e-02
  4.7987686e-03
 -2.3437576e-01
  2.3493949e-01
 -2.8273979e-02
 -7.3746338e-02
  2.2915463e-01
 -1.0303316e-01
 -1.2234446e-01
 -6.1504763e-01
 -5.3771228e-02
  2.9556371e-02
 -1.4937981e-02
 -5.5262756e-01
 -3.4902729e-02
 -6.0933501e-01
 -8.4858211e-03
  3.0669376e-02
 -3.4337163e-02
 -1.5429570e-01
  6.6669709e-03
 -4.2864781e-02
  3.4485653e-02
  2.0303659e-03
 -1.9831136e-01
 -9.0090141e-02
  1.6941171e-02
  1.4379583e-01
 -8.1461556e-02
 -3.7656221e-01
 -2.9129440e-01
 -3.3763878e-03
 -2.0594305e-01
  1.7727435e-02
 -2.8329131e-01
 -2.2513930e-01
  2.4452811e-02
 -1.3846180e-02
  2.8740568e-02
 -8.9316238e-03
  3.4603894e-01
 -3.1057576e-02
  3.3583816e-02
  1.4066213e-01
 -7.0830591e-02
  2.0338733e-01
  6.3156813e-02
 -6.9524479e-01
 -3.8296768e-01
  3.0199882e-01
  5.8942330e-01
 -1.7790671e-02
 -2.1597903e-02
 -6.4416669e-02
 -1.4331420e-01
 -2.1128649e-01
 -4.5047395e-02
  1.4314018e-01
 -2.4691586e-01
 -3.0034592e-02
  4.6488680e-03
  4.4761645e-03
 -1.0778989e-01
  2.1827519e-01
 -1.5591819e-02
 -4.3747503e-02
 -5.8131959e-02
  1.2710080e-01
  1.2443117e+00
 -3.2782838e-02
  6.7289539e-02
 -1.3776822e-01
  1.6215026e-01
 -5.2778721e-02
 -3.6581464e-02
 -1.4369269e-02
 -3.3521771e-01
 -5.7635284e-03
  1.6787456e-01
 -1.4311631e-01
  1.1646986e-01
  2.1655779e-02
 -4.0505391e-02
  4.8904113e-02
  5.1792715e-02
  1.2476327e-01
 -1.1097560e-01
  1.4492811e-02
  7.8102179e-02
  7.8821555e-03
 -5.8499575e-02
 -1.6677210e-01
 -5.2907392e-02
 -1.0326420e-01
 -1.3532490e-01
  6.7245789e-02
  1.2667277e-01
  1.8816346e-02
 -4.4602867e-02
  2.4897423e-02
  2.7151248e-01
 -2.9127145e-01
 -7.8818537e-02
  2.3538342e-01
 -7.8842953e-02
  1.6406206e-02
  2.0578758e-01
 -1.6927363e-03
  2.8884033e-02
 -1.9364636e-02
 -1.6021213e-02
  1.3004063e-01
 -6.3623883e-02
  7.8265780e-01
 -4.8473537e-02
 -2.2839475e-02
  2.7624670e-02
  1.1275356e-01
  3.0908486e-02
  6.0530156e-02
 -9.0620503e-02
  9.1167241e-02
 -2.4377958e-01
 -2.8769473e-02
 -2.4997558e-02
 -2.9400052e-03
  1.8209597e-02
 -1.4605817e-01
  7.2723307e-02
 -2.6777658e-01
 -3.2132041e-02
 -4.2170692e-02
 -5.1426567e-02
  1.7970436e-03
 -6.0493620e-03
 -6.7790776e-02
  2.7064754e-02
 -3.0579323e-02
 -6.1638914e-03
 -3.1995615e-01
 -7.1025804e-02
 -5.0985340e-02
  1.1362992e-01
 -4.2110253e-02
 -1.9115338e-01
  5.2930368e-03
 -4.9142130e-03
  5.6834478e-02
 -5.8099832e-02
 -1.7032042e-01
 -5.0514054e-02
 -6.3559875e-02
 -1.0908600e-02
 -1.4287570e-02
 -6.8735788e-03
 -2.6855764e-01
 -3.3644071e-01
 -6.5492995e-02
  3.9850900e-01
  1.0486364e-01
 -7.0764734e-03
  6.0984779e-02
  1.8664823e-01
 -3.6339033e-01
 -2.8603559e-03
  1.1205766e-01
  3.4029283e-02
 -4.5543808e-01
 -1.2655446e-01
 -4.2687152e-02
 -8.0802262e-02
 -1.4059701e-02
  7.4454886e-04
 -5.2101044e-03
 -1.4604345e-02
 -4.8393118e-01
 -3.2500397e-02
  1.2623720e-01
  1.0233560e-01
  1.6951887e-02
  4.9125571e-02
  5.0406610e-03
 -1.8166275e-01
 -2.8351583e-02
 -4.5404032e-02
 -6.9137834e-02
  2.7645655e-02
  6.3611120e-02
  7.1891360e-02
  1.0327690e-01
  5.8961924e-02
  3.6963370e-02
 -3.1866435e-02
  3.7368543e-03
  9.8559642e-03
 -2.1269116e-01
 -3.9475948e-02
  1.2582222e-01
 -7.7164471e-02
 -1.0407654e-03
  1.3764416e-01
 -5.9672769e-02
 -1.0401803e-01
  1.8784226e-01
 -4.2591512e-02
 -3.1201711e-01
  6.7606717e-02
  2.0643104e-02
  5.3400576e-02
 -5.6081032e-03
 -2.9438926e-02
  9.5371328e-02
  2.4744403e-02
  8.5782009e-01
  2.4242979e-01
  8.8541830e-01
  2.1759620e+00
 -8.1021917e-01
  7.0059985e-02
  5.9695870e-02
 -9.0057999e-02
 -3.6608007e-02
 -3.1675782e-02
  8.6904213e-02
 -7.1496964e-02
 -5.3224177e-03
 -4.3089658e-02
  1.0885565e-01
 -9.4217561e-02
  1.7588299e-02
  8.4742578e-03
 -5.4142646e-02
 -6.3685207e-03
 -5.9220981e-02
 -6.5648325e-02
  1.2067068e-01
  1.1959723e-01
  1.0358272e-01
  2.2198598e-01
  1.7184179e-01
 -1.2235062e-02
  7.6044165e-02
 -2.0237753e-01
  5.0431315e-02
 -5.3434893e-02
 -7.7526979e-02
  1.3773456e-01
  1.8770238e-02
  3.6470871e-02
 -5.7189319e-02
  2.8380007e-02
  2.9009245e-02
 -5.4134745e-02
 -7.8182377e-02
 -1.0259167e-02
  3.7992571e-02
 -1.7366602e-01
 -4.2112507e-02
  4.5816328e-02
  9.7079083e-02
  5.7229728e-02
  6.3391149e-02
  3.3851489e-02
  1.8879632e-02
  8.4039085e-02
 -8.6511992e-02
  2.0717692e-02
 -3.4839079e-02
  8.9007363e-02
 -2.4255924e-01
 -9.5553190e-02
 -7.4221849e-02
 -2.9842303e+00
  5.0244391e-02
  5.2909948e-02
  1.0473817e-02
 -7.3105961e-02
  2.1957116e-01
 -1.5474269e-01
  1.3212401e-01
 -1.0447816e-01
 -1.8031931e-02
  3.7263617e-02
 -4.7427174e-02
 -3.5472137e-01
 -9.0501741e-02
  3.2405503e-02
 -2.4132038e-02
 -1.3358144e-01
 -9.8957513e-03
 -9.3993574e-02
 -1.1062225e-01
 -3.6161285e-02
 -4.0823803e-04
 -1.5181089e-03
  1.4894704e-02
 -1.7293483e-02
  7.9043025e-01
  1.1141950e-02
  2.6127072e-02
  5.5508777e-02
  1.1683021e-02
 -1.1027890e-02
  5.6290563e-02
  9.2267748e-03
  4.4921171e-02
  5.4870870e-02
 -8.0358632e-02
  1.4920561e-01
 -8.6450756e-02
 -6.9272444e-02
 -1.8638961e-02
 -2.8322296e-02
 -4.8885369e-03
  6.1241135e-02
  1.0133597e-01
  8.5431390e-02
 -5.1187649e-02
 -5.4316141e-02
 -1.8648470e-02
  7.2294883e-02
  5.7032504e-03
  1.3220565e-01
 -3.9004613e-02
  1.1073603e-01
 -4.2211428e-01
 -2.6422622e-02
 -3.3805779e-01
  5.6433928e-01
 -1.9481026e-02
 -3.5864246e-01
  7.7230781e-02
  1.8817839e-01
  7.9451408e-03
 -6.6055462e-02
  1.0551463e-01
  3.1536788e-02
  3.9288424e-02
 -5.3557768e-02
  1.8819264e-01
  3.8252139e-01
  3.8853761e-02
  2.3850007e-01
 -6.5240934e-02
 -9.9828308e-03
 -2.9781489e-02
  1.1920100e-01
  6.1215017e-02
  2.3313420e-02
  2.0192991e-01
  4.1137926e-02
  8.7325156e-02
  2.2216279e-02
 -2.6485336e-01
  1.3714105e-01
 -1.2741253e-01
  1.2473969e-01
 -7.8100814e-03
  8.7063815e-03
 -8.6729579e-02
  6.4159805e-01
  2.9839722e-02
  2.1936549e-01
  5.9666201e-03
 -3.5513718e-02
  2.2595242e-02
 -5.8809709e-02
  6.0427237e-01
  1.5542744e-01
  7.3107757e-02
 -4.6029235e-03
 -2.5708577e-01
  3.0485567e-01
 -2.3437655e-01
 -5.1997315e-02
  1.3281016e-01
  4.1634940e-02
 -8.0544993e-02
 -1.5040292e-01
 -1.0521711e-01
  5.3016353e-02
 -1.0909041e-02
  1.2274373e-02
 -2.2401045e-01
  4.8876631e-01
 -3.5976563e-02
 -8.2686253e-02
 -6.9156393e-02
  1.4390744e-01
  6.4814851e-02
  7.1946919e-02
  5.5087421e-02
  4.1629478e-02
 -9.2327558e-02
  2.1105398e-01
  1.2303580e-01
  1.3537569e-01
  1.8598186e-02
  9.4313518e-04
  1.3878613e-02
 -1.0100681e-01
  4.2653710e-02
  5.3449892e-02
 -1.0033273e-01
  1.4196482e-01
  8.5787691e-02
 -1.3096407e-01
 -1.0223103e-01
  2.9997095e-02
 -3.6165942e-02
  1.4905947e-02
  9.2187695e-02
 -3.1964645e-02
 -5.7929594e-02
  2.0523615e-02
  6.8722814e-02
 -7.9313874e-02
  5.1503340e-03
 -4.7960501e-02
 -2.7320843e-02
  5.8950495e-02
  7.0046045e-02
 -3.9722412e-03
  4.6443630e-02
  4.7615343e-03
  2.3018242e-01
  3.5655607e-02
 -1.1878476e-01
  5.4305315e-02
  1.1835647e-01
  1.8022709e-02
 -4.8980531e-03
  5.5349633e-02
 -8.5856335e-04
 -5.6305355e-03
  1.6843399e-01
 -1.4177694e-02
 -1.0218888e-01
 -3.7403268e-01
 -1.3260442e+00
 -1.8467832e+00
 -5.1560320e-02
 -3.9974517e-01
  1.3812374e+00
 -1.6483742e-01
  2.9959017e-01
  1.9582639e-02
 -2.9080912e-02
 -1.8593422e-01
  2.9662326e-03
  1.2343487e-01
  1.6617681e-01
 -1.9644625e-02
  7.0489474e-02
 -2.7986078e-02
 -4.1999888e-02
 -1.7393418e-02
 -7.0025839e-02
 -3.6455166e-01
 -4.1388504e-02
 -8.8402070e-02
 -6.3461292e-01
 -3.8736725e-01
 -4.6444185e-02
  5.6829077e-01
  8.5192267e-03
 -6.5215826e-03
 -1.3317333e-02
 -1.6002772e-02
 -5.3755730e-01
 -4.9272351e-02
  2.6423985e-03
  1.6706197e-01
  1.0169785e-02
 -4.0910053e-01
 -1.5686890e-01
 -1.1572100e-01
 -3.2264244e-02
  2.5696689e-02
  2.2962992e-01
  6.1671035e-03
  2.4843892e-01
  9.6360426e-03
  3.6181980e-01
 -3.6560324e-01
 -1.7209094e-02
  1.2102549e-01
 -8.0005497e-02
 -6.8270135e-01
  9.9620752e-02
 -1.1104186e-01
  7.9395838e-02
  7.5464236e-04
  2.0800430e-02
 -1.1831024e-02
 -2.5177255e-01
  5.1929910e-02
  1.1731210e-01
  1.9998217e-02
 -2.9345104e-02
 -1.0089031e-01
  9.5431872e-02
 -2.1138529e-03
  1.4364746e-01
 -5.3394921e-02
  6.2801316e-02
 -2.4777982e-01
  2.9288338e-02
  5.5869341e-02
  1.6952617e-01
  8.5302219e-03
 -3.2824330e+00
 -9.8153288e-03
 -6.2505394e-02
  9.5041311e-01
  4.9169208e-03
 -5.3069685e-02
 -1.7649947e-01
 -1.1198564e+00
 -1.3100107e+00
  7.3536379e-05
 -5.9319377e-02
  8.5511142e-03
  9.5934875e-04
 -8.0214828e-02
  4.4110321e-02
 -1.5492311e-01
  2.2403203e-02
  3.5659850e-02
  3.0312667e-02
 -4.8850030e-02
  2.3676588e-01
 -1.7541409e-01
 -1.3338402e-01
  1.1284919e-02
 -7.6626390e-02
 -6.1805300e-02
 -3.4349799e-02
  8.9878455e-02
  1.6194987e-01
  5.7819173e-02
 -1.3474888e-01
 -2.4753533e-01
  1.8803788e-02
 -3.6363300e-02
  9.0421401e-02
 -4.9063612e-02
 -1.1724571e-01
  5.0145224e-02
  1.3692695e+00
  1.5060804e-03
 -6.1183035e-01
  4.4561230e-02
  2.4146472e-01
 -1.0071117e-01
 -9.9450253e-02
 -1.3342340e-01
  2.2651987e-01
 -6.8681747e-02
  4.1756034e-02
 -1.0141172e-01
  1.5675862e-01
  5.2702617e-02
  9.7251303e-02
  2.8974993e-02
 -9.6810564e-02
 -1.5225326e-01
  7.8855800e-03
  1.9407406e-01
 -2.6542494e-02
  1.0186022e-01
  1.0830498e-01
 -8.4325604e-02
  1.4258170e-01
 -9.3547804e-03
 -5.1804926e-02
  1.8476527e-02
  4.2089975e-01
 -6.5102495e-02
 -1.3211700e-02
  2.6031083e-01
  3.2094147e-02
  5.0004930e-03
  7.7215768e-03
  2.4893712e-02
  2.6616337e-02
 -2.8767453e-03
  4.8158031e-02
  1.9284783e-02
  8.4591750e-03
 -2.3808576e-02
 -1.0128178e-01
 -5.7206977e-02
 -1.8759926e-01
  2.4023792e-03
 -7.8917891e-03
  1.2456961e-02
  8.9446388e-02
  1.6202563e-02
 -9.7236879e-02
  1.9885071e-02
  1.9924679e-01
  1.0717952e-03
 -2.2960162e-02
 -5.3902578e-01
  2.3169051e-01
 -2.2228356e-02
 -2.2818892e-01
 -9.1259478e-04
  1.1739750e-01
 -4.9907178e-01
 -2.4143819e-02
 -7.0163958e-02
 -1.1512015e+00
  5.6657683e-02
 -6.2475301e-02
 -1.8495746e-01
 -6.8002343e-02
 -3.2436870e-02
 -7.0161909e-02
 -3.4156597e-01
  4.1412242e-02
 -2.4821572e-02
 -2.3486765e-02
  4.0480904e-02
  1.0449658e-01
 -3.1567957e-02
 -6.1842865e-01
 -2.1569504e-01
  3.7763751e-04
 -3.4486622e-02
 -7.5571403e-02
  3.0340981e-01
 -4.0075026e-02
 -2.2305565e-02
  4.1152060e-04
 -8.7317860e-01
 -1.1078369e-01
  2.3709026e-01
 -7.8226930e-01
  2.9041356e-01
 -4.8169205e-01
 -1.7370559e-01
  1.1468980e-01
 -1.1317402e+00
  5.6946355e-01
 -6.7383200e-03
  1.6757040e-03
 -6.6056415e-02
  1.6163083e-03
  1.0453452e-02
  2.1719150e-01
 -8.7917501e-01
  4.8603691e-02
  2.0263249e-01
  1.3647282e-01
 -4.3901347e-02
  4.8644889e-02
 -1.3490245e-01
 -3.7687737e-02
 -8.9161754e-02
  2.0232677e-01
 -6.9241665e-02
 -6.9570011e-01
  5.6240284e-01
  1.3567372e-01
  2.8143784e-01
 -2.8137693e+00
 -2.3990369e-01
  1.4399965e-01
  2.2319822e-01
 -1.0890528e-03
  1.2861535e-01
 -3.1631749e-02
 -6.3415535e-04
  1.3897561e-02
  1.3107060e-01
  3.5797440e-02
 -5.1409263e-02
 -1.9961856e-01
  2.0141472e-01
  9.2079956e-03
  9.6852913e-02
 -1.0769010e-01
 -4.4837110e-03
 -1.0444035e-01
 -2.3446657e-02
  1.0306017e-01
  4.3504998e-02
 -6.3207462e-02
  5.9910711e-02
 -8.0607459e-03
  4.6475958e-03
 -1.2191835e-02
  2.0894334e-02
 -9.1947289e-03
 -2.9301140e-04
  6.8568084e-03
  6.9912337e-02
  6.6724785e-02
  4.0361974e-02
 -1.0160971e-01
  1.2932963e-02
  8.8953853e-02
  5.5715967e-02
 -1.5315199e-01
 -6.1330255e-02
  1.0301405e-01
 -1.8832004e-02
  3.4600027e-02
  7.5960308e-02
  1.8601832e-03
  2.4881158e-02
 -1.0375095e-01
  6.7001425e-02
 -1.6573821e-01
 -1.0161132e+00
  4.4213489e-01
 -1.5077221e-01
 -3.2410213e-01
  5.7079589e-01
 -2.3722738e-01
 -6.0664910e-01
  4.0943693e-02
 -2.3280342e+00
  6.0805917e-02
 -1.6120580e-01
  4.6993023e-01
  8.3057314e-02
  3.1956065e-02
  6.9061434e-01
 -2.4740307e-01
  2.6285142e-01
  1.0294560e-01
  1.6786734e+00
  2.0920675e+00
 -1.5030791e+00
 -7.5605646e-02
 -3.5835102e-01
  5.8425152e-01
 -1.6036076e-02
 -7.9906273e-01
 -1.0308672e-01
  1.3742486e-01
 -4.2743400e-01
  4.3454313e+00
  1.8128282e-01
  2.0225937e-02
 -9.3757170e-01
 -1.0051570e+00
 -1.0338367e+00
 -3.0148018e-03
  1.8623325e+00
  3.4094715e-01
 -3.3929948e-02
  5.6256711e-01
  3.0388376e-01
 -1.0088474e+00
  8.4541865e-02
 -2.6242357e-01
 -2.6530097e-03
  8.2373977e-01
 -2.1224487e-01
  2.3069227e-01
  1.7331660e-01
 -9.3793198e-03
 -1.5436791e-01
  6.3058987e-02
 -8.8959232e-02
  3.2030427e-01
  3.5632354e-01
  1.4633608e-01
 -4.8832020e-01
  2.7515262e-01
 -3.9621857e-01
 -1.5672133e+00
 -1.7822663e-01
 -5.2029777e-01
 -2.0209302e-01
  5.7916511e-02
 -1.6348964e-01
  7.8941792e-01
 -3.8140226e-02
 -8.3037816e-02
 -1.5414505e-01
  7.2196752e-02
  9.2210546e-02
 -1.5456915e-01
 -1.6625188e-01
 -7.2125368e-02
  2.8139323e-01
  3.1493656e-02
 -3.3580330e-01
 -7.3005378e-02
  1.8320496e-01
 -5.2339729e-02
 -3.0297127e-02
 -6.6540077e-02
  1.5098779e-01
  1.0615965e+00
  4.6577342e-02
 -7.8994475e-02
  1.2982032e-01
 -8.3273858e-02
 -1.1715534e-01
 -3.1564295e-01
 -2.5333497e-01
 -1.8166246e-01
 -8.0260336e-02
 -1.8648213e-01
 -5.6842786e-01
  5.2213544e-01
 -5.0327152e-01
  3.5802495e-02
  2.4764992e-02
 -9.4088607e-02
 -1.3683656e-01
  4.3041658e-02
  8.8922493e-02
  1.9316920e-03
  1.7338712e-02
 -2.7940499e-02
  1.2841219e-01
 -4.9667250e-02
  1.5023270e-01
 -2.5647830e-02
  8.2754962e-02
 -2.4033181e-02
 -2.2327475e-01
  2.1070874e-01
  6.0650194e-03
 -4.8077202e-01
  2.7702225e-02
  4.3292385e-01
  2.9455945e-03
 -2.1130331e-01
 -1.4353399e-02
  2.7807367e-03
  2.3535055e-01
 -9.1028186e-03
 -1.1650462e-02
 -1.4748386e-01
  5.6972168e-02
 -1.6047418e-01
  5.9385385e-02
 -1.0385166e-02
 -1.0597295e-02
 -3.3668436e-02
 -2.7611081e-02
  1.9867104e-01
 -4.6358269e-02
  1.8052952e-01
  3.7077521e-03
  1.7668423e-01
 -1.4512236e-01
 -5.3068786e-03
 -5.8060683e-02
  1.4098006e-01
  1.8352060e-02
 -3.1830993e-02
  4.4180438e-02
  2.1349577e-02
 -5.2323225e-03
  2.2593620e-03
 -3.3006899e-02
  1.0968221e-02
  3.7183870e-02
  3.1727850e-01
  1.7953078e-01
  5.8529801e-03
  3.7463480e-03
  2.5034094e-01
 -1.8749534e-01
 -1.1928510e-01
  4.8157293e-01
  4.7256790e-02
 -1.6645418e-01
  6.1055209e-02
  4.4863638e-02
  8.1667742e-03
  1.3528017e-02
  1.8972214e-01
 -4.4608038e-02
 -1.9566568e-02
 -7.8603692e-02
  1.4800754e-02
  4.7539395e-01
 -1.1185198e+00
 -3.3435047e-02
 -5.1703379e-02
  6.5259525e-04
  1.0691067e-01
 -2.2899071e-02
  2.5958784e-03
 -7.5002246e-02
  4.1277152e-03
  6.1500603e-03
 -7.0529245e-02
 -3.3075348e-02
  2.2652851e-01
  1.2761447e-01
 -1.3088299e-01
  9.0783946e-02
  1.0171124e-01
  1.0194154e-01
 -4.1451745e-02
  2.0262055e-02
 -3.3355892e-02
  1.9620288e-02
  3.6579010e-03
 -2.4688194e-02
 -7.9675537e-01
  2.1159010e-02
 -3.0068008e-03
  1.1604758e-01
  6.2986620e-02
 -2.2834932e-02
 -4.7684023e-03
 -2.5600472e-01
  2.9669870e-02
 -1.1569701e-02
  3.4558609e-02
 -6.8203270e-02
  2.7195079e-02
  1.8558249e-02
 -4.9523145e-02
 -6.9460057e-02
 -3.7867215e-02
  6.3346666e-03
 -3.4615308e-02
 -2.6336929e-02
  1.0357269e-02
  2.5884697e-02
 -1.4437033e-03
 -4.0832132e-02
  3.6799781e-02
 -2.7257085e-01
  3.3394553e-02
 -1.6826039e-02
 -2.0202300e-01
 -7.2236019e-01
  7.3939484e-01
 -5.8610190e-02
  4.1126436e-01
  4.9251774e-01
  6.8435782e-01
  4.3216804e-01
 -9.8264962e-03
 -2.8782448e-01
 -1.5986516e-01
 -5.5469900e-02
 -1.3655705e+00
 -4.3721948e-02
 -3.7027474e-02
  4.1223880e-02
 -8.1581903e-01
  2.1694808e-03
  6.3704932e-03
  1.0721207e-01
 -3.4036148e-01
  8.7674297e-02
  4.8680916e-02
 -1.1258346e+00
  2.1105781e-02
 -8.8946745e-03
 -4.3239558e-01
  9.8389350e-02
 -1.4755850e-01
  3.4262326e-01
  5.3190082e-01
 -2.4067053e-01
 -6.2426317e-02
  1.0848382e-02
  1.0275121e-01
  9.7415462e-02
  1.5847552e+00
 -1.0429506e-02
  2.1773511e-01
 -1.7736554e-02
 -1.2822704e-02
  5.5821359e-02
  2.5441641e-01
 -8.9889504e-02
 -3.0899516e-01
  8.6407579e-02
  7.1270004e-02
  2.2206650e+00
 -3.1141154e-02
 -1.0671688e+00
 -9.7879827e-02
  1.4123145e-01
 -5.7078477e-02
  1.7158551e-02
 -4.4421718e-01
 -2.5122431e-01
 -1.3269521e-01
 -3.1048052e-02
  1.0863172e-02
  1.1147448e-01
  3.1891480e-01
 -6.9504946e-01
 -7.3865145e-02
 -5.4589838e-01
  2.6841037e-02
 -5.8169581e-02
  5.9646491e-02
  5.1492300e-02
 -1.6677412e-01
 -2.8180782e-02
 -2.4126373e-02
  7.8152858e-02
 -1.7567320e-01
  2.9781305e-03
  1.7529260e-01
  6.1382488e-03
  4.1008949e-02
 -1.0939468e-02
 -6.0825542e-02
 -6.4085670e-02
 -8.8294307e-03
  1.3412629e-01
  1.3420855e-02
  4.8202176e-02
  8.9525290e-02
  6.7156613e-02
 -3.9093174e-02
 -2.3861434e-02
 -1.4191278e-02
  2.1023220e-01
 -4.0022735e-02
 -4.8525777e-02
 -1.3242126e-02
  4.0439092e-02
  4.9292129e-02
  4.1811313e-02
 -7.6028794e-02
 -1.0580179e-01
 -1.7262967e-02
 -5.8267783e-02
  3.9572146e-02
  2.4618594e-02
  1.1542027e-01
  7.7706136e-02
  8.5591385e-03
 -1.0402617e-01
  1.6258402e-01
 -2.1517253e-02
 -4.7155496e-01
  6.6094972e-02
 -1.0565180e-01
  1.0666315e-01
 -6.6838354e-02
 -9.6933685e-02
 -1.0092843e-02
  4.7560159e-02
  1.6424661e+00
 -5.1260974e-02
  1.1438668e-01
 -1.6025411e-01
  1.2591732e-01
  3.6051214e-02
 -1.5271918e-01
 -1.1330649e-01
 -1.9942760e-01
  5.5971567e-02
  8.5059062e-02
  2.0321673e-02
  3.7670314e-02
 -1.1669609e-01
  4.0464164e-03
  2.8006446e-01
 -2.9293355e-01
  1.2068716e-02
 -3.9305754e-02
  2.7583476e-02
 -8.8761292e-02
 -3.4747295e-02
  6.6126019e-02
  9.9742122e-02
 -2.3731846e-02
 -2.7413180e-02
  6.0848258e-02
  8.5275630e-03
 -3.0901041e-02
  1.4232782e-02
  3.8078662e-02
 -1.1065439e-04
  4.9156874e-02
  9.6927546e-03
  1.5234816e-02
  2.7482147e+00
  1.2022401e-01
  4.0248241e-03
 -2.0692363e-02
  2.6898947e-02
 -8.2013691e-03
  1.7709656e-02
 -5.3965468e-02
 -4.1109212e-02
 -2.0974519e-02
  7.5008862e-02
  6.7748041e-03
 -1.5208530e-02
  9.7836573e-03
 -7.1270928e-02
 -1.7464231e-01
  1.7289893e-01
 -4.1992698e-02
  2.5936303e+00
  8.2853725e-03
 -6.3234782e-01
 -1.5328014e+00
  3.7206042e-01
  2.4559522e-02
  3.6998612e-01
 -5.9592795e-02
  1.8386364e-02
  4.5423969e-03
  1.1327303e-01
 -1.4781989e-01
 -1.2625034e-02
 -7.6749615e-02
  6.7770466e-02
 -9.3611456e-02
 -1.5798653e-02
  3.8462877e-02
  1.9690584e-01
  1.3430856e-01
 -5.2292477e-02
 -8.3229721e-02
  4.5257848e-02
  6.2478367e-02
 -7.5800484e-03
 -1.0798044e-03
 -6.0754281e-02
  3.0806793e-02
 -2.5868772e-03
 -8.3967388e-02
  1.2759393e-01
  3.3604231e-02
 -3.7014727e-02
  3.1560608e-03
 -2.7124694e-02
 -2.2195164e-02
  1.3294943e-02
 -3.0299032e-03
 -4.7749821e-03
  4.6876825e-02
  8.8371988e-03
 -3.8283296e-02
  2.5438829e-03
 -4.4618270e-01
 -1.2237869e-02
  1.6212501e-02
 -1.1966846e-01
 -2.2618830e-02
 -1.4884039e-02
  1.1577991e-02
 -2.6732311e-01
 -6.3060604e-02
 -1.2776501e-02
  1.3270535e-01
 -1.3005616e-01
  9.8210454e-02
  7.8827336e-02
 -1.6685893e-01
 -8.0575520e-01
 -3.9666983e-01
 -1.1732889e+00
 -4.9686167e-01
  1.5284112e-01
  5.3369206e-01
 -4.1718146e-01
 -5.3218651e-01
  1.8399765e-01
 -6.9793624e-01
 -3.9962288e-02
  4.4619980e-01
  4.0752080e-01
 -2.7872768e-01
  5.2674848e-01
 -4.6351843e-02
 -6.9784462e-02
  1.0431648e-01
 -4.1396461e-02
  1.4554991e-01
 -2.6138720e-01
 -1.2609825e-01
 -1.5086505e-01
  3.1942401e-02
 -4.4020917e-02
 -3.7648088e-01
 -1.4146788e+00
 -6.5035272e-01
  1.1925659e-02
  3.7589997e-01
 -7.4592578e-01
  4.4216573e-01
  1.1580951e+00
 -5.3206217e-02
  1.9910687e-01
 -2.8556815e-01
  2.0862238e+00
 -1.7774345e-01
 -5.1307034e-01
 -2.7020562e-03
 -5.0252610e-01
 -1.8049715e+00
  1.2256993e-01
  1.3585881e+00
  9.6795082e-02
  4.9145079e-01
  4.0014043e-02
 -6.4763860e-03
 -1.3703684e+00
  3.0743483e-01
 -8.6927974e-01
  6.3536465e-01
 -1.9900477e-01
  1.9765058e-01
 -2.7571681e+00
 -1.1704837e+00
 -1.7701481e-01
 -1.1084466e-01
 -2.2339769e-02
 -1.5540437e-01
  1.9981310e+00
  4.9143058e-01
 -1.2930688e+00
 -3.6717355e-01
  1.1970007e+00
  8.2495384e-02
 -1.2466871e+00
  3.6651936e-01
  4.9173295e-02
 -2.0297859e+00
 -7.1247143e-01
 -1.6022548e-01
  1.0508071e+00
 -1.5997019e-01
  1.9120252e+00
 -8.0375856e-01
  8.3918832e-02
  1.3099994e-01
 -8.8995880e-01
  5.8320647e-01
  4.8156551e-01
  2.7378789e-01
 -5.9403103e-02
  8.4281918e-03
  8.8281527e-02
 -3.3790734e+00
  6.6362000e-01
 -3.7043315e-01
  2.7220418e+00
  1.2981986e+00
 -2.3259971e+00
 -1.2447427e-01
  1.1779250e+00
  8.9162272e-01
  6.7700595e-01
 -6.6625357e-01
  2.1000390e-01
  1.3538254e+00
 -1.1261519e-01
  4.0383816e-02
 -3.1327033e-01
 -1.5812020e-01
 -1.7749412e-02
  2.4113107e+00
  1.9328299e-01
 -1.7931374e+00
 -7.0503414e-02
  1.0922170e+00
 -7.5645900e-01
  2.5504611e+00
  3.8697007e-01
  2.0579412e+00
 -2.7933365e-01
  9.5053017e-01
 -3.0194882e-01
 -8.3042490e-01
 -2.5777385e-01
 -2.0443034e+00
 -5.2692509e-01
  2.2964515e-01
  1.8231574e+00
  4.9538916e-01
  1.0548869e-01
 -7.1273333e-01
  4.5310542e-01
  6.5561667e-02
  3.2636363e-02
 -7.2002284e-02
  1.1883870e-01
 -7.9001486e-02
  3.9395049e-01
 -1.5448778e-02
 -9.7714461e-02
  3.9561450e-02
 -9.7687103e-02
  1.5396784e-01
 -2.5644222e-02
  1.4660183e-01
  5.3009786e-02
  3.9661255e-02
  7.2336933e-03
 -4.2620823e-02
 -2.5550367e-02
  3.3849922e-01
  3.7698361e-01
 -1.0405545e-01
  6.1782976e-03
  8.7282889e-02
 -1.4390241e-01
  8.3039090e-02
 -5.4736095e-03
  4.2260742e-01
  7.3159337e-02
  4.2760532e-02
 -3.8862709e-02
  4.0647693e-02
 -6.7699596e-02
  1.5007102e-01
  7.4037951e-01
  1.7666547e-02
  1.5507121e-01
  4.2822424e-02
  1.0114768e-02
  7.9902047e-03
  1.6114390e-02
 -7.4461102e-01
  2.9067189e-01
 -1.9763555e-01
 -9.8717891e-02
  1.8969925e-02
 -1.6947335e-01
 -7.8539185e-02
  1.5421726e-01
 -3.2672204e-02
  2.9976895e+00
  1.0534583e-03
  5.7636838e-02
 -2.6367480e-01
 -1.9006164e-01
 -7.7441692e-02
 -9.2486911e-02
  3.0662915e-01
  9.0043411e-02
  2.7932104e-02
 -8.8660777e-02
 -5.5459273e-05
 -4.1038733e-02
 -1.5561262e-01
 -5.3732164e-02
  8.9589208e-02
  6.0934775e-02
  3.6322915e-03
  4.8932306e-02
  7.4172668e-02
 -1.0565297e-01
  6.9373488e-02
 -5.3566027e-02
 -5.5740029e-02
  9.3952358e-02
  5.0049312e-02
  5.2946645e-01
 -3.4539767e-02
 -2.2018744e-02
  1.2544930e-02
  7.9273961e-02
  1.2677101e-02
 -7.4401745e-03
 -2.3025193e-03
  9.4839402e-02
 -4.1840818e-02
  9.0077162e-02
 -9.4880342e-01
 -4.9629785e-02
  6.7698453e-03
 -1.0240597e-01
 -1.4698633e-03
  5.7117917e-02
  1.3465339e-01
  6.2564611e-02
 -9.7959042e-02
  6.2983651e-03
 -8.9978740e-02
  9.0613082e-02
  6.4714492e-04
  1.4126824e-01
  1.7681815e-01
  1.4783458e-01
  5.6230385e-02
 -6.0330409e-01
 -9.0839066e-02
  3.4025729e-01
 -2.8657528e-02
 -1.0131714e-01
  4.9880404e-02
 -2.3432965e+00
  5.4229423e-02
  8.6577743e-02
  1.7570702e-02
 -1.0984043e-02
 -4.5389300e-03
  6.1697502e-02
  6.0829729e-01
  1.5672028e-02
 -2.2043194e-01
 -2.8874829e-01
  3.6003586e-02
 -4.7291918e-03
  2.1749869e-01
 -9.9968500e-02
 -2.4504349e-01
 -9.8630898e-02
 -1.4957838e-01
 -4.2538375e-02
 -8.8294812e-02
  2.2933947e-02
 -1.6083514e-02
  3.2931495e-02
 -1.6596156e+00
 -1.9619580e-02
  1.4295347e-01
  1.4532004e-01
  1.9286133e-02
  1.2348679e-01
  5.6435712e-02
 -9.1691203e-02
  3.8476743e-02
  7.8988243e-03
  2.4061329e-03
 -1.1639077e-01
  5.3631917e-02
 -2.1616997e-01
  7.1780853e-02
  2.3482833e-02
  5.3208601e-02
 -1.6584456e-02
  1.0297812e-02
 -4.9623527e-02
  6.2156551e-02
 -3.4957010e-02
  1.7526023e-02
 -5.4623389e-01
 -2.4252293e+00
  5.1297478e-02
  5.8242314e-02
  1.1122403e-01
  1.4193442e-02
 -2.2636244e-01
 -1.3795935e+00
 -6.6484797e-01
  1.0266870e+00
  3.5558826e-01
 -1.0709828e+00
 -9.9774279e-02
  1.3203448e-01
 -1.0174453e+00
 -2.9663152e-01
 -2.3376349e-01
 -7.4839913e-03
 -3.1678367e-01
 -2.2978197e-01
 -6.7323291e-01
  2.4921168e-01
  2.3507548e-02
 -2.3040143e-01
  3.5267794e-01
  7.7899992e-01
  3.9518058e-01
  1.4399959e-01
 -2.2471975e-01
 -8.5832648e-02
  6.2946439e-02
 -6.4529553e-03
 -9.2036881e-02
 -6.6811971e-02
 -6.5955710e-01
  2.8139976e-01
 -9.6670268e-03
 -4.9112361e-02
  7.0901978e-01
  2.0795904e-01
  3.6721715e-01
  6.3919991e-01
  3.6697829e-01
  6.7947119e-01
  6.7719541e-02
  3.6530754e-01
  3.2167152e-01
  2.1251058e-02
  3.7715998e-01
  2.0011416e-01
 -7.7691329e-01
  5.5570196e-02
  2.8251731e-01
  8.4518328e-02
  1.1823469e-01
  1.7217493e-02
  9.6677495e-03
 -1.2718046e-01
  1.1004110e-01
 -2.1975087e-03
  5.6331132e-02
  1.0357282e-01
 -8.3744759e-03
 -1.0759745e-01
  9.3837250e-03
  7.4343018e-02
 -1.3525839e-01
  1.3181224e-01
 -5.1089417e-02
  4.4082920e-04
 -1.2759878e-02
  1.2144088e-02
  9.3229059e-03
 -1.5112984e-01
 -5.9650056e-02
 -1.2537273e-02
  5.0236368e-01
  1.8757339e-01
 -1.6845787e-01
 -2.0140357e-01
 -1.6039681e-01
  1.1227091e-01
  9.8177187e-02
  1.2339389e-01
 -5.4646544e-02
 -1.5561420e-01
  7.8081018e-03
  1.2267432e-01
  2.2853598e-02
  4.0245246e-02
  1.8431336e-01
  1.5343252e-03
  1.0311072e-01
 -2.5735894e-02
  3.4982949e-02
 -1.5772906e-01
 -4.7185060e-02
  1.0591380e-01
  1.0679764e-02
  3.1815998e-02
  5.4305799e-02
 -8.3753526e-02
 -3.1491313e-02
  5.2707547e-01
 -7.3709581e-03
  9.7843356e-02
 -2.6468279e-02
 -5.1140207e-01
  1.2207135e-02
  2.0161325e-01
 -1.7407450e-01
 -2.7963756e-02
 -1.6588819e-01
 -2.9566728e-02
  3.5809852e-02
 -2.7945949e-02
 -2.1109204e-01
  2.6586333e-02
  1.0302555e-01
 -2.3035192e+00
 -3.9407900e-01
 -2.9400724e-01
 -2.3964263e-01
  6.4365573e-02
  2.8221309e-01
 -1.3113934e-01
 -6.1293062e-02
 -5.7946430e-03
  1.8057883e-01
 -8.4820420e-02
  9.1598600e-02
  7.9330266e-02
  2.6264071e-02
  1.1676019e-01
  9.3499199e-02
  1.1936512e-02
  2.5646681e-01
  4.4398648e-01
  2.4103254e-01
 -3.8288470e-02
  4.0146116e-02
 -1.8686293e-02
 -3.0737343e-01
 -1.0332517e-01
 -8.0083972e-01
  6.2401816e-02
 -3.7468247e-02
 -1.1057031e-03
  5.4874957e-02
 -5.2166060e-02
  2.7324533e-02
 -1.0372145e-01
 -8.9894973e-02
  2.1740463e-01
 -6.1881174e-03
 -8.7743051e-02
 -1.9846736e-03
  1.4001901e+00
 -1.5190412e-01
 -3.4343767e-01
 -7.1679585e-02
 -6.6366889e-02
  1.6561906e-01
  6.2868141e-02
 -7.8025195e-03
  2.2157337e-01
 -3.0868957e-02
  2.2626175e-01
 -4.5986988e-02
  1.5831144e-01
 -9.0286747e-02
  1.0837743e-02
 -1.3547218e-01
 -2.1435309e-02
 -1.1648316e-02
 -2.6019378e+00
  1.7650992e-01
  7.6114841e-02
 -3.0037275e-01
 -5.2473541e-02
  3.7157503e-03
  1.4027901e-01
 -1.3062367e-02
 -3.3037253e-02
  1.5009353e-01
 -4.1907649e+00
 -2.3252586e-01
 -1.1891121e-01
 -7.9615369e-02
 -6.7095362e-02
  8.5039087e-02
  2.1177746e-02
 -2.1376611e-01
  7.1050520e-03
 -1.2260379e-01
  5.1799510e-02
  1.5533420e-01
  2.1816397e-02
  1.3148312e-01
 -1.0484151e+00
  1.0245225e-01
  2.8306693e-01
  1.4422245e-01
 -1.0688922e-01
  1.1819603e-01
  4.9878642e-02
 -1.5802333e-01
  1.9041529e-02
 -5.0021805e-02
  3.5264596e-02
  3.9587310e-03
 -1.0066808e-02
 -5.5318274e-02
  2.8514322e-02
  4.3159358e-02
 -9.6235372e-02
 -6.5783560e-03
  1.7224867e+00
 -5.9204854e-02
 -1.9956575e-01
  7.4317628e-03
  1.4076397e-01
 -5.4494761e-02
  3.8832411e-02
 -3.6552449e-04
  1.4216311e-01
  6.6581485e-03
  1.5745336e-02
  2.2638655e-01
 -4.0061799e-01
 -5.6945884e-01
  9.1290158e-01
  4.4303578e-01
  6.5488207e-01
 -1.2483595e-01
 -4.5642900e-01
  9.4358623e-02
 -3.7418672e-01
  1.1539964e-02
 -7.2728150e-02
  7.5827286e-02
  1.5496927e-01
  5.4107332e-01
  8.6668678e-02
 -4.8261559e-01
  1.1342505e-01
 -3.6417745e-02
  7.5937159e-02
 -2.3752987e-02
 -1.8903551e-01
 -5.8864987e-01
 -2.0649077e-02
 -1.1171491e-01
 -3.1256815e-03
  6.0502861e-02
  1.3408086e-01
  8.8127606e-02
 -1.2385608e-01
  2.5867683e-01
  4.4461705e-02
 -1.2847082e-01
  1.6867457e-01
  2.9289225e-02
 -3.2232946e-01
  1.2780526e-01
  2.4212828e-01
  3.8022719e-02
 -4.5277983e-02
  1.0251084e-02
  1.6968629e-01
  5.7105005e-01
 -2.1601694e-02
  5.0612986e-01
  2.3974021e-01
 -1.0265199e-01
 -1.8220674e-01
  2.3170754e-02
 -6.4529401e-01
  1.4997730e-01
 -7.6144964e-02
  2.6332701e-02
  5.1549692e-02
  1.7954779e-01
 -2.9221830e-01
  2.1427515e-01
  1.5804537e-01
  2.1159723e+00
 -2.4185197e-01
  9.4348836e-01
 -1.4598448e-02
 -8.3905834e-01
 -7.8500705e-03
 -2.4635072e-01
  5.9526616e-01
  1.8211234e-01
  2.6670739e-01
 -3.1450200e-01
  2.4231467e-02
  3.7604371e-01
  4.6100695e-02
  5.8962315e-02
 -4.5428765e-01
 -6.6586524e-02
  1.0007468e-01
 -1.3984696e-02
 -1.1283783e+00
 -1.5071268e-01
 -9.0016732e-03
  1.0169776e-01
  1.5457731e-01
 -8.7298244e-01
 -5.4387987e-02
  2.0443259e-01
 -8.2074180e-02
  2.6617577e-02
  1.6275360e-01
 -3.5500377e-02
  1.6922592e-01
 -7.1146429e-02
  5.2732712e-01
 -4.5180764e-02
 -1.5712298e-01
  2.2946475e-02
  2.0396331e-01
  2.6641882e-04
 -3.5859324e-02
 -5.7438195e-02
 -1.9280231e-01
 -4.8236739e-02
 -7.1851090e-02
  1.2334114e-01
 -2.6967967e-01
  2.6821497e-01
  2.6946503e-01
 -7.8762211e-03
 -9.9451444e-04
  7.9884507e-02
  7.4755657e-04
  2.2222983e-02
  6.1146192e-02
  6.4044975e-02
 -6.2456507e-02
  3.4528753e-01
  6.3710123e-01
  1.2887735e-02
 -1.3725215e-01
 -2.5337952e-01
 -5.1932716e-01
 -3.2557383e-02
 -1.4915995e-01
  2.2676196e-03
 -2.4757016e-02
 -3.0012216e-04
 -6.6721581e-02
  4.4685629e-01
  1.8239945e-02
  1.4441239e-02
  3.1471014e-02
 -1.1718711e-01
  1.9036269e-02
  2.2569083e-02
  1.0639669e-01
  6.5055043e-02
 -1.7320208e-01
 -5.3396010e-01
 -2.6423937e-01
 -2.8382447e-02
  2.0461409e-01
 -2.9283732e-02
  5.6099672e-02
 -4.5800723e-02
  2.4318829e-02
 -1.3976215e-01
 -6.3564032e-01
  1.4016713e-01
  2.2716615e+00
 -1.3736719e-01
 -1.9517499e-01
  1.1496696e-01
  1.7070822e-01
  2.3502937e-02
  2.6181859e-01
 -6.4543724e-02
 -6.1346561e-02
 -1.4433187e-01
  8.3421879e-03
 -2.0659086e-01
 -7.0864573e-02
  2.1301304e-01
  7.9157397e-02
  4.3057993e-02
 -3.7921697e-02
 -5.6219961e-02
  3.1932086e-01
  2.5465390e-01
  8.4735416e-02
 -3.1767644e-03
  6.2000532e-02
  7.1802211e-01
  9.8966128e-01
 -2.1954584e+00
  2.0167746e-01
  2.8182927e-01
 -3.7653810e-01
 -3.2953970e-02
  3.1719662e-02
  5.2495118e-02
  1.2738356e-01
  7.5272158e-02
 -7.3899493e-02
  6.4492315e-02
  3.6089819e-02
 -9.2149094e-02
 -3.6714903e-01
  1.1374757e-01
 -1.1920852e-01
 -1.6428959e-01
 -3.4969601e-01
 -2.9549038e-01
  1.6487181e-01
  6.8674046e-03
  2.8975580e-02
 -4.7652990e-02
  5.5229779e-02
 -8.1472322e-03
 -1.2058751e-01
 -3.0985311e-01
  1.3388102e-01
  1.8206371e-02
 -5.8635376e-02
 -4.9693983e-02
  4.7182031e-02
 -9.0745226e-02
 -3.4253258e-02
 -3.3452323e-01
  1.1999751e-01
  9.2924818e-02
 -3.4454376e-02
 -8.4889390e-02
 -1.3584593e-01
 -1.7688952e-01
  1.1974213e-01
 -3.2595700e-01
  2.1211624e-01
  2.0014630e-01
  8.9840293e-02
  1.4158211e+00
  1.6519102e-01
 -1.1042062e-01
 -3.3184391e-02
 -2.4872749e-01
 -7.9336569e-02
 -5.4023944e-02
  2.6333274e-02
  1.2069796e+00
 -4.1069046e-02
 -1.1843685e+00
  1.1030622e+00
  1.5243783e+00
  6.8762726e-01
  1.8749975e-01
  6.8047747e-02
 -3.4819026e-02
 -2.3566709e-01
  2.2445327e-02
 -2.6658869e-01
  2.0513738e-02
  1.4730743e-02
 -6.5708894e-01
 -2.1881149e+00
 -2.4222413e-02
 -3.1633523e-01
 -3.6984813e-01
 -2.3006194e+00
 -9.9622183e-02
 -6.2980868e-02
  5.0526269e-02
 -2.2336014e-01
  1.4921422e-01
  4.8890445e-01
  5.6430608e-02
 -8.4163710e-02
  3.1172287e-02
 -1.1963240e-01
 -6.0132664e-02
  1.4949641e-01
  3.8694747e-02
 -2.3312574e-02
 -3.1986174e-01
  7.1944110e-02
  3.4725830e-02
  2.0789403e-01
 -3.5473308e-01
 -1.5066691e-01
 -1.6378877e-01
  2.0166714e-01
  7.9442608e-01
 -2.6160984e-03
 -1.4381069e-01
  8.1044585e-02
 -4.5476131e-02
 -1.1155009e+00
  2.1868627e-01
  7.1222484e-02
 -1.4653306e-02
 -9.5232567e-03
 -1.8215427e-01
 -9.2539914e-02
  9.3420528e-02
 -6.4170226e-02
  1.0415154e+00
 -1.1611203e+00
  7.9414444e-03
  1.1402303e-01
 -1.2155522e-01
 -2.2914448e-01
 -1.1394092e-01
  4.7747239e-02
 -3.4194488e-02
  5.3023145e-02
  5.3725008e-02
 -6.5232152e-03
  9.7045237e-03
  1.6880892e-01
 -2.1654923e-01
 -1.8479407e-01
 -3.3019006e-02
  1.4751799e-02
  2.1746355e-01
 -1.0028802e-01
 -8.7251678e-02
  8.1405461e-01
 -2.3118550e-01
 -2.8813956e-02
 -1.5895164e-02
  2.8086113e-02
  1.6208149e-01
 -1.0192581e-01
 -3.2401375e-02
  8.4240124e-02
  8.4154420e-02
 -2.8867844e-02
  2.5995657e-01
  6.5897003e-02
  7.8765817e-02
  2.1455744e-02
  3.4286749e-02
 -2.2717645e-02
 -6.0979638e-02
 -5.8276895e-02
  1.1460553e-02
  1.3836972e-01
 -3.1360477e-02
 -2.6376307e-02
  3.3772648e-03
 -1.1715673e-01
  3.3850573e-02
 -3.2052472e-02
 -7.6857966e-01
 -4.9497735e-02
 -2.2074018e-02
  4.6702370e-02
 -4.5385165e-03
  3.8602909e-01
 -4.7457315e-02
 -8.2944278e-03
 -1.1386688e+00
  1.2555301e+00
  1.3933564e+00
 -1.4701688e+00
 -5.1180911e-01
 -2.0487475e+00
  5.2248435e+00
 -7.0872217e-01
  6.0161509e-02
  4.1782279e-03
 -2.0927574e-02
  1.0212995e-01
 -1.4406594e+00
  1.0662412e-01
  2.8228143e-01
  3.0045809e-02
  1.7310487e-01
  1.5622208e-01
  8.5043603e-01
  7.8037655e-01
  4.3656674e-01
  2.5156072e-01
  2.5642136e-01
  1.5872736e-01
 -1.3844234e-01
 -6.2828773e-01
  1.0969048e-01
  6.6175085e-01
  1.9820170e-01
 -6.3246739e-01
 -2.7967319e-01
  2.4198109e-01
  2.1021878e-02
  1.7552257e+00
 -5.2950442e-01
 -1.6616577e-01
  2.1444832e-01
 -4.4035140e-01
 -4.5789249e-02
 -2.4803467e-02
  4.5346069e-01
  6.1554193e-01
  1.2807659e-03
  5.9170213e-02
 -1.6569062e-01
  3.8495537e-02
 -1.3667472e-02
  2.3313856e+00
 -1.6559232e+00
 -2.8146383e-01
  6.5673634e-02
  1.0669366e-01
  8.9642256e-02
 -3.1455200e-02
 -3.0999264e-01
 -4.2162601e-02
 -5.5446412e-02
  3.5553330e-01
  3.8108081e-01
 -5.5107050e-02
  1.5622908e-01
 -7.6772153e-02
 -2.6040550e-02
 -8.2248077e-02
  6.1215227e-03
  4.6336938e-02
 -2.0904880e-02
 -1.9503170e-01
  3.7123367e-02
  2.9715070e-01
 -2.2144185e-01
 -2.3259810e-01
  2.0071149e-02
 -2.1167072e-02
 -6.7044675e-02
 -1.0309621e-02
 -3.1599924e-02
 -3.4010997e-01
 -3.8389266e-03
  5.1709402e-01
 -4.9868971e-02
 -1.9267226e-02
  8.6986765e-02
  1.1104243e-01
  7.3695794e-02
 -1.0200069e-01
  1.3913515e-01
  1.4996231e-01
  5.5503298e-02
  9.9829203e-03
 -1.0860858e-02
 -1.4715962e-01
  8.5071232e-03
  1.2769800e-02
 -3.1789431e-01
  9.8158926e-02
  4.1714472e-01
  1.2105125e-01
  5.0329315e-03
  1.9160494e-01
  1.0469475e-01
 -7.1453132e-02
 -6.4223126e-02
  7.3817748e-01
  2.4641123e-01
  1.4679013e-01
  1.6397151e-01
 -2.3612160e-02
 -1.7108126e-01
  1.6070333e-01
  2.4725966e-02
  2.7411232e-02
  1.8766063e-01
  7.0433363e-02
  4.4586873e-01
  1.0746393e-01
 -5.2337691e-02
 -3.3761803e-02
 -9.0839431e-02
  1.4795039e-02
  1.0094690e-01
  7.8023553e-02
 -2.6383094e-02
 -1.5162146e-01
 -1.3108046e-01
  1.6694161e-01
  2.7590897e-02
  3.3387922e-02
 -2.5842959e-02
  1.2242423e-01
  4.9711667e-02
 -1.4446160e-01
 -4.6282716e-02
 -1.0810637e-01
 -3.3870183e-02
 -7.1400933e-02
 -5.6580145e-02
 -7.6483822e-01
  1.9050397e-02
  1.9455247e-02
 -3.4064583e-02
  5.0492402e-02
  5.9947576e-02
  3.6020573e-02
  8.9515693e-02
 -5.6972764e-03
  8.7323211e-02
 -3.9153721e-02
  1.1819065e-02
 -1.0276480e-01
  2.3956511e-02
  1.5805125e-01
  2.6187684e-02
  4.7421176e-02
 -1.2908265e-02
  1.1120624e-01
 -2.2184566e-02
  2.5866980e-02
 -2.7995878e-01
  3.3444952e-02
 -7.8697592e-02
 -7.3284902e-02
  2.4540587e-03
  1.1255784e-02
  2.8518853e-01
  1.5350650e-02
 -1.1321393e-01
  5.9069298e-02
  6.8932825e-01
  1.7416213e-01
 -7.1176112e-02
 -5.9717804e-01
 -2.4787280e-01
  2.9936971e-02
 -5.3952646e-01
 -2.6433950e-02
 -2.2464469e-02
 -8.1045806e-02
  4.0437989e-02
 -2.2031428e-02
 -4.8850450e-01
 -4.6392873e-02
  4.2549878e-02
 -5.8717709e-03
  2.3941286e-02
 -3.1634384e-01
  5.0731398e-02
  7.4595749e-01
 -2.3474140e-02
 -2.9265488e-02
  2.2239502e-01
 -1.1765887e-01
  8.3547547e-02
  1.6971802e-02
 -1.1397982e+00
  5.5566516e-02
  2.0050801e-02
 -1.2969831e-01
 -1.0055897e-01
  5.1654201e-02
  1.1284290e-01
 -8.6532539e-01
 -2.5653750e-01
 -2.9909231e-02
 -6.7699156e-03
  2.6842594e-01
  2.5520312e-02
  2.6347512e-01
  2.1235479e-01
 -2.0999365e+00
 -6.2756799e-02
 -1.2224106e-02
  2.1671045e+00
 -2.5723301e-02
  1.5155385e-01
  7.6296031e-01
 -6.8989270e-03
  4.2339910e-02
 -3.0083457e-02
 -9.8144226e-02
  1.7423624e-03
  6.6886425e-02
 -1.8402845e+00
 -6.1613675e-02
  9.1692775e-01
  3.3067834e-01
  2.4229571e-01
  5.7339078e-01
 -7.6509434e-01
  1.8345886e-01
 -1.7879371e-01
 -1.7703716e-03
 -5.4091364e-02
 -1.4403883e-02
 -3.5744217e-01
  4.9372856e-02
 -6.6919908e-02
  1.0301533e-01
  5.4402180e-02
  6.6983229e-01
  2.1732555e-01
 -6.9702105e-03
 -2.0925795e-01
 -1.2553167e-01
 -1.0836349e-01
  1.3532457e-01
  2.1692954e-02
 -6.2610902e-02
 -2.6981974e-01
 -1.3190791e-01
 -1.3456577e-01
 -7.6624326e-02
 -8.7950408e-02
 -9.6169069e-02
 -2.2049205e-02
 -3.6074977e-02
  4.3349404e-02
  1.5618549e-01
 -9.2487030e-02
 -1.0885795e-01
  1.4212285e-01
 -7.0048101e-02
  1.1787422e-02
 -2.3494340e-01
  4.4921707e-02
  6.3509688e-02
 -4.8258629e-01
 -1.6049473e-01
  2.8300884e-01
 -1.9617876e-01
 -3.5190817e-02
 -7.6346360e-02
  2.3155717e-02
  9.2765272e-02
  1.2315794e-02
 -2.0666793e-01
 -1.9855993e-02
  3.6927067e-02
  5.5913973e-01
 -2.6166426e-02
 -7.0722663e-01
 -3.7548959e-01
  1.0210061e-01
 -2.6168706e-02
  3.6981115e-01
 -4.9021181e-02
 -5.9860671e-01
  2.2143701e-01
 -5.6393407e-02
  1.4512968e-01
 -1.4076021e-01
 -1.6544600e-01
  5.9089011e-01
  1.7918798e-01
 -9.7012259e-03
 -5.5487994e-02
 -2.9099211e-02
  3.2729439e-02
  9.4863288e-02
  1.2367675e-01
 -4.7571462e-02
 -5.2745134e-02
 -1.2749554e-01
 -3.6900416e-02
 -1.0793379e-01
  3.3087686e-02
  1.2187368e-01
  2.5882256e-01
  9.4621517e-02
  4.3735825e-02
 -5.1947609e-02
  5.0387438e-02
 -1.2705391e-02
 -5.1641571e-03
  3.7597504e-02
  1.4895146e-01
  9.2686675e-02
  4.8701689e-02
 -3.8066569e-03
  1.9801131e-02
 -5.5795576e-02
  1.2169416e+00
  7.5593982e-03
 -6.2844694e-02
 -5.7913523e-02
  6.5460250e-02
  1.7263640e-01
 -1.0996389e-02
  1.6697746e-02
  1.1927335e-01
 -4.1466128e-02
 -3.7887547e-02
  1.4848286e-02
 -2.3786703e-03
  2.0998380e-01
  3.7308838e-02
  3.9535722e-01
 -1.6735590e-01
  1.1021860e+00
 -2.5359264e-01
  4.7829419e-02
  5.4445151e-02
  1.3878314e-01
  7.1456671e-02
 -3.1190781e-02
 -1.7750622e-01
 -2.2100877e-02
 -3.8740195e-02
 -2.4204300e-01
  2.9162386e-01
 -1.0954225e-02
 -2.8137746e-01
  2.3632726e-02
 -5.3129092e-02
  7.2054960e-02
 -1.6335579e-02
 -1.6146652e-02
 -7.5808898e-02
 -3.7484191e-02
  9.8041631e-03
 -6.1973147e-02
  2.3060903e-02
  6.8468608e-02
  5.1386457e-02
 -1.0836294e-01
 -5.3382449e-02
  1.1593571e-02
  7.3348366e-02
  3.5897624e-02
  1.9265075e-01
 -2.8393682e-02
  1.5266949e-01
 -1.2081008e-01
  2.5399709e-01
  8.6925775e-03
  1.2426111e-02
 -2.5054640e-03
 -3.5343479e-02
 -2.6081098e-02
  1.5133995e-01
  7.5121120e-02
 -1.4909850e-01
 -5.7049703e-02
 -6.4547747e-02
  1.9824412e-02
 -1.9632453e-01
 -2.8108757e-02
  1.7879131e-01
  5.1775530e-02
 -4.1910857e-02
  1.9740623e-01
 -9.6316501e-02
  3.5764128e-02
 -9.7135991e-02
 -2.2252928e-02
  5.7002526e-02
  4.1890185e-02
  2.7862612e-02
  1.0978772e-01
  3.3608821e-01
 -2.9283546e-02
  1.8046671e+00
  6.1904816e-03
 -3.3428602e-02
  1.9066927e-01
 -8.0005869e-02
  2.5923288e-01
 -1.0584432e-01
  5.4051906e-02
 -1.3339767e-01
 -5.1535919e-02
 -9.2767924e-02
  3.9000705e-01
  1.0399400e-02
 -2.1351187e-01
 -1.7917193e-01
  2.8265145e-02
  3.7370253e-02
 -5.5385616e-02
  4.4724932e-01
 -3.0136399e-02
  1.1141835e-01
 -4.5543712e-02
 -1.7607880e-01
  1.7970811e-01
  1.3303218e-03
 -2.6781406e-02
  1.2626476e-02
 -3.1124556e-02
 -4.6199327e-03
  6.1528999e-03
  8.0970628e-03
 -3.2546315e-02
 -4.7504980e-02
  6.1243758e-02
 -3.6831112e-03
 -1.8623356e-02
 -7.7250935e-02
  1.8894942e-02
  3.4706306e-02
  9.5869377e-02
  2.5782073e-01
  6.5937921e-02
 -1.0627870e-01
  1.3370928e-01
  3.3642311e-02
  1.3509515e-01
 -4.6926286e-02
  4.1908816e-02
 -5.1997769e-01
 -9.1794693e-01
 -7.0812538e-02
 -8.5265636e-02
 -5.7936415e-02
  2.4698608e-02
  1.4428520e-02
 -1.8820317e-01
 -7.5906403e-02
 -9.5209606e-02
 -2.4633010e-01
 -1.3540848e-01
  1.1554468e-01
 -7.4255005e-02
 -1.5786904e-03
 -5.3467177e-02
  4.5415740e-02
 -1.7575797e-01
  7.0120253e-02
 -2.8677169e-02
 -4.4235378e-03
  2.5164535e-02
 -1.1505603e-03
 -1.0132739e-01
  5.0222233e-02
 -1.3929047e-01
 -1.2219802e-02
  4.8602972e-02
 -3.4653059e-01
 -9.7780608e-02
 -1.0144579e-01
 -1.0693752e-01
  7.1317297e-03
  6.4077191e-02
  3.5714614e-01
  2.6063687e-01
  1.2647715e-01
 -1.1232400e-02
  4.7254920e-02
  8.3904535e-02
  1.5558702e-01
  9.3519884e-01
  6.9162110e-03
 -6.1655454e-03
  9.4127342e-02
  3.1726811e-02
 -3.1124640e-02
 -2.0831142e-02
 -3.0610159e-02
 -1.7919803e-01
 -4.7662910e-02
  5.2962746e-02
 -2.1336333e-01
  9.6647955e-02
 -8.7762408e-02
  1.2496654e+00
  6.8534380e-01
 -5.5850089e-01
  1.1842986e+00
 -1.7713394e+00
 -3.3984515e-01
 -2.5613236e-01
 -1.2510332e-01
  3.6658082e-02
  1.2058498e-01
 -1.0837922e-01
 -4.9722079e-02
  9.7917968e-01
 -1.6874963e-01
 -3.6659190e-01
 -4.3374431e-01
 -6.2672257e-02
  3.3407426e-01
  3.3310384e-02
  3.4875467e-01
 -2.6076418e-01
 -1.2230352e-02
  1.4408006e-01
  2.9887816e-02
 -1.9870739e-01
 -3.2357740e-01
  1.1083740e+00
  1.8013302e-02
  4.7448859e-01
 -7.6395660e-03
  1.5383019e-01
  3.6008298e-01
  9.2229739e-02
  2.6165605e-01
 -2.2399214e-01
  1.3731002e+00
  1.3227412e-01
 -3.9886290e-01
 -3.1517152e-02
 -1.5807378e-03
  3.1941494e-01
  9.6565753e-02
  6.0020365e-02
  4.1612811e-02
  8.6082888e-01
  6.2406790e-02
 -2.0583040e-01
  6.7330532e-02
 -2.2094836e-02
 -1.8294741e-01
 -4.1217942e-02
 -2.3263720e-01
  1.0504466e-02
 -2.7778422e-02
  1.7933489e-01
 -5.1679738e-02
  1.6895229e+00
  1.6231596e+00
 -1.2783558e+00
  3.2564598e-01
 -2.5896051e+00
  8.5942376e-01
 -7.4598807e-01
 -3.9987317e-01
  1.9712104e-02
 -1.7723726e-01
 -1.7598620e-01
  7.1371630e-02
  1.4815320e-01
 -4.9534017e-01
 -7.1309775e-02
  1.0225310e-01
 -9.7702388e-03
  1.3391201e-01
  5.7393439e-02
 -1.3458240e+00
  2.7842021e-02
 -3.5424270e-02
  1.2867483e-01
 -4.8840383e-01
  1.6854605e-01
  1.4515564e-01
  1.1170567e+00
  9.8646976e-02
 -7.0939177e-01
  6.0357046e-01
  3.7678022e-02
  1.9127123e-01
 -6.6665131e-01
  1.9506888e-01
  4.4919440e-01
  7.6381035e-02
 -4.3268931e-01
 -2.2240955e-01
 -2.3975509e-01
 -1.8358895e-01
 -4.5029727e-01
 -1.8098846e-01
  6.0997069e-01
 -4.6019584e-02
 -1.4034913e-01
  1.1345384e+00
  6.7650312e-01
 -4.5726474e-02
 -8.0273867e-02
 -2.0163664e-01
  8.0174468e-02
  4.2738780e-02
  6.6918947e-02
  9.1471434e-02
 -3.1201929e-01
  3.6335561e-02
  2.9533252e-01
  8.3807635e-01
  2.3918690e-01
 -9.0329228e-03
  5.5600387e-01
 -4.9819354e-02
  8.2740150e-02
 -3.0674267e+00
 -1.8078007e+00
  2.6552427e-01
  9.1675133e-02
 -1.1062343e-01
  4.8904188e-02
  6.2314101e-02
  2.8024575e-01
  3.5232585e-02
 -1.3915768e-02
  1.6830827e-01
  1.9683239e-01
  2.0714498e-01
  2.1753054e-02
  4.2163944e-03
  1.3893719e-01
  2.3210883e-01
 -1.9819168e-02
 -3.3783066e-01
 -1.4404541e-02
  5.4490700e-02
  5.2924838e-02
 -9.7763076e-02
 -9.4467856e-02
  9.7765453e-02
  1.0947970e-01
 -2.2743603e-03
 -1.4055668e-01
  1.0888266e-01
  1.6887252e-01
 -7.1384326e-02
  1.0940392e-01
 -3.1072771e-02
  2.6501464e-02
 -7.8909956e-02
  4.2455541e-03
 -4.8092969e-02
 -2.2258833e-01
  6.0832635e-02
  3.4263283e-02
  1.0858855e-01
 -3.0687505e-02
  1.4899215e-02
  6.2161271e-02
  3.6809433e-02
  3.0511059e-02
 -4.7937650e-02
 -7.4874535e-02
  7.7549890e-02
 -1.7112747e-01
 -4.8758796e-01
  5.1777321e-01
 -9.5625454e-01
 -2.0251469e-01
  8.1020176e-01
  2.2919682e-01
  5.1968098e-01
  3.0316797e-01
  3.9604537e-02
 -7.8648128e-02
 -1.5716517e-01
  7.6715045e-02
 -1.5148846e-02
 -5.0832248e-01
  1.4715832e-01
 -2.8111467e-03
  2.0068473e-01
 -7.8155942e-02
  3.7735723e-02
  7.5386859e-02
 -1.0434701e-01
  2.6464039e-01
 -1.9356551e-02
 -1.3474187e-01
  3.3411795e-01
 -4.5931745e-01
  1.6157240e-01
  2.7132146e-02
 -1.2016480e-01
 -5.2302048e-02
 -8.6591862e-02
  7.2766528e-02
  1.6749626e-02
  1.3609886e-02
  1.1301376e+00
  2.4031717e-01
  1.5080009e-01
  7.8431010e-01
  3.9930516e-01
  3.5726973e-01
  7.1511380e-02
 -7.2350360e-02
  3.3047374e-02
 -9.0165995e-02
 -2.4747828e-02
 -1.4946608e-01
  3.4184259e-01
 -1.2758075e-01
 -1.1451945e-01
  3.1811543e-02
  2.7864200e-01
 -9.0669177e-02
  6.7893185e-02
  2.4319562e-01
 -8.3789825e-02
 -2.2602684e-03
  3.5224688e+00
 -5.4537237e-01
 -1.6464727e-02
  2.5462708e-01
 -4.0915769e-02
  2.0211054e-01
 -1.2751508e-01
  1.5185861e-01
  5.0051194e-02
 -2.0735266e-03
 -1.8258652e-01
 -2.3306163e-03
  2.4754580e-02
 -1.5373685e-02
  7.7435009e-02
 -1.2837268e-01
  1.2831056e-01
  8.7929927e-02
  4.5018174e-02
  1.5253426e-01
 -7.8572050e-02
 -2.2200739e-02
 -4.4687551e-02
 -8.3738662e-02
 -2.4479801e-02
 -1.2038807e+00
 -1.6913934e-02
  7.7550970e-03
 -1.1036798e-01
 -5.2848097e-02
  2.5548476e-01
  6.3325256e-02
  2.0336336e-02
 -1.7187132e-01
 -4.9441282e-02
  4.6786010e-01
 -4.4846274e-02
  3.7158307e-02
 -1.1861534e-01
 -1.2092166e-01
  1.4392854e-01
  2.8336963e-01
 -5.2772608e-02
 -2.0742223e-01
  2.9589146e-02
 -6.4604305e-02
 -7.1234651e-02
  2.1070581e-02
 -1.9068454e-01
  1.4705200e-02
  2.0290269e-01
  3.3597890e-02
 -2.0609698e-01
  6.7995064e-02
  4.5074038e-03
 -1.4442132e+00
 -9.0701783e-01
  9.0721005e-01
  1.0423956e-01
  2.2323084e-01
 -3.0296689e-01
  1.0374368e-01
 -5.0679779e-01
 -6.2011741e-02
  8.9027792e-02
  5.0935231e-02
  4.9257826e-02
  1.0291136e-01
  5.3662386e-02
  9.5198832e-02
 -1.7225321e-02
  3.0544776e-02
  2.0622549e+00
 -4.9764972e-02
  7.5471462e-03
 -8.5776336e-03
  2.3798687e-02
 -1.8612081e-01
  1.1527722e-02
 -2.7976567e-02
 -1.3816738e-02
 -8.8613644e-02
  2.0386617e-01
 -1.2301632e-01
  2.1128836e-01
 -5.3871047e-01
 -2.5081918e-01
 -1.6858983e-01
 -1.1248854e-01
 -5.1628895e-02
  1.6890550e-01
  1.1455458e-02
  3.1310294e-02
 -6.4452302e-01
 -1.1459927e-01
  3.6331702e-02
  1.2692799e-02
 -1.7560109e-01
  2.0600910e-01
  2.6661754e-01
  1.2226894e-01
  5.7936884e-02
  3.0848309e-02
  4.4995075e-01
  9.7860366e-02
  2.4463486e-02
  6.8084695e-03
  7.2125025e-02
 -1.0719136e-01
 -8.1925103e-03
 -1.0605863e-01
  2.9994595e-01
 -2.3712624e-02
  1.4360766e-01
  3.6054254e-02
  3.7143603e-01
  1.6690724e-01
 -4.7022069e-01
 -1.8223770e-01
 -7.9996757e-02
 -2.5729351e-03
 -4.3926660e-02
 -9.8654456e-02
  5.1429132e-03
 -1.5871052e-04
  6.9987386e-02
  3.6548495e-01
  1.5375740e-03
 -1.3493070e-01
  5.2754756e-02
  5.2976888e-02
  2.7502066e-01
  2.3336729e-02
 -2.7022779e-02
 -3.9514321e-01
  7.6983750e-02
 -1.4921889e-01
 -3.6156407e-01
  4.4988524e-02
  2.4877211e-02
  3.8189359e-02
 -7.8923022e-03
  1.1752077e-02
 -5.4567516e-02
  9.9706486e-02
  5.1904643e-01
 -9.4057187e-02
 -1.6163073e-01
  1.7847425e-01
 -4.2378839e-02
 -1.0859635e-01
  5.7347521e-02
 -1.4504330e-01
 -1.1297773e+00
  3.0089367e-02
 -7.4328572e-02
 -5.4393116e-02
  1.2958838e-01
  2.1537532e-01
  3.2945946e-02
 -3.7470049e-01
  1.3272160e-02
 -5.5381812e-02
 -2.2574406e-02
 -1.9416982e-01
  5.0124791e-02
  3.9870985e-02
 -3.5966843e-01
  1.1246828e-01
  1.1729557e-02
 -1.7259389e-02
 -3.3321095e-01
  7.5586267e-02
 -5.6016988e-01
 -4.9580269e-02
 -2.9217336e-02
  2.8125620e-03
  2.6670611e-01
  7.9851791e-02
 -6.3288003e-02
 -3.1370897e-02
 -2.2229515e-03
 -2.0411098e-01
  9.8126419e-02
  1.3458294e-01
  6.3498549e-02
 -4.8495182e-01
 -7.1033522e-02
 -4.8773162e-02
 -1.4958785e-01
 -4.2864185e-02
 -2.0851265e-01
 -3.0869808e-02
 -2.1805133e-01
 -5.2186143e-02
 -5.3370006e-02
 -1.3302915e-01
 -1.3697636e-01
  6.8080658e-01
  4.9709860e-02
  1.2980902e-01
 -4.9277000e-02
  1.2557454e-01
  1.3439038e-02
 -2.8035877e-02
  1.7505111e-01
  2.5005342e-02
 -4.9907267e-02
 -6.5209237e-03
  1.8474576e-01
  2.3141835e-02
 -3.7212178e-02
  1.5961061e-01
  4.8321406e-03
  1.3767725e-01
  2.5516921e-01
  4.0992893e-02
 -2.2007846e-03
 -1.6924593e-01
 -1.4188217e-01
  4.8111465e-02
  3.5695642e-01
 -2.2969071e-03
  3.9095813e-01
 -2.3170353e-01
 -1.9174652e-01
 -8.6463951e-03
 -2.7785355e-01
  3.0258761e-03
  3.2950640e-01
  4.7061837e-04
  2.3427868e-02
  1.4684519e-01
 -1.5474762e-01
  1.8122491e-01
  4.9841237e-01
 -3.7917260e-02
  1.7876716e-01
 -3.1753860e-02
 -1.5066935e-01
 -1.3391258e-01
 -2.3479458e-02
 -3.8879815e-02
  1.6384910e-01
 -2.8955820e-01
 -1.3501833e-01
 -7.6764211e-02
 -9.9675581e-02
  7.8602850e-02
  9.3614601e-02
 -1.7802200e-01
 -9.6544690e-02
  5.5656135e-02
  3.3044942e-02
 -1.0788961e-01
 -8.8259112e-03
 -3.9164555e-01
 -1.8828103e-02
 -1.3624471e-02
  1.4467031e-02
 -7.0646300e-04
 -1.4256248e-01
  6.7337148e-02
 -7.9760060e-02
  1.0341688e-02
  1.3776463e-02
  3.2838959e-02
 -2.3327218e-02
 -1.2716421e-01
 -5.8195990e-02
 -1.0113892e-01
  1.6471848e-02
 -6.6035116e-01
 -2.1976094e-01
 -4.2972609e-02
 -2.8612256e-02
  1.1861452e-02
 -1.1617243e-01
  5.1183201e-02
 -1.1268870e-01
  1.2235879e+00
  4.5633692e-01
 -7.5551800e-02
 -1.6889476e+00
  1.3067423e-01
 -1.1170575e-01
  3.4005146e-02
 -6.5792762e-02
  2.8350458e-02
 -9.1700345e-02
  1.1640530e-02
 -7.7182464e-02
  6.8506119e-03
 -6.8473719e-02
  1.4345929e-01
  8.3399363e-02
  2.5116949e+00
 -7.1452081e-02
  1.3942410e-01
  7.8889862e-02
 -4.7800515e-02
 -2.0993832e-02
  9.1904379e-02
  1.1474667e-02
 -4.2269453e-03
 -9.7046338e-02
 -3.8086541e-02
 -4.9535789e-02
 -4.5328613e-02
  3.5973408e-03
 -6.1764874e-02
  6.2226199e-02
 -5.0771002e-02
 -2.0568591e-02
 -7.5060330e-02
  9.7512215e-02
 -2.3309857e-02
 -3.4469396e-02
  4.3241192e-02
  4.7226444e-02
 -7.2005406e-02
  3.1035541e-02
 -4.0194083e-02
  2.9775023e-03
 -5.9416573e-02
  8.6963080e-02
  5.0664689e-02
 -1.0809749e-01
 -1.9955579e-02
  2.6364412e-02
 -7.8229733e-02
 -2.3171575e-01
  2.4384724e-02
  7.0965968e-02
 -8.0302857e-02
  5.5489358e-02
  6.7885287e-02
  2.1324823e+00
  4.6823075e-01
 -3.4594342e-01
 -2.0040625e-01
  2.0484712e+00
 -8.6785518e-02
 -2.6442331e-01
 -6.8344198e-02
  8.9844242e-02
 -4.6024255e-02
  1.5552887e-01
 -6.7223296e-02
  1.7079334e-01
 -6.3761167e-02
 -1.4827246e-02
 -1.0900881e-01
  1.2731454e-01
 -6.8446338e-02
 -2.0144332e-02
  1.4531899e-02
  5.4145589e-02
  3.5712713e-01
  1.0873700e-01
 -2.9512092e-02
 -9.0718806e-02
 -5.2684657e-02
 -4.2710364e-02
  6.5687716e-02
 -1.6447190e-02
  1.5358670e-01
 -9.3230247e-02
 -2.6837388e-01
  3.8458314e-02
 -1.3667493e-01
 -9.3226796e-03
  7.7556145e-01
  5.5030003e-02
  5.4171312e-01
  1.6155274e-01
  1.2438520e-03
  7.8671739e-02
 -2.8199034e-02
 -3.2671764e-02
 -1.6528793e-01
 -1.6404344e-01
  6.2704913e-02
  8.3830722e-02
  1.2260859e-01
  8.9146934e-02
 -1.2495126e-01
 -3.8063128e-02
 -2.8076574e-02
 -6.0052700e-02
  1.2789938e-01
 -3.9189154e-01
  1.2152263e-01
 -1.1591163e+00
  7.6850051e-01
  1.8455143e+00
 -2.5333161e-02
  8.9032284e-05
 -1.4409505e-01
 -7.7203639e-02
  9.1544040e-02
  5.7429504e-02
 -5.1351786e-02
  1.3001635e+00
 -1.0333542e-01
  4.4036523e-02
 -4.1727718e-02
  1.3244388e-02
 -1.2791282e-01
  1.7038913e-01
  4.2834718e-02
  4.5965496e-02
 -1.5888074e-02
 -9.5414028e-02
 -5.0023977e-02
 -2.4002376e+00
 -1.3833007e-02
 -6.5918197e-03
 -2.2515960e-01
 -1.2469707e-01
  4.4926229e-01
  1.0636746e-01
 -9.9800311e-02
 -1.4490829e-01
  4.7103327e-02
 -4.3690570e-02
  2.8595689e-03
  6.8193421e-02
  1.2892847e-01
 -1.9180793e-01
 -4.9233094e-01
 -2.8165874e-01
 -2.1045077e-01
  2.9867071e-01
  2.0070808e-02
  2.2166955e-01
  2.0166898e-01
  5.5884011e-02
  1.6965447e-02
  3.8431726e-02
  2.7215537e-01
 -1.3842016e-01
  9.6823219e-03
  9.0831807e-03
 -3.7191585e-02
 -6.6680580e-01
 -5.9786540e-02
  1.0714577e-01
 -1.6372587e-01
 -7.0949036e-01
  1.8013734e-01
 -2.6556097e-02
 -2.3271702e-01
  7.4230768e-02
 -7.9829112e-02
 -4.3493081e-02
  4.7102708e-01
  6.4992666e-02
  2.7370003e-01
 -3.6811334e-01
  1.7345454e-01
 -1.7658925e-01
 -6.9860327e-01
  4.7256425e-02
  7.8833765e-01
 -6.8379241e-01
 -8.7505527e-02
 -1.3921189e-01
 -1.3403429e-01
  1.4970209e-01
  4.7384846e-01
  4.3852281e-02
 -3.9445750e-02
 -9.2459738e-02
 -5.2888941e-02
  7.8008935e-02
 -2.2233760e-02
 -3.9213646e-02
 -1.3334604e-01
 -8.1227019e-02
 -5.6048566e-01
  3.9611834e-01
 -6.5790039e-01
 -4.2061880e-02
 -3.9862461e-02
  3.4921181e-01
 -2.3054312e-01
  2.6258963e-01
  9.0808403e-03
 -4.1413227e-01
 -9.1894634e-02
  1.2910329e-01
  2.1988720e-02
 -2.2177935e-01
 -1.9022699e-02
 -8.4134147e-02
 -1.8156859e-01
  5.5614483e-02
 -4.1686854e+00
 -1.0079854e-01
 -9.6584126e-02
  1.8186990e-02
 -2.7124187e-01
 -3.3629246e-02
 -1.6507278e-01
 -7.4188179e-01
  7.5844504e-02
 -5.2265203e-01
  2.2898041e-01
  6.6792004e-02
 -3.4645984e-01
  2.6173593e-02
  1.6367670e-02
 -8.2212433e-02
 -7.9695083e-02
 -3.2120340e-02
  4.9244355e-02
 -3.5808825e+00
  1.2165494e-01
 -1.0419669e-01
 -2.1752213e-01
 -1.0643202e-02
  1.5113121e-01
 -1.3278159e-01
 -7.9931192e-02
  1.9835137e-01
  3.1659549e-01
  2.9979352e-02
  9.7151324e-02
  9.3357757e-02
 -1.6004121e-01
  2.2194404e-03
 -4.9886274e-01
 -1.3735422e-01
 -5.5781126e-02
  6.4681567e-02
 -3.7161332e-02
 -8.7431896e-01
 -5.6558017e-02
 -1.3494045e-02
 -1.0821604e-02
  1.6950425e-02
 -1.6505951e-02
  3.7726104e-01
  5.9684828e-02
 -1.4438482e-02
  3.4444861e-02
  5.2348498e-02
  1.0454981e-01
 -1.4860152e-01
  6.7330517e-02
  2.6864914e-02
 -3.5330283e-03
 -1.3712239e-01
 -1.1184606e-01
 -1.2960082e-01
 -7.8069322e-02
 -1.5828048e-01
 -5.7210900e-02
 -2.9774600e-01
 -1.3553952e-01
 -1.9795334e-01
 -3.0461550e-01
 -5.0893813e-01
  1.6058671e-01
  1.3965884e-01
 -4.4136804e-02
  5.0947961e-04
 -8.5515223e-02
  1.5609316e-03
  3.5726085e-02
 -2.5396146e-02
  9.9965499e-04
  1.4945307e-02
  3.9367564e-02
 -1.6934926e-03
 -1.5495452e+00
 -1.6050653e-01
  1.3668232e-01
  9.9463895e-02
  8.5705429e-02
  4.0476840e-02
  1.2602095e-01
  3.0303577e-02
 -2.7184464e-02
  7.8018673e-02
 -9.6327305e-02
 -2.3905295e-01
  9.4351047e-01
 -1.3905841e-01
 -1.6071039e-01
 -7.5459212e-02
 -2.2470964e-01
 -1.9103792e-01
 -2.2945654e-02
  4.6103552e-01
 -7.5488083e-02
 -6.5331511e-02
 -3.4478575e-02
 -1.0467572e-01
 -2.0000532e-02
 -8.4067127e-03
  2.4184568e-02
 -3.3293340e-02
  7.8424700e-02
  5.1082343e-02
  7.1663588e-02
 -4.7627255e-02
  3.5203323e-02
 -8.0632493e-02
  6.4008139e-02
  1.3760716e-01
 -5.9886966e-03
  1.0423429e-01
 -7.4940711e-02
 -4.0937003e-01
 -1.3192974e+00
  6.3875407e-01
  1.1091346e-01
  1.6777214e+00
  6.3675600e-01
 -7.2029310e-01
 -2.1369530e-01
  5.6270939e-01
 -4.0202163e-02
  5.4735271e-03
 -8.2753293e-02
  2.2500148e-01
 -4.7646575e-03
  6.9768019e-02
  2.6848651e-02
 -1.4710279e-01
  1.0023413e-02
 -7.4443892e-03
  7.4648088e-01
  2.6921064e-01
  5.0003264e-02
  4.2304624e-02
 -1.3036178e-01
  6.7999534e-02
  8.3918041e-03
 -3.5904729e-01
  3.0180488e-03
  7.4064493e-02
 -1.7557747e-03
  3.7729669e-02
  7.8348532e-02
 -1.1468197e-01
  1.4597902e-01
  2.1216758e-01
 -1.4117295e-01
  1.0433857e-02
  1.9787808e-01
 -5.9579229e-03
 -1.2998034e-01
 -1.4516867e-02
 -2.2383165e-01
 -1.3538539e-01
  6.8737641e-02
  3.0952994e-02
 -6.4431906e-02
  6.3973768e-03
  8.7958753e-01
  6.5569848e-02
 -4.7804505e-02
 -4.1141815e-02
 -1.5101099e-01
 -1.7681751e-02
 -2.8918350e-01
 -5.9587348e-02
 -5.5843338e-02
 -2.4637678e+00
  4.8689686e-02
  4.8682985e-01
  3.6661991e-01
 -4.1253764e-02
  6.9151044e-02
 -2.1299949e-02
 -4.9875755e-02
  5.9857629e-02
 -2.8618399e-02
  4.5240909e-01
  3.1282046e-01
 -1.0950383e-01
 -1.0424648e-01
  5.2143959e-03
  6.6161627e-01
  6.8813883e-02
 -1.2660993e-02
 -9.4963767e-02
 -4.7325587e-01
 -1.5893484e-02
  1.6706257e+00
  2.7997125e-02
  1.0537421e-01
  3.6730030e-01
 -1.6287403e-02
  4.7909641e-01
  1.7809485e-01
  3.5174429e-02
 -6.6063300e-02
  2.4828970e-02
  4.5091910e-03
 -7.4540578e-02
  8.7089288e-01
  2.0914103e-01
  1.2771711e-01
  2.8611657e-01
 -1.7272240e-01
  8.4027551e-02
  2.2946608e+00
  5.1932674e-02
 -7.4213587e-02
 -6.2340580e-02
  1.3175732e-01
  1.5098579e-01
  2.8971599e-02
  1.6303290e-02
  2.8430119e-03
 -2.9036760e-01
  5.5312596e-02
 -1.2607010e-01
 -3.2826364e-02
  5.8500376e-02
  2.5808194e-01
 -1.4363405e-02
 -8.5306577e-02
  2.4132125e-01
  1.7164281e-02
 -8.4040642e-01
 -2.4060717e+00
  1.5502865e+00
  1.6284132e-01
 -1.4436417e+00
 -6.0322046e-01
  8.3609462e-02
 -2.1227200e-03
  3.2165602e-01
  1.0798938e+00
 -1.5558692e+00
 -1.5752302e-01
 -2.6064881e-03
  1.5360281e-01
  1.2562886e-01
  1.0975045e-01
 -9.8391570e-02
  4.3898096e+00
  5.0646096e-01
 -5.7151902e-01
 -8.6514570e-02
  8.9980102e-01
 -6.1768088e-03
  1.1417153e-01
 -1.8297594e+00
  3.3402000e-02
 -2.2637197e-01
 -2.6265831e+00
 -3.0438879e-01
  2.2021587e-01
  8.1705362e-02
  1.0104198e+00
 -8.6639190e-01
 -3.0359872e-02
 -2.0731895e-01
 -1.3203192e+00
  1.8029629e-01
 -1.1150839e-01
  3.3283898e-01
 -3.7661576e-01
 -8.0066599e-02
  2.8745386e-01
  3.3013108e+00
  1.0326719e-01
 -9.0562865e-02
  9.9260205e-01
  6.4714175e-01
 -1.9155546e-01
 -9.3852496e-03
 -3.2895957e-03
 -3.2767314e-02
 -4.9639486e-02
 -1.4457771e-03
 -2.3277460e-02
  5.0291568e-01
  2.0838146e-01
 -3.6477464e-01
  1.2821788e-01
 -1.0533289e+00
 -8.1084967e-03
 -1.2458555e-01
  7.9153910e-02
  2.5461423e-01
  2.2597415e-02
  6.1404712e-02
 -9.4271228e-02
 -2.5307712e-01
  8.2623474e-02
 -3.0990571e-02
 -4.7526708e-01
 -1.9219942e-01
 -5.6808345e-02
 -2.2913562e-03
 -6.6978276e-02
 -2.2739325e-01
  1.0484500e-01
  1.3452427e-01
 -1.1464629e-04
 -1.8647267e-02
 -9.5363282e-02
 -1.4360492e-02
 -2.5641145e-02
 -3.3684924e-02
  4.5254413e-02
  1.2107377e-01
  1.1014593e-01
 -2.2828052e+00
 -1.6550958e-01
  8.1847198e-02
  5.8190905e-02
  2.4067466e-01
  3.0617473e-01
  1.4634015e-01
  2.8254604e-02
 -6.0046598e-04
 -1.4098377e-02
  4.6673220e-02
 -9.1253571e-02
  1.1398817e-01
  8.3903065e-03
 -1.5770150e-02
  3.0312341e-02
 -2.2663690e-01
 -3.1803913e-02
 -6.6426420e-03
 -6.2876478e-02
 -1.3145979e-02
  5.9888620e-02
  2.1903163e-02
  5.0692248e-01
 -2.7507228e-01
 -1.9970655e-01
  8.4203780e-02
  1.6670863e-01
  3.4725383e-01
 -2.3184666e-01
  3.4156111e-01
 -1.4063768e-01
 -1.1707772e-01
  4.7710449e-02
  1.4296137e-02
  4.8604287e-02
 -7.9545699e-02
 -8.0794393e-04
  4.1072026e-02
  7.4718736e-02
 -3.4811563e+00
 -2.0988764e-02
 -4.3740228e-02
  6.1036749e-03
 -4.3128304e-02
  3.4920570e-02
  5.8252517e-02
 -7.3994443e-02
  1.5449135e-01
  4.4580031e-02
 -8.0077916e-02
  1.0668735e-01
  4.3050118e-02
  1.3644146e-02
 -2.5006887e-02
  5.0112583e-02
  6.4182773e-02
 -5.1877510e-02
  3.3783514e-02
 -2.4458438e-01
 -4.6738065e-03
  4.1972745e-02
 -2.6460957e-02
  7.9039901e-02
 -6.1144179e-01
  1.4498545e-01
  2.5252581e-01
  1.2756616e-01
  5.5001792e-02
  2.2187434e-02
 -1.3339894e+00
  2.1054141e-02
  1.0288005e-01
 -1.6877435e-01
 -2.6803538e-02
 -2.6969042e-02
  1.7991304e-01
 -9.0768021e-03
 -7.6905794e-02
  3.5277370e-03
 -1.6895029e-01
 -4.3148562e-02
 -2.2551116e-01
  5.8344003e-02
  1.3931253e+00
  2.9801179e-02
  9.2525817e-02
  9.5200114e-02
  3.5998985e-02
 -1.2017579e-01
 -1.4011702e-01
 -7.7335886e-03
 -1.7851196e-01
  4.7092899e-03
 -1.3352622e-01
  1.0750506e-02
 -1.6260333e-02
 -2.1201372e-03
  1.6108392e-02
 -1.4976363e-02
  2.5910074e-02
  1.1310208e-01
 -4.5192046e-03
 -2.3045655e-01
  3.1641759e-02
 -3.6075898e-04
 -5.0895505e-02
  7.6919472e-01
 -6.6394866e-02
  1.0872773e-01
 -1.4057663e-02
 -1.2838502e-01
 -2.0127922e-01
 -8.2233369e-02
 -1.4134733e-01
 -3.8266876e-01
 -7.4654020e-02
  1.1700486e+00
  2.3597321e-01
 -8.1145398e-02
  3.3820922e+00
  3.9611533e-02
 -1.7505007e-02
  6.0971275e-02
 -2.7920375e-02
 -3.4723908e-01
 -1.6857629e-01
  6.3686162e-02
  4.1014161e-02
 -2.1191882e-02
  3.5187732e-02
 -1.6826233e-02
 -5.1586083e-03
  1.0455909e-02
 -2.1417731e-02
 -7.2053835e-02
 -1.3922188e-01
 -1.9219331e-01
  3.2571200e-02
  2.6810816e-01
 -1.4402136e-01
  1.5728955e-01
 -4.9502831e-02
  5.3642277e-02
  1.1569157e-01
 -2.2108467e-01
 -4.5188110e-02
  1.0611780e-01
 -3.4669418e-02
 -1.0933346e-01
  4.0193133e-02
  9.9472560e-02
 -2.7222165e-03
  5.7605598e-02
  1.1924789e-02
 -1.2048209e-01
  1.8784545e-02
  1.7694046e-01
  1.8152785e-02
  1.4106667e-01
 -7.2353981e-02
  7.9865962e-02
 -1.9818123e-03
  7.1271516e-02
 -1.2991552e+00
 -1.7845393e-03
  1.6791113e-02
 -3.4142423e-02
 -1.6205806e-04
  4.8333470e-02
 -1.2982181e-01
 -1.3367492e+00
 -3.7775107e-02
 -7.6163091e-02
  2.1414373e-02
 -3.9476566e-02
 -6.7516558e-02
 -1.5623261e-01
  1.1294068e-01
  1.1273567e-01
  3.6819786e-02
  5.1614784e-02
 -9.0129664e-03
 -1.1259417e-02
 -2.2404528e-01
 -4.5158982e-02
  8.9820176e-03
 -7.4152693e-02
 -9.6233867e-02
 -1.6101807e-01
 -1.8153714e-02
  1.0466395e-03
  8.4539068e-01
 -7.4123994e-02
  1.6450164e+00
 -3.9869511e-01
 -3.2366059e+00
  4.1659203e-01
  8.4539140e-03
 -2.7351143e-02
  1.0158527e-01
  1.6460893e-01
  8.6688504e-02
  9.9177333e-03
  5.9605420e-02
  5.8368396e-02
 -1.4503689e-02
  4.6782243e-01
 -5.5724569e-02
  3.4947269e-02
 -9.3940660e-02
 -5.8347958e-01
  1.8316689e-01
  5.1309235e-02
  1.0636610e-02
  2.2377146e-02
 -1.4723814e-01
 -5.0617225e-02
 -4.9033442e-01
 -3.2757066e-02
 -9.1950782e-02
  2.9148115e-02
 -6.0569672e-03
 -1.2427938e-01
  3.5683921e-01
 -1.1882637e+00
  2.5070139e-04
  6.8673864e-02
 -1.3339053e-01
 -3.2383382e-01
 -4.5609266e-01
 -2.6490933e-01
 -1.2586674e-01
 -8.5897241e-03
 -6.8563618e-02
 -1.7442857e-01
 -5.7201553e-02
  1.4048828e-01
 -1.0242207e-01
 -4.8277262e-03
  8.6185619e-02
  1.2616873e-01
 -9.2597604e-03
 -9.3589248e-03
 -4.4230226e-02
  1.1880953e-02
  1.6440594e-01
  1.2271060e-01
 -6.4833277e-01
 -1.8030889e-01
 -4.0804595e-02
  2.0515157e-03
 -3.9973071e-01
  1.1464249e-01
  7.5866207e-02
  1.8166763e-01
  3.9748320e-01
  6.0074590e-02
 -4.8696056e-02
  3.1123979e-02
 -5.6802873e-03
 -5.1946804e-02
  3.9601874e-01
  6.3751391e-03
 -7.2576009e-02
 -2.3936218e-01
  7.0346673e-03
  8.2507253e-02
  5.6023136e-02
  4.6353303e-02
 -1.4229684e-02
 -1.8803008e-01
  3.6064662e-02
 -1.4652619e-02
  9.5994301e-02
 -1.0661206e-01
 -8.1067182e-02
  5.8747668e-02
  1.9295445e-02
  3.1091115e-01
  5.5214383e-02
 -1.2769471e-01
  4.8092888e-03
  1.9965159e-02
 -1.0635513e-03
 -9.5960367e-01
 -6.2195569e-02
  4.2179473e-02
  3.4980636e-02
  7.9507433e-02
  4.0033221e-02
 -3.3896443e-02
 -2.0725860e-01
 -3.7746115e-03
  2.2121280e-01
  3.3464555e-02
 -9.0950884e-02
 -4.5915544e-03
  7.9228915e-02
  1.9726444e-02
 -4.2701650e-02
 -2.9954396e-02
  5.4517426e-02
 -3.3703785e-02
 -5.7579231e-01
  1.6781013e-01
 -1.1058031e+00
 -1.4470708e-01
 -8.4383920e-02
  2.4373734e-02
  5.1342003e-02
  1.3224754e-01
 -4.5326259e-02
 -1.2663250e-02
  7.1187809e-02
 -4.3533735e-02
 -6.5559917e-03
 -1.3875320e-02
 -2.3583592e-01
 -1.7698796e-02
  1.7090674e-01
 -9.9544950e-02
 -1.1501990e-01
  1.1824063e-01
  1.8731962e-01
  1.0042289e-01
 -7.4499413e-02
 -4.0563699e-03
 -2.9644236e-01
 -1.0747291e-01
  1.0996261e+00
  8.7193646e-02
 -1.0654620e-01
  2.1080045e-02
 -6.1165780e-02
  6.5414280e-02
 -1.1341503e-01
  2.6497781e-01
 -1.6517213e-01
 -9.0536810e-02
 -9.3451723e-02
 -3.4063719e-02
  3.7328999e-02
 -9.2083648e-02
 -1.3697246e-01
 -2.1074586e-02
  3.1804767e-02
 -3.0151250e-02
 -2.7674252e-02
  5.5013556e-02
  2.5136324e-03
  4.7052699e-01
 -2.4001502e-01
 -5.7848996e-01
  8.9636847e-02
  2.9315520e-02
  2.0104431e-01
 -1.0676042e-02
 -3.6902539e-02
 -6.3545078e-02
  4.6000473e-02
  1.1175532e-01
  3.6684221e-01
 -5.1779170e-02
  6.6346355e-02
 -1.9378813e-01
 -2.8646464e-02
 -2.1889497e-01
  3.4881007e-02
  6.6117444e-03
  4.5498842e-01
  9.7440884e-02
 -7.5491751e-03
  1.2616818e-01
  9.0294309e-02
  4.6538353e-02
 -7.7813160e-01
 -7.8054026e-02
  1.5392813e-02
 -1.9328061e-02
  5.9197653e-02
  1.9857150e-01
  1.2414911e-01
 -2.7830708e-01
  1.9206937e-02
 -1.4640060e-01
 -9.4663370e-03
 -1.5630271e-01
 -2.5863823e-01
 -9.6069435e-03
  1.6083542e-01
 -1.8643315e-01
 -9.4851233e-02
  1.4552623e-01
  5.4727629e-02
 -3.7004083e-02
  7.9565130e-02
 -1.5713590e-01
  3.9746407e-02
 -5.4788686e-02
  2.4124283e-02
  9.8104373e-02
 -7.1872845e-02
 -1.1848776e-01
 -9.7369812e-02
 -1.2371410e-01
  3.7018754e-02
  1.8681419e-01
  3.6924899e-02
  4.0330678e-02
  9.6911542e-02
 -3.2091594e-01
 -2.8327122e-02
  1.6986482e-01
 -3.4434048e-03
 -4.4527859e-03
 -2.8477421e-02
 -9.7786345e-02
  1.5166094e+00
 -4.6756715e-01
 -1.4578151e+00
  8.2250381e-01
  1.5194568e-01
  5.3744692e-01
 -1.3886324e-01
  8.8574409e-02
  4.5730371e-02
 -7.9298951e-02
  7.0140399e-02
 -7.5174823e-02
 -9.3280584e-02
  1.2746909e-01
 -6.4127609e-02
 -6.4202040e-02
 -2.5821315e-02
 -3.7450847e-01
  6.6647276e-02
 -4.2708746e-01
  4.7124171e-04
 -6.2007550e-02
  6.7574009e-02
 -2.3576358e-01
 -2.7540338e-01
  2.9530779e-03
  5.1405571e-02
 -2.0328850e-02
  2.8549767e-01
  1.9707811e-01
 -1.6697012e-01
  5.8520389e-01
  1.2261934e-01
  2.6539049e-01
 -4.1220160e-03
  1.2007364e-01
 -3.6544588e-01
 -8.3633088e-02
 -2.4926686e-03
 -2.0969626e-02
  2.3566027e-01
  1.0136415e-01
 -8.4726542e-02
 -4.0881904e-03
 -2.1832496e-02
 -1.8554105e-01
  7.4256301e-02
  6.4758636e-02
 -3.0144823e-01
  3.0873029e-02
 -1.5965898e-01
  4.3656878e+00
  2.3104963e-01
 -2.1144220e-01
  3.3881807e-01
  1.1799395e-01
 -9.1665052e-02
  3.3592815e-03
 -1.2203203e+00
 -8.4740914e-02
  1.2416687e-01
  6.2841320e-01
  2.5155011e-01
  3.6689732e-02
 -6.8611301e-02
  2.2371106e-01
 -3.9299969e-02
 -1.4089975e-02
 -2.9378057e-02
  3.3880584e-02
 -1.0763391e-01
 -8.7810606e-02
 -1.2834636e-02
 -3.7045836e-01
 -7.0542902e-02
  2.4874067e-02
  1.1524213e-01
 -1.2948938e-01
  9.4373850e-03
 -1.4046192e-01
 -6.4946257e-02
 -4.0598288e-02
  7.8614719e-02
  2.1795160e-01
  1.5268929e-01
 -1.1911759e-02
 -8.4697729e-01
  1.6420548e-01
 -3.3365510e-02
 -5.3184819e-01
  9.3745209e-02
  1.8092602e-02
 -1.7512625e-01
  1.8794196e-02
 -2.9776515e-02
 -1.3096894e-01
 -3.9520465e-02
 -3.7094254e-02
  9.0442874e-02
 -7.8252843e-03
  2.4125025e-02
  5.6035515e-02
 -1.0208905e-01
  5.4826513e-02
  2.9566277e-02
  4.2349566e-02
  1.7395484e-01
 -7.4253672e-01
 -1.9170657e-04
 -1.0750346e-01
  7.2314316e-01
  1.0778639e+00
 -3.4058061e-01
 -3.7159503e-01
 -1.1468145e+00
  2.7830935e+00
 -1.6987778e-01
  8.6229317e-02
  2.7750528e-01
  2.6568394e-02
  2.5351459e-01
 -7.2657950e-02
  2.7996182e-01
  2.1154138e-01
  3.3372357e-02
  2.6814867e-02
  2.0733152e-01
  2.3604865e-01
 -1.3953269e-03
  9.5581695e-02
 -5.6844246e-01
  5.5116110e-02
  3.9465908e-02
 -1.6647095e-02
 -1.3467118e-01
  2.4410431e-01
  2.6038131e-01
 -1.5861475e-03
 -1.2475102e-01
 -4.1518183e-03
  1.0892481e-01
 -4.9789865e-02
  4.5938179e-01
  2.9712304e-01
 -3.7688609e-02
 -2.8114209e-01
 -8.4648930e-02
 -2.3509486e-01
  3.7310433e-01
 -8.9195617e-02
 -2.5075176e-01
 -3.3559659e-01
 -1.7829354e-01
 -1.5777027e-02
  1.9504134e-01
  8.7991245e-02
  5.1979613e-02
  4.8259500e-02
  1.8692823e-02
 -3.0194756e-01
 -3.0925199e-02
 -1.1128027e-01
 -2.3304306e-02
  1.6411263e-02
  3.5499997e-02
 -6.2697060e-02
  1.5956303e-01
  1.7937440e-01
  1.2757009e+00
  1.3219932e-01
  1.1014595e-01
  3.0533409e-02
 -1.4101408e-01
  1.0296772e-01
 -7.4461058e-02
  1.8062027e-02
 -9.6168689e-02
 -1.5907584e-01
  9.6981190e-02
 -6.1765988e-03
 -6.3051850e-02
 -1.4664084e-01
 -1.8697169e-02
  1.4558555e-01
 -2.7907494e-02
 -1.2586550e-01
  1.5168288e-01
  4.3749232e-02
  5.8646105e-02
 -4.7042303e-02
  1.1337025e-01
 -5.3355604e-02
  1.3853733e-01
  7.1365207e-02
 -1.4616859e-01
 -2.9439459e-02
  8.3870636e-03
  5.8687400e-02
 -4.7851145e-02
  1.0946531e-01
  3.1597108e-01
 -8.4917611e-03
 -1.3561818e-02
 -2.0576837e-03
 -6.5930391e-05
  1.9162209e-01
  7.3339209e-02
  3.8637560e-02
  1.1818763e-01
  2.8145444e-02
 -1.0093114e-01
  1.9509025e-01
  4.6696925e-01
 -8.9077475e-03
 -1.5887068e-01
  1.4222260e-01
  6.2899686e-02
  4.7476053e-02
  1.3670787e-02
  7.8351907e-02
 -6.0221241e-03
  4.1998439e-02
 -1.8012223e-01
  1.6603336e-01
 -2.3239000e+00
  8.6487967e-01
  1.0634699e+00
  1.9073846e-02
 -3.0310851e-02
 -3.1120917e-03
 -2.9479522e-02
  1.1837648e-01
  2.0353267e-01
 -5.3998237e-03
 -4.0307376e-03
 -1.1846779e-01
  8.8809863e-02
 -7.5480767e-02
  9.8913364e-02
  1.8935613e-02
  5.3296484e-02
  7.9542756e-02
 -1.4687754e-01
 -5.3317513e-02
 -7.7763535e-02
 -4.7843432e-01
 -4.1435152e-02
 -5.8641113e-02
  5.3484686e-02
 -6.6817473e-03
  1.4679775e-02
  1.4312841e-01
  7.8680754e-02
 -2.3340179e-02
  8.5754842e-03
  5.1072085e-01
  5.1767617e-03
  6.3952513e-02
 -1.0207517e-02
 -2.1371320e-01
  3.9519215e-01
 -8.4573671e-02
 -1.3250839e-02
  2.5898242e-02
  1.9708933e-02
  2.1979494e-01
  9.8846138e-02
  4.2329591e-02
  2.5179401e-01
  5.0654078e-01
  2.0934530e-01
  4.1298110e-02
  7.7946201e-02
 -1.1964235e-01
 -1.3084954e-01
 -6.4929888e-02
  2.2348957e-02
  1.0756672e-01
  1.2081814e+00
  4.1047871e-01
 -2.2100458e-01
 -1.7564051e-01
  3.3531898e-01
 -2.5955525e-01
 -4.5356799e-02
  4.1021127e-02
 -1.0185099e-01
 -2.7171304e-02
 -1.4387541e-01
  1.0235628e-02
 -4.9289051e-02
  2.1266194e-01
 -3.2268059e-01
  7.0443712e-02
 -5.4277785e-02
  1.1662363e-01
 -4.5556925e-02
  2.7678332e-01
 -2.7797872e-03
 -7.3618747e-02
  2.9369012e-02
 -2.0335356e-02
 -5.4777075e-02
 -1.0287950e-01
 -2.7721869e-02
  3.6810182e-02
 -6.2361777e-02
 -4.2699289e-02
 -5.2087042e-02
  2.1693122e-02
  5.7423678e-03
  3.6797408e-02
  4.3311838e-02
  2.3791227e-02
  8.0382489e-02
  7.1156733e-02
  1.2320814e-01
 -1.3740012e-01
  1.6844811e-01
  2.0163829e-02
  1.4535664e-02
  8.6698063e-02
  2.6934394e-01
 -1.5550329e-01
  6.8586372e-02
  3.3306992e-01
  5.0397045e-03
 -7.4229181e-01
 -7.7989653e-02
 -6.3275993e-02
 -6.5523170e-02
  1.7926376e-02
 -4.1944519e-02
 -1.3579528e-02
  2.0985179e-01
 -2.4222022e-02
 -6.1852043e-03
 -1.5857588e-02
 -3.5068974e-02
 -7.5907373e-01
 -1.5014933e-01
 -3.0979018e+00
 -4.5192521e-02
 -1.2934349e-01
 -8.8367619e-02
  3.2241482e-02
 -5.0069999e-02
 -1.2869553e-01
 -8.7922223e-02
  2.5038010e-01
  1.7803922e-02
  2.4267086e-01
  1.2082736e+00
 -1.0998955e-01
  3.8439850e-03
 -7.7527491e-03
 -9.9378079e-02
  7.6017678e-02
 -1.3042080e-01
  2.8113976e-01
  1.2823784e-02
 -4.4797640e-02
 -4.3029026e-03
 -6.5726526e-02
 -1.9461097e-02
  1.1231783e-01
 -6.7817613e-02
  6.5475509e-02
 -3.9113723e-02
 -2.5500718e-01
  2.0008312e-01
  1.5075603e-01
 -3.1655848e-02
  2.0091811e-01
  6.7421250e-02
  8.7416343e-02
 -2.1907543e-01
  6.3182406e-02
  1.2302973e-02
  2.1472827e-02
 -2.6348827e-02
  1.6624745e-02
  7.8311250e-02
 -6.5037690e-02
 -1.7509289e-01
 -1.6631816e-02
 -4.8374627e-02
 -1.8828738e-02
  2.5414489e-02
  1.2437271e-01
  1.4284804e-01
  7.1296501e-01
  5.6614554e-01
 -2.7077672e-01
  2.3003219e-02
 -3.1189865e-01
 -3.3037513e-01
  1.9068274e-03
 -5.2646216e-02
 -8.0814049e-02
 -3.3849582e-02
 -4.0546976e-02
 -8.9912468e-01
 -7.9700314e-02
  9.1124262e-04
  9.2465365e-03
  8.7203747e-03
 -1.1151592e-01
  2.2772232e-02
 -3.3773154e-02
  4.9607858e-02
 -1.9039331e-01
 -1.8244787e-01
 -5.9294391e-01
  1.5188849e-01
  4.2513348e-02
 -1.6578498e-01
 -1.0892782e-01
 -3.0835456e-01
 -2.9842505e-02
 -1.1266110e-02
 -7.8792162e-02
 -5.6087933e-02
  2.2700345e-02
  5.3067021e-02
  4.3987121e-02
 -3.0361822e-02
 -1.9665033e-02
 -2.5092572e-01
  6.3309319e-02
  4.8493996e-02
 -2.4995749e-04
 -2.9815114e-01
 -1.0338433e-01
  1.8008993e-03
  2.1893907e-02
 -2.1297538e-01
 -5.9249062e-02
 -4.0549506e-02
  4.0484402e-01
 -1.6095167e-02
 -1.2370033e-02
 -1.0396260e-01
 -1.1468811e-01
  5.0801355e-02
  1.5551938e-01
  1.6151869e+00
  1.4907959e+00
  7.2173513e-02
 -5.5260449e-03
  5.0113285e-01
  2.2110933e-01
  1.0102855e-01
  2.5058135e-01
 -6.3722754e-01
 -2.3423787e-03
 -1.8462345e-01
  9.8454580e-02
 -5.8113408e-01
  4.8612878e-02
  2.4063025e-02
 -3.3521935e-02
  6.3328534e-02
  3.5675488e-02
 -5.5551816e-02
  2.2541664e+00
 -7.1289599e-02
 -1.8757991e-01
  1.5430841e-02
  4.4976562e-01
 -3.2398957e-01
  8.8887461e-02
  1.2717792e-01
 -5.3619940e-02
 -1.3232915e-01
  4.1558009e-02
 -4.3646451e-02
 -3.4120999e-02
  1.1070924e-01
  4.0051520e-01
  2.7488139e-01
  3.3562709e-02
  2.7710158e-01
 -1.8739097e-02
 -1.7739076e-02
 -4.3038040e-02
  9.9295542e-02
 -8.1365472e-03
 -1.1729651e-01
  4.2702761e-01
  9.2039101e-02
  5.8576182e-02
  2.7300057e-01
 -8.6347497e-01
 -6.6648745e-03
  2.3553418e-01
 -1.3236571e-02
  1.0017936e-02
 -7.3857181e-02
  1.6293366e-02
  7.3403433e-02
  2.9436838e-02
 -4.0786049e-01
 -6.7185187e-01
  3.4356669e-01
  1.3247625e+00
  3.1416258e-01
 -4.1482979e-01
  6.4771158e-01
  1.6461615e-01
  8.3938771e-01
  9.8502822e-02
  2.4751748e-01
 -2.3362008e-03
  9.0215051e-01
  1.7494228e-01
  1.9257671e-01
  3.6046233e+00
  7.1828678e-02
  7.6342022e-01
  4.0787446e-01
  4.2275849e-01
 -2.6147228e-01
  3.3205874e-02
  1.0933467e+00
  3.7630332e-01
 -1.2061957e-01
  5.7288224e-01
  3.4350392e-01
 -2.9605290e-02
  7.1510482e-01
 -2.5354948e+00
 -9.3226022e-01
 -1.1307146e-01
 -1.8399043e-01
  6.2554026e-01
 -2.6326543e-02
  1.3187157e-01
 -6.0007428e-03
 -2.3224553e-02
  1.2538750e+00
 -4.3230638e-01
 -4.0851438e-01
 -5.6753978e-02
  1.1486685e-01
 -2.7121818e-02
  3.5704139e-01
  1.1727230e-01
 -2.5199849e-02
 -1.4629569e+00
  7.2115940e-01
 -1.9527619e-01
  1.0354847e-01
  2.3173345e-02
 -6.0145628e-02
 -2.5756294e-01
 -1.8431902e-01
 -9.2250429e-02
  1.3612460e-01
 -7.9755777e-01
  1.8960682e-01
 -1.9350395e-02
  1.6827850e-01
  6.0838398e-02
 -4.6830904e-02
  7.0847951e-02
  1.3690372e-01
 -2.9413465e-02
  1.5097137e-02
  9.0844423e-02
 -3.8838003e-02
 -3.6988869e-02
  1.2288662e-02
 -8.9325234e-02
 -2.7050925e-03
  1.0695533e-01
  1.6449651e-02
 -1.7891323e-02
 -5.5220451e-02
  1.3360335e-01
  1.1409451e-01
 -2.1368906e-01
 -4.5203574e-02
  1.0878882e-01
 -5.5356254e-03
  3.7404131e-02
  7.4151948e-02
 -2.5472956e-02
  2.2253840e-01
 -4.8069753e-02
  7.7107169e-02
  1.8607895e-01
 -7.7731520e-02
 -9.9493399e-02
 -2.9064953e-02
 -8.6484537e-02
  6.0710341e-02
 -2.6484165e-01
 -3.2552354e-02
 -3.9338474e-03
  4.6942693e-01
 -1.0921030e+00
  1.5929377e-02
 -1.7143361e-02
  9.0404570e-02
 -5.4901522e-02
 -2.4123679e-01
  5.4805651e-02
 -4.1704349e-02
 -2.8914226e-02
 -5.6055123e-01
  7.8954615e-02
  1.6183533e-01
  7.0543110e-02
  2.9564935e-01
 -3.8399035e-01
  5.1926845e-01
 -2.9909217e-01
  2.1016595e-01
  1.8184147e+00
 -2.1002935e-01
  4.5690969e-02
 -9.3486317e-02
 -4.5601323e-02
 -1.3036472e-01
  1.7890255e-01
  3.5945237e-01
 -1.6966894e-01
  4.4157844e-02
  2.3230094e-01
 -4.2822766e-03
 -2.9828224e-01
 -1.3985683e-01
 -3.9518622e-01
  2.1028152e-01
 -1.0944255e-01
 -7.2884224e-02
 -1.0938744e-01
 -7.2423793e-02
  2.8847598e-02
 -1.1097840e-02
  6.4316750e-02
 -4.7756863e-01
 -8.1690913e-03
  6.5842293e-02
 -1.7788181e-02
  3.8322622e-03
 -6.3259646e-02
 -2.0050630e-01
 -1.7879864e-02
  1.4349571e-01
 -9.2339151e-02
 -1.0858898e-02
 -1.1353166e-01
 -1.1332571e-02
 -3.9606623e-02
  2.4869932e-01
  1.6982391e-02
 -6.8584055e-02
 -7.5846948e-02
 -4.9240459e-02
  2.8515059e-01
 -6.0575254e-02
 -1.0865831e-01
 -6.6240691e-02
 -9.7914129e-02
  8.3757034e-03
  5.3445503e-02
 -1.3400826e-01
  3.9672647e-02
  4.3423656e-02
  8.0371648e-02
  1.9226722e-02
 -3.5126063e-01
 -1.0240057e-01
 -1.1496185e+00
 -3.9536203e-03
 -8.8391566e-01
  3.3004751e+00
 -1.0401037e-01
 -1.2742461e+00
  1.1528946e-01
 -2.5272619e-02
  4.5901164e-01
 -3.2897183e-01
 -1.4453733e+00
  2.1487808e-01
 -1.3507694e-01
 -5.8079839e-01
  2.7201524e-01
  2.1267611e-01
 -4.3506563e-01
  1.3628763e+00
 -1.1371828e+00
 -1.4531617e-03
  7.2126871e-01
  9.2565522e-02
 -3.3732209e-01
 -3.4732381e-01
  5.4633528e-01
  3.2906741e-01
  2.4505215e+00
 -3.6028966e-01
  1.2495409e+00
  1.4477539e-01
  1.5772761e+00
  3.2579592e-01
 -4.8131603e-01
  1.6216787e-02
  1.0523074e+00
  6.6809171e-01
  2.0469736e-01
  1.6040765e-01
  1.0430513e-01
 -3.0255356e+00
  8.3980270e-02
  5.3444344e-01
 -1.3831630e-02
 -8.5272891e-03
  9.2933047e-01
  1.9044694e+00
  2.9829046e-02
 -2.8783378e-01
 -1.0093221e-02
 -8.6278439e-02
 -8.0258176e-02
  3.2464051e+00
 -5.9719586e-01
 -1.7561713e-01
  1.0779635e+00
 -1.9679821e+00
  1.7214175e+00
  2.4394693e-02
 -1.1655382e+00
 -1.8083352e-01
  1.1108748e+00
  3.1725037e-01
 -1.2510482e+00
  2.4948360e-01
 -1.1497065e+00
  1.3014342e-01
 -3.1192929e-01
  5.8464680e-02
  2.0195344e-01
 -4.1520202e-01
  7.1349549e-01
 -3.1733763e-01
  1.2731135e+00
  1.2266725e-01
  3.4211117e-01
 -7.0728347e-02
  4.5253199e-01
  2.3326586e-01
 -8.3364332e-01
 -3.1522259e-01
 -5.9994394e-01
 -1.2838613e+00
  8.3922315e-01
 -1.9696271e+00
  3.4562412e-01
 -2.0795898e-01
 -2.3676427e-01
 -3.9283445e+00
 -5.7317758e-01
  1.6243569e+00
  4.5033631e+00
  1.1412956e+00
 -4.5113009e-01
  4.9598246e+00
  3.5474777e-01
  8.2357669e-01
 -1.6525236e-01
  1.1716915e-01
 -7.1979858e-02
 -1.5647783e+00
 -1.7417591e+00
 -2.9751277e+00
  3.2497693e-02
 -1.5816739e-01
 -1.1168054e+00
  3.4906993e+00
 -1.3534033e+00
 -2.3810825e-01
 -1.5927001e+00
 -4.9312133e-02
 -2.0554204e+00
  1.0799960e+00
  3.9518514e-01
  1.0613988e-01
 -3.1163523e-01
  5.1049906e-01
 -1.0317816e+00
 -5.4138058e-01
 -2.1338089e+00
 -2.1149430e-01
  2.4213750e+00
  1.2063984e+00
 -1.0478871e+00
 -1.8194914e+00
  8.1484681e-01
  1.4349892e+00
 -3.8949940e-01
 -6.0363688e-02
  1.4104245e+00
  8.3008215e-02
  1.9156406e+00
  2.1266793e-01
 -3.3679917e-02
 -8.2505721e-01
  2.1990550e+00
 -2.2437489e+00
 -6.3401647e-02
  9.5990205e-01
  5.4927725e-02
  3.9673927e-01
 -8.4284186e-01
  1.6010484e+00
  2.9318663e-01
  5.9573635e-02
 -4.2364159e-01
 -1.9200206e-02
  5.2842937e-02
  2.9864335e+00
  2.7741938e+00
  2.9885320e-02
 -5.7811242e-01
 -8.4802800e-01
 -2.4603009e+00
  1.4142443e-01
  2.0158236e+00
 -9.7784263e-01
  1.3539907e-01
  7.8422731e-01
 -2.1740754e+00
 -2.4255550e-01
  5.8505461e-02
 -1.1171677e+00
 -1.5172837e+00
  9.8864180e-01
  1.1909282e+00
 -3.8808417e-02
  1.1087150e-01
  7.0189163e-02
 -8.0170892e-02
 -5.9448981e-01
 -2.0729616e-02
  1.9504266e-02
  7.6557055e-02
 -1.7892909e+00
 -1.0616783e-01
 -1.8016087e-01
 -2.0324104e-01
 -3.6086559e-02
  1.1739094e-02
  2.5335642e-02
  6.8088747e-03
 -3.8306348e-02
 -2.9899254e-02
  1.2643118e-01
  2.0039697e-01
 -6.9217756e-02
  3.4890540e-02
 -1.2861776e-01
  6.5887883e-02
  7.0006922e-02
  6.6764038e-03
 -4.9114641e-02
  6.9827877e-02
  1.0144003e-01
  1.2998682e-01
  1.5532946e-02
 -3.0235130e-02
  1.9509321e-01
 -4.0173307e-02
 -5.4039448e-02
  2.5954433e-02
 -3.0485159e-02
  8.2334587e-03
 -6.4763697e-03
  2.7355757e-01
  4.0685892e-02
  3.5377044e-02
 -1.4623805e-02
 -2.0822493e-02
 -1.2667330e-02
  5.9049483e-02
  6.3030732e-01
  3.2099571e-02
  3.7426762e-02
  6.1474308e-02
  3.3941675e-02
  1.2372627e-02
 -1.4207538e-02
 -2.7950892e-02
 -2.8963296e-02
  1.7150958e-01
  5.9122252e-01
 -1.9738844e-03
  7.6073818e-02
  1.6319497e-01
  2.4022212e-02
  2.0995413e-01
  1.1774388e-01
 -2.3518808e-01
 -1.0370364e+00
 -3.4855044e-01
  1.1219670e-01
 -7.9068251e-02
  1.0598236e-01
  1.8841377e-02
 -6.5525569e-02
 -1.3585974e-01
 -7.4502826e-02
 -1.3573015e-01
  5.6387778e-02
 -2.6049384e-01
 -2.8280273e-02
  1.6701733e+00
  6.4289342e-03
  2.0368140e-02
  3.7800122e-02
  4.1710082e-03
  2.9640302e-01
  1.8686006e-02
  2.6933772e-02
  4.1902915e-02
 -4.8608230e-03
 -6.7105770e-02
 -1.0257127e+00
 -1.5388542e-01
  8.3356895e-02
  8.6430475e-05
  9.1277428e-02
  6.2026870e-02
  5.4084901e-03
 -1.3296245e-01
  3.4059379e-02
 -2.2721484e-02
 -8.0131724e-02
 -8.0417544e-02
 -6.9473158e-03
 -1.5106945e-01
 -4.1118555e-02
  7.1522859e-03
 -9.1171317e-02
  1.2522540e-02
  1.1487861e+00
 -1.3717622e-01
  6.4958900e-02
 -1.0484055e-03
  2.4122590e-01
 -1.2152265e-02
 -3.9529976e-02
 -9.6159555e-02
  6.2426262e-02
 -5.7968296e-02
 -1.0888129e-02
 -2.1257250e-01
 -1.9327128e-01
  1.2848046e-01
  2.2214057e-01
 -4.0150195e-01
  8.9875452e-04
 -1.3234641e-01
  4.3179157e-01
 -3.1465437e-02
  3.7813023e-02
 -8.1907913e-02
 -1.4034203e-02
 -7.8391880e-02
 -3.4714184e+00
 -1.0887925e-01
  4.9242683e-02
  1.2363242e-01
  1.1480840e-01
 -4.9963713e-02
 -5.5650301e-02
  3.1800106e-02
 -1.5774103e-01
  5.0848041e-02
 -1.3792580e-01
  1.9559497e-02
  1.8912861e-02
 -1.2491424e-01
  3.4687296e-02
 -6.0468666e-02
  7.6153517e-02
  6.7878626e-02
 -2.8865503e-02
 -1.6629249e-01
  3.3265170e-02
  2.5314471e-01
  8.4614702e-02
 -1.7317691e-01
  6.0925126e-02
 -1.0952667e-01
  5.1959276e-02
  5.5946626e-02
 -1.9828737e-02
 -1.6189098e-01
 -3.4180555e-01
 -2.7366700e-02
  8.8544577e-02
  3.5929940e+00
  3.4485143e-02
 -2.2360367e-01
 -4.5516696e-02
 -3.7227444e-02
  9.8296907e-03
 -1.6608934e-01
 -9.6599899e-02
  9.3769021e-02
  1.4111579e-03
 -1.0011278e-01
 -5.7157773e-01
  4.1591412e-01
  3.4987503e-01
  7.6531345e-01
 -5.6784023e-02
  1.2726176e+00
  8.2729803e-03
  2.1864941e-02
  7.9708425e-03
  6.2807664e-02
  1.0569404e-01
  4.8857458e-02
  1.7843638e-01
 -2.1476153e-01
  3.4245398e-02
 -3.2437678e-02
 -1.4255827e-02
  2.1036480e-01
 -1.0473739e-01
  1.0740990e-01
 -3.7187356e-01
 -1.0867372e-01
  6.3339225e-03
  2.0395610e-01
  1.1613160e-02
 -9.1406750e-03
  1.3594843e-01
  1.7031537e-01
 -6.7019746e-02
  1.1416211e-01
  9.6184507e-02
 -2.1227011e-02
 -9.5291242e-02
  2.5479871e-01
  2.5239104e-01
  2.7935620e-02
 -5.1469184e-02
  6.8910967e-04
 -3.0045733e-02
  6.2345244e-02
  5.2924812e-02
  7.9592384e-02
  1.0279144e-01
  7.5215429e-02
 -6.4948663e-02
  2.9420270e-02
  1.3899620e-01
  1.4919898e-01
  2.1134844e-01
  6.7441958e-01
  1.4630919e-02
  3.5736352e-02
 -3.7364301e-03
  5.3222715e-03
 -2.0478390e-02
  4.5217071e-02
 -3.9845973e-02
 -8.9492075e-02
  2.0709239e-01
 -1.8526758e-01
  1.7375873e-03
  5.9477128e-03
 -4.3372950e-01
  1.9376168e-01
 -2.9831911e-02
 -3.6644198e-02
 -1.0850503e-01
  1.3388458e-02
  4.7011576e-03
 -1.6839398e+00
 -2.4341306e-01
  2.0712714e+00
 -2.2644006e-02
 -5.0152376e-02
 -1.0543486e-01
  1.8618079e-01
 -2.2520181e-02
 -7.5812906e-02
  3.6233630e-02
  9.6676387e-03
  6.7213297e-01
 -1.4631538e-01
 -1.2445391e-01
 -6.7966734e-03
 -1.2399538e+00
  9.2138106e-04
 -3.7588801e-02
  1.8159944e-01
 -4.5929309e-03
 -2.1322434e-01
 -5.5352044e-03
  4.3425360e-01
  4.6953056e-02
  9.8259233e-02
 -1.1153484e-01
 -8.5864671e-02
 -8.2716346e-02
  7.1370438e-02
 -5.4203697e-02
 -2.2680750e-02
  2.6515219e-02
  8.3947077e-02
 -9.7710356e-02
  5.8080494e-02
  1.4840372e-01
 -2.9658236e-02
  6.3545164e-04
 -2.4680462e-02
 -6.7565776e-02
  8.3991706e-02
  6.2385820e-02
  2.2211531e-02
  1.9566564e-02
  3.5653811e-02
 -4.3194093e-02
 -3.4029305e-01
  1.7545637e-01
  1.2696771e-01
  9.9117613e-01
 -8.8561296e-02
 -1.4667019e-02
 -1.2933563e-01
 -9.6589938e-02
  5.7477061e-02
 -1.1625466e-01
 -8.2137793e-02
 -4.9163263e-02
  2.7420117e-02
 -1.6258003e-01
  2.9321184e-02
 -2.4956804e-02
  8.2595395e-03
  3.3861179e-02
 -2.7683377e-02
  3.8358226e-02
  2.2215292e-02
  1.1317024e-01
  3.2063231e-03
 -6.9648482e-02
 -7.9832621e-02
  4.0784352e-02
  2.1953922e-02
  7.4222028e-02
  4.8467652e-03
 -1.1926488e-01
  5.8081679e-02
  1.6230176e-01
  2.1723604e-02
  2.8312491e-02
  1.4732192e-01
  9.4981277e-01
  1.4080315e-02
 -2.0405978e-02
  3.0698115e-01
 -2.5248978e-01
  1.6781344e-01
  7.8541525e-02
  5.3318020e-02
 -8.1647065e-04
 -4.8474677e-02
  1.4788422e-01
  1.1531740e-01
 -5.8755311e-03
 -3.7849948e-01
  8.1484569e-03
  1.0767595e-01
 -8.9536503e-02
 -1.3592844e-02
 -4.6223719e-02
  2.3123909e-02
 -2.5738415e-03
 -1.0874407e-01
  2.3069538e-01
  3.8387273e-02
  2.3531718e-02
 -8.3026297e-02
 -4.9365915e-02
 -3.9145786e-02
 -6.0973847e-01
 -7.5600222e-02
  1.9221989e-02
 -6.2296391e-03
 -9.9971376e-02
 -1.6030462e-01
 -5.1937755e-02
 -2.1331277e-02
  2.2397105e-01
 -1.0967050e-01
 -4.9809746e-02
  3.0652124e-02
 -5.0441060e-02
 -5.5739101e-02
 -3.2981712e-02
 -4.7404997e-02
 -1.3580492e-01
 -6.9433473e-02
 -2.6667995e-02
  6.2100295e-02
 -9.7573757e-02
 -1.0560180e-02
 -7.5064967e-03
  7.8487612e-02
 -3.0766654e-01
 -6.5944634e-02
  2.4051888e-01
  2.8703684e-02
  2.7657036e-02
  6.2028591e-02
 -8.7427385e-02
  1.1494531e-03
 -2.5508142e-01
  6.3947849e-02
 -1.8633945e-01
  5.9267692e-02
 -1.7758368e-03
  1.0398087e-01
 -3.7913989e-02
  1.4526285e+00
 -1.7537655e-02
 -4.4524606e-02
 -5.0942313e-02
  2.2020174e-02
  2.2971489e-02
  4.2901605e-02
 -3.4853108e-02
  3.0804431e-01
 -1.3979879e-01
 -6.8729155e-02
 -7.6921634e-02
  4.0871124e-03
  2.8199738e-01
  6.0881516e-03
  2.2547822e-01
  3.1138796e-02
 -5.8302507e-02
  2.0380715e-01
 -4.9211729e-02
  8.7209903e-02
 -3.7380118e-02
 -2.0183654e-01
 -6.1812215e-03
  1.8768547e-02
 -4.8072409e-02
  1.4315511e-01
 -7.8259461e-02
  4.4104224e-03
 -1.1134472e+00
 -7.1400823e-03
  6.9404817e-01
 -8.0085732e-02
  6.3524365e-02
 -3.2184556e-02
  2.7295360e-01
  2.3467116e-02
  9.5855579e-02
 -4.5344830e-02
 -1.4695027e-02
  1.3768339e-01
 -8.9597531e-02
 -1.5713093e-01
 -9.1336174e-03
 -9.6848540e-02
  9.6548781e-02
  7.9752747e-03
  4.9996395e-02
 -2.8340425e-02
  5.8513027e-02
 -7.2010309e-03
 -2.0324586e-02
  7.4412681e-02
  1.5573444e-02
 -4.0893346e-02
  1.7562173e-02
  1.2094125e-01
 -1.6171913e-01
 -2.9964020e-02
  5.2015536e-02
 -4.5854619e-01
  2.0276305e-04
  3.5937868e-02
 -8.4309034e-02
 -3.6071334e-02
  1.6830015e-01
 -3.9898129e-03
  9.4760947e-02
 -7.2298191e-02
  2.9894676e-02
 -1.0793183e-01
 -1.5558909e-02
  2.5669122e-02
  2.1243937e-02
  1.1391148e-01
  9.7276859e-02
  6.7709953e-02
  2.1007648e-01
 -1.5098720e-02
  3.2207575e-02
  4.7451640e-03
  8.8260397e-02
  3.8670983e-02
 -6.8839841e-02
 -5.3852178e-02
 -1.7203194e-01
  4.6201184e-02
 -7.7406257e-02
  1.1490940e-01
 -3.0816982e-02
  5.5215532e-01
  9.1953110e-03
 -1.2472216e-01
  8.9453064e-02
  7.0848197e-02
  1.6158799e-02
  1.0589938e-01
 -5.3668585e-02
 -4.0896488e-03
  1.0033512e-01
 -8.1729099e-02
  4.3307409e-02
  4.5377962e-02
 -6.5667503e-02
  2.6440823e-02
  1.6104816e-01
  1.4896131e-01
 -4.8786726e-02
 -1.9089104e-01
 -3.8466539e-02
 -1.6740100e-02
 -1.5973184e-02
  8.4907562e-02
  5.5600304e-02
 -1.4513957e-03
 -1.4603154e-01
  6.7674994e-02
  5.7776680e-04
  8.5883498e-02
  2.9043135e-01
 -5.4750618e-02
 -2.0693388e+00
 -4.4790788e+00
 -1.5981723e-02
  1.8425522e+00
  1.6576457e+00
  1.5620781e-01
 -3.0852053e-01
 -1.3122703e-01
  1.7623191e-03
 -6.6909921e-01
 -1.8670923e+00
 -2.2954417e-02
  1.4184292e-01
  3.3012684e-02
  2.6572326e-01
  7.9356998e-01
  1.2866790e+00
  4.8999313e-02
  2.6976162e-01
 -1.2152330e-01
  1.3612522e+00
  2.7696407e-01
  7.5829788e-03
 -6.8664491e-01
 -4.8569683e-02
 -1.3925037e+00
  4.0601709e-01
 -1.4666387e-01
  8.3208248e-02
 -6.3547075e-02
  8.0517828e-02
  4.6870608e-02
  1.0067309e-01
 -1.1019859e-02
 -2.4130151e-02
 -2.5074629e-02
  1.5786085e-02
  3.8694408e-02
 -3.5951450e-03
 -2.4727814e-02
  2.7709457e-01
  6.2517978e-02
  2.0899884e-02
 -6.5098680e-03
 -4.0997031e-01
 -3.3389768e-01
 -1.1385664e-03
 -5.2144162e-02
  1.9894445e-03
 -5.7042629e-02
 -7.5703055e-02
 -1.8519600e-01
  2.1837216e-02
 -1.5482111e-01
  1.5141322e-01
  4.6105397e-01
  1.6145378e-01
  1.4239992e+00
  4.5701098e-01
 -5.2420892e-02
  1.0727441e-01
  1.6718678e-01
  2.1722795e-02
  4.8115459e-01
  1.8905050e-01
 -1.4786835e+00
 -1.6820379e-01
  2.2448161e-01
 -8.0671608e-01
 -4.6498102e-01
  1.2418465e-01
 -1.9641240e-01
 -2.1545342e-01
 -1.9993211e+00
  1.6448368e+00
  4.3195984e-01
  9.5898166e-02
  1.9822119e+00
  1.8557870e+00
  4.1788736e-01
 -3.4618083e-01
 -7.2110808e-01
 -2.1948725e-01
  3.5327953e-01
 -6.0462493e-01
 -2.0439912e-01
 -1.3247553e+00
  2.7740667e+00
  5.3711402e-01
  1.9443027e+00
  1.6173090e+00
  1.0664307e-01
  8.3748651e-01
 -2.1096790e+00
  1.9571743e+00
 -1.2224230e+00
  1.1301400e-01
  3.5358837e-01
 -5.0322312e-01
 -4.3472728e-01
  3.9662600e-01
  2.9751472e+00
 -1.4093897e+00
 -4.0537989e-01
 -6.3104168e-02
  9.4463259e-02
 -1.0277771e-01
 -1.0924354e-01
  2.0227507e-01
  4.8839772e-01
  1.2653276e-01
  4.0660626e-01
 -2.8764093e-01
 -5.3616220e-01
  7.1409100e-01
 -9.4875237e-03
 -6.9283143e-02
 -4.8173629e-02
 -2.3669356e-01
  2.0543302e-03
 -2.9172492e-01
 -1.4952005e-01
 -2.4908784e-01
  1.8215455e-01
  2.6581553e-01
  7.9441488e-02
 -1.6431902e-01
  1.0248636e-02
  8.8995732e-02
  2.1345463e-02
 -2.4779552e-01
 -3.5016170e-01
 -2.2443222e-02
  1.6002037e-01
  6.3624807e-02
 -3.3719176e-01
 -5.2621382e-01
 -2.9905632e-01
 -3.8053319e-01
 -7.3971681e-02
 -1.4922660e-02
 -9.9798039e-02
 -5.2447736e-01
 -1.0164090e+00
 -1.4951688e-01
 -5.7157870e-02
  2.4095684e-02
 -6.3158199e-02
 -5.2931301e-02
  1.0310932e-02
  2.4774189e-01
 -5.4932988e-01
 -7.4682295e-02
 -3.0283308e-01
  1.4316777e-03
 -7.7187959e-03
 -3.2008728e-01
  3.3193829e-03
 -5.0669330e-01
 -2.8476926e-02
  9.3336459e-03
 -1.2689272e-01
  2.4345432e-01
  6.6753872e-02
 -1.4441594e-01
  2.6332733e-01
 -1.9878757e-01
 -2.1563052e-01
  8.2242891e-02
 -1.2430870e-01
  3.5495469e-03
  5.5995081e-02
 -3.1631008e-02
 -3.5757062e-01
 -1.9062309e-01
 -2.7810797e-01
  2.2214872e-01
 -4.5457989e-02
 -3.9373911e-03
  3.6019158e-02
  4.4220533e-02
  2.0491324e-02
  2.2475287e-02
 -1.1901159e-02
  2.3128821e-02
 -1.1885111e-01
  1.7228210e-02
 -1.1511704e-01
 -8.5260617e-03
 -3.8808927e-02
  2.9644275e-02
 -1.1521322e-01
  2.3587188e-03
  1.1628472e-01
  6.2445294e-02
 -8.1558190e-02
 -9.9592870e-03
  2.0073718e-01
 -1.1072190e-02
  3.4411579e-02
 -1.1337131e-01
  1.5953487e-01
  9.0174107e-03
 -7.6746315e-02
  3.1703055e-02
 -1.0056653e-02
  4.7641224e-01
 -1.7272806e-02
 -7.8138672e-02
 -6.8036616e-02
  3.3904362e-02
 -2.0842750e-02
  6.5771215e-02
  1.1048076e-01
  1.1009241e-02
  1.8490087e-02
  4.6877883e-02
 -8.8466844e-03
  5.6139808e-03
 -7.2687352e-03
 -2.0152898e+00
 -1.5777496e-01
  2.3208220e-01
 -2.0589904e-01
 -6.8819933e-02
  9.2438817e-02
  1.5620691e-03
  1.5534483e-01
  3.1207103e-01
 -1.7707618e-03
 -3.4413326e-01
  1.7863346e-02
 -6.0472717e-03
  1.6394887e-02
  1.6232919e-02
  9.7135929e-03
  2.1501057e-01
 -2.5898257e-02
 -7.4342960e-03
  4.3316498e-02
 -1.9472482e-02
 -6.6431379e-01
  3.9020729e-01
 -2.2249237e-02
 -4.9158547e-02
 -2.0045917e-01
 -1.2265923e-02
  2.1711880e-01
 -8.1217222e-02
  1.1511563e-02
  7.7644004e-03
 -8.0664687e-02
 -7.0516370e-02
  3.5485930e-03
  4.3049850e-02
 -1.1217844e-01
  1.0105072e-02
  3.0174010e-02
  1.8652907e-02
  2.8990025e-02
 -5.3459825e-03
  1.1074678e-02
 -1.1181977e-01
  3.4213379e-02
  1.5384831e-01
  7.0651747e-02
 -1.5549897e-01
  4.4716720e-02
 -1.1826193e-01
 -1.1225695e-01
  2.3109074e-01
 -1.4414241e-03
 -3.6041433e-01
  1.3034703e-01
  1.4530693e-02
 -1.1057870e-01
  5.8284402e-01
  1.6028266e-02
  1.0033341e-02
 -1.3266851e-01
  4.1658975e-02
  7.3417701e-02
  1.5962312e-02
 -8.3409511e-02
  1.3396710e-01
 -2.1029478e-02
  9.6126713e-02
  2.3271594e-02
  3.7773173e-02
  1.1035924e-02
 -1.6502272e-01
 -2.6194466e-02
 -9.4012741e-04
  2.4224021e-02
  8.0701530e-02
  2.9474095e-02
  1.7682272e-01
 -3.3868535e-03
 -3.2838531e-02
  6.9703676e-02
  4.3322083e-02
  2.3718180e-02
  3.3256978e-02
  4.9459133e-02
 -3.1608507e-02
 -5.3090293e-02
 -3.3164326e-02
 -5.6234304e-02
  4.9864430e-02
 -3.0460879e-02
  8.1600491e-03
 -1.8701389e-02
  9.1561601e-03
 -2.5356963e-02
  3.1864814e-02
  2.1657686e-01
 -1.2397339e-01
  4.0486299e-02
 -1.4532217e-01
 -2.9397141e-02
 -1.2809549e-02
  4.7788066e-03
 -5.2213658e-02
 -2.8898317e-01
 -2.7006261e-02
  3.0706415e-02
  1.1611380e-02
  1.0023152e-02
 -4.6341982e-02
  8.9993298e-02
 -4.1740451e-02
  2.2522970e-01
  8.3083846e-02
 -6.0470283e-02
 -2.6530474e-01
 -2.1437292e-01
  3.0510676e-01
  1.0543162e-01
 -3.1911856e-01
 -6.4640790e-01
 -2.3917140e-01
  1.0939064e-01
 -9.5025128e-01
 -5.6020841e-02
 -3.4234624e-02
 -1.7349498e-01
  9.8523445e-02
  4.6577004e-01
  5.2690532e-02
 -2.0837964e-01
 -2.2750026e-01
  9.3353078e-02
  5.0890971e-02
 -8.2151932e-01
  6.5114379e-02
 -4.0730059e-01
  6.5640740e-02
 -4.4116125e-01
 -1.3417022e-01
 -5.5446863e-02
  5.0026351e-01
 -2.0154579e-01
  8.1806660e-02
  1.7314985e-01
 -1.7854571e-01
  2.6108173e-01
  7.9840648e-01
  1.4417709e-01
  7.2536059e-02
 -2.7740109e-01
 -8.9792036e-02
 -9.4410829e-02
 -4.4836342e-02
 -5.0885040e-01
  1.0035436e-02
  3.8133714e-01
  9.3741067e-02
 -3.4871265e-01
  1.0209370e-01
  2.3252341e-01
  6.5173902e-02
  2.2315682e-01
 -4.0718696e-01
 -9.4890438e-02
  2.4975859e-01
  4.9214208e-01
  4.8121985e-02
 -5.5068187e-02
 -3.0198544e-01
 -6.2421728e-02
 -1.9520292e-01
  1.3425477e-01
 -4.0781578e-01
  6.0306221e-01
 -2.9244789e-01
 -1.7047077e-01
 -2.1484181e-02
 -2.9008646e-02
  1.7011879e-01
 -2.5028500e-01
  7.5336963e-02
  6.1084014e-01
  2.7727044e-01
  2.5264144e-01
 -5.7671700e-02
  8.8198595e-03
  5.8502130e-02
  4.8394650e-01
  6.3995016e-01
 -3.7061781e-02
  4.6530789e-01
 -7.6768503e-02
 -4.4769365e-01
  4.2388849e-02
 -4.1210982e-01
  3.5916576e-01
  5.3355902e-01
  3.2493076e-01
 -2.1092298e-03
 -3.4500394e-02
  4.9665272e-03
  1.6486010e-01
 -3.4227453e-02
 -4.5092541e-01
 -2.1260470e-01
  1.2064529e-01
  1.1823315e-01
  1.2265592e-01
  1.7166129e-01
  2.6477736e-01
 -3.3447638e-01
  9.2526022e-03
  3.2610995e-01
 -4.8496407e-02
  2.2917759e-02
  9.5030986e-02
 -9.4196819e-02
  2.1153888e-02
 -5.4322232e-02
  4.2651844e-01
 -2.9012922e-02
 -4.0452480e-02
 -5.5670619e-02
 -1.5145740e-02
 -7.4201888e-01
  3.2797965e-01
  1.8174540e+00
  1.2394641e-01
  1.0438322e+00
  1.0649498e+00
  3.7709650e-01
  2.4175864e-02
  4.4753596e-02
 -5.6791764e-02
 -2.4313734e-01
  4.2343107e-03
 -1.1990906e-02
 -3.8984454e-01
 -5.1102525e-01
  4.6950138e-01
  2.1552153e-02
 -3.4465766e-01
 -2.7092449e-02
  2.4817316e-01
  1.9299187e-02
  2.7945647e-01
 -3.1723273e-01
  2.1924175e-02
 -2.4856767e-01
 -5.2110218e-02
 -2.7702887e-02
 -5.7990199e-01
 -3.3795682e-01
  2.0599093e-01
 -4.2132497e-01
 -1.8371026e-01
 -2.2282366e-02
 -3.0775990e-02
 -4.7011128e-01
 -1.5665443e+00
 -5.3676617e-01
  3.1072980e-01
  1.3902304e-01
 -4.5568414e-02
 -9.1051199e-02
 -2.3724402e-01
 -6.5310627e-01
  2.2253022e-01
 -1.1883460e-02
  4.2535122e-02
 -6.2007582e-01
 -4.3429885e-02
 -2.1099120e-01
 -5.2696770e-01
 -1.1400864e-01
  1.4068814e-01
 -1.4348611e-01
  7.6924279e-02
  6.2611327e-02
  2.9540563e-02
  1.5375985e-01
  3.4483856e-01
  2.0326175e-02
  3.4596644e-02
  1.7222788e-02
  1.2257849e-03
  5.6091830e-02
 -9.2296198e-02
 -1.3303949e-01
 -2.5027446e-02
 -7.3205315e-02
  6.5229006e-02
  3.2407436e-01
  1.1172758e-01
  4.0015783e-02
  4.7722429e-02
  3.9281093e-02
 -1.1864527e-01
  7.6670274e-02
  1.0929847e-01
 -9.2539966e-02
  1.9765644e-01
 -3.4235012e-02
 -1.6366190e-01
  4.8815697e-02
 -3.7234072e-02
 -7.5711094e-02
 -2.0695027e-02
  4.7527947e-02
  8.8925129e-03
 -1.8044243e-02
  4.2145904e-02
  1.7035429e-01
  1.1379407e-03
  3.4770034e-02
 -1.2303669e-01
  4.2931732e-02
  3.8360015e-02
 -8.4371269e-03
 -9.5021352e-02
 -4.3649927e-01
  6.9041997e-02
  6.2577285e-02
  1.3426925e-01
  1.2443075e-02
 -1.6312415e-02
 -4.9239829e-02
  9.4431499e-04
 -4.5788921e-02
 -1.3049204e-02
 -1.1435685e-01
  9.1286637e-03
 -9.5262796e-02
  9.3556214e-03
  2.5499168e-01
  3.7589939e-03
  1.9006851e-01
 -9.4528368e-04
 -3.6366776e-01
  4.5557162e-01
 -8.5076195e-01
 -1.4638772e+00
 -2.3056293e+00
  1.5922842e+00
  4.0551186e+00
 -3.1053275e-02
  1.7029899e+00
  1.2609209e-01
  5.5789929e-03
  5.9610736e-02
  4.8321372e-01
  5.6150474e-02
  6.4706169e-02
 -2.1994285e-01
 -1.3103467e-01
  4.1581724e-02
 -8.4959346e-01
 -2.6052624e-01
 -1.8645690e-01
  8.5419126e-02
  1.9903746e-01
  7.0419023e-04
 -1.1472996e-01
  1.0629518e-01
  1.2407222e-01
  3.0176438e-02
 -7.4955478e-02
  1.9550104e-02
 -1.3440941e-01
  8.3168987e-03
  1.4558982e-02
  1.2302171e-01
  2.5956750e-02
  9.0590857e-02
  4.2405340e-01
 -1.8876477e-01
 -1.0995555e-01
 -2.2953013e-03
  1.6928692e+00
  1.1232769e-01
 -8.4747946e-01
  4.5654636e-02
 -1.8830229e-01
 -9.7812980e-02
  3.4075034e-01
  4.0151920e-02
  1.2062581e-01
 -6.7792483e-02
  4.1036463e-01
 -1.3552789e-01
 -7.2612844e-02
 -3.7257925e-01
  2.5605571e-01
 -2.7291724e-01
 -4.1780904e-02
  4.4982370e-02
 -1.1347662e+00
 -9.3062930e-02
  6.0897246e-03
 -2.1601046e-02
 -1.1511117e-01
 -1.3884152e-02
 -3.1167084e-01
 -1.2650582e-02
  1.6239801e-01
  3.8122583e-02
 -1.1743600e+00
  1.3122220e-01
  1.6161965e-02
  1.1004898e-01
 -1.5667368e+00
 -8.6531989e-02
  2.3903484e-02
 -5.5339243e-02
 -4.0572509e-02
 -1.1268000e-01
 -1.0056332e-01
 -5.5947069e-02
 -1.7366810e-02
  9.8634930e-03
  1.6276732e-03
  2.7153002e-02
 -7.1992856e-03
 -8.1844509e-02
  1.3826166e-01
 -1.0889722e-01
  5.4850668e-02
 -7.4170209e-02
 -1.1233172e-02
  1.4253886e-01
 -1.8947758e-02
 -6.4977095e-02
  2.8491059e-02
  2.6617132e-02
 -3.5385883e-01
  3.1157956e-03
 -7.9439127e-01
 -1.2757176e-02
  4.7805834e-01
 -1.0856582e-02
  4.7641974e-02
  1.7059995e-01
 -1.1364151e-01
 -5.1549844e-02
 -1.1921193e-01
 -7.0392257e-03
  5.4724123e-02
 -1.9338043e-02
  3.2471888e-02
  7.0477732e-02
  2.7488319e-02
 -9.4932867e-03
  5.0751191e-01
 -2.3825934e-02
 -6.3453190e-02
 -1.8172178e-02
  8.7633692e-02
  6.3464656e-02
  7.6942727e-02
  6.4402677e-02
  1.7371502e-03
  2.5163177e-02
  8.4430445e-03
  2.3703274e-01
 -2.9548157e-02
  7.8008974e-01
 -1.6612399e-02
 -2.9849878e-01
  2.8349228e-02
 -1.0876321e-02
  7.4394278e-02
 -7.5097308e-03
  3.6110310e-03
  1.6435069e-01
  1.1805926e-01
 -7.3017895e-02
  2.3862984e-02
 -1.0138652e-01
 -2.2501092e-01
 -5.5469624e-03
  2.8045163e-02
  1.9435767e-02
  2.9578778e-01
  7.6706908e-03
  1.5697652e-01
  5.8883451e-02
 -3.3607934e-02
 -1.6481260e-02
 -1.5267920e-02
  4.4102273e-03
  6.2818578e-03
  5.1983416e-02
 -8.9106001e-02
  2.7725203e-02
 -3.0663515e-02
 -4.6055511e-02
  1.1814284e-01
 -3.8182971e-03
  4.0219180e-02
  4.2705700e-02
  1.7677562e-02
  2.6696333e-01
 -3.7004378e-02
 -5.4846197e-01
 -3.9402995e-02
  1.9318970e-02
 -2.3501197e-01
  2.3562648e+00
 -1.0136492e+00
 -1.9685689e-01
  4.3662074e-01
 -3.2912749e-01
 -4.0699963e-02
  2.5258635e-03
  4.8838729e-01
  3.3294049e-01
 -7.1487515e-03
 -1.1288340e-02
  1.5376282e-01
 -2.4582125e-01
 -1.3193414e-01
 -1.2331779e-02
  8.9858226e-02
 -1.8417932e-01
 -1.8901259e-02
 -1.4399935e-01
  4.7294986e-03
  2.6608409e-02
  6.5536529e-02
  2.0254157e-02
 -6.0957950e-03
  4.5788288e-02
 -2.1944849e-02
 -9.3879122e-03
 -1.6160777e-01
  9.2853852e-02
  8.2394525e-02
 -1.0828014e-01
  6.9675799e-03
  1.7845497e-02
 -2.5992233e-02
  2.4072771e-01
  1.6592114e-01
  1.6615853e-02
 -1.4913997e-03
 -4.7627646e-02
  5.6820142e-01
 -5.6220358e-04
 -7.3809214e-02
  2.1326531e-02
  9.7394604e-03
  3.6575425e-02
  2.9749969e-01
 -2.6570375e-03
 -1.0916642e-02
 -4.4019319e-02
  5.5318385e-02
  1.0145879e-01
 -6.7063853e-02
 -6.5705709e-02
  7.2051123e-02
 -2.8528368e-01
 -5.4031694e-01
  6.4224146e-02
  1.1293834e+00
 -4.4683605e-02
  4.2967275e-01
  6.2543249e-01
  6.4054392e-02
 -4.9252599e-02
 -1.5652391e-01
 -6.3294046e-02
 -9.2405260e-02
  1.6859353e-02
 -3.0239612e-02
  2.0741537e-02
 -3.4376580e-02
 -1.0317222e-01
  1.3652840e-01
 -2.8402977e-02
  1.5900420e-01
 -1.7930286e-01
 -9.8821007e-02
  1.1821122e-01
 -2.0892231e-03
  4.1147180e-02
 -1.9881027e-02
  1.9254620e-01
 -1.5867626e-02
 -1.3700335e-01
 -3.7128840e-02
 -1.1865252e-02
 -3.6340475e-02
  1.9433731e-02
 -1.1683218e-02
 -1.4009440e-01
 -2.0463614e-02
  1.3728619e-01
  4.1210603e-02
  5.7221156e-02
  3.0167174e-02
  3.7890553e-01
 -1.7145169e-01
  9.6022211e-02
 -1.8815994e-02
  9.2083000e-02
  4.9972862e-02
 -3.8082849e-02
 -1.5215188e-01
 -1.5877631e-01
  3.1028707e-02
  6.0889218e-02
 -2.0242319e-01
  2.7662758e-03
 -8.7309904e-02
  7.2138505e-03
 -1.2968716e-01
 -5.5264436e-02
  1.3310361e+00
  1.7932916e-02
  8.8846594e-01
  6.3452395e-03
  7.0125413e-01
  2.5716524e+00
  1.3356498e+00
 -2.2144009e-01
 -8.4695488e-02
 -2.9489046e-01
 -3.2041714e-02
 -2.4197249e+00
  9.1301957e-03
  2.4665788e-01
  5.6033719e-02
 -3.7804399e-02
  2.4070295e-02
 -5.6911893e-02
 -2.0233504e-03
 -1.7253919e-01
 -9.9294536e-02
 -6.2027156e-02
 -1.8914565e-01
 -7.8144543e-02
 -9.5047407e-02
 -4.6718621e-01
 -1.7333474e+00
 -2.9975668e-01
  7.4703149e-02
  6.1022334e-02
 -2.0776002e-01
  6.5840356e-02
  6.0060922e-02
  1.4274652e-02
  2.3932196e-01
  1.6218910e-02
  7.3618346e-01
 -5.0591230e-03
  2.3953393e-01
 -1.6934538e-01
  2.4416471e-01
  4.8992366e-01
 -2.5104028e-01
  4.2173129e-02
 -1.9620979e-01
 -3.7826881e-02
 -7.7031463e-02
 -2.2751272e-01
  9.2441596e-02
  7.3641673e-02
  2.1722570e-01
  5.4191101e-01
  3.2892585e-02
  3.7642077e-02
  2.8706905e-01
  3.4926066e-01
 -2.2235408e+00
 -1.1189922e-01
 -4.0142998e-01
  3.9723805e-01
 -3.5447350e-01
 -6.3986725e-01
 -9.2528915e-01
 -6.5730762e-04
 -1.6201926e-02
 -4.5307460e-01
  9.3101814e-02
  1.2324817e-02
  2.3762915e-02
  4.1759245e-02
 -6.3995846e-02
 -6.2802322e-02
 -7.9460613e-02
  4.3312926e-03
  6.0631610e-02
 -6.0180374e-03
 -1.1407209e-01
 -1.9522354e-01
 -7.1109501e-03
  2.4735662e-01
  1.3750795e-01
  1.0398510e-01
  3.5760514e-02
  2.5385869e-01
  2.9019706e-02
 -1.4601011e-02
 -4.4755572e-01
  1.8604060e-01
  2.5572605e-02
  5.4303810e-02
  2.9068264e-01
  1.0463576e-01
 -4.8159994e-02
 -3.0048581e-02
 -5.4231871e-02
 -1.8777722e-01
 -4.5234102e-01
 -4.5729061e-03
 -1.6635072e-01
 -3.0232316e-02
  2.9394064e-02
 -3.5437021e-01
  5.3129019e-03
  9.3391333e-03
 -7.0814472e-01
  3.3544958e-02
  1.5004147e+00
  7.2498165e-02
 -2.7359249e-02
  3.7625607e-02
  7.3465064e-02
  7.2191156e-02
  3.0154914e-02
  1.6371122e-01
 -1.8002644e-02
 -2.8464639e-01
  7.0645727e-02
  9.2108563e-02
 -1.3171397e-01
  3.4559496e-02
  9.6744411e-02
  2.0270607e-02
 -1.7283089e-01
  6.4430833e-02
 -3.4638904e-02
 -7.9363309e-02
 -1.2317207e+00
 -8.3235405e-02
 -8.2639766e-01
 -4.5589469e-02
  8.1078373e-02
  7.8294270e-02
  3.3849210e-02
  9.0365261e-02
 -2.1590270e-02
 -2.1105574e-03
 -1.8202226e-01
 -1.9742787e-01
  1.1028945e-01
  5.2247606e-03
  1.4825101e-01
 -1.3415982e-02
 -3.5183632e-03
  6.3879782e-01
 -9.2655838e-02
  1.0875512e-01
 -5.5743910e-02
  1.2572891e-01
  3.2174803e-02
  9.3445852e-02
  8.0267631e-02
  3.8900692e-02
 -3.6210619e-02
 -1.2826204e-02
 -1.3504188e-01
 -1.3613579e-01
  2.2495800e-01
 -2.0713420e+00
  1.3881392e-02
  3.2510668e-02
  1.4185110e-02
 -1.2297162e-02
 -1.3190050e-02
 -7.8106806e-02
 -7.6560229e-02
  7.7644736e-02
  1.6469350e+00
 -9.2677139e-02
  5.5139285e-01
  4.5614156e-01
 -2.3605189e-01
 -1.5203412e-01
  3.0814946e-01
  2.7323037e-01
  1.3930398e-01
  6.9357554e-04
  1.4667061e-01
  3.9032516e-01
  9.6347533e-02
  2.9535612e-01
  6.2182730e-01
 -3.3836875e-02
 -2.1442732e-02
  4.9521692e-02
  9.6657179e-02
  9.4160929e-02
 -7.5284555e-03
  2.7730577e-02
 -3.6959189e-01
 -2.6192799e-01
  5.1947776e-02
  5.1529384e-01
  1.6848184e-01
  5.1676959e-01
  5.4614879e-02
 -4.2537680e-01
 -1.8485261e-01
 -4.4368595e-02
  8.6633547e-04
 -1.2410523e-01
 -3.7479979e-01
  2.9062834e-02
 -3.9484344e-02
  1.9083972e-03
  4.1871488e-01
  1.6926891e-01
 -1.1449132e-01
  2.7913687e-01
  3.4037545e-01
 -6.5073618e-03
  2.7310529e-01
  5.1661536e-02
  1.2988816e+00
 -2.3696925e-02
  9.7452685e-02
  2.3267137e-02
  1.8063063e-03
 -4.8267920e-02
  1.2953030e-01
  7.2896928e-02
  5.7510100e-02
  8.1738643e-02
  1.1515598e-01
 -2.7325228e-04
  2.9404404e+00
 -5.7660544e-01
  1.4206307e+00
 -6.8626493e-01
 -2.6263638e+00
 -2.4112697e+00
 -2.1785898e+00
  6.0267765e-02
 -1.0888352e-01
  2.4408424e-01
  8.9497261e-02
  2.5442621e-01
  3.5957971e-01
 -2.6120391e+00
  9.4163454e-01
  1.6985100e-03
  4.5390226e-02
  4.6855308e-02
  8.4384304e-01
  4.6236539e-01
  6.2953930e+00
  6.7367713e-04
  9.5359562e-03
  6.4940554e-01
  9.8288134e-02
 -3.4609705e-01
  2.1236448e+00
 -3.0297861e-01
  1.3038658e-01
  1.0055918e-01
 -9.0825759e-02
  1.4342668e-02
  3.7256856e-02
  1.1697172e+00
  2.3987068e-01
  8.8016363e-03
 -2.2529538e+00
  1.3490245e-01
 -4.2351071e-02
  8.6014342e-01
 -3.1405649e+00
  6.8053585e-01
 -1.0396704e-01
 -3.9518976e-01
 -5.0639072e-03
  8.7742709e-02
  3.5381117e-01
  8.4716332e-01
 -3.2588083e-01
 -6.3173518e-02
 -9.6545540e-02
 -2.8176517e-03
  8.9365141e-03
 -3.0708941e-02
 -2.0330615e-02
 -1.5663529e-03
  2.5511834e-01
 -3.4785300e-02
 -8.3462454e-02
 -1.5782809e-02
 -2.2617884e-01
  3.8075764e-02
  6.6687202e-01
 -4.3621503e-02
 -2.3654324e-01
 -9.3335316e-02
 -3.7252817e-01
 -1.7239667e+00
 -1.3147002e-01
  1.0223427e-01
  1.9386244e-01
 -3.6558250e-01
  1.6531410e-02
  1.5553682e-02
 -2.7426915e-02
 -2.5702918e-01
  3.4225845e-01
 -7.6861843e-03
  1.1954949e-01
 -5.5199146e-02
  1.3863283e-01
  4.6145320e-02
 -1.8935652e-01
  1.8291157e-02
  9.3786880e-02
 -4.1431550e-02
 -1.4409402e-01
 -1.6674219e-01
  3.2521281e-02
  1.2582766e+00
  2.7776062e-02
  8.7272853e-02
  4.1549923e-03
 -2.3623154e-02
  2.8972387e-01
  8.1113815e-02
 -1.0100164e-02
  1.0455983e-01
  1.5943481e-01
 -5.4761954e-03
 -8.2485406e-03
 -1.3415101e-01
 -6.9592103e-02
 -1.0904818e-01
  4.6654841e-01
  1.0400721e-03
  1.4461471e-01
 -2.3257546e-02
 -1.8342468e-01
 -4.8730699e-03
  1.1363573e-01
 -9.0980130e-01
  2.9476508e-01
 -1.1549130e-01
 -4.1168753e-02
  3.9613895e-02
 -3.1945001e-02
 -1.1649544e-02
 -5.0322384e-01
  1.8253216e-01
  8.1951633e-02
  1.4032164e-01
  9.0744056e-02
  4.9828198e-02
 -2.0262698e-02
  7.9874262e-02
 -8.6933143e-02
  3.0645439e-02
 -4.9207151e-02
 -5.5912441e-01
 -1.3807831e-02
 -2.1532147e-01
  3.1164559e-02
 -1.7329214e-02
  2.0872483e-01
  3.6596614e-01
 -5.4236181e-02
  1.6623141e-01
 -3.6649853e-02
 -8.4281102e-02
  1.2927672e-01
 -5.8534734e-02
 -1.0781381e-01
 -1.7923716e-01
  2.2919649e-01
  1.1899193e-02
  1.1722889e-01
  7.2984010e-02
 -5.7488725e-02
 -1.8398790e-02
  1.9303061e-02
 -9.1629177e-03
  4.4021320e-02
 -1.3130936e-01
 -1.0560090e-01
 -2.7500672e-02
  1.7036192e-02
  9.3213590e-03
 -2.2880875e-02
 -1.2769620e-01
 -4.5808384e-01
 -3.7607368e-02
 -4.9709948e-04
 -4.2458108e-01
 -9.3489243e-03
  1.2635720e-01
  7.1326837e-02
 -4.7979858e-02
  1.4006563e-01
 -2.0832556e-01
 -1.4165589e-01
 -2.2440566e-02
  4.1294822e-01
  9.1497384e-02
 -1.5507665e-01
 -1.9224782e-03
  8.8502485e-01
  1.4797962e-01
  2.7393777e-02
  2.7304998e-01
 -3.0931616e-01
  6.9911373e-01
 -2.6912451e-01
  8.3039226e-03
  5.0429672e-01
  4.8056968e-02
 -5.8848346e-03
  2.0246635e-01
 -1.1309700e-01
  3.1892855e-02
 -1.6315224e-02
  3.0923020e-03
 -5.8215238e-02
 -1.6080822e-01
  1.8271151e-01
 -4.1475302e-01
 -1.3604819e-02
  8.0034181e-02
  1.1888453e-01
  3.5637620e-01
 -1.7608038e-01
 -9.1135152e-02
 -1.4013529e+00
  8.1119006e-03
  5.2866083e-01
 -3.7792902e-02
  1.7273784e-01
  1.5257438e-01
  4.8091531e-01
  1.4794807e-01
  4.3045118e-02
  6.4237416e-02
 -3.1494625e-02
  8.4906423e-01
  1.5120056e-01
  3.4088689e-01
 -7.2324225e-03
 -1.0511596e-02
  1.0328857e-01
  4.1880719e-02
 -1.9386612e-01
 -3.5919244e-03
  1.4436791e-02
 -2.5815657e-01
 -3.1220369e-02
 -1.7411400e-01
 -7.5920768e-02
  1.6635421e-01
  5.4561011e-03
 -4.0144190e-02
 -8.6635947e-02
  1.9153047e-02
  1.4055938e-02
 -5.1798798e-02
 -2.1754846e-02
  1.9615686e-01
 -2.4285275e-02
  1.4112154e-02
 -7.4164160e-03
  8.0397779e-01
 -6.1231140e-02
  3.2083679e-02
 -5.6834146e-03
 -3.2340537e-04
  2.2788571e-02
  1.6164210e-02
  1.2985668e-01
  5.4300070e-02
 -2.0162374e-02
  1.9467087e+00
 -6.2099498e-02
 -1.5054727e-01
  5.9493035e-01
 -1.5682819e-01
  1.8413402e-02
 -2.5414312e-01
 -1.1480439e-02
 -1.5846956e-01
  1.1619860e-01
  1.4902967e-01
 -1.5743481e-01
 -1.5589736e+00
 -9.1105148e-02
  4.8028693e-02
  1.2454623e-01
 -2.5263655e+00
 -3.5073176e-01
 -1.7198475e-01
 -3.6224648e-02
 -1.4157758e-02
 -9.0089083e-02
 -9.1013394e-02
  2.1745299e-01
  7.7140756e-02
 -5.3323530e-02
 -3.0897346e-01
  5.6608827e-03
  4.1640967e-02
 -1.1882304e-02
 -4.0758330e-02
 -3.9224066e-02
 -2.5700247e-01
 -2.0902120e-01
 -1.6137792e-02
  9.9464744e-02
 -1.5719759e-04
 -1.5533593e-02
  1.7458998e-01
  4.1648947e-02
 -2.9454442e-02
 -1.6086070e-01
 -1.7185664e-01
 -4.0403839e-02
  3.9191846e-02
 -1.1358498e-01
 -4.5244917e-02
 -8.7247439e-02
 -8.5964441e-02
 -6.0289479e-03
  4.6302273e-04
 -1.9210966e-02
  3.6223710e-02
  4.0480736e-01
  1.8582011e-02
  1.5399384e-02
  5.9002504e-02
  7.2934404e-02
  1.4390475e-01
  5.3045988e-02
  1.5427095e-01
  2.6595390e-01
 -4.4492644e-01
  1.1372060e+00
 -4.2506136e-02
 -7.8365460e-02
  5.2124865e-02
  1.4662913e-03
  1.4484712e-01
  6.9609664e-02
  8.1709418e-03
 -3.5182357e-02
 -1.8611492e-01
 -8.9016184e-02
  9.3384370e-02
 -8.5638493e-04
  5.7238441e-02
  7.9204321e-02
  2.0516157e-02
 -1.1583558e-01
 -6.0300391e-02
 -4.0958695e-02
 -1.2402365e-01
 -8.2922556e-02
  1.0493059e-01
 -2.3164697e-02
 -4.8760902e-02
  1.2669609e+00
 -4.2153832e-02
  2.0994879e-02
 -2.6015437e-01
  1.3706282e-01
  3.0351654e-01
 -4.7055084e-02
  3.4784064e-02
 -1.7726593e-02
  2.4311747e-01
 -6.1087847e-02
  3.3015040e-01
  3.4040594e-03
  2.0891459e-01
  5.1194821e-02
  5.5200856e-02
  5.2810490e-02
  1.0025872e-02
 -2.7034216e-02
  4.0052678e-02
 -4.7670111e-02
 -1.4437537e-01
 -7.1367230e-03
  2.0250879e-02
  2.6663678e-02
 -1.2377582e-01
  7.8488842e-02
  7.6409886e-03
  1.0969508e-02
  3.4962788e-02
 -3.0668173e-02
  4.7656193e-02
  3.9192401e-02
 -3.7964944e-02
 -5.7566259e-02
 -1.7785037e-02
 -7.5445205e-02
 -6.9536597e-02
 -8.6837281e-03
  1.7905362e-02
  1.6588698e-01
  4.7872730e-02
  8.0870137e-02
  5.1787752e-03
  3.4355793e-02
 -2.9533783e-01
 -2.4717452e-02
  4.7188833e-02
  1.3941047e-01
  3.6611229e-02
 -3.3166606e-02
  3.9884165e-02
  8.0792949e-02
 -1.0402886e-02
  9.4413199e-02
  2.2330908e-02
 -7.7549678e-01
 -3.7170926e-01
  9.5046926e-01
 -1.0609264e-02
  1.4678136e-02
  4.1552725e-01
 -1.2477421e+00
 -1.3365771e-02
  6.0955483e-02
  6.8146236e-02
 -2.6307341e-01
 -7.3890328e-01
  4.8313156e-01
  8.6262101e-01
  2.1447344e-02
  1.0822215e-01
 -2.5549622e-02
 -2.5569049e-01
  1.7133775e-01
  6.0625899e-01
 -1.5038224e-03
 -5.7443241e-03
  8.3696665e-03
  5.3005874e-02
  1.1355144e-02
  2.5866339e-01
  1.4415549e-03
  8.9840728e-01
  1.5242746e-01
 -8.7585807e-02
  3.1756051e-02
 -1.5466267e-01
 -2.4278153e-01
  4.5612734e-02
  5.2666672e-02
 -1.5761808e-04
 -9.5790587e-03
 -6.5397531e-02
 -5.1117420e-02
 -3.7933430e-01
  3.8602903e-01
  5.8630568e-01
  6.1482280e-02
 -1.4115776e-02
 -6.3933283e-02
 -6.0429063e-04
  4.4224393e-01
  8.8050312e-01
 -1.0752140e-02
  2.6081707e-02
 -7.9332776e-02
 -1.4802426e+00
 -5.0740290e-01
  5.8616525e-01
  7.7684824e-03
  2.7440822e-01
 -1.8435538e+00
  2.8574293e+00
 -1.0018556e+00
 -1.7130224e-01
 -1.1121683e+00
 -4.2954912e+00
 -7.3882848e-01
  5.5000458e-02
  4.4181064e-01
 -7.6048657e-02
  7.5262599e-02
 -8.7277269e-01
  6.5829405e-03
 -1.2969473e-01
  6.8719505e-04
 -7.4977418e-03
  6.8558073e-01
 -8.3759772e-03
 -1.2360952e+00
  1.5063211e-01
 -3.1843379e-01
  2.9937942e-02
 -5.2693252e-02
 -1.4049950e-03
 -1.6501831e-02
 -1.1330511e-01
  1.0079463e+00
  2.0735849e-01
  4.0499561e-02
  2.4029693e-01
  4.5562953e-02
 -5.9680264e-02
 -2.4377768e+00
  1.3111196e+00
  8.8545150e-01
 -1.1361224e-01
  1.2340566e-01
 -5.8535062e-04
 -2.8628743e-01
  2.0302789e+00
  2.0805861e-01
  4.9332534e-03
 -2.8500596e-01
 -8.7619908e-03
  5.4903317e-02
 -1.3058817e-03
  7.9445338e-01
 -1.1992817e+00
 -8.5366368e-02
 -2.0974645e-02
 -2.1684548e-02
 -5.2697264e-02
 -8.1295587e-02
  1.2808688e-01
  7.2758949e-01
 -5.0889289e-01
 -1.0022394e-01
 -1.5008351e-02
  6.1181273e-02
  1.8002307e-01
 -4.7012176e-02
 -1.0047852e-01
  5.2133355e-02
  2.9657150e-02
  9.8427132e-02
  4.0526498e-02
 -2.7097387e-02
 -2.2729392e-01
 -7.5447289e-03
  1.4517270e-01
 -2.2900721e-01
 -6.1293472e-02
  4.7094375e-02
  1.6837465e-02
 -1.5667172e-01
  1.6074947e-01
 -2.7308837e-02
 -9.2828937e-02
 -1.4095919e-01
 -7.4087642e-02
  1.6145347e-02
 -1.4017162e-01
  6.5629810e-02
  5.6822877e-02
  2.1640725e-01
  1.6793616e-02
  7.7507652e-02
 -6.2673323e-02
 -1.8893151e-01
  5.0599109e-02
  9.0621725e-02
 -1.1412554e-01
  2.2614475e-02
  6.4558208e-02
 -1.9036414e-01
 -3.3075027e-02
 -7.7859573e-02
 -6.4885300e-03
  9.9364661e-02
  9.1851912e-02
  3.2087095e-02
 -3.0939929e-02
  1.3175811e-01
 -4.5860115e-02
  3.2931365e-02
 -3.4295000e-02
  6.9626540e-02
 -2.0521747e-02
  7.6597132e-02
  6.6856778e-04
  6.5152291e-03
  9.5313368e-03
 -1.1708657e+00
 -3.0798829e-01
 -3.4025994e-01
  2.9828528e-01
 -1.9539759e-01
 -6.2697470e-01
  4.5096290e-01
 -8.7566879e-03
  2.7965860e-02
 -1.0314619e-01
  1.1232067e-01
  2.3388799e-01
 -3.4319547e-01
  1.6239242e-01
 -1.9262472e-01
  8.3529707e-03
  7.5357074e-01
 -3.1626853e-01
 -6.6567925e-03
 -7.0051909e-03
 -5.9977311e-01
  3.8139362e-02
  2.1418217e-01
 -4.5791075e-02
 -3.9228208e-02
  9.1392703e-02
  1.0951184e+00
  6.6454029e-03
  2.5400776e-02
  1.1235377e-01
 -5.2352998e-02
  1.7761776e-01
 -3.0864760e-01
 -3.4746611e-01
 -2.2735250e-01
 -2.0848971e-02
  3.0079570e-01
 -4.6555637e-03
 -5.7053711e-02
 -1.2993497e-01
 -3.0567005e-01
  2.1864441e-03
  9.8833933e-02
  3.6375608e-02
  1.3155735e-01
  5.3742215e-02
  1.2547238e-01
 -3.9189574e-01
  6.4795899e-01
 -1.4141233e-01
 -3.0627578e-02
  4.0454194e-01
  6.8032116e-02
 -6.3806232e-03
 -8.6236568e-03
 -7.1874252e-03
  5.5037880e-01
 -1.6497532e-01
 -1.6429438e-01
  2.7506618e-02
  1.1612093e-01
  5.4802308e-03
 -2.9151756e-03
 -1.0899521e-01
 -2.6431911e-02
 -7.3731139e-02
  1.2353028e-01
 -1.6993643e-01
 -5.2323241e-02
 -1.2676591e-02
 -6.3838303e-02
  9.1571845e-02
 -4.7925609e-04
  1.5053467e-01
  4.1513439e-02
  6.6509292e-02
  1.1866350e-02
 -7.2933778e-02
 -1.8360913e-02
  1.9281153e-02
  7.5434215e-02
 -1.5126100e-02
 -3.2293223e-02
  1.0023662e-01
 -4.9929194e-02
  6.4382292e-03
  5.0210238e-02
  3.4669894e-03
 -1.6150674e-02
 -1.7448881e-01
 -9.6708298e-02
  7.5396709e-02
 -2.4505107e-02
 -1.8897256e-02
 -9.6112818e-02
  5.4396160e-02
  2.0861199e-02
  3.8425412e-02
  2.0009769e-02
 -3.6576111e-02
 -2.6514035e-01
  6.3091870e-03
 -8.5344635e-02
 -1.9389841e-01
 -6.8823868e-01
 -5.7224011e-01
 -1.2985834e-01
 -1.1354938e-01
  1.4844769e+00
 -1.1774618e-03
 -1.4345796e-03
  2.5044015e-02
  3.9671421e-02
 -1.6320773e+00
  3.6096364e-01
 -3.1437360e-02
 -9.1865873e-01
  3.5234901e-01
  3.1341168e-01
  5.3973617e-03
  8.3802849e-01
 -2.6040027e-02
 -6.4474240e-02
  1.3749213e+00
  5.5960178e-01
  2.8432733e-01
 -3.7169904e-02
 -4.2679709e-01
 -1.0152157e-01
  2.2041847e-01
  9.4641912e-01
 -4.7574189e-01
  2.5550926e-01
 -4.9476493e-02
 -2.2242431e-02
 -5.6251507e-02
 -6.9517836e-02
  2.2017108e-01
 -4.1285783e-01
 -6.0289253e-02
  2.2532478e-02
  6.8146355e-02
  8.1719451e-02
  1.2226614e-01
  1.0654244e-01
  1.5138861e-02
 -6.2342267e-02
  2.7071413e-02
  2.5178209e-02
 -4.2216461e-03
 -1.1393692e-01
  1.0834545e-01
  2.5841749e+00
  3.9788999e-02
  1.4429171e-01
  2.8630671e-01
  2.6119757e-01
  1.1801493e-01
  2.1487273e-01
 -1.2259805e-01
 -2.8379926e-02
  3.4651375e-01
 -7.4436717e-02
 -1.1932120e-02
 -2.4200810e-02
  6.1685164e-02
  1.7310414e-01
 -4.9120185e-01
 -1.9686715e-01
 -1.3631907e-01
  1.6474125e-01
  5.6390021e-02
 -6.3026689e-02
  1.5257831e-01
  8.9767411e-02
 -9.1827847e-03
  3.3974793e-02
 -1.1646463e-01
  8.9897525e-01
  3.4848234e-04
  2.2763476e-02
  7.6112904e-02
  1.0205306e-01
 -1.2800117e-01
 -1.0716623e-02
 -7.4628614e-02
 -1.6867773e-01
  2.4861020e-01
  4.1330621e-01
  1.2827155e-03
 -3.3933684e-02
 -3.3849590e-02
  3.0947460e-02
 -3.9345220e-02
 -3.9641261e-02
  2.1829085e-01
  6.0482893e-02
 -4.1253719e-02
  4.0984899e-02
  3.3418298e-02
  9.0334922e-02
  1.3529398e-01
  4.7992300e-03
 -3.3278942e-02
  6.2487420e-02
 -1.9158268e-02
 -1.2355031e-01
 -4.5635391e-02
  4.7479536e-02
 -1.2215292e-01
 -7.4074185e-03
  1.3558781e-01
  5.7122611e-02
 -4.7503263e-02
 -9.1104425e-02
 -9.1041952e-02
  2.9583152e-02
  5.4631665e-02
  4.9523056e-01
  5.2350827e-02
 -1.8473758e-01
 -3.1861432e-02
  1.1915147e-01
 -3.7240994e+00
  4.2029098e-01
 -2.3673700e-01
 -6.2631774e-01
  4.8395693e-01
 -9.0697713e-02
 -3.6099952e-01
 -2.2231761e-02
  1.5707766e-01
 -2.9081194e-02
 -1.7868767e-02
  5.9301364e-03
 -1.4433846e-01
 -2.0130314e-02
 -1.0456423e-01
 -4.9987242e-02
  1.7860545e-01
 -8.6322436e-03
  1.8922371e-01
  5.4389220e-02
 -3.3107366e-02
  4.1680843e-01
 -1.1334810e-01
  6.1303520e-01
  2.9766944e-01
  1.1261430e-01
 -8.3881728e-02
 -7.4048430e-01
 -4.5099020e-02
  1.1576440e-01
 -1.0491919e-01
  8.1561930e-02
  1.3066092e-01
 -2.5522554e-01
 -1.4347507e-02
 -1.3846299e-01
  7.5943060e-02
 -1.5563856e-01
  1.1521842e-01
 -1.8676922e-01
 -5.5548042e-02
 -5.3268518e-02
  1.1895567e-01
  1.0769261e-01
 -7.7769078e-02
 -2.4829093e-01
 -2.3796858e-02
 -7.7651039e-02
 -4.0493935e-02
 -1.7459009e-02
 -2.6826361e-01
  5.0499294e-02
 -2.1187035e-02
  2.8614882e-02
 -6.2578316e-03
  9.3011700e-02
 -2.6477933e-02
  2.5752780e-01
  6.0679247e-03
 -1.8514976e-02
 -1.8295309e-01
  3.9942097e-02
  2.8145650e-01
  1.6499773e+00
  9.0800583e-02
 -1.0995477e-01
 -6.8380490e-02
  8.9490607e-02
  2.0616940e-01
 -5.3721327e-01
  2.9183984e-02
  4.9144030e-02
  4.4629239e-02
  5.3173006e-02
  5.1478416e-02
 -5.7753962e-01
 -4.6113975e-04
  1.0317582e-02
 -3.1201676e-02
  6.2051356e-01
 -2.2664718e-01
 -4.8365258e-02
  2.3929168e-02
 -4.7777541e-02
 -1.5867330e-02
 -2.5072727e-02
  4.8298109e-02
 -2.9316932e-02
  7.0049904e-02
  5.7813838e-02
 -2.3513223e-01
 -2.1732396e-02
 -3.3217663e-04
  4.8938442e-02
  6.4777634e-03
  8.5179053e-02
  7.7911906e-02
  2.7141368e-02
 -5.5124052e-02
 -3.5591924e-01
  1.2757563e-02
 -5.6708071e-02
  9.5911749e-02
 -2.3512293e-01
  4.2696409e-02
  4.1209701e-02
  9.5927594e-03
 -4.5331172e-03
  6.2790237e-02
 -4.4962637e-02
 -4.2210326e-02
  1.0673554e-01
 -1.8634813e-01
  6.9601154e-03
  3.2589695e-01
  6.8088818e-01
 -4.3588063e-01
  1.4528471e-01
  1.3516250e-01
 -3.5654658e-01
 -8.7061254e-03
  6.1988473e-02
 -1.7463837e-02
  3.9947066e-03
 -6.3850880e-02
 -2.0670885e-01
  7.6169789e-02
 -8.0841497e-02
  3.0819975e-02
  6.8921573e-02
 -8.2921740e-03
 -1.4423724e-02
 -2.2405790e-01
  2.4823840e-01
  8.3680153e-02
  3.3024877e-02
 -8.7884935e-03
  6.4749375e-02
 -5.1297337e-02
  3.4286100e-02
  3.2588519e-02
 -1.5441187e-01
 -6.4318287e-03
  2.0663264e-04
  7.1746573e-02
 -6.8541482e-02
 -3.8846883e-03
  3.8171278e-03
 -1.4758806e-01
  1.6640598e-02
 -1.4549604e-01
 -2.3553492e-01
  9.5460810e-02
 -7.8030758e-02
  2.6669856e-02
  2.1605121e-02
 -2.5310203e-02
  4.9270722e-03
 -2.5874926e-02
  2.4105638e-01
 -8.5953563e-02
 -1.1953969e-01
 -2.8123150e-02
 -4.3269891e-02
 -7.6595388e-02
  4.0403970e-02
  4.5475557e-02
  1.2491084e-02
  1.7205234e-01
 -8.0345440e-01
 -1.9004589e-02
  1.2626514e-01
  2.4704365e-02
  2.0856947e-01
 -1.2102231e-02
 -4.6833709e-02
  2.0666143e-02
  1.1702079e-01
 -1.5260436e-01
 -6.4537469e-03
  1.1108927e-01
  1.2026358e-02
  3.4753222e-02
 -1.3376475e-02
  5.4598986e-03
  1.0146644e-01
 -2.6040910e-02
  3.6880348e-02
  3.2965299e-02
  1.6398697e-01
 -1.1993004e-01
  1.2729231e-01
  5.5662006e-02
  1.1858653e-01
  2.6177844e-01
 -2.3199765e-02
 -2.8415622e-02
  6.0589567e-02
 -2.5617894e-02
  2.6669335e-01
  1.3709551e+00
  1.1554084e-01
 -1.1036606e-01
 -8.5200019e-02
 -4.7284808e-02
 -6.2014945e-02
 -6.5134324e-02
  1.2372172e-02
  7.3592097e-02
  1.0371251e-01
 -1.1358173e-01
 -5.3389352e-02
 -2.8019652e-02
  2.2034299e-01
  3.7146714e-03
 -1.2202879e-01
  1.1379511e-01
  9.5576094e-03
 -3.3351574e-02
  1.2553081e-01
 -2.5464913e-02
  3.3031031e-02
  8.9592122e-02
  7.7923359e-03
  1.2256518e-01
 -1.0028477e-02
 -3.5676543e-02
 -1.0210977e+00
 -2.3785424e-01
  5.1453590e-01
  2.5290465e-02
 -4.0899014e-01
 -7.8678034e-02
 -8.8306172e-03
  2.7138039e-01
 -1.8439396e-01
  3.8424134e-02
  9.3707345e-02
  8.6998805e-02
 -6.9630481e-02
  6.4345695e-02
 -1.1526777e-02
  1.9110663e+00
 -3.9537568e-02
 -7.5679533e-03
  9.1066854e-03
  1.1510659e-01
  1.3156456e-01
 -1.0525066e+00
  1.4678699e-01
  4.1385107e-03
  3.2623938e-01
  1.0934138e-01
 -1.8484790e-02
  8.8995501e-02
  7.6689892e-02
  6.4457059e-02
 -1.2941208e-01
  6.4026020e-02
 -7.7360398e-03
  9.0946436e-02
  6.1049652e-03
  8.3837844e-02
  1.4491302e-01
  2.4424092e-01
  2.4068241e-01
  2.3430955e-02
 -2.8194658e-02
 -1.5967125e-01
 -2.5775380e-02
 -1.3274388e-01
  2.6259029e-01
  1.0911432e-01
 -4.3294344e-02
 -8.1612226e-03
  2.3611994e-02
  6.9424629e-02
  5.2414585e-02
 -7.1332902e-02
 -2.1617901e-02
 -1.6825350e-01
 -3.0908054e-01
 -1.1829337e-03
  5.8434099e-01
  1.6981396e-01
  7.9967782e-02
  1.9179355e+00
  1.0443849e-01
 -2.7500224e-01
  1.8036537e-02
 -1.6273382e-01
  1.0303900e-01
 -5.1548820e-02
  1.8910512e-01
  2.0399807e-02
  7.0063993e-02
  1.0095221e-01
 -2.3194518e-02
  1.0498963e-01
  8.0444291e-02
 -5.2968379e-02
 -1.2082426e-01
 -2.5246939e-01
 -4.5852654e-02
 -2.8432997e-02
  1.8482757e-01
  1.2912603e-01
  9.3288891e-02
  8.8576496e-02
  4.6814438e-02
 -1.2109936e-01
 -2.6348095e-02
  6.7316905e-02
  1.9145709e-02
  2.1750279e-02
  1.0204111e-01
  6.1516052e-01
 -9.2543975e-02
  2.6655747e-03
 -8.7756097e-02
  5.2963737e-03
 -2.3385504e-02
  1.8914275e-01
 -2.3721866e-02
  8.5160993e-02
 -3.7775813e-03
 -1.8641409e-02
 -3.0935049e-02
  6.8589956e-02
 -1.1621004e-02
  1.7729320e-02
  2.5288206e-02
 -2.2971515e-01
 -1.6394638e-02
 -1.0605842e-01
  9.1635786e-02
 -1.0228068e-01
 -7.0722657e-01
 -1.2802543e-02
  4.3221274e-01
  2.1677485e+00
 -2.0193481e+00
  9.6310526e-02
  9.6038020e-01
 -9.8750871e-03
  5.7864368e-01
  1.6407084e-02
  1.7869662e-02
  9.1100001e-01
  1.2635517e+00
 -7.7823400e-01
 -8.2944632e-03
 -3.4477860e-02
 -9.1375746e-02
 -3.2786082e-03
 -7.5990267e-02
 -1.1608321e-01
 -1.2817490e-01
 -2.1589693e-01
 -3.8784109e-02
 -7.7549830e-02
  7.2584778e-02
 -7.2558187e-02
 -1.3136338e+00
  2.4751517e-01
  2.1176973e-02
 -1.3295044e-02
  1.0284781e-02
 -3.2410882e-02
  1.4441340e-01
  1.1162726e+00
  2.2582586e-03
 -8.3828419e-02
  1.8770243e-03
 -6.1018959e-02
  1.3434967e-02
 -3.9974283e-03
  3.8126385e-01
 -1.5855901e-01
 -2.1137087e-01
  1.9663405e-01
 -7.1599759e-02
  1.6626127e-02
  1.1177275e-01
  3.6464548e-01
 -1.8984702e-01
  2.6417549e-03
 -4.5288876e-02
  3.4976333e-01
 -3.5886783e-02
  8.1778765e-02
 -5.8244288e-02
 -1.4305544e-01
  3.9015267e-02
  2.9654220e-02
  9.2063412e-02
 -6.3894130e-02
 -6.3583165e-02
  1.2896010e-01
 -1.6875061e-01
 -2.3279719e-01
 -1.6693393e-02
 -8.5275866e-02
  8.1177063e-02
  6.3645519e-02
  2.2372853e-02
  7.6834839e-03
 -2.0834256e-02
 -6.9889016e-03
 -2.8773947e-03
  2.8026946e-02
 -4.1034266e-02
 -3.1788770e-02
  7.4027018e-03
 -4.0341741e-01
  1.2430353e-02
  2.4093650e-03
 -3.0242838e-02
  2.2062984e-01
 -9.5114239e-02
 -1.7687573e-01
 -6.3888300e-03
  1.4892919e-01
  9.9775670e-03
 -1.9928552e+00
 -3.2155943e-01
 -3.6683630e-02
 -1.3582548e-01
 -7.2530515e-02
  2.3756512e-01
 -2.4847358e-01
  1.1156210e-02
  2.5743177e-02
  3.0064633e-02
  3.4132064e-04
  7.4135023e-01
  2.1213290e-01
  2.1070153e-03
 -2.1001946e-02
  1.7079052e-02
  3.3512130e-02
  2.2178364e-01
  2.7630884e-02
  5.7754472e-02
  2.2383621e-02
  3.2268554e-02
  4.1638822e-03
  1.7156471e-01
  7.9990938e-02
  1.7368293e-01
  2.7757001e-01
  4.7504526e-01
 -4.2580489e-02
  9.9159323e-02
  6.8365169e-01
  4.8870909e-01
 -3.4453824e-01
  3.6035705e-02
  3.8660976e-01
  5.6040935e-02
 -6.6960514e-02
 -1.3077010e+00
  3.4386662e-01
  4.2484332e-02
 -2.3724064e-02
  1.2153769e-01
 -6.2811121e-02
  2.2107773e-01
  1.2109376e+00
 -7.2475958e-01
  1.2509667e+00
  2.5244951e-02
 -5.9235864e-03
  1.0610726e+00
  2.7423436e-02
  1.2778676e-01
  9.4249278e-02
 -3.7331197e-02
 -3.8096145e-02
 -1.7935580e-01
 -1.5893776e-02
 -2.8065616e-01
 -7.3870435e-02
 -4.5756135e-02
  4.5810807e-02
 -1.3136186e-02
  2.7469376e-02
 -1.5216659e-01
  5.1717823e-03
  6.7738645e-02
 -6.1112739e-02
  1.8402766e-01
  5.1447721e-03
 -1.7931968e-02
  7.3456638e-02
  5.1224340e-02
 -2.8562972e-02
 -5.8480501e-02
  2.6932722e-01
 -6.3076280e-02
  1.6161096e-01
  1.9475089e-02
 -1.3020757e-01
  5.1169176e-02
 -7.6206662e-02
 -2.5866177e+00
  8.1662104e-02
 -1.5478206e+00
  2.7648766e+00
 -6.4112443e-01
 -2.8518527e+00
  3.6030015e-01
  1.1920998e+00
 -1.9302495e-01
 -1.1850313e-01
  3.5001165e-01
  2.7415991e-01
 -5.4973502e-02
  3.2844160e-02
  7.7823609e-02
 -1.9298401e-01
 -1.2739221e+00
  1.9387615e-01
  4.5460097e-02
  5.1019713e-02
 -4.9926572e-02
  7.1415536e-02
  1.2895279e-01
 -6.6031235e-01
  1.4239837e-01
  6.4695187e-02
 -2.2166610e-02
 -1.0043582e-01
  2.8608480e-02
  5.1668458e-02
  2.1622935e-02
 -2.7701320e-02
  1.4964801e-01
  5.2626485e-01
 -5.7042334e-02
  2.1824116e-01
 -4.6847382e-01
 -4.8163969e-02
  2.6649106e-02
 -9.4156846e-02
  1.1312578e-01
  4.7564287e-02
  3.2837313e-02
  1.6292840e-01
  8.4299177e-02
  1.1865034e+00
 -9.9083506e-02
  1.9157603e-01
  1.5393865e-02
 -9.5081232e-02
 -4.8124693e-02
 -2.1958964e-02
 -1.6764785e-01
  3.5140697e-02
 -1.3789667e-01
  4.0811491e-03
 -6.2366843e-01
 -9.6291937e-02
 -2.5429308e-01
  3.7826642e-02
  2.2562835e-02
 -1.0542072e-01
 -8.9525974e-01
 -3.7042066e-01
 -1.6532169e-01
  3.5870194e-02
  6.2218316e-02
 -6.0325578e-02
  8.5939065e-02
 -6.7009337e-02
  2.2696957e-02
 -1.7662677e-01
  1.2758853e-01
  5.6614254e-02
  1.8827761e-02
  2.9350071e+00
 -1.1185599e-02
 -2.3653682e-03
  5.9112404e-02
  9.6982718e-03
  6.8833247e-02
 -4.1926567e-02
 -3.3626549e-02
  5.1800717e-02
 -1.6660331e-02
 -1.2872978e-01
  7.7410442e-01
  4.7092205e-03
  2.0254627e-01
 -1.8693130e-01
  8.8944979e-02
 -4.4147614e-02
  6.3132998e-03
 -7.4955262e-02
  2.0456277e-02
 -5.7636704e-02
  1.0121407e-01
  9.9921525e-02
 -1.5074492e-01
 -1.0687775e-02
  5.9663737e-03
 -7.1261190e-02
  7.4953276e-01
  3.2435462e-02
  2.5057804e-02
 -1.3657692e-01
 -3.8280744e-02
  5.8838122e-02
 -7.3659517e-02
  2.3086783e-02
  1.2121917e-01
  1.0685122e-01
 -9.5150717e-02
 -8.4792310e-03
 -3.4552014e-01
  9.8423276e-04
  6.1522868e-02
  5.1354222e-02
  6.4744771e-02
  1.0405331e+00
  8.8990383e-02
 -1.2140161e-01
  3.6488272e-02
 -1.1709078e-01
 -6.8671599e-02
 -1.0204904e-01
 -1.0147066e+00
 -5.7926536e-02
  7.7867834e-03
 -5.6149107e-03
  4.0004048e-02
 -4.8828113e-01
 -9.4689406e-02
 -8.7221615e-02
 -8.3078340e-02
  2.2075458e-01
 -3.5166013e-04
 -1.5977837e-02
  1.2941261e-01
  2.7184703e-03
 -7.4498281e-02
  1.5339766e-01
 -1.7065529e-02
 -2.6328582e-02
 -7.7927820e-02
  3.6340572e-02
  4.2551737e-02
  2.0930964e-02
 -3.4936178e-02
  1.7709893e-01
  1.5798002e-02
  1.2748624e-01
 -1.1578006e-01
 -2.7797222e-02
 -1.6983840e-01
  8.9984053e-01
 -1.6499895e+00
 -1.5453566e-02
  3.1822648e-02
 -1.5531680e-01
 -1.1691573e-01
 -1.2715508e-01
 -1.0985117e-01
 -1.7382613e-01
 -2.7284816e-02
 -9.3057685e-02
  1.1124419e+00
 -4.1289691e-02
 -8.4809750e-02
 -4.8457611e-02
 -4.1088033e-02
 -9.1035920e-01
  6.4037375e-02
 -8.9245036e-02
 -2.7773004e-02
  1.4261803e-01
  5.6070668e-01
 -5.3088587e-02
  5.6038618e-02
  3.1972662e-02
  4.7762979e-02
  2.0953298e-01
 -4.1373488e-02
 -1.1978059e-01
 -9.7121930e-01
  7.2883151e-02
 -6.7210950e-02
  3.7697617e-02
 -1.4660704e-01
 -2.9804951e-01
  3.4769899e-03
  7.8573242e-02
 -6.4661317e-02
  8.2558036e-02
  4.4608653e-02
  1.0906918e-01
 -4.1342493e-02
  6.9070503e-02
  2.6368767e-01
 -1.1427457e-01
  1.2769932e-01
  9.2182413e-02
 -2.4609657e-01
 -8.2373166e-01
  1.0035209e-02
 -9.6364386e-02
  1.2850467e+00
  1.3138951e-01
 -6.3438989e-02
 -1.0867826e-01
 -2.5075190e-02
  9.0978123e-02
 -5.2185066e-02
 -5.6607602e-03
  8.3586797e-02
 -2.8008880e-02
  2.0579222e-01
 -3.7063900e-02
  5.6865783e-03
  7.5165585e-02
  5.2861083e-02
 -1.8514691e-02
  1.0533347e-01
  9.0901238e-01
 -1.4410055e+00
 -3.6055544e-01
  1.3502288e+00
  1.0292832e+00
 -8.7648833e-01
  1.4828596e+00
 -9.1066056e-01
 -7.3938207e-03
  1.2061206e+00
  1.3780996e-01
 -1.8319501e-01
  2.6747445e-02
  7.3944211e-01
  6.3810343e-01
 -2.8756550e-01
 -5.5742693e-01
  4.0870190e-02
  3.3971924e-02
 -6.3790452e-01
 -1.0453589e-01
 -5.2684915e-01
  7.4631833e-02
 -4.0377334e-02
 -9.8102316e-02
  3.3424333e-02
 -8.2341343e-01
 -7.3773235e-01
  1.1667234e-01
 -2.5144550e-01
 -1.9288614e-01
  2.2272395e-01
  5.1638570e-02
  2.5793362e-01
  5.1789187e-02
  1.9487112e+00
  1.9925872e-03
  4.2613823e-02
  1.4765376e-01
  4.5719758e-02
  3.2470200e-02
  9.7391270e-02
  5.1622349e-01
 -2.4881822e-03
 -4.8577943e-01
  1.7063558e-01
  2.1426554e-01
 -4.5906901e-02
 -6.6377029e-02
 -6.0162365e-01
 -5.5594712e-02
 -7.3232025e-02
  4.6428662e-02
 -8.1985099e-03
 -1.9156000e-02
 -1.0559802e-01
  7.8807890e-01
  1.2389475e+00
 -1.4278703e-02
 -1.6980903e-01
 -2.4810672e-01
  7.8613800e-01
 -4.5295051e-01
 -1.8856330e-01
 -3.6498319e-04
 -8.4163450e-02
 -9.6527256e-02
 -1.9546144e-02
 -1.0340619e-01
 -3.1488236e-02
 -5.4481896e-03
 -6.5477736e-02
  1.3393343e-02
  2.2331385e-02
  2.7283704e-02
  3.6442121e-03
 -5.4269254e-01
  2.4519235e-02
 -6.3821580e-03
 -1.1669218e-01
 -7.5065248e-02
 -1.9589602e-03
 -2.2607057e-01
 -7.3052806e-01
  4.9188364e-02
  5.4529700e-02
  1.8177873e-01
  2.3133339e-01
 -1.0665489e-01
  1.1244325e-01
  1.6877264e-01
 -1.1248896e-01
 -9.1914367e-03
  3.2855723e-02
 -1.8026987e-01
 -6.1996263e-02
 -3.4329981e-02
  2.1796668e-01
 -4.4227743e-01
  1.0093381e-01
 -1.0370584e-01
 -8.0466559e-03
  2.5599116e-01
 -9.1635689e-02
 -2.9716158e-01
 -3.4276581e-01
 -1.1179760e-02
  8.7419368e-02
  1.5165954e-02
 -1.6843073e-02
 -1.0380547e-01
 -3.3482280e-01
  2.7735354e-02
  6.3984525e-01
 -8.1900813e-02
 -3.0324179e-01
  4.1364795e-01
  9.3687129e-01
 -1.9648441e+00
 -8.9956623e-01
  5.7963900e-02
 -4.7510691e-02
  4.6055079e-01
  4.3826614e-02
  7.8008449e-01
  2.2867130e-01
 -4.3636367e-02
  2.9583957e-02
  2.8513646e-01
 -2.4464268e-02
 -1.3641148e-02
  1.2954371e+00
  2.9880297e-01
  9.3727648e-01
  3.3272114e-03
  1.5831056e-01
 -9.5780708e-02
  8.8361189e-02
 -4.5561421e-01
  8.6911656e-02
  6.4680241e-02
  1.3734634e-01
 -8.5863993e-02
  2.0204993e-01
 -4.7711175e-02
 -3.7150601e-01
 -1.2951221e-02
 -9.6179299e-02
 -7.4334241e-02
 -1.6478764e-01
 -6.7188807e-02
 -1.8632084e-02
 -1.7733882e-01
 -4.9782547e-01
  3.0488374e-02
 -7.6132447e-02
  1.9600694e-03
  1.7815374e-02
 -7.3540531e-02
  3.4656812e-02
 -1.7970936e-02
  2.2533891e-01
 -1.7558907e-01
 -1.3284838e-01
 -1.3653689e-02
 -1.9675204e-01
  1.6972281e-02
 -2.5534278e-01
 -5.9028067e-02
  7.6204576e-02
 -2.1067122e-01
  6.1129563e-02
  1.0753045e+00
 -1.1426384e+00
 -1.8086372e-01
  5.6739235e-01
  5.2773204e-02
 -2.0010771e-01
  1.0919668e-01
  6.6267937e-02
 -3.9897330e-02
  5.8659956e-02
  5.9177041e-02
  3.4799033e-01
  1.6256496e-02
 -1.3028772e-01
 -1.0988794e-02
 -1.4870813e-02
 -5.9005588e-02
  1.8958205e-01
  2.0906927e-01
  9.0296395e-02
 -1.8283314e-01
  4.7004609e-03
  1.4704779e-02
  1.3284218e-03
  4.9341029e-01
 -1.7957196e-01
  1.3054618e-01
  3.3835392e-02
 -7.6283127e-02
 -7.5726323e-02
 -6.6503838e-02
 -1.0073703e-02
 -3.0514800e-03
 -2.9635674e-01
 -6.8573274e-02
  1.6622521e-02
 -6.5246761e-02
 -5.5572242e-02
  2.0054196e-01
 -1.0392403e-01
  7.1824595e-02
  2.1544477e-02
  3.8496047e-02
  2.2458375e-02
  1.1515648e-01
 -2.0129547e-02
 -2.4613706e-02
  4.0445171e-02
 -5.0866146e-02
  1.6766234e-01
 -1.0964214e-01
 -1.1907431e-01
 -1.8251343e-02
  1.9966310e-01
 -2.7888541e+00
 -5.4426134e-02
 -3.2633322e-01
 -3.9469907e-03
  4.2795595e-02
 -3.0018035e-01
 -1.4091554e-02
 -5.6199608e-03
  7.8293040e-02
 -1.9180861e+00
 -1.8292096e-01
 -1.6521325e+00
 -1.8164678e-01
 -6.2882893e-02
  3.8450848e-02
 -2.2148609e-02
 -9.1341726e-02
 -2.8797095e+00
  6.8617769e-02
  8.7551439e-01
 -8.6481057e-02
 -5.9742445e-01
 -9.0908609e-02
  8.3234549e-01
  1.0901728e+00
  1.1330982e+00
  1.2662071e-01
 -1.2790924e-02
 -9.2240447e-01
  5.5662543e-02
  3.9052527e-02
  7.2874475e-01
  3.2335740e-01
  7.8428559e-02
  1.5259362e-03
  3.1180543e-01
  2.9420719e+00
  7.7520266e-02
 -3.7168309e-02
 -1.2717916e+00
 -5.5015489e-02
 -5.7239365e-03
 -4.4968677e-01
 -3.1753856e-01
  2.3281112e+00
 -3.3591086e-01
 -4.7221474e-02
 -1.8022251e-01
 -3.3953711e-01
  1.1484922e+00
  1.3986657e+00
  8.9204687e-01
 -1.2490989e+00
  2.7179033e-02
 -1.3084266e-02
 -5.0605196e-01
 -2.0548667e-01
 -2.2171917e+00
 -1.2184430e+00
  6.2745035e-01
  3.4378890e-02
  4.1040993e-01
  2.3878198e-02
  1.8015212e-01
 -2.9260032e-03
  1.6530520e-01
  1.7948791e-02
  1.1071746e-01
  3.1607620e-02
 -1.6246437e-01
  8.5434270e-01
 -6.1215168e-01
 -4.6585794e-03
 -8.0269694e-02
 -4.6887480e-02
 -6.0316539e-01
 -4.6881858e-01
 -7.2339922e-01
  2.9617943e-02
 -1.3148689e+00
 -2.0870399e-01
 -2.0188303e-01
  1.8135220e-01
 -7.9129927e-02
 -2.5652447e-01
  1.0525394e-01
  5.0430387e-02
  1.0964421e-01
  1.7977466e-01
 -9.5692962e-02
 -1.2342696e-01
  4.7672740e-01
 -9.5076509e-02
 -2.2879444e-02
 -4.6300199e-03
  2.6279899e-01
  3.5047290e-01
 -8.4980940e-03
  7.6461387e-01
 -6.7916095e-02
 -3.0111825e-01
 -2.5140256e-02
  4.8653501e-01
  3.9481819e-01
 -8.9558221e-02
 -8.0371492e-02
 -4.8086002e-01
  2.7449312e-02
 -2.5048363e-01
  1.0554486e-01
  1.3314719e-01
  7.4231379e-02
  4.7643084e-02
  2.0201579e-02
  6.4414054e-02
 -4.3077099e-01
 -2.3868336e-01
  3.7535703e-01
 -1.9523527e-01
 -8.1268921e+00
 -9.2396200e-01
 -1.1733979e+00
 -7.8733277e-01
  1.6335772e-01
 -3.5321793e-01
  1.7679631e+00
  6.2683219e-01
 -2.5832887e+00
 -2.2078276e+00
 -4.4181015e-02
 -5.5465814e-02
  2.5227733e+00
  7.6586336e-02
 -3.2045070e-02
  1.0047166e+00
 -9.9332947e-01
  1.9800193e+00
 -2.0440493e+00
  3.2729778e-01
 -1.0842336e+00
 -2.4749842e-02
  8.9941442e-01
 -1.7967616e+00
  2.4710188e+00
 -1.0707402e+00
  4.8198807e-01
  8.8561898e-01
 -5.3134924e-01
 -2.2501740e-01
  4.0562537e-01
  5.4833186e-01
  1.6302447e+00
  2.0490637e-01
  9.7234291e-01
 -5.7942361e-01
  8.8099420e-01
  4.9418330e-02
  1.3440917e+00
 -7.4729502e-01
  3.5967410e-02
  7.5365591e-01
 -3.7494025e-01
 -2.8189691e-02
 -2.8341460e+00
  2.6182034e+00
  2.2151109e-02
  8.3594793e-01
  7.5516403e-01
  8.7025589e-01
  5.5718273e-01
  1.6433623e+00
  2.2054595e-01
  8.1047934e-01
  1.2502989e+00
 -4.5045409e-01
 -2.0032007e-01
  2.5351148e+00
  5.8826214e-01
  5.9209049e-01
  5.4995865e-01
 -5.0749025e+00
 -1.3669810e+00
  6.5967351e-01
 -3.8464600e-01
 -3.1625488e-01
 -2.2438109e+00
  1.3622841e-02
  1.7101716e+00
  1.4420557e+00
 -2.4218767e+00
  1.1636321e-01
 -1.0477467e+00
 -5.0556743e-01
 -3.8152757e-01
 -3.4031894e+00
  7.2718807e-02
  7.1810192e-01
  6.4197886e-01
 -1.7750142e+00
 -1.8528304e+00
 -1.6800685e-01
 -1.7114468e+00
 -2.1217397e-01
  1.7321077e-01
 -2.8038111e-01
  1.6198537e+00
  2.5559106e+00
 -1.5745085e+00
 -2.4440236e+00
 -7.6917821e-01
  2.8175378e-02
 -2.9122178e-02
 -7.7350147e-02
  1.5869893e-01
 -1.1613990e-01
 -5.9878135e-01
 -3.6854836e-01
  5.9798253e-01
 -3.6706902e-02
  8.9290953e-01
 -5.7492900e-01
 -8.3371478e-01
 -1.8485864e-01
 -8.4295863e-01
  8.5661304e-01
 -2.0572360e+00
 -2.1898708e-01
 -1.8528906e-01
  6.8019432e-01
  1.9747951e+00
 -1.5041642e+00
 -2.9925993e-01
 -1.0638314e+00
  2.0234939e-01
  1.9012938e+00
  3.4633048e+00
  8.1000108e-01
 -4.9273476e-01
 -9.7875848e-02
  1.7681319e+00
  2.7023706e-01
  1.4676008e-01
  1.8287812e-01
 -1.0200388e+00
  7.2506197e-02
 -1.8805013e+00
  2.2176867e-03
 -5.9705883e-01
 -1.4018825e+00
 -7.3371369e-01
 -8.2237709e-01
 -1.9398359e+00
 -4.1220058e-02
  1.0838164e+00
  1.6176227e+00
  4.8942816e-01
  1.8058340e-01
 -4.5645294e+00
 -4.0675306e-01
 -9.8911636e-02
  1.0081130e+00
 -2.8911910e-03
 -1.1981413e+00
  1.9024340e+00
 -9.1573274e-01
 -7.3294729e-01
  1.6311756e+00
  2.4461710e-01
 -5.6007510e-01
  1.5127548e+00
 -1.1638745e-01
 -5.7337904e-01
 -5.5354142e-01
 -4.9496731e-01
  1.6247444e-01
  3.5930189e-01
 -2.4537574e-01
 -5.6682545e-01
  5.7464635e-01
  3.5759333e-01
 -1.2595646e-01
 -2.5267422e-01
  9.5013940e-01
 -3.9682307e+00
  5.5129796e-01
 -3.9672410e-01
  8.1656528e-01
  2.0419984e+00
  1.1578355e+00
  3.7287445e+00
  2.0895145e+00
  3.7027340e-02
  8.9569852e-02
  2.0844394e-01
 -8.4598452e-02
  4.8423269e-01
 -6.7677641e-01
 -1.8644050e+00
 -3.6950377e-01
 -1.4143211e-01
 -2.9244542e+00
 -9.5418990e-02
 -2.8150830e+00
 -2.8589240e-01
 -1.5213906e+00
  1.3877933e+00
  1.6451099e+00
 -3.7146798e-01
  1.5809565e+00
 -3.1648198e-01
  1.4494579e+00
 -3.1347597e-01
  3.8919872e-01
 -1.8512959e+00
  2.7147761e-01
  2.8625872e+00
  2.2133276e-02
  1.0020339e+00
 -2.7346551e-01
  2.2658767e-02
  5.9268731e-01
 -1.7923446e-02
 -1.0915540e+00
 -5.1701528e-01
  1.2317638e+00
  1.1498268e+00
  1.0759548e+00
  2.7821803e+00
  1.9979242e+00
 -4.1645086e-01
 -3.7760234e-01
  1.6096069e+00
  1.6315717e-01
  1.8136969e+00
  1.7509594e+00
  8.6040102e-02
 -2.0446083e-01
  1.2567875e+00
 -6.9439046e-02
 -1.2269957e+00
 -2.6079777e-01
  2.4259558e+00
  5.4666109e-02
  1.4282874e+00
 -3.7676147e-01
 -3.6236131e+00
 -6.0463762e-01
  1.4093310e+00
  7.9579102e-03
 -6.6964215e-01
 -1.0369856e-01
 -7.5661361e-01
 -2.4154689e+00
  1.6470478e+00
 -2.4044576e+00
 -7.2210193e-01
  1.2993356e+00
 -4.2837554e-01
 -1.3750123e+00
  1.8163134e+00
  1.0121959e-01
  8.1971818e-01
  1.3453223e+00
  4.5290139e-01
  4.2390078e-03
  2.4943812e+00
  1.3156682e-01
  3.3390337e-01
 -1.6420953e-01
  2.7839811e+00
 -1.5773296e+00
  4.8728296e-01
  4.6639208e-02
  3.6278956e-02
  3.0997398e-01
 -3.4611914e-02
  3.1399518e-02
 -8.9113027e-01
 -1.8804873e+00
  2.4721680e-02
 -7.6152766e-01
 -5.5615764e-02
  2.3786167e-02
 -8.0707595e-02
  1.0268757e+00
 -1.3922511e+00
  6.8098730e-01
  5.9080130e-01
 -2.5692612e-01
 -2.2658985e+00
  8.6939998e-02
 -8.6392321e-02
  1.8138248e+00
 -3.8607292e-02
 -8.6597264e-02
  6.8120547e-02
 -2.2486596e+00
  5.9767252e-01
 -1.4435656e+00
  5.9515867e-02
  5.8210697e-03
  1.3515275e+00
  5.1309891e-02
 -3.6758523e-02
  1.3267332e+00
 -1.7279652e+00
  2.2320976e+00
 -6.8175830e-02
  6.8081513e-02
 -8.2670248e-01
  2.9873547e-01
  8.3265960e-01
  2.8567030e+00
 -2.7729852e+00
 -1.0294516e+00
  2.1039603e+00
 -2.3311951e+00
 -2.0174390e-01
  2.1310035e-02
  2.1318613e-01
 -9.4128512e-02
  1.1603451e+00
  1.3921714e-01
  3.1766841e-01
 -4.1656557e-01
 -3.3358452e-01
 -1.2620845e-01
  5.7862479e-02
 -5.9917439e-02
  1.5189415e+00
  7.4839669e-01
 -7.2964293e-01
 -4.6240374e-01
 -2.5377387e-01
  1.6077605e+00
  1.7493028e-02
  4.2048516e-04
 -1.8817021e-01
  6.4126575e-01
 -4.2186961e-01
 -4.8153508e-01
 -3.2076085e+00
 -4.0334015e+00
  9.5707673e-01
  1.4134812e-03
  4.5908466e-02
 -2.6391854e+00
  1.6374727e-01
  1.9120684e+00
  1.3508141e+00
 -1.0502512e+00
 -1.9425128e+00
 -9.0329623e-01
 -1.3618676e-02
 -3.3626703e-03
 -4.4721223e-02
 -1.1571069e-02
  8.0794655e-02
  5.0959355e-01
 -3.5482135e-02
 -3.2505794e+00
  1.0929591e-01
  9.9287516e-01
 -2.1438687e-01
 -6.1100304e-01
  2.3178256e+00
  5.1686859e-01
  1.4058523e+00
  3.0400956e+00
  1.0418972e+00
  3.9065876e+00
 -6.4796019e-01
 -9.1261715e-02
 -5.7559001e-01
  9.1780059e-02
  4.9426237e-01
 -2.2143973e-02
 -1.0347482e+00
 -4.2072704e-01
  8.5041827e-01
  2.8430063e-01
  3.9619338e-03
 -2.3157662e-01
  2.0351027e-01
  1.5334005e+00
  1.0409729e+00
 -5.1037544e-01
 -3.8086781e-01
  2.3345338e-04
 -1.0666100e+00
  1.2864622e+00
 -2.4983504e+00
  2.9078277e-02
  3.1551966e-01
  1.1046964e+00
  1.0012867e+00
  1.5995452e+00
  1.4229401e+00
 -4.9694476e-01
 -2.4605033e-01
 -9.5035183e-01
  5.0103736e-01
  3.6031350e-01
 -9.9142802e-01
 -1.2183142e+00
 -2.9752998e-02
 -1.2470161e+00
  3.4529310e-01
 -2.4664234e-02
 -6.5807370e-03
  4.0678868e-01
 -9.7350037e-01
  9.7946775e-01
 -2.4568036e+00
 -1.5509974e+00
  4.3385920e-01
 -1.2196380e+00
  2.2210483e-02
 -2.7603004e+00
  4.6025854e-02
 -1.2125779e+00
  1.3929262e+00
 -7.2472346e-01
  2.5857005e-01
 -2.7872954e-02
 -1.4770186e+00
 -1.7159109e-01
 -5.4143882e-01
 -6.6298795e-01
 -8.5976130e-01
  8.4390312e-01
  1.9073358e+00
  8.7967753e-01
 -1.7865862e+00
 -1.7835930e-02
  3.4314778e-02
 -1.0493537e+00
  2.6143888e-02
  1.3694559e-01
 -2.9190519e-01
 -1.5239167e+00
 -9.6133626e-01
  1.2855455e+00
  2.2904001e-02
 -3.7381729e-01
  1.0434493e+00
  6.7957872e-01
 -1.4453141e-01
  5.7706344e-01
  2.0324420e-02
 -2.0408957e+00
 -5.1461059e-01
 -2.6046655e+00
 -4.2003381e-01
 -2.0604696e+00
 -7.1415460e-01
 -1.4417806e-02
 -9.4043696e-01
 -1.1029294e+00
 -1.6234255e+00
 -9.6344042e-01
  8.9638092e-02
 -1.0154382e-01
  4.6678537e-01
  4.4238442e-03
  2.2912335e-01
 -9.0215135e-01
  3.4759900e-01
  1.8788782e-01
 -3.8026216e+00
  1.2206075e+00
 -7.6014519e-01
 -4.8946831e-01
 -1.1711525e+00
 -9.8229408e-01
 -1.7685361e-01
  3.1010085e-01
  4.5028629e+00
  8.0796242e-01
 -1.9877185e-01
 -3.6570591e-01
 -8.2056433e-01
  4.2881574e-02
 -1.0317578e-02
  1.4354572e-01
 -8.5755879e-01
  2.3925982e-01
  3.6469717e-02
 -1.1581159e+00
 -9.7165930e-01
 -2.7223260e+00
  3.3031499e-01
  7.7461880e-01
 -6.6798073e-01
 -2.0611586e-01
  1.1536959e+00
 -2.3456297e+00
  2.6945341e-01
 -1.4662184e-01
 -7.1484965e-01
  1.7100884e+00
  1.0619304e-01
 -1.5198190e+00
 -2.7989936e-01
 -1.0255911e+00
 -2.0064682e-02
 -7.5818735e-01
 -1.3119246e-01
  8.5374701e-01
  2.5204177e+00
  3.6452842e-01
 -1.3776972e+00
 -1.3392964e-01
 -2.1726513e+00
  1.6043954e+00
  1.4359345e-01
  9.7365431e-02
 -1.6116867e+00
  1.3511407e-01
 -7.1889418e-01
 -1.0423443e+00
 -6.5072484e-02
 -4.5686653e-01
  7.2128272e-01
  1.0185000e-01
 -5.3360158e-01
  1.1194288e+00
  1.7140632e-02
  8.6197078e-01
  1.8300366e+00
  2.9320905e-02
 -1.4418695e+00
  1.0623374e+00
  1.3043654e+00
  3.9745525e-02
 -2.7349699e-01
  7.0565276e-02
  5.1094320e-02
  1.6601010e-01
  2.4185669e+00
  3.1405203e+00
  1.2333790e+00
  2.3302510e-01
  8.4737599e-02
 -7.2635823e-01
 -5.2376997e-01
 -1.3474604e-01
 -5.7803589e-01
 -9.3352027e-02
  2.0326197e+00
  1.1005313e-01
  1.2336009e-01
  2.1881912e+00
 -5.3763852e+00
 -1.8182672e+00
 -8.9989257e-01
 -2.6115210e+00
 -1.5482515e-01
 -1.2864710e-01
  7.0596331e-01
  1.1700989e-01
 -9.2827119e-03
 -1.9730271e+00
 -6.8261921e-02
  1.1931954e-02
 -9.2756933e-01
 -2.3158034e-02
  5.0250918e-01
  2.7173326e+00
  1.1998886e+00
  4.7106083e-02
 -1.7939659e+00
 -6.6168523e-01
 -4.2642885e-01
  1.5901784e+00
 -1.3685834e+00
 -1.8506906e+00
  2.6397278e+00
 -1.4188515e-01
 -2.0312288e-01
 -4.1254568e-01
  7.4820644e-01
  1.1454955e+00
  1.5813092e+00
 -8.1782830e-01
  1.2611686e-01
 -1.2650192e+00
  3.0115483e-02
  1.3597010e-01
 -5.4878247e-01
  1.0416106e-01
  4.0995914e-02
 -2.4218356e-02
  5.1334536e-01
 -3.5610929e-01
 -5.9252310e-01
 -9.3244612e-03
  3.9416112e-02
  5.8162528e-01
 -1.7027484e-02
 -8.4782861e-02
  1.7553225e-01
 -1.0339043e-01
 -3.3523640e-01
 -8.5737735e-02
  1.3157451e-03
 -3.1944802e-03
  3.1638770e+00
 -2.5406891e-01
  2.2060301e-03
 -2.6858884e-01
 -8.3638006e-01
 -5.4708600e-01
 -1.9364370e+00
  3.8729985e-03
 -7.8820452e-02
  3.3789292e-01
 -1.4495310e-02
 -2.9747951e-01
  4.4393367e-01
 -2.6745155e-01
 -1.3095418e+00
  7.2729876e-03
 -4.7360588e-02
 -2.0952916e-01
  7.1242243e-01
  6.6971943e-02
 -9.3823485e-02
 -2.9566306e-01
  1.9254165e-02
  1.0280628e+00
 -1.9666885e+00
 -1.6687274e-02
 -8.0231525e-02
  2.3293142e-01
  2.3645781e-02
  8.5045107e-02
 -1.7380239e+00
 -1.3599225e+00
  1.3973802e+00
 -1.0946479e+00
  2.4500360e-01
  3.9885275e-02
  4.2016845e-02
 -1.3518374e-02
  6.9504404e-03
  7.7268809e-01
  7.3312783e-01
  7.5078648e-01
 -1.2094144e+00
 -1.3532079e-02
  1.1339559e-02
  1.7660026e-01
  1.3058381e-01
 -5.8372222e-02
 -1.0099413e+00
 -3.7646484e-01
 -1.1152267e+00
 -1.1022517e-01
 -3.7908901e-02
  2.4596777e-02
  5.2047598e-01
  4.1300301e-02
  1.3949917e-01
  3.5246453e+00
 -1.8631777e-01
 -1.1355541e+00
  1.8091507e-01
  2.2602491e-01
  2.1205649e-01
 -4.1229826e-01
 -4.0068829e-01
 -6.6230178e-01
 -1.0268620e-01
  7.7124846e-01
 -1.8792370e-01
 -2.0461835e-01
  3.0989265e-01
 -2.4166420e-01
 -2.1272230e-01
  2.0584600e-02
  5.8360618e-02
 -8.1683630e-01
 -1.9832633e-03
 -1.7244732e-01
 -1.3153192e-02
  3.7827954e-01
 -1.7016940e-02
 -7.4844348e-01
 -4.5879915e-02
  7.6538883e-03
  2.1044190e+00
 -1.8230693e+00
 -5.4406947e-01
 -1.1585803e-01
 -1.2417675e-01
 -3.5575166e-02
 -2.0552619e+00
 -6.2892050e-02
  6.7426562e-02
 -2.1458571e-01
  7.1007416e-02
  2.9978099e-01
  7.0575006e-02
  3.2706183e-01
  3.2717682e-02
 -9.8712224e-01
 -1.4894010e-01
  8.0676243e-02
 -8.4535104e-01
 -4.9863178e-01
 -2.1137934e+00
 -2.3639193e-01
 -4.4780385e-02
  2.4989597e-01
 -9.8634052e-01
 -3.0556919e-02
  1.2276812e-01
  7.9787815e-01
 -2.5453873e+00
 -1.0142165e+00
 -6.4549834e-01
  1.1890444e-01
  3.6318618e-01
 -2.3921725e-01
 -1.3918865e-01
  2.1112046e-01
  1.8160041e-01
 -1.9295831e+00
 -3.9024076e-01
  8.4799360e-03
  4.1483220e-02
  8.0292985e-02
  1.7571642e-01
 -8.2635902e-02
  1.7554689e-02
  1.2814772e+00
 -2.0384052e-01
 -5.1209950e-01
 -1.5374686e+00
  4.9759734e-02
  1.5809821e-01
 -1.2527427e-01
  8.6688966e-02
  2.4549464e-02
 -1.4935828e+00
  5.1871663e-01
 -8.1414652e-01
  7.8657699e-01
  3.9477851e-02
 -5.7516720e-02
  2.1135755e-01
  8.2711037e-03
 -8.3428353e-01
  1.9018759e+00
 -1.4428275e+00
 -2.3239361e-01
  4.8750958e+00
 -9.6620377e-03
  1.9678460e-02
  3.5321486e-01
  1.0756916e-01
 -2.3473846e-02
 -4.0135294e-01
  1.8523857e-02
 -8.3143437e-01
  2.2386994e+00
 -3.6149904e-02
  1.4975197e-03
 -1.1183797e+00
 -1.5960871e-01
 -6.7949522e-01
  8.1444216e-01
  1.6419935e+00
  1.1841367e+00
 -3.9634797e-01
  1.4984130e+00
 -4.4527091e-02
  2.0749128e-01
 -1.7540057e-01
 -6.0168963e-02
 -1.5842640e+00
 -8.3698028e-01
  8.4635884e-01
 -1.4725451e+00
  4.2157348e-02
 -6.8060063e-02
  5.6251340e-02
  2.8698277e-02
 -1.0255030e-01
  5.7468023e+00
  2.2678196e+00
  1.0320866e+00
  6.7793179e-01
 -4.4716867e-03
  6.1100330e-02
 -3.0181777e-01
  1.0133095e-01
 -1.6669413e-01
  1.2297443e+00
  1.9696561e+00
 -4.7852877e-01
 -3.2515141e-01
 -2.0353632e-01
 -6.6006660e-02
  5.6546015e-01
 -1.3958724e-01
 -2.4707067e-01
 -9.5196033e-01
  2.1505211e-01
 -4.2991862e-01
  1.2966318e+00
 -4.1329633e-02
  9.5903771e-03
 -1.4740131e+00
 -2.5744802e-01
 -3.1357387e-01
 -2.0511243e+00
 -8.8576376e-01
  3.0948359e-01
 -2.3181298e+00
 -7.8807861e-02
  4.9814701e-01
  1.0571954e+00
 -1.3019221e-01
 -1.7200877e-01
 -2.8734306e-01
 -7.8832853e-01
 -7.7756196e-01
 -2.4023216e-02
  1.1665990e-01
 -1.0156322e-02
 -1.2828232e+00
 -2.8631821e-02
  1.6718593e-01
  6.8881977e-01
  5.7562250e-01
  8.6861467e-01
 -8.5853821e-01
  3.6840487e-02
 -4.2728700e-02
 -6.8284515e-03
  7.3037729e-02
  1.4283799e-01
 -8.3783388e-01
 -9.5158413e-02
  6.3231684e-02
 -7.7264242e-02
  1.2073319e-03
 -1.5298198e-01
 -3.7378263e-02
  2.0392844e-01
  4.0829989e-01
 -2.1189802e+00
  1.0211755e+00
  9.4904399e-01
  7.5074846e-01
  4.2875662e-02
 -2.9478034e-02
  2.2918351e+00
  3.3955373e-02
 -2.0739864e-01
 -1.6639167e+00
  4.5542815e-01
 -1.0643829e+00
 -3.4882975e-01
  1.5953831e-01
  3.6504768e-02
 -2.8107193e-01
 -1.4796257e-01
  5.0878968e-02
 -4.1270545e-01
  8.5066128e-01
 -3.3105001e-02
  3.2619020e-01
  5.2028023e-02
 -5.9427744e-01
 -1.7245978e-02
 -1.1264671e-01
 -4.1572680e-03
 -4.5743856e-01
 -9.1863596e-01
  3.6701414e-01
  5.7629329e-01
  6.6082008e-02
  4.4655252e-02
  3.8782585e-01
 -2.7966523e-01
  1.2338337e-01
 -2.5001471e+00
 -6.1358356e-01
 -9.5795974e-02
  3.1343555e-01
 -1.0129593e-01
  1.7442648e-01
  6.4005369e-01
  3.6698293e-02
  8.0620810e-02
  6.4947504e-01
 -5.7688284e-01
 -7.2528368e-01
  1.7107933e+00
 -3.9540056e-02
 -1.2218916e-01
 -2.1971107e-01
 -1.3403817e-01
 -4.6250839e-02
  6.0466242e-01
  2.6986623e-01
  7.3158294e-02
  1.8623127e+00
 -1.3760295e-02
 -1.0305828e-01
  1.2903522e+00
 -2.8839003e-02
  2.5008327e-01
  1.0326939e+00
  9.2437977e-01
 -5.5640310e-01
 -1.3747616e+00
 -6.6570081e-03
 -1.4798484e-02
  4.8253022e-02
  1.0469460e-01
 -8.6669333e-02
  4.1541433e-01
  6.4640009e-01
  2.8081613e+00
  6.2584202e-03
 -1.7864197e-03
  1.1441763e-01
  7.2487539e-01
 -6.3870825e-02
  8.1129782e-02
  5.2439564e-01
 -1.4079273e-01
 -8.5257280e-01
  5.9129238e-01
 -8.5014161e-03
 -2.0852773e-01
  2.6028401e-01
 -3.0047469e-02
  4.0964972e-02
  1.2710729e+00
 -8.7178193e-02
 -1.0474118e+00
 -8.1470078e-01
  2.2460621e-02
  5.3046484e-02
  1.0243264e+00
  1.3317037e-01
 -3.1146828e-02
 -4.1730517e-01
 -1.2219307e+00
  8.7725294e-01
 -1.6286060e+00
 -5.0529331e-04
 -1.6999812e-01
  1.0692860e+00
  1.2088215e-01
  5.6098644e-02
  7.8395021e-01
 -1.4942753e+00
 -3.3459669e-01
 -6.0078394e-01
  1.0901286e-01
 -7.5636514e-02
  1.7325050e+00
 -3.1449385e-02
  2.0272560e-01
 -1.2294414e-01
 -2.1682613e+00
 -8.8153982e-01
 -4.6774203e-01
  1.3057273e-02
  7.6354342e-03
  8.7731314e-01
  1.3891605e-02
  6.3562399e-01
 -2.9164928e-01
 -2.4473989e+00
 -1.5109183e+00
  1.2791785e+00
  5.8322512e-02
 -1.2695625e-01
 -6.0195826e-02
  4.2053211e-02
  9.0076074e-02
 -5.7138062e-01
 -4.7957954e-01
 -2.5427319e-02
 -1.4544975e-02
  1.6017047e-03
 -8.4539123e-02
  1.2994012e-03
 -7.1191199e-02
 -1.6573946e-01
  5.7477593e-01
 -8.9380592e-01
 -3.5400712e-01
  3.6450934e-02
  5.4469842e-01
  8.4247760e-02
  7.1223259e-02
 -8.7936431e-02
  4.5679625e-02
  7.7341348e-01
 -3.0508101e-01
 -6.7050868e-01
  2.2564245e-02
 -1.2626120e-01
  1.0586698e-01
  9.6899873e-01
 -3.4689765e-02
 -5.5058116e-01
 -4.7502783e-01
 -2.6078825e+00
 -2.4303393e+00
  3.6648875e-01
  1.1724692e-02
  3.6400113e-02
  1.6956407e+00
  1.6057442e-01
 -1.1036909e-01
  2.3280604e+00
 -2.3208022e+00
 -4.2454442e-01
 -1.9521540e-01
  1.6179958e-02
 -1.1198946e-01
  9.1887075e-01
 -3.8011509e-01
 -4.2838642e-01
  1.6789095e+00
 -3.2272291e+00
 -2.1750455e+00
  3.2693657e-01
  5.6062895e-03
 -6.9693625e-02
  7.9941177e-01
  5.2675098e-02
 -3.7085909e-02
  2.6605241e+00
  7.3213392e-01
 -2.7013993e-01
  3.3166277e-01
 -2.7612884e-02
 -4.3868762e-03
  9.3082738e-01
 -2.5056791e-01
 -2.4747112e-01
 -3.5416189e-01
 -6.0348099e-01
 -1.9115652e+00
  7.8099817e-01
 -1.8257368e-01
  4.9242433e-02
  8.9523673e-01
 -3.6415566e-02
 -2.0852013e-01
 -6.1944199e-01
  1.1843053e+00
  2.2596715e-01
  3.1756011e-01
 -9.3306996e-02
  5.4191295e-02
 -2.3780057e-01
 -3.7938178e-01
 -2.2261745e-01
 -5.3636795e-01
 -2.6302525e-01
 -2.5066027e-01
  2.0118413e-02
 -4.1682422e-03
  1.9149627e-01
  2.0593700e+00
 -1.5710050e-02
 -8.9150123e-02
  6.3572413e-01
  1.1160004e+00
  8.2259929e-01
  9.3413925e-01
  9.9153057e-02
 -1.3085285e-03
 -1.4300959e-01
  1.1371731e-02
 -7.2678024e-01
 -2.4307568e-01
 -9.3054213e-03
  1.0857837e-01
 -2.5211131e-02
 -5.8859542e-02
  6.5089472e-02
  2.0349872e+00
 -8.7419003e-02
 -1.2614642e-01
 -5.3214961e-01
  1.9940563e+00
 -1.1837028e+00
  3.7797525e+00
  8.5480645e-02
 -5.2652549e-02
 -3.2495623e+00
  7.6637827e-02
  1.4049649e-01
 -5.7148290e-01
  7.0671779e-01
  1.8442249e+00
  3.2183088e-02
  2.9685256e-01
 -8.5700396e-03
  3.1216464e+00
  1.4500272e-02
 -4.7947284e-02
 -4.8966926e-01
 -2.2183681e+00
  7.8173983e-01
  2.1793056e+00
  2.0674774e-02
  1.8645115e-02
  2.0240693e-01
 -2.7242228e-01
 -1.8053904e-01
 -1.4587388e+00
  1.2793113e-01
  1.3925680e+00
  1.5048589e+00
 -2.9326595e-02
  9.9507101e-02
  2.5087380e-01
 -3.6473166e-02
 -9.3824871e-02
  1.4623500e-01
 -6.5181381e-01
 -1.0153401e+00
  1.0365424e+00
 -7.7751968e-03
 -5.0104655e-02
 -4.9828047e-01
  1.0015397e-01
 -1.8406835e-01
 -1.5155773e+00
  6.2816662e-01
 -1.7441835e-01
  7.0591146e-01
  7.2212942e-04
  2.7344279e-02
  5.0641137e-01
 -2.4523940e-02
  3.7083216e-02
  3.9207506e-01
  7.0862937e-01
  5.7039928e-01
  1.5069172e-01
  8.6479537e-02
  8.6479537e-02
  8.6479537e-02
  8.6479537e-02
  8.6479537e-02
  8.6479537e-02
  8.6479537e-02
  8.2010871e-01
  8.2010871e-01
  8.2010871e-01
  8.2010871e-01
  8.2010871e-01
  8.2010871e-01
  8.2010871e-01
  2.9526749e-01
  2.9526749e-01
  2.9526749e-01
  2.9526749e-01
  2.9526749e-01
  2.9526749e-01
  2.9526749e-01
  1.8743868e-01
  1.8743868e-01
  1.8743868e-01
  1.8743868e-01
  1.8743868e-01
  1.8743868e-01
  1.8743868e-01
  5.7249520e-02
  5.7249520e-02
  5.7249520e-02
  5.7249520e-02
  5.7249520e-02
  5.7249520e-02
  5.7249520e-02
  2.1329978e-01
  2.1329978e-01
  2.1329978e-01
  2.1329978e-01
  2.1329978e-01
  2.1329978e-01
  2.1329978e-01
  1.0398739e-01
  1.0398739e-01
  1.0398739e-01
  1.0398739e-01
  1.0398739e-01
  1.0398739e-01
  1.0398739e-01
  5.3564626e-01
  5.3564626e-01
  5.3564626e-01
  5.3564626e-01
  5.3564626e-01
  5.3564626e-01
  5.3564626e-01
