nep4_zbl 3 Bi Sb Te 
zbl 1.25 2.5
cutoff 6 4 32 12
n_max 6 6
basis_size 8 8
l_max 6 2 0
ANN 60 0
  4.1301204e-03
  1.9903959e-01
 -6.4896502e-02
 -6.9099583e-02
  7.0216089e-02
  7.1629114e-02
 -7.2650857e-02
 -1.4816887e+00
  4.9572337e-02
  1.4601277e-01
  2.4698483e-02
 -4.1765660e-01
  9.4097391e-02
  3.0831609e-02
  8.2649939e-02
  3.4116468e-01
  3.1675705e-01
 -3.3240665e-03
 -1.2648986e-01
  2.5009295e-01
  9.6298061e-02
 -2.1562355e-02
  3.4137055e-02
  2.0547258e-03
 -2.3326972e-01
 -1.4599214e-01
 -3.6785281e-01
 -8.5512519e-02
  2.4131601e-01
  6.6983970e-03
 -1.0281646e-01
 -4.3971058e-02
 -9.8293098e-03
 -1.1698887e-01
 -1.1826351e-01
  1.1562669e-01
  1.2105154e-02
  1.1082050e-01
 -6.4823069e-02
 -2.0180723e-01
 -3.9327599e-02
  1.2044695e-01
 -6.4883165e-02
  2.5634533e-01
  3.8896051e-01
  2.0313981e-01
  1.9999930e-01
 -1.6874376e-01
 -1.1660004e-01
  7.3729485e-02
 -1.3627152e-01
 -1.3250247e-01
  6.4714766e+00
 -1.3041322e-01
 -2.0896952e-01
  7.2702718e-01
  8.6731955e-02
 -7.2449887e-01
  3.8682811e-02
  8.6814210e-02
  5.7771218e-01
  2.0690215e+00
 -8.0621636e-01
 -5.8621834e-03
  8.8102289e-02
  3.9223671e-02
  4.1018751e-02
  4.7948200e-02
 -2.6027671e-01
 -1.3783413e-01
 -2.6330065e-02
  1.1264376e-03
  1.3506481e-02
 -6.6161677e-02
  1.7415282e-01
  2.9941485e-03
 -1.2047998e-02
  8.9594103e-02
  9.3744896e-02
 -8.1045814e-03
 -1.3222557e-01
  2.5125462e-01
  5.4834090e-02
  2.8986189e-01
  1.7577533e-01
  3.9660901e-02
  2.3504170e-02
 -1.5228190e-01
  1.3742456e-01
  1.9773106e-01
  8.5279895e-03
 -7.1231392e-03
 -2.5828745e-02
  3.6191154e-02
  5.7624593e-02
  2.5984678e-01
  3.1029752e-01
  2.0379331e+00
 -5.5735316e-02
  5.5600341e-02
 -2.4684349e-02
 -1.0082354e-01
  2.3048196e-03
  7.0302375e-02
 -2.1852516e-01
  1.0212671e-02
 -9.0891369e-02
  1.0014683e-01
 -1.4194975e-02
  8.2767032e-02
 -9.0684213e-02
  2.2210984e-01
 -4.8178983e-01
 -7.0084220e-01
 -3.6889341e-01
  1.5618400e-01
 -5.2047722e-02
 -4.2368572e-02
 -6.7581344e-01
 -1.3290642e-01
 -2.7239198e-02
  4.5595616e-02
  6.3419402e-02
 -4.4573989e-02
  2.7209744e-01
 -4.5702092e-02
  1.1510276e-01
  5.9886761e-03
 -4.7032267e-01
 -1.1459232e-01
  3.5040811e-02
  3.5592008e-02
  2.5610542e-01
  3.8683798e-02
  2.7716428e-01
  9.8659165e-02
 -1.0632440e-01
  9.1790982e-02
 -6.6293660e-03
 -1.1427990e-01
 -1.2274774e-01
  1.4238688e-01
 -2.6415494e-01
  6.1802562e-02
  1.9392216e-01
  1.2048823e-01
 -9.3459502e-02
 -3.4167953e-03
  2.6501888e-01
 -2.5643371e-02
 -2.1845481e+00
  8.1562482e-02
  5.1087064e-01
  7.2910078e-02
 -3.6286648e-02
 -4.2105913e+00
 -6.1482947e-02
  1.1035065e-01
 -7.2979876e-03
  6.5878667e-02
 -2.0093718e-01
 -1.9314457e-01
  1.8335207e-01
  1.4219238e-01
 -6.2774695e-02
  2.9225016e-02
  1.9680593e-02
  8.1417598e-02
 -4.8778868e-01
  4.1496661e-01
 -6.8750679e-01
 -2.3071808e-01
 -3.7831906e-02
 -5.8539206e-01
  5.1175547e-01
  1.4698139e-01
 -1.3699745e-01
 -1.0155354e-01
 -2.3031329e-01
 -2.5363010e-01
  3.2979584e-01
  1.8658954e-01
 -2.2487062e-01
 -1.4621294e-01
  5.4377023e-02
 -2.2041024e-01
  6.2959701e-01
  6.8759158e-02
 -1.7337920e-01
  5.3739127e-02
  4.2707524e-01
  1.9650485e-01
  3.5630539e-02
 -1.4423206e-02
  2.1966953e-02
 -1.2259059e-02
 -4.5513946e-01
 -1.3260208e-01
  1.6509651e-01
 -8.9683823e-02
 -4.5956129e-01
 -2.6745865e-01
 -3.9578772e-01
  2.2682580e-01
 -1.7919215e+00
 -1.8335225e-02
 -3.9355904e-02
  1.9912867e-02
  4.4490695e-02
 -2.0907450e-02
 -4.2018437e-01
  2.8049475e-01
 -5.3348336e-03
  5.4559451e-02
 -9.8030731e-02
 -6.1532950e-01
  2.9005885e-01
  5.0805755e-02
 -1.3037458e-01
 -7.8069460e-01
 -1.0798903e-02
  3.6328402e-01
  3.2841012e-02
 -1.2054420e-01
  1.7636066e-02
 -3.3667147e-01
  1.1136676e-01
 -8.9387119e-01
  1.1435928e+00
 -4.9903277e-02
 -8.8094070e-04
 -1.8772836e-01
 -2.8155776e-02
  5.4361910e-02
 -9.6381523e-02
  4.8277095e-01
  7.4182739e-03
  1.4352559e-01
 -3.5548609e-02
 -2.9660481e-01
 -2.5288427e-01
 -4.4133876e-02
 -1.7653775e-01
 -6.4430498e-02
 -3.5911836e-02
 -3.0557859e-01
  1.3709806e+00
  1.8983656e-01
  1.9787000e-02
 -1.3167059e-01
  8.3452851e-02
 -7.3746666e-02
  7.6678962e-02
  1.8555814e-01
 -2.9756116e-02
  1.0089464e-01
  6.7126110e-02
 -2.5235644e-01
  7.9930611e-02
 -8.7361880e-02
 -9.7498983e-02
 -3.9304863e-04
 -9.1627706e-03
  7.1457870e-02
 -4.3987360e-02
 -3.5826880e-02
  1.9144710e-02
 -1.1219116e-01
 -1.3458528e-01
  1.5970394e-01
 -4.4747539e-02
 -2.1296989e-02
  6.4665869e-02
  2.2584599e-01
  2.5120407e-02
  3.9374247e-01
 -1.1386272e-02
 -5.3149939e-02
  1.6732678e-01
  2.9263755e-02
  1.8833950e-01
 -5.9345026e-02
 -8.8336831e-01
 -5.5650675e-01
 -2.5852245e-01
 -1.8566367e-01
  2.9322460e-01
  1.5610608e-01
 -5.4530427e-02
  1.6743627e-01
  2.0914090e-01
 -1.0109435e-01
  9.3415141e-02
  3.2996258e-01
  6.1420396e-02
  4.9923652e-01
 -6.1894640e-02
  1.9730244e-02
 -1.4239203e-02
  2.6847643e-01
  1.0716965e-01
  3.1473240e-01
 -1.8413857e-02
 -5.1895231e-01
 -1.0672668e+00
 -3.5125342e-01
  6.2465597e-02
 -3.4935997e+00
 -8.8897452e-02
 -2.4653986e-01
  3.0100122e-02
 -2.4381821e-01
 -1.0419309e-01
 -7.3979840e-02
 -2.9452494e-01
 -2.4155430e-02
  8.3108619e-03
 -2.1517593e-01
 -1.5969117e-01
  2.4434606e-02
  3.7687488e-02
  1.9544436e-01
  1.6537474e-02
  1.4136536e-01
  2.2789361e-02
  1.2401435e-01
 -2.5658375e-01
  1.4981543e-01
 -3.5177088e-01
  1.4100999e-01
  4.3306429e-02
  4.0742394e-02
  2.6224259e-02
 -7.0344359e-02
  1.8628173e-02
 -1.7401206e-01
  3.3845600e-02
 -1.2614487e+00
  1.0754045e-01
  2.6795611e-02
  3.0905166e-01
 -2.6426044e-01
  1.2614252e-01
 -1.5756838e-01
  1.5293031e-02
 -2.3168242e-01
  2.4328119e-01
 -1.3358921e-01
 -5.6240663e-02
 -1.4049026e-01
  1.0015845e-01
  8.5857826e-01
  1.2275090e-01
 -1.5371622e-01
  5.2768540e-01
  1.7321864e-01
  3.6375386e-01
 -2.7248180e-01
 -2.4930121e-01
 -3.0544514e-02
 -1.2928838e-01
  1.8106528e-01
 -3.8707247e-01
 -2.2088103e-02
  1.0969355e-01
  9.1667809e-02
  7.9483226e-02
 -5.6077432e-02
 -5.2520260e-03
  2.0054376e-01
 -3.2551971e-01
  7.4951172e-01
  2.6875986e-02
 -8.6842692e-01
  1.8226141e-01
  1.3165060e-01
 -7.6018550e-02
 -2.1389382e-02
  3.3205551e-01
  5.5280142e-02
 -1.8980971e-02
 -2.5649309e-01
  1.9723038e-01
  3.0040471e-02
  2.3046479e-01
 -1.0157320e-02
 -3.6617830e-01
 -1.7467670e-01
  4.6306467e-01
  1.7629072e-02
 -1.4712763e-01
 -7.0674121e-02
  3.3251692e-02
  2.5713858e-01
 -9.9891476e-02
 -1.1110356e-01
 -1.6980329e+00
 -1.8415865e-01
  1.4126089e+00
 -1.3601241e-02
 -4.0786207e-02
 -6.6634461e-02
 -4.3256186e-02
  1.3855270e-02
 -7.8663304e-03
  4.3868203e-02
 -1.2592529e-01
 -4.8000213e-02
  3.5057551e-01
 -1.7408745e-01
  6.1957680e-02
 -6.7999527e-02
  4.8804700e-02
  7.7833399e-02
  8.4879979e-02
  1.8025638e-01
 -3.1641847e-01
 -1.9414382e-02
  2.7729113e-02
 -4.2832228e-03
  3.5078134e-02
 -4.2321920e-02
  2.1663992e-02
 -2.2064351e-02
  3.4544840e-01
 -1.1520170e-01
  1.9345453e-02
 -3.6648220e-01
 -3.7121963e-02
  1.5329961e-01
  1.0707361e-01
  4.3435507e-02
  9.3638361e-02
 -1.1236445e-01
  8.3250366e-02
  2.3494530e-01
  1.1302941e-01
 -5.8564082e-02
  7.9126447e-02
  1.5575019e-01
 -3.3541381e-02
 -1.2175573e-02
 -8.1001215e-02
  9.6682785e-03
  1.1917050e-01
  3.5075460e-02
 -1.4641579e-02
 -3.2856062e-02
  5.0053179e-01
 -1.1729822e+00
  1.9629775e+00
 -9.7227439e-02
  1.1632509e+00
 -1.1489584e+00
 -8.5742611e-01
 -1.5523642e-01
  4.5554766e-01
  1.3777086e-01
  1.1064047e-02
  1.5337923e-02
 -1.1696208e-01
 -3.2334498e-01
 -1.1002894e-01
 -9.8953620e-03
 -8.5590407e-02
  6.0530242e-02
 -3.7002203e-01
 -2.0461287e-02
  2.8871272e-02
  4.4503517e-02
  1.9600117e-01
 -1.6129908e-01
  3.4024116e-02
 -1.6283707e-01
 -5.0557610e-02
 -1.3333765e-02
  4.9566828e-02
  3.9598599e-02
 -5.8297042e-02
 -1.3933907e-02
  9.4610564e-02
 -1.6048418e-01
  3.7765938e-01
 -1.4558826e-01
 -1.5470304e-02
  2.1288937e-02
  9.8892450e-02
  5.0612923e-02
  2.3327456e-01
 -1.8173454e-02
 -4.3870595e-01
  5.5608696e-01
  7.6830067e-02
 -2.3938218e-02
 -2.8478093e-02
  1.9507676e-01
 -2.1931451e-02
 -1.0465720e-01
 -1.9226286e-01
  1.4806132e-01
 -3.3085616e+00
 -1.2286159e-02
  5.9987097e-03
  8.3179167e-03
  4.9322006e-01
 -3.9677930e-01
  1.0607553e+00
 -9.7592957e-03
  7.2599992e-02
 -1.0858890e-01
 -3.6527392e-02
  2.3958936e-01
  1.9836690e-01
 -2.5326866e-03
  9.5986836e-02
  4.3231410e-01
  2.3612896e-01
  1.2985521e-02
 -1.9353729e-02
  4.7210962e-02
 -7.9463385e-02
 -1.3382238e-01
  1.7235985e-02
  1.7062515e-01
  2.5323207e-02
  2.9999840e-01
  4.9446844e-02
  2.1539545e-01
  1.8727805e-02
 -5.3119384e-02
  3.6433116e-02
 -3.0548677e-02
 -7.8253925e-01
 -3.2499960e-01
  8.9433461e-02
 -6.7870142e-03
 -6.2940103e-01
 -1.0778885e+00
 -1.2396951e-01
 -6.3973829e-02
 -1.5790928e-02
  8.1146777e-02
 -8.9043967e-02
  2.6761387e-02
  2.1674210e-01
 -2.2886841e-02
  1.4978702e-01
  3.4163481e-01
  2.9208999e-02
  8.9301296e-02
 -2.2427885e-01
 -1.9174371e-02
 -6.7923754e-02
  3.3542681e-02
 -4.5972490e-01
  1.3587856e-03
  1.4340347e-01
 -8.5788950e-02
 -1.1191390e+00
 -7.8030634e-03
  5.5256173e-02
 -5.6179368e-01
 -8.3725572e-01
 -3.4719086e-01
 -5.4030705e-02
 -6.5723360e-01
  9.3818521e-01
 -1.7224658e-01
 -3.0599093e-02
  1.5990847e-01
  4.4550642e-02
  1.5969638e-02
 -3.2858407e-01
 -8.6450307e-03
 -1.2367384e-01
 -1.0130844e-01
  4.1108057e-02
 -4.6395957e-02
  7.0139252e-02
  3.2799710e-02
  4.3715183e-02
 -1.4025970e+00
  5.5454757e-02
 -9.1580003e-02
  1.5262846e-02
 -2.1696360e-01
 -2.2932751e-01
  3.1306047e-03
  1.0985566e-01
 -1.8665954e-03
  1.6071989e-01
  1.3357082e-01
 -7.4222609e-02
  6.5876305e-01
  1.8297566e-02
  4.5858175e-02
 -2.0215145e-01
  2.7913244e-02
 -3.6160662e+00
  7.3994584e-02
 -4.3689746e-02
  1.1244261e-02
  1.6157465e-01
  6.4952299e-02
 -1.3149446e-02
  5.1192902e-02
 -7.0989862e-02
  5.3757638e-01
  5.8051202e-02
 -7.2029114e-02
 -1.0157049e-01
 -1.4663756e+00
  1.7500940e-01
  5.7719886e-02
  1.1430291e-02
  2.1389775e-02
 -2.6895398e-01
 -3.3440137e-01
 -9.6151449e-02
  3.8875067e-01
 -2.0290078e-01
 -2.7273756e-01
 -1.2482926e-01
  3.2212329e-01
  7.2558239e-02
 -4.2360641e-02
 -4.9593903e-02
  3.6493479e-03
  1.5087357e-01
  7.7481486e-02
 -4.2432195e-01
 -1.7494295e-03
  8.5831983e-03
 -1.2816638e-01
  2.5917211e-01
 -6.2150490e-02
  9.1789789e-02
 -3.5042891e-01
  9.9555618e-01
  5.8398098e-03
 -1.8248366e-02
 -1.6092628e-01
  4.0706720e-02
  3.0235353e-01
  4.9232617e-02
  4.3690722e-02
  1.0727762e-01
 -5.2416302e-02
 -7.5760834e-02
  1.8257951e-02
  2.1638109e-01
  6.1603282e-03
  3.1923469e-02
  5.6996984e+00
  1.3986013e+00
 -1.1925162e-01
 -1.2962088e-01
 -6.2421005e-02
 -4.0483765e-02
  1.7927589e-01
 -4.6455692e-02
  1.5639215e-03
 -7.9806922e-03
 -6.4858466e-02
 -2.4906870e-02
  2.5578961e-02
  2.0458545e-01
  8.0530472e-02
  1.0402952e+00
 -4.6980458e-01
  1.2741575e-02
 -6.2599435e-02
 -1.6952701e-01
 -1.7014620e-01
 -1.2350917e-01
  9.0307429e-02
 -5.9819287e-01
 -6.0652357e-01
 -2.0231495e-03
  6.4510107e-02
 -6.3059861e-03
  8.0092838e-03
  1.2205669e-02
  2.4222408e-01
 -1.3088273e-01
 -1.6092813e-01
 -1.4054741e-01
 -2.1938908e-01
 -1.4776704e-01
  2.0608265e-02
  1.9221781e-01
  2.2594973e-01
  5.6703519e-02
  2.1130495e-01
  2.6154781e-02
 -4.0151220e-02
 -1.7886361e-01
  2.3857449e-01
  2.7405296e-04
  4.0710434e-02
  1.3280864e-01
 -2.4623828e-02
  2.7572882e-01
  1.8474101e-01
  6.3571632e-02
  8.1293378e-03
 -1.2791765e-01
  5.2764893e-02
  1.1509740e-01
 -8.9950137e-02
 -1.3784424e+00
 -4.4653013e-02
  3.1031892e-01
 -1.4706241e+00
 -6.1003849e-02
 -3.2182146e-02
  1.3283041e-01
  2.2833306e-01
  1.1225800e-01
  2.8559855e-01
  5.2197635e-02
  1.1728496e-01
 -5.9019275e-02
  2.5759934e-02
 -8.4173247e-02
 -1.8926804e-01
 -3.1418767e-02
 -5.2637178e-02
 -2.3697199e-01
 -8.1093132e-01
 -9.4544774e-01
  1.8640174e-01
  1.5760953e+00
 -6.0345638e-01
 -2.8482666e-02
  3.1771649e-02
 -2.5392276e-01
 -7.6389946e-02
 -3.2504797e-02
 -6.1709013e-02
  1.7903501e-01
 -1.5643327e-01
  7.7156685e-02
  6.9159366e-02
 -3.4995947e-02
 -9.9278592e-02
  2.0173225e-01
  2.7320638e-01
 -9.7864941e-02
  1.0859336e-01
 -3.0267474e-01
 -2.2678123e-01
 -4.3741066e-02
  2.0901243e-01
  3.9136380e-02
  1.6855216e-02
 -2.4970424e+00
  5.7783786e-02
  1.5284471e-02
 -1.0940151e+00
  3.5561338e-02
  7.2767586e-02
  2.0174300e-02
 -1.4233775e-01
  1.7674667e-01
  1.6080497e-01
  1.1024664e-01
 -2.4137635e-02
 -4.9364887e-02
  2.2889882e-01
 -2.2387582e-01
  1.5076773e-01
  4.0512163e-02
  7.1852073e-02
 -4.4692388e-01
  3.9923401e-03
 -3.7906006e-02
  1.3515513e-02
  7.6757856e-02
 -4.1411498e-01
 -8.8068709e-02
  1.2498406e-01
  9.1282271e-02
  1.5949757e-01
  2.1175912e-01
  9.2276871e-01
  2.3054018e+00
  9.6325463e-01
 -5.1146281e-01
  1.6572520e-01
  6.4227098e-01
  7.8294629e-01
 -1.4921783e+00
 -1.2645060e-01
  3.4990482e-02
  1.1842653e-01
  4.3472537e-01
 -6.8940647e-02
  5.3281389e-02
 -2.6034445e-02
 -1.4326078e-01
 -1.4780931e-01
  1.4134830e-01
 -6.2360942e-01
 -8.5061389e-01
  1.3053152e-01
 -5.4620981e-01
  1.4376166e-01
  6.1606234e-01
 -6.9126493e-01
  1.9484503e+00
  2.5123316e-01
  1.5225932e-01
  1.7637849e+00
  7.4260461e-01
 -3.5692494e-02
 -1.4628641e-01
 -1.0321753e+00
  8.8771355e-01
  1.7704257e-01
  8.4018059e-02
  3.9565673e-01
  2.8149529e+00
  9.5083892e-02
 -1.4097575e+00
 -2.3306477e-01
 -5.4500643e-02
  1.2770684e+00
 -1.8664812e-01
 -3.0894205e-01
 -4.8542109e-01
  4.9727297e-01
  4.0112257e-01
  3.0319365e-02
  3.6904037e-01
  5.5387497e-02
  1.7206870e-01
 -9.6028574e-02
 -1.2544717e-02
 -1.6945115e-01
  6.4946719e-02
  7.9997219e-02
 -7.4751472e-01
 -2.2114979e-02
 -5.9604380e-02
  7.1929447e-02
  1.6317092e-01
 -3.4340218e-02
  3.4611572e-02
  5.1080805e-01
 -5.3104270e-02
 -2.2750258e-01
 -6.6728337e-04
  1.9100947e-02
 -3.2085148e-01
 -8.5673086e-02
 -5.9014495e-02
 -6.8710469e-02
  1.2948857e-02
  7.2380282e-02
  3.9258465e-02
  3.2958916e-01
 -1.9702993e-01
 -4.9464279e-03
 -5.4159068e-02
 -2.4657142e-01
 -1.4033870e-01
 -9.9924251e-02
  2.1224372e-01
  2.6325500e-01
  1.1924224e-01
  1.5409215e-02
 -3.3432402e-02
 -4.9117690e-01
  5.4109003e-02
  2.7297044e-03
  5.1382363e-02
  7.5307362e-02
  3.2141849e-01
 -5.3153560e-02
 -3.1387929e-02
  6.3014887e-02
  3.5910833e-01
 -1.1523424e-01
  6.0434934e-02
  9.3238808e-02
  6.4004004e-02
 -4.2899521e-03
 -4.3483086e-02
  2.3921017e-02
  2.8401151e-01
 -2.8565801e-03
  4.4586283e-01
  1.9008951e-02
 -1.3924484e-01
  2.2429897e-01
  3.8939840e-01
  7.6552069e-01
  1.2777953e-01
  1.7064048e-01
 -5.6532520e-01
  1.1199937e+00
  2.1353249e-01
 -4.8668021e-01
  1.3345486e-02
 -1.8996493e-03
 -1.1602230e-01
 -6.0495660e-02
 -1.5845779e-01
 -1.2060998e-01
 -3.0425323e-02
  3.3089146e-01
  1.0821448e-01
  9.0699323e-02
 -2.5116431e-02
  2.3982769e-02
  1.1114616e-02
  1.6684161e-02
 -2.6176614e-01
 -5.9651107e-02
  1.6139993e-01
 -2.1020143e-01
 -6.4467050e-02
 -4.5038160e-02
  6.4037479e-02
  9.2162505e-02
  6.0671456e-02
  2.9848460e-02
  1.2072968e-01
 -7.8300916e-02
 -2.8099088e-02
  3.6722746e-02
  8.3744340e-02
  2.8197529e-02
 -8.1068641e-03
  2.1781779e-03
 -2.4550608e-01
 -2.5266860e-02
  1.6233884e-01
 -2.3041128e-01
 -1.7593543e-01
  4.0208942e-01
  1.9215064e-01
 -9.3942836e-02
  1.5629884e-02
  8.5536905e-02
  2.5009426e-01
  4.1118249e-02
  4.8631959e-02
 -7.9693072e-02
 -1.9964068e-01
  2.2685401e-02
 -4.9137522e-02
  4.2688556e-02
 -1.0695189e-01
  4.7063746e+00
 -5.0839536e-02
 -1.1578107e-02
  2.6899496e-02
  3.6107011e-02
  8.4052853e-02
 -9.5835410e-02
 -3.1212481e-02
  1.3353155e-02
  2.8399456e-02
  4.1608098e-01
 -9.1301240e-03
 -4.8171930e-02
  3.7425348e-01
 -2.5575051e-01
  2.4865404e-01
  4.0647496e-02
 -7.2361976e-02
  6.2334765e-02
  1.1694212e-02
  6.8989140e-01
  9.2146769e-02
 -4.8431396e-02
  4.4807624e-02
  4.9282608e-05
 -1.1994927e-01
  1.4005464e-01
 -5.4753029e-01
  1.6986391e-02
  4.3161017e-01
  1.6410153e-01
  7.3076241e-02
 -3.1415276e-02
 -5.0892934e-02
 -5.4186042e-02
  3.8843293e-02
  1.0371378e-01
  9.8764211e-02
 -7.5202055e-02
 -1.3400938e-01
 -6.0508072e-01
  1.3130495e-01
 -2.1093515e-01
  4.2047221e-02
 -1.0533069e-01
 -3.1667352e-02
  3.1588417e-02
 -1.3431729e-01
  2.4294943e-02
  8.5872583e-02
 -7.9664272e-01
 -1.2724583e-01
  1.6839403e-01
 -4.9435917e-02
 -7.5002536e-02
 -1.4620316e-01
 -2.7575433e-01
 -4.2126888e-01
 -2.5040278e-01
 -3.8401371e-01
  4.7808856e-02
 -6.1040014e-02
 -1.2763312e-01
 -2.0606765e-04
  4.5849442e-02
  1.2296735e-03
  1.7583612e-02
 -4.3451052e-02
  2.3278601e-01
  1.5998293e-01
 -5.7105474e-02
 -2.1847729e-01
 -4.4328175e-02
  2.2676735e-01
  4.3323439e-01
  6.0434174e-02
 -1.0261541e-01
  4.6807323e-02
 -7.6278262e-02
 -5.2547522e-02
  7.5905904e-02
  2.7119177e-03
 -1.1548634e-01
  1.1867008e-01
 -2.4311539e-02
  7.8998484e-02
 -5.2321024e-02
  9.3228370e-02
  1.6700253e-01
 -1.3513160e-01
  9.0320200e-02
 -3.8341910e-02
 -8.7744199e-02
  2.6014412e-03
 -1.2055035e-01
 -9.5996760e-02
  4.9675867e-02
 -2.2612108e-01
  5.0365371e-03
  2.8901139e-02
  1.0860434e-01
 -5.5618151e-03
  2.1415977e-01
  4.3139447e-02
 -1.2757951e-01
  5.0397329e-02
 -3.0699590e-01
  3.9549749e-02
  1.2494890e-01
  5.3093123e-01
  2.9598386e+00
  3.5156708e+00
 -4.3825820e-01
 -2.4857249e+00
 -4.5851430e-01
 -1.5696017e+00
 -2.2543931e-01
 -7.3562360e-01
 -2.7289320e-02
  1.1704171e-01
 -2.0890251e-01
 -4.3265376e-02
  1.6061386e-01
  1.1563496e-01
  2.5530810e+00
 -1.0097612e-01
  3.3439554e-02
  5.2753520e-01
  2.9384828e-01
 -6.4137064e-02
 -3.6238838e-02
 -4.3606657e-01
 -8.3664609e-03
 -7.9465341e-03
 -4.8785520e-01
  6.6780910e-02
 -1.1701986e-01
  9.5605403e-02
 -1.0487194e-01
 -1.6244401e+00
  1.1562877e-02
  7.9991227e-01
 -3.0178878e-01
  1.7013238e-01
 -4.4148856e-01
 -7.9198480e-01
 -6.5965854e-02
  4.3973681e-02
 -2.3956940e-01
 -1.0122224e-02
  4.4937287e-02
  2.8930658e-02
  1.2175993e+00
  9.4679855e-03
  2.6324698e-01
  8.3286148e-01
  1.0042003e+00
  5.8510739e-01
 -8.8044822e-02
  3.8236725e-01
  3.5958331e-02
 -2.6533315e-02
  3.2942671e-01
  1.5017550e-02
  1.7938906e-01
 -6.6754088e-02
 -9.0466136e-01
  5.1855948e-02
  1.0334281e+00
 -3.0338350e-01
  1.7722148e-01
 -4.0986724e-02
 -2.5056678e-01
 -6.8346404e-02
  3.0381635e-02
 -1.8106572e-01
 -5.5411840e-03
 -1.2037983e-01
 -2.6883984e-02
 -1.4351490e-01
  8.2046978e-02
 -3.5242437e-04
 -6.0176149e-02
  7.8710578e-02
 -5.2033894e-02
  9.9687457e-02
 -1.4952108e-01
 -8.9617901e-02
  1.3429371e-02
  1.7113755e-02
 -1.5319285e-01
  8.0830932e-02
  1.2559016e-01
 -1.6541921e-02
  3.9142355e-02
  2.7080661e-02
 -1.4276692e-03
  4.2712040e-02
  5.7701621e-02
  6.5291151e-02
  1.0093188e-01
 -7.4362226e-02
  1.0230166e-01
  1.0162959e-01
  2.4306759e-01
  2.8408095e-02
  2.2484244e-01
 -2.8414294e-02
 -2.9457984e-02
 -6.9692351e-02
  5.5177834e-02
  5.0282493e-02
  5.8606200e-02
 -1.1878150e-01
 -3.0951690e-02
 -3.2291107e-02
  1.6937479e-01
 -2.8833505e-02
 -1.1917233e-01
  1.6138832e-01
 -1.2163097e-02
 -9.9679371e-03
 -8.6233415e-02
  3.8932476e-02
  1.8934320e-01
  5.0682229e-01
  1.0645635e+00
 -8.3232485e-03
  2.5580695e-02
 -1.4892258e-01
  6.5160945e-02
  3.3224866e-01
  2.8824716e-04
 -6.9366477e-02
  6.9076821e-02
 -1.2644492e-02
  8.4606417e-02
 -1.7138809e-02
 -3.5820488e-02
  4.1375056e-02
  1.7918724e-01
 -5.5759616e-02
 -1.4787874e-01
  8.6916752e-02
 -2.1808796e-02
 -2.6410237e-01
  1.9549381e-02
 -4.3248259e-02
 -2.7087351e-02
 -3.2872196e-02
  6.0564559e-02
  1.0214507e-01
  2.4472898e-01
  3.4156907e-01
  6.2365822e-02
 -6.3573554e-02
  2.8190373e-02
 -5.2130300e-01
 -8.7304318e-01
  1.6568354e-01
  3.9553847e-02
 -6.6554017e-02
  2.7112031e-02
 -2.4861449e-02
 -1.3058704e-01
 -4.6089988e-02
  7.7609077e-02
  2.5669806e-02
  2.6235675e-02
 -1.6357732e-01
 -1.2321193e-02
 -1.3894905e-01
 -4.0694226e-02
 -1.7358448e-02
  4.5586515e-02
 -6.3015267e-02
 -2.7137917e-01
  4.2298093e-02
 -4.3157045e-02
  1.8828979e-02
  5.4447152e-02
 -5.1087469e-01
 -4.4662267e-01
  1.5570887e-03
 -2.7689734e-02
  1.3405807e-01
 -5.8918614e-02
  2.8249945e-02
 -1.8319616e-01
 -3.4412343e-02
  1.1690752e-01
 -5.5826783e-02
  1.7795804e-01
  3.2083102e-02
  4.2187057e-02
 -2.4241424e-01
 -4.3380597e-01
 -2.7906522e-02
  1.6738439e-03
 -2.3736255e-03
 -1.9141207e-02
 -3.6621699e-01
 -1.2258037e-01
 -2.4884838e-01
  6.2066693e-02
 -1.5747924e-01
  7.2183318e-02
 -4.7592353e-02
 -2.0969477e-02
 -1.4030205e-01
  3.9148580e-02
  2.1292911e-01
  4.6753917e-02
  1.5170690e-01
 -1.5619691e-01
  6.8151154e-02
 -1.3391727e-01
 -1.5909798e-01
 -1.7078068e-02
 -2.9395256e-02
 -1.9200462e-01
  1.2346995e-01
  2.1466713e-01
 -3.6107574e-02
 -7.2170277e-03
 -7.6033011e-02
 -8.1142679e-02
 -6.9076240e-02
  5.6386378e-02
 -1.8762426e-02
  7.0783757e-02
  6.8047032e-02
 -5.2408432e-03
 -8.6225877e-03
  7.5491495e-02
  7.2185504e-01
 -2.1189585e+00
 -2.7711999e+00
 -3.0067064e-02
  3.1514204e-01
  7.0699736e-02
 -2.1220629e-01
 -3.8261287e-02
 -1.3504861e-02
 -7.4982435e-02
  1.1518776e-01
 -1.1541286e+00
 -1.3916041e-01
  1.3751979e-01
  1.1208788e-01
  6.4655058e-02
  3.4921862e-02
  1.5582116e-01
  1.5456127e-03
 -6.5839255e-01
  8.1782706e-02
 -1.3134657e-01
  1.2707197e-02
 -1.0128374e-01
  2.1129981e-01
  1.8433282e-01
 -1.7029890e-01
 -8.6586155e-02
  6.8412878e-02
 -1.4539097e-01
  7.4362896e-02
 -2.6440409e-01
  5.0599235e-03
 -3.8959317e-02
 -5.5218559e-02
 -1.2267329e-01
  5.0091892e-02
  3.5689104e-02
  9.4691049e-03
 -2.6012143e-02
 -3.1387515e-02
  7.1570009e-02
 -1.0287148e+00
 -9.6519090e-02
 -2.7776375e-01
 -4.0890306e-01
  1.2808833e-01
 -1.2563759e-01
 -6.9860093e-02
  8.7397017e-02
  2.5113890e-01
 -1.5630826e-04
 -1.9365968e-02
 -5.0530273e-02
 -4.0682286e-02
  5.2886826e-01
  1.2971018e-02
 -1.5568013e-01
  1.9364956e-01
  4.7664028e-01
 -8.1561118e-02
 -9.7310364e-02
 -9.4808795e-02
  1.5558767e-01
  4.9343064e-02
  5.7814267e-02
  2.3224916e-01
 -1.2262790e-03
 -4.5887824e-02
 -1.7332552e-01
 -3.0038524e-01
  6.0313083e-02
  9.8928347e-02
 -1.0067477e-01
 -8.0841646e-02
 -8.6272120e-02
 -2.5760453e-02
  9.9412262e-02
 -6.6219466e-03
  6.4244613e-02
  5.4957513e-03
  2.6860806e-01
 -1.9872073e-02
  3.0245394e-02
  4.5642670e-02
 -1.1338731e-02
  2.5365096e-02
 -1.1585458e-01
  6.9085486e-02
  2.9057542e-02
 -4.9176863e-03
 -2.9341609e-03
  1.0859640e+00
 -1.2745857e-01
  2.6278680e-02
  1.5401972e-02
  2.8176492e-02
 -9.8810099e-02
  1.7058060e-01
 -2.1147063e-02
 -2.9220116e-01
  1.0473218e-01
  2.0425243e-03
 -4.1494191e-02
  5.7773210e-02
 -3.4946859e-01
  2.4938557e-01
  6.3216530e-02
 -6.2454041e-02
  3.7466366e-02
 -1.3426115e-01
  3.7322752e-02
  1.3145597e-01
  1.4687169e-01
  1.5628606e-01
  5.6741703e-01
 -8.5215330e-02
 -1.9431001e-02
 -3.6737844e-02
 -3.7751157e-02
 -1.2991014e-01
  1.0860206e+00
  1.3114002e-02
  7.5818017e-02
 -1.7219871e-01
 -1.5621166e-02
 -3.5126064e-02
 -2.1914062e-03
 -1.1981007e-01
 -1.2593693e-01
 -5.9976298e-02
 -9.7019665e-02
  6.2077582e-01
  2.8950509e-02
 -1.1829495e-01
 -6.5443064e-03
  4.0383872e-02
 -1.0569901e-01
 -2.6454979e-01
  2.3440677e-01
  8.8596068e-02
  1.0013431e-01
 -1.0040941e-01
 -3.4440272e-02
 -1.6973230e-01
 -3.2694492e-02
 -7.1706526e-02
 -2.4940781e-01
  7.2164930e-02
 -1.8536095e-01
  1.8577288e-01
 -3.0360460e-01
 -3.9454585e-01
 -1.1989435e-01
 -3.0120745e-01
  1.0202181e-03
 -1.3140568e-01
  2.3344281e-01
  6.0349894e-03
 -1.5838230e-02
 -1.8530767e-02
  7.1903214e-02
 -1.2828481e-01
 -1.1098573e-01
 -2.7131034e-02
 -1.3015851e-01
 -1.3898191e+00
  6.8610869e-02
 -8.3902404e-03
  7.4191324e-02
  5.2493709e-01
  7.4690886e-02
 -2.2787806e-01
 -3.2839656e-02
  5.3059351e-02
  1.9854017e-02
 -6.8177179e-02
  9.6643902e-02
  1.0922112e-01
  5.7768449e-02
 -1.0064284e-02
  2.3892986e-02
 -2.1699633e-02
 -1.5891100e-01
  7.9580039e-02
  7.7922903e-02
  8.8947810e-02
  2.7007299e-02
  3.1735024e-01
  4.0000558e-01
  4.3909688e-02
 -8.0135709e-01
 -7.4642733e-02
 -8.2388185e-02
  1.3965611e-01
 -9.3820386e-02
 -3.3766577e-01
  7.1515717e-02
  3.0730560e-02
 -1.2373493e+00
  1.1814462e-01
  2.3275655e-02
 -1.1414380e-01
 -1.7503332e-02
  5.3771961e-02
 -2.1534562e-02
  1.2425251e-01
  7.6090984e-02
  3.4082291e-01
 -1.2376010e-01
 -5.9978116e-02
  8.8096865e-02
 -8.2891539e-02
 -1.0425917e-01
  4.2132195e-02
  5.1307306e-02
  1.2684397e+00
  2.9422717e-02
 -5.3777707e-01
 -5.2035820e-01
  1.4945927e-01
  1.9295673e-01
  1.7849921e-01
 -5.8626777e-01
  5.1638082e-02
  1.5666457e-02
 -1.1762266e-01
 -1.8778141e+00
  5.6425251e-02
 -4.6402230e-03
  1.8372826e-02
 -3.2199582e-01
 -8.4402847e-01
  1.4334129e+00
 -3.0540824e-02
  2.7442575e-01
  6.3554548e-02
 -1.1868031e-01
  1.2207349e-02
  5.8614665e-01
  2.2416744e-01
  5.1086384e-01
  1.3969716e-01
  5.8325443e-02
  1.3901682e-01
  3.6321767e-02
 -2.7066714e-01
 -2.7849900e-02
  6.6598855e-02
  1.3095357e-01
 -1.7325159e-02
  2.4189085e-02
  6.2360289e-03
 -6.4866134e-04
 -3.8290312e-04
  1.9181401e-02
  3.2752308e-01
 -1.4449584e-02
  8.0775805e-03
 -5.8707044e-02
  8.5668966e-02
 -3.3268669e-01
 -3.3696571e-01
  2.7458230e-02
 -1.1295728e-01
  8.0638211e-03
  2.6466133e-02
 -1.0074367e-02
  8.6763255e-02
 -9.9740505e-02
 -7.6632842e-02
  1.3198397e-01
  1.1671734e-01
 -1.0038960e-01
  9.1569044e-02
 -3.9959117e-03
 -1.7105613e-02
 -5.9627268e-02
 -9.3825012e-01
  6.5912682e-01
 -6.9260681e-01
  5.1348116e-02
  1.2305306e+00
 -1.4106209e+00
 -4.2473710e-01
 -1.1999865e-01
 -3.1693501e+00
 -2.1920104e-01
  3.7920570e-01
 -1.3365020e-01
  1.7472660e-02
 -1.8617237e-01
  7.5865680e-01
  9.9192643e-01
  5.2913564e-01
  8.8273056e-02
  7.6597637e-01
  3.4062633e-01
  1.5456478e-01
 -8.5997149e-02
 -3.9586297e-01
 -2.4953854e-01
 -1.8117210e-01
 -4.3154719e-01
 -1.9978855e-02
  1.0096871e-01
  7.3807009e-02
  6.8279922e-01
 -1.4643183e+00
 -6.9904299e-03
  1.3818687e-01
  9.1054767e-01
 -7.5559646e-01
 -3.8335871e-02
  1.1104523e+00
  8.0862336e-02
  2.6797127e-02
  1.4898710e-01
  9.5012772e-01
  8.1164098e-01
  3.2921997e-01
  8.8928632e-02
  2.6206598e-02
  2.4894792e-01
  8.4792748e-03
 -2.4871735e-01
  2.8163767e+00
  9.5690101e-02
  2.9963592e-01
  2.5452054e-01
 -3.4412675e-02
 -1.9205076e-01
 -9.8142028e-02
 -4.8457824e-02
  8.4675275e-02
 -6.9040185e-01
  2.5322720e-02
 -2.2198200e-02
  4.1152563e-04
 -5.7726145e-02
 -9.8762661e-03
  5.5691250e-02
  5.0288301e-02
 -7.9332575e-02
 -7.4740809e-01
  1.4481906e-02
  5.5191759e-02
 -1.3688999e-01
 -2.0497723e-01
 -5.0050234e-03
  1.2660953e-01
 -7.9250686e-02
  1.8341587e-01
 -1.1196858e-01
  6.8595387e-02
  5.6404717e-02
  2.9493622e-02
 -2.4022493e-01
 -1.5724298e-01
  4.2197336e-02
  1.8405816e-02
 -3.2578766e-02
  2.1338657e-02
  2.3919894e-01
  1.1227871e-01
 -3.6754269e-02
  6.4595796e-02
  9.1634959e-02
 -2.6722505e+00
 -9.0916181e-01
  1.6742526e-01
 -1.0068393e-01
  5.7366114e-02
 -5.1273987e-02
 -2.4659148e-01
  5.3748265e-03
  9.6220206e-03
 -5.1990300e-02
  7.8591309e-02
 -1.3121683e-02
  3.6103219e-01
 -8.2155335e-01
 -3.3962986e-01
 -5.7863638e-02
 -2.9043458e-02
  3.7653483e-02
  4.6482179e-01
 -5.6193959e-02
  2.4101231e-01
  6.8129875e-02
  1.6875929e-01
  9.9893993e-01
 -1.0181859e-02
 -7.3477989e-01
  2.2650866e-02
  1.3662133e-01
  3.5374281e-01
  5.9644677e-02
  4.4443168e-02
 -1.6040507e-01
 -4.0992063e-02
 -8.6794093e-02
 -9.7263679e-02
 -1.4046609e+00
 -6.9657780e-02
  2.1358736e-01
 -4.8989512e-02
  4.0823906e-03
 -4.2009499e-02
  9.0074009e-01
  7.2397110e-03
 -8.6719155e-02
 -7.0898473e-02
  4.5478530e-02
  5.7600539e-02
  4.5177345e-03
  2.1259333e-01
 -2.2078108e-02
 -1.6380607e-01
 -1.2630945e-02
 -4.2065654e-02
 -1.0392243e-02
  1.0772516e-03
  8.3113037e-02
 -7.1258731e-02
  5.5952456e-02
  4.9364105e-01
 -1.2330412e-01
  2.6938277e-03
 -1.0610871e-02
  3.0424410e-02
 -2.8869477e-01
  2.9431274e-02
  1.5869468e-01
 -5.3367514e-02
  4.2000305e-02
 -1.9151600e-01
 -4.3031272e-02
  3.6193404e-02
  6.7375816e-02
  2.1779047e-02
  1.8171085e-02
  1.7115383e-01
 -1.7359272e-01
 -1.2649340e-02
 -1.3269372e-01
  5.2904427e-01
  4.1503996e-02
 -5.2142620e-01
 -3.2932675e-01
  5.5257863e-01
 -1.1250895e-01
  1.5810332e-01
  4.0941961e-02
  1.5928626e-01
 -1.2849757e-01
 -2.6331580e-01
  9.8377973e-02
 -6.5400250e-02
  1.4927907e-01
  3.9402969e-02
  2.0227875e-01
 -1.6851497e-01
  3.3464864e-02
  4.3888062e-02
  2.6372137e-02
 -8.0802955e-02
 -1.0750840e-01
 -3.1014770e-01
  1.8221806e-01
 -1.5026572e-01
  2.8527159e-02
 -9.6170083e-02
  1.0419898e-01
 -3.0965862e-01
 -1.4927311e-01
 -3.0340550e-02
  2.3991430e-01
 -2.5495496e-01
 -1.1862911e-01
  3.5316950e-01
 -1.3630643e-02
 -1.5844472e-02
 -3.2484986e-02
 -7.9782404e-02
 -2.2736112e-02
 -1.4906949e-01
  9.7802758e-02
  1.5374801e-01
  1.3899827e-02
 -1.8256095e-01
  2.0777058e-02
 -1.7359312e-01
 -2.4994572e-01
  6.6983163e-02
 -3.2452602e-02
 -3.1054597e-02
 -6.2440094e-03
  2.6290717e-02
  1.0566918e-01
 -1.1221520e-01
  2.8883833e-01
  1.1988518e-01
 -1.7814358e+00
 -7.8466693e-03
 -1.2272399e-02
  2.3383148e-01
 -1.1601006e-01
  6.2487345e-02
 -1.0168182e-02
  5.1641364e-02
 -2.0308416e+00
 -1.3762334e-01
  4.8185921e-01
  3.7260982e-01
  8.7836228e-02
  2.7977634e-02
  1.1066059e-03
  2.0343937e-01
 -3.6715318e-03
 -7.4885845e-02
 -1.0527087e-01
 -3.4745026e-02
 -2.9966615e-03
  2.1750836e-01
  7.3167339e-02
 -1.7708652e-02
 -1.1696870e-01
  2.2153281e-01
  1.2372695e-01
  1.2982401e-01
  7.1099319e-02
 -2.2731980e-02
  1.6448027e-01
  3.1064081e-03
 -1.3724843e-01
  5.9572931e-02
  2.2213802e-01
  1.2250578e-01
  2.9945243e-02
  2.1184210e-02
  3.7472129e-02
 -7.8516923e-02
  1.2674772e-02
 -6.1994698e-02
  2.1167213e-02
  4.8361640e-02
  2.4282513e-02
 -1.3612391e-01
 -2.0583200e-01
 -4.8138157e-02
 -1.1911862e-01
 -1.6077325e-02
  1.7610256e-01
 -1.1225771e-01
 -1.5280560e+00
 -1.6178266e+00
 -8.2333073e-02
 -5.3133374e-01
  5.1885283e-01
  1.3238087e-02
  1.0441699e+00
  6.6609383e-01
  4.3310873e-02
  2.8286850e-01
  3.3600297e-02
 -1.7028295e-01
  4.0578797e-02
 -6.7581713e-02
 -1.1910366e-01
  6.8479463e-02
 -4.8098933e-02
 -3.6811185e-01
 -5.9851460e-02
 -5.0859225e-01
 -1.2158208e-02
  3.4237307e-02
  5.4842584e-02
  1.0112953e-02
  1.6716933e-02
  2.0854518e-02
 -2.7601126e-01
  7.0431009e-02
 -7.0330575e-02
 -5.6910228e-02
  2.1086380e-02
 -3.0274451e-02
  4.2653933e-01
  2.1671416e-02
 -2.2233706e-02
 -2.4800755e-02
  1.0669000e-02
  1.3360694e-01
  1.0425733e-01
 -5.2121174e-02
  3.7497830e-02
 -1.2684644e-02
  5.5445004e-01
 -8.5606888e-02
  1.4293335e-01
  1.1210867e-02
 -1.9037789e-01
 -6.3440412e-02
  3.2613945e-01
 -5.1132046e-02
 -6.9908760e-02
  2.5927087e-02
  1.9474737e-02
  2.2164838e-01
 -8.1865437e-02
  4.4296011e-02
  2.1915538e-02
 -1.6550717e-01
  1.1687000e-02
  6.2518638e-01
 -1.2347463e-01
 -1.8615368e-01
 -3.4473127e-01
  3.1260434e-01
  5.6227613e-02
  1.3578334e-02
 -6.4575829e-02
 -2.7809797e-02
  4.1690278e-03
 -1.7156076e-01
 -5.7899818e-02
  1.5211311e-01
  1.4558294e-01
 -3.1051797e-01
  7.1861809e-01
 -6.0427740e-02
 -6.4071700e-02
 -3.5328507e-01
 -3.5531086e-01
 -1.5875262e-01
 -2.6106679e-01
  2.5281873e-01
  3.5532475e-02
  5.1622367e-03
 -7.5709969e-02
 -3.5889816e-01
  9.3543851e-01
  1.1243328e-02
  5.1990315e-02
 -4.5551490e-02
  1.1087176e-01
 -8.0218045e-03
 -6.5914907e-02
  7.0230715e-02
 -1.3273625e-01
  4.4368856e-02
  7.8185640e-02
 -1.6234539e-01
  2.6251540e-01
 -1.2848458e-01
 -3.8486026e-02
  1.1135951e-01
 -4.6576843e-01
  1.3516204e-01
 -1.3894120e-01
  3.2190361e+00
 -3.2895908e-01
  7.0626073e-02
 -1.5803103e-01
 -7.5196341e-02
  6.5742284e-02
 -7.4645811e-01
 -1.8018107e-01
 -8.0875948e-02
  1.7951661e-01
 -1.4986247e-01
  1.5229760e+00
  1.1163083e-01
 -1.0277066e-01
  3.0699536e-02
  2.2230098e-02
  2.7287716e-02
 -1.0761707e-01
  3.2310095e-02
  1.1102305e-01
 -1.8446183e-01
 -4.0338054e-02
  1.3261817e-01
  2.0047218e-02
  3.7811932e-03
  8.6322978e-02
  3.1587741e-01
  5.7616562e-02
  4.8548777e-02
  8.6734146e-02
 -2.3220974e-01
  2.2681443e-02
 -1.6875844e-01
 -9.0670092e-03
 -1.5161895e-02
  6.0698714e-02
 -8.9060284e-02
 -9.8471902e-02
  7.3804392e-04
  1.7755684e-02
 -1.1699982e-02
 -9.7606242e-02
 -1.5103169e-01
  9.3612671e-02
 -9.4060168e-02
  2.8581464e-01
  2.4574026e-01
 -1.9566768e-01
 -4.4987682e-02
 -6.3142146e-04
 -1.0798682e-02
  1.0873737e-01
 -1.3516344e-01
  7.9651373e-03
  2.4829989e-02
  1.1353078e-01
 -4.4788748e-01
 -4.9207262e-03
 -2.4636078e-01
 -2.6122389e-02
 -2.5459452e-02
  2.2850320e-01
  1.8817490e-01
 -7.0851438e-02
  3.0004913e-02
  5.5033471e-02
 -8.5908130e-02
  4.1449341e-01
 -1.8458095e+00
 -9.3370026e-01
  2.4577951e-01
 -5.5876508e-02
 -2.0035009e-01
  1.0221026e-01
  4.0598743e-02
 -5.9601617e-01
  1.0435888e-02
 -2.2625642e-02
 -1.1724533e+00
  4.2782877e-02
  9.5186733e-02
  1.5580459e-01
  1.6189884e-01
 -9.5971607e-02
 -2.0732257e-01
 -6.3200623e-01
  6.1201595e-04
 -1.8747106e-01
 -1.5182929e-01
 -5.0977394e-02
 -1.9658425e+00
 -3.3922777e-02
 -2.1726713e-02
 -2.8354779e-02
 -1.0585941e-01
 -2.3425786e-01
  3.3038836e-02
  1.7015962e-01
  9.5429778e-02
 -6.5981925e-02
  1.4154494e-04
  2.1097958e-01
 -8.7215126e-02
  1.6143449e-01
 -2.1727152e+00
 -9.2553272e-04
 -1.4572343e-01
  4.5096930e-02
  8.3149888e-02
 -1.7457949e-02
  8.3778128e-02
  4.6587061e-02
  7.7456428e-04
  2.7696835e-03
  7.8741185e-02
 -4.0868646e-01
  4.9278669e-02
 -7.4104995e-02
  1.0436384e-01
 -8.3629631e-02
  1.6128889e-01
 -8.0406919e-02
  3.2551593e-01
 -4.0531120e-01
 -4.6831909e-01
  6.0110867e-01
 -5.6014723e-01
 -1.4295149e-01
  1.9318964e-01
  3.2918316e-03
  1.7067691e-02
  1.5918238e-01
  1.1543489e-01
  3.2695875e-02
  9.4377398e-02
 -1.7642759e-02
  2.4396054e-01
 -2.8366655e-02
 -2.7381617e-01
 -1.3438319e-01
  1.4966412e-01
 -7.5300649e-02
 -4.8927497e-02
  1.2620208e-03
  1.3288958e-01
 -2.1789713e-01
  3.6940608e-02
 -1.7043808e-02
 -9.2222735e-02
 -2.3497829e-01
 -1.9162248e-01
  7.3371209e-02
 -2.4904478e-01
 -1.9343466e-01
 -2.3043862e-02
 -1.0940251e-01
 -1.0732054e-02
  6.3814186e-02
 -5.6887066e-01
 -9.0544499e-02
 -1.3259494e-01
 -1.0102948e-02
  1.3693830e-01
 -1.9873830e-02
  1.2333423e-02
 -6.9215231e-02
 -7.9982340e-02
 -9.2146479e-02
 -7.2073638e-02
  3.1078069e-02
  1.4992236e-01
 -7.7031814e-02
  1.5154580e+00
 -6.1529044e-02
  1.1336517e+00
  3.1290457e-01
  1.1954679e+00
  4.1927201e-01
 -8.1958783e-01
 -3.4697529e-02
 -1.9998585e+00
  3.3658836e-02
 -2.3471754e+00
  1.4968702e+00
  1.3522834e+00
 -9.6812539e-02
  3.1451747e-01
  1.3242757e-01
  8.9465035e-03
 -8.5585856e-01
  1.6145870e-01
  9.5345981e-02
 -3.9247790e-01
  7.4351704e-01
  1.9812091e-01
 -1.3424040e-01
 -2.1507673e-02
 -2.8907023e-02
 -6.7925796e-02
  4.0921435e-02
 -1.5939504e-02
  1.0673362e-01
  1.4751942e-01
  7.3736501e-03
 -2.6486883e-01
  2.0195704e-02
 -3.3050388e-01
  1.3319553e-01
  4.9453580e-01
 -1.8458595e-02
 -3.2024313e-02
  6.8283282e-02
 -1.1982052e+00
  3.8895651e-03
 -4.3389730e-02
 -7.2035212e-03
  6.7630842e-02
 -1.2328599e-01
 -3.9662760e-02
 -6.8467908e-02
  1.6588074e-01
  5.8044147e-02
  8.9773517e-03
 -1.2686078e-02
 -3.3479598e-01
 -1.7410291e-02
  1.8607950e-01
 -1.6264628e-01
  4.8843604e-03
 -1.3413517e-01
 -1.8348610e-01
 -2.3289923e-01
  3.3827204e-02
  7.3214389e-02
 -4.7714364e-02
 -5.8536214e-01
  2.0581263e-01
 -4.8965693e-01
 -5.2226496e-01
 -3.8499793e-01
  2.1615492e-01
  8.9031644e-02
  2.2684053e-01
 -7.3077190e-01
 -1.8976724e-01
  2.9000807e-01
  2.2003858e-01
 -1.0730237e-01
 -1.1034887e-01
  2.0785715e-01
 -2.6197622e-02
 -1.7502280e-01
  3.1469122e-01
  8.0375567e-02
 -2.2291197e-02
 -6.7419022e-01
 -3.7490454e-02
  2.3167580e-01
  2.7887994e-01
 -3.9329863e-01
 -6.2416386e-02
 -6.3727742e-01
  2.6969385e-04
  3.5708375e-02
  1.2524889e-02
 -2.8761027e-02
 -1.4396856e-02
  2.5668968e-03
  5.3590108e-02
  6.2941164e-02
 -1.8060449e-01
 -1.0203657e-01
 -5.7816930e-02
  2.4384129e-01
 -7.6316476e-02
 -5.6585204e-02
 -2.7433285e-01
 -3.9895531e-03
 -2.3809135e-02
 -4.2115536e-02
 -3.3005112e-01
 -3.9605281e-01
  1.2543920e-01
 -1.3356774e-01
 -5.1737957e-02
 -5.9695894e-01
 -1.5406443e-02
 -2.2133709e-01
  2.7721089e-01
  2.0092897e-02
 -1.1035558e-01
  1.5609074e-01
  1.1460824e-01
 -5.9647381e-01
 -3.8502169e-01
  2.9086709e-01
  3.5893595e-01
  3.8616101e-03
 -7.7142194e-02
 -9.2804514e-02
  3.8188741e-02
  1.1430652e-01
 -2.1008307e-01
 -3.8596947e-02
 -3.3312991e-01
  2.9041785e-01
  3.3168841e-02
 -3.8038645e-02
 -1.3208897e-01
  3.0229151e-01
  7.2029454e-04
  6.5359976e-03
 -9.9257566e-03
  1.7113751e-02
  2.6146386e+00
 -3.8923299e-01
 -4.1189358e-02
  1.3131145e-01
 -1.2383558e-01
  5.1909152e-02
  1.1920135e-02
  7.1114473e-02
 -4.4753382e-01
  1.0579460e-02
 -3.6733396e-02
 -1.4642924e-01
  1.0391893e-04
 -1.5253183e-02
  1.8378202e-02
 -8.0220159e-03
  4.4829078e-02
  1.1431102e-01
 -1.1099604e-01
 -1.9328158e-02
  1.0832056e-01
  1.3365996e-01
  4.1943196e-02
  4.1394126e-02
 -2.8329766e-01
  1.6444857e-01
  2.7239579e-01
  9.0858638e-02
  3.2066491e-01
 -8.1595266e-03
 -1.9840151e-01
 -1.0151273e-02
  1.7223752e-01
 -2.1397142e-01
  2.7577144e-01
  9.0503794e-01
  5.3735916e-02
 -8.4941931e-02
  2.3479187e-01
  1.6500697e-02
 -6.0138744e-01
 -1.5222032e-01
 -7.8522097e-03
  9.0970889e-02
 -3.3079402e-03
  7.8850037e-01
  9.3898594e-02
 -1.6732015e-01
 -3.7654508e-02
  6.7240989e-01
 -1.9536138e-01
  2.9098778e-03
 -2.9184820e-02
  1.0258250e-01
 -2.1439597e-01
  5.5774618e-02
  2.0058168e-02
  7.1154892e-02
  8.4040053e-02
 -4.8177887e-02
 -9.3188155e-03
 -1.3275355e-01
  5.0558202e-04
 -8.0132648e-02
  1.0249167e-01
  1.7391435e+00
 -4.0671270e-02
  6.6036291e-02
 -1.8791986e-01
  3.9111683e-03
  2.4043605e-01
 -3.7827414e-01
 -1.6455856e-01
 -9.3609296e-02
  1.6719162e-02
 -6.0166981e-02
 -1.6153157e-01
  1.5859218e-01
 -1.9656265e-02
 -5.9978901e-03
 -1.0955699e-01
 -1.9279930e-01
 -7.8711756e-02
 -3.5882022e-02
  6.1763488e-02
  5.0314873e-02
 -3.3574563e-01
 -1.8696912e-01
 -4.0973705e-01
 -9.7455412e-02
  4.3464768e-01
  1.4210324e-01
 -1.2844312e-02
  2.3748474e-02
  1.8566152e-01
 -1.3491252e-02
 -2.6372455e-02
 -8.5736699e-03
  3.1573199e-02
 -4.3376112e-01
  7.5437903e-02
 -2.2183012e-02
  1.6508931e-02
  2.4049673e-02
 -1.5688686e-01
  1.9818807e-01
 -6.4165756e-02
 -6.9392520e-01
 -1.0477844e-01
  1.4888151e-01
 -2.3257336e-02
  1.3747803e-02
  2.2399339e-03
  8.5425414e-03
 -2.3819196e-01
 -2.4929915e-02
  9.4142221e-02
  3.2794762e-02
 -1.1939216e-01
 -6.1901964e-02
  1.1585985e-01
  7.0051096e-02
 -4.2898962e-04
 -1.5825148e-01
  1.1884583e-01
 -2.3730693e-02
  1.2663808e-01
 -2.3548044e-01
 -8.1452049e-02
 -1.4897826e-02
 -1.5749982e-01
 -4.1611171e-03
 -2.1769555e-02
  7.0753410e-02
 -4.5013007e-02
  1.8039240e-01
 -4.6431016e-02
 -2.8815353e-01
  1.6672501e-01
 -1.8265690e-01
 -2.4408032e-01
  3.2581515e-03
  2.4456544e-02
  6.0854673e-02
  1.5520065e-01
  8.6259604e-01
  3.1177926e-01
  9.0373498e-01
  2.6226299e+00
 -8.4425938e-01
 -3.1023043e-01
  4.3069191e-02
 -5.8714688e-02
 -3.9026815e-02
  2.9767213e-02
 -1.0145000e-01
  2.2320751e-02
  1.0229454e-01
  6.2198583e-03
  5.1159751e-02
  3.1971138e-02
 -1.5213733e-02
  2.6173905e-02
  4.3850318e-02
  7.7121146e-04
 -1.2869991e-01
 -2.1881508e-02
  1.4029382e-01
  1.0275047e-01
 -7.0287600e-02
  2.7205917e-01
  1.1655443e-01
 -2.9604871e+00
 -1.4375041e-01
 -2.9027572e-01
 -6.7528379e-03
 -2.0281070e-01
 -7.7409949e-03
  2.7064452e-01
  4.2462454e-04
 -1.7679453e-01
 -3.2217517e-02
  3.9753988e-02
  1.5122280e-01
 -1.4576577e-01
  1.6621418e-01
  1.0418554e-01
 -4.6308931e-02
  5.1900107e-02
  4.3469656e-02
 -1.4368716e-01
 -7.1457885e-02
 -7.9868250e-03
 -6.8918847e-02
 -1.4062491e-01
  1.4668521e-01
  1.2270497e-01
  2.9551966e-02
 -7.1019538e-02
  1.2939814e-01
  3.9781470e-02
 -3.2125735e-01
 -3.1261593e-02
 -9.8665130e-01
 -2.9985569e+00
  1.3806343e-01
 -1.0368555e-01
  1.6091701e-01
  6.1553389e-02
  3.3837485e-01
 -1.0108026e-02
  1.9345747e-01
 -2.5992793e-01
 -1.3958949e-01
 -1.4801833e-01
 -7.8437157e-02
 -4.0434480e-01
 -1.3799132e-01
 -3.4904812e-02
  7.2312221e-02
 -7.1647756e-02
  3.4638685e-03
 -9.4108256e-03
  3.7859652e-02
 -7.9640999e-02
  8.8497266e-02
  1.0075083e-01
 -1.8030185e-01
  4.1444160e-02
  8.4028924e-01
  1.7023477e-01
 -2.9340487e-02
 -6.0066253e-02
  7.8151636e-02
  1.4182474e-01
 -2.5545308e-01
  5.7058159e-02
  5.0045151e-02
  3.7747864e-02
 -3.2315999e-02
  2.2893074e-01
 -1.4052240e-02
 -6.2537991e-02
 -1.4754575e-03
  8.7014854e-02
 -7.9352148e-03
 -1.0489520e-01
 -2.1256423e-01
 -1.2518504e-01
 -2.0472723e-01
  1.8497713e-02
 -1.6047660e-01
 -5.9187703e-02
 -2.9436088e-01
  2.2915266e-01
 -2.7316580e-02
  2.1174097e-01
 -4.2101854e-01
 -6.1695803e-02
 -3.6640126e-01
  5.9579474e-01
 -1.3160794e-02
 -3.5788727e-01
  6.2059492e-02
  1.2833081e-01
  2.9790539e-02
 -1.0273984e-01
  3.0208115e-02
  4.8656855e-02
  2.8074262e-01
  7.2006188e-02
  1.9022594e-01
  2.5709844e-01
  4.0050443e-02
  2.0698871e-01
 -2.5207780e-02
 -2.0554978e-01
 -8.3165959e-02
  8.3611280e-02
 -6.2793386e-03
  2.5212392e-01
  9.7033203e-02
  1.0600622e-01
 -5.0585486e-02
  1.0259788e-01
 -2.7096262e-02
  5.6938872e-02
 -9.3705431e-03
  1.0015361e-01
 -1.4418361e-01
 -1.5017605e-01
 -7.7792101e-02
  6.1029083e-01
  9.7656079e-02
 -1.4413884e-01
 -1.9860683e-01
 -4.3676402e-02
 -2.3537089e-01
 -2.5874129e-01
  6.1955482e-01
  8.2163885e-03
  8.3735194e-03
  3.3739571e-02
 -6.4284042e-02
  1.1955509e-01
  4.6360273e-02
  1.3264473e-01
  8.0167308e-02
 -4.3816354e-02
  1.3354832e-01
  6.3921258e-02
 -1.5446426e-01
 -4.7388747e-02
  1.9868974e-02
 -6.1823890e-02
 -3.1062537e-01
  7.0018613e-01
 -8.1145182e-02
 -1.6276701e-01
 -1.0045700e-02
  6.4523764e-02
  6.3526116e-02
  6.2165484e-02
  6.4503931e-02
  6.6933200e-02
 -3.7994705e-02
  2.4790864e-01
 -2.3461042e-01
 -4.4778198e-01
 -5.7331234e-02
  8.5467855e-03
  9.9627763e-02
 -3.6923300e-02
  6.2861353e-02
 -3.6092129e-02
 -5.4167737e-03
  1.3925357e-01
 -3.3405259e-02
 -1.6983046e-01
 -3.5080793e-01
  5.2614316e-02
  3.5508642e-01
 -6.1261565e-03
  1.1851225e-01
 -4.3589838e-02
  1.0185306e-02
  4.7792677e-02
 -3.9530214e-02
  1.2960355e-01
  2.7414234e-02
 -2.7453857e-02
  3.8918350e-03
  1.1294411e-01
 -2.3200901e-02
 -2.2224851e-02
  6.8434946e-02
 -6.6748351e-02
  1.5159158e-01
 -2.4073038e-01
 -2.1726528e-02
  2.1647526e-02
 -4.5737479e-02
  9.0120599e-02
 -4.0075783e-02
 -2.2161290e-02
  3.0520821e-02
  6.6695750e-02
  1.9015856e-01
 -5.8903184e-02
 -8.7306708e-02
 -5.0582832e-01
 -1.3241229e+00
 -1.8670330e+00
 -6.1687540e-02
 -4.2991927e-01
  1.5541133e+00
 -4.1439793e-01
 -2.8694449e-03
 -1.1844075e-01
  6.5273389e-02
 -4.7844820e-02
  4.1630212e-02
  6.9073945e-02
 -8.3341878e-03
 -6.8819083e-02
 -1.1231280e-01
 -9.0112463e-02
  9.2817642e-02
  1.8134207e-01
 -2.5332567e-01
 -3.5866416e-01
  8.5530765e-02
  9.3242340e-02
 -4.6425015e-01
 -3.2865557e-01
  5.9388570e-02
  5.0522113e-01
  1.1474661e-01
  3.6951795e-02
 -4.5163762e-02
  7.2736315e-02
 -4.3577337e-01
 -1.9759022e-01
 -1.3197266e-02
  1.4313956e-01
  1.6706958e-02
 -1.4237361e-01
 -1.8865192e-02
 -2.4047104e-01
  2.4806838e-01
  1.4555939e-01
  2.9636589e-01
  1.4297257e-01
  2.5982904e-01
  3.2215101e-01
  4.3557647e-01
 -1.2131091e-01
 -1.2832680e-01
  1.1447460e-01
  1.2406524e-01
 -6.8257284e-01
  6.7279249e-02
  1.7429073e-01
 -6.7843787e-02
 -3.3765458e-02
  1.8635126e-02
 -1.3425702e-02
 -2.5124791e-01
  9.4755560e-02
  2.4897534e-01
 -7.8100786e-03
 -1.2282804e-02
 -1.1231718e-01
 -2.0355782e-02
  1.0100062e-01
 -5.7694986e-03
 -4.5520902e-02
  2.4866797e-02
 -2.3506004e-01
 -1.4821573e-02
 -4.2266130e-01
  1.3476282e-01
  8.5711099e-02
 -3.4565294e+00
  5.0902747e-02
 -7.6995842e-02
  1.0631870e+00
  5.8234088e-02
 -9.2363961e-02
 -1.7129593e-01
 -1.1274794e+00
 -1.8172314e+00
  9.8156035e-02
 -9.3042575e-02
  5.5179186e-02
  2.3396973e-02
 -1.5611312e-01
  1.3915239e-01
 -2.8241545e-01
 -1.8946394e-02
  2.9927838e-01
  1.0007063e-01
  5.3516660e-02
  2.3233713e-01
  4.9273418e-03
  4.0362012e-02
  1.5460956e-01
 -2.0460437e-01
  2.1470802e-02
 -1.6236112e-02
 -1.1632456e-01
 -1.3807651e-01
 -3.6276672e-02
  6.3270074e-03
 -1.6043928e-01
 -2.0965131e-01
  3.3517007e-02
 -1.3651457e-01
 -1.4789115e-01
  2.8289550e-03
 -2.2154604e-01
  1.3677193e+00
  6.0388643e-02
 -5.2159542e-01
  7.2320007e-02
 -6.9721013e-02
  6.9012783e-02
 -6.1464369e-02
 -3.0593995e-02
  4.8296894e-03
 -1.6377203e-02
 -2.4496774e-01
 -5.3294610e-02
  8.6844347e-02
  5.5095628e-02
 -1.0846912e-01
  6.1843999e-02
  7.2931914e-05
 -2.5483710e-01
  1.4695716e-02
 -1.8061844e-01
 -1.1382437e-01
  1.6144249e-01
  1.4059632e-02
  5.1388824e-03
  9.5772073e-02
 -6.0924469e-03
 -7.7151246e-02
 -2.8820589e-02
  4.2832130e-01
  9.4112247e-02
  7.2621428e-03
 -4.7065236e-02
 -4.8398897e-02
 -1.0112310e-01
 -1.6098708e-01
  2.1404944e-01
  1.3562101e-01
  1.4468938e-01
  5.6996103e-02
  8.0243155e-04
 -8.0647059e-02
 -1.7840836e+00
 -2.8842114e-02
 -1.2179781e-01
  4.3082666e-01
  5.0304662e-02
  6.7145079e-02
  8.8089094e-02
  1.1321481e-01
  5.1939268e-02
 -2.0725800e-02
 -5.1618323e-02
 -1.6690753e-02
 -1.2024016e-02
  8.5116133e-02
 -4.8903823e-01
  2.2504255e-01
 -2.2845112e-02
 -1.9449717e-01
 -3.2287471e-03
  1.0754133e-01
 -5.3702456e-01
 -1.2374150e-02
 -5.5944059e-02
 -1.1451474e+00
 -1.8896928e-01
 -7.4134231e-02
  1.9983333e-03
 -2.7381185e-02
 -2.1645235e-02
 -9.4840176e-02
 -2.9481217e-01
 -5.1080059e-02
  4.5387272e-02
 -2.4507178e-02
  6.9678962e-02
  2.5338570e-02
 -1.3379905e-01
 -6.3476551e-01
 -2.3750600e-01
  2.4543547e-03
 -1.0820056e-01
  3.1813547e-02
  4.0732774e-01
  4.1144963e-02
  1.8346254e-02
 -1.4867122e-01
 -9.3554527e-01
 -1.0089779e-01
  2.2073767e-01
 -1.1022636e+00
  3.5594791e-01
 -4.7828215e-01
 -1.6187243e-01
  6.8478771e-02
 -1.1542073e+00
  5.3919351e-01
  1.1860461e-02
  2.2595902e-01
 -3.0071888e-02
  5.9797792e-03
 -4.9488045e-02
 -1.2256029e-02
 -7.2074342e-01
  2.0588845e-01
  3.6328009e-01
 -1.5556484e-01
  2.2804296e-02
  4.8692126e-02
  8.0918022e-02
 -2.3927027e-02
 -1.0132845e-01
  2.7485996e-01
 -1.1781687e-01
 -6.8620831e-01
  5.3399271e-01
  4.4457206e-01
  3.8488036e-01
 -2.9263315e+00
 -2.3517422e-01
  2.2842459e-02
  2.4730356e-01
 -6.1633367e-02
 -7.8643329e-02
  6.1340429e-02
 -1.6717848e-01
  2.8614352e-02
  8.2213588e-02
 -3.0045597e-02
 -1.0273717e-01
  1.1231017e-01
  6.3944854e-02
  5.0205123e-02
 -1.5238152e-01
  2.3475568e-01
 -1.3233352e-02
 -2.7524328e-01
 -1.2340209e-01
 -6.7539610e-02
  1.3288127e-01
  1.3043316e-02
  4.6833333e-02
  8.2351692e-02
  8.3418898e-02
  6.0364604e-02
  2.8358253e-03
 -1.7114292e-01
 -3.9223927e-01
 -3.0457753e-01
 -6.4925477e-02
  5.3782389e-02
 -4.1818965e-02
 -1.2890677e-01
  1.8384732e-01
  9.5056176e-02
 -1.5303963e-02
 -6.4612880e-02
  2.6836159e-02
 -3.1195721e-03
  1.3648118e-01
  3.2333359e-02
  1.8900889e-01
 -1.0266830e-01
  8.7828543e-03
 -1.2136615e-01
 -3.5773914e-02
 -1.5675394e-02
 -1.2030026e+00
  4.5445657e-01
 -1.4361350e-01
 -3.0554876e-01
  5.7061720e-01
 -2.4355137e-01
 -6.0119450e-01
  1.8093497e-01
 -2.3701899e+00
  2.1113801e-01
 -3.8820006e-02
  5.6588191e-01
  2.4236925e-02
  4.7791728e-01
  1.0381293e+00
 -4.6139845e-01
  3.4189373e-01
  2.9329866e-01
  1.6728958e+00
  2.2421589e+00
 -1.5896046e+00
 -1.5796345e-01
 -4.1479170e-01
  2.8384036e-01
  1.9386727e-01
 -9.3242228e-01
 -2.2310604e-01
  7.8893721e-02
 -2.9486650e-01
  4.4757423e+00
 -2.9688535e-02
  1.6017169e-01
 -1.0119452e+00
 -1.0400702e+00
 -1.2868395e+00
 -1.0254912e-01
  1.8312818e+00
  4.0206861e-01
  1.6129620e-01
  5.6498045e-01
  3.0687431e-01
 -9.2076856e-01
  8.2061790e-02
 -3.8140875e-01
  8.0791555e-02
  2.7553248e+00
 -2.3901379e-01
  2.1735030e-01
  2.5248098e-01
  4.9267057e-01
 -4.8344389e-01
 -3.4163941e-03
 -4.0949095e-02
  2.6180065e-01
  4.0996224e-01
 -2.0026695e-03
 -5.9467471e-01
  2.9419044e-01
 -2.2094338e-01
 -1.5655596e+00
 -1.5207261e-01
 -5.0096267e-01
 -1.6023991e-01
 -8.6269528e-02
 -1.4757103e-01
  8.2145858e-01
 -5.1278016e-03
  4.3522739e-03
 -4.1619790e-01
  2.0469101e-01
  1.0209960e-01
 -1.5158832e-01
 -4.5423606e-01
  8.2512997e-02
  2.0508598e-01
  1.8018237e-01
 -1.1814198e-02
  1.4359587e-01
  2.0761240e-01
  1.2925158e-01
 -2.1095553e-01
 -8.2943916e-02
 -8.5591301e-02
  1.2371186e+00
  1.0639265e-01
  2.0676745e-01
  1.1236220e-02
 -9.6762809e-04
 -4.4959310e-02
 -3.0378401e-01
 -4.5784265e-02
  1.0366344e-01
 -6.3488215e-02
 -1.0739406e-01
 -6.2246293e-01
  6.4181328e-01
 -5.2320176e-01
  1.5872584e-01
  8.8135630e-02
 -1.2482055e-01
 -1.2318836e-01
  2.9811501e-03
  1.5589719e-01
  6.3545495e-02
  1.9034658e-01
 -1.9994900e-01
  8.4837168e-02
  2.5215307e-01
  1.0261307e-01
 -2.5276905e-01
 -5.8772847e-02
 -3.3963263e-01
 -2.8573892e-01
  3.1276220e-01
 -1.2991521e-01
 -5.3733468e-01
  3.4094620e-02
  4.2161739e-01
 -2.2217468e-03
  3.0681903e-02
  4.4703144e-03
  4.7258779e-02
 -2.6124504e-01
  2.0219071e-02
 -5.6606992e-03
  1.7918451e-02
  8.0104545e-02
 -6.3742422e-02
 -2.9624714e-02
 -1.0412139e-01
 -1.0992285e-01
  1.4504912e-01
  1.1568175e-01
  8.6160846e-02
  4.2830016e-02
  2.3102477e-02
 -2.1798955e-02
  6.4162932e-02
  6.1274815e-02
  3.5840459e-03
 -5.7687964e-03
  7.9937808e-02
  1.6401453e-02
  5.9664376e-02
  8.8251585e-01
  1.6469629e-01
  7.8219891e-02
  2.2649281e-01
 -3.0212726e-03
 -8.1498250e-02
  7.6558188e-02
  3.2250014e-01
 -7.6895818e-02
  1.1821601e-02
  1.5099683e-01
  2.6169920e-01
  1.0451696e-01
  2.0490853e-01
  4.8149541e-01
  5.2979044e-03
  2.8597364e-02
 -4.1682250e-03
  3.1975221e-03
  7.6126494e-02
  2.6342070e-02
 -9.9478438e-02
 -6.5951556e-02
 -2.8245306e-01
  6.7106262e-02
  1.9320397e-02
  5.1899809e-01
 -1.1499078e+00
  1.5087911e-01
  1.1990023e-02
  7.7483669e-02
 -1.6845724e-01
 -1.2757306e-01
 -1.6433129e-01
  2.1509260e-02
  3.7737276e-02
 -2.0323079e-03
 -2.8621145e-02
  1.3294289e-01
  8.8134818e-02
  1.1969340e-01
  3.5190585e-01
  8.0971450e-02
  1.0000521e-01
  1.2328600e-02
 -1.6176817e-01
  5.9514742e-02
  1.0597599e-01
 -1.3006265e-01
 -2.2176318e-02
  4.9550161e-02
 -7.3508906e-01
 -7.7938266e-02
  3.0455044e-01
  2.5800711e-02
  3.0070970e-02
 -2.1346616e-02
 -6.7915298e-02
 -5.4260647e-01
  9.9378861e-02
 -2.1655194e-02
 -2.9260606e-01
 -8.7319449e-02
 -1.4472787e+00
  1.2505001e-01
  7.5697251e-02
 -7.6390817e-05
  4.9526419e-02
 -8.1389703e-02
  9.1690212e-02
 -1.0384023e-03
  1.5871204e-01
 -9.3752526e-02
  2.0408556e-01
 -1.6031332e-01
  7.8693777e-02
 -2.5903398e-01
 -1.6173072e-01
 -5.6831513e-02
 -1.5169153e-01
 -9.1911352e-01
  7.3065329e-01
 -5.3343751e-02
  4.4168851e-01
  4.9175271e-01
  6.8105203e-01
  3.9923623e-01
 -9.1187581e-02
 -3.5038462e-01
 -1.9123475e-01
 -6.1521444e-02
 -2.6988077e+00
 -4.4247609e-02
 -2.5444046e-02
  2.6552333e-02
 -7.4567890e-01
 -1.8191166e-02
 -7.8520954e-02
  1.8826893e-02
 -2.3615403e-01
 -1.7248999e-01
  4.9291313e-02
 -1.1267965e+00
 -9.9121816e-02
 -9.7075114e-03
 -8.8817763e-01
  5.0332223e-04
 -4.2692620e-01
  3.7990323e-01
  5.7964438e-01
 -3.1490770e-01
  1.2757067e-02
 -3.0643083e-02
  8.4254675e-02
  8.2103692e-02
  1.5851184e+00
 -5.9769802e-02
  2.5074136e-01
 -1.9403690e-01
 -8.1896493e-03
 -1.1209581e-01
  5.9912872e-01
  1.9971585e-01
 -1.5308426e-01
 -9.7302016e-04
  1.3599084e-01
  2.2700009e+00
  1.1842763e-01
 -1.1003329e+00
 -8.4793739e-02
  3.6235300e-01
  1.4302312e-01
 -1.7037168e-03
 -1.0468233e-01
 -4.9577013e-02
  2.9862573e-02
  3.9761946e-02
  2.1932425e-02
 -1.1596709e-01
  3.2091424e-01
 -1.0250429e+00
 -1.0455149e-01
 -6.3115770e-01
  1.2296981e-01
  2.1443537e-01
 -1.0000542e-02
  1.0388856e-01
 -1.7701578e-01
  5.1691337e-03
 -6.3391022e-02
  4.2374927e-01
  1.5107782e-02
  2.3963699e-01
  4.0593797e-01
 -5.1637430e-02
  1.9823274e-02
  8.8612452e-02
  2.7411928e-02
  3.4284167e-02
 -1.8651003e-01
 -1.1940126e-02
  3.1516995e-02
 -1.4480776e-01
  4.8191186e-02
 -4.8373219e-02
  6.6184844e-03
 -1.5015880e-02
  2.6054794e-01
 -1.5285964e-01
  3.1062737e-01
  1.6866156e-01
 -1.4388034e-02
  2.6916785e-02
 -9.2263557e-02
  8.3203614e-02
 -2.0147800e-01
 -1.0552495e-01
 -2.7166998e-02
  2.9029173e-01
 -7.9533234e-03
 -1.7308633e-01
 -1.7577043e-02
 -9.5679156e-02
  3.6190286e-02
 -1.1579765e-01
 -5.3243406e-02
  6.7204781e-02
 -4.6537715e-01
  1.9382982e-02
  1.0341775e-02
  9.2936493e-03
  5.9963841e-02
 -1.1880634e-01
  6.0001131e-02
  1.6313154e-01
  2.1572487e+00
 -2.9494923e-02
  1.1580370e-01
  7.6017201e-02
 -7.2970679e-03
  8.3198726e-02
 -9.0286255e-02
  3.9372481e-02
  9.0914797e-03
  1.1164413e-01
  6.2845707e-02
  1.3173413e-01
  1.1365438e-01
 -5.6967475e-02
 -4.8857581e-02
  2.3155385e-01
 -7.7200957e-02
 -1.3767094e-02
 -2.8959610e-02
  1.7257882e-03
  1.4392141e-01
 -1.3773407e-01
  8.3296120e-02
  3.2630857e-02
 -6.0252338e-03
 -4.1245282e-02
  5.3458408e-02
  6.6217951e-02
  7.5099543e-02
  9.0046607e-02
 -9.7805649e-02
 -2.7029553e-02
  1.4854586e-01
 -1.0278730e-01
  5.9902176e-02
  2.7521687e+00
 -1.3017581e-01
 -2.2481814e-01
 -1.5567446e-01
  6.3499182e-02
  1.4939757e-01
 -3.9257847e-02
  1.5489259e-01
 -1.2139829e-01
  4.1228104e-03
 -4.9267258e-02
 -2.7694380e-01
 -2.8330102e-03
 -1.7647335e-02
  1.0948689e-01
 -4.4863480e-03
 -2.7107952e-02
 -1.0819785e-01
  2.5962639e+00
 -1.6932407e-02
 -6.4430773e-01
 -1.5355270e+00
  3.5080099e-01
  2.3661396e-02
  5.8259752e-02
 -1.1915047e-01
  2.5500977e-01
  9.1079034e-02
 -5.5568516e-02
 -1.2853771e-02
  2.4523884e-01
  6.2994696e-02
  1.1681752e-01
 -5.3810645e-02
 -2.0961732e-01
  9.1592688e-03
 -2.6956487e-01
 -6.7513734e-01
  1.5180469e-01
 -8.8078059e-02
  7.9939716e-02
 -5.3620879e-02
  2.3059856e-02
 -1.7965397e-02
 -1.0171119e-01
 -1.0988736e-01
 -1.8579893e-02
 -5.9276529e-02
 -1.9271988e-01
  1.0880753e-01
 -1.7301241e-01
 -3.1398946e-01
 -1.3854635e-02
  4.6746813e-02
  2.8049710e-01
 -2.5927437e-02
  5.0583791e-02
 -1.5273634e-02
  2.4818033e-02
  3.5503872e-02
  3.5134010e-02
 -8.2056272e-01
  2.8023243e-02
 -1.8798968e-01
 -3.2522947e-01
 -1.6262619e-01
  1.1365386e-01
  1.2774076e-01
 -4.3502754e-01
 -3.0425712e-02
 -5.5650018e-02
 -3.2664206e-02
 -2.2741203e-01
  1.2441344e-01
  1.5113524e-01
 -1.2579550e-01
 -8.1910813e-01
 -4.1224626e-01
 -1.1412413e+00
 -6.2825513e-01
  1.4550851e-01
  5.3990078e-01
 -4.0755337e-01
 -5.5428278e-01
 -2.7870024e-03
 -6.6373187e-01
  7.6152727e-02
  5.8653718e-01
  4.0698990e-01
 -4.0298858e-01
  5.1980704e-01
 -1.1182391e-01
 -6.6006735e-02
  1.2481538e-02
 -2.1568295e-02
  1.6143598e-01
 -2.5898704e-01
 -4.2341861e-01
 -1.9293956e-01
 -8.1205204e-02
 -1.6844314e-02
 -4.5728639e-01
 -1.4328204e+00
 -6.3185245e-01
 -2.2265736e-02
  3.5822320e-01
 -7.4578750e-01
  3.8828701e-01
  1.1582936e+00
  4.5128163e-02
  1.5208049e-01
  1.7996132e-02
  2.0544703e+00
 -1.8651982e-01
 -4.9117607e-01
  8.5760742e-02
 -6.4084381e-01
 -1.8113832e+00
  5.4113247e-02
  1.3602797e+00
  6.1104365e-02
  5.2831542e-01
  7.2558582e-02
  2.3825696e-02
 -1.3757521e+00
  2.3527789e-01
 -8.6765176e-01
  6.3573867e-01
 -1.4873700e-01
  8.1231520e-02
 -2.7569983e+00
 -1.6950085e+00
  4.3142125e-02
 -1.7101070e-01
 -2.0320525e-02
 -1.4144710e-01
  1.9768130e+00
  4.4259831e-01
 -1.2773883e+00
 -3.6312097e-01
  1.1885436e+00
  8.3428867e-02
 -1.2587343e+00
  3.1056938e-01
  4.8931304e-02
 -2.0298228e+00
 -7.1260542e-01
 -1.6259481e-01
  1.0581443e+00
 -1.6118789e-01
  1.9302834e+00
 -8.1749588e-01
  7.6453403e-02
  1.2528151e-01
 -8.9866221e-01
  5.8268231e-01
  4.8608574e-01
  2.2861816e-01
 -5.7087392e-02
  8.3628567e-03
  9.4044253e-02
 -3.4327600e+00
  6.5900445e-01
 -3.9790541e-01
  2.7222581e+00
  1.2953784e+00
 -2.3259399e+00
 -1.3303494e-01
  1.1794485e+00
  8.9977926e-01
  7.0295554e-01
 -6.6551220e-01
  2.0992219e-01
  1.3576082e+00
 -9.9589549e-02
  3.1386435e-02
 -3.2885319e-01
 -1.5738580e-01
 -2.3876619e-02
  2.4145103e+00
  1.9318965e-01
 -1.7957568e+00
 -5.1376037e-02
  1.0919945e+00
 -7.7184176e-01
  2.5690656e+00
  3.8741431e-01
  2.0861373e+00
 -2.5514925e-01
  9.7554964e-01
 -3.0382377e-01
 -8.3416325e-01
 -2.5757536e-01
 -2.0444040e+00
 -5.4195851e-01
  1.9290911e-01
  1.8345565e+00
  9.3696856e-01
  1.1062149e-01
 -8.2866031e-01
  4.6023288e-01
  2.1034250e-02
 -6.7864209e-02
  2.0055845e-02
  2.0673913e-01
 -1.2683322e-01
  3.7731829e-01
  4.6946416e-03
 -1.3947301e-01
  2.0471241e-02
 -1.0242854e-01
 -2.8970452e-02
  1.0655356e-03
  1.6062649e-01
 -3.5024485e-01
 -4.2999797e-02
  7.3257439e-02
 -8.2272410e-02
  2.5297704e-01
  4.4488743e-02
  4.0804735e-01
  8.2369382e-03
  2.6867023e-01
  1.6746204e-02
  1.7224641e-01
 -5.0617646e-02
 -3.7562037e-01
  4.4514042e-01
 -1.5542941e-02
  2.0882395e-01
 -8.0906905e-02
 -9.1662834e-04
  2.4091280e-01
  8.2015738e-02
  7.7156729e-01
  3.6659516e-02
  5.6573752e-02
  8.3663151e-02
 -7.2106816e-02
  1.2001926e-02
  1.0374092e-01
 -1.0988728e+00
  3.0158502e-01
 -2.3521514e-01
 -1.1525228e-01
  5.1508076e-02
 -4.7980703e-02
  6.1267573e-02
 -1.7695841e-01
  1.1207873e-02
  3.3932559e+00
 -3.8953453e-02
 -3.1135020e-01
 -3.8035143e-02
  6.0162641e-02
  4.5608800e-02
 -1.4792958e-01
  3.6029601e-01
 -2.0736064e-01
  1.2982547e-01
  1.0253959e-01
  2.0048319e-01
 -1.2408044e-01
 -1.8460952e-02
 -3.9358279e-01
  1.5605456e-01
 -1.6124342e-01
  7.4569628e-02
  3.4574305e-03
  6.7691982e-02
  6.4818516e-02
  1.6866080e-01
 -2.5751564e-01
  1.3700235e-01
  5.2721910e-02
  2.2649132e-01
  5.1687825e-01
 -1.7831731e-01
  1.2922788e-01
  1.3022013e-01
  1.0875173e-02
 -5.3373661e-02
 -7.2085030e-02
 -2.0355023e-02
 -3.9610788e-02
  1.8930156e-02
 -7.7169468e-03
 -9.5289481e-01
 -1.4016315e-01
  6.1754294e-02
  5.5725742e-02
  1.1425260e-01
  2.3962400e-04
 -5.2242365e-02
 -7.6677524e-02
 -3.7931625e-02
  8.9303985e-02
  1.3130319e-02
  1.2303662e-01
 -3.7686497e-01
  1.1020185e-01
 -3.3065725e-02
  6.0135145e-02
 -1.2425429e-01
 -6.0237277e-01
 -8.0255546e-02
  3.8866407e-01
 -2.7118005e-02
  8.2360640e-02
  4.0541943e-02
 -2.7689526e+00
 -2.3323509e-01
 -2.8942546e-01
  1.4010920e-01
  3.8739089e-02
 -1.9329760e-02
  3.6537057e-01
  1.0816770e+00
 -9.0187669e-02
 -8.0102004e-02
 -2.6732504e-01
 -1.0688691e-01
  1.1167022e-01
  1.5760259e-01
 -2.4986491e-02
  7.2122976e-02
 -6.5918729e-02
 -9.2202805e-02
  1.8468140e-01
  3.6919825e-02
  3.8533375e-02
 -2.0052683e-02
  2.1099908e+00
 -1.9219280e+00
  1.4350028e-01
 -3.1574890e-02
  6.7277350e-02
 -1.5348108e-01
 -2.5997868e-02
 -7.0200689e-02
  4.3633163e-02
  5.4328263e-02
  1.0418819e-01
 -1.8229026e-02
  2.3092806e-01
 -1.1796466e-01
 -2.6290971e-01
  2.0796075e-01
 -4.3221645e-02
 -3.8925130e-02
 -3.9484557e-03
  3.9542800e-01
 -8.5103547e-04
  8.7828636e-02
  1.3680860e-01
  1.0439268e-01
 -6.9573581e-01
 -2.8394930e+00
  1.4288908e-01
  5.6617562e-02
  7.7178016e-02
  4.2658210e-02
 -2.2837588e-01
 -1.3826277e+00
 -6.6413540e-01
  1.0391120e+00
  3.4995234e-01
 -1.0743158e+00
 -1.0719191e-01
  1.2045005e-01
 -1.4823569e+00
 -1.9418474e-01
 -9.0333465e-03
  9.3069866e-02
 -3.5754865e-01
 -1.4427796e-02
 -7.3079163e-01
  2.6546636e-01
  1.2822579e-01
 -1.3837367e-01
  3.9733261e-01
  7.5560379e-01
  2.7563912e-01
  9.6686907e-02
 -9.5543310e-02
 -2.8050914e-01
  7.5370289e-02
  1.2726203e-02
 -2.2185110e-01
 -4.1463763e-02
 -3.9904216e-01
  4.9716237e-01
  7.6905438e-03
 -4.4805974e-02
  3.1064051e-01
  2.2166598e-01
  3.4234363e-01
  6.4524305e-01
  4.3726948e-01
  3.9771390e-01
  2.3634079e-01
  3.9064938e-01
  2.7384776e-01
  2.1116113e-02
  3.5453635e-01
  1.2823698e-01
 -9.9233854e-01
  4.9417414e-02
  4.0034807e-01
  4.0254124e-02
  5.0658584e-01
  6.3760281e-03
 -5.3973816e-02
 -1.4660820e-02
  4.3567778e-03
 -2.3017648e-01
  1.3111211e-01
  8.4578015e-02
  2.0356227e-01
 -5.9665605e-02
  1.5876238e-01
  3.2067776e-03
  1.6054278e-02
  2.5544731e-02
  9.6473098e-03
 -4.0355399e-01
 -1.5775103e-02
 -5.9803493e-02
  2.2377873e-02
 -1.4549977e-01
  9.5740473e-03
 -2.4474967e-01
  6.6893607e-01
  9.2587590e-02
 -1.5694509e-01
 -5.6175965e-01
  9.6911997e-02
  1.2285203e-02
  1.0366593e-01
  1.3523868e-01
  6.3835636e-02
 -2.7138129e-02
  8.6655580e-02
 -2.5313041e-01
 -1.6096416e-03
 -5.4633396e-04
  1.8756521e-01
 -2.6401627e-01
 -1.4691976e-01
 -2.0643401e-01
 -1.4180844e-01
  9.6737199e-02
 -2.8070652e-01
 -2.0614160e-02
 -5.7926904e-02
  6.8336069e-03
  2.4651538e-01
  5.2994985e-02
 -3.3566512e-02
  4.6497652e-01
  2.5807628e-02
 -2.5868523e-01
 -4.5900296e-02
  7.2878532e-02
 -5.9315473e-02
  1.8774833e-01
 -1.1138406e-01
 -5.0061543e-02
 -1.3861855e-02
 -3.9738003e-02
  6.8551576e-01
  1.0315197e-02
 -2.9434437e-01
 -3.1857687e-01
  8.6645171e-02
 -2.3079119e+00
 -4.0017331e-01
 -3.3226618e-01
 -2.8704533e-01
 -1.3740752e-03
  3.0409297e-01
 -5.4864768e-02
 -3.4206469e-02
 -9.9202633e-02
 -3.1299970e-01
 -1.2834565e-01
 -1.3409160e-01
  1.0720405e-01
 -2.9562812e-02
 -1.0588396e-01
 -1.2013849e-02
  1.8901128e-01
  4.3488368e-02
  2.8252819e-01
 -1.5545010e-02
 -1.3284935e-01
  8.0309793e-02
 -4.4280883e-02
 -9.3785308e-02
 -1.7688999e-01
 -6.8452573e-01
  6.4061567e-02
 -6.9764659e-02
  2.6853383e-01
 -1.5176354e-01
 -6.8955041e-02
 -2.9003551e-02
 -7.7470362e-02
  8.5928746e-02
  2.7348718e-01
 -3.3797752e-02
 -9.9274561e-02
  6.5904669e-02
  1.4376087e+00
 -7.2052352e-02
 -3.0680728e-01
  1.1251147e-02
 -9.6129421e-03
 -3.0357805e-01
 -3.6193863e-02
  3.0993378e-01
  1.9147903e-01
 -4.3027170e-02
  6.1850343e-02
 -3.4811378e-02
  1.8745777e-01
 -2.7735332e-02
 -2.7535425e-03
 -3.4458289e-01
  1.6279496e-01
  1.0827044e-02
 -2.5721669e+00
 -2.3433907e-02
 -7.3666066e-02
 -3.9418128e-01
  1.9245544e-02
 -1.2793685e-01
  5.4731783e-02
  9.1783017e-02
  3.0001093e-02
  7.1239673e-02
 -4.1937799e+00
 -2.2788204e-01
  1.9469656e-01
  1.3898728e-02
  2.3890296e-02
 -1.2284712e-01
  8.2473613e-02
 -7.4545480e-02
 -1.0271789e-02
  6.1640035e-02
  1.5159053e-01
  1.6725247e-01
  3.8630512e-02
 -4.3857399e-02
 -1.1291701e+00
  1.9208493e-02
  3.1548545e-01
  6.2813200e-02
 -3.1844710e-03
  2.9818717e-02
  3.3959854e-02
 -1.5259635e-01
 -7.3263280e-02
 -9.2047729e-02
  1.0829188e-01
 -9.0495013e-02
 -6.9036961e-02
 -4.3788504e-02
  1.1226377e-01
 -3.7613112e-02
  5.1373690e-02
  1.1291252e-01
  1.7223076e+00
 -4.9033919e-03
  3.4556564e-02
 -2.1472571e-03
  5.9164099e-02
 -9.5509840e-03
  3.6536589e-01
 -4.0147688e-02
  5.2713726e-02
 -1.2816896e-01
 -1.7635016e-02
 -7.3883116e-02
 -6.4305687e-01
 -5.8119756e-01
  9.0081942e-01
  4.5708060e-01
  7.2717249e-01
 -1.0452611e-01
 -5.5892217e-01
  1.2732194e-01
 -3.1067514e-01
 -4.7361370e-02
  1.1778054e-01
  3.4366198e-02
 -7.4939072e-02
  5.4355842e-01
  2.9078459e-02
 -5.8714074e-01
  6.3675627e-02
  6.5236799e-02
 -3.8575922e-04
 -7.5645231e-02
 -1.8856567e-01
 -8.9383489e-01
 -5.4693449e-02
 -4.3043781e-02
 -2.1475394e-01
  5.2080549e-02
  1.2416833e-01
  1.2425761e-01
 -1.1432319e-01
  4.5196664e-01
  2.1775678e-01
 -1.4741570e-01
 -3.9925445e-02
  6.2292933e-02
 -3.3384806e-01
  7.9965387e-03
  2.4976692e-01
 -8.5943550e-02
  2.2323158e-02
 -2.5859642e-01
 -1.1697736e-01
  8.6727512e-01
  7.8336962e-02
  8.2401162e-01
  1.8857162e-01
 -1.0176873e-01
 -2.0376076e-01
 -4.7012761e-02
 -5.5773866e-01
  3.0594191e-01
 -1.1393484e-01
 -1.5189618e-01
  1.5230520e-01
  6.1527763e-02
 -3.7657982e-01
 -6.0377724e-02
 -6.0931966e-02
  2.1156480e+00
 -2.3875941e-01
  9.2640322e-01
 -1.4664977e-02
 -8.4670150e-01
  1.3372678e-01
 -2.4471422e-01
  7.2421682e-01
  4.3459799e-02
  4.4192463e-01
 -1.6697396e-01
  5.4292060e-02
  3.9342946e-01
  1.6670067e-02
  8.0611512e-02
 -6.0276598e-01
  1.8259436e-01
  1.1394493e-01
 -7.7068478e-02
 -1.0700413e+00
 -1.4431803e-01
  3.9464505e-03
  1.7018776e-01
  1.2127250e-01
 -8.1554341e-01
 -1.6687019e-01
  2.6100919e-01
  3.4699354e-02
  2.6108074e-01
 -2.7560076e-02
  4.1944064e-02
  2.7694780e-01
 -1.9252279e-01
  6.3257307e-01
  3.1892270e-02
 -1.9427939e-01
  1.3982407e-02
  1.0887051e-01
  2.9906079e-01
 -1.2646705e-02
 -3.7706468e-02
  3.0060841e-02
 -4.2140961e-01
  2.6883665e-01
  2.2371683e-01
 -9.4728582e-02
  9.1057104e-01
  2.6608148e-01
  2.4136125e-01
 -9.0146363e-03
  1.3212913e-01
  3.7150737e-02
  6.3319337e-01
  5.9121966e-02
 -2.1630364e-02
  7.5281352e-01
  3.5306874e-01
  6.9220895e-01
  4.2439893e-02
 -1.1732166e-01
 -1.9580841e-01
 -5.4395247e-01
 -4.8910420e-02
 -8.7366819e-02
 -1.5554111e-01
 -1.0319399e-02
  1.2268248e-01
 -9.4953209e-02
  5.0545609e-01
 -6.7040964e-04
 -5.1832985e-02
 -2.6936740e-01
 -1.6215667e-01
 -8.5065871e-02
  2.3553357e-01
  1.5104073e-02
  1.2588996e-02
 -4.6632659e-02
 -5.3460652e-01
 -2.1881986e-01
  8.1254773e-02
 -3.5939664e-02
  5.9875373e-02
 -1.6686793e-01
  6.5407930e-03
  8.9357637e-02
 -2.3208943e-01
 -8.7368375e-01
 -1.2149929e-01
  2.2716222e+00
 -1.0470856e-01
 -1.8019268e-01
  8.0376887e-01
  7.5653359e-02
 -7.5915463e-02
  2.4883360e-01
 -9.1018647e-02
  3.1270495e-01
 -1.6407038e-01
  7.2946563e-02
 -2.8618073e-02
 -4.9138699e-02
  1.9515961e-01
  9.6898697e-02
  1.1498310e-01
  6.8617210e-02
  3.1988318e-03
  1.0157061e-01
 -2.0738499e-01
  8.5494250e-02
 -3.4194652e-02
  5.3047878e-04
  7.6483738e-01
  1.1612923e+00
 -2.1972415e+00
  2.1380141e-01
  3.6279026e-01
 -3.7606061e-01
  2.7734110e-02
 -1.4974941e-01
 -4.8930869e-03
  2.7941031e-02
  3.7033562e-02
  2.4727988e-01
 -1.1147739e-01
  1.1263444e-01
  6.4731777e-02
 -3.4674352e-01
  3.9442983e-02
 -9.5219448e-02
  1.3032325e-01
 -3.7739050e-01
 -2.3274262e-01
 -6.0273837e-03
  5.2820433e-02
 -3.3123460e-02
  1.6175229e-02
  2.8539592e-01
 -7.7240452e-02
 -5.6206174e-02
 -2.8125715e-01
  3.3492613e-01
  3.7031408e-02
  1.0181028e-02
 -2.1336780e-01
  2.0622155e-02
 -6.4209990e-02
 -1.9901142e-01
  3.4753121e-02
 -1.1791458e-01
 -7.0320249e-02
 -3.8378462e-02
  3.8037430e-03
  7.4278266e-04
 -1.6928679e-01
 -1.4462772e-01
 -3.2672316e-01
  1.0164500e-01
  1.7334770e-01
  1.4984390e-01
  1.4207064e+00
  2.6639023e-01
 -1.7959639e-01
 -2.3949817e-01
  5.4516271e-03
  2.6358714e-02
  3.5357479e-02
 -1.0388360e-01
  1.2022724e+00
 -5.1270984e-02
 -1.1883379e+00
  8.0382740e-01
  1.6021272e+00
  7.7874267e-01
  2.0878540e-01
  2.0276120e-01
  6.6498977e-01
 -2.9463619e-01
  1.5411016e-01
 -3.5906997e-02
 -2.1169050e-01
  4.0997770e-02
 -2.6521593e-01
 -2.2837801e+00
  1.3577738e-01
 -4.3302321e-01
  2.3543799e-01
 -2.2964921e+00
 -6.6761054e-02
 -2.6212537e-01
 -6.7436382e-02
  7.8518584e-02
  2.0907451e-01
  3.4726140e-01
  1.3754004e-01
 -1.0546283e-01
 -1.0484217e-01
 -4.3211311e-02
 -6.4647719e-02
  2.1258947e-01
  2.9857075e-01
 -9.0407476e-02
 -3.1917071e-01
  9.4738081e-02
  1.0427050e-01
  5.3154427e-01
 -1.0830334e+00
 -1.3721078e-02
 -4.7268942e-01
 -1.0668126e-02
  8.3800918e-01
  9.6416444e-02
 -4.6507514e-01
  1.5476680e-01
 -3.1387545e-02
 -1.1428713e+00
  5.1074181e-02
  1.2846070e-02
  5.7085723e-02
 -2.9001957e-02
 -1.9417048e-02
  1.7396469e-01
 -4.2030100e-02
 -9.1222942e-02
  1.0306522e+00
 -1.1617358e+00
 -1.4768668e-02
 -1.3598112e-02
 -1.0814048e-01
 -1.9898060e-01
  2.5389954e-02
  3.0266300e-02
  9.1993742e-02
 -1.9968608e-03
  5.7619079e-03
  3.4798957e-02
 -5.0353333e-02
  8.3727024e-02
 -9.0831826e-03
  5.4345615e-02
 -4.6308476e-02
  4.9026093e-01
  4.1821562e-02
  4.2959708e-01
  1.8340826e-01
  8.0932558e-01
 -1.4642602e-01
 -7.7943869e-02
  9.2977867e-02
 -1.2396882e-01
 -1.3066176e-01
 -5.0538495e-02
 -1.7016403e-01
 -1.0288315e-01
  1.3631925e-01
 -1.1292281e-02
 -5.3834802e-01
 -1.5796424e-01
  1.5269554e-02
  8.6512916e-02
  1.6465834e-01
  3.6618166e-02
 -2.6049573e-02
  1.5245615e-01
 -1.7397651e-02
 -2.7024159e-01
  3.9423537e-02
 -1.0139292e-01
  1.2926254e-02
 -2.9029794e-02
 -8.4148146e-02
  9.0396479e-02
 -7.6171106e-01
 -1.5147041e-01
 -3.1068794e-02
  3.9078924e-01
  5.5378001e-02
  4.6606222e-01
  6.8237059e-02
 -1.4005938e-01
 -1.1387665e+00
  1.2534032e+00
  1.4579762e+00
 -1.4899263e+00
 -5.2831030e-01
 -2.0509236e+00
  5.2819777e+00
 -7.2987366e-01
  4.1719109e-02
  7.5876497e-02
  1.5950109e-01
  1.0204459e-01
 -1.5056725e+00
  1.5866661e-01
  2.9431316e-01
  1.0490736e-01
 -1.0761827e-01
  2.5774598e-01
  4.6290469e-01
  7.7588117e-01
  3.1293178e-01
  2.4777330e-01
  4.8765296e-01
  8.8839717e-02
 -1.8973278e-01
 -9.4759864e-01
 -3.1861782e-02
  9.6275669e-01
  1.0297473e-01
 -6.2735945e-01
 -3.1590253e-01
  7.6636398e-01
 -1.3188910e-01
  2.0974169e+00
 -5.8263189e-01
 -1.7573784e-01
  2.4524245e-02
 -2.5189105e-01
  1.2990288e-01
 -1.0290074e-01
  4.4204077e-01
  6.1641634e-01
 -8.9662354e-03
 -1.3070638e-02
 -1.8761788e-01
 -5.9807584e-02
 -1.2080020e-01
  2.5361946e+00
 -2.2474298e+00
 -2.5821698e-01
  4.3420892e-02
 -2.9540163e-01
  2.2860901e-01
  1.6501585e-02
 -2.1905699e-01
 -1.4373508e-01
 -4.3498438e-02
  3.5464662e-01
  3.3898512e-01
  1.5596104e-02
  1.8035951e-01
 -2.6396403e-01
  9.0416633e-02
 -4.5957722e-02
 -1.5796463e-01
 -4.5247946e-04
  2.3952710e-02
 -1.7324390e-01
  1.3024647e-02
  4.7464788e-01
 -2.1121667e-01
 -2.9959127e-01
 -1.3157803e-01
 -1.7985308e-01
 -2.7311361e-01
 -1.1383830e-01
 -5.4426253e-04
 -3.8078118e-02
  5.2375947e-03
  5.5184144e-01
  1.7432404e-01
  5.1528797e-02
  1.4073905e-01
  1.4556998e-01
 -3.5980025e-01
 -3.4023612e-03
 -5.4236301e-03
 -1.5667544e-01
 -5.2000705e-02
 -3.9719764e-02
 -1.1509657e-01
  3.4409478e-02
 -3.5999473e-02
  6.1695767e-03
 -8.8557541e-02
 -1.4510812e-02
  3.4119505e-02
  4.4629159e-03
 -7.3436201e-03
  2.0376602e-01
 -2.9685584e-01
 -4.3541458e-02
 -2.6928633e-01
  7.3281783e-01
  2.2451779e-01
 -5.9036948e-02
  5.7826504e-02
 -1.2494323e-01
 -1.9783764e-01
  2.6997771e-02
 -6.0952112e-02
  1.4442186e-01
  2.1995105e-01
  1.1969449e-01
  3.5540289e-01
 -1.6335819e-02
  3.6696190e-01
 -5.0842296e-02
  6.3650496e-04
  2.5856689e-01
 -1.7136373e-01
 -4.8975285e-02
 -1.3733648e-01
  1.7506799e-02
 -1.2669031e-01
  2.6783970e-01
  2.1025056e-01
 -5.3080335e-02
  7.6123565e-02
  1.2658972e-01
  2.9768815e-02
 -4.8999637e-02
  8.3048761e-02
  1.5729287e-01
  6.5564364e-02
 -6.1037835e-02
 -1.9889046e-02
 -9.6038562e-01
  8.8905126e-02
  2.5239319e-02
  5.4264259e-02
  5.2208718e-02
  1.1544055e-01
 -1.2584804e-01
 -1.6462818e-01
  2.3450026e-01
  1.5699375e-01
  6.2477559e-02
  1.2560951e-02
  4.6154745e-02
 -2.8666368e-01
  6.5419942e-02
  4.0287193e-02
  4.9829561e-02
  7.3676057e-02
  6.6377771e-01
  4.9488630e-02
  4.2030480e-02
 -7.7459179e-02
  2.5876884e-03
  5.5038359e-02
 -1.5620650e-01
 -1.1841701e+00
  7.3822709e-03
  9.0955915e-03
 -1.4174934e-01
  1.4486814e-01
  2.8440747e-01
  6.9141322e-01
  1.9216436e-01
 -8.0820560e-02
 -6.0727352e-01
 -2.5017697e-01
  2.7464213e-02
 -7.6549023e-01
 -2.3446290e-02
 -1.1346015e-02
 -5.5850953e-02
  1.0340345e-02
 -7.3422655e-02
 -5.0947034e-01
  1.1957706e-01
  1.0831320e-01
  3.0619731e-02
 -6.4271763e-02
 -3.7045306e-01
  1.4420308e-01
  6.4120793e-01
  3.3518802e-02
 -1.9820487e-01
  2.3077485e-01
 -7.7661753e-02
  1.1073014e-02
 -6.0223602e-03
 -1.0523078e+00
 -1.3328205e-01
 -2.5182721e-01
 -6.4148590e-02
 -8.2006574e-02
 -3.7956621e-02
 -1.2447029e-01
 -7.3816150e-01
 -4.1870111e-01
  5.7145722e-02
  8.3074145e-02
  2.0441547e-01
 -2.2989494e-01
  1.0057556e-02
  2.0920999e-01
 -2.1645622e+00
 -1.8269821e-01
 -1.3410462e-01
  2.2501185e+00
  4.3653481e-02
 -1.6322942e-02
  8.7412107e-01
 -5.8835727e-04
  8.7874778e-02
  5.4674208e-02
  5.8828197e-02
 -1.1270595e-02
  4.7393394e-01
 -1.8269618e+00
 -2.6533116e-02
  9.0638292e-01
  3.2678834e-01
  2.5595561e-01
  5.8261961e-01
 -7.6752353e-01
  1.7839777e-01
 -1.3566004e-01
  2.6270973e-02
  1.2931159e-01
 -4.0912218e-03
 -2.8751093e-01
  8.5219711e-02
  4.8048116e-02
 -9.7944941e-03
  3.6619447e-02
  6.4924216e-01
 -4.5759946e-02
  3.1192598e-03
 -1.8108034e-01
 -1.5213075e-01
 -2.6711804e-01
  2.7458370e-01
 -2.0308095e-01
  7.3390096e-02
 -4.0391180e-01
  2.5874302e-02
 -1.3610730e-01
 -1.9123062e-01
 -1.7924555e-02
  3.7186384e-01
 -1.9906038e-01
 -1.2203421e-01
  7.0557706e-02
  1.3273892e-01
  6.2171161e-02
 -4.8936447e-03
  2.7580971e-01
 -1.2497873e-02
  1.5477917e-01
  3.0004596e-02
  3.7267115e-03
  1.6556457e-02
 -9.7516514e-02
 -1.5338776e-02
  3.2991704e-01
 -1.7207286e-01
 -1.0768194e-01
 -7.5710997e-02
  1.1282367e-01
  5.2441806e-02
 -9.2472754e-02
 -2.5944620e-01
 -6.0889307e-02
  7.4778102e-02
  5.6410587e-01
 -4.8185974e-02
 -7.5537264e-01
 -4.3759233e-01
  7.1568400e-02
 -2.3456335e-02
  3.3641446e-01
 -7.0987783e-02
 -3.7412769e-01
  5.4649472e-02
 -6.5243021e-02
 -7.0919327e-02
 -2.1659899e-01
 -1.7527431e-02
  5.8358723e-01
  3.9098568e-02
 -2.9448020e-01
 -8.8008434e-02
  1.0469908e-01
  1.6699597e-02
 -2.2937559e-02
 -4.0495150e-02
  8.5430201e-03
 -4.4297777e-02
  1.1122892e-01
  3.9119728e-02
  6.3544236e-02
  3.5583198e-03
  1.2809715e-01
  9.7624965e-02
  1.3736665e-01
 -2.4873469e-02
 -7.5509280e-02
 -4.8980016e-02
 -1.4983686e-02
  1.3195949e-02
 -2.1597815e-01
 -9.3566696e-04
 -8.8070206e-02
  7.3815817e-03
  7.9750232e-02
 -4.4065891e-03
 -5.8774047e-02
  1.3155607e+00
  8.8984467e-02
  1.1688699e-01
 -6.4378921e-03
 -2.4625167e-01
  1.3938820e-01
 -1.5209250e-01
  5.4239381e-02
  8.9617759e-02
  6.1074765e-03
  4.5639798e-01
 -1.1664537e-01
  4.0747095e-03
 -3.0984880e-02
 -1.1664843e-01
  3.5809365e-01
  1.6953018e-02
  1.0868380e+00
  1.1021299e-02
 -4.8162796e-02
  1.1955862e-01
 -6.0938980e-02
 -3.7978418e-02
 -2.9155269e-02
 -3.6853500e-02
 -6.8042269e-03
 -7.1610776e-03
 -2.8045318e-01
  9.3851075e-02
  5.3883619e-03
 -1.4990918e-01
  1.7693786e-02
  1.7178951e-01
 -1.0916094e-01
  2.1700250e-02
 -1.0118214e-01
  2.2883765e-01
 -6.6867307e-02
  1.2863312e-02
 -7.3387042e-02
  3.7369516e-01
  1.0321932e-01
  8.3765974e-03
  1.6887877e-02
 -7.8936026e-02
 -1.1311248e-01
  2.1602744e-01
 -8.4111407e-02
  1.5185705e-01
  8.6376958e-02
 -3.3236048e-01
  2.3734614e-02
  2.9429045e-01
 -2.8030592e-01
 -6.3504040e-02
 -1.5201543e-01
 -6.7035668e-02
  2.7048195e-02
  2.8831620e-02
 -7.6020189e-02
 -2.2802328e-01
  1.1535265e-01
  4.2852587e-01
 -6.1780240e-02
 -2.3156196e-01
  5.2808054e-02
  1.9510713e-01
 -1.6918762e-02
 -3.9169807e-02
  1.4935060e-01
  2.3746607e-01
  3.3497307e-02
 -1.1189146e-01
 -3.2216694e-02
 -8.3229810e-02
  1.0189669e-02
 -9.0034477e-02
 -6.6097654e-02
  3.0120856e-01
 -6.5036245e-02
  2.0549548e+00
  1.2475277e-03
 -1.0303204e-01
 -2.5108659e-01
  2.6684045e-03
  1.2855512e-01
 -2.8532457e-02
  1.0306708e-01
 -1.4088251e-01
  4.9440291e-02
  1.8626619e-02
 -5.4643318e-02
 -1.3903567e-01
 -7.9181634e-02
 -3.6993054e-01
 -2.7983205e-02
 -6.5415353e-02
 -2.2181283e-01
  4.1346022e-01
 -1.9936463e-02
  7.4387781e-02
  3.6510855e-01
 -8.1274182e-02
 -1.0908494e-01
 -6.1078370e-02
  3.4190856e-02
 -1.3733836e-01
 -2.0728925e-02
 -4.0673435e-02
 -1.1481456e-01
  9.2087383e-04
  4.0546689e-02
 -6.4973854e-02
 -6.0671944e-02
 -3.8568687e-02
 -1.2083691e-02
 -1.8476610e-01
 -4.6910763e-02
 -1.7753776e-02
  8.7587073e-02
  3.1331551e-01
  3.6451723e-02
  6.3069850e-02
  3.8879374e-01
  2.8094563e-01
 -1.3483846e-01
 -1.0256549e-01
  5.5498581e-02
 -6.8449301e-01
 -1.2671418e+00
 -1.0703907e-01
 -2.1029316e-02
 -2.0423643e-01
 -6.4331651e-02
 -6.3308731e-02
 -5.7187986e-02
  1.3521963e+00
 -1.5818185e-01
  1.0820806e-01
  3.3280745e-02
  9.7808838e-02
  6.0324457e-02
  4.9734119e-02
  7.1303686e-03
 -7.8337520e-02
  9.3342094e-03
  3.1520065e-02
 -9.9547431e-02
  5.8233631e-03
  8.0440417e-02
 -2.2185338e-01
 -9.9597303e-03
 -2.8379913e-03
 -1.5163387e-01
  3.1044424e-02
 -5.8164623e-02
 -5.7355040e-01
 -2.6691109e-01
 -4.1104995e-02
 -1.4887917e-01
  1.1851114e-01
  1.7858262e-01
  4.9367788e-01
  1.2012195e-02
  9.3918361e-02
  3.1558096e-02
 -7.4971281e-02
  7.6018445e-02
  1.5558065e-01
  9.3569613e-01
  8.0969688e-03
  3.3036586e-02
  1.1270946e-01
  2.2276846e-01
 -5.7411775e-02
 -2.4796005e-02
 -3.6140315e-02
  5.0112080e-02
 -7.8567006e-02
 -2.1622658e-02
  1.9490059e-02
 -1.4576238e-03
  5.2833710e-02
  1.2364858e+00
  6.8395543e-01
 -5.5650622e-01
  1.1925431e+00
 -1.8080395e+00
 -3.1689119e-01
 -4.6614856e-01
  2.9094525e-02
 -8.5253447e-02
 -1.2464224e-02
 -1.1827745e-01
 -2.6552590e-02
  1.2144762e+00
 -1.2702432e-01
 -3.2632121e-01
 -1.9456445e-01
 -1.3597164e-01
  9.4368088e-01
 -1.6821552e-02
  3.3105242e-01
 -6.3852090e-01
 -5.7551850e-02
  4.5423090e-01
  8.4233262e-02
 -3.6066252e-01
 -4.3126336e-01
  1.1116008e+00
  2.5856361e-01
  4.3597537e-01
  3.6343090e-02
  7.5608060e-02
  3.2131195e-01
  1.1529158e-01
  2.3666075e-01
 -2.7875802e-01
  1.3802435e+00
  2.7794270e-03
 -3.5444215e-01
 -1.1865900e-01
 -2.5898682e-02
  2.2743899e-01
 -1.3247393e-02
  5.9774950e-02
 -4.5051083e-02
  1.1851745e+00
  1.1982358e-01
 -8.0817133e-02
 -7.6455452e-02
  2.0998260e-03
 -1.9007505e-01
 -5.9370823e-02
 -2.3549558e-01
  1.9969280e-01
  6.3201010e-02
  1.6126785e-01
  1.2724744e-02
  1.6993403e+00
  1.6348691e+00
 -1.2746954e+00
  3.4546235e-01
 -2.5801146e+00
  8.4418410e-01
 -7.9155374e-01
 -4.4390681e-01
 -3.4896996e-02
 -2.6533541e-01
 -1.7697275e-01
 -1.0393901e-01
  1.7126800e-01
 -1.1121196e-01
 -5.0894964e-02
  2.0684224e-01
 -2.5690895e-01
  1.2039968e-01
  4.2321954e-02
 -1.3497440e+00
  8.7444849e-02
 -1.6627482e-01
  4.4595651e-02
 -5.7550572e-02
  1.6996779e-01
  9.8551624e-02
  1.0932709e+00
  1.6418504e-02
 -7.1282274e-01
  5.9570742e-01
  6.2308084e-02
  1.1730079e-01
 -8.5438973e-01
  1.9583763e-01
  4.6914127e-01
  3.2687485e-01
 -6.7660338e-01
 -2.9525090e-02
 -1.3608707e-01
  1.0951519e-01
 -5.0529677e-01
 -5.3664494e-01
  5.8271784e-01
  4.4887379e-02
 -5.9239477e-02
  1.2470083e+00
  6.8737841e-01
 -3.8813576e-02
 -3.1105801e-01
 -2.7655625e-01
 -5.4162100e-02
 -4.5381792e-02
  6.0656216e-02
  8.7809652e-02
 -3.0706558e-01
  7.6788746e-02
  4.1282156e-01
  8.3244205e-01
  1.7129976e-01
 -9.9462613e-02
  5.7684559e-01
  2.0274629e-01
  1.0327876e-01
 -3.0646782e+00
 -1.8388034e+00
  7.3640332e-02
  8.1263982e-02
  4.4822257e-02
  2.2991870e-01
  6.7199856e-02
  4.0332624e-01
  1.6203439e-02
 -3.6498433e-01
  5.4007840e-01
  2.5067985e-01
  7.0342040e-03
 -4.9184516e-02
  1.3594449e-02
  7.0918947e-02
  1.5383899e-01
 -1.5515266e-01
 -2.1052702e-01
 -2.3548317e-01
  1.0004116e-01
  8.1597194e-02
 -8.5687123e-02
 -2.3589802e-01
 -6.2661961e-02
  5.1588248e-02
  2.8167251e-02
  8.0541372e-02
  5.1187351e-02
  1.0376939e-01
 -1.4726922e-01
  1.1521528e-01
  1.6786006e-01
 -6.5839961e-02
  5.4084994e-02
  9.6665733e-02
 -1.3109407e-03
 -6.5842718e-02
  3.0585252e-02
  5.5978790e-02
  9.9087588e-02
 -4.5444261e-02
  4.5339507e-03
 -6.3257188e-02
 -4.6204008e-02
 -3.5475526e-02
 -3.6404867e-02
  2.9758272e-01
 -7.7248592e-04
 -1.9314812e-01
 -4.3258706e-01
  5.3193760e-01
 -1.1058605e+00
 -1.2901035e-01
  7.1701974e-01
  2.5223640e-01
  5.1553023e-01
  5.5551905e-02
 -3.7570989e-01
  1.4403379e-01
  5.9196661e-04
 -8.9007504e-02
 -2.0569671e-02
 -5.4798239e-01
  2.0311822e-01
 -3.3661425e-02
  1.6490659e-01
 -9.7096406e-02
 -1.5843493e-03
 -1.2504114e-01
 -5.1485501e-02
 -6.9921210e-02
  2.8328385e-02
  6.3555062e-02
  1.4892003e-01
 -4.0192533e-01
 -2.1557389e-01
 -1.1115076e-01
 -6.9732912e-02
 -6.8877846e-02
 -2.8220203e-02
  1.2954476e-01
  1.2568508e-01
 -1.1259595e-01
  1.1624683e+00
  3.3782493e-02
  5.4380704e-02
  8.5478449e-01
  4.8516902e-01
  3.5039365e-01
  2.1623364e-02
 -1.2225273e-01
  2.1344405e-02
 -9.9673904e-02
 -8.4328189e-02
 -1.4266814e-01
  4.8780859e-01
 -8.3116572e-03
 -1.5266211e-01
 -2.7773103e-01
 -2.2586791e-02
  4.2437922e-02
 -1.4536945e-02
  6.5452552e-01
  3.3108510e-02
 -9.4980849e-03
  3.5073826e+00
 -5.0959456e-01
  3.9205931e-02
  2.9112768e-01
 -1.0215429e-01
  1.6150397e-01
 -1.8392606e-01
  9.9902069e-03
  1.1183389e-02
 -1.5101458e-01
 -6.0589449e-03
  5.7639569e-02
 -3.6139658e-03
 -1.0392057e-01
 -7.1836315e-02
 -1.0279527e-01
 -1.7075907e-01
 -4.4692904e-03
  5.1672529e-02
  1.5438855e-01
 -3.3480279e-02
 -1.3448146e-01
  6.9965973e-02
 -7.3486902e-03
  8.7434128e-02
 -1.1863778e+00
 -2.0836407e-01
 -2.1627422e-03
  2.7052758e-02
  9.2477560e-02
  5.0600642e-01
  9.0765366e-03
 -8.3832070e-02
  1.8541676e-01
 -4.6287041e-02
  6.3247210e-01
  3.5260159e-01
  4.7933735e-02
  1.4730568e-01
 -1.4459351e-01
  6.5814501e-01
  1.2650234e-01
  1.5556443e-03
 -3.0191234e-01
  1.5591527e-02
  2.7862163e-02
  1.8183494e-02
 -2.5774881e-02
 -2.1114251e-01
  8.4850769e-03
  1.3606806e-01
 -1.3442488e-01
 -1.9072932e-01
  1.0389075e-01
 -2.3987681e-02
 -1.4493535e+00
 -9.3068361e-01
  9.0507489e-01
  5.6172166e-02
  2.2725089e-01
 -2.4716757e-01
  1.3587719e-01
 -5.1478434e-01
 -5.8518264e-02
  2.6526943e-01
 -1.5246905e-02
  7.8728192e-02
  2.2856049e-01
  1.1797924e-02
  1.1926392e-01
 -1.4933206e-01
  1.2650464e-01
  2.0893948e+00
  1.8029295e-02
  1.5225419e-02
 -3.8154088e-03
 -9.3373239e-02
 -4.2911223e-01
  1.0829585e+00
  2.7124805e-02
 -7.5895645e-02
 -1.2387965e-01
  6.7683816e-02
 -8.0703110e-02
  3.3367621e-03
 -6.9407380e-01
 -2.2274651e-01
 -4.1351449e-03
 -5.8821388e-02
 -3.4275856e-02
  8.0924906e-02
  2.9263365e-01
  1.8960455e-02
 -6.9064510e-01
 -2.7909964e-01
 -1.6328229e-03
 -4.8855841e-03
  1.8806618e-02
  1.8934402e-01
  2.8352052e-01
  1.3678874e-02
  4.9733106e-02
 -9.6816830e-02
  4.3838581e-01
 -1.6992728e-01
  1.0255197e-01
  8.8612661e-02
  7.3988602e-02
 -1.6063105e-01
  3.2288802e-01
 -9.1128066e-02
  3.0258304e-01
 -7.8997631e-03
  1.5873870e-01
  3.8054407e-02
  4.2298079e-01
  1.5497051e-01
 -5.0108081e-01
 -4.8867784e-02
  1.4047074e-02
 -1.0112239e-02
  1.6759293e-01
 -6.3768543e-02
  4.3113539e-03
 -7.5151786e-02
 -1.9995248e-01
  7.6610304e-02
 -2.8113434e-03
  4.9729027e-02
  3.3433154e-02
  2.0770691e-01
  2.2318256e-01
  3.4273069e-02
 -1.1798242e-01
 -8.6113560e-01
 -2.8028211e-01
  6.9665262e-03
 -2.8232810e-01
  1.6353931e-01
 -4.2364356e-01
 -1.6903570e-01
  8.3802149e-02
  4.9539596e-02
 -6.1918008e-03
  2.2309475e-01
  1.5772632e+00
 -1.0354985e-01
 -1.7607945e-01
 -8.9884968e-03
  1.3491707e-02
 -7.1092911e-02
  3.6609445e-02
 -2.3582241e-01
 -1.1352134e+00
  5.0617509e-02
  6.4550273e-02
  5.3749580e-02
  1.4238659e-01
  3.2353368e-01
  2.0303583e-02
 -4.2419428e-01
  6.7493855e-03
  1.2541210e-02
  9.1090046e-02
 -1.7914423e-01
  6.2784337e-02
 -1.3297333e-01
 -3.9064521e-01
  1.1827536e-01
  1.0800376e-02
 -7.3095821e-02
 -3.6845076e-01
  6.3801251e-02
 -5.6322157e-01
  7.5439326e-02
  7.4576855e-02
  1.2490580e-02
  5.2463081e-02
  9.4205387e-02
 -1.8261548e-02
 -2.4963158e-01
 -4.3902926e-02
  1.0875542e-01
 -1.8964146e-01
  1.8726900e-01
  9.1724038e-02
 -4.2858848e-01
  1.8238692e-02
 -1.3874650e-01
  1.4091590e-02
  2.5184146e-01
 -1.5783322e-01
  4.0539026e-02
 -2.3729114e-01
 -2.6091203e-01
 -4.9555849e-02
 -1.1621352e-01
  4.4138737e-02
  8.8405335e-01
  1.9561231e-01
  4.6897639e-02
 -5.7398751e-02
 -1.3672297e-01
 -8.8798039e-02
  2.7011480e-02
  3.0909953e-01
 -1.5988605e-01
 -3.0711859e-01
  2.9108563e-02
 -5.4843694e-02
  2.2844745e-04
  8.0885300e-03
 -1.3738472e-02
  6.3887790e-02
  7.2630927e-02
 -3.3927765e-01
 -3.1407245e-02
  7.7831358e-02
  9.4061241e-02
  5.7870537e-02
  1.0137533e-01
  2.9565930e-01
 -3.8427718e-02
  3.9685997e-01
 -2.5250489e-01
 -2.0927033e-01
  2.4867775e-01
 -2.2649835e-01
 -4.2976331e-02
  3.2136503e-01
 -1.1231847e-01
 -6.6519994e-01
  1.4182480e-01
  7.2347574e-02
  1.7858945e-01
  5.1863587e-01
 -6.2308051e-02
  1.4750573e-01
  1.7053829e-01
  9.0273116e-03
 -2.0181610e-01
 -3.3353451e-01
  1.2000044e-01
  2.9349377e-02
 -3.8051221e-01
 -3.4829700e-01
 -3.0592123e-01
 -3.8732558e-02
  5.6245339e-01
  1.0187197e-01
 -2.0260276e-02
  1.5313710e-01
 -5.6430157e-02
  3.4321815e-02
  3.0451806e-02
  1.4371313e-01
 -3.9872193e-01
  1.3006660e-02
  1.4616859e-01
 -5.5913966e-02
 -4.8076313e-02
 -3.5643542e-01
  6.1101224e-02
 -1.0873178e-01
 -4.0865112e-02
 -2.6033944e-02
 -1.6122960e-01
 -7.5235844e-02
  6.3308240e-03
 -3.2048252e-01
 -1.0641111e-01
 -1.1202719e-01
 -6.5747225e-01
 -9.3704564e-03
  3.4982316e-02
  3.2307599e-02
  1.8651864e-02
 -7.5334169e-02
 -9.2647120e-02
 -6.5738931e-02
  1.2880707e+00
  1.1514908e+00
 -7.2437875e-02
 -1.7717277e+00
  4.3759141e-02
 -2.7592066e-01
 -5.2276333e-03
  6.8643019e-02
  6.4668879e-02
 -7.1941860e-02
  1.7131011e-01
 -3.4542194e-01
 -2.1393266e-02
 -1.1896228e-01
  4.0800165e-02
  2.0397117e-02
  2.5162845e+00
 -9.1321766e-02
  6.9796897e-02
 -1.6372235e-01
 -3.3946931e-02
  2.4396319e-02
 -1.1188380e-03
 -4.1990501e-01
  1.3821718e-01
 -9.5230632e-02
 -3.1835303e-02
 -1.0418566e-01
  1.9979460e-02
 -7.2599447e-04
 -7.6941834e-03
 -1.6447587e-01
  3.3874590e-02
 -1.4673248e-01
 -1.1312664e-01
 -1.6985929e-01
  7.6621801e-01
 -2.4138881e-01
 -6.6580601e-02
 -8.0549233e-03
  2.1749398e-01
  1.5941960e-01
  7.7157788e-02
 -1.4022982e-01
 -8.7659694e-02
  3.3726576e-03
 -6.3991255e-01
 -2.2483487e-01
  4.1170873e-02
 -7.1988839e-01
  1.4489435e-01
 -6.7864411e-02
 -1.9305006e-01
  3.2758892e-02
  9.1309980e-02
  6.4156115e-02
  1.5858625e-01
  2.1772518e+00
  4.6122777e-01
 -3.3836320e-01
 -1.8873174e-01
  2.0486689e+00
 -4.1860845e-02
 -3.0232176e-01
  7.2262205e-02
 -9.1763526e-02
 -7.6737709e-02
  5.1951695e-02
 -5.1982313e-02
  4.4664256e-02
 -2.6243131e-04
  4.1029252e-02
 -3.7750065e-01
  1.1258336e-01
  6.1611324e-03
  2.1091079e-02
  2.3913380e-02
  2.1193398e-02
  4.3746480e-01
  2.5026661e-03
  1.0025635e-02
 -1.9774069e-01
 -2.9979130e-02
  6.7066319e-02
 -1.0442041e-03
 -3.9968845e-01
 -2.3422614e-01
  1.6132849e-01
 -1.6979417e-01
  5.9139878e-02
 -1.5361232e-01
  1.3627359e-01
  1.6583303e+00
 -5.7328343e-02
  5.7287663e-01
  6.4210750e-02
 -2.5201106e-02
  5.5983245e-01
  3.3931952e-02
 -4.8083689e-02
 -4.5629919e-02
 -2.0380598e-01
 -2.2107519e-02
  1.6086198e-02
  5.1448565e-02
 -1.4248908e-02
 -4.3814327e-03
 -1.4229397e-01
 -4.7888830e-03
 -2.8566863e-02
  4.0219188e-02
 -4.0226853e-01
  1.0952996e-01
 -1.1611609e+00
  8.0665678e-01
  1.8853984e+00
 -3.2369826e-02
 -5.7335746e-02
  4.6388470e-03
 -2.1270300e-01
 -6.8567491e-01
 -6.1104700e-02
 -1.1442059e-01
  1.3001131e+00
 -1.2182804e-01
  8.8544928e-02
  1.0266428e-01
 -6.8419665e-02
 -3.3933794e-01
  6.6716537e-02
  5.5169318e-02
  1.4532882e-03
 -2.7233539e-03
 -9.3088061e-02
 -4.2374256e-01
 -2.4876657e+00
  1.8100303e-01
 -6.2686287e-02
 -5.1142889e-01
 -3.7428024e-01
  5.4274088e-01
  6.0955703e-01
 -1.0136975e-01
 -1.3147491e-03
 -3.8084380e-02
 -2.0663941e-01
 -9.2705593e-02
  2.9973887e-02
  5.4298129e-02
 -3.1246725e-01
 -5.3812343e-01
 -5.3338861e-01
 -1.2709427e-01
  1.1829311e-01
  4.0950216e-02
 -1.7631665e-03
 -9.7006997e-03
 -3.3683742e-03
  2.2016626e-02
  2.3800804e-01
  2.2964630e-01
 -3.6896405e-01
  1.5664189e-01
  1.0385095e-01
 -6.1828946e-03
 -7.1459872e-01
  4.1277003e-02
  1.0992482e-01
 -2.1706681e-01
 -7.3248321e-01
  2.2483018e-01
 -4.0884130e-02
 -2.1673478e-01
  1.1374506e-01
 -1.8187692e-02
  1.5650730e-01
  5.5543542e-01
 -6.6241018e-02
  1.2768178e-02
 -3.7807602e-01
 -5.0200362e-02
 -3.3838335e-01
 -7.1866775e-01
  3.3327654e-02
  5.3041309e-01
 -6.8956661e-01
 -1.1526374e-01
 -1.6469687e-01
 -5.5146746e-02
  1.0633215e-01
  2.1151677e-01
  3.2582745e-02
 -8.5799195e-02
 -7.0214979e-02
  2.5919774e-01
  1.6765144e-01
  9.5831886e-02
 -1.2868990e-01
 -1.1063384e-01
  1.8996248e-02
 -6.0765362e-01
  2.5493914e-01
 -6.5637183e-01
 -2.1429931e-01
  8.4982440e-02
  1.6769256e-01
 -2.0449026e-01
  2.7095792e-01
 -1.2773556e-02
 -3.6477813e-01
 -1.1877706e-01
  3.9292846e-02
  2.0098561e-01
 -1.1128502e-01
 -1.2365552e-02
 -6.7798823e-02
 -1.4235610e-02
  3.8450974e-01
 -4.4863362e+00
 -9.8741889e-02
 -1.7570902e-02
 -4.6826929e-02
 -3.5450095e-01
 -1.0271961e-01
  4.2102812e-03
 -5.3336388e-01
  1.0200443e-01
 -4.5442894e-01
 -1.9561660e-03
  3.4590060e-01
 -3.5573879e-01
  1.9454669e-02
 -2.8183937e-02
  3.8956441e-02
 -2.3909993e-02
 -9.0114772e-02
  1.8019509e-01
 -3.5825043e+00
  8.9466639e-02
  1.3451564e-01
  3.6620166e-02
 -2.2914228e-01
  1.5927659e-01
  1.7920764e-01
 -2.4004718e-02
 -7.1451716e-02
  1.9503635e-01
  2.9415961e-03
  6.4814866e-02
 -1.1654141e-01
  5.6944025e-04
 -5.4535836e-01
 -4.9890041e-01
 -8.1282504e-02
  5.4088905e-02
 -6.4335257e-02
 -7.6854430e-02
 -8.7472951e-01
  1.7519003e-01
 -2.1630334e-02
  2.5509881e-02
  5.1168121e-02
  1.0512871e-02
  4.1722059e-01
 -1.4875339e-01
 -3.8909163e-02
 -8.6515985e-02
 -1.3581730e-02
  1.2772955e-01
 -5.0177936e-02
  5.9675719e-03
 -4.9983367e-02
 -2.2519897e-01
 -1.3290079e-01
 -1.0188745e-02
  1.7558314e-02
 -3.8012341e-02
 -1.2479410e-01
  8.5215703e-02
 -2.4620028e-01
 -1.4112984e-01
 -2.4443752e-01
 -2.5750506e-01
 -5.7082254e-01
  3.6670659e-02
  1.7816062e-01
 -1.1149763e-01
  9.6997172e-02
 -5.4675378e-02
 -3.7753675e-02
  4.8913456e-02
 -8.5082933e-02
 -2.3681134e-01
 -1.3877111e-02
 -9.4940485e-03
 -2.0593015e-02
 -1.8290614e+00
 -1.5000108e-01
 -1.4605772e-01
  1.1462066e-01
  8.6625656e-03
  1.5419345e-01
 -4.1359536e-02
  2.9769026e-02
  1.1885811e-01
 -1.9654481e-01
  5.0685521e-02
  4.8575930e-02
  9.4106811e-01
 -1.7016436e-01
 -1.5050660e-01
 -1.1929801e-01
  1.0484795e-02
 -1.0979886e-01
 -4.4083539e-02
  4.7231910e-01
 -8.6153867e-03
 -1.2422399e-01
 -6.1652448e-02
 -1.0296051e-01
 -2.8244686e-01
  1.2877317e-01
 -6.1633971e-02
 -3.6699392e-02
  9.1044977e-03
 -7.6152854e-02
 -1.8892229e-02
  7.2283059e-02
  1.2570035e-01
  9.4982736e-02
  1.2688633e-02
 -1.0618681e-01
  1.9476086e-01
 -9.8095834e-02
 -1.3270018e-02
 -4.0939817e-01
 -1.3567054e+00
  6.4285737e-01
  1.1752304e-01
  1.6789154e+00
  9.1006905e-01
 -7.1340239e-01
 -2.4408427e-01
  5.8237547e-01
 -1.8372601e-02
  3.8149152e-02
  5.9989121e-02
  9.8451966e-01
 -4.9814046e-03
  4.9977139e-02
  4.7036950e-02
 -7.2374325e-03
 -8.6556554e-02
 -9.2852376e-02
  7.0832974e-01
  1.9818233e-01
 -1.0608459e-01
 -2.3391193e-01
 -2.1241987e-03
 -4.0171850e-01
  1.5496746e-01
 -1.2346176e-01
  2.5457335e-03
 -3.7723679e-02
 -1.2104609e-01
  7.4976452e-02
  1.0417040e-02
  1.2829179e-02
  8.7628588e-02
  4.3840727e-01
 -3.3122054e-01
 -3.6996271e-02
 -1.1827320e-02
 -6.0525067e-02
  4.9450282e-02
 -1.7816035e-01
 -1.8369561e-01
 -1.1240087e-01
 -2.6257850e-02
  4.2499779e-03
  1.0759905e-01
 -1.0677183e-01
  9.3771100e-01
  4.2082865e-02
 -1.8672127e-01
 -1.3706935e-02
 -2.0871219e-01
 -2.0933715e-01
 -1.5531255e-01
 -7.5420424e-02
 -2.7263525e-03
 -2.4820418e+00
  1.3052754e-01
  4.8448446e-01
  3.3891422e-01
 -1.1174097e-01
  1.9782585e-01
 -1.0175261e-01
 -1.2451656e-01
  6.4096965e-02
 -1.7021954e-01
  3.7445995e-01
  3.2606816e-01
 -1.1226106e-01
 -3.3552554e-02
 -4.6855304e-03
  6.2003505e-01
 -1.7284514e-01
  1.9082399e-01
 -2.2590636e-01
 -4.7952071e-01
 -7.0021316e-02
  2.3477428e+00
  8.7430716e-02
 -1.5470373e-02
  6.1320987e-02
  4.0206928e-02
  7.5145453e-01
 -3.7127890e-02
 -3.5694476e-02
  1.2348392e-02
  6.5698272e-01
  4.1046340e-02
 -1.0859671e-02
  8.7598562e-01
  2.1405987e-01
  1.7921540e-01
  2.6991597e-01
 -3.4545552e-02
 -2.6688905e-02
  2.3339052e+00
 -9.9279776e-02
 -1.9387507e-01
  8.4984526e-02
 -7.0390001e-02
  2.8843871e-01
  9.0982206e-02
 -2.3460051e-02
 -3.7752206e-03
 -3.0199203e-01
  1.2795119e-01
  1.6348532e-01
  5.1715575e-02
  3.8105366e-03
  1.4260155e-01
  2.1245511e-02
  9.4517117e-04
  2.3975548e-01
  2.8055420e-02
 -8.4399003e-01
 -2.3941722e+00
  1.5393484e+00
  2.1562077e-01
 -1.4431782e+00
 -5.9251970e-01
 -1.0111421e-01
  2.2090835e-02
  2.7413660e-01
  1.9630507e+00
 -2.1819367e+00
 -8.9409491e-03
  3.6998373e-02
 -1.0448211e-02
  2.1986647e-01
  6.8104662e-02
 -9.4244368e-02
  4.8032136e+00
  1.7049012e-01
 -6.9495386e-01
  1.3707460e-01
  1.6007243e+00
 -1.0996156e-01
  3.9635327e-02
 -1.8660744e+00
 -2.4707912e-01
 -1.5965037e-01
 -2.8765676e+00
 -6.1991179e-01
  8.2947558e-01
  8.3774731e-02
  1.1346246e+00
 -8.8669503e-01
 -4.5995601e-02
 -6.0784027e-02
 -1.2855211e+00
  1.8095072e-01
 -1.0449585e-01
  5.1776451e-01
 -3.5881466e-01
 -2.7542922e-01
  3.0115637e-01
  3.4395912e+00
  4.4757690e-02
 -7.4621402e-02
  9.0315628e-01
  6.9482231e-01
 -1.8857273e-01
  6.5442286e-02
  2.9679313e-01
 -3.6303777e-01
  2.3729105e-01
  4.8592750e-02
 -3.6484372e-02
  5.0415927e-01
  1.0322735e-01
 -4.3549252e-01
  9.0394570e-03
 -1.1064379e+00
 -3.2103255e-02
  1.2760645e-01
  2.1571584e-02
 -1.8933039e-02
  7.2026774e-02
  1.8541613e-01
  1.7931506e-01
 -9.5675327e-03
  6.9120914e-01
  3.8496207e-02
 -5.7166690e-01
 -1.9619608e-01
 -5.8333535e-02
  6.6548303e-02
 -1.0830119e-01
  1.4991550e-01
 -2.0438644e-01
  7.1757130e-02
  7.8701943e-02
  2.7373159e-02
 -1.7122912e-01
  2.0640860e-01
  1.1756970e-01
  3.0341536e-02
  2.4580702e-01
  4.5956774e-03
 -1.1914738e-02
 -2.9571354e+00
 -2.2697845e-01
 -5.8530253e-01
  6.2147450e-02
  1.0929788e-01
  3.6087272e-01
  1.9962949e-01
 -3.5589397e-02
 -6.1339457e-02
  1.4286857e-02
 -1.6997350e-02
  2.0297970e-01
  1.0154309e-01
  2.3886530e-01
  7.7025868e-02
 -9.8449856e-02
 -8.3201334e-02
 -1.5081741e-01
  6.7942105e-02
  8.3783492e-03
 -1.0874343e-01
 -8.8402601e-03
 -2.4004859e-01
  5.3390998e-01
 -1.8866980e-01
 -2.0627344e-01
  1.1940454e-01
  1.8088287e-02
  3.5828254e-01
 -2.4921846e-01
  3.5731086e-01
 -1.2999772e-01
 -1.3977534e-02
  1.8183570e-01
  9.4664991e-02
 -1.9330345e-01
  4.1374125e-04
  9.1061331e-02
 -2.1454815e-02
  6.8291843e-02
 -4.7739906e+00
 -4.3650594e-01
  5.5487407e-03
 -4.4314828e-02
 -1.6245531e-02
  6.2029701e-02
  1.1660911e-02
  1.5463021e-01
  1.8355489e-01
 -2.8885540e-01
 -9.8919190e-02
  9.2343027e-03
  7.8333497e-02
  1.7336288e-02
  9.1361135e-02
  1.7726589e-02
 -9.5981993e-02
 -2.3819087e-01
 -8.9630432e-02
 -1.1477742e-01
  2.7650034e-02
  2.6622233e-01
 -1.0796658e-01
  1.9103728e-01
 -6.1773819e-01
 -2.2126352e-02
  1.6271250e-01
  1.3475168e-02
  1.7196547e-03
 -6.6998042e-02
 -1.4441921e+00
 -7.2830491e-02
  1.0802430e-01
  9.4293088e-01
  6.8913110e-02
  1.3180710e-01
  3.8758111e-01
  6.4974114e-02
 -9.1302395e-02
 -2.7679203e-02
 -2.1567757e-01
 -9.8889306e-02
 -2.2645795e-01
  2.0455742e-02
  1.5232140e+00
 -8.7439075e-02
 -3.6022288e-04
  1.1025054e-01
 -6.3605428e-02
 -9.5119365e-02
 -7.9918019e-02
 -6.7857504e-02
  1.6727319e-01
  9.0152077e-02
  8.5141361e-03
 -5.0038364e-02
 -1.5007394e-03
  1.8704541e-01
  6.1719149e-02
 -2.7902946e-02
  9.1238707e-02
  1.0294826e-01
 -3.5036176e-03
 -2.4184056e-01
 -6.9926098e-02
  2.4569297e-02
 -7.8621916e-02
  7.6896381e-01
  1.5489242e-02
 -5.8764055e-02
 -5.9613146e-02
 -3.9424729e-02
 -2.9423811e-02
 -1.2680510e-01
 -2.2525585e-01
 -3.9978981e-01
  7.6558985e-02
  1.3865048e+00
 -1.7240819e-02
 -5.4073006e-02
  3.4207773e+00
 -2.0258516e-01
  5.9913766e-02
  6.2079698e-02
  7.1371500e-03
 -6.6776973e-01
  6.2861922e-03
  1.6484910e-01
  3.0503772e-02
  6.1880264e-02
  1.1329639e-02
  1.4228770e-01
 -3.7813444e-02
 -3.5661396e-02
  5.4844397e-01
 -3.3706509e-02
 -1.3791408e-01
 -2.2586264e-01
 -4.0252396e-01
 -1.6948469e-02
 -1.6234403e-02
  1.2913634e-01
 -5.8142420e-02
 -4.8294406e-02
  2.1533841e-02
  1.0205355e-01
 -1.2008155e-01
  2.7422819e-02
 -4.3868202e-01
 -6.7677408e-02
  4.8110285e-01
  1.6037505e-02
  6.2302824e-02
 -7.2020903e-02
  1.0901996e-01
 -1.4190365e-01
  1.2143625e-01
  1.9777955e-01
 -9.0613961e-02
  9.8600209e-02
  8.8466182e-02
  6.2128350e-02
 -8.6910315e-02
 -2.4829686e-01
 -1.3041514e+00
 -1.3134509e-02
 -1.5250240e-02
  3.0328037e-02
 -2.3525634e-01
 -6.6149153e-02
 -9.4834112e-02
 -1.3373959e+00
 -3.4379891e-01
 -3.6006745e-02
  2.4053062e-01
 -6.0400376e-03
 -1.7528225e-02
 -1.8496318e-01
  1.2276005e-01
 -1.0023853e-02
 -5.6224149e-02
 -2.2163716e-01
  1.4989996e-01
 -3.1827200e-02
 -3.5276181e-01
 -4.0262159e-02
  8.7620266e-02
  6.3173169e-01
  5.5564092e-03
  2.4075280e-03
 -3.9367694e-02
  2.1809106e-01
  8.5041910e-01
 -6.3710548e-02
  1.6667643e+00
 -4.7103617e-01
 -3.2457728e+00
  5.1490653e-01
  3.3314691e-03
 -2.3745378e-02
  2.4860382e+00
 -3.3238403e-02
 -3.8300532e-01
  4.0282664e-01
  6.7284532e-02
 -6.5837577e-02
 -2.4967114e-02
  4.8089388e-01
  1.1899876e-01
 -4.7057427e-02
  6.8287395e-02
 -5.8828628e-01
 -3.5040181e-03
  9.5716894e-02
 -3.2470096e-02
  6.9771424e-02
  1.3221819e-02
 -4.6046589e-02
 -5.4391438e-01
 -3.6602937e-02
  1.0125364e-01
 -6.6720754e-02
 -5.5565439e-02
 -1.0996101e-01
  2.9488813e-02
 -1.5162687e+00
  7.2290368e-02
  1.1563057e-01
  9.6650109e-02
 -3.8865093e-02
 -4.2449552e-01
  1.4602314e-01
 -4.3498188e-01
  4.4082414e-02
 -1.2185550e-01
 -2.8068034e-02
  9.5647350e-02
 -1.4000987e-01
 -5.0811213e-02
  5.4446533e-02
  1.6530304e-01
 -7.4284643e-02
 -1.4188348e-01
  1.8298531e-02
 -9.2005230e-02
 -4.3636050e-02
  1.0300672e-01
 -9.0291880e-02
 -6.5358227e-01
 -2.7378857e-01
 -6.6411108e-02
 -1.5327546e-01
 -5.2374935e-01
  5.3416002e-01
  7.2789513e-02
  4.1352671e-02
  3.9958966e-01
  3.2940745e-02
  1.5092134e-01
  1.4748926e-01
 -6.2618814e-02
  9.3466245e-02
  3.8517749e-01
  6.4009652e-02
 -4.5087181e-02
  6.6003315e-02
  6.3106224e-02
  1.8820342e-01
 -4.0165003e-02
 -2.2107205e-01
 -1.4361033e-01
  4.6122856e-02
 -4.0510364e-02
  1.1070117e-01
 -2.7847903e-02
 -1.3008960e-01
 -8.8161834e-02
 -5.8775686e-02
 -3.9809104e-03
  1.1197539e-01
 -4.5642890e-02
 -1.1726295e-01
  4.8611954e-02
 -1.9320760e-02
 -4.2153329e-02
 -9.5489341e-01
 -9.1032527e-02
 -3.0493328e-02
  5.4882847e-02
 -1.6356356e-03
  1.4927982e-01
 -1.0395318e-01
 -2.1098395e-01
  2.0266631e-01
  1.2673654e-01
 -4.6105456e-02
  3.7431415e-02
  1.0051089e-01
 -1.7023644e-01
 -2.0023879e-02
  1.0777777e-01
 -1.5443631e-01
 -1.5754375e-01
  9.5193602e-02
 -7.0642442e-01
 -1.2059747e-02
 -1.1297781e+00
 -1.0054153e-02
  1.6999034e-02
 -4.7188170e-02
  6.3542081e-03
  1.4034457e+00
  1.3987269e-01
  1.4857167e-01
  5.6469399e-02
 -7.1643919e-02
 -1.7491296e-01
 -4.2677168e-02
 -7.6347925e-02
  9.3694627e-02
 -2.1864629e-01
 -1.0107828e+00
 -1.8745011e-01
  9.8288544e-02
 -2.7509680e-02
 -7.5854935e-02
 -5.6168117e-02
  3.6430055e-01
 -3.0839509e-01
 -2.0697897e-02
  1.8707389e+00
 -1.3460703e-02
 -1.8481360e-01
  7.9462841e-02
 -3.1783783e-01
 -1.0384040e-01
  1.3701666e-02
  2.6798618e-01
  8.2989261e-02
 -9.4679644e-04
 -8.6009845e-02
  2.5059897e-01
 -2.4244264e-02
 -2.0066306e-02
 -1.2538086e-01
 -1.6295227e-01
  3.6653511e-02
 -4.4091012e-02
  6.0343210e-02
 -1.7186875e-02
  6.0673472e-02
  4.4064510e-01
 -2.4465756e-01
 -5.6641412e-01
  1.0320774e-01
 -1.5367769e-02
 -3.6703732e-03
 -4.4801090e-02
  1.5637901e-02
 -3.4954481e-02
 -1.0282205e-01
  2.8289318e-02
  3.5922959e-01
 -5.2625727e-02
  5.8165044e-02
  6.6631421e-02
 -8.4369443e-02
 -3.6067331e-01
 -1.0580476e-01
  5.7771049e-02
  4.0827280e-01
 -3.3485082e-01
 -2.5024563e-01
 -7.3790856e-02
  7.3305868e-02
 -3.8012333e-02
 -7.7779114e-01
 -1.2593506e-01
  2.7041930e-01
  1.2364455e-01
  7.6449461e-02
  2.1780865e-01
  4.7052436e-02
 -5.0002307e-01
 -2.0542245e-02
 -5.2190308e-02
 -6.7201992e-03
 -1.7125574e-01
 -4.3339628e-01
  8.9655835e-03
 -1.2286103e-02
  3.0935416e-02
  1.3750864e-02
  4.0931562e-01
  8.6027784e-03
  5.1193028e-03
  9.7988926e-02
 -8.7155662e-02
 -4.2758357e-02
 -1.2265656e-01
  3.7610540e-01
  5.8208667e-02
 -5.2332483e-02
 -1.6518199e-01
  1.9451740e-01
  2.1527538e-01
  6.4477682e-02
  1.4536096e-01
 -5.2049987e-02
 -2.0526712e-01
 -2.0773512e-01
 -2.7643925e-01
  3.1092895e-02
 -4.5200258e-02
 -1.8267615e-01
 -1.2566146e-01
 -2.6663659e-02
 -1.1646408e-01
  1.5536629e+00
 -4.6868965e-01
 -1.4542090e+00
  8.5328811e-01
  1.3861990e-01
  6.8187720e-01
 -1.9991733e-01
 -3.8146168e-02
  9.2341505e-02
 -3.5625432e-02
 -2.7143983e-03
 -1.5461618e-01
 -9.6384786e-02
  1.1319978e-01
  1.0712803e-01
 -5.5835225e-02
  4.5125163e-03
 -3.2664067e-01
  7.6078594e-01
 -2.7886230e-02
 -4.5507285e-01
 -1.2714317e-01
  2.4580667e-02
 -2.3566057e-01
 -1.7975552e-01
 -2.1997395e-01
  9.3909614e-02
  8.4434912e-02
 -3.6201942e-01
  7.7087969e-02
 -2.7175722e-01
  3.8914984e-01
  1.2750484e-01
  2.7386871e-01
  1.1246696e-01
  5.5447589e-03
 -7.9397231e-02
 -1.3314383e-01
  2.3481383e-03
  1.7797047e-01
  2.3906539e-01
  3.3895108e-03
  2.5929844e-02
 -6.6619799e-02
 -2.2198060e-01
 -1.2130727e-01
  1.7920554e-01
  1.0616083e-01
 -3.7326723e-02
  1.3225300e-02
 -3.5791934e-02
  4.5278177e+00
  1.9110623e-01
 -1.5388195e-01
  3.4638166e-01
  1.2494307e-01
 -9.4441645e-02
  6.1257486e-03
 -1.2271752e+00
 -9.2109844e-02
  6.1566707e-02
  6.6370314e-01
  2.1135743e-01
  1.3465151e-01
 -1.8363649e-02
 -1.8103975e-01
  3.9448991e-02
 -2.7300078e-02
  3.3674505e-02
  3.2990552e-02
 -1.2840660e-01
  2.0580586e-02
  7.0423149e-02
 -1.2621741e-01
  2.7222174e-01
 -1.1605417e-01
 -9.9486865e-02
 -1.1634685e-01
  5.4212880e-01
 -5.5000797e-02
  3.8201157e-02
 -4.9659763e-02
  1.6903529e-02
  1.7456959e-01
 -5.2544247e-02
  4.7190856e-02
 -8.5161787e-01
  2.5145325e-01
  3.8823080e-01
 -5.3181112e-01
  5.9734169e-02
 -2.7336542e-02
 -1.6574369e-01
  1.5800986e-01
 -2.4161566e-02
 -1.0389368e-01
 -2.0802473e-01
 -7.5440598e-01
 -7.7367872e-03
 -1.2800816e-01
 -7.7418536e-02
  3.4846567e-02
 -8.2218081e-02
  1.3065778e-01
 -1.1030661e-01
 -1.1587987e-02
 -2.1834591e-02
 -9.0084052e-01
 -1.9150923e-01
  6.1477572e-03
  7.2756463e-01
  1.1116793e+00
 -3.5711423e-01
 -4.0641937e-01
 -1.1622572e+00
  2.8373182e+00
 -1.8763115e-01
  2.8401643e-02
  6.3506402e-02
 -2.0637278e-02
  5.1256549e-01
 -1.0718420e-01
  2.7440912e-01
  1.5377694e-01
 -1.6555680e-02
  3.4502409e-02
  9.5522732e-02
  1.2021097e-01
  4.3696081e-03
  2.9812609e-03
 -5.7175505e-01
 -6.2968433e-03
  7.2919771e-02
  2.6229429e-01
  2.1447396e-02
  2.4528041e-01
  3.1177202e-01
 -2.8612295e-01
 -5.3773832e-02
 -8.9071669e-02
  5.8279891e-02
 -1.3402078e-01
  5.5603600e-01
  2.0203923e-01
  9.0461791e-02
 -2.6642954e-01
 -3.7711136e-02
 -1.9741499e-01
  3.1925255e-01
 -1.4129062e-01
 -5.1138228e-01
 -3.7517198e-03
 -1.9008934e-01
  3.7840527e-02
  1.9512074e-02
  2.5203788e-01
 -3.9733538e-01
  1.0978217e-01
 -4.6875864e-02
 -2.0768767e-02
  1.6048425e-01
 -3.7606582e-02
  3.9481065e-01
  3.1979680e-01
  2.6777750e-01
  1.3267531e-01
  1.6000815e-01
  2.4086252e-01
  1.4284494e+00
  3.6159996e-02
  1.2874179e-01
 -1.5440289e-02
 -9.0037242e-02
 -1.6269845e-01
 -1.8068184e-01
 -7.9115883e-02
 -8.9270538e-01
  3.4295492e-02
  1.1021667e-01
 -2.9338956e-01
  8.2155550e-03
 -1.6741386e-01
 -9.5151411e-03
 -1.5334164e-01
 -4.4750422e-02
  2.9630944e-01
 -2.7255887e-01
 -1.7040405e-01
  1.1210371e-01
  1.6276794e-02
 -1.0672944e-02
  2.7279114e-02
 -3.2186147e-02
 -3.2227039e-02
  1.7598256e-03
  6.1956301e-02
 -1.5336836e-02
  4.9345512e-02
 -1.9933553e-02
  2.9848129e-03
  3.2848808e-01
  5.4891902e-01
 -2.7252385e-02
  3.1811569e-02
  1.2352875e-02
  2.6392269e-01
  2.7368984e-01
 -4.8554648e-02
 -6.3919276e-02
 -2.3886274e-01
 -3.2833844e-01
  2.3542932e-01
  6.6825561e-02
  2.2656094e-01
  1.0975905e-01
  1.4913340e-01
 -7.6304488e-02
  8.5077010e-02
 -8.5001647e-02
  1.2297968e-02
  1.7285027e-02
 -1.5569441e-01
 -2.2227426e-01
  1.7461686e-01
 -2.3887286e+00
  8.8050014e-01
  1.0022876e+00
 -2.9163268e-01
 -3.6927345e-01
  5.2311987e-02
 -1.0101898e-01
  2.0193613e-01
  9.4276488e-02
 -1.8052759e-02
  6.5974742e-02
  6.8722397e-02
 -1.4828114e-01
  5.0217465e-02
 -5.4750957e-02
  9.3944184e-02
  2.7634990e-01
  3.9521148e-04
  1.5969342e-01
 -2.9362547e-01
 -1.0143483e-02
 -4.8538834e-01
 -1.0893147e-01
 -6.1823834e-02
  1.7288482e-02
 -1.9290924e-02
 -1.2826607e-01
  8.4391780e-02
  1.5080241e-02
 -2.1919110e-01
 -1.1195072e-02
  5.2951580e-01
  4.7272276e-02
  1.2826958e-01
  6.7266896e-02
 -4.0746683e-01
  3.7747508e-01
 -5.6729370e-01
  7.7226758e-02
 -9.3242684e-03
  1.7812009e-01
 -5.4146528e-02
  4.2293677e-03
  1.5103421e-01
  1.7053019e-01
  7.0311469e-01
  1.1910075e+00
  5.0119939e-03
  1.4487641e-01
 -5.6699552e-02
 -5.3117715e-02
  3.2753892e-02
  3.7716586e-02
  1.0124414e-01
  1.3078828e+00
  3.9851445e-01
 -2.2511959e-01
  1.8200646e-01
  2.3398590e-01
 -9.2341229e-02
  7.0454933e-02
 -2.1740690e-02
 -6.5126602e-04
 -1.7410649e-01
  2.5080521e-02
  2.4225479e-01
  8.4903151e-02
  1.6987491e-01
 -1.2523200e-02
  2.9820681e-01
 -1.7575452e-01
 -4.9434192e-02
 -7.0135295e-02
  2.1027466e-03
  1.7523128e-01
  4.6962820e-02
 -1.1749174e-02
 -2.8822588e-02
 -3.6487415e-02
 -2.3674399e-02
 -5.4221328e-02
  9.0900958e-02
  5.5865716e-02
  1.1631656e-02
  2.1439362e-01
  1.1714270e-01
 -8.3429262e-02
  2.0384733e-01
 -4.1680083e-02
 -1.1315362e-01
 -4.1116321e-01
 -9.3449640e-01
 -3.0712199e-01
  6.8850264e-02
  2.2933619e+00
  9.7247601e-02
 -3.9177246e-02
  2.3550149e-02
 -1.1946280e-01
  2.5929612e-01
 -8.7556258e-02
  7.4298219e-03
 -1.5510645e-02
 -8.1784260e-01
 -7.8903683e-02
  3.4837738e-02
  6.0304709e-02
  2.6110965e-01
 -8.2356445e-02
 -1.3266768e-01
  2.3651825e-01
  4.6694845e-02
 -2.3767998e-02
 -1.9776452e-01
 -1.2437297e-01
 -8.7297267e-01
  3.3705235e-02
 -3.5539174e+00
 -2.7054211e-01
 -1.4534487e-01
  8.3580583e-02
  1.6936907e-01
 -9.6939337e-03
 -5.7850271e-02
 -1.4499736e-01
 -8.2669622e-01
  8.1586309e-02
  1.7076780e-01
  1.7955052e+00
  1.8281911e-02
  1.5865868e-02
  2.9122347e-01
 -1.2537475e-01
 -7.8449650e-03
 -4.2566679e-02
  2.7075911e-01
  1.1192897e-01
  3.8116395e-02
 -4.1481090e-01
  1.0145740e-02
 -4.5787454e-02
  1.7493068e-04
  1.1812036e-01
  5.3113615e-03
 -2.3321445e-01
  3.5681981e-03
 -1.0292868e-01
  1.8365419e-01
 -4.8721239e-02
  3.1528268e-03
  8.6423300e-02
  6.1595920e-02
  5.7536803e-02
 -7.4977048e-02
 -2.6711343e-02
  5.9721041e-02
 -2.4504425e-02
 -3.5869367e-02
  9.6061155e-02
 -1.8615958e-01
 -1.9450244e-01
  1.3440555e-01
 -2.1598354e-01
 -6.5729618e-02
  5.2772909e-02
 -1.9197190e-01
  1.3181829e-01
  7.5406522e-01
  5.8478260e-01
 -3.8898960e-01
  5.6662355e-02
 -3.1916720e-01
 -4.1455698e-01
 -3.1267145e-01
 -1.6972121e-02
 -4.6594422e-02
  9.7427823e-02
  5.7380414e-03
 -8.0790412e-01
  7.8355841e-02
  4.0573847e-02
  1.6837405e-01
 -3.4019306e-01
 -2.0100558e-02
 -1.6635139e-01
  7.3983289e-02
 -1.2057164e-01
 -1.3491499e-02
 -7.3251761e-02
 -1.1807010e-01
  1.3938644e-02
 -2.3496456e-02
 -1.1337720e-01
 -5.0064284e-02
 -1.9878113e-01
 -2.2873905e-02
 -1.8356457e-01
 -8.3374873e-02
 -1.6650463e-02
  2.2289145e-01
  1.6852327e-02
  6.0360361e-02
  8.3636209e-02
  1.3196662e-01
 -2.4880752e-01
  7.8326732e-02
 -7.5326450e-02
 -6.0709152e-02
 -3.2756040e-01
 -3.1066504e-01
  8.1104472e-02
 -1.5752240e-01
 -2.1053925e-01
 -5.4735158e-02
  2.3786525e-01
 -4.3482273e-03
  1.6440798e-01
  5.8558941e-02
  6.5641917e-02
 -3.2742936e-02
 -2.2873869e-02
 -7.8725293e-02
  1.6177815e+00
  1.4942101e+00
  7.3203132e-02
  4.7602773e-02
  4.9586451e-01
  2.3037352e-01
  9.9228561e-02
  4.2992020e-01
 -6.7873013e-01
 -1.5585743e-01
 -1.6222998e-01
  1.2566487e-02
 -6.0381067e-01
  7.4989418e-03
 -3.6120679e-02
  5.4568895e-03
 -1.8122565e-02
  2.1674931e-01
 -3.2465509e-01
  2.2465892e+00
  1.3027105e-03
 -1.4559481e-01
 -1.4917077e-01
  4.0535986e-01
 -4.3585193e-01
 -1.1950230e-02
  1.2851870e-01
  1.6468886e-02
 -1.7717938e-01
 -3.2101155e-03
 -2.0743616e-01
 -6.1196189e-02
 -1.7431310e-01
  4.7753492e-01
  2.6831084e-01
 -4.7646128e-02
  4.3409862e-02
  5.4626588e-02
 -1.8424662e-02
 -7.3736906e-03
  1.5416712e-01
  6.0618037e-01
 -1.1939174e-01
  2.9986730e-01
  1.7498696e-01
  2.4919446e-01
  1.5301402e-01
 -9.2656749e-01
  1.0094166e-01
  1.3662754e-01
 -2.8371871e-01
  1.0350218e-01
  3.2564141e-02
  6.0294461e-02
  7.4867338e-02
 -1.9487977e-01
 -4.1767395e-01
 -6.6926831e-01
  3.5393935e-01
  1.3637717e+00
  3.1460497e-01
 -4.0819749e-01
  6.7306024e-01
  1.3504137e-01
  1.1357412e+00
 -9.2883423e-02
  8.6061925e-02
 -5.3085819e-02
  9.2509747e-01
  1.3733952e-01
  2.7326241e-01
  3.6543198e+00
  3.1568378e-01
  1.4602567e+00
  5.2158219e-01
  3.7932569e-01
 -2.2200978e-01
 -8.4915519e-02
  1.0679756e+00
  4.9048686e-01
 -1.1492249e-01
  6.5158379e-01
  5.6970972e-01
 -2.9241854e-01
  7.9479879e-01
 -2.5324199e+00
 -1.0331043e+00
 -2.0354688e-01
 -3.5287434e-01
  6.0765505e-01
 -3.5847269e-02
  1.2263560e-03
  3.0080955e-03
 -1.3344887e-01
  1.3572128e+00
 -3.8569483e-01
 -3.9455387e-01
 -1.5375897e-01
  9.3995497e-02
 -3.7413552e-01
  3.2619190e-01
  1.3397072e-01
 -3.6835525e-02
 -1.5759469e+00
  9.8602742e-01
  4.1328035e-02
  2.1653876e-01
 -1.4639321e-01
 -2.0976892e-02
 -1.3008720e-01
 -5.4521602e-01
 -1.4561540e-01
  1.5451235e-01
 -1.6041073e+00
  1.0389075e-01
  2.0551352e-01
  1.6031344e-01
  9.2920866e-03
  6.2162057e-04
  1.4951095e-01
 -1.4278337e-02
  4.8494294e-02
 -1.8612102e-02
 -7.2803706e-02
 -1.3342839e-02
  7.4874133e-02
 -2.5721904e-02
  3.3332046e-02
  9.2773281e-02
 -7.0692919e-02
 -9.0237238e-02
 -2.2334121e-01
 -2.0939525e-02
  1.8088195e-01
  4.9155284e-02
  3.8906168e-02
 -1.0085544e-02
 -1.3742481e-01
 -2.0661144e-01
  1.7392396e-03
 -6.2935948e-01
 -6.4188717e-03
  3.0362543e-02
 -7.7053696e-02
  7.3629662e-02
 -1.2730412e-02
  4.9946558e-02
 -1.0434990e-01
 -3.6490336e-01
  2.8046414e-01
  1.0456241e-01
 -4.6513570e-03
 -1.5102790e-01
 -2.1377932e-03
  5.1965886e-01
 -1.1144658e+00
 -5.5627734e-04
 -3.1353615e-02
 -7.0390314e-02
  8.8936582e-02
 -2.3918176e-01
  6.5938242e-02
  1.0342012e-01
 -2.7596045e-02
 -7.8112227e-01
  1.3432536e-01
 -4.8705187e-02
  2.3522076e-01
  3.0409360e-01
 -3.8100156e-01
  5.5201155e-01
 -2.7928749e-01
  2.4776790e-01
  1.9599953e+00
 -1.0851771e-01
  4.5713019e-02
  2.6404968e-02
 -1.7916165e-02
 -2.2440705e-01
  6.5196848e-01
  2.5386965e-01
 -1.3970032e-01
  1.1420255e-01
  2.0291349e-01
  4.6910446e-02
 -9.3690169e-01
 -1.2791707e-01
 -3.9359477e-01
  5.3031373e-01
 -1.4942349e-02
  6.7002356e-02
  5.2115645e-02
  4.9115323e-02
 -2.5578206e-02
 -1.8191606e-01
 -1.2304112e-02
 -4.8549500e-01
  8.7370016e-02
  1.7514224e-01
 -9.9623919e-02
 -1.1860877e-01
 -1.4684242e-01
 -8.8028699e-02
 -3.3589068e-01
  5.9145179e-02
 -1.2500408e-01
 -3.8676050e-02
 -4.2710146e-01
  4.8140902e-02
 -1.0208814e-01
  6.3012645e-02
  4.3704411e-01
 -6.7556500e-02
 -1.6670207e-02
 -1.0535283e-01
  3.1907406e-01
  4.5397770e-02
  2.6890852e-02
 -3.4905255e-02
 -5.0418980e-02
 -4.7200162e-02
 -1.5217616e-01
 -8.8719048e-02
  1.9630051e-01
  3.7418179e-02
 -7.8782178e-02
 -2.2038175e-02
 -3.4875181e-01
 -2.1289882e-01
 -1.1509774e+00
 -7.5776242e-02
 -9.1788954e-01
  3.4399664e+00
 -1.7011398e-01
 -1.2882061e+00
  1.1003326e-01
  1.3892396e-01
  4.6199211e-01
 -3.3523589e-01
 -1.3821185e+00
  2.1042317e-01
 -1.5810367e-01
 -5.7396621e-01
  7.6416075e-02
  5.0521653e-02
 -4.7346827e-01
  1.3656980e+00
 -1.1367402e+00
  9.6034817e-02
  7.4511790e-01
  7.4351415e-02
 -3.4121504e-01
 -4.0150553e-01
  6.2198216e-01
  3.4580141e-01
  2.5501215e+00
 -3.9228049e-01
  1.3125833e+00
  1.8109573e-01
  1.5802758e+00
  3.5687488e-01
 -5.5495936e-01
  4.9977031e-02
  1.0456342e+00
  6.8417525e-01
  2.1672995e-01
  1.5988888e-01
 -4.6123706e-02
 -3.1139529e+00
  1.5934780e-01
  1.0825658e+00
 -3.9172426e-02
 -9.4090030e-03
  9.2460656e-01
  1.8908895e+00
 -2.7508494e-02
 -2.6176071e-01
 -2.6907835e-02
 -1.3753523e-01
 -1.3427596e-01
  3.2544475e+00
 -5.9260654e-01
 -3.0829579e-01
  1.0243641e+00
 -1.9833627e+00
  1.7109699e+00
  2.4549376e-02
 -1.1582971e+00
 -2.0124362e-01
  1.1247863e+00
  3.2046863e-01
 -1.2689117e+00
  2.4887191e-01
 -1.1551867e+00
  1.3017386e-01
 -3.2590660e-01
  5.7832301e-02
  2.0417474e-01
 -4.1079727e-01
  7.1003395e-01
 -3.5169309e-01
  1.2243273e+00
  1.5038243e-01
  3.4147656e-01
 -6.8007909e-02
  4.5080450e-01
  2.3171914e-01
 -8.4821826e-01
 -3.1220955e-01
 -5.8499932e-01
 -1.2860414e+00
  8.5991043e-01
 -1.9525868e+00
  3.4560615e-01
 -1.8593214e-01
 -2.3367608e-01
 -3.9341838e+00
 -5.6075281e-01
  1.6240463e+00
  4.5230842e+00
  1.1414561e+00
 -4.5326328e-01
  4.9594970e+00
  3.5380164e-01
  8.2436454e-01
 -1.4175458e-01
  1.0094111e-01
 -3.6638632e-02
 -1.5739386e+00
 -1.7266529e+00
 -2.9789302e+00
  2.0634136e-03
 -1.5962178e-01
 -1.1154459e+00
  3.4977932e+00
 -1.3671556e+00
 -2.2496654e-01
 -1.6005715e+00
 -5.5805806e-02
 -2.0586829e+00
  1.0759881e+00
  4.0322563e-01
  6.5103263e-02
 -2.7648544e-01
  5.1493108e-01
 -1.0413847e+00
 -5.4091305e-01
 -2.1394603e+00
 -2.1189693e-01
  2.4103265e+00
  1.2176125e+00
 -1.0498481e+00
 -1.8196758e+00
  1.1906025e+00
  1.4317647e+00
 -3.8300112e-01
 -1.0776318e-01
  1.4170974e+00
  8.3218865e-02
  1.9305317e+00
  3.3621457e-01
  5.1467389e-01
 -8.9679122e-01
  2.3401678e+00
 -2.2811382e+00
 -1.0599023e-01
  9.7868621e-01
  6.1368041e-02
  3.0135033e-01
 -8.6912239e-01
  1.6704466e+00
  3.1011549e-01
  8.2069241e-02
 -3.8811931e-01
  2.1249348e-01
  4.0357057e-02
  3.0859745e+00
  3.0149977e+00
 -5.5434898e-02
 -5.0442332e-01
 -8.8931948e-01
 -2.4887300e+00
  1.3751107e-03
  2.0820098e+00
 -8.9698434e-01
  1.3239931e-01
  8.2184696e-01
 -2.1918015e+00
 -1.9103219e-01
 -9.2460215e-04
 -1.2422510e+00
 -1.5110735e+00
  9.8728937e-01
  1.2378466e+00
  2.2092395e-01
  1.3658395e-01
 -9.0595730e-02
 -2.6212765e-02
 -1.3571943e+00
  7.1202524e-02
  2.1091314e-02
  2.7861958e-02
 -1.7953610e+00
 -7.6401241e-02
  7.5146571e-02
 -5.8497375e-01
  2.2666810e-01
  4.8753080e-01
  8.2608804e-02
 -7.1267076e-02
  8.1597686e-02
  1.7874479e-01
  1.2750253e-01
  1.7715409e-01
  5.4871198e-03
  2.4205485e-02
 -3.0602041e-01
  1.8952860e-01
  6.1209876e-02
  1.7507701e-01
 -2.6859730e-01
  5.2166539e-01
 -1.3035944e-01
  1.3300226e-02
  6.0512051e-02
 -7.1336284e-02
  3.7584856e-01
 -9.7528115e-02
  4.0962882e-02
  2.3781052e-01
 -1.4513260e-01
 -2.0016459e-01
 -1.5641373e-02
  1.0994516e-01
 -1.5335484e-01
  3.2596454e-02
 -2.9029521e-01
 -6.8463370e-02
 -1.1175786e-01
  2.8311720e-03
  6.1779553e-01
 -1.6431756e-02
 -9.2144338e-03
 -6.7033552e-02
  1.7770100e-02
 -2.7801162e-02
  1.2711895e-01
  6.5990925e-02
 -5.4107778e-02
  1.5704599e-01
  5.9844369e-01
  8.7347515e-02
 -2.0562151e-02
  1.4567606e-01
  6.8829976e-02
  5.3127450e-01
  1.1873192e-01
 -2.4162205e-01
 -1.0445338e+00
 -3.7641311e-01
  1.1403780e-01
  2.1459352e-02
  1.5925463e-01
  6.1812092e-02
  7.0243907e-01
  3.0292842e-01
 -6.2520720e-02
 -2.3192132e-01
 -1.9144967e-01
 -2.6531726e-01
  1.2027933e-01
  2.5747623e+00
 -1.3014804e-01
 -7.3676072e-02
 -2.2188233e-02
 -2.3479421e-01
  2.3889633e-01
  2.5610419e-02
 -8.0620810e-02
 -2.1003430e-01
  1.8399263e-02
 -5.5660158e-02
 -1.1142958e+00
 -2.4586603e-01
  1.3964526e-01
 -1.0887364e-01
 -1.8784510e-01
  2.0561497e-01
  3.3254891e-03
 -1.3012655e-01
  2.4629618e-01
 -4.6426527e-02
  1.2742626e-02
  3.0434405e-02
 -4.9273301e-02
  2.0204637e-02
  1.6825754e-02
  2.5182259e-01
  1.1037388e-02
  5.5416986e-02
  1.1592580e+00
 -2.9098101e-02
  4.2546086e-02
  1.0227937e-01
  4.8954260e-01
 -2.1594197e-01
  1.2987973e-02
  3.8355749e-02
  1.5990043e-01
 -4.5095082e-02
 -9.5348239e-02
  1.3487222e-02
 -4.4635004e-01
 -4.8060555e-02
  4.6500325e-02
  4.7921948e-02
  4.4698775e-04
 -2.2723694e-01
  4.5682007e-01
  8.6591374e-03
  2.6192723e-02
 -1.4032175e-01
  8.4377766e-02
  1.1863784e-01
 -3.4416592e+00
 -2.2946836e-01
 -3.3307102e-02
 -2.7022494e-02
  1.8089840e-01
  1.0223745e-02
  2.6738107e-01
 -3.5331744e-01
  6.8716370e-02
 -6.2725432e-03
  6.6897355e-02
  1.2409467e-01
 -3.8428713e-02
 -6.0180716e-02
  4.7938604e-02
  1.3187691e-02
 -4.8031762e-01
  2.2622982e-02
  1.4517018e-01
  1.6618108e-02
  7.0584767e-02
  3.3901203e-01
 -5.5961221e-01
 -1.6043869e-01
 -1.4876805e-01
 -8.9015141e-02
  1.1384208e-01
  4.3536223e-02
 -3.4117687e-02
  1.2029747e-02
 -5.9443104e-01
  1.3717631e-01
 -4.9625514e-03
  3.5939207e+00
  1.8454501e-02
 -1.8288550e-01
  6.9438532e-02
 -1.1073779e-02
  2.0199599e-02
 -2.2202730e-01
 -3.1573664e-02
 -1.3263033e-01
  9.8788321e-02
 -5.5554878e-02
 -5.4673165e-01
  5.2052557e-01
  3.4845051e-01
  9.8267013e-01
  1.2219052e-01
  1.3020977e+00
 -3.2750778e-02
  3.3577554e-02
  2.7233869e-01
  5.8159854e-02
 -1.6307086e-01
  5.0847065e-02
 -5.8338288e-02
 -3.3750996e-01
  2.6322046e-02
 -1.9983017e-01
  1.4062977e-01
  2.1374738e-01
 -8.1486575e-02
  4.1061863e-01
 -2.9611045e-01
  2.6237280e-03
  3.4892354e-02
 -1.5985073e-01
 -7.7551079e-01
  1.4081800e-01
 -1.4574496e-01
  1.7087814e-01
 -1.1233560e-01
 -7.0651896e-02
  3.1532161e-02
  4.3505686e-03
 -3.1870787e-03
  3.6611584e-01
  2.0681262e-01
  1.9986774e-01
  3.7435789e-02
 -2.5513409e-02
  4.1045108e-01
  4.5097806e-02
 -3.7253372e-02
  1.8708264e-03
 -1.2190698e-03
  1.0368737e-01
 -4.9809556e-02
 -2.8123628e-02
  5.1106904e-03
  1.1675777e-01
  1.0321335e-01
  7.6930064e-01
 -8.2281165e-02
  4.8084520e-02
 -2.1794538e-01
 -2.2282903e-01
 -2.7291130e-02
 -1.8030783e-02
  3.5919990e-02
 -8.8185566e-03
  1.8423082e-01
  1.8055466e-01
 -1.7411739e-02
 -6.8733096e-02
 -7.2326773e-01
 -3.4926069e-01
  6.7954436e-02
  1.7801744e-01
  6.5111808e-02
  2.5503847e-01
  1.8652184e-01
 -1.6853871e+00
 -3.7227771e-01
  2.0800762e+00
 -1.0299040e-02
  1.0119977e-02
 -4.8348386e-02
  2.4981692e-01
 -1.6366467e-02
 -6.7333497e-02
 -1.4334711e-02
  1.3120091e-01
  6.8425363e-01
  2.3469371e-01
 -4.9001345e-01
  1.9102952e-02
 -1.4953890e+00
  4.4343974e-02
 -1.0023346e-01
 -7.2741114e-02
  3.2472676e-03
  5.9833352e-02
 -1.0681817e-01
  5.9079075e-01
  4.4552797e-01
  2.6508247e-02
 -6.0983893e-02
 -1.0716568e-01
 -2.2848341e-01
  6.6366885e-03
  4.2888331e-01
 -1.0115661e-01
  6.2559560e-02
 -1.7827885e-02
 -2.3470634e-01
 -5.3991862e-02
  6.5482925e-03
  1.1726481e-01
  3.6426827e-02
 -2.6216127e-02
  7.1507208e-02
 -3.2273248e-02
 -2.1990241e-02
  1.7862928e-01
  1.0820933e-01
 -6.1738633e-02
 -1.5862700e-01
 -3.1155270e-01
 -2.2058928e-01
  1.9458008e-01
  9.8734826e-01
 -9.3387179e-02
 -1.7578620e-02
 -4.6825215e-02
  1.3118742e-01
  1.1277108e-02
  6.6465214e-02
 -1.1528574e-01
  5.4458484e-02
 -1.2184178e-02
 -1.4092779e-01
  8.8354044e-02
 -1.7237113e-01
 -7.9264358e-02
 -2.9603776e-01
 -4.7524926e-01
 -7.6853923e-02
  1.2996548e-01
  4.2030726e-02
 -4.1036126e-01
 -1.2572041e-01
 -1.4435784e-02
  9.8554105e-02
  2.5837135e-01
  1.6341602e-02
 -7.4213430e-02
  5.4716017e-02
 -2.4232961e-01
  2.1254350e-01
  3.2580908e-02
  1.3566050e-01
  3.6250956e-03
  1.2261089e+00
  2.4932405e-02
 -7.8686513e-02
  8.6945552e-01
 -2.2866482e-01
 -9.7347237e-02
 -1.6190825e-01
 -3.4620827e-01
  3.1951860e-02
  1.0236219e-01
 -3.3192489e-02
  1.3843389e-01
  1.0321004e-02
 -3.8213256e-01
 -9.3995929e-02
  5.8614153e-02
  3.9111638e-01
 -4.7312691e-03
 -7.6496631e-02
 -6.2084321e-02
  3.4730864e-01
  2.4750836e-02
 -2.6837006e-02
  1.2222119e-02
  1.0997744e-01
 -1.4885513e-01
 -6.9898389e-02
  8.9885788e-03
 -6.2371331e-01
 -1.5060696e-02
  6.1552294e-02
 -9.3157127e-02
  5.3225961e-02
 -1.7049326e-01
  1.6661530e-02
  1.3379312e-01
  2.9891205e-01
 -7.6284938e-02
 -2.7334312e-01
  5.2153014e-02
  6.6835485e-02
  5.2127246e-02
  7.9899639e-02
 -6.3785717e-02
  2.8655878e-01
 -8.5884929e-03
 -5.8936309e-02
 -7.6994024e-02
 -3.1131521e-01
 -6.5806052e-03
 -6.7641750e-02
  3.6440820e-01
  2.8172910e-02
  5.3466342e-02
  6.1326958e-02
 -2.9914482e-02
 -1.2103470e-01
  1.9794342e-01
  1.5234859e-03
 -2.5044404e-02
 -4.7193307e-01
  1.1326514e-01
 -2.9694030e-01
 -8.9481197e-02
  4.0413145e-02
  5.4181281e-02
  8.8269830e-02
  1.5924114e+00
 -2.8520012e-02
 -2.5209227e-01
  4.7418244e-02
  2.0767162e-02
 -3.3411790e-02
 -4.7082715e-02
  7.3772654e-02
  3.6295265e-01
 -1.3445805e-01
 -5.1265195e-02
 -1.9619139e-01
  5.2845202e-02
  3.7777749e-01
 -5.3869110e-02
 -2.2075800e-02
  7.2124489e-02
  2.7278848e-02
  1.5262988e-01
 -6.3746527e-02
  5.6467421e-02
 -3.4024123e-02
 -2.3308651e-01
  1.0731511e-01
 -6.3790999e-02
 -6.6686206e-02
 -4.9458485e-02
 -1.6531324e-01
  5.8143795e-03
 -1.1824822e+00
 -4.3907233e-02
  6.7632365e-01
 -4.2678107e-02
  7.9595707e-02
 -1.4261425e-02
  1.2844497e-01
 -8.7859802e-02
 -1.8905060e-02
 -1.8835381e-02
 -8.9691125e-02
  9.8650888e-02
 -1.4488711e-02
 -3.0941302e-02
 -3.6470458e-02
 -1.2778825e-01
 -3.9905187e-02
  2.4041681e-02
  6.5381475e-02
 -2.0404210e-02
  7.0225127e-02
 -5.0442945e-02
  1.3567829e-01
  9.9202849e-02
  1.0317717e-01
 -4.1634986e-01
  1.1413267e-01
  6.9782190e-02
 -2.6099688e-01
 -1.3177346e-01
  4.3882664e-02
 -4.8688108e-01
  1.4282134e-01
  7.3215149e-02
 -2.7296688e-02
  4.8538338e-02
  1.9904605e-01
  6.5774210e-02
  1.0455676e-01
  2.4276499e-01
  6.9276072e-02
  1.6601992e-01
 -2.7992928e-02
  1.2357698e-01
 -1.3295929e-01
  2.4049761e-02
 -2.2773345e-01
  4.0645499e-02
  2.1505256e-01
  8.5549921e-02
  4.1769125e-02
 -7.6247059e-02
 -1.0766808e-01
 -1.4796129e-01
  4.2877514e-02
  7.7527948e-02
  2.5125596e-01
  7.4906737e-02
 -6.1111995e-03
  9.2263043e-02
  2.2214681e-02
  5.3109539e-01
  5.8703762e-02
  7.7009745e-02
  2.5272191e-02
  7.0803799e-02
  2.5677718e-02
  1.7872919e-01
  9.3748569e-02
 -2.9087683e-02
 -8.0133311e-02
 -3.6338769e-02
 -2.7572887e-02
 -1.8938361e-01
  5.8193141e-01
  9.2331663e-02
 -1.0649273e-01
  1.4522560e-01
 -2.9758189e-02
  2.6856164e-02
 -8.0358386e-01
 -2.2556880e-02
  1.6391985e-01
 -5.5541553e-02
  3.4905508e-02
 -4.4071384e-02
 -1.4986385e-01
  4.9923219e-02
  6.7954168e-02
  1.3862541e-01
  2.9087511e-01
 -1.4612703e-01
 -2.0689218e+00
 -4.5168762e+00
  2.2297223e-04
  1.9007387e+00
  1.6502914e+00
 -6.3139057e-01
 -2.0199871e-01
  8.4557191e-02
 -8.9563236e-02
 -4.7345975e-01
 -1.8859344e+00
  1.4375313e-02
  1.1745309e-03
  1.2076357e-02
  5.3739849e-02
  8.0630302e-01
  1.4305918e+00
  3.4030460e-02
  3.1058931e-01
  2.0353021e-02
  1.6514573e+00
  2.8238133e-01
 -1.4386350e-01
 -7.4207443e-01
 -1.0760674e-02
 -1.9640542e+00
  4.5717168e-01
 -1.2294583e-01
  6.7245886e-02
  2.6644049e-02
  6.2323991e-02
  2.5628212e-01
  1.4397196e-01
 -8.2835238e-03
  1.6483812e-02
 -6.6403814e-02
  1.2874043e-01
 -7.4744768e-02
 -2.3061882e-01
  1.5545897e-01
  8.4694562e-04
  8.3318628e-02
 -1.2057608e-01
 -4.1995528e-01
 -5.8047730e-01
 -3.2536709e-01
  2.6485619e-01
 -1.8951496e-02
 -1.1829666e+00
  9.1120554e-03
 -2.2861657e-01
  6.7095488e-02
 -2.7439490e-01
  1.4307064e-01
  1.6082339e-01
  4.2239943e-01
  1.6148758e-01
  1.4231820e+00
  4.6497595e-01
 -5.1757522e-02
  1.0776106e-01
  1.7882876e-01
  4.9034324e-02
  8.8001186e-01
 -9.1761895e-02
 -1.4779016e+00
 -1.5286250e-01
  2.2660458e-01
 -8.0341649e-01
 -4.6091086e-01
  5.7546616e-01
 -7.0805192e-01
 -3.3309400e-01
 -2.0008986e+00
  1.6384239e+00
  5.2596587e-01
  1.3987169e-01
  2.0164058e+00
  1.9716423e+00
  4.4685316e-01
 -3.4372857e-01
 -7.0662898e-01
 -3.1539911e-01
  3.4440359e-01
 -4.9360055e-01
 -2.4270807e-01
 -1.3267124e+00
  2.8457112e+00
  4.7631350e-01
  1.9592848e+00
  1.7120180e+00
  4.3899849e-02
  1.0635324e+00
 -2.1122487e+00
  1.9375398e+00
 -1.2676497e+00
  1.2543675e-01
  3.7903827e-01
 -4.8945341e-01
 -4.2880264e-01
  4.6722084e-01
  3.0103512e+00
 -1.3979239e+00
 -4.8030782e-01
  2.3582639e-02
  3.6814350e-01
 -2.6236933e-02
 -1.4387451e-01
  5.0630230e-01
  5.4718924e-01
  8.2355238e-02
  3.9965519e-01
 -2.8791681e-01
 -5.6324816e-01
  6.5534234e-01
 -1.3890780e-02
 -4.2229440e-02
 -3.7772171e-02
 -2.4938366e-01
 -4.4000603e-02
 -6.5300755e-02
 -1.7628081e-01
 -1.9270062e-01
  2.2994965e-01
  1.8360612e-01
  1.0760671e-01
  2.4082670e-01
  3.4429606e-02
  1.0619129e-01
  1.9117789e-02
 -3.0206361e-01
 -3.7261355e-01
 -2.9802954e-02
  7.1779177e-02
  4.1305363e-02
 -3.0502260e-01
 -3.6924607e-01
 -3.8571957e-01
 -3.7696525e-01
 -7.9751790e-02
 -3.1049650e-03
 -1.3326752e-03
 -4.5602903e-01
 -1.0782526e+00
  1.5678370e-03
 -6.6705802e-03
 -3.0812431e-02
  3.4160039e-01
 -1.0413528e-01
  1.1617101e-01
  2.7532452e-01
 -6.6812640e-01
 -1.2771091e-01
 -3.1838498e-01
 -4.5499209e-02
  3.1140438e-01
 -3.1416851e-01
 -3.2398127e-02
 -4.9580649e-01
  1.5065849e-01
 -1.4367933e-02
 -2.3208283e-02
  8.9583933e-02
  1.7502767e-01
 -1.5750435e-01
  8.3491050e-02
  3.4109380e-02
 -6.5389287e-01
  1.4005394e-01
 -2.8062239e-01
  9.3548968e-02
 -2.4199149e-02
 -1.2220820e-01
 -2.0567028e-02
  9.1889508e-02
 -2.5736386e-01
 -7.0386171e-02
  2.5823465e-01
  2.9424852e-01
 -2.2492401e-01
 -2.4857234e-02
  3.7186299e-02
 -4.0764797e-01
  6.2550467e-01
  5.9123818e-02
 -5.4915741e-02
  4.8579697e-02
  5.9968751e-02
  1.5229672e-01
  5.7489835e-02
  1.9476602e-02
  6.3684791e-02
  2.4243282e-02
  1.3308997e-01
 -1.3716233e-01
  5.5312377e-01
  1.6622846e-01
  9.1541596e-02
 -7.0421286e-02
  4.0697575e-02
 -1.1379442e-01
 -1.1145562e-01
  1.4163902e-01
  3.2906245e-02
  1.5837388e-01
  1.1820315e-01
  6.3865983e-01
 -4.0336374e-02
  2.1355081e-02
 -9.8974697e-02
  2.1923076e-02
  9.6983045e-02
  3.2191887e-02
 -5.0963163e-02
 -7.3549142e-03
  1.1362961e-01
  6.4040333e-02
  1.1512918e-01
  7.3951244e-02
  6.8740003e-02
 -2.0211654e+00
 -1.2220783e-03
  2.7507693e-01
 -1.7333670e-01
 -5.7146080e-02
  1.6040123e-01
 -1.0345360e-01
 -2.6269722e-01
  4.3546239e-01
 -5.1547218e-02
 -1.7797659e-03
  1.6937794e-02
 -1.2710473e-01
 -1.4681549e-01
 -6.8451531e-02
 -1.3146451e-01
 -5.6279308e-01
  1.1579728e-01
  2.0901980e-03
 -8.8460192e-02
  7.8980751e-02
 -8.9308482e-01
  3.3045560e-01
 -3.2325651e-02
  3.2962922e-02
 -2.6415665e-02
 -4.9019307e-03
 -6.3955165e-02
  4.2933282e-03
 -4.7209528e-01
 -2.8254496e-02
  4.3513410e-02
  3.5861831e-02
  4.3636471e-01
  4.8960630e-02
 -1.2608016e-01
 -3.0297382e-02
 -6.2601104e-02
 -2.8469169e-01
 -2.0261008e-02
 -1.4262006e-01
 -9.6352277e-03
 -3.5852632e-01
  2.9305223e-01
 -7.1686246e-02
  2.8732759e-01
 -1.0438640e-01
 -1.3655693e-02
 -1.0425851e-02
 -4.3675318e-02
  1.7834835e-01
 -7.9784982e-02
 -3.9000428e-01
 -3.5599094e-02
  5.0608944e-03
 -9.9226810e-02
  6.0635471e-01
  1.3761760e-01
  1.5127683e-02
 -3.9595374e-01
  4.1385211e-02
  4.4247982e-01
  1.5249087e-01
 -2.9450884e-02
  3.6668221e-03
 -2.1286691e-03
 -1.4341265e-01
  4.3178597e-01
  7.9002358e-02
  3.8754806e-01
 -1.5237412e-01
 -1.4428517e-01
  1.6902535e-01
 -8.1248499e-02
  3.7484113e-02
  1.7625789e-01
 -4.1934300e-02
 -5.2620542e-01
 -3.9547291e-02
 -5.5171069e-02
  6.5837838e-03
  1.9726239e-02
 -2.2776663e-02
 -5.2547965e-02
  5.7384408e-01
 -5.2841399e-02
 -5.0511841e-02
  3.1569257e-01
  1.9571993e-01
  2.3793502e-02
 -2.1953979e-03
 -9.3263730e-02
  3.8026786e-01
 -2.0875456e-02
  6.2064692e-02
  2.3236449e-01
  3.1297393e-02
  1.0048051e-01
  1.9336917e-01
 -4.5311317e-02
 -1.6931516e-01
 -6.0630389e-02
 -1.0594630e-01
 -2.8096676e-01
  7.4947320e-02
 -2.1312309e-03
 -6.9237426e-02
 -2.5184172e-01
  1.2576625e-02
 -4.3739486e-02
 -2.5539402e-02
 -1.4010920e-01
 -3.9575964e-01
 -2.4330100e-01
 -3.0367583e-01
 -2.5833702e-01
  3.0430999e-01
  1.1829525e-01
 -3.1583276e-01
 -5.9531558e-01
 -2.0660387e-01
 -1.5457877e-02
 -9.8385465e-01
  3.4065243e-02
  2.0088834e-01
  4.6723630e-02
  6.6220634e-02
  5.0885493e-01
 -1.4694506e-02
 -3.8783705e-01
 -1.0123882e-01
  8.7627992e-03
 -7.1641947e-03
 -8.7061810e-01
 -6.2696668e-03
 -6.3817436e-01
  4.8800740e-02
 -2.7273068e-01
 -3.1681523e-01
 -6.6115044e-02
  5.0894380e-01
 -4.9908992e-02
  7.1166880e-02
 -2.2763364e-02
  2.5767499e-01
 -2.0511645e-01
  4.3393615e-01
  1.2736076e-01
  9.9962577e-02
 -2.2145841e-01
 -1.6272701e-01
 -1.9477932e-02
 -9.6932478e-02
 -4.2598826e-01
  2.3220032e-01
  4.6219489e-01
 -1.6384186e-01
 -3.5412467e-01
  3.8329747e-01
  1.3013686e-01
 -1.9245502e-02
  3.8599989e-01
 -3.7891218e-01
  2.1401019e-01
  1.4667177e-01
  4.9230313e-01
 -7.4269183e-02
  2.1481549e-03
 -2.2497988e-01
  2.3959845e-02
 -1.9785319e-01
  1.3071777e-01
 -4.1282752e-01
  6.0937262e-01
 -3.4712735e-01
 -1.0389297e-01
 -1.1699501e-01
 -4.9078785e-02
  1.0877782e-01
 -2.7025339e-01
  1.6277513e-01
  6.0132307e-01
  2.1166095e-01
  2.9197758e-01
 -9.0948544e-02
 -5.5487946e-02
 -1.0675740e-02
  5.4466760e-01
  4.7194201e-01
 -3.3135667e-02
  5.0397044e-01
 -1.0167120e-02
 -4.4886282e-01
  1.5663426e-02
 -8.6961612e-02
  5.9927052e-01
  2.9776055e-01
  3.1234115e-01
 -1.5020216e-01
 -6.4283721e-03
  4.8304208e-02
  5.3097790e-01
  7.1377017e-02
 -2.7296549e-01
 -2.5987768e-01
  3.0570107e-02
 -4.1552804e-02
 -2.7851759e-02
  4.5217055e-01
  1.2140656e-01
 -3.9122465e-01
  2.4628041e-02
  2.7847356e-01
  1.4290750e-01
 -1.1990815e-01
 -5.9913225e-02
  3.6447234e-02
  7.3747337e-02
 -1.1562532e-02
  1.5173824e-01
  9.5436692e-02
 -6.0469836e-01
  1.4883065e-01
 -1.1066593e-02
 -7.0906885e-02
  6.6421455e-01
  1.8420528e+00
  1.4736727e-01
  1.0607482e+00
  1.0388758e+00
  1.2106489e-01
  2.1777006e-02
  5.7430837e-02
  1.0002720e-01
 -2.4136035e-01
  1.3687368e-03
  7.2489209e-02
 -7.1427310e-01
 -5.0917989e-01
  2.4300300e-01
  3.8377203e-02
 -1.7990588e-01
  1.3223827e-01
  4.6034764e-02
  2.0840441e-01
  1.4269531e-01
 -2.4496648e-01
  8.9003099e-03
 -6.1014181e-01
  3.0494857e-01
  2.5609234e-01
 -5.3709793e-01
 -2.5719976e-01
  2.8963807e-01
  8.1513552e-03
 -3.3289957e-01
 -6.9371887e-02
  4.0192317e-02
 -3.5852349e-01
 -1.6818885e+00
 -5.9437233e-01
  3.2664266e-01
 -1.0228985e-01
 -9.4526000e-02
  2.5070775e-01
 -1.5488455e-01
 -6.1380976e-01
  4.0008005e-01
 -3.5827342e-02
 -6.2120039e-02
 -6.5556252e-01
  3.6412320e-01
 -1.0738416e-01
 -5.2680755e-01
 -1.8424925e-01
  9.1166772e-02
 -3.0456055e-02
 -1.4090008e-01
  2.5096497e-01
  1.7622478e-01
 -8.2009472e-02
  2.7637386e-01
 -2.3235250e-01
  1.1274436e-02
  3.5500936e-02
 -4.5772567e-02
 -2.7453241e-01
 -9.6448854e-02
 -3.5641938e-02
 -2.4093877e-01
 -4.5880843e-02
 -5.1781688e-02
  3.1289566e-01
 -1.8745555e-01
  9.0834573e-03
  9.9489555e-02
 -2.6431784e-01
 -8.5147664e-02
  1.6323012e-01
 -9.4137721e-02
 -3.5234404e-01
  3.0387416e-03
 -4.0199693e-02
 -1.6350523e-01
  1.1890125e-01
 -2.4264275e-01
  7.4668027e-02
  3.0153748e-01
  1.6702025e-01
 -3.1631812e-02
 -6.1792817e-02
 -3.4762140e-02
 -1.6928226e-01
  1.5780224e-01
 -2.6733804e-01
 -2.0771722e-01
  3.8325004e-02
  8.5935421e-02
  8.6735107e-02
 -2.3826949e-02
 -4.4507527e-01
 -7.4851044e-02
 -5.9998073e-02
 -5.3293802e-02
  4.6221942e-02
  1.6145445e-02
 -2.4059197e-01
  1.7300444e-02
  8.9884372e-03
  3.6446878e-01
 -9.9287100e-02
  4.6762884e-02
 -2.3221845e-02
  4.8200488e-02
 -2.0383334e-01
 -8.4760979e-02
  1.6715947e-01
  2.7522999e-01
 -4.2688039e-01
  1.1625489e+00
 -8.5628873e-01
 -1.4639817e+00
 -2.2881885e+00
  1.5499499e+00
  4.0543146e+00
  1.0054140e-01
  1.6203350e+00
 -1.7919096e-01
 -5.7788253e-02
  6.7221636e-01
  4.1384500e-01
  3.7317061e-01
  1.4503954e-02
 -2.2484674e-01
  2.5665766e-02
  2.5572224e-02
 -7.3737276e-01
 -1.4881922e-01
 -1.4044483e-01
 -1.8681208e-02
  2.0092185e-01
  2.3860713e-02
 -4.3025357e-03
  5.7641417e-01
 -8.6312769e-03
  8.7768741e-02
 -9.4446443e-02
 -1.6865772e-01
 -3.3117928e-02
  1.4733085e-01
  2.0059942e-01
  1.3641547e-01
  2.9360908e-01
 -7.5307265e-02
  3.3062738e-01
  1.0616996e-02
  1.4838482e-01
  1.0823126e-01
  1.5485408e+00
  1.8601798e-01
 -9.1889763e-01
  4.0639408e-02
  9.7978704e-02
 -7.5787902e-02
  3.8325563e-01
 -3.8376126e-02
  8.3708748e-02
 -3.4529116e-02
  4.0989825e-01
  4.9821317e-02
 -4.8583858e-02
 -4.2891046e-01
  2.0422372e-01
 -1.3593663e-01
 -1.4638904e-01
  5.3425368e-02
 -1.1890225e+00
  1.6775922e-01
 -9.6686825e-02
  1.2280975e-01
 -3.4123022e-02
 -1.1991439e-01
 -2.9686147e-01
  9.8350406e-02
 -1.3022919e-01
  9.3110405e-02
 -1.1720033e+00
 -2.2640534e-01
  1.6176526e-02
 -2.7856266e-01
 -1.5732162e+00
 -6.4311713e-02
 -8.3936445e-02
  1.6536315e-01
  3.8460072e-02
  1.7343339e-01
 -9.3596295e-02
  1.1945092e-01
 -3.8254294e-01
 -1.2643531e-01
  7.3857447e-03
 -2.3550877e-02
 -2.7698247e-02
 -3.9955895e-02
  9.1093883e-02
  6.6788226e-02
  1.4759889e-01
  8.3304875e-02
  4.8530743e-02
  6.7561090e-02
 -8.6434923e-02
 -7.2521441e-02
 -4.6661451e-02
 -2.0170230e-01
 -3.6090949e-01
 -1.4175168e-01
 -8.7497050e-01
  7.4019260e-03
  3.5968095e-01
  7.1591876e-02
  2.8042191e-01
 -3.4502435e-02
 -5.0103255e-02
 -4.1327274e-01
 -3.2392961e-01
 -1.4553040e-02
  2.1056902e-01
 -2.5651431e-02
 -4.5353460e-01
 -2.3438320e-02
 -5.9195120e-02
 -1.0404149e-01
  5.6629264e-01
 -4.2050615e-02
 -2.0755342e-01
 -3.0621916e-02
  1.1479163e-01
  8.6181149e-02
 -6.8836892e-03
 -1.8436079e-01
  1.0430760e-01
 -1.5757686e-01
  3.7356978e-03
  1.3879887e-02
 -2.1903398e-02
  7.7244157e-01
  1.6314063e-02
 -3.5995200e-01
 -1.1324947e-01
  1.1727957e-01
  8.8407490e-03
 -2.6224646e-01
 -4.0914175e-01
 -1.5759647e-01
 -4.6545606e-02
 -2.3499425e-01
 -4.2374022e-02
 -8.5780375e-02
 -4.2566705e-02
  1.3947691e-02
 -1.4960611e-01
  4.5223802e-02
  2.8736687e-01
 -7.7808107e-04
 -1.3722183e-01
 -6.7000978e-02
 -2.0626315e-01
 -3.9278042e-02
  1.0569288e-01
 -8.4597476e-02
 -6.9464959e-02
 -7.0836917e-02
 -3.2167779e-03
 -8.3967717e-03
  5.4934761e-04
 -2.4969956e-01
 -2.1600570e-01
 -1.0813130e-01
 -2.1286737e-03
  2.6937256e-02
  2.4665369e-02
  1.7851740e-01
  3.2191265e-01
 -5.5494642e-01
 -8.4323384e-02
 -5.8155417e-02
 -2.5403666e-01
  2.4713378e+00
 -9.7263348e-01
 -1.7707154e-01
  3.6827374e-01
 -3.5833687e-01
 -5.5620652e-02
 -3.1876937e-01
  5.7158530e-01
  2.9981646e-01
 -2.6303780e-01
 -3.0301275e-02
  2.6629809e-03
 -3.0892402e-01
 -4.7772463e-02
 -1.2459300e-01
 -4.8304098e-03
 -1.4168230e-01
  9.6806332e-02
  8.9408897e-02
 -9.3637906e-02
  8.9086764e-02
  6.1038204e-02
 -8.4020980e-02
  1.8163715e-01
  6.3058451e-02
 -2.3266209e-02
  1.3131854e-01
  1.4274581e-01
  5.5953171e-03
 -2.0714672e-02
  1.6737199e-01
  4.2842247e-02
  7.4901216e-02
  1.3273887e-01
  1.0585607e-01
  1.6701043e-01
 -4.3741167e-02
 -3.1612732e-02
 -2.0267293e-01
  3.4480223e-01
  1.9011280e-02
  6.4881124e-02
  1.6826430e-01
  6.7342408e-02
  3.7368322e-03
  2.7568060e-01
 -2.3075448e-01
  7.6850802e-02
 -3.0123368e-02
 -4.0809900e-02
 -7.0693269e-02
  3.6512662e-02
 -9.7139202e-02
  3.4829530e-01
 -1.2034167e-01
 -5.3819394e-01
 -6.4933255e-02
  1.1282396e+00
  8.8758275e-02
  4.9733356e-01
  6.3247263e-01
  4.7272217e-02
 -9.1632627e-02
 -2.2770170e-02
 -9.4156235e-02
 -8.7427422e-02
  1.4619744e-01
  7.4005708e-02
  1.0646456e-01
  1.4169763e-01
  2.1297101e-02
  6.5147825e-02
  2.9807233e-03
  3.1498928e-02
 -7.4274936e-03
  2.8068947e-02
 -2.9312897e-02
  9.9822670e-02
  1.3117069e-01
 -7.8524977e-02
  4.1539419e-02
 -2.4646631e-02
  3.0155748e-01
 -1.2363745e-01
 -5.1954396e-02
 -9.1822572e-02
 -1.7889340e-01
 -1.2060737e-01
  3.6195155e-02
  7.6411143e-02
 -2.7256191e-01
 -1.8269561e-02
 -1.1253556e-02
 -6.0094934e-02
 -3.9992511e-02
 -1.7691232e-01
  2.5103668e-02
  5.9887566e-02
 -1.5316130e-01
  4.8048619e-02
  5.2357692e-02
  3.1132631e-02
  1.4695309e-01
  3.5286866e-02
 -1.7109512e-01
 -2.1683079e-01
  6.6091001e-02
 -2.0659497e-01
 -8.2478508e-02
  2.8130163e-02
  1.5075612e-02
  1.3211741e+00
  5.1586586e-01
  9.0044957e-01
  2.6235888e-02
  5.9095031e-01
  2.6330652e+00
  1.3207524e+00
 -1.5849452e-01
 -5.9382290e-01
 -3.6348712e-01
 -1.0952092e-01
 -2.4782593e+00
  8.8905282e-02
  2.5955665e-01
 -2.3055446e-01
 -1.8927146e-01
 -3.6353100e-02
 -1.1942027e-01
  4.9366257e-01
 -4.4643366e-01
  4.1162889e-02
 -3.1203050e-02
 -8.1399895e-02
  9.8162130e-02
 -6.2532976e-02
 -5.9790957e-01
 -1.6263869e+00
 -2.3364855e-01
 -2.7524173e-01
 -2.2649464e-01
 -3.5229981e-01
  3.6008812e-02
  7.8780599e-02
  8.0297180e-02
  2.3414621e-01
  1.9537973e-01
  9.3666631e-01
  5.8972348e-02
 -4.1842185e-02
 -1.2055978e-01
  2.3142338e-01
  6.1145771e-01
 -2.7876639e-01
 -2.3429076e-01
  4.3858704e-01
 -7.6906763e-02
 -1.8418817e-01
 -2.3582515e-01
  1.1333162e-01
  8.8651478e-04
  5.2607328e-02
  5.3744721e-01
  1.5190662e-01
  1.0518248e-01
  1.3508204e-01
  4.2323440e-01
 -2.2212536e+00
  4.5325767e-02
 -3.3208564e-01
  3.7120956e-01
 -4.5077753e-01
 -6.2666327e-01
 -9.8642677e-01
 -2.7146231e-02
 -1.0863560e-01
 -5.8633852e-01
  7.7697840e-03
  4.1544683e-02
 -3.6849028e-01
 -4.5389500e-02
 -4.0754220e-03
  2.6806096e-02
  1.0153023e-01
 -6.2282789e-02
  7.4513145e-02
  2.0130919e-01
 -6.0394950e-02
 -2.0281166e-01
  1.7467828e-01
 -2.1639222e-01
 -1.2005001e-01
  6.3272826e-02
  1.3160422e-02
  2.0611045e-01
  4.2349222e-01
  9.0388805e-02
 -5.5017585e-01
  1.7986201e-02
  8.8541359e-03
  7.2982416e-02
  1.9207236e-01
 -2.0661997e-02
 -1.4659356e-01
  3.6782917e-02
  2.4510635e-01
 -7.5135253e-02
 -5.5775917e-01
 -2.4630004e-01
 -6.5976284e-02
 -4.5799319e-02
 -9.3546979e-02
 -3.6754745e-01
  4.7836404e-02
 -2.4773209e-01
 -7.0877641e-01
 -1.1228602e-01
  1.5318003e+00
  5.1046466e-03
  3.7927292e-02
  1.2054974e-02
  2.9532823e-01
  1.8857327e-01
 -4.7655576e-03
 -3.6585499e-02
 -1.3698392e-01
 -4.5624496e-03
 -1.8156520e-01
 -2.9640454e-01
 -1.4081648e-02
  4.9865585e-02
  4.8457030e-02
 -1.6224045e-02
  6.0976706e-02
  5.5179517e-03
  1.0985259e-01
  6.8230405e-03
 -1.2347748e+00
  1.1769253e-01
 -8.5294223e-01
 -3.6283918e-02
  1.2656407e-01
  3.0441827e-01
  7.1136422e-02
 -6.6293702e-02
  3.8457867e-03
 -4.5356695e-02
  5.8581959e-03
 -2.0305507e-01
 -1.5293533e-01
  4.6847645e-02
  8.4086217e-02
  3.2092761e-02
  1.4582551e-01
  7.9028076e-01
 -1.1665724e-01
  6.9875196e-03
  3.7153360e-02
  3.4670129e-01
  8.4588818e-02
 -3.9586001e-03
 -1.6896738e-01
 -6.6926731e-03
 -5.0985087e-02
  3.2952350e-01
 -2.2456807e-01
  1.3067412e-01
 -1.0236425e-01
 -2.6216035e+00
  1.6292460e-01
  1.1329342e-02
  9.7829588e-02
  5.0646462e-03
 -2.4086600e-02
  5.2535161e-02
  6.0357194e-02
 -1.0137998e-01
  1.6689857e+00
 -7.4637339e-02
  5.3030455e-01
  4.2312998e-01
 -2.1380742e-01
 -1.4594585e-01
  3.0560750e-01
  2.8934941e-01
  1.5124410e-01
  9.4051227e-02
  3.5835714e-03
  3.8207954e-01
  9.4993636e-02
  6.3534710e-03
  5.9027725e-01
 -3.3630994e-03
 -1.0211665e-01
  2.0731648e-02
 -3.2068677e-02
  6.1905365e-02
  1.7679420e-01
 -9.2345431e-02
 -3.2607669e-01
 -2.3977321e-01
 -8.9372784e-02
  6.4583349e-01
 -2.3463213e-01
  5.8230054e-01
  3.6267567e-01
 -3.1550363e-01
 -3.1389110e-02
 -1.1557390e-02
  5.5474080e-02
  4.4709716e-02
 -6.9294907e-02
 -1.3353603e-01
 -3.6334537e-02
  2.8304882e-02
  4.4791842e-01
  2.8900122e-02
 -1.0875973e-01
  2.7855018e-01
  3.3562618e-01
  1.2764345e-01
  3.9595556e-01
 -4.0065918e-02
  1.3629580e+00
 -5.8256119e-02
  2.7959039e+00
 -7.9101041e-02
  5.5026948e-03
 -2.4826625e-02
  6.9400437e-02
 -1.2050956e-03
  5.0183117e-02
 -1.7177287e-01
  1.5146829e-01
  5.1299725e-03
  2.9398232e+00
 -5.3444302e-01
  1.4224303e+00
 -6.9894391e-01
 -2.5948796e+00
 -2.4078104e+00
 -2.1952665e+00
 -1.0144176e-02
 -2.2544026e-01
 -7.1659975e-02
  8.4420526e-03
 -3.8621527e-01
  4.2480522e-01
 -2.6049349e+00
  7.1034122e-01
  3.0502461e-02
 -2.1520244e-02
  1.8484694e-01
  2.0513611e+00
  3.5606009e-01
  6.3139343e+00
  2.7360585e-01
  6.6822939e-02
  8.5348874e-01
  1.2482325e-02
 -3.3299300e-01
  2.0720463e+00
 -2.0894833e-01
  9.1074206e-02
  2.0713007e-01
  8.3140088e-03
 -5.0696269e-02
  1.5508912e-02
  1.1941506e+00
  2.9046527e-01
 -9.1902383e-02
 -2.2614057e+00
  9.2195280e-02
 -7.9886958e-02
  1.0653021e+00
 -3.1596563e+00
  6.5460330e-01
  7.4976116e-02
 -2.7029365e-01
 -1.8600439e-01
  2.9238519e-01
  3.7817958e-01
  7.5320119e-01
 -4.4321352e-01
 -3.5427324e-02
 -2.7701548e-01
 -4.7961049e-02
  5.3928651e-02
  2.5413176e-01
  3.6183587e-01
  5.5871692e-02
  2.5682956e-01
  1.9333011e-01
 -4.5463774e-02
  3.8296919e-02
 -2.2135476e-02
 -3.1752092e-01
  7.9085910e-01
  1.5645665e-01
 -3.2420903e-01
 -8.9523256e-02
 -3.8047102e-01
 -1.7294478e+00
 -3.3700588e-01
  2.9857077e-02
 -7.9578266e-02
 -3.9142060e-01
  3.7120897e-02
 -2.7556619e-02
  1.2500122e-01
 -8.7086737e-02
  6.6274710e-02
 -4.1808290e-03
  1.4853203e-02
 -8.2215682e-02
  2.5673756e-02
 -1.5683933e-01
  4.5830339e-01
  4.2863291e-02
 -5.4210257e-03
  5.2971181e-02
 -2.1432659e-01
 -1.7877273e-01
  2.0005552e-01
  1.2737900e+00
 -1.8202715e-02
  3.7334755e-02
 -4.1527282e-02
 -3.7105119e-01
  2.4683632e-01
 -1.7934620e-01
  1.6992232e-02
  1.2577909e-01
  2.6210430e-01
 -9.2521414e-02
  2.2573518e-02
  1.2297139e-01
 -4.5900852e-03
  7.5084843e-02
  5.5409759e-01
 -6.8870388e-02
  5.3403702e-02
  6.9247030e-02
 -5.6717400e-02
  3.8639773e-02
  2.6853478e-02
 -9.0813756e-01
  3.0030415e+00
  3.4887135e-01
 -1.1021484e-01
  1.4079210e-01
  1.1268356e-02
 -1.0847331e-01
 -5.3287309e-01
  2.5199446e-01
 -9.8299086e-02
 -8.9242896e-03
 -8.6385153e-02
  4.2723686e-02
 -2.1455493e-02
 -8.5409939e-02
 -1.8130014e-02
  3.9459139e-02
  1.5930915e-02
 -6.3503999e-01
 -1.1173177e-01
 -4.8294928e-02
  1.5682995e-01
  2.2970323e-02
  1.3113891e-01
  3.8550180e-01
 -4.7807790e-02
  1.6484113e-01
 -4.8026282e-02
  1.5079120e-02
  8.7300716e-03
 -2.3491645e-02
 -5.6084558e-02
  3.6269873e-01
  3.4781331e-01
  4.7021684e-01
 -9.1319159e-03
  5.5048907e-01
 -5.9130527e-02
  8.8804662e-02
  3.6218355e-03
 -1.6640893e-01
 -3.8169183e-02
 -8.1991248e-02
 -2.9236493e-01
  8.8133011e-04
  8.3481327e-02
 -2.6094192e-01
 -7.2809771e-02
  4.3130013e-01
 -5.5079377e-01
 -5.8645611e-03
  4.3678459e-02
 -3.5999590e-01
 -1.0244726e-01
  1.1733314e-01
 -1.3676998e-03
 -7.2484052e-01
  1.4222170e-01
 -2.0869079e-01
 -1.4048812e-01
 -4.2170063e-03
  3.0268589e-01
  1.0253460e-01
 -2.4416865e-01
 -5.8649175e-02
  6.8290180e-01
  1.0836396e-01
  2.1227987e-01
  1.2134666e-01
 -3.9688987e-01
  7.4695390e-01
 -6.8823081e-01
 -5.9963878e-02
  1.1205018e-01
  1.4545360e-01
 -7.9685589e-03
  8.2246907e-02
 -9.3823515e-02
  1.3423072e-01
 -1.0028353e-01
  3.2372288e-02
 -7.3246859e-02
 -6.3890576e-02
  1.8769334e-01
 -5.0766391e-01
 -1.8791061e-02
 -1.5958849e-02
  6.0057428e-02
  3.5372081e-01
  2.4057999e-02
  4.3160334e-02
 -2.3501849e+00
  2.2465885e-03
  3.5170546e-01
  5.8513004e-02
  4.9073149e-02
 -5.8272593e-03
  4.8218098e-01
  1.3615672e-01
 -2.7858488e-02
 -1.2482268e-02
  2.4268484e-02
  7.6337790e-01
  1.5599531e-02
  4.4329774e-01
  6.6824011e-03
 -1.4529813e-02
 -1.8620998e-01
  7.0222706e-02
 -2.4508198e-01
  1.7679860e-01
  1.1918175e-02
 -1.5345182e-01
  3.3344708e-02
 -5.0820064e-02
 -1.2138557e-01
  1.9809902e-01
 -2.1141276e-02
 -2.3192626e-01
 -1.6571008e-01
 -2.5065141e-03
  1.8105860e-01
  1.7743765e-01
 -9.4665997e-02
  7.3406272e-02
 -2.2051763e-02
  3.7694227e-02
  3.9236989e-02
  8.0118358e-01
 -1.2901145e-01
 -4.5217618e-02
  2.5556596e-02
 -4.7784459e-02
  1.6900758e-01
 -9.4899960e-02
  1.5664569e-01
 -7.6053068e-02
  8.2117682e-03
  2.1052551e+00
  1.3493572e-01
 -9.5040817e-03
  9.9557245e-01
 -5.5170506e-02
 -4.0663287e-02
 -2.3913121e-01
 -1.3566907e-01
 -2.1365340e-01
 -4.7418889e-02
  1.4696182e-01
 -1.7893511e-01
 -1.5934663e+00
  1.4650831e-02
 -3.6433536e-01
  1.2144714e-01
 -2.5630052e+00
 -3.5094339e-02
 -1.1823691e-01
 -1.5103864e-02
 -2.2252107e-02
 -4.5094848e-02
  1.9879307e-01
  2.3668173e-01
 -4.9271684e-02
 -4.5545194e-02
 -3.9093333e-01
 -1.0525188e-01
  1.8411608e-02
 -1.9052359e-01
  1.2520827e-01
 -2.9781979e-01
  7.3554382e-02
 -1.2910610e-01
 -1.1712957e-01
  3.0268850e-02
  4.1336615e-02
  1.3076118e-01
  1.6144615e-02
 -1.4362285e-01
  1.8326186e-01
 -1.6918221e-01
 -1.1763453e+00
 -2.7937654e-02
 -5.4148126e-02
  1.0491572e-01
  5.1227637e-02
  9.5428191e-02
 -1.0074962e-01
  1.8606240e-02
 -1.2448623e-01
  7.9671489e-03
  2.2434399e-01
  1.1173612e-01
  5.9079573e-02
  7.3769498e-03
  3.3688132e-02
 -2.9213205e-01
 -5.6068983e-02
  1.4963338e-01
  3.6225490e-02
  2.7028501e+00
 -5.9702241e-01
  2.5621002e+00
  1.1700220e-01
 -2.6726326e-02
  1.5966840e-01
  2.0386890e-02
  1.2558018e-01
  1.3502187e-01
 -3.3929650e-02
  5.5728242e-02
 -1.8693887e-01
  1.9399776e-01
  2.8155920e-01
  6.0122968e-03
 -8.1229046e-02
 -7.4818663e-02
 -5.9466489e-02
  3.1964481e-02
 -2.9668594e-02
 -7.0285335e-02
 -1.3177958e-01
  1.5220526e-01
  1.3232990e-02
 -1.2511417e-01
  9.7407572e-02
  1.2783952e+00
 -1.6807923e-02
 -1.2721814e-01
 -9.0217090e-01
  3.6712471e-01
  2.1961573e-01
 -8.9473478e-02
 -1.0424313e-01
  4.9872253e-02
  8.6102076e-02
  7.8738540e-02
  5.8676171e-01
 -1.3261916e-01
  9.5732190e-02
 -3.2911845e-02
 -5.6435715e-02
 -2.9589614e-01
  1.0248801e-01
  7.0673659e-02
  1.1294490e-01
  1.4681406e-01
 -2.2673199e-01
  7.3668845e-02
 -2.4805292e-03
 -2.9325220e-01
 -1.7233174e-01
  3.1720597e-01
  4.6766716e-01
 -1.6774447e-01
  2.3299301e-01
  1.1949612e-01
  3.8454842e-02
 -1.4921218e-01
  3.7704825e-01
  1.5133485e-01
 -1.1665759e-04
  1.5188810e-02
  2.1277389e-01
 -9.3088672e-02
  1.3935900e-01
  2.4668382e-01
  4.3033093e-02
  3.5918940e-02
  3.0322487e-02
 -1.3764298e-01
 -3.4336597e-01
 -1.4684947e-01
 -5.1602378e-02
  2.6680911e-01
  1.1210350e-02
 -4.1739691e-02
 -1.3195422e-01
 -1.5192287e-02
 -4.1055482e-02
  9.1996506e-02
 -6.6618785e-02
 -8.4470153e-01
 -3.6423519e-01
  9.5052665e-01
 -1.2135483e-02
 -1.4603952e-02
  4.0632120e-01
 -1.2370056e+00
  4.2782724e-01
 -2.1392886e-02
 -5.0459704e-03
 -6.8649319e-03
 -5.4930907e-01
  4.1417199e-01
  8.2419527e-01
 -8.8179931e-02
  7.5338647e-02
  1.2008534e-01
 -3.0471520e-02
  3.5300806e-01
  6.4933091e-01
  1.9027333e-01
 -2.2922188e-02
 -2.3023451e-02
  2.1278003e-02
  2.8881468e-02
 -2.0926827e-01
 -8.7096751e-02
  8.8223213e-01
  1.5630145e-01
 -1.4399061e-01
 -1.6153982e-02
  3.1971547e-01
 -3.7964112e-01
 -1.3878956e-01
  1.3911256e-02
  2.2912927e-01
  5.2592397e-02
  1.3838838e-01
 -1.3424669e-01
 -3.5059348e-01
  4.5691991e-01
  6.2001771e-01
 -1.6803737e-01
 -1.1435449e-02
 -7.8660734e-02
  5.4280353e-03
 -8.3189003e-02
  8.8455045e-01
 -2.0387245e-02
 -2.7372546e-02
  2.4984306e-02
 -1.5001318e+00
 -6.7553067e-01
  6.2696558e-01
  9.8130405e-02
  1.4231272e-01
 -1.8347650e+00
  2.8346817e+00
 -9.9915427e-01
 -1.6580154e-01
 -1.0886266e+00
 -4.2988076e+00
 -7.3784655e-01
  7.6340616e-02
  5.7097501e-01
  3.6518000e-02
  5.2136578e-02
 -9.6838558e-01
  9.5631694e-03
 -1.3557349e-01
 -9.0716442e-04
  2.9428098e-02
  6.6769749e-01
  2.0179804e-02
 -1.4155446e+00
  4.0874484e-01
 -2.8457436e-01
 -4.7539629e-02
  6.4266212e-02
 -1.6566996e-01
  1.1414561e-01
 -8.8047192e-02
  1.0121328e+00
 -1.6310114e-01
 -1.3761592e-01
  2.3928215e-01
  1.5295172e-01
 -1.8277130e-01
 -3.0417473e+00
  1.2875824e+00
  8.0460995e-01
 -3.8073976e-02
  1.7478643e-01
  1.0321279e-01
  7.2271258e-02
  2.0992165e+00
  1.9701482e-01
  2.9699847e-02
 -1.5546234e-01
  1.3871411e-02
 -5.2773011e-01
 -5.1531535e-02
  9.2515260e-01
 -1.2708359e+00
 -8.3683312e-02
 -4.9418192e-02
  3.4175467e-02
  1.0494359e-02
 -1.6755854e-01
 -1.0251729e-01
  7.6753676e-01
 -4.4392762e-01
  1.7317922e-01
 -4.1939199e-02
  8.0694534e-02
  1.7902628e-01
 -1.1220279e-01
 -1.3699844e-01
  3.8948607e-02
 -8.2306489e-02
 -1.0645267e-01
 -3.9237749e-02
 -2.5046498e-03
 -2.5418255e-01
 -6.6004798e-02
  2.0945659e-01
 -5.6358621e-02
  5.2557934e-02
  1.1249145e-02
  9.4011657e-02
  8.9302272e-01
  2.3522377e-01
 -8.6093523e-02
  1.3381660e+00
 -2.4090083e-02
 -1.7180964e-01
 -1.4464553e-02
  9.1643527e-02
  6.0517680e-02
 -1.4140493e-01
 -3.1697947e-01
 -2.3177357e-02
  1.0863110e-01
 -8.2473859e-02
 -8.3374254e-02
  2.7282074e-02
  3.9913701e-03
 -4.5429986e-02
 -7.6002190e-03
 -1.8456925e-02
 -1.8727963e-01
 -9.9218497e-03
 -2.0464525e-02
  5.2201044e-02
 -2.3470270e-02
 -7.2208069e-02
  3.4197122e-01
 -3.0340630e-01
  1.0845079e-01
 -2.3125699e-03
 -4.5405645e-02
 -1.8414670e-01
 -1.9656095e-01
  8.7581456e-02
  1.8591201e-02
  1.0120162e-01
  2.1784167e-01
 -1.3497274e-01
 -1.1607637e+00
 -3.1816685e-01
 -3.2364872e-01
  2.8567293e-01
 -4.1629262e-02
 -6.9840276e-01
  4.5084849e-01
  3.1191586e-02
 -2.6699719e-01
  1.4777388e-01
  1.1207839e-01
  2.4455068e-01
 -1.6736756e-01
  4.1143790e-01
  4.3053173e-02
  1.9327370e-02
  4.9895397e-01
 -5.3417344e-02
 -1.2570117e-01
  2.7097663e-01
 -5.9553164e-01
  6.6063613e-02
  1.5919827e-01
 -5.3109005e-02
 -4.0621608e-02
 -1.4279881e-01
  1.1804670e+00
 -1.7652142e-01
 -2.9269265e-02
 -2.6015940e-03
 -1.5611558e-01
  1.0247943e-02
 -2.1203568e-02
 -3.9506054e-01
 -2.6507282e-01
  2.4251097e-03
 -9.2535734e-02
  3.6113963e-02
  3.2687858e-02
  4.6734998e-01
 -2.8025648e-01
 -3.7084816e-03
  8.8055648e-02
  9.6523333e-03
  1.9781320e-01
  1.9144943e-02
 -1.0428316e-02
 -2.3736586e-01
  4.4606337e-01
  5.8887536e-03
  6.0875967e-02
  4.2924550e-01
  1.5708838e-01
 -3.5768546e-02
  2.6802294e-02
 -2.4960330e-01
  5.5651480e-01
  1.8342456e-02
 -1.9576435e-01
  1.6307025e-01
 -3.0335557e-01
  1.0850682e-02
  7.6295860e-02
 -7.9218909e-02
  1.4653862e-02
 -1.6802432e-01
 -3.1079699e-03
 -6.7826129e-02
 -7.3798776e-02
  1.6394036e-01
 -1.2059604e-01
  7.0606619e-02
  9.9042661e-02
  2.2542778e-02
  2.4941812e-01
  8.7615289e-02
  4.2033836e-01
  7.7803157e-02
 -6.9243267e-02
  7.9164565e-02
  1.1615545e-01
 -8.7020651e-02
 -3.4064528e-02
 -1.2543789e-03
  2.9789871e-01
 -8.7222733e-02
  8.7107047e-03
  2.3195434e-02
 -2.0585173e-01
 -1.9090044e-01
 -4.0765026e-01
  1.8314861e-02
 -6.0448344e-03
 -2.0578028e-01
 -8.9138877e-03
  3.2657173e-01
 -1.8538313e-01
  5.5404857e-02
 -2.0796393e-01
  4.6281032e-02
 -6.3845223e-01
  1.8091209e-01
 -4.0799879e-02
 -3.7886748e-01
 -1.5361966e+00
 -6.0582507e-01
  3.5099635e-01
 -1.3012169e-01
  2.0418098e+00
 -3.4864318e-02
 -1.6024789e-01
  2.2010284e-02
  3.8306084e-02
 -1.6311727e+00
  3.3241400e-01
 -4.0226899e-02
 -9.8709178e-01
  3.4307408e-01
  3.4869346e-01
 -2.4043700e-01
  7.3562378e-01
  9.1451481e-02
 -4.5083359e-02
  1.3809762e+00
  5.1110858e-01
  3.1116241e-01
 -8.9003682e-02
  8.7842628e-02
 -9.0721428e-02
  1.5022646e-02
  1.1218007e+00
 -5.9497666e-01
  5.4523987e-01
  1.7259851e-02
 -1.6458088e-01
  5.8757639e-01
 -2.1145837e-01
  1.5995882e-01
 -3.6020070e-01
  6.8593556e-03
  2.6441966e-03
 -5.9579782e-02
 -2.3874559e-01
 -1.5573488e-01
  8.6804524e-02
  9.3070716e-02
 -2.2966824e-02
  8.9521080e-02
 -1.7520793e-01
 -3.1482302e-02
 -1.7007412e-02
  7.3823365e-03
  2.5627375e+00
  1.2185714e-01
 -2.3131004e-01
 -7.7283038e-03
  4.9644288e-02
  1.1281186e-01
  1.2826616e-01
 -1.2239987e-01
  1.7023085e-01
  6.0013217e-01
  6.2882282e-02
  1.5113360e-01
  4.2122807e-02
 -1.1801262e-01
  2.0181116e-01
 -1.2354545e-01
  3.6785085e-02
 -9.9572189e-02
 -2.4567412e-03
  2.0506745e-02
  1.6807367e-01
  1.0916470e-01
  9.0252846e-02
 -2.1803156e-01
 -1.0184883e-01
 -1.7850620e-03
  9.6398103e-01
 -8.6887605e-02
  1.8973034e-02
 -2.1223579e-01
 -4.3932002e-02
  4.1541487e-02
  3.9589666e-02
  6.1101340e-02
 -1.2985012e-01
  1.3003673e-01
  4.3326533e-01
  1.6928285e-02
  2.5411105e-02
 -2.1571738e-01
  3.5739982e-01
  9.0176269e-02
 -4.1752979e-02
  2.7949339e-01
  2.8021870e-02
  7.9859793e-02
 -1.2970041e-01
  3.0483641e-02
  2.2997024e-02
 -7.0669301e-02
 -9.0826437e-02
 -7.5466344e-03
 -2.1290028e-02
 -2.5980544e-01
 -7.8925602e-02
  2.0056678e-02
  1.1133806e-01
 -1.3947192e-01
 -2.6915240e-01
  2.0712625e-02
  1.3419192e-01
  4.0266979e-01
  2.7025914e-02
 -3.9436601e-02
 -1.2359585e-01
  2.6945829e-02
  5.3073591e-01
  1.9731903e-01
 -1.9232348e-01
  1.5295833e-01
 -3.2109052e-01
 -3.7225080e+00
  3.8295355e-01
 -2.1587047e-01
 -6.4579183e-01
  4.6928743e-01
 -1.1588967e-01
 -3.6806795e-01
 -2.5461102e-03
 -8.9029372e-02
 -1.1449325e-01
 -7.1704686e-02
 -3.6944080e-02
 -5.3525561e-01
 -5.4464424e-01
 -2.6853085e-01
 -9.0894297e-02
  2.4692416e-01
  1.0118438e-01
  3.7113070e-02
  4.9630117e-02
  8.8200890e-02
  4.1485876e-01
 -1.1584254e-01
  1.3372160e+00
  1.1902517e-01
  2.7514985e-01
 -6.0989492e-02
 -7.4334592e-01
  8.1400000e-02
 -9.1117479e-02
  1.0335534e-01
  2.2331493e-02
  7.4090869e-03
 -1.8488152e-01
 -1.4159216e-01
  3.3657875e-02
  8.1726000e-02
 -2.5899431e-01
 -2.5849256e-01
  9.5938332e-02
 -1.1583199e-01
 -3.7806129e-01
 -3.3358070e-03
  2.6733296e-02
 -7.0301689e-02
  1.7965302e-02
  2.1127021e-01
 -2.6444584e-01
 -2.9401690e-01
  1.5652712e-01
  1.8577439e-01
  3.1817535e-01
  1.2503552e-01
 -1.5717335e-01
  5.3543139e-02
  2.0761600e-01
  7.6444283e-02
  2.6110825e-01
 -6.8057999e-02
  5.2190211e-02
 -1.6452444e-01
 -1.7217575e-02
  3.4425452e-01
  2.1567698e+00
  1.8301625e-02
 -2.3496981e-01
 -2.4208777e-01
  7.5825036e-02
  2.2619826e-01
 -4.5792884e-01
 -2.0735464e-01
 -7.9258196e-02
  1.8142842e-01
  3.2406207e-02
  1.3234039e-01
 -5.6995618e-01
 -4.4503972e-02
 -6.3692376e-02
 -4.7063533e-02
  6.1727428e-01
 -2.5030193e-01
  1.0031662e-01
 -4.4820324e-02
 -1.7391620e-02
  4.9032472e-02
 -2.0133195e-02
 -9.4998002e-02
  9.4369471e-02
  1.3239789e-01
  7.4563920e-02
  2.7322614e-01
  1.3190201e-01
  2.0923562e-02
  2.4195395e-01
  4.1868851e-02
  2.1509213e-02
 -1.5934754e-02
  8.6867638e-02
 -9.9654675e-02
 -3.7909988e-01
  1.3359180e-02
  1.0067863e-02
 -1.2535270e-01
 -5.8291203e-01
 -4.0191531e-01
  3.9202675e-02
  3.8165271e-02
 -1.6089876e-01
 -4.7542758e-02
  9.4973221e-03
  3.3388171e-01
  8.4577002e-02
 -1.7375530e-01
 -1.5589016e-02
  4.2550871e-01
  6.8886882e-01
 -2.1414520e-01
  9.9138886e-02
  2.2429022e-01
 -5.4665470e-01
  7.0980638e-02
  6.5163843e-02
 -6.1253160e-02
  6.6141255e-02
 -4.9766798e-02
 -1.2204774e-01
 -5.1186711e-02
 -1.4978111e-02
  1.2770665e-01
 -2.0804564e-03
 -4.8707131e-02
 -2.3469846e-01
 -1.0719527e-01
  1.2299027e-01
 -4.4933084e-01
  9.6822366e-02
 -1.5994851e-02
 -1.2441159e-01
 -4.4083253e-02
 -7.5453274e-02
  5.0417121e-02
 -1.4632852e-01
  3.8681060e-02
  1.2813091e-01
  2.0081608e-01
  1.7772755e-02
 -4.5701586e-02
 -1.2442323e-02
 -2.1902109e-03
  8.6774282e-02
 -3.6639459e-02
 -2.8841933e-02
 -1.2122682e-01
  2.9837755e-02
 -7.7987805e-02
 -2.6100956e-02
  7.6519430e-02
 -1.3239114e-01
  1.2480237e-01
  2.8496686e-01
  1.4654903e-01
  1.0168517e-01
  1.5786803e-01
 -1.3929139e-01
  2.7012091e-02
  2.1837395e-02
  1.0764007e-02
  3.1075945e-01
  3.9532334e-02
 -8.4974295e-01
  1.3403575e-01
  1.4425957e-01
 -1.8772534e-03
  1.3200847e+00
 -2.9567376e-01
 -7.5246510e-03
  1.0168469e-01
  5.5153519e-02
  1.7069705e-02
  5.5674240e-02
  1.3697839e-01
 -2.0195587e-02
  2.4462216e-02
  7.0874982e-02
  4.2785293e-01
 -1.3859187e-01
  1.0953832e-02
  3.4856072e-03
  3.0083194e-02
 -2.8231075e-02
  8.4693581e-02
 -1.4282499e-01
 -2.0020859e-02
 -7.0851237e-02
  4.4609803e-01
  4.6998780e-02
  2.2325400e-01
 -2.6524812e-02
 -5.3658858e-02
  1.7699271e-01
  1.3615549e+00
  2.0586550e-01
 -9.1922179e-02
 -1.7206294e-02
  6.9845349e-02
  3.5737269e-02
 -1.1730987e-01
 -1.2208964e-01
  7.0448741e-02
 -4.0098552e-02
  2.3676336e-02
  6.1371878e-02
  9.8004170e-02
  1.9164588e-01
 -7.7094566e-03
  2.2100054e-03
 -1.0269367e-01
  1.1117014e-01
  1.2749042e-01
  1.4002715e-01
 -1.1855595e-02
  1.3053270e-01
  2.7139062e-01
 -1.3493374e-01
 -1.9112538e-01
  1.7612173e-01
 -9.9593677e-02
 -1.0086647e+00
  6.4159528e-04
  8.6560088e-01
 -1.9991208e-02
 -4.7302279e-01
  5.2095193e-04
  3.1098416e-01
  5.3573653e-02
 -2.9544342e-01
  4.4568583e-02
 -1.6497323e-01
 -1.1905481e-01
  2.0514447e-02
 -8.4736571e-02
  1.3111660e-02
  2.8734388e+00
 -2.2338288e-02
 -3.2252714e-02
  7.4281067e-02
  1.3389035e-01
  2.5099361e-02
 -1.0089015e+00
  1.9610970e-01
  1.8894289e-01
  2.9346213e-01
  1.4705072e-01
 -4.2244054e-02
  1.0397983e-02
 -9.9599408e-03
 -9.5005594e-02
  8.0475703e-02
 -8.0072947e-02
  2.0611809e-01
 -8.1684619e-02
  3.7530034e-03
  8.7035552e-02
  1.7255613e-03
  1.8688831e-01
 -2.0006998e-01
  2.6510540e-02
 -8.7342642e-02
 -3.1674676e-02
  3.7369914e-02
  2.4052827e-02
 -1.4838170e-01
 -3.8334653e-02
 -1.8005130e-01
  1.2855569e-01
 -5.2933674e-02
  3.1812750e-02
  4.5053337e-02
  1.9183589e-02
  4.1852412e-03
 -1.6203807e-01
 -7.9668537e-02
  1.2403915e-01
  6.9462544e-01
 -2.6797103e-02
  2.5889775e-02
  1.9561414e+00
  1.6263042e-01
  3.7895161e-01
 -4.8480444e-02
  1.2227398e-01
  1.3582756e-01
 -4.3329902e-02
 -3.3855286e-01
  2.2728181e-02
  2.8594255e-02
 -5.2969828e-02
  2.0178184e-01
 -1.0022002e-01
  2.1561211e-01
  6.4677216e-02
 -1.3781278e-01
 -5.7605628e-02
  8.7790638e-02
 -3.6874890e-02
 -4.9746394e-02
  7.9371862e-02
 -5.2344266e-02
 -6.4971797e-02
  6.4590953e-02
 -1.3637137e-01
  6.9500268e-03
  4.9086411e-02
  1.0739475e-02
  1.5409803e-01
  2.4005573e-02
  8.4506637e-01
  1.0230488e-01
  1.2895340e-01
  1.0823037e-01
  1.0134879e-02
 -3.9453175e-02
  1.8518390e-01
  9.0270191e-02
 -1.5361913e-01
  2.2043975e-01
  7.9604983e-02
 -8.8549741e-02
  1.6370449e-02
  1.1875846e-01
 -9.0909123e-02
 -9.1553487e-02
 -2.3545774e-02
  1.0064603e-01
 -4.6695437e-02
  1.1839267e-01
 -1.0703642e-01
 -7.2225070e-01
 -1.6758943e-02
  4.3371511e-01
  2.1575849e+00
 -2.1023173e+00
  7.6204665e-02
  9.6912426e-01
 -3.9911784e-02
  6.2795973e-01
 -3.9809894e-02
  1.3986664e-02
  9.1247308e-01
  1.3741828e+00
 -7.6158148e-01
 -3.2840197e-03
 -2.7748451e-01
 -6.3686751e-02
 -3.6487047e-02
  3.7354385e-03
 -2.0646030e-01
 -1.3604304e-01
 -1.5207127e-01
 -5.1483147e-02
 -2.3935956e-01
 -2.7833292e-01
 -3.4667201e-02
 -1.4301029e+00
  3.0820310e-01
 -1.3896696e-01
  4.6338085e-02
  4.8289727e-02
 -1.0571998e-01
  1.2834238e-01
  1.2387817e+00
 -7.8136371e-03
 -1.9874154e-02
  1.4702719e-01
  2.0525624e-01
 -2.1424208e-02
  3.8959123e-03
  3.3847398e-01
 -2.4387936e-01
 -8.4962606e-02
 -5.0600156e-02
  1.9293138e-01
  2.2765473e-01
 -2.0970662e-01
  3.5340479e-01
 -1.9342974e-01
 -1.7357774e-02
 -5.9650611e-02
  2.2616018e-01
  8.1880361e-02
 -1.5876380e-01
 -3.1033268e-02
 -1.2944582e-01
  2.1866143e-01
 -1.8372771e-01
  7.2000146e-02
  4.1131026e-01
  1.9731404e-01
  3.4054130e-01
  8.1089186e-03
  1.7052360e-02
  2.2759029e-01
  2.3834087e-01
  4.8534799e-02
 -3.7452873e-02
  5.2699909e-02
 -2.6262438e-01
 -4.3415103e-02
  4.6227198e-02
  2.2538130e-01
 -1.3471076e-01
 -1.1489186e-01
  7.3030286e-02
 -2.0899533e-01
 -4.1740716e-01
 -1.3024747e-01
  1.3273403e-01
 -3.2538164e-02
  1.9315732e-01
  3.9545324e-01
 -5.5091340e-02
 -9.0365872e-02
 -4.6387054e-02
  1.5352950e-01
 -2.0475278e+00
 -3.7337258e-02
 -6.2187593e-02
  1.9392710e-02
  1.4391441e-02
  4.0861629e-02
 -1.5781747e-01
 -1.1130192e-01
  2.6086092e-01
  1.6910774e-01
  1.2136917e-01
  7.9703867e-01
  2.5735486e-01
  4.5691587e-02
 -7.6259315e-02
  1.9867654e-01
  2.3542590e+00
 -3.1093663e-01
 -1.2302559e-02
  2.3899863e-02
  6.8359859e-02
  1.1117220e-01
 -8.2159221e-02
  1.0881874e-01
 -1.2494400e-01
  2.1084309e-01
  1.7247252e-01
  4.5752922e-01
 -1.8378216e-01
  6.9746479e-02
  7.4772936e-01
  4.7370827e-01
 -1.2133026e+00
 -2.9717052e-01
 -1.9636633e-01
  3.6201391e-02
  5.7963294e-01
 -1.3727198e+00
  3.6433128e-01
 -1.0467467e-01
 -1.8285813e-03
  2.3130316e-01
 -2.0008679e-02
  6.7122258e-02
  1.2357794e+00
 -9.6109110e-01
  1.2996101e+00
 -1.2661897e-01
 -2.9384438e-02
  1.6769824e+00
 -1.2485600e-03
  1.3439006e-01
 -3.0868025e-02
 -5.6077909e-01
  2.3426451e-01
 -3.7620094e-01
  2.7156088e-01
 -3.9779326e-01
 -3.5438593e-02
 -6.1508622e-03
  6.4828537e-02
  5.7889253e-02
  1.0430465e-02
  3.3317581e-03
  2.1136118e-02
  2.2863571e-01
  2.2639896e-01
  1.8483482e-01
 -1.3788450e-01
  5.0300255e-02
 -4.0391453e-02
 -2.9316396e-01
 -1.9819686e-01
 -4.3295652e-02
 -8.3636329e-02
  9.5763080e-02
 -2.8669071e-01
  1.9867568e-01
  9.4535872e-02
 -1.1263978e-01
 -3.6127295e-02
 -2.6984723e+00
  1.6391674e-02
 -1.5413241e+00
  2.8951316e+00
 -1.0503343e+00
 -3.0093367e+00
  4.5628503e-01
  1.1741023e+00
  2.4911663e-01
  1.1463021e-01
  4.1054168e-01
  1.7394888e-01
 -5.9754767e-02
 -2.1580304e-01
  1.2801856e-01
 -2.8105998e-01
 -1.2603009e+00
 -6.3599661e-02
  6.9359124e-02
  6.3453779e-02
 -1.4828360e-01
  9.1911182e-02
 -3.5374600e-01
 -6.5685779e-01
  1.8118877e+00
  7.2998563e-03
  8.9497417e-02
  4.3113787e-02
 -5.2516639e-02
  3.6287818e-02
 -1.3060486e-01
 -1.1500835e-01
 -3.9950188e-02
  7.7370012e-01
  1.5545182e-01
 -6.4150818e-02
 -4.6975645e-01
 -9.8123926e-01
 -7.2832763e-02
 -9.4387874e-02
 -3.5604402e-02
  1.0345335e-01
 -1.4093326e-02
 -7.6809026e-02
  1.7667247e-02
  1.2434309e+00
 -1.9289967e-01
  2.6937520e-02
  4.8533813e-03
  4.6541687e-02
  3.6627706e-02
 -9.4510384e-02
 -1.7078535e-01
 -1.2103374e-01
  7.9333916e-02
 -3.0012330e-01
 -9.4428581e-01
  4.7263265e-02
 -2.7089161e-01
 -3.0301573e-02
 -1.1070246e-01
 -1.8097576e-01
 -9.1428918e-01
 -1.0780710e+00
  1.0846620e-01
 -3.3822563e-02
  2.7438915e-01
  1.7243885e-01
  1.8001527e-01
 -8.9010419e-03
 -6.6833995e-02
 -1.9378151e-01
 -1.8291096e-01
 -1.1168607e-01
  6.3352883e-02
  2.9351256e+00
 -1.4716131e-02
 -4.3187022e-02
  5.0444894e-02
  8.2164854e-02
 -3.3643641e-02
 -3.8191460e-02
  3.1900388e-01
  5.6954991e-02
 -1.1031792e-02
  1.9308542e-01
  7.7120763e-01
 -8.2524002e-02
 -4.6374701e-02
 -1.8502766e-01
 -4.4844944e-02
 -3.1837413e-01
 -4.7992505e-02
 -6.2796146e-02
  4.5373261e-02
 -1.9029614e-02
 -6.3769124e-02
 -2.9640136e-02
 -4.6168047e-01
  6.2112696e-04
 -4.8008747e-02
 -2.7736997e-02
  8.2622117e-01
  6.4767823e-02
  6.9358490e-02
  1.0631699e-01
  3.5002388e-04
 -5.3124830e-02
 -5.6929480e-02
  8.0694735e-02
  8.5064158e-02
  3.8151912e-02
 -9.2106156e-02
 -6.0607057e-02
 -3.6923373e-01
 -1.9113803e-02
  5.4696221e-02
  4.3546753e-03
  6.7967221e-02
  1.0917895e+00
  6.4068452e-02
  1.1181371e-01
  1.8366422e-01
  3.2330567e-01
  2.9475793e-01
 -1.5585333e-01
 -1.2578318e+00
 -4.6018770e-01
  2.2511509e-01
  1.3019906e-01
 -3.3249561e-02
 -4.8872733e-01
  7.7764685e-03
 -2.4334320e-01
  1.1021086e-02
 -8.5603325e-03
  5.7183489e-02
  3.4320656e-02
  1.0726088e-01
  7.5036131e-02
 -6.3256510e-02
  8.8924170e-03
 -1.3296010e-01
  9.4313258e-03
  2.0280536e-02
 -1.2246243e-01
 -7.6489843e-02
 -8.4460132e-02
  1.2230437e-01
  7.7484652e-02
 -2.1346286e-02
  1.1998388e-01
 -1.2470451e-01
 -8.9879513e-02
  1.3414613e-02
  9.0728438e-01
 -1.6296021e+00
  3.0902667e-02
  1.0931877e-01
  1.7746158e-01
 -3.6706999e-01
  3.5980791e-02
  6.8733282e-02
  1.8104836e-01
  2.8263196e-02
  1.2436823e+00
  1.1158265e+00
 -8.8070020e-02
  5.6609850e-02
 -2.7354863e-01
 -1.0524859e-01
 -1.2965552e+00
 -3.9990857e-02
 -8.8297598e-02
 -1.6226729e-02
  1.0280204e-01
  5.4423517e-01
 -2.6309596e-02
  1.0908505e-01
  9.8709546e-02
  4.3256663e-02
  1.0160573e-01
  8.1442473e-03
 -1.3218968e-01
 -1.0057520e+00
 -2.2577386e-01
 -2.8278315e-01
 -2.4293838e-01
 -7.2115622e-02
  8.8757716e-02
  4.1592926e-02
  2.2321974e-01
  8.1727296e-02
 -3.6896205e-01
  2.6168838e-02
 -1.8616533e-01
  6.1076656e-02
  1.0116362e-01
  1.4945652e-01
 -1.4000498e-01
 -4.1505852e-04
  3.6092326e-02
  4.2890921e-02
 -8.2870126e-01
  2.6396468e-02
 -1.8730056e-02
  1.4927773e+00
  1.7681238e-01
 -8.0626225e-01
  3.7863035e-02
 -2.7943145e-02
 -2.9173924e-02
 -7.3187172e-02
  2.5540621e-03
  2.1677772e-03
 -5.9040990e-03
  1.2313614e-02
  5.0478929e-01
 -8.8553573e-04
 -3.6895778e-02
 -3.4110615e-01
  1.4312373e-01
  4.8647996e-02
  9.0957391e-01
 -1.4056419e+00
 -4.8953250e-01
  1.3413196e+00
  9.8751259e-01
 -8.9143986e-01
  1.4690858e+00
 -9.1094363e-01
 -1.9603576e-01
  1.2104495e+00
 -4.4760928e-02
 -8.6269386e-02
  1.4426941e-01
  8.8064611e-01
  7.1644330e-01
 -2.1988338e-01
 -2.1767035e-01
 -3.8231770e-03
  1.1947523e-01
 -7.5370270e-01
 -1.0744012e-01
 -5.6586510e-01
 -1.2081697e-01
 -6.4161390e-02
  1.4517129e-02
 -1.7186692e-01
 -1.0330281e+00
 -8.9385015e-01
  1.2981716e-01
 -2.4255900e-01
 -3.5193351e-01
 -1.2644491e-02
  3.8289353e-02
  9.4445832e-02
  1.0997602e-01
  2.5057464e+00
  3.6242619e-02
 -7.4940220e-02
  3.9689530e-02
  1.0927173e-01
  1.8263303e-01
  1.2915780e-01
  5.4305089e-01
  2.6639096e-02
 -6.0185695e-01
  4.6078968e-03
  2.4611059e-01
  2.6002901e-02
 -1.6377781e-01
 -5.7283503e-01
 -2.3753030e-02
 -6.4799331e-02
 -1.8932694e-01
 -7.2278112e-02
 -6.1782639e-02
 -1.2901857e-02
  7.3486656e-01
  1.2825050e+00
  1.5759647e-02
 -1.6070715e-01
 -3.1565607e-01
  7.7077138e-01
 -5.0792503e-01
 -2.0884155e-01
 -1.1342188e-01
 -1.0729279e-01
  8.3080880e-02
  5.2735587e-03
  6.0426913e-02
 -2.8866092e-03
 -7.4985251e-02
  3.0978594e-02
  1.6342506e-01
  1.6145565e-02
  8.9373522e-02
 -1.2850600e-03
 -1.1556549e+00
  1.2895915e-02
 -5.3606242e-02
 -7.3471636e-02
 -9.6996382e-02
 -5.7184882e-02
 -5.3524053e-01
 -6.3764977e-01
 -1.9823210e-02
 -8.1700847e-02
  1.6909814e-01
 -6.9184616e-02
 -4.5126110e-02
  3.3541515e-02
  1.7304763e-01
 -4.2472050e-02
 -7.1702860e-03
 -6.1951660e-02
 -2.4105464e-01
  5.0904858e-03
  1.8141009e-01
 -9.4614007e-02
 -4.7320935e-01
  7.2861828e-02
 -8.0105305e-02
  8.5403398e-03
  1.7621899e+00
 -1.2873513e-01
 -1.3330352e-01
 -2.8277141e-01
 -5.9817750e-03
  8.0970205e-02
 -3.6448449e-02
 -8.2739852e-02
  8.3911613e-02
  1.7541108e-01
  2.5817264e-02
  5.9828007e-01
 -2.1913683e-02
 -3.0582908e-01
  4.1534063e-01
  9.3875694e-01
 -1.9623818e+00
 -9.0196103e-01
  1.7185345e-02
 -2.7480999e-02
  1.0969130e+00
 -9.5851317e-02
  6.3715738e-01
  2.6558742e-01
 -2.0531107e-02
  1.1535449e-02
  1.0995321e-01
 -2.4060251e-01
  1.0628475e-01
  1.2794315e+00
  2.5350168e-01
  1.2812086e+00
 -1.0363507e-01
 -2.0041004e-01
 -1.0640486e-01
  9.9215508e-02
 -5.8248776e-01
  9.6397501e-01
  5.0718997e-02
  2.3740369e-01
 -1.0548363e-02
  9.4221897e-02
 -4.3979019e-02
 -3.5073629e-01
  1.2499945e-01
 -6.9641627e-02
 -1.2282329e-01
  5.9226166e-02
 -4.2357725e-01
  4.7131470e-01
 -5.7557207e-01
 -6.1145079e-01
  2.8378861e-02
  1.9241426e-02
  3.7903631e-01
 -1.3160466e-01
 -1.4430220e-02
  9.8559938e-02
  1.1031751e-01
  4.7933027e-02
 -2.5203383e-01
 -8.9230627e-02
 -2.5684744e-01
 -7.1424440e-02
  6.7570978e-01
 -1.1999795e-01
 -9.9779338e-02
  1.4012534e-02
 -2.4097353e-01
  4.3940261e-02
  1.0740623e+00
 -1.2223988e+00
 -1.2527604e-01
  6.1069214e-01
  3.0209813e-02
 -2.4976633e-01
  3.6703083e-01
 -1.6384961e-01
  2.7777968e-02
 -6.2757611e-02
  1.7964245e-01
  6.6384815e-02
 -3.3648000e-03
  1.3810949e-01
  7.6252192e-02
  6.0676545e-02
 -1.2224519e-01
  2.5917834e-01
 -9.6499279e-02
  1.1001075e-01
 -2.0843457e-01
 -9.4981147e-03
  1.0960980e-01
  2.0206743e-01
  1.2989241e-01
  5.0253220e-02
 -1.2001052e-02
 -1.1953484e-01
  3.9299704e-02
  7.0098452e-02
  1.7007686e-01
 -4.3204285e-02
  2.0907553e-02
 -3.6558548e-01
 -7.2839528e-02
 -3.2838383e-01
  8.6320505e-02
 -1.5176646e-03
  3.2418841e-01
 -1.1259840e-01
 -2.1343985e-01
  2.0733982e-01
  9.0809949e-02
 -4.7467988e-02
 -2.3031646e-02
  3.7937425e-02
  2.4617134e-02
 -8.8363133e-02
  1.2512043e-02
  3.3770323e-02
 -1.9773239e-02
 -6.6562302e-02
  1.0622128e-02
  1.9990933e-01
 -3.1288166e+00
 -9.3830973e-03
 -5.3591734e-01
 -8.6502858e-02
  1.1464328e-01
 -3.0606636e-01
  3.0824499e-02
 -9.7960778e-02
  6.7329042e-02
 -1.9168943e+00
 -2.0391527e-01
 -1.6523038e+00
 -1.0020701e-01
  2.3361818e-01
  1.4831856e-02
 -5.4316774e-02
 -9.4269171e-02
 -2.8805804e+00
  4.5494488e-01
  8.9638019e-01
 -2.1077929e-01
 -7.4286854e-01
 -1.2465728e-01
  1.1954353e+00
  1.1616666e+00
  1.3273590e+00
 -2.1314728e-01
  9.7624008e-03
 -9.2155594e-01
  6.1098818e-02
 -7.3893771e-02
  6.8124861e-01
  2.6598716e-01
  1.1844332e-01
  4.9248476e-02
  3.5621494e-01
  2.9469666e+00
 -2.3547199e-02
 -9.2428103e-02
 -1.3118994e+00
 -3.2558888e-02
 -1.0766165e-01
 -4.3960416e-01
 -2.8547645e-01
  2.3268447e+00
 -9.3538201e-01
 -4.8632316e-02
 -9.0306558e-02
 -3.4300315e-01
  1.2287669e+00
  1.4957972e+00
  1.2827529e+00
 -1.4899262e+00
 -1.5101933e-01
 -2.8101864e+00
 -5.0812393e-01
 -2.0307748e-01
 -2.2172709e+00
 -1.2755896e+00
  6.2889439e-01
  3.5487257e-02
  3.5045698e-01
  2.3505786e-02
  1.6967484e-01
 -8.9827757e-03
  1.5984409e-01
  2.0924404e-02
  6.8843462e-02
  4.3461673e-02
 -1.6323811e-01
  8.5317910e-01
 -6.0741752e-01
 -8.7940618e-03
 -6.5586627e-02
 -3.2325633e-04
 -6.0227537e-01
 -4.5045918e-01
 -7.1926326e-01
  1.6827069e-02
 -1.2940286e+00
 -4.4258872e-01
 -2.1270719e-01
  1.8048483e-01
 -7.9736158e-02
 -2.5578302e-01
  1.0446663e-01
  1.7067986e-03
  1.1223452e-01
  1.8039870e-01
 -7.4544236e-02
  1.2851332e-01
  4.7122306e-01
 -9.4346285e-02
 -2.0342344e-02
 -1.8127521e-02
  2.5630748e-01
  3.5047370e-01
 -4.2192061e-03
  7.7195239e-01
 -6.6070810e-02
 -2.9858890e-01
 -2.5392583e-02
  4.8452598e-01
  3.0440274e-01
 -1.1700919e-01
 -9.3009752e-01
 -4.3128809e-01
  1.9535480e-02
 -2.5046226e-01
  1.1842509e-01
  1.1856072e-01
  7.2884977e-02
  3.5114113e-02
  1.8888045e-02
 -3.6019463e-02
 -4.3177482e-01
 -2.3170114e-01
  3.7844217e-01
 -1.6436523e-01
 -9.0638599e+00
 -9.2759615e-01
 -1.1643517e+00
 -7.7879941e-01
  2.1595877e-01
 -3.4449968e-01
  1.7517328e+00
  6.9676465e-01
 -2.6663048e+00
 -2.2398241e+00
  1.0249332e-02
  3.2143965e-02
  2.8769746e+00
  2.1462871e-01
  1.8378879e+00
  1.1529763e+00
 -7.3401958e-01
  2.2089863e+00
 -2.1846769e+00
  3.9410669e-01
 -1.5824434e+00
 -2.7049292e-02
  9.2438149e-01
 -1.9363360e+00
  2.4620159e+00
 -1.1648711e+00
  4.2322072e-01
  8.7019151e-01
 -4.9798626e-01
 -3.0544856e-01
  4.0456268e-01
  5.4596102e-01
  1.7678477e+00
  2.2564594e-01
  1.0235447e+00
 -6.9506550e-01
  8.6256617e-01
 -3.0900067e-02
  1.3520352e+00
 -1.0456653e+00
  3.0412480e-01
  8.6561930e-01
 -6.2923402e-01
  2.9462039e-02
 -2.8137155e+00
  2.6215904e+00
  5.4866839e-02
  8.9653289e-01
  8.0819935e-01
  8.6983973e-01
  5.5730140e-01
  1.7474916e+00
  2.8613970e-01
  8.2304788e-01
  1.2503233e+00
 -4.8047289e-01
 -2.3525453e-01
  2.5781288e+00
  4.0524861e-01
  5.5687881e-01
  5.4438806e-01
 -5.2330141e+00
 -1.3832616e+00
  6.5333390e-01
 -2.8344658e-01
  2.4188064e-01
 -2.2747471e+00
  3.3606955e-01
  1.7113965e+00
  1.5133443e+00
 -2.9047260e+00
  1.2500300e-01
 -1.0429685e+00
 -5.5905610e-01
 -3.8430300e-01
 -3.4028957e+00
 -4.5778144e-02
  7.8876156e-01
  6.2044978e-01
 -1.7143621e+00
 -1.9137301e+00
 -1.4286666e-01
 -1.7223047e+00
 -3.5953954e-01
  1.7508268e-01
 -3.0081207e-01
  1.6284492e+00
  2.5535207e+00
 -1.5606743e+00
 -2.4494169e+00
 -7.8343749e-01
 -1.0654876e-01
 -2.8327705e-02
  1.5095881e-01
 -7.8283168e-02
 -2.9260967e-02
 -6.0920322e-01
 -3.4555054e-01
  5.9729379e-01
  5.0564367e-02
  8.8912147e-01
 -5.6232065e-01
 -8.3427244e-01
 -1.9112602e-01
 -9.1886002e-01
  9.1183114e-01
 -2.0627465e+00
 -2.0461822e-01
 -1.8738136e-01
  6.8993962e-01
  2.0124817e+00
 -1.5060363e+00
 -3.2835466e-01
 -1.2397766e+00
  2.6353377e-01
  1.9411310e+00
  3.4727352e+00
  8.0775124e-01
 -5.0298154e-01
 -6.5697022e-02
  1.7607597e+00
  4.3475792e-02
  1.6362965e-01
  1.8481168e-01
 -1.0263227e+00
  1.4884463e-02
 -1.9025290e+00
  2.2652303e-03
 -6.1773485e-01
 -1.4146767e+00
 -1.0200707e+00
 -9.6508783e-01
 -1.9255220e+00
  1.5024473e-01
  1.0792249e+00
  1.6139439e+00
  5.0241834e-01
 -1.8506445e-01
 -4.6353736e+00
 -3.9381215e-01
 -4.5986891e-02
  1.0312487e+00
 -1.7789305e-03
 -1.2124220e+00
  1.9455961e+00
 -9.1641319e-01
 -7.5485015e-01
  1.4095628e+00
  2.9781666e-01
 -6.1854100e-01
  1.5107852e+00
 -1.2612288e-01
 -5.7517409e-01
 -5.5341882e-01
 -6.0251069e-01
  4.5967317e-01
  3.6167216e-01
 -2.7525318e-01
 -5.7547587e-01
  5.6763172e-01
  3.4860671e-01
 -2.1935733e-01
 -2.5310159e-01
  9.3937486e-01
 -4.0414472e+00
  5.4385781e-01
  1.1173824e-02
  8.6562759e-01
  2.0427856e+00
  1.1518146e+00
  3.7288260e+00
  2.1311157e+00
  1.5978524e-01
  8.4889866e-02
  2.0565660e-01
  2.0033678e-01
  4.8799995e-01
 -6.4074463e-01
 -1.8828977e+00
 -3.5796762e-01
 -1.3613141e-01
 -2.9368908e+00
 -1.1072067e-01
 -2.8750460e+00
 -2.2781391e-01
 -1.5235038e+00
  1.4136577e+00
  1.4353408e+00
 -3.5704762e-01
  1.6016574e+00
 -3.2282475e-01
  1.4944061e+00
 -3.1306472e-01
  4.5581359e-01
 -1.8484005e+00
  2.7107191e-01
  2.9216926e+00
  9.1910269e-03
  1.0216844e+00
 -2.3905757e-01
  3.1402603e-02
  5.6564975e-01
 -1.4006646e-01
 -1.0334132e+00
 -5.7804668e-01
  1.2749207e+00
  1.2606236e+00
  1.0340966e+00
  2.8272491e+00
  2.2199469e+00
 -4.2594925e-01
 -5.1646149e-01
  1.6175061e+00
  1.6991091e-01
  2.1260097e+00
  1.9408919e+00
  1.4365613e-01
 -1.9664474e-01
  1.3009982e+00
 -8.4337264e-02
 -7.6741642e-01
 -9.0997871e-03
  2.4538536e+00
  7.3848896e-02
  1.6494615e+00
 -3.8683900e-01
 -3.6718779e+00
 -7.2456521e-01
  1.4023185e+00
  5.6700320e-03
 -6.4255124e-01
 -1.1549547e-01
 -7.4940038e-01
 -2.6578565e+00
  1.6640669e+00
 -2.4632535e+00
 -7.4430156e-01
  1.2746943e+00
 -9.4589311e-01
 -1.5466338e+00
  1.8643152e+00
  1.1302093e-01
  8.3847648e-01
  1.3448863e+00
  4.8213848e-01
 -3.0139431e-01
  2.5980473e+00
  9.4387732e-02
  3.1236446e-01
 -1.6241862e-01
  2.7816727e+00
 -1.6791126e+00
  4.8939303e-01
 -4.8729996e-03
 -1.1885476e-01
  7.1481937e-01
 -4.7895808e-02
  5.2405193e-02
 -9.1523612e-01
 -1.9426869e+00
  8.0894478e-02
 -1.2221096e+00
 -4.8538789e-02
 -2.5590137e-01
 -4.4611683e-01
  7.7989620e-01
 -1.3809731e+00
  6.9762480e-01
  6.1047608e-01
 -2.1040969e-01
 -2.2832005e+00
  1.0859293e-01
  2.7058210e-02
  1.9507483e+00
 -7.2588086e-02
 -6.9235861e-02
  4.9582019e-02
 -2.3059673e+00
  5.8407664e-01
 -1.4317547e+00
 -1.2761575e-02
 -2.9212803e-01
  1.4081479e+00
  2.0784970e-01
  6.0870860e-02
  1.4077671e+00
 -1.6584315e+00
  2.2514791e+00
  1.0321876e-01
 -6.3814238e-02
 -8.5790896e-01
  3.2225195e-01
  9.8124355e-01
  2.8922141e+00
 -2.7738571e+00
 -1.0430248e+00
  2.2622011e+00
 -2.3526361e+00
  4.4195563e-02
 -1.0695137e-01
  1.9552720e-01
 -2.1061343e-01
  1.1611766e+00
  1.2012108e-01
  3.5821375e-01
 -4.7624308e-01
 -3.3471233e-01
 -1.6443695e-01
  1.0152872e-01
 -5.5481132e-02
  1.7420787e+00
  8.9716560e-01
 -7.2363448e-01
 -4.3521461e-01
 -2.5219351e-01
  1.6472237e+00
  2.5279438e-01
  3.1573731e-02
 -1.4720728e-01
  1.0835850e+00
 -4.4827339e-01
 -5.9863031e-01
 -3.3213274e+00
 -4.3392763e+00
  9.5404643e-01
 -2.8322211e-02
  2.8926622e-02
 -2.6960838e+00
  1.4941640e-01
  1.9191818e+00
  1.3545812e+00
 -1.0567100e+00
 -1.9362203e+00
 -9.0125066e-01
 -1.0374217e-01
 -3.5572950e-02
  8.9833245e-02
 -4.9405256e-03
  2.3121562e+00
  4.4489911e-01
  3.6200561e-02
 -3.2462018e+00
  3.7520312e-02
  1.1864595e+00
 -6.1609805e-01
 -6.2131935e-01
  2.5988424e+00
  5.1646197e-01
  1.3709185e+00
  3.1970897e+00
  1.0615729e+00
  3.9223316e+00
 -8.9266360e-01
 -4.2461815e-01
 -5.6958508e-01
  7.4786708e-02
  4.9019164e-01
 -2.0972244e-02
 -1.0286108e+00
 -3.6955577e-01
  8.4836805e-01
  1.4058985e-01
 -4.4082824e-02
 -2.7100167e-01
  2.5800437e-01
  1.7989950e+00
  1.0261940e+00
 -4.0552983e-01
 -3.9886823e-01
  7.3673148e-03
 -1.0627997e+00
  2.4159672e+00
 -2.4618702e+00
  1.3932862e-02
  3.5028273e-01
  1.1859215e+00
  9.5212406e-01
  1.6790565e+00
  1.4245374e+00
 -1.9794571e-01
 -1.1222956e-01
 -9.5366657e-01
  5.2654839e-01
  4.0182769e-01
 -1.0155026e+00
 -1.2267115e+00
 -2.3192357e-02
 -1.2456783e+00
  2.7931789e-01
 -5.9529353e-02
  8.4162951e-03
  5.6427294e-01
 -9.8906779e-01
  9.9644333e-01
 -2.5249746e+00
 -1.5525408e+00
  4.5222870e-01
 -1.2452462e+00
 -6.0105866e-01
 -2.7827301e+00
  6.4765833e-02
 -1.2753342e+00
  1.4167697e+00
 -7.3236257e-01
  2.6930580e-01
 -1.7484378e-02
 -1.4679854e+00
  3.2554083e-02
 -5.3948569e-01
 -8.0085081e-01
 -9.3880498e-01
  8.6853713e-01
  1.9039764e+00
  8.6412215e-01
 -1.7892345e+00
 -6.5767370e-02
 -4.2329500e-03
 -1.1152109e+00
  3.5456501e-02
 -1.6530976e-01
 -2.0447062e-01
 -1.7117229e+00
 -1.1122080e+00
  1.0981362e+00
  1.1933599e-01
 -3.4265846e-01
  1.0603702e+00
  7.5369859e-01
 -2.0314381e-01
  5.4124856e-01
  1.0822772e-02
 -2.0385461e+00
 -5.2047580e-01
 -2.5835416e+00
 -4.8499021e-01
 -2.0441802e+00
 -7.2487146e-01
  1.9814254e-01
 -1.0840509e+00
 -1.1183028e+00
 -1.6207954e+00
 -9.6279842e-01
  8.0777720e-02
 -5.9604293e-01
  4.8729309e-01
 -2.1621657e-03
  2.2795597e-01
 -9.4597286e-01
  3.9449781e-01
  8.9017019e-02
 -3.8026171e+00
  1.5550499e+00
 -9.0980250e-01
 -5.3769279e-01
 -1.2116251e+00
 -1.0103668e+00
 -1.7929518e-01
  3.3885837e-01
  4.5147486e+00
  8.0386406e-01
 -4.2572650e-01
 -3.6082506e-01
 -8.1325096e-01
 -5.7320967e-02
 -4.1268939e-01
  1.5393339e-01
 -8.5780120e-01
  2.3330803e-01
  3.5251275e-02
 -1.1646492e+00
 -6.9980931e-01
 -2.7426269e+00
  5.4931855e-01
  7.9341227e-01
 -6.1556160e-01
 -1.4223181e-01
  1.1296107e+00
 -2.3537691e+00
  3.6174563e-01
  6.5107329e-04
 -7.1967602e-01
  2.0811734e+00
  3.1727409e-01
 -1.5168599e+00
 -2.5746036e-01
 -1.0586798e+00
 -2.4175750e-02
 -7.6548171e-01
  7.4632928e-02
  8.3594000e-01
  2.8794777e+00
  3.6490160e-01
 -1.3743533e+00
 -7.5015299e-02
 -2.1383231e+00
  1.6050699e+00
  1.5100439e-01
  7.1407773e-02
 -1.6663219e+00
  9.2184059e-02
 -1.2335691e+00
 -1.0521946e+00
  1.2410450e-01
 -5.5989546e-01
  1.0875603e+00
  1.0315214e-01
 -4.1164526e-01
  1.0917284e+00
  1.6102118e-02
  9.5665592e-01
  1.8353565e+00
  2.5984108e-02
 -1.4362767e+00
  1.0696436e+00
  1.3173243e+00
  1.8069193e-01
 -3.6005753e-01
  6.8396106e-02
  6.1210811e-02
  1.6969059e-01
  2.4156895e+00
  3.1628582e+00
  1.2083638e+00
  5.2966928e-01
  1.1863495e-01
 -8.8560236e-01
 -4.5332259e-01
 -6.1680859e-01
 -5.9995681e-01
 -4.6266091e-01
  2.0215046e+00
  2.0794499e-01
 -5.4512307e-04
  2.2637992e+00
 -5.3651724e+00
 -2.2174230e+00
 -8.8215244e-01
 -2.5996993e+00
 -1.5554979e-01
 -1.6170114e-01
  7.1553284e-01
  1.2517618e-01
  3.7307248e-02
 -2.0474854e+00
  1.2993580e-01
 -1.4731355e-01
 -9.2729795e-01
 -3.4235228e-02
  4.3876451e-01
  2.7091835e+00
  1.4522895e+00
  3.3106841e-02
 -1.8024771e+00
 -6.6391695e-01
 -4.2806920e-01
  1.6475003e+00
 -1.5820804e+00
 -1.9062316e+00
  2.6713479e+00
  1.0674369e-01
 -3.4466645e-01
 -4.2843926e-01
  6.8060178e-01
  1.1485535e+00
  1.5816519e+00
 -7.7968693e-01
  1.3803235e-01
 -1.2851979e+00
 -3.6474057e-02
  3.7184410e-02
 -6.0320181e-01
 -2.4324748e-01
  1.3376471e-01
  5.4418449e-03
  5.1294410e-01
 -3.9357498e-01
 -4.5015153e-01
 -6.0072310e-02
  9.8658010e-02
  7.0114315e-01
 -1.0060667e-01
 -5.6188840e-02
 -7.1057901e-03
  2.0315114e-03
 -2.9866514e-01
 -5.1842760e-02
  2.7405096e-03
  1.6016986e-03
  3.2139652e+00
 -3.8003144e-01
 -6.2071908e-02
 -2.4163250e-02
 -8.7114871e-01
 -5.5233985e-01
 -1.9842620e+00
  1.5003707e-02
 -1.9733907e-01
  3.0855647e-01
  7.9438724e-02
 -9.8287028e-01
  8.0956988e-02
 -2.7183160e-01
 -1.2734059e+00
  2.4413797e-01
  2.7957574e-01
  5.4795939e-02
  7.3368692e-01
 -7.3391527e-02
 -1.2444708e-01
 -1.4838253e-01
  7.1798153e-02
  9.9780107e-01
 -2.0399876e+00
 -1.4283428e-01
  1.3550535e-01
  4.7190111e-02
  6.0232627e-01
  7.6190202e-04
 -1.7243336e+00
 -1.2683026e+00
  1.4027181e+00
 -1.1011466e+00
  2.2804493e-01
  5.9810430e-02
  4.6887943e-03
  1.1939473e-01
 -3.5936512e-02
  7.6651198e-01
  8.1464201e-01
  9.4685686e-01
 -1.2345572e+00
 -3.7014565e-01
  1.8366624e-01
  1.1213361e-01
  2.8211761e-01
  4.7162208e-01
 -9.5403808e-01
 -3.4950706e-01
 -9.7402298e-01
 -4.9845167e-03
  5.9300896e-02
 -1.6112018e-01
  8.6059713e-01
 -1.1768116e-01
  1.2105385e-01
  3.5234871e+00
 -1.1621995e-01
 -1.0928034e+00
  1.6793558e-01
  4.8733810e-03
  6.1344254e-01
 -3.9202341e-01
 -4.1104838e-01
 -7.1205693e-01
 -1.1528059e-01
  1.0866287e+00
 -1.4512396e-01
 -9.1669470e-02
  2.5236972e-02
 -4.3362599e-02
 -1.6164316e-01
 -3.3717219e-02
  2.0140009e-01
 -8.3602929e-01
  4.1891232e-01
 -1.3858676e-01
 -1.8114839e-02
  1.9529061e-01
  1.1085376e-01
 -7.5582570e-01
  4.3777045e-02
  4.9339890e-01
  2.0661006e+00
 -1.7777253e+00
 -4.6500611e-01
 -1.2659685e-01
  7.2186604e-02
 -7.9137005e-02
 -2.0662611e+00
  1.3481042e-01
 -1.4951293e-01
 -2.7009124e-01
  8.1346288e-02
  5.8192593e-01
 -2.9690725e-01
  4.3073845e-01
  9.2924751e-02
 -9.8529667e-01
 -1.4326826e-01
  9.1681197e-02
 -1.6735002e+00
 -5.3643972e-01
 -2.1302214e+00
 -1.0643223e-01
 -2.0621791e-02
  2.5296405e-01
 -9.7072506e-01
 -5.0950352e-02
  2.5087225e-01
  8.0035108e-01
 -2.5466373e+00
 -1.0075656e+00
 -4.7758323e-01
  8.7155648e-02
  4.1565425e-03
 -2.4879265e-01
  3.3253762e-01
  1.8030345e-01
  1.7345494e-01
 -2.1378894e+00
 -5.2901936e-01
  2.6244676e-01
  2.4316404e-02
 -8.0854364e-02
  1.7529182e-01
 -1.7764662e-01
  4.5159377e-02
  1.2484742e+00
 -1.3541195e-01
 -4.6425506e-01
 -1.4319409e+00
  3.8532682e-02
  5.4224756e-02
 -1.0151238e-01
  6.2151536e-02
  1.1383649e-02
 -1.5149462e+00
  5.0280613e-01
 -8.1728584e-01
  8.4079254e-01
  9.9509265e-03
  5.3812973e-02
  3.4792584e-01
 -2.4185268e-02
 -8.4403002e-01
  1.9051675e+00
 -1.4525756e+00
 -2.5649700e-01
  4.9984407e+00
 -1.2915282e-01
 -4.1685898e-02
  3.5873753e-01
 -4.5248307e-03
 -2.3821944e-02
 -3.3893326e-01
 -8.4676363e-02
 -8.4078044e-01
  2.2597191e+00
  1.0143687e-01
  2.1598120e-01
 -1.3174375e+00
 -5.5973001e-02
 -7.3097324e-01
  8.1541073e-01
  1.7513549e+00
  1.2949440e+00
 -8.9304858e-01
  1.4988009e+00
 -1.4727236e-01
  3.6155015e-01
 -1.3735245e-02
 -5.2724481e-01
 -1.7862335e+00
 -8.5643911e-01
  7.7752739e-01
 -1.3033485e+00
 -7.4110337e-02
  1.2629129e-02
  3.3452556e-02
 -1.3526252e-01
 -3.9371464e-01
  5.7388096e+00
  2.2618454e+00
  1.0428110e+00
  6.6905361e-01
  9.7967044e-04
  7.8874767e-02
 -1.8046363e-01
  9.0496808e-02
 -2.5734359e-01
  1.2314907e+00
  1.9925623e+00
 -4.8472738e-01
 -2.4057353e-01
  1.0455150e-01
 -2.7612790e-02
  5.6975746e-01
 -1.9112010e-01
 -2.8079364e-01
 -1.1223280e+00
  2.6435843e-01
 -4.3396205e-01
  1.4928099e+00
 -4.7589678e-02
  4.3031596e-02
 -1.4259443e+00
 -2.2429702e-01
 -2.7183294e-01
 -2.0633054e+00
 -8.8552612e-01
  4.1740850e-01
 -2.4715636e+00
 -1.3752066e-02
  4.6725428e-01
  1.0828221e+00
 -5.3268697e-02
 -2.8743374e-01
 -1.1900883e-01
 -9.8919219e-01
 -7.3278546e-01
  4.2459253e-02
 -1.9052789e-02
 -1.1207853e-01
 -1.3078395e+00
  5.5793133e-03
  8.4423371e-02
  6.8733615e-01
  4.8972237e-01
  8.4895974e-01
 -8.5272849e-01
 -5.5486917e-02
  3.4319505e-02
  6.9588922e-02
 -2.7496012e-02
  3.4998681e-02
 -8.3541238e-01
 -1.9714197e-02
  4.9818321e-03
 -5.2935011e-03
 -3.8021222e-02
  1.0328762e-01
 -8.1909327e-03
  2.4602199e-01
  3.0964980e-01
 -2.1630187e+00
  1.0510110e+00
  1.0107872e+00
  6.4747036e-01
 -8.9269988e-02
  1.4567648e-01
  2.9224174e+00
  2.8655743e-02
  1.6491546e-01
 -1.6831819e+00
  5.5127287e-01
 -1.1458024e+00
 -6.1481583e-01
  7.6719493e-02
 -9.3392462e-02
 -2.8305161e-01
 -2.3195134e-02
  9.8074570e-02
 -3.7755731e-01
  9.1818345e-01
  1.5567957e-01
  4.0054268e-01
 -3.7868676e-01
 -6.9915718e-01
  2.5584139e-02
 -5.0253846e-02
  1.3560446e-01
 -4.5647430e-01
 -9.5976853e-01
  3.5900432e-01
  6.6477436e-01
 -1.6185048e-01
 -4.6849858e-02
  4.0035039e-01
  2.3680669e-01
  9.4152816e-02
 -2.1224275e+00
 -6.2731129e-01
  7.5232848e-03
  5.3407604e-01
 -1.5253556e-01
 -2.8190339e-02
  6.3706201e-01
 -1.2099244e-01
 -2.9791754e-02
  9.0183109e-01
 -5.4047734e-01
 -7.9233748e-01
  2.2937140e+00
  3.8359308e-01
  1.7779646e-02
 -3.4828401e-01
  2.1037900e-01
 -3.3593155e-02
  7.9864812e-01
  3.9042011e-01
  8.0901183e-02
  1.9150616e+00
 -8.6475294e-03
  2.8505553e-02
  1.0012466e+00
  2.8361058e-01
  2.0862728e-01
  9.8770082e-01
  9.6713614e-01
 -5.0329924e-01
 -1.4168544e+00
 -9.8567985e-02
 -1.1050565e-01
  8.5141495e-02
 -3.9666095e-01
 -7.5246312e-02
  2.8336555e-01
  6.0325700e-01
  3.2333500e+00
 -3.1467624e-02
  2.7707750e-02
  9.4582967e-02
  6.6491210e-01
  8.6490326e-02
  1.1922219e-01
  6.8099415e-01
 -1.2847492e-01
 -8.5152394e-01
  5.9337813e-01
 -1.2860739e-02
 -1.2531829e-01
  2.6034749e-01
 -1.8634896e-01
 -1.1039773e-03
  1.2452488e+00
 -6.6946834e-02
 -1.0434808e+00
 -8.0548990e-01
 -1.1693298e-01
 -1.2713741e-01
  1.0459517e+00
  1.3070586e-01
  2.9009336e-01
 -1.9024871e-01
 -1.2529198e+00
  8.5637945e-01
 -1.6853238e+00
  3.2123022e-02
 -2.3538003e-02
  1.0708117e+00
  2.4608594e-01
  1.8979704e-02
  8.5509163e-01
 -1.5047760e+00
 -3.3257717e-01
 -5.5519378e-01
  1.2674408e-01
  3.9005622e-02
  1.6035041e+00
  1.2866618e-01
  1.5669809e-01
 -1.3335232e-01
 -2.2242060e+00
 -8.5391355e-01
 -3.3245149e-01
  3.2202922e-02
  1.3212241e-01
  8.6905664e-01
  1.8247224e-01
  3.7345609e-01
 -6.1290187e-01
 -2.3678849e+00
 -1.5202321e+00
  1.3006486e+00
 -1.3241324e-02
  1.0640411e-01
 -1.4140838e-01
 -6.6162132e-02
  2.3450190e-01
 -5.7026011e-01
 -4.4527668e-01
  5.9535629e-03
 -1.7741111e-01
  1.5772064e-01
  9.9434741e-02
  3.8321379e-03
 -2.0298693e-01
 -1.2393274e-01
  5.2854306e-01
 -8.9599890e-01
 -3.5420248e-01
  1.7633058e-02
  5.4298592e-01
 -1.2659535e-01
  4.3441121e-02
 -1.2764585e-01
 -5.1707927e-02
  8.3797115e-01
 -3.0722538e-01
 -6.5117592e-01
 -1.6172524e-01
 -1.7404239e-01
 -2.8984198e-01
  8.5056561e-01
  3.0908559e-02
 -1.9697422e-01
 -5.3969646e-01
 -2.5962365e+00
 -2.4173100e+00
  3.3875397e-01
  4.2794805e-02
  4.4134848e-02
  1.7089944e+00
  1.4457256e-01
 -1.6386905e-01
  2.3217480e+00
 -2.3111732e+00
 -4.2737237e-01
 -1.1539655e-01
 -1.5764396e-01
  7.2065808e-02
  9.0192187e-01
 -3.6619517e-01
 -8.2811862e-01
  1.5938673e+00
 -3.2487912e+00
 -2.1705787e+00
  3.9443585e-01
 -9.7743563e-02
  1.1837777e-02
  6.7066324e-01
  5.2133124e-02
 -7.3584519e-02
  2.6631021e+00
  7.4279553e-01
 -2.6919588e-01
  1.9897285e-01
  9.4691571e-04
 -1.5535340e-01
  9.4642740e-01
 -1.4324486e-01
 -2.0375827e-01
 -3.4865978e-01
 -4.6376956e-01
 -1.9181699e+00
  8.0169582e-01
 -1.4156444e-03
  7.6864257e-02
  8.8641894e-01
 -5.7775295e-01
 -2.9688802e-01
 -6.2096244e-01
  1.1699073e+00
  2.2601326e-01
  3.1955776e-01
 -5.6377763e-01
 -3.1529214e-02
 -3.7400863e-01
 -2.6296350e-01
 -2.2669482e-01
 -6.3629854e-01
 -2.1452376e-01
 -2.5949746e-01
 -1.9582825e-02
 -3.9351996e-02
  6.9214925e-03
  2.0560985e+00
 -1.0274176e-01
 -7.0578188e-02
  6.3457674e-01
  1.1175718e+00
  8.0283600e-01
  9.3861634e-01
  2.5162837e-02
  1.2153346e-01
 -8.7477565e-02
 -8.3280250e-02
 -6.8294150e-01
 -1.2562631e-01
  3.0466089e-01
 -1.7190238e-02
 -8.3876163e-02
  3.9207502e-03
 -4.1501042e-02
  2.0441785e+00
  5.0355840e-02
  6.7869657e-01
 -4.8202267e-01
  2.1355178e+00
 -1.2195414e+00
  3.8220229e+00
 -4.6337057e-02
 -2.7666003e-01
 -3.5290778e+00
 -5.1709585e-02
  1.7781653e-02
 -2.1218082e-01
  4.0823451e-01
  1.8524177e+00
  9.1548495e-02
  3.0677980e-01
 -3.2847804e-01
  3.0003002e+00
  2.4497345e-02
  1.7273737e-01
 -3.9589354e-01
 -2.2644463e+00
  1.0393238e+00
  2.1653600e+00
  1.2410044e-02
 -8.5744984e-02
  2.1070568e-01
 -2.9536957e-01
 -1.1412076e-01
 -1.4527589e+00
  1.9337546e-02
  1.4274398e+00
  1.4420365e+00
 -1.5655182e-01
 -2.9069075e-01
  3.3511707e-01
 -5.1093400e-02
 -5.9698373e-02
 -1.1464117e-01
 -6.9530606e-01
 -1.0695959e+00
  1.3408192e+00
 -4.2819738e-02
  4.8562042e-02
 -6.3749629e-01
  1.6839443e-01
 -1.6683012e-02
 -1.4827920e+00
  6.7452204e-01
 -3.3007231e-01
  6.2800610e-01
 -2.3919798e-01
 -9.6169263e-02
  5.0656581e-01
  1.1943632e-01
 -2.1881184e-03
  4.5899335e-01
  7.3647082e-01
  5.6747806e-01
 -2.8510469e-01
  8.6479537e-02
  8.6479537e-02
  8.6479537e-02
  8.6479537e-02
  8.6479537e-02
  8.6479537e-02
  8.6479537e-02
  8.2010871e-01
  8.2010871e-01
  8.2010871e-01
  8.2010871e-01
  8.2010871e-01
  8.2010871e-01
  8.2010871e-01
  2.9526749e-01
  2.9526749e-01
  2.9526749e-01
  2.9526749e-01
  2.9526749e-01
  2.9526749e-01
  2.9526749e-01
  1.8743868e-01
  1.8743868e-01
  1.8743868e-01
  1.8743868e-01
  1.8743868e-01
  1.8743868e-01
  1.8743868e-01
  5.7249520e-02
  5.7249520e-02
  5.7249520e-02
  5.7249520e-02
  5.7249520e-02
  5.7249520e-02
  5.7249520e-02
  2.1329978e-01
  2.1329978e-01
  2.1329978e-01
  2.1329978e-01
  2.1329978e-01
  2.1329978e-01
  2.1329978e-01
  1.0398739e-01
  1.0398739e-01
  1.0398739e-01
  1.0398739e-01
  1.0398739e-01
  1.0398739e-01
  1.0398739e-01
  5.3564626e-01
  5.3564626e-01
  5.3564626e-01
  5.3564626e-01
  5.3564626e-01
  5.3564626e-01
  5.3564626e-01
