nep4_zbl 3 Bi Sb Te 
zbl 1.25 2.5
cutoff 6.5 5 42 22
n_max 4 4
basis_size 8 8
l_max 4 2 0
ANN 60 0
 -1.2942718e+00
  2.2657078e-02
 -1.5974292e-01
  1.0045170e+00
 -8.4004901e-02
 -2.5205997e-01
  7.7287303e-03
  5.0687632e-03
  1.1545310e-02
 -1.3893744e-01
  8.2774019e-01
  1.4594413e-01
  4.2075865e-02
  2.7606678e-03
 -4.2953230e-02
 -2.7637139e-01
 -5.6923381e-03
 -3.8411580e-03
 -1.9633351e-02
 -1.2459099e-02
  5.8470410e-01
 -1.4167721e-03
  7.9092301e-02
  9.9729365e-03
 -9.7496100e-02
 -1.0224835e-02
 -4.3157808e-02
  1.0139797e-02
  1.9316990e-03
 -4.6672481e-03
  1.9805320e-03
  2.5514072e-02
  1.1476853e-02
 -1.5459886e-02
  8.6281753e-01
 -4.5742802e-02
 -1.8764978e-02
  5.3401500e-02
 -7.9072835e-03
  2.5851212e-02
 -9.9568389e-02
  4.1109100e-02
  1.9808371e-02
  5.5387259e-02
 -1.3662259e-02
  5.3373422e-03
  5.7657147e-03
  3.0514307e-02
  4.7415435e-02
  7.3379189e-02
  6.1769009e-04
  8.7182177e-03
 -2.4411565e-02
  1.1164405e-02
 -1.9958017e-02
  5.2577243e-03
  1.4977475e-03
 -5.9657330e-03
 -2.2603849e-02
 -4.5318594e-03
  1.0104115e-01
 -1.5164313e-01
 -3.3777457e-01
 -2.5570014e-01
  8.3586675e-01
  1.0308511e-01
 -3.0094826e-01
 -4.7631476e-02
  8.0861650e-02
 -4.3716551e-05
  2.8506603e-02
  7.7879953e-01
 -3.5756975e-02
 -6.6635725e-03
 -9.9482927e-03
  3.1409480e-02
  1.5763517e-02
 -9.6001038e-03
  1.4590374e+00
  2.5029853e-01
  1.9353062e-01
  4.9835843e-01
  6.5720347e-03
  1.0666896e-02
 -1.3131516e-03
 -1.7697046e-02
 -1.0037676e-03
  8.5496986e-03
 -1.4055275e-02
  2.6347470e-02
  5.5339807e-03
 -6.0169487e-03
  2.2056093e+00
  8.1154376e-01
 -9.7169167e-01
 -1.8801393e-02
  5.0912625e-01
 -2.6499799e-02
  5.6735188e-01
  3.3520319e-02
  3.8255677e-03
 -1.0028550e-02
  9.1258776e-01
 -5.2455004e-02
  2.4739439e-02
 -8.9598127e-02
  4.0147811e-02
 -1.9855984e-01
  2.1898588e-02
 -9.3842588e-02
  3.4131613e-03
  3.9801143e-02
 -1.5545180e-03
  1.5581664e-02
 -3.0548373e-01
  2.9410633e-01
  2.6051896e-03
  4.3433675e-01
 -5.3929114e-01
  4.0236503e-01
 -2.6114690e-01
  4.0276263e-02
  1.3646866e-01
  1.2485486e+00
 -1.3624348e-02
 -3.2649818e-01
 -1.7148228e-02
 -3.1791698e-02
 -7.1904608e-03
 -1.0373586e-01
  1.3828359e+00
  7.2045201e-01
  2.3993243e-01
  3.9057341e-01
  2.8829265e-01
 -3.4941938e-02
  9.8604790e-04
 -6.9236998e-03
 -1.8934120e-03
 -2.1446347e-01
  7.1676143e-02
  3.8760465e-02
 -2.3212282e-02
 -6.6960137e-03
  1.0240586e-02
 -1.4689520e-02
 -1.1250741e-02
 -4.2507961e-02
  1.7023757e-02
  9.7949372e-04
 -3.5866003e-03
 -1.5154618e-02
 -1.4887679e-02
  8.5572742e-02
 -7.8843795e-02
  9.3399559e-04
 -3.2948300e-02
 -5.4713644e-02
  2.4627117e-02
 -2.1403307e-02
  1.5799388e-01
 -7.3167589e-04
 -8.7291272e-03
 -1.4331397e-04
  8.9054257e-03
 -1.0830622e-02
 -3.0314621e-02
 -2.4761721e-02
 -1.4592243e-03
 -7.0367409e-03
 -3.4440361e-02
  3.1351432e-02
  2.2660119e-03
  1.7575856e-01
 -6.9966572e-03
  2.0392914e-03
  1.4051648e-02
  4.6316996e-02
  1.5220486e-02
 -2.7347410e-02
  4.0782127e-03
 -2.2958754e-02
 -1.4195447e-01
  1.6036204e-01
  2.6664177e-02
 -7.8627944e-04
  1.4436011e+00
  2.0933230e-01
  1.2445313e-01
  1.4314116e-03
 -8.9836633e-03
 -1.3364683e-02
 -2.4852980e-02
 -2.5017660e-02
 -2.6217056e-02
  1.3604105e+00
  2.0472240e-02
 -4.4807088e-02
  1.1295083e-02
 -9.7328117e-03
  6.2133163e-01
  1.1485911e-02
 -1.4358387e-02
  5.2113621e-03
  3.8770315e-01
  1.1801749e-02
 -1.2402233e-02
 -1.7833447e-02
  6.0717156e-03
 -6.9955885e-02
  1.2306783e-01
  4.0968418e-01
 -3.9751023e-01
  1.2354445e+00
 -2.6845014e-01
 -7.6402508e-02
 -3.2751750e-02
  1.2563982e-03
 -9.4123386e-02
 -1.1748711e-03
 -1.1403067e-02
 -1.5427740e-01
 -4.8933453e-03
  6.0356632e-02
  2.5435266e-01
 -1.4147717e-01
 -1.0169409e-01
  2.8468843e-03
 -1.9403877e-02
  2.9726475e-01
  2.3339685e-02
 -8.0395360e-03
 -1.1758705e-02
 -1.6807400e-02
 -9.4113238e-03
  5.9484046e-02
  1.5620674e-02
  1.5529831e-05
  9.3155624e-03
  4.5674662e-03
  6.3368515e-04
 -1.5882660e-02
  1.5430962e-02
 -2.8408116e-02
  4.9491050e-03
 -2.0378614e-02
  3.1003138e-02
  1.5598691e+00
 -1.2054252e-02
  1.1234931e-03
 -2.5115633e-02
  1.8586092e-02
  1.4872563e-02
 -4.2461187e-02
  1.5840606e-03
  5.4758657e-02
  2.5663711e-03
 -9.9930624e-03
  1.4086042e-02
 -1.4077573e-02
  1.1392359e-02
  1.8702116e-02
 -1.0156922e-02
 -3.4910050e-01
 -1.9211864e-02
 -2.9107900e-02
  3.3147980e-02
  4.9991496e-02
  1.6447697e-03
  1.6809795e-02
  7.8872740e-03
  3.6264218e-02
  8.1828810e-02
 -4.1169324e-03
  2.3559171e-03
 -3.3504814e-03
  7.7691269e-03
  1.4522810e-02
 -2.7152149e-02
 -1.5842656e+00
 -2.2793624e-03
 -1.5704553e-03
  2.3706758e-02
 -8.6970959e-04
  7.0596012e-05
 -2.8605320e-02
  3.5325561e-02
  1.7505404e-02
  1.6409928e-02
 -9.8031517e-03
 -8.2778530e-03
 -6.8723098e-03
 -1.8879196e-02
 -1.4447523e-02
 -3.8617734e-02
 -1.1000585e-04
 -1.1384457e-02
  3.1600464e-02
  1.3528138e-02
  3.6825684e-03
  9.6785352e-03
  4.1005317e-02
 -1.5555901e-03
  4.6616691e-01
 -4.1409037e-03
  1.9340973e-02
  6.4269736e-02
  7.4174449e-02
  5.0434875e-03
  1.5138655e-02
  1.9552138e-02
 -2.5800945e-02
  2.8386065e-03
  1.6261349e-02
 -1.4473760e+00
  1.1617117e-01
  1.6522430e-02
  6.7928888e-02
 -2.2160580e-02
 -2.5736697e-02
 -9.8315373e-02
 -5.5815082e-02
 -1.1312479e-02
  7.6021977e-02
  5.7758380e-02
 -1.6868409e-02
 -3.2148652e-02
  1.8545000e-02
 -2.8483334e-01
  5.0732470e-03
  1.0992222e-01
  4.6775833e-01
  1.0556928e+00
  3.3846989e-01
  5.0724334e-01
 -1.0195749e-01
 -2.2353021e-02
 -2.4954267e-02
 -5.2568641e-02
 -2.1935524e-02
 -6.7921765e-02
  3.5783646e-01
  2.0874126e-03
  7.8080639e-02
  1.5950307e-02
 -3.4084034e-01
 -1.3771622e-01
 -2.9649742e-02
 -7.7617668e-02
 -5.3561494e-02
 -2.9707387e-01
 -2.1002548e-02
  3.7025128e-02
 -1.8391335e-02
 -4.0325746e-02
 -8.2359143e-02
 -2.8839776e-02
 -7.1648993e-02
 -4.0696573e-02
 -1.2185466e-01
  2.4734685e-01
 -1.3664248e+00
  7.4093962e-01
  1.6090126e+00
  1.1203441e-01
 -2.4978605e-01
 -9.6797800e-01
 -7.7330148e-01
  1.7820181e-02
 -3.5488587e-02
 -1.4383851e-01
 -7.6045594e-03
  6.1750789e-03
  2.3703702e-02
 -1.1727885e-02
 -2.7400318e-01
  1.6171401e-02
 -2.9211299e-02
  1.8701665e-01
  5.6147989e-02
 -2.7124292e-01
 -6.5794677e-02
 -6.9205570e-01
  5.6001274e-03
 -2.2098346e-02
  7.8971486e-04
  7.6178372e-01
 -1.5977158e-01
 -6.8104989e-03
 -4.5938917e-02
  8.7120157e-01
 -4.7559477e-03
 -1.6694010e+00
  1.4317995e+00
  7.0915002e-01
  2.0655503e-02
  1.5969366e-02
  1.8847804e-03
  2.8472142e-02
 -4.6280841e-04
  3.7631695e-03
 -2.1890816e-01
 -1.3325437e-02
  1.2054210e-02
  2.5210473e-01
  9.0132467e-02
  1.3599498e-02
 -5.1110618e-02
 -7.5205169e-03
 -4.7805946e-02
 -7.0249408e-01
 -6.2428541e-03
 -2.2036262e-02
 -5.5043612e-02
  2.8521142e-03
  4.0897983e-03
 -1.7508874e-02
 -4.4695169e-02
  2.3497785e-02
  2.3389554e-02
  9.9888053e-03
  6.3496982e-03
  1.9685528e-03
 -4.1053152e-01
  1.0515237e-02
 -5.7963029e-02
  2.0807397e-02
  8.3204663e-01
 -1.8499533e-02
 -2.5031915e-02
  1.3054746e-02
  1.6829610e-02
 -3.3333141e-02
  1.1080942e-02
 -1.3083710e-02
  1.8922473e-01
  3.8150724e-02
  1.1190103e-02
 -1.2931710e-02
  2.6509756e-02
 -1.3941685e-02
 -2.0083545e-02
 -1.8852556e-02
  3.5345830e-02
 -1.8512679e-02
 -1.0448623e-02
 -1.6391472e-04
  4.0763076e-02
 -2.2787238e-02
  1.1952472e-01
 -1.6050050e+00
 -3.3412028e-02
  4.5657333e-02
  4.4939032e-01
 -7.9602844e-01
  1.2239214e-01
  1.5198500e-02
 -2.1160069e-01
  2.5255567e-01
  3.1985033e-03
 -6.0755944e-01
 -1.3665127e-02
 -5.4810466e-03
 -7.9681985e-03
  2.2506846e-02
  2.3182820e-01
  3.4996651e-02
 -1.3912570e-02
  4.4350751e-02
 -6.6325339e-03
 -4.3489400e-01
  2.0634420e-02
 -3.3643510e-02
  8.7110341e-02
 -7.6776189e-03
  1.4076869e-02
  1.2515375e-02
  9.8564468e-02
 -2.5437371e-04
  2.1858078e-03
  1.2951657e-01
  2.0633864e-01
 -1.1601793e-03
 -5.8573475e-03
 -2.0110844e-01
  3.3698607e-02
  1.5638333e-03
 -1.4190507e-02
 -3.4830272e-02
 -3.4138111e-03
  1.0109227e-02
  9.2053171e-03
  3.4676210e-03
 -4.8592528e-03
 -4.1141841e-03
 -2.2798331e-02
 -9.7890254e-03
  1.7429678e-02
 -4.0288806e-02
  1.2323462e-02
 -2.2807915e-02
 -1.1758252e-02
 -4.6466336e-02
  1.0053022e+00
 -2.7326396e-02
  7.5883977e-03
 -3.8369443e-02
  2.3508759e-02
  1.7716244e-02
 -4.2985845e-02
 -6.5715939e-02
 -7.3975353e-03
  3.8399462e-02
 -9.0451735e-01
  3.6266300e-01
  9.9760361e-02
 -1.9323172e-02
  2.7011624e-02
  4.7206157e-01
  5.7996716e-02
 -8.0383420e-02
  3.4387410e-03
 -1.5009479e-02
  7.1302921e-02
 -4.8056699e-02
 -6.7875511e-04
  1.0425404e-02
  3.0475251e-02
 -4.5404457e-02
  5.0848359e-03
 -3.3950589e-03
  2.3391852e-02
 -1.0751794e-01
 -2.7272299e-02
  6.0315087e-04
 -2.8300410e-02
 -2.4891177e-03
 -3.7999194e-02
 -5.6374377e-01
 -1.3762772e-02
 -6.6863173e-01
 -1.7350948e-01
 -7.7979529e-01
 -2.1621437e+00
 -3.4799212e-01
  2.8509337e-01
  1.2124331e-01
 -5.6607676e-01
  4.0978965e-01
  1.4033027e-01
 -3.9029703e-01
  5.5901301e-03
  4.2466927e-01
 -1.2454948e-02
  4.6966654e-01
 -7.5972644e-03
  1.1626756e-01
 -5.6345663e-03
  8.5297272e-02
  2.5854620e-01
  6.1265141e-01
 -4.8636755e-01
 -4.8840065e-02
  2.0697132e-01
  1.9349359e+00
  4.3485555e-01
  9.3417265e-02
  5.3679210e-01
 -4.0964257e-02
 -1.7152736e+00
 -6.0703069e-01
 -1.0434983e-01
 -3.1829829e+00
  3.2627276e-01
 -3.2858796e-02
 -9.0690374e-02
  3.6345094e-02
 -3.5485260e+00
 -2.1910435e-02
 -4.4387942e-03
 -7.4894920e-02
  4.8272286e-02
  6.3941665e-02
  1.2229484e-02
  3.3641662e-02
  4.2385936e-02
  2.2628210e-02
 -2.3380151e-02
  1.2654783e-03
  4.5083812e-01
  6.1710414e-02
  1.5382069e-04
  8.0189463e-03
  4.4115009e-03
  4.7722645e-03
  3.9484072e-03
 -5.7586417e-02
  1.6816387e-02
 -5.6478125e-01
  6.1783619e-02
 -1.8653546e-02
 -9.7491303e-03
 -3.2089323e-02
 -1.5821670e+00
  1.6606016e-03
  9.6032871e-03
 -1.5113605e-02
  5.6390655e-03
 -3.4395570e-03
  6.0390239e-03
  5.6910538e-03
  1.7142183e-03
 -2.3663717e-03
 -4.1131966e-02
  2.3641905e-02
  1.5525484e-02
  3.1551782e-02
  2.1826250e-02
  1.5850797e-02
 -3.6628942e-03
  5.2284375e-02
 -3.8955316e-03
 -3.5765734e-02
  1.9832591e-02
 -1.2845169e-03
  7.4302517e-03
 -2.8244965e-04
 -1.7269910e-03
  1.5177531e-02
  2.8447779e-03
 -4.2006123e-01
  5.8132714e-01
  1.2223842e-01
 -3.7650192e-01
 -1.3160729e+00
  2.1723710e-02
 -3.9091349e-02
  1.2769304e-01
  5.5545219e-03
  3.2326560e-02
 -7.7500857e-02
 -1.1841331e-01
 -4.6207618e-02
 -4.6021558e-04
 -1.2572905e-03
  2.5890158e-02
 -4.8313988e-03
  1.5017069e-02
  4.4597071e-03
  3.0369751e-02
  4.0607864e-01
  1.4807388e-02
  2.1389158e-01
  1.6802324e-02
  1.1722429e-02
  1.5550445e-01
  1.7960679e-02
  6.1020192e-02
 -1.4477270e-02
 -5.5137813e-02
  2.9495515e-02
  9.1597624e-03
  1.0421548e-01
  4.3226131e-03
  1.7904216e-02
 -3.0302800e-02
  1.7229578e-02
 -2.6702767e-03
  3.6372244e-02
 -3.5172857e-02
 -9.2950333e-03
  2.0375432e-02
 -1.3884014e-02
  4.3231137e-02
 -1.1562487e+00
 -1.5767440e-01
 -6.8504973e-03
  5.3037331e-03
 -2.1708869e-04
  1.6051637e-02
  1.9280519e-02
  2.0532681e-02
  1.1207893e-02
 -1.4648971e-02
 -1.9085014e-02
 -1.9401418e-02
 -6.2718764e-03
  2.1111285e-02
 -2.9055722e+00
 -3.5398221e-05
 -4.9344534e-01
  9.9542849e-02
  8.9797229e-02
 -9.5335120e-01
 -4.9897026e-02
 -1.1275660e-01
 -1.2202963e-02
 -9.0508796e-03
 -3.3064187e-02
 -3.8350094e-02
 -3.2356858e-02
  1.5362981e-01
  1.1603638e-02
  1.6424689e-02
  5.0002565e-03
 -3.5094747e-03
 -2.6384825e-02
 -9.1480026e-03
  9.5550790e-03
  9.2018366e-02
 -2.2382781e-01
  3.3930205e-02
  6.0330448e-03
 -5.9372526e-02
 -1.4121784e-04
 -4.7866590e-02
 -7.9370163e-02
 -4.5701419e-03
 -1.0475327e-02
 -4.3924554e-04
 -3.8025579e-03
  2.8201371e-02
  2.1881331e-03
 -2.2304532e-01
 -3.6760396e-01
 -5.8018020e-03
 -1.9868655e-02
 -7.0561743e-03
 -1.6543576e-02
  2.4735339e-02
 -2.9694356e-03
 -5.9708636e-03
  1.5202386e-02
  2.8712980e-02
  5.6075975e-02
 -2.6008740e-02
  1.8244432e-04
 -2.5323626e-02
 -1.5809486e-02
  2.7276124e-03
 -9.6952021e-03
  7.1165105e-03
 -3.9054941e-02
  4.0509429e-02
 -1.5426740e-02
 -4.4140451e-02
  3.4755666e-02
 -1.1973258e-02
  2.2708656e-02
  3.0833529e-02
 -5.4965641e-02
  3.3929673e-01
  2.4916382e-01
  2.8228995e-01
  6.3171905e-01
 -6.5483785e-01
  8.0674708e-02
  1.3714037e+00
 -3.9710996e-01
  1.1326442e+00
 -1.8661056e-01
  9.6590236e-02
 -3.6231726e-02
  6.9048904e-02
 -5.6533013e-02
 -4.5627972e-01
 -2.9907729e-02
  1.6120502e-01
  3.4479829e-03
  6.7503315e-01
 -4.0390703e-01
  5.3507018e-01
  4.2782357e-01
 -5.2737165e-02
  1.1569249e-03
 -1.3998503e-02
 -3.2789543e-02
 -2.3151535e-01
 -9.7848140e-03
  9.0359227e-04
  4.0452638e-01
  6.7646939e-01
 -3.0367243e-01
  1.5219637e+00
  1.1144208e+00
 -2.0882899e-01
 -4.3075033e-03
  8.0167286e-02
 -3.3255186e-02
 -6.6591308e-02
 -1.7069769e-01
  5.0825544e-02
  5.6204621e-02
  5.1165018e-03
  1.3648111e-02
 -5.7369145e-04
  8.0878988e-02
 -3.3285329e-01
  3.8417004e-02
  2.0301937e-01
  4.4229594e-01
  4.6715261e-03
  3.8076274e-02
  1.0415501e-02
 -2.2148815e-01
 -1.0628057e-02
  1.7418882e-02
 -6.3843407e-02
  1.6563769e-02
 -4.3354975e-03
 -2.5074536e-02
 -1.5715419e+00
  5.0577685e-02
  2.0627418e-01
 -5.2949239e-02
  2.2971424e-01
  1.0087267e-01
 -1.7595803e-02
  1.6768686e+00
  3.9212417e-05
  2.9315606e-02
 -1.1686196e-02
 -1.9080907e-02
  1.9205248e-02
  2.2601366e-01
  1.4111989e-03
  9.8680463e-03
  1.8594721e-03
  4.0403292e-02
  9.6471803e-03
  2.1010824e-02
 -9.2367800e-03
  1.8611286e-02
  3.6776259e-03
  2.2490256e-02
 -2.9924087e-02
 -2.0904679e-02
  4.2663044e-03
 -4.6029687e-01
  3.6676448e-02
 -1.1996425e+00
 -1.2624371e-01
  9.0126663e-01
  1.7449895e+00
  4.6045998e-01
  2.7279856e-02
 -4.2853048e-03
 -8.3714932e-02
  1.4495798e-02
 -1.6983779e-02
  1.1611498e-02
 -1.2320709e-02
 -1.4289762e-01
 -1.7294746e-02
 -1.2030812e-01
  8.2249805e-02
 -2.0787302e-02
  1.2028500e-02
 -1.3792911e-02
 -5.4122072e-01
 -1.3540856e+00
 -1.7552085e-02
 -2.3935907e-02
  5.7310252e-03
 -6.6565797e-02
  4.1269243e-02
  2.4388637e-02
 -3.9905574e-02
  1.6410902e-02
 -8.8868570e-03
  7.4599780e-02
 -1.2922428e-03
  7.5334306e-03
  1.6198103e+00
  1.3189818e-01
 -2.8708249e-02
  1.5092796e-02
  7.7119963e-03
  1.5471349e-02
 -3.1953719e-02
 -2.0369223e-01
 -5.2359137e-03
 -6.5843694e-02
 -1.1262222e-02
 -2.3509866e-02
 -5.7211090e-03
  2.2619577e-02
 -1.5358265e-02
 -1.7853234e-02
  5.7262860e-02
  2.7194849e-01
 -1.0990732e+00
 -1.7713740e-01
  1.6363576e-02
  7.9778541e-04
 -2.6999351e-02
  4.8408203e-02
 -4.8594554e-03
 -6.3629374e-02
 -5.4555833e-03
 -3.4356511e-01
  4.1480917e-01
  9.8674402e-02
 -4.7053835e-01
 -7.2182304e-01
 -4.2261916e-01
  1.8465344e-02
  5.6650631e-02
 -4.7836471e-02
  9.3854435e-02
 -6.8811081e-02
  1.9669240e-02
 -6.5808836e-03
 -3.7879660e-04
 -8.0142096e-02
 -1.3988421e-02
  1.2061829e-02
  8.4278844e-02
 -3.3864941e-02
  1.0678425e-01
  3.4785479e-02
 -1.7723748e-02
  3.3201259e-01
 -1.5475698e-02
 -1.9798715e-02
 -2.4637176e-02
 -3.3865590e-02
 -5.3581070e-02
  1.3765001e-02
 -4.1502997e-02
 -2.6004514e-02
  8.9549683e-03
 -2.2560857e-01
 -7.0723057e-01
  8.8928938e-01
  4.9935244e-02
  1.5323145e-02
 -2.4698347e-02
  2.6192901e-01
 -9.9633588e-03
  9.3195289e-03
 -3.2769793e-03
  6.0130833e-03
  2.1276524e-02
  1.8001880e-01
  4.1217446e-02
  3.2929219e-03
 -1.4597296e-02
  4.5588776e-03
  5.3792554e-01
  5.7648295e-01
  8.3759623e-03
 -9.6037854e-03
  7.0445932e-02
  8.9152575e-02
 -3.1942215e-02
 -3.4235295e-02
  9.9712163e-02
  3.1055494e-03
  3.3388991e-02
  6.6612840e-01
  4.7677909e-03
 -1.1680599e-01
 -6.9341135e-01
 -5.1124495e-02
  3.8527995e-02
  1.0708274e-02
 -8.0866823e-03
  8.9725710e-02
  1.8138867e-02
 -6.5664820e-02
 -2.7459152e-02
 -1.0358458e-02
  1.3360617e-02
  3.9362842e-01
 -1.5992627e-01
  4.5873420e-03
  2.0449726e-02
  2.1646520e-02
 -2.0560645e-02
  1.5532534e-01
  1.9137724e-05
 -1.9286059e-02
  3.1894399e-03
  8.9269532e-03
  1.4639358e-02
  1.3555808e-02
  3.1899422e-02
 -2.5986333e-03
  2.1933604e-02
 -3.3830293e-02
  1.4665101e-02
 -5.6473289e-02
  8.6475182e-01
 -6.1874308e-02
  1.9780074e-03
  3.1258624e-02
 -1.2556382e-02
 -1.9978734e-02
 -1.4724519e-02
  3.0977007e-02
  1.8009167e-02
  6.7495719e-02
  4.5757098e-03
  1.0006184e-02
  1.9284719e-01
  3.7046962e-03
 -8.9673102e-03
  1.3051654e-01
  3.1814776e-02
  3.4045588e-02
  2.6862560e-02
  3.6515687e-02
  1.9793801e-02
 -6.9929533e-02
  5.2670315e-02
 -2.7262005e-03
 -3.5621308e-02
 -9.0717088e-04
 -2.3972206e-03
 -1.6335841e-02
  3.8767803e-02
  8.9506781e-01
  5.3535658e-01
 -4.8594974e-02
  6.7500556e-03
  8.9157112e-03
 -1.4872802e-02
  6.6755094e-02
  2.4084060e-03
 -3.7426946e-03
  9.8683434e-03
 -3.3774879e-02
 -2.5400785e-03
  2.3996964e-02
 -7.6822743e-02
  9.4914474e-03
 -1.2161903e-02
 -3.1829413e-02
  1.1032976e-02
 -1.4887189e-02
  3.0559989e-02
 -6.5915345e-04
  2.4373729e-02
 -5.0417194e-03
  1.2478569e-02
 -1.8077413e-02
  8.0383718e-03
  7.5129191e-03
 -2.2894938e-02
 -2.0865185e+00
 -1.5816325e-01
 -1.3253676e+00
  9.8940629e-01
  6.9333082e-01
 -2.1027008e-02
  1.8053107e-02
 -1.0436188e-02
  4.2006552e-02
  4.3957941e-03
  1.0156163e+00
 -2.7565794e-02
  5.2713168e-01
 -2.2506746e-02
  1.8303807e-01
  1.5126961e-02
 -4.3732002e-02
 -9.5154326e-05
  2.3577293e-02
 -3.0910859e-02
 -7.0688270e-02
 -4.2431997e-03
  3.1345267e-02
 -4.6349736e-03
 -3.5041971e-03
 -5.1473022e-02
  2.8846722e-02
  8.7466232e-02
  8.2007442e-03
  4.2538743e-02
  1.8036781e-01
  2.6283792e-01
 -3.3985920e-02
 -2.2617099e+00
  6.2610405e-03
 -3.3575562e-03
  5.0031042e-01
 -1.5297221e-02
 -1.1557046e-02
  2.8064174e-03
 -4.1942120e-02
  2.8276753e-02
 -8.2896724e-03
 -7.0601040e-03
  3.7625335e-02
 -8.6023808e-03
 -3.3420563e-01
 -3.6121069e-03
  1.7327536e-02
  1.3453465e-02
 -4.8621066e-02
  2.1603610e-03
 -1.0079867e-01
 -3.3178020e-03
  1.5749171e-02
  1.7682789e-02
 -1.4019686e-02
 -2.1224035e-02
 -4.3936521e-01
 -1.0878957e-02
 -1.6077540e+00
  4.1119218e-01
  9.0868014e-01
 -4.4578150e-01
 -1.4116760e-01
  1.1142788e-02
 -4.7897067e-02
 -7.6584850e-04
 -7.3017783e-02
  1.9969136e-02
 -1.0963358e+00
 -3.9075516e-02
 -4.6050328e-01
 -1.5544323e-02
  5.0310893e-03
  1.6327310e-01
 -4.2204638e-03
  3.4910031e-02
 -4.0111924e-03
  5.7725942e-01
  2.6730993e-01
  1.7465295e-04
  6.3476309e-02
 -4.8636243e-02
 -2.2700089e-01
  3.7669197e-03
 -3.9170604e-02
 -4.8400495e-02
 -4.3500748e-02
  4.0090803e-04
  1.1885256e-01
 -2.9685727e-01
 -1.4419876e-01
 -1.0701026e+00
  3.0229995e-01
  2.3403463e-03
  1.5850718e-01
 -1.6449733e-02
 -1.9644603e-01
 -4.0631708e-02
  8.4231233e-06
 -7.1129077e-03
 -1.5857981e-03
  2.3322878e-02
  2.7736526e-02
  1.0251920e-02
 -1.5726874e-02
  1.3167156e-02
 -1.3527788e-01
  1.2133365e-02
  1.5814601e+00
  4.6599083e-02
 -1.3358316e-02
 -7.6455506e-03
 -8.7388232e-03
 -6.7353338e-02
 -1.3968342e-02
 -5.2767191e-02
 -2.9648496e-02
 -4.7172885e-03
  3.6459079e-01
 -3.6747301e-01
 -1.4929187e+00
  5.5931509e-01
 -6.3704693e-01
 -6.0864701e-03
  6.4793223e-01
  8.8777445e-02
 -1.0939543e-01
 -4.6222501e-02
 -1.5856369e-01
  1.2943968e-01
  1.3101132e-02
 -6.1930841e-01
 -1.5371816e-01
  7.3586857e-01
  2.9372934e-02
 -1.1732442e-02
  6.3963234e-03
  1.4513285e-01
 -7.7481699e-01
  9.3703048e-04
 -2.6549285e-02
  2.3117645e-02
 -4.5839980e-02
  7.0796192e-02
 -1.1551941e-01
  9.6309073e-03
  3.8033377e-02
  6.4356989e-01
 -2.3885421e-02
 -2.5733389e-02
 -5.9934300e-03
  3.8697891e-02
  5.7307696e-03
 -1.1604353e-01
 -6.7641996e-02
  2.7827637e-02
 -3.6697652e-02
 -6.3039824e-02
 -3.7332824e-03
  1.0450955e-02
  6.7274496e-02
  5.1373680e-04
  7.3470119e-03
  1.6262192e-02
  1.7881526e-02
  2.2341230e+00
 -3.2831959e-02
  1.1389122e-02
  3.7400380e-02
 -1.2767903e-02
 -1.3319789e-02
 -2.2603154e-02
 -1.4653705e-02
  3.7433375e-02
  1.8655874e-02
  3.3404003e-03
 -5.4572177e-01
  2.5610629e-02
  3.3577632e-02
 -1.2107929e-02
  1.7663281e-03
  4.9844167e-01
 -2.9790226e-01
 -4.2241048e-03
 -3.9129844e-03
 -5.6726266e-02
  2.5073969e-05
 -7.0857798e-04
  4.1341879e-03
  3.2284126e-02
 -2.2567667e-02
  5.5920500e-03
  9.7301984e-03
  5.6939483e-02
  1.2913842e-02
  9.4830217e-03
 -1.3775646e-02
 -3.5871752e-02
  1.5844695e-02
  1.9208796e-02
 -2.9840052e-02
 -1.2828999e-02
 -8.1337709e-03
 -7.7881082e-03
  1.1615226e-03
  5.3943492e-02
  7.3621660e-03
 -3.7783012e-02
  1.3639133e-02
  3.5024375e-02
 -6.1585903e-02
  3.1409565e-02
 -1.1919731e-01
  3.1878751e-02
  5.8762198e-03
 -1.9022301e-02
 -1.2892783e-02
  4.3539400e-03
 -1.0152279e-02
 -3.8725246e-02
  2.0490227e-02
  1.1012387e-02
 -3.2073972e-01
  1.1808319e-03
 -9.7389937e-05
  1.6551610e-02
 -6.9932644e-03
 -5.6499271e-03
 -5.2554687e-03
 -1.5461708e-02
 -3.3247430e-02
  3.6538448e-02
 -2.6092628e-02
  2.3409218e-02
 -2.3216944e-02
 -1.6392855e-02
  4.6540350e-02
 -6.6670259e-03
  6.4796031e-01
  8.5282112e-03
 -6.4131707e-01
 -4.5238039e-01
  5.4901488e-02
 -1.2127455e-02
  2.9125270e-02
  2.9890330e-03
 -9.9728191e-03
  2.2024730e-02
  2.6045328e-03
  2.5239617e-02
 -4.4810264e-03
  2.6045559e-02
  4.1502312e-02
 -3.6875294e-03
  1.6459947e-02
  2.7642371e-03
 -4.5950860e-03
 -6.7176089e-02
  4.5996117e-03
  2.0289859e-02
 -1.3900628e-02
  6.9244215e-03
 -3.2154780e-03
 -2.0262292e-02
 -2.4034157e-02
  9.5135689e-02
 -3.9381161e-02
  2.9641882e-02
 -4.9863309e-01
  1.5022848e+00
 -8.3689648e-01
 -9.3765086e-01
 -9.4756007e-01
  2.2979806e-01
 -4.1921142e-01
 -1.7841903e-02
 -3.6843067e-01
 -2.0456125e-01
 -4.0662500e-01
  1.2364722e-01
 -5.3101921e-01
  6.4008497e-02
 -9.3536103e-01
  6.2679206e-03
 -7.6318964e-02
 -1.4023621e-01
 -3.9124787e-01
 -3.1870106e-01
  1.8581924e-01
  5.5970009e-03
  1.2113783e-02
 -2.5027184e-02
 -7.6890779e-01
  8.9097023e-02
 -5.7867724e-02
 -2.1527562e-01
  1.6846852e-02
 -5.0458465e-02
  4.1836802e-02
  1.1186878e-02
 -6.3915908e-02
  4.1372389e-02
  2.0129343e-02
  1.5051466e-02
  6.7440428e-02
  9.8204846e-03
 -2.4367703e-02
  3.7050899e-03
 -6.0577240e-02
  1.4209019e-02
  5.0370413e-04
 -2.7992774e-03
  5.5055454e-02
  2.7508370e-04
 -9.8649943e-03
  1.1971814e-01
  3.4456726e-03
 -1.1992429e-02
  9.8615270e-03
  4.7019338e-03
 -1.2244641e-02
 -8.6709866e-03
 -7.7788956e-02
  8.8312682e-03
  4.0694056e-03
 -4.3883957e-03
 -1.0847115e-02
 -3.3893869e-03
  2.9823594e-02
 -3.0777248e-02
  2.9723009e-02
  1.3660097e-03
 -5.5117518e-02
 -1.1896100e+00
  3.0222023e-02
 -4.6238536e-04
  2.3082069e-03
  6.5910182e-04
  3.4636611e-03
  5.3965382e-02
  4.9655501e-02
 -1.4267226e-02
 -6.9040500e-02
 -2.8735533e-01
  3.0168034e-02
 -1.2693827e-02
  1.5479250e-02
  3.5474867e-02
  2.4435667e-02
  1.2314584e-01
 -8.0345720e-01
  1.7916009e-02
 -3.9824706e-02
 -1.0988648e-02
  6.2547084e-03
 -4.7835261e-03
  6.1576732e-04
 -2.2095246e-02
 -3.2111758e-01
  5.1447588e-01
 -4.6290427e-02
 -1.6757455e-01
 -1.1013594e+00
  9.8504031e-01
  8.7907159e-01
  1.2516665e-02
 -6.6580780e-02
  1.3271324e-01
 -1.2155901e-01
  6.9976524e-02
 -4.7746029e-02
  1.4567786e-02
  9.4551384e-02
 -7.1091127e-01
 -2.0438957e+00
 -7.4928349e-01
 -1.9681852e-03
  2.9822686e-01
 -2.2312336e-02
  3.7847098e-03
  1.5574833e-02
 -5.2353179e-01
 -9.4300732e-03
 -1.6259541e-01
 -1.4254160e-02
 -9.9000938e-02
 -1.2686292e-03
 -2.1781037e-02
 -3.4420550e-01
  6.6670185e-01
  1.2896221e+00
 -8.9179111e-01
  9.3278414e-01
  1.1525545e-01
  1.5930081e-03
 -4.7219261e-03
 -6.9431096e-01
  1.2536249e-02
 -1.1483901e+00
 -1.3676129e-02
  7.2324455e-02
  1.0045389e-01
  9.5774807e-02
  1.0848268e+00
  1.3113224e-02
 -4.4364639e-02
  7.3722385e-02
  3.1797707e-01
 -5.1550305e-01
  3.9396945e-02
 -1.1194038e-02
  3.5060577e-02
  3.8074038e-03
  4.5280024e-01
  3.7448704e-03
 -3.3199981e-02
  1.1131709e-02
  8.4589891e-02
 -3.7917927e-02
 -3.7585786e-03
 -2.0579688e-01
  5.2791405e-02
  1.9624433e-02
 -1.6153876e-02
  6.3647404e-03
 -5.7670865e-02
 -1.6940743e-02
  1.0313798e-03
  1.4929888e+00
  1.0631572e-02
 -2.6185611e-02
  1.7692995e-01
  3.7473880e-04
 -5.3243123e-02
 -1.1415585e-03
 -4.3397620e-03
  1.6840940e-02
 -1.1680125e-01
 -2.5957116e-01
  8.6874971e-03
 -2.4013484e-02
  2.9080572e-02
  1.3188655e-02
 -6.9537880e-03
 -1.3928982e-02
  5.8941655e-02
  2.6047023e-03
 -2.8727435e-02
  3.7197745e-03
  3.0725338e-03
 -1.5366707e-02
 -9.8602138e-02
 -1.4876566e-02
  2.3604603e-04
  3.1253967e-02
 -4.8156079e-02
  7.2375289e-04
  5.4871254e-02
  5.5630094e-01
  1.1200165e-02
 -1.3651982e-02
  9.4822347e-02
 -8.8539040e-03
 -1.0111964e-03
 -3.6458861e-02
  9.6936464e-02
 -1.8672194e-02
  6.9521673e-02
  8.6311316e-03
  9.5350463e-03
  2.2871552e-02
  1.1919737e-02
  3.6231235e-02
 -1.1063077e-02
  4.9261302e-02
  3.6005741e-03
  9.9972251e-04
  7.5883761e-02
 -5.5673951e-04
  2.3603176e-03
  5.1277850e-02
 -3.3733619e-03
  1.7947523e-02
 -1.3217932e-02
  7.7760899e-03
  1.7015671e-02
 -3.3600565e-02
 -8.7374181e-02
  2.5296335e-03
  6.7323918e-04
  2.0704842e-03
  3.8540103e-02
 -1.1552559e-02
 -1.0137284e-03
 -1.1730103e-02
  1.0604258e-02
 -5.4039375e-04
  3.3489559e-03
 -3.3248914e-03
 -3.3025965e-02
 -4.6185902e-03
 -8.3735464e-03
 -2.0604230e-02
  3.8184810e-02
 -1.2572692e-02
 -2.2789241e-01
  3.9536264e-03
  2.0785896e-02
 -5.1990700e-01
  8.8440813e-03
  8.3068621e-01
 -1.7511564e-01
  2.3186046e-01
 -4.4930404e-01
  1.2454023e-02
 -2.4771251e-02
 -3.2115683e-02
 -1.6661337e-02
 -2.7402593e-02
  7.9094935e-03
  7.7388012e-03
  8.3203167e-03
  9.0320129e-03
  4.7003832e-02
  5.1457096e-02
  6.1245039e-03
 -3.6888879e-02
  3.1749059e-02
 -1.6198884e-01
  1.7423745e-03
  1.1486939e+00
 -7.1685530e-02
 -4.0950730e-02
 -6.1654493e-02
  1.3760357e-02
 -7.4907050e-02
 -2.6825693e-02
 -1.9456327e-02
  1.3857987e+00
  6.1691631e-02
 -3.7656674e-01
  3.7912154e-01
  1.3527350e+00
 -6.3841581e-02
  2.6828902e-02
  1.5923537e-02
 -2.3760682e-02
 -3.0980809e-03
 -3.5852980e-02
 -2.6729604e-02
 -1.4694701e-02
  5.3107957e-03
 -8.9978613e-02
 -2.8632036e-01
  1.1434456e-02
  4.4577192e-03
 -1.3073171e-02
 -2.4139322e-01
 -3.8841497e-02
 -5.8395006e-02
 -5.7235777e-01
  4.6824277e-03
  4.9399952e-03
  1.9681768e-02
  9.8260893e-03
 -3.6637496e-02
 -4.8242757e-01
  3.6967348e-02
  1.0176506e-01
  5.5689566e-02
 -5.3483206e-01
 -2.6320240e-01
  1.1520614e-01
  6.7249034e-03
  4.9591947e-02
  3.4949784e-03
 -1.0280634e+00
 -2.5152817e-02
  7.8960817e-04
  2.8951516e-02
  4.7798115e-03
 -4.2276014e-02
 -3.1587640e-03
 -7.7966630e-02
  3.4857035e-02
 -1.5370990e-02
 -3.4536719e-02
 -1.2131975e-02
 -2.1354493e-03
  1.3773229e-02
  5.9058990e-02
 -1.9773329e-02
  2.1130207e-03
 -5.0461642e-02
 -4.9780449e-03
 -3.9040327e-02
  1.0306893e-03
  2.0261521e-03
 -1.4334000e+00
  1.8786683e+00
  4.1055688e-01
 -1.7631110e+00
 -1.9964424e+00
  3.5393223e-01
  1.2934273e-01
  4.0353999e-02
  2.9692093e-01
  1.1102747e-01
 -2.1900089e-01
 -1.2215902e-01
  3.3979630e-01
 -5.8711100e-01
 -1.1217257e-01
  6.2483424e-01
  3.0428972e-02
  1.9631676e-01
  1.8938683e-01
  9.2505002e-01
  1.1808600e-01
 -2.7084367e-03
  4.0475674e-02
  4.8634600e-02
  8.0233291e-03
 -1.9394092e-02
  2.5472054e-02
  2.0813310e-01
 -5.6218378e-02
  1.2624681e-02
 -2.0369131e-02
 -1.5105650e-02
 -2.2112183e-02
  9.2204157e-03
 -2.8220618e-03
  2.9738219e-02
  5.9797935e-02
 -7.2508845e-03
  2.6090553e-03
  4.1359575e-03
 -2.9339530e-02
 -3.6235787e-02
 -3.1200284e-02
  1.6360037e-02
 -1.3945874e-02
  2.0765077e-02
  1.3198666e-02
 -1.5004644e-02
  1.2552512e-02
  3.5445895e-02
  3.1241776e-02
  5.6523001e-03
  8.3864611e-03
  8.3784224e-04
  1.1683206e-02
  2.5317987e-02
  1.4627937e-02
  1.9416271e-02
  3.8739512e-04
 -4.1162064e-03
  1.0401705e-01
 -1.4048809e-02
  1.7823357e-02
 -8.0023986e-01
  2.1464035e-01
 -2.2787168e-03
  2.0046359e-02
 -7.2745495e-03
 -4.2049009e-02
  8.1271790e-03
  2.1784544e+00
 -2.6835448e-01
 -5.2673714e-03
  7.9730153e-01
 -4.0849663e-02
 -2.2152273e-01
  4.7380892e-03
 -2.3403320e-02
 -2.2808756e-03
  3.2399524e-02
 -3.0840364e-01
  4.6469113e-03
  9.9584693e-03
 -1.0819886e-02
 -7.9209460e-03
 -5.0731361e-01
  3.0739847e-01
  4.2090435e-02
  5.3589154e-02
 -3.5408898e-03
  1.6335277e-03
  2.4924422e-02
 -1.0096722e-03
  2.2512972e-01
 -1.6484115e-01
 -2.7578321e+00
  4.3862451e-02
 -6.8568736e-03
  3.9028052e-02
  6.1934628e-03
 -1.2559096e+00
 -9.4440982e-02
  1.4747776e-03
  1.2936853e-02
  1.9192606e-02
 -3.3961944e-02
  5.9438501e-02
 -7.1118185e-03
  1.7452312e-01
 -4.4004537e-02
  5.0041392e-03
  4.4321059e-03
 -1.2322642e-02
  2.1687381e-03
 -1.2888188e-02
  5.4651286e-02
  2.7108951e-02
  3.1463150e-02
  4.5249937e-03
  1.1919128e-01
  9.1757399e-01
  2.3552489e-01
 -1.4500190e-01
  1.7694971e-01
  6.4890057e-01
  7.6251366e-04
  2.3930533e-02
 -2.2601163e-02
  4.4521098e-03
  1.3036174e-02
 -5.1847631e-01
 -2.2185721e-02
  2.5791768e-02
 -3.7212187e-04
  6.6793628e-02
  1.2219466e+00
 -2.0209165e-02
 -6.7374751e-02
  3.6156392e-03
 -1.8477438e-02
 -3.5380244e-02
 -4.1339796e-02
 -1.9529948e-01
  2.6688224e-03
  4.0756906e-03
  4.2884786e-02
 -3.4853093e-02
  1.4030403e-01
  3.7247065e-02
  1.3247225e-02
  2.1275601e+00
  5.4617572e-01
 -3.0463213e-01
 -2.0093514e-02
  2.3837271e+00
  1.2274759e+00
  6.1463171e-01
 -1.1317063e-01
  2.2516200e-01
  5.7842797e-01
 -6.4005715e-01
 -1.1625750e+00
  9.4565487e-01
  7.1788675e-01
  3.4365702e-02
  2.7762023e-01
  1.0776462e-02
  4.4249645e-01
 -1.7422628e-01
 -9.0117261e-02
  4.2708773e-02
  2.0959661e+00
  4.5910943e-03
 -1.9189652e+00
 -3.8740571e+00
  1.4809750e-01
  1.7964528e+00
 -2.0004952e+00
  3.1114106e+00
 -7.1278566e-01
 -5.5857164e-01
  5.9306886e-02
  1.6163348e-03
 -1.7782092e-01
 -1.3341051e-01
 -2.8671765e-01
 -1.5722238e+00
  1.1414526e+00
  1.0716677e+00
 -1.0500200e+00
  1.0625656e-02
  5.7876092e-01
 -1.9702863e-02
 -1.9748518e+00
  6.0052931e-01
 -6.0592934e-02
 -1.4852732e-02
 -2.8269762e-01
 -2.2233003e-01
 -7.4621397e-01
 -1.7394181e-02
 -1.1693888e+00
 -2.8561297e-01
  8.2790273e-01
  8.8768196e-01
  1.5484679e+00
 -7.0907719e-02
  1.0875669e+00
 -8.4949708e-01
  1.6754555e+00
 -3.0674505e-01
 -3.9965269e-01
  3.0704641e-01
  1.2153386e+00
 -5.5391181e-01
  5.5710340e-01
  1.5053037e-01
 -1.6229762e+00
 -6.1957687e-02
 -1.8393254e-01
 -7.6457059e-01
 -1.1495074e+00
 -2.6121634e-01
  3.0439687e-01
 -1.1155698e-01
  6.7575890e-01
 -3.3585511e-02
 -7.5441211e-01
  1.0131752e+00
 -2.2221617e-01
  3.6046666e-01
  1.1367223e+00
 -4.5056995e-02
 -5.6527752e-01
 -1.2727605e+00
 -6.4601213e-01
 -5.3585434e-01
  2.2074304e+00
  1.2570114e+00
  2.9058545e+00
 -5.4484689e-01
  6.7503887e-01
  6.7777193e-01
  1.6669543e-01
  1.5457450e-01
  1.8183582e+00
 -1.8451661e-01
 -5.4444921e-01
 -1.4255168e+00
 -2.2340426e+00
 -2.7016448e-02
  1.1554290e-01
  5.8930669e-02
  3.2106707e-01
 -8.0772907e-01
  3.3632085e-02
  2.5961272e-02
 -7.2340316e-01
 -6.6918486e-01
  4.4996691e-01
 -1.2597730e-02
  5.5965767e-03
 -2.0864129e-01
 -1.2347175e+00
 -9.8358953e-01
  1.5198064e+00
  1.3116883e-02
  9.1674072e-01
  2.1142516e-01
 -2.3108761e+00
  5.2351314e-03
  8.4065938e-01
 -2.5238523e+00
 -2.4751973e+00
  1.7930899e+00
  8.8437209e-03
  1.4615675e-03
 -1.1706458e+00
 -1.0211440e-02
  3.7864989e-04
  5.3319596e-03
  4.5671508e-01
  7.3981607e-01
  1.8130973e-02
  4.0219072e-01
  3.2219186e-02
  2.4172391e-03
  4.3047589e-01
  1.9870144e-01
 -2.1283990e-03
  2.5728587e-02
  2.4948703e-01
  5.1809009e-02
  1.4996874e-01
  8.0105132e-01
  2.3871331e-02
 -8.9435831e-02
  3.6709399e-03
  1.5911840e-02
  2.2263655e-02
  6.9714352e-02
 -8.9282863e-02
  1.0252758e-01
  1.3327510e-03
 -3.1265447e-01
 -1.4029041e-02
  6.2055308e-03
  3.6911441e-03
  4.8311474e-03
  1.8609826e-02
 -1.2270874e-02
  1.6215909e-02
  1.3894064e-02
  2.0184048e-02
  3.0249964e-02
  2.4021681e-02
  1.8620441e-02
  4.1709140e-02
 -1.4859031e-02
 -3.1423520e-02
 -2.8768195e-02
 -8.1173217e-01
  4.5135879e-04
 -5.1676139e-02
  1.5887570e-02
 -1.9335395e-03
 -2.5212672e-03
  2.9158387e-02
 -1.0070518e-02
 -6.9264863e-03
  1.3571771e-02
  1.3157433e-02
 -3.0136698e-01
  4.6736437e-01
  7.2714114e-01
  4.2808324e-02
  5.1096998e-02
  1.1815804e-03
  1.3742146e-02
 -1.6120318e-02
 -7.7889394e-03
  7.2759725e-03
  6.8139941e-03
 -1.1367256e-02
 -1.9444128e-02
 -2.4059336e-03
  4.4165477e-02
  4.8173904e-01
 -1.8002113e-02
 -3.6494188e-02
  4.1470546e-02
  2.0200480e-02
 -1.1342753e-02
  5.6130029e-03
 -2.3560874e-02
 -1.6349116e-02
 -2.8076127e-01
 -4.3854192e-03
  6.6924444e-03
  2.7938581e-03
  3.3509638e-02
  1.2449175e-03
  4.6432488e-02
  2.3627991e-02
 -8.4871101e-01
  1.1623326e-04
  3.0183336e-03
  6.2371506e-03
 -7.3224366e-02
  5.4313629e-03
 -1.6520899e-02
 -2.6306435e-02
  2.4647973e-02
  2.3332537e-04
 -1.6104523e-02
 -4.9515986e-03
 -4.9308892e-03
 -3.6280314e-04
  1.4231285e-02
  9.1738719e-03
 -5.0110789e-03
  1.5200622e-05
  3.3255093e-02
 -3.0932015e-02
  7.9218568e-03
 -4.7673150e-03
 -1.2771711e-02
  1.6299468e-02
 -5.6577069e-03
  3.3194099e-02
 -2.1999260e-02
 -2.8544405e-02
 -5.9089273e-01
  4.3528538e-02
  1.0667205e+00
  3.2519759e-03
  4.3577876e-02
 -4.6157625e-02
 -3.1756602e-02
 -2.9997895e-02
  1.6228426e-01
  9.0564674e-01
 -8.6652398e-01
 -4.0919226e-02
 -4.8181131e-01
  1.4011493e-01
  3.4026846e-02
  1.6604899e-01
  8.9876470e-04
  6.8593222e-01
  2.6037578e-02
 -8.6271763e-01
 -1.2172954e+00
 -2.7804884e-01
 -8.9688182e-01
  2.0283149e-01
 -7.5800765e-01
 -1.5799845e-02
  5.5046552e-03
  6.4478554e-02
  1.1986170e-01
  5.2365160e-01
  2.9066440e-01
  4.5126572e-01
  8.3270532e-01
  2.4340292e-02
  8.2633987e-02
 -2.5223345e-02
  1.8157626e-02
  1.1653976e-02
  9.8768614e-02
  1.6632915e-01
  3.6046334e-02
 -4.8207552e-03
  2.5438708e-01
  2.1911865e-02
  5.4554980e-02
 -6.4346895e-02
  1.4374672e-02
 -3.2601573e-03
  3.4117395e-01
 -2.9401710e-02
 -2.9944999e-02
 -3.9884690e-02
 -2.3372047e-02
 -1.0065196e-02
  1.6697980e-01
  2.9178681e-02
 -1.3006048e-01
  1.1797681e-01
 -2.9121941e-02
 -4.6777751e-02
 -5.7825141e-02
 -3.6411567e-03
 -7.3141329e-02
 -2.9550869e-02
 -3.2903474e-02
 -3.6816681e-03
  3.3435749e-03
  1.0854688e-02
 -1.2529924e-02
  3.0329892e-02
 -1.1653007e-02
 -4.5747352e-03
 -4.1591093e-02
  3.1773578e-02
  1.8288908e-03
 -4.7236336e-03
  1.3733040e-01
 -1.5058429e-02
 -1.0363145e-02
 -9.0306010e-03
  4.2631552e-02
 -4.3645846e-03
  9.8367501e-03
 -5.2316967e-02
  3.6116953e-03
  2.0521021e-02
 -2.7866978e-02
 -6.6790834e-02
  1.0547504e-02
 -2.3218805e-02
  9.2975289e-01
  3.9174344e-02
 -2.1137947e-02
  1.2589002e-02
  9.5539801e-02
  2.6099838e-02
  8.8102017e-03
  5.0370274e-03
  1.2099794e-03
  3.0066799e-02
 -7.1642734e-02
 -1.4382765e-02
  8.3363736e-03
  2.1439430e-03
 -8.6858170e-03
 -5.9367559e-04
  1.3046350e-01
  1.9888097e-02
 -1.0814158e+00
 -1.8739149e-03
 -1.1271945e-05
  4.4763308e-02
  2.5144964e-03
  2.3308361e-03
 -9.1298539e-03
 -9.9559315e-03
  2.1337077e-02
 -2.2364799e-03
  1.2753984e-02
  4.0034939e-02
  7.0265388e-01
 -1.5149348e-02
  3.6617246e-01
  1.4930326e-02
 -1.3673765e-02
  2.3838358e-02
 -1.9839669e-02
  7.0981826e-03
 -2.8509138e-02
 -1.8313130e+00
 -3.4132965e-03
 -1.1383469e-01
 -1.7561466e-02
  2.0484034e-02
  2.9484427e-03
 -4.0717316e-03
 -1.4626772e-02
 -6.1688763e-03
  5.1444531e-03
 -1.1683602e-02
  3.6422390e-02
  1.1439304e-03
  7.8609265e-02
 -2.9033629e-02
 -9.5381476e-02
  1.4477362e-03
  1.2531887e-02
  8.0272853e-03
  1.3778361e-02
 -5.1882827e-01
 -9.8855489e-01
 -2.2450909e-01
 -2.0516498e-01
 -7.6340124e-02
  1.2669873e-01
  6.2118059e-01
 -7.7195786e-02
  1.0738714e-02
  4.1172484e-01
 -1.2037068e-02
  3.2095239e-02
 -8.4674054e-01
 -1.3929704e+00
  2.1850054e-01
  1.0576966e-01
 -4.2497855e-01
 -3.0720884e-02
  8.6170331e-02
  1.0759379e-02
 -7.2408628e-01
  1.2320822e-01
  1.7690025e-01
  7.3233229e-01
  3.0125877e-01
 -6.9803905e-01
 -4.9532762e-01
  2.4193865e-03
  2.3910703e-02
  1.3236749e-01
 -2.3504630e-01
  1.7683268e-01
  6.2267181e-02
 -1.6426301e+00
 -2.3014780e-02
 -1.4603849e-02
  1.1636691e-02
  4.1115213e-02
 -2.5973299e-03
  3.5547665e-03
 -1.0504714e-02
 -1.8384989e-01
 -3.6827896e-02
  7.0624449e-04
  6.6716271e-03
 -6.6910451e-04
  1.3397638e-02
  2.3439508e-03
 -4.2966336e-02
 -4.7943130e-02
 -1.6615564e-02
 -2.7359866e-03
 -1.4431484e-02
 -2.5385896e-02
  3.2037877e-02
 -5.3981924e-03
  1.3380115e-03
  4.5276586e-02
 -2.4636306e-02
  5.5913812e-01
  1.1393474e+00
  2.6852140e-02
  5.4784340e-01
 -1.1698624e+00
  8.5837049e-03
 -1.2582484e-01
  8.9487368e-01
  2.6390851e-01
 -3.4444816e-02
 -3.2598019e-02
  4.4330451e-01
  4.4276854e-03
 -2.8529499e-02
  2.2507985e-01
 -4.1910484e-03
  1.7299522e+00
 -1.0441245e-01
 -3.4945998e-02
  1.1519141e-02
  1.5765602e-02
  2.4190616e-02
 -1.0789505e-01
 -5.5228140e-02
  1.4920994e-03
 -3.6014554e-03
  2.0645276e-02
  1.8427296e-02
  4.2193700e-02
 -2.7530946e-02
  4.8624948e-03
 -8.9955737e-04
  9.7582713e-03
 -1.4682414e-01
  2.4803190e-02
 -4.2616995e-03
  8.0071226e-02
 -1.8397247e-02
  3.8004618e-02
 -3.7819687e-02
  2.8417522e-02
  7.6197446e-03
  2.8057983e-02
  2.6526020e-03
  3.5371183e-04
  1.7345926e-02
 -3.9404638e-02
  1.1359083e-02
  1.1612873e-01
 -6.4492212e-03
  1.3944379e-02
  1.1270629e-02
  1.2910563e-02
 -1.7636220e-01
  5.1457426e-03
 -1.1704856e-02
  9.3238959e-03
 -7.7524585e-01
 -3.7545818e-03
 -1.7392687e-02
 -9.9823788e-02
  8.2347907e-02
 -1.0878696e+00
 -8.5619068e-01
  6.9564700e-01
 -1.4255835e-02
  4.4028372e-01
  1.3222145e-01
  4.5814601e-01
 -3.5966508e-02
 -4.9188396e-01
  3.1722015e-01
  2.4248694e-01
  9.0600514e-01
 -6.8147999e-01
 -6.4472683e-02
  1.4141104e-01
  3.7240174e-01
  1.1902353e+00
 -2.5814218e-02
  2.7340004e-01
  1.0033215e-01
  1.1552097e-02
  1.3807148e-02
  6.6886432e-02
  8.5740592e-03
  4.0497538e-03
 -1.3321875e-02
 -3.2322951e-02
 -3.9509549e-03
  9.0413272e-02
 -1.8345281e-02
 -2.9313332e-01
  1.1863335e-01
 -7.9571195e-02
  2.1357692e-03
  3.8732141e-02
 -2.3374377e-02
 -9.7402982e-02
  1.4857428e-02
 -2.3883903e-02
 -2.7469562e-03
 -8.4878382e-04
 -4.6671409e-02
  1.5156051e-02
 -4.6259522e-02
 -2.7266715e-03
 -1.0561880e-02
 -4.7639266e-02
  4.4151500e-02
 -5.8747873e-02
  6.4706840e-02
  6.1834212e-03
  6.6298335e-03
  1.1130279e-02
 -1.4626188e-02
  1.0400904e-02
 -1.3898151e-01
 -1.5480499e-02
  4.9325329e-04
 -4.0048277e-01
 -3.5823539e-01
 -4.6954700e-01
  5.8784246e-01
  9.8669225e-01
  1.9933712e-02
  2.3963023e-02
  3.7386250e-02
 -1.0560261e-03
 -1.1440257e-01
 -7.9249799e-02
 -2.3409221e-03
 -1.5866416e-04
 -1.2623791e-01
  4.8277028e-02
  1.0994708e-01
 -4.3409493e-02
 -9.8842308e-02
 -6.6672035e-02
  7.4544087e-02
 -1.4287716e-01
 -2.9927295e-02
 -3.1347547e-02
  8.5944533e-02
  4.8110703e-01
 -7.9224855e-03
  2.1516107e-01
 -4.4321325e-03
 -1.4396741e-02
 -1.8047487e-02
 -8.7910607e-02
  1.0894471e-02
  6.9358632e-02
 -2.1866144e-01
  1.7953254e-02
  7.4229501e-03
  5.1712519e-01
 -7.7481993e-02
 -5.7140201e-01
 -8.9346275e-02
 -2.0972101e-02
 -2.9845503e-01
 -2.5599504e-01
 -2.9047108e-03
  3.6424033e-03
 -1.1028644e-01
 -2.6669943e-01
 -1.1655620e-01
  4.0725605e-03
  9.2890104e-03
 -2.8111911e-01
 -4.7729779e-02
  2.8516111e-01
  3.4726240e-02
 -1.3414089e-01
 -3.0049223e-01
  6.0841266e-02
 -1.8991375e-01
  2.1046109e-01
 -1.3603265e-02
  2.3545353e-03
 -7.9949185e-02
 -7.1038717e-01
  1.6661927e-02
 -5.1075045e-02
 -1.1790617e-03
  4.9681511e-02
  1.9714460e-02
 -6.9873706e-03
 -5.5451173e-02
  2.1747015e-02
 -1.0575118e-02
  6.3454085e-03
  8.2567140e-02
  1.2688809e-04
  1.0803008e-02
  3.3486184e-02
  3.9167475e-02
  8.1221986e-01
  1.4681786e-02
  2.6486874e-02
 -3.2712407e-02
  3.5841640e-02
  2.9412363e-02
 -1.5559331e-02
  4.2060963e-03
  1.5679732e-02
  8.3725616e-05
 -2.4169838e-02
  6.0961973e-03
 -7.6592327e-03
 -1.3361435e+00
  1.2609727e+00
  7.5232255e-01
 -7.1391903e-02
  2.6924824e-02
 -1.9563965e-03
 -2.6389825e-01
 -8.2642166e-03
 -7.9072535e-02
 -1.3829332e-03
  1.8941997e-02
  3.8894475e-02
 -1.1425072e-01
 -3.0971726e-03
 -2.3381889e-02
 -9.4266854e-02
 -1.7880341e-01
 -1.2139926e-02
 -4.5039415e-01
 -4.5661502e-02
  2.4970972e-03
  8.4668508e-04
  1.3739014e-02
 -2.2569393e-01
 -3.9415017e-02
 -1.4496178e-02
 -1.7080908e-01
  1.0381083e-02
 -1.8695671e-02
  1.8011650e-02
  6.9450336e-03
 -7.0400763e-01
  7.5325095e-03
  8.2413450e-02
 -1.7670043e-02
 -7.9656597e-03
 -2.4700401e-02
 -6.3075475e-02
 -2.3071140e-02
  2.6964804e-02
 -2.3902090e-02
 -4.0366542e-02
  1.1709155e-02
  2.2534046e-02
 -1.2291010e-02
  5.6566452e-03
  1.4998213e-02
  5.8889939e-03
  1.8380251e-02
  1.0197617e-02
 -4.7364933e-03
  6.6081904e-02
 -2.2377517e-02
 -1.2378288e-02
 -1.1449415e-02
 -7.4425311e-04
 -3.6420390e-02
  5.4521812e-03
  7.2577242e-03
  8.2973468e-01
  2.4226977e-02
  1.1212217e-02
  2.6257265e-01
  7.6720417e-01
 -1.1791874e-02
  1.4624578e-03
  2.1447928e+00
 -1.0365364e-01
  1.7693705e-03
 -1.3928680e-02
  4.1370809e-02
  1.9066801e-02
  5.1132027e-02
 -7.8069709e-02
  3.5186557e-03
 -1.5778591e-01
 -1.0415082e-01
 -1.0386876e-01
 -5.8604962e-01
 -9.3759447e-03
 -4.9349245e-02
 -4.9853604e-02
 -6.4048514e-02
 -9.4889861e-04
  2.6756698e-02
  1.7089708e-01
  1.0074458e-01
 -2.1146715e-02
  1.0192493e-03
  1.1692806e-02
  1.9844828e-02
 -7.4196005e-01
 -1.8993832e-02
  1.1361342e-02
 -3.5857182e-02
 -1.4807981e-02
  7.8911753e-03
  1.3529974e-02
 -6.1498396e-03
 -1.0025424e-02
 -4.6091555e-03
 -3.4300096e-03
  2.0363351e-02
  7.1991086e-02
  2.3591558e-03
  5.6097694e-03
  2.9082932e-02
 -2.8613303e-03
  2.1511221e-03
 -5.5469245e-02
  8.6684641e-04
 -1.7273732e-02
  5.8624111e-03
  2.9482720e-02
 -2.5246037e-02
  4.7809348e-04
 -1.2515058e-01
  1.7091950e-02
  1.7970810e-02
  1.6868456e-01
 -1.7688719e+00
 -4.7764522e-01
  9.0750986e-01
  1.7107115e+00
  2.2561310e-03
  6.7923062e-02
  5.7514044e-03
  3.2874603e-02
  3.5117984e-02
 -6.0035492e-04
 -2.9269811e-02
  5.5831319e-01
 -2.6355999e-02
 -5.3823091e-02
 -7.3596910e-02
  8.5659130e-03
  9.1752140e-03
 -2.0459339e-03
 -1.5802277e-02
  1.5077264e-03
  6.1601944e-02
 -4.9194042e-03
  1.4524405e-02
  4.2133134e-02
  1.1560605e-01
 -2.4741378e-02
  4.2759426e-02
 -1.1404422e-02
  1.0408812e-01
  1.0564185e+00
 -3.2514948e-02
  3.9499885e-01
  1.5998863e+00
  2.1469211e-02
 -1.2686749e+00
  6.4996463e-01
  2.9800251e-01
 -3.6168850e-03
  9.8284958e-03
  2.7287258e-02
 -1.5603076e+00
 -9.4133592e-01
 -1.0127723e-01
 -6.8848163e-01
  4.7702274e-01
  1.4942965e-01
  3.7531942e-02
  4.2409785e-02
  7.8403938e-01
  7.5597174e-02
 -6.7649022e-02
  3.5513893e-02
 -1.5285891e-01
 -4.6531591e-01
 -2.1669727e-02
 -6.3302360e-02
  1.7717903e-02
 -1.3284162e-01
 -5.4319780e-02
  1.7877164e-01
 -2.3456849e-01
 -1.1132249e+00
  2.4442139e-01
 -1.2060632e-01
 -9.5341422e-02
 -3.7757087e-01
 -5.5742278e-03
 -2.3252585e-03
  1.9735044e-02
 -9.2257634e-02
  1.7660430e-02
 -2.7518696e-04
 -5.6793876e-03
  7.1248214e-04
  1.4498916e-01
 -9.8123762e-04
 -7.0511550e-03
 -2.6520757e-02
 -1.3733476e-02
 -2.4082239e-01
  3.6582719e-03
 -1.1237808e-01
  2.4945421e+00
  1.0249472e-03
 -1.9931300e-02
 -4.8754770e-02
  5.4167435e-02
  8.6894240e-03
 -3.0566239e-01
 -1.2079894e-02
  3.4895847e-03
  7.3227793e-01
  2.2644304e-01
  6.0653269e-02
 -4.9672797e-02
  2.4499369e-03
  2.9071576e-03
 -2.2086939e-02
  1.1622048e-02
 -2.6711642e-03
  2.0796940e-02
  1.4648965e-02
 -2.4679072e-02
 -1.6917020e-02
  3.3176843e-02
 -2.7365990e-02
 -1.6340951e+00
  6.3259848e-03
 -4.1135354e-03
  3.8391802e-02
 -2.1435035e-02
 -8.4348833e-03
  2.6803175e-02
  1.0614309e-02
 -2.8388444e-02
 -7.1235509e-03
  7.2205784e-03
  4.2044990e-02
 -4.7511663e-02
 -1.6392658e-02
 -5.2880641e-02
  1.1178250e+00
 -3.0660817e-01
 -2.8662894e-02
  3.4407785e-03
 -5.6870323e-02
 -5.4655824e-02
  1.7162554e-02
  1.8280225e-02
 -4.7225781e-02
  1.0703417e-02
  1.2320434e-03
  1.1438373e-02
 -6.3919728e-03
 -1.3252918e-02
 -1.8512495e-02
  2.6332010e-03
  5.4153115e-03
  3.8735621e-02
  5.2080955e-02
  3.3982627e-02
  3.4259756e-03
 -2.9640434e-02
  1.7009880e-02
  5.9483945e-03
  4.2215984e-02
 -1.6794724e-02
 -4.0077955e-02
 -9.0935463e-03
  7.7108754e-04
 -3.8360234e-02
 -2.8223416e-01
  8.8242240e-02
  7.3549696e-03
  7.2618057e-03
  1.9121100e-03
  2.9294064e-02
 -8.6716795e-03
  2.8998882e-02
  1.9452451e-02
 -1.9992674e-02
  4.2709239e-02
 -5.2554305e-03
 -3.1903011e-01
 -6.5399106e-03
  1.7474532e-02
 -1.2274503e-02
  2.6391719e-03
 -2.1014212e-02
  1.8047307e-02
 -3.4562130e-02
  5.4368027e-03
  3.0218964e-03
 -2.2337127e-02
  3.4578547e-02
  2.8069634e-02
 -8.4177458e-01
 -2.2783267e-04
  4.2406581e-02
  8.3326288e-02
 -4.4472057e-02
  2.5397724e-01
  1.8156569e-01
  1.0425527e-01
  2.2359392e-02
  1.6053355e-03
 -1.3103123e-02
  2.7545814e-03
 -1.1110720e-02
 -9.8789837e-03
  1.0724781e+00
  1.1318106e-02
 -9.9303089e-02
 -1.9446727e-02
  1.7828648e-03
  1.7573787e-02
 -1.1066109e-01
  3.0217168e-03
 -2.1891443e-02
  2.1901824e-02
 -1.1745364e-02
  5.8166677e-01
  6.3909381e-03
 -2.1249803e-02
  1.8952832e-02
  4.2728852e-02
  2.7021789e-03
 -3.5539597e-02
 -9.9807357e-06
 -1.1018377e-02
 -2.9101908e-02
  4.4457576e-01
  5.2625865e-02
 -1.0568641e-01
 -1.3120204e-01
 -2.4615923e-02
 -1.5537307e-03
  1.6096781e+00
 -2.6495036e-02
 -4.4399831e-02
  7.3320754e-02
  5.9028314e-03
 -4.3804636e-03
 -1.5008531e-02
 -2.1940193e-03
  1.5235686e-02
  2.9194659e-01
  4.5896672e-02
 -3.3068249e-01
 -4.8706466e-03
  3.4504578e-02
 -4.5581323e-01
  5.0250687e-02
  5.6284303e-03
  4.5747207e-03
 -2.4143007e-02
  1.0333667e-01
  8.9024371e-03
  1.8701146e-03
 -1.7694486e+00
 -7.3198205e-01
 -3.5814747e-02
  5.5084918e-02
  6.8862468e-01
 -9.5137960e-01
 -3.4300759e-02
 -5.2664822e-01
 -6.1248690e-02
  1.4697804e-01
  7.2159153e-01
 -2.0218618e-01
 -2.2203967e-02
 -3.8084835e-01
 -3.0840909e-01
 -8.4696317e-01
 -9.8475322e-02
  1.5896682e-01
 -6.2833905e-02
 -3.5937315e-01
  1.4607885e-01
 -1.6640079e+00
  1.2514703e+00
 -3.2314190e-01
 -6.5806085e-01
  1.4830697e+00
  5.8685120e-02
 -1.6475929e-02
  5.9199724e-02
  6.2094512e-03
 -1.0155369e+00
 -1.7225894e-01
 -1.2589064e+00
 -4.1765738e-02
  9.5787543e-01
 -4.2789653e-03
  5.3408539e-01
 -2.1557653e-02
 -2.4350202e-02
  1.0008012e-01
 -4.2784419e-02
 -1.2628952e+00
 -2.0741904e-01
 -1.2297153e-02
 -7.2966343e-01
 -1.8785775e-01
 -3.4542325e-01
  3.8806090e-01
  7.4186423e-03
 -1.1478901e-03
 -1.5886696e-02
 -1.0570630e-01
 -1.5978178e-02
 -1.3817219e-01
 -1.4452025e-01
  3.4758945e-03
  1.8416462e-03
  3.6483452e-02
  4.5618679e-02
 -6.1314488e-03
  2.0609414e-02
 -9.4179571e-02
 -2.6589376e-01
  5.3349971e-03
 -4.7367862e-01
  7.6185730e-03
 -5.3112023e-03
  1.9228980e-02
 -2.1964382e-02
 -3.9530978e-02
  1.3203836e-03
 -2.9554032e-02
 -4.6059944e-02
 -3.0675860e-02
 -3.0041372e-02
 -5.7149548e-03
 -4.2511392e-02
  1.2141693e-01
 -4.1284892e-03
  3.3317681e-02
  1.1706189e-02
  7.1087858e-04
 -4.2323135e-02
  1.5536568e-02
 -1.1222033e-01
 -1.8425968e-02
  5.4759968e-02
 -3.9762624e-02
 -8.7528318e-01
 -1.6976789e-02
  2.2210406e-02
 -6.8220063e-03
  5.1906931e-01
  3.0858241e-02
 -3.2790557e-01
 -1.4386041e-03
  1.8386126e-02
 -3.3130731e-02
  5.4349971e-01
 -3.3992495e-02
 -4.2838309e-02
 -1.0458385e-02
 -3.2252595e-02
 -7.3826507e-02
  1.3898371e-02
  2.2460150e-02
  5.1313615e-03
 -1.3807167e-02
 -1.0661899e-02
  8.1367171e-01
  4.1410589e+00
 -7.0972420e-02
  9.9074654e-03
 -2.9074119e-02
 -1.0041706e-01
 -5.2689005e-02
  1.9689234e-02
  3.3356161e-03
  3.3315770e-02
 -9.0098716e-03
 -5.2682421e-04
  1.8497571e-02
 -6.7448473e-01
 -8.2309186e-02
 -3.3251598e-01
  4.0261922e-03
  8.1462699e-01
 -2.6473641e-02
  8.2284421e-02
  5.3137508e-03
  6.3739544e-01
  6.9204831e-01
  4.8900146e-02
 -9.1886677e-02
  1.1671165e-01
  2.2186089e-01
  5.1018577e-02
 -6.7183375e-01
  4.7690734e-02
 -8.8458993e-02
  1.6771125e+00
  1.3882069e-01
 -6.1047636e-02
 -3.5376930e-01
 -3.9491478e-01
  6.7135358e-01
 -1.2911870e-01
  1.4677386e-01
 -1.1461297e-02
  1.8709956e-02
  2.4955053e-02
  7.8014098e-03
  3.1229692e-02
 -2.3200400e+00
  7.6565720e-02
  1.8018864e-02
  1.8948220e-02
 -2.2845153e-02
 -2.2432948e-03
  1.9591700e-02
  1.5063728e-03
 -2.2942999e-02
 -2.8139371e-03
  2.1644680e-02
 -1.5035096e-02
  7.0779066e-04
 -2.8844357e-03
  2.8138713e-03
  6.8438798e-03
  1.3038821e-02
  3.7558547e-03
  8.9202024e-04
  2.2760933e-02
 -2.4100633e-01
  3.9835040e-02
 -5.6213759e-02
 -1.7799877e-02
  1.3719226e+00
  2.7684967e-03
  7.7753956e-03
 -3.6972794e-01
 -1.1075839e-03
  1.2497175e-01
  4.2313471e-01
  2.2578256e-01
 -1.5004722e-02
 -7.0151949e-01
  8.9826673e-02
 -5.9638931e-03
 -2.5761275e-02
 -1.9013666e-02
  1.5165207e-02
 -6.0103333e-01
  8.0938330e-03
 -7.1318448e-02
 -2.9191708e-03
  5.8746379e-02
  6.6705525e-01
 -1.6554674e-02
 -6.6878810e-03
  6.4968032e-01
  2.4284434e-02
  1.3151050e-02
  1.9921686e-01
 -1.8493269e-01
  6.2127765e-03
 -2.6868309e-03
 -8.6356681e-03
  1.2983509e-02
 -6.6881673e-03
 -1.4125007e-01
 -3.1054167e-03
  9.8632407e-01
 -3.9368781e-01
 -4.6963248e-01
  1.2877922e-02
 -2.6621541e-02
 -2.1430997e-03
  2.3606399e-02
  4.6430002e-03
 -6.7937203e-02
  2.7617518e-02
  1.0614606e+00
 -5.3949291e-03
  2.7752668e-02
 -1.5545887e-02
  5.5201743e-03
  5.8699969e-02
 -4.2486032e-03
 -1.1728965e-02
 -4.6285850e-04
 -3.6447260e-03
 -9.4007691e-03
  7.8302240e-03
 -4.3732408e-02
  1.8115249e-01
  5.7644971e-02
  1.3376618e-02
 -2.7150521e-02
 -1.8411269e-03
  4.1021172e-02
  2.2076850e-03
  6.7203081e-01
 -5.0738508e-01
  1.0402489e-01
 -8.9523382e-03
 -1.9847915e-02
 -5.4273210e-03
  1.2826098e-02
  7.5515946e-03
 -2.5339187e-03
 -1.0414903e-02
 -1.9112971e-03
 -8.0727658e-04
 -1.5774768e-02
  3.0330167e-04
 -6.5804124e-01
  6.4772344e-03
 -2.9702054e-02
 -1.1488331e-02
  3.3406068e-02
 -1.5910745e-02
 -7.9087522e-03
  2.0098617e-02
  8.5226949e-03
  3.6035962e-02
  3.9193258e-03
 -9.2505121e-01
  3.0017326e-02
  4.5954279e-05
 -1.6699549e-02
  1.9823420e-03
  2.2217770e-01
 -1.1184794e-01
  3.2337612e-01
 -5.8677890e-03
 -9.2606563e-03
  8.3539886e-03
  3.4145050e-02
  5.4029129e-02
 -2.9507760e-02
 -4.2593013e-03
 -5.4534344e-04
 -2.9352743e-02
 -3.7952300e-02
 -1.5394198e-02
 -5.2933935e-02
  4.2454440e-02
 -5.9327271e-02
  3.0952845e-02
 -1.8381084e-03
 -1.2161030e-02
 -6.5093460e-03
  2.2679595e-02
 -2.0393293e-02
  4.1049649e-03
 -1.0230598e-02
  3.0782063e-02
  1.6746098e-02
 -6.6483202e-03
  4.5141224e-02
 -1.4394678e-01
  2.3128824e-01
 -2.4866654e-02
 -2.1383633e-01
 -3.0600891e-01
  7.1044645e-04
 -1.9774424e-02
 -2.5932482e-02
 -2.1762934e-02
  1.5185006e-02
 -4.7337882e-02
 -1.1966008e+00
 -3.8979840e-02
 -3.0070128e-02
  1.6770890e-02
 -1.2786269e-02
 -1.5047202e-02
 -4.9366895e-03
  1.2302618e-01
 -3.3263552e-03
 -3.1820655e-02
 -1.3859248e-03
 -2.7240522e-02
  4.6220489e-02
  1.9448330e-03
  1.5104569e-02
  1.2375152e-03
  1.6071713e-02
 -1.1977866e-02
 -1.8796669e-03
 -1.4554979e-03
 -9.7340584e-01
 -5.5289809e-02
  2.1204742e-02
 -9.2599848e-03
  1.9920414e-02
 -3.0286383e-02
  1.1018426e-03
  1.3530966e-03
 -3.2703090e-03
 -6.2688426e-03
  1.3193478e-02
 -1.1699767e-03
 -1.2073144e-02
 -4.1010261e-02
 -3.6779765e-02
  9.2422087e-03
 -1.0753197e-02
  3.8912229e-03
 -1.8573374e-02
 -4.4023427e-03
 -2.1449465e-02
 -1.0193661e-02
  2.8717950e-02
  2.6406336e-04
 -1.3763046e-02
  3.5866769e-03
 -1.7865928e-02
 -5.9155572e-02
 -3.8794792e-01
  1.2779182e+00
 -1.7234919e+00
 -2.5686126e+00
 -3.0187637e-02
  1.8929789e-02
  1.4614941e-01
  3.8036996e-01
  1.2066799e-02
  2.5148423e-02
  1.3776442e-02
  8.7205553e-01
  9.1656470e-01
  8.6324923e-02
  3.2592347e-01
  4.1043409e-03
  1.8426217e-01
  8.3357044e-02
 -1.1980843e-02
  1.3223328e-01
  2.5086140e-02
  8.7387569e-02
  2.1678627e-01
  6.1109942e-01
 -2.1425983e-01
 -1.0913893e-02
  3.7348431e-02
  2.7690524e-02
  3.2132600e-02
  4.4128880e-02
  1.2883025e-01
  3.8786840e-01
  1.4101441e-01
 -3.7597117e-01
  8.5359448e-01
  2.2364581e-01
  4.1459125e-01
 -2.6727730e-01
 -1.7823204e-02
 -3.8268963e-01
 -6.5471822e-01
 -3.3401996e-01
  1.1144779e+00
 -1.6234963e-01
 -2.1078783e-01
  2.9907998e-01
  3.2509828e-01
  1.1179475e+00
  1.7961529e-01
 -9.3885005e-01
 -1.3242319e-02
 -5.0705272e-01
  8.0972904e-01
 -7.6411301e-01
 -6.6575807e-01
 -1.2998895e-01
  4.7865114e-04
 -8.0150053e-02
  1.8873638e-02
  2.6640040e-01
 -2.8835744e-01
 -2.8738905e-02
  2.4016884e-01
 -7.3274478e-02
  4.9525186e-01
 -1.9454285e+00
 -9.8434249e-03
 -6.7342728e-02
  8.0896057e-03
  6.6745393e-03
 -3.6310209e-03
 -4.9601770e-03
  7.1544446e-02
 -2.3539097e-03
  2.7572479e-02
 -3.4755401e-02
 -7.5670779e-02
 -3.8517442e-01
 -2.1440691e-01
  3.0629675e+00
 -1.4446149e-02
  1.1820626e-02
  4.7779910e-02
  7.0174910e-02
  3.7195489e-02
 -7.5476086e-03
  3.6386382e-02
  7.0005767e-02
  1.5810410e-02
  1.2613052e-01
  7.0490257e-04
 -8.8597052e-03
 -9.8718740e-02
  8.6345682e-03
 -7.5441933e-01
  3.5224613e-02
  2.4695452e-03
  3.7411921e-02
 -4.6219479e-02
 -1.0629500e-02
 -3.4246396e-02
 -6.3312245e-03
  1.7412879e-02
 -7.0986943e-03
 -5.6046955e-03
  2.4193943e-02
  4.5237821e-02
 -2.8181780e-02
 -2.8726904e-02
  3.6901245e-03
 -1.4902154e-02
 -9.7305160e-03
 -1.9697182e-02
 -4.8629876e-02
 -1.3702981e-02
 -3.5143474e-03
  2.5530938e-02
  1.9968968e-02
  1.9002341e-02
  1.1113648e-02
  3.9032069e-03
  1.4669283e-01
 -6.0460824e-01
 -1.7938508e-01
 -5.3398474e-03
 -2.2022284e-03
 -2.4158986e-02
  2.2446927e-02
 -2.4910651e-02
  1.6946127e-03
  7.5359913e-03
 -2.7364945e-02
 -1.5433776e-03
  4.2557460e-03
 -1.7056124e-02
 -6.4835232e-03
 -2.9395904e-02
  1.7248068e-02
 -1.7737761e-02
 -3.3883713e-02
  1.7384741e-03
 -2.9935449e-02
  8.8208504e-03
 -7.0415726e-03
 -1.1788424e+00
  1.2076522e-01
 -4.7752339e-02
 -9.8558553e-03
 -1.8956093e-02
 -4.2875446e-03
  3.4131357e-04
 -9.4149187e-03
  2.4158873e-01
  5.8699865e-02
 -7.1651441e-01
  9.4465399e-03
 -4.3200716e-02
  2.2400953e-02
  2.9532425e-02
  1.3058630e-02
 -2.8998849e-03
 -3.9178934e-02
  5.2674629e-02
 -2.0197721e-02
  9.9976081e-03
  1.0454312e-02
 -8.9541711e-03
 -1.9505585e-03
  5.4836329e-03
 -1.1195868e-02
 -1.4395482e-02
  2.7890682e-02
 -5.3878914e-04
  8.4422603e-03
 -2.6776489e-02
 -1.1009889e-02
 -1.5405758e-02
  1.2749143e-02
 -2.8643390e-02
  3.5311040e-02
 -5.3743058e-01
 -6.8083289e-04
 -3.7530062e-01
  1.1971444e-02
  5.8818750e-02
 -6.2020803e-03
 -1.4826685e-02
  3.2409333e-02
  3.4761425e-02
 -1.4350246e-02
  1.3291091e-03
  3.0505651e-01
 -6.3176438e-02
  2.4714744e-02
 -2.0125085e-02
 -2.9554905e-02
  1.3234179e-01
  2.0564089e-02
  4.0507358e-02
  1.0642333e-02
 -1.2082295e-02
  1.8419913e-03
 -5.3870901e-03
 -1.5677169e-02
 -6.6734061e-02
 -1.1170182e-01
  3.6566623e-02
  2.0114511e-02
  8.7549016e-03
 -2.3941940e-02
  3.5940957e-01
  2.9230800e-01
 -2.4281925e-01
 -8.9403838e-01
 -4.5897648e-01
  3.6593970e-02
 -1.2401488e-01
  3.8795723e-03
 -1.4029549e-02
 -3.2312635e-02
 -8.7056141e-03
  2.4276908e-01
 -3.1339332e-02
 -3.1051429e-03
 -2.0444578e-02
  6.4651772e-02
 -3.4113981e-02
  2.7301127e-02
  1.3223836e-03
  7.6069385e-01
 -4.1032609e-02
  7.8569446e-03
  7.7488199e-03
  5.3207242e-01
  1.8086308e+00
  5.3964257e-03
 -2.0031534e-01
  4.4558730e-02
  1.3779627e-02
  1.1351075e-03
  8.0233172e-02
 -6.8940446e-03
  1.3911878e+00
 -1.7817188e-02
  6.4216265e-03
  2.5318678e-02
 -2.8076746e-02
  1.3491680e-02
  3.1940870e-02
  4.9515348e-03
 -4.0416598e-02
  8.4447265e-03
  3.7082709e-02
 -3.4126537e-03
 -2.9247042e-04
 -9.1487300e-03
  2.9293651e-02
  4.5271008e-03
 -1.4382585e-02
 -8.3402200e-03
 -4.6676449e-02
  1.2594706e-02
  1.0907937e-02
 -4.5382311e-03
  1.2670769e-02
  2.8451158e-02
 -2.5542280e-02
 -7.3211506e-02
 -6.0469788e-02
 -1.4892029e-02
 -1.0555431e-02
  1.6357224e-01
 -7.8888878e-02
  1.1131512e+00
 -1.3148625e-01
 -2.8401388e-02
  5.2848026e-02
  5.8399878e-02
 -3.7635658e-02
 -1.2977846e-02
 -1.0366288e-02
  1.6600478e-02
  1.5924194e-01
  1.1255415e-01
  3.3602759e-01
 -4.8031941e-02
 -3.3361760e-01
 -1.8514249e-01
 -2.0551559e-01
 -3.5957802e-02
  1.1128206e-01
  1.5950541e-01
  5.1823372e-01
  9.6616364e-01
  3.0080509e-01
 -4.6597473e-02
  2.4562515e-01
 -3.0842679e-02
  5.0032109e-02
  3.5750651e-04
 -1.0472666e-01
  6.1612975e-02
  1.4406201e-01
 -1.9462664e-01
  1.2164687e-01
  3.7481431e-02
  9.0261102e-02
  1.6068844e-01
  1.5676731e-01
  2.7558822e-02
 -5.7148542e-02
  1.4335504e-01
  7.1342075e-01
  9.1486979e-01
  1.1644383e-03
 -2.1998864e-02
 -3.3869332e-01
  1.2040309e-01
  5.4340017e-01
 -3.1173787e-01
 -1.7008057e-02
  1.2685584e-01
 -1.9484339e-02
  2.3455723e-01
  6.5800892e-03
 -1.2797614e-02
  2.0060482e-02
  4.0868524e-02
 -6.8969555e-02
 -3.1036187e-02
  1.8963220e-02
  1.7602199e-01
  4.4903180e-01
 -6.8173446e-02
  4.2759258e-01
  1.5716495e-03
 -6.6611143e-03
 -2.3974445e-02
  1.7182432e-02
  4.5445975e-02
 -1.3008024e-02
  1.9493025e-02
 -1.5448216e-01
 -1.4815253e-02
  1.4764019e-02
 -1.0088031e-02
  4.8015714e-02
 -2.7713813e-02
  9.8152094e-02
 -5.2457708e-03
  4.6033081e-02
 -2.5890308e-02
 -8.4941844e-03
 -5.7366431e-02
 -1.4154756e-02
 -7.0016636e-03
 -1.9494545e-02
 -4.9035898e-01
 -4.1621649e-03
  2.5334242e-03
 -2.5499165e-03
  2.1805465e-02
  6.0175109e-01
  2.4383852e-02
  7.1227647e-02
  1.9271180e-02
  2.3401940e-02
  5.1198788e-03
  1.1104529e+00
 -1.8592047e-02
 -4.4369884e-04
  3.9462660e-02
  2.2248408e-02
 -2.5662224e-04
  4.0153358e-02
  5.1982072e-03
 -2.0939788e-02
  8.1816800e-03
  3.3140413e-02
  2.3594128e-02
  7.3277289e-03
 -5.7079787e-03
 -7.0007217e-01
 -1.5991626e-02
 -2.0245355e-02
 -2.1694875e-03
  1.1428297e-02
  2.7148591e-02
  8.6801947e-04
 -1.6924210e-02
  2.5017740e-02
 -8.1391493e-03
 -4.3249071e-01
  9.0042844e-02
 -8.3536476e-01
 -4.4569737e-05
  3.3604526e-03
  6.7137047e-03
  3.8964193e-02
  5.1769547e-02
 -4.1437312e-03
 -1.0529303e-02
  2.8890260e-02
 -1.6127458e-02
 -5.3815417e-02
  1.2144270e-01
 -2.2033875e-01
 -2.2582719e-03
  2.9607359e-02
 -7.6711319e-02
 -6.5218180e-02
  9.4064819e-03
 -2.7646329e-02
  5.8222455e-03
 -5.2832756e-02
 -1.7257579e-02
  1.3110375e-02
 -2.3560920e-03
 -3.2929067e-02
  3.8435303e-02
 -4.2187887e-01
 -5.8767091e-02
 -2.8808987e-01
  5.9975650e-02
 -7.0145482e-01
  4.0224571e-02
  1.1477800e-01
  2.2818807e-01
  4.7831971e-02
  2.9551317e-03
 -3.2072369e-02
  3.4209944e-03
 -2.1625021e-02
  2.9300209e-02
 -2.1956358e-03
 -3.3704203e-03
  2.9234245e-02
 -6.0679410e-02
  5.9559517e-02
  2.3932695e-02
 -1.3038003e-02
  1.1981766e-03
  1.8936425e-01
  2.3836112e-01
  6.4191692e-02
  3.5178807e-02
  1.9603074e-01
 -3.9097881e-03
  5.3385360e-04
 -1.5676115e-02
 -5.6020868e-01
  3.7019736e-01
  6.9146669e-01
  1.8870523e+00
 -2.5404254e-01
  4.5277357e-02
  6.0096685e-02
  1.9227358e-02
 -2.7285233e-02
  2.6368037e-01
  4.6688727e-01
  1.6106823e-01
 -1.6304258e-01
  2.4396956e-03
 -7.1785438e-01
 -1.0270895e-01
 -3.6721280e-01
  2.6559097e-01
  1.6382447e-02
  4.8568591e-01
 -3.1760868e-01
  9.4644845e-01
 -5.6412005e-01
  1.5264560e-01
  5.4070634e-01
  8.8969089e-02
 -2.4249973e-02
  7.0492797e-02
 -1.1058719e-02
  1.1751457e-01
  3.5861081e-03
 -5.3809904e-02
 -2.6310764e-02
  4.1856263e-02
 -5.6417923e-02
 -3.1908933e-02
 -4.9733609e-02
 -1.9809327e-01
 -1.5410800e-02
  4.2007823e-02
 -3.8266763e-02
  3.1884506e-02
  9.9324407e-03
 -1.2644123e-02
 -3.5736389e-02
  4.8416727e-03
  1.0121686e-02
 -1.9622255e-05
 -4.7648910e-02
  1.0823725e-02
 -2.0223433e-02
  9.4600013e-03
  1.2112301e-02
 -5.5359993e-03
  7.5957412e-03
  1.0330825e-02
 -2.6199274e-02
 -1.4436005e-02
  3.5562307e-01
 -6.0940854e-04
 -2.2646640e-01
  4.1934025e-01
  1.6407598e+00
  3.7106469e-01
 -6.1509269e-01
  5.3990236e-03
  1.2099613e-01
 -7.8466810e-02
  4.0110608e-04
  2.6763928e-01
 -3.4599078e-01
  2.1232745e-02
  6.3533068e-02
  2.5441587e-01
  2.9682109e-01
  2.9268323e-02
 -1.6441965e-02
  5.4385237e-02
  2.1247208e-02
 -1.0400596e-02
 -1.3042857e-02
 -2.0225517e-02
 -9.3177515e-01
  5.9151351e-01
  3.0272785e-01
 -8.0128706e-01
  1.2541999e-01
  1.5854153e-01
 -2.2736309e-02
 -1.6602676e-01
  1.2784986e-01
 -2.2954157e-01
  6.9451457e-01
  1.1165726e-02
 -1.0020183e+00
  2.4980585e-01
  5.2405410e-03
 -2.4866045e-01
 -5.1416592e-03
 -4.9684164e-01
  1.8723879e-02
 -5.0642568e-01
  1.6707322e-02
 -6.0442448e-01
  7.6078182e-01
  8.4022617e-01
 -1.0139127e+00
  2.6519991e-02
  6.6950625e-01
  2.5324446e-01
 -4.2514041e-01
  1.2012014e-02
  1.2928801e+00
 -3.3340457e-01
 -7.4127513e-01
 -4.5531854e-02
  2.1032976e-01
 -3.8642224e-02
 -2.3636375e-01
 -3.6419973e-02
 -9.1547287e-01
 -5.5717889e-02
  6.9073653e-01
  6.2774521e-01
 -2.5687188e-01
 -4.7132377e-02
  8.0030692e-01
 -8.8086464e-02
 -2.0780349e-01
  4.7723586e-03
  1.8800855e+00
  8.5749254e-03
 -1.6771547e+00
  7.6115119e-01
 -6.2054241e-01
  5.5707106e-03
  4.4347918e-01
  1.4589426e-02
  4.0365058e-01
  1.1302950e+00
  2.3063399e-02
  4.4230542e-01
 -5.3475838e-02
  4.1628459e-01
  1.5181801e-03
  2.6844221e-01
 -3.6588252e-02
  1.4282597e+00
  4.0482089e-02
  7.7170008e-01
  1.4783429e-01
  1.2509951e-01
  2.6504925e-01
 -1.4376497e-01
  2.8975371e-01
 -1.7317574e+00
 -6.1717216e-02
 -7.8208548e-01
  3.5723400e-01
 -3.4047837e+00
 -1.0342366e+00
  1.7379956e-01
 -2.2238629e-02
  2.1955073e-01
 -7.3552555e-01
 -5.6883508e-01
 -2.2481225e+00
 -4.1858742e-01
 -2.1346146e-01
 -3.5203841e-01
 -7.4505121e-01
  3.6763030e-01
  1.3077388e+00
 -2.6091912e-01
  7.6063806e-01
  1.3524474e-01
  1.2546662e+00
 -4.3814525e-02
 -3.2953268e-01
  1.3589558e-01
 -1.3031982e+00
  1.0866305e+00
 -1.4056318e+00
 -1.3958138e-01
  2.1368203e+00
 -9.0050451e-02
  1.9301334e-01
  1.0002915e+00
  8.6863345e-01
  1.1952602e-01
 -1.7178379e+00
  1.1293150e-01
  3.3493668e-01
 -1.4445323e+00
 -1.1552956e+00
 -1.6925769e-01
  1.4192145e+00
  4.2533647e-02
 -2.4955754e-01
  4.6337530e-01
  9.2740291e-01
 -7.5153905e-01
  5.5455506e-01
  3.4227788e-01
 -1.5598385e-01
 -2.0310674e+00
 -9.2611384e-01
  2.3978012e+00
 -3.9924718e-03
  2.2295671e+00
 -9.8529588e-03
 -3.2759747e-03
 -3.1050391e-02
 -2.2301830e-01
  1.3261088e+00
 -5.5600468e-02
  8.2438523e-03
 -1.1832071e-02
  2.4998913e-02
  5.0928714e-03
  1.2701767e-02
  1.0748972e-02
  6.3665705e-03
  2.9717516e-02
 -1.0972053e-02
 -3.2761194e-02
  5.4604042e-04
  1.6910031e-02
  8.7502245e-03
  2.3053154e-02
  4.6941345e-03
 -4.0507386e-03
  3.0765696e-03
  2.8818198e-03
 -4.7882576e-02
 -1.0998516e-02
  1.0353815e-01
 -5.9175663e-02
  1.2470653e-02
 -1.2627053e-02
  5.0535434e-01
  2.1289079e-01
 -1.5906347e-02
  2.2510386e-01
 -7.6893978e-02
 -2.5389755e-02
 -9.7966455e-02
 -5.3206421e-03
 -3.6782641e-02
  3.8001027e-02
  5.6032319e-02
  6.2910439e-03
 -2.1655912e-02
 -2.0492537e-02
 -3.2122493e-02
 -4.1465738e-01
 -2.0977752e-03
 -6.1077673e-02
 -2.6484668e+00
 -3.7606888e-02
 -6.6300863e-03
  7.8416278e-04
  1.7968990e-02
  1.2983233e-02
  1.3413401e-03
 -9.9554338e-02
  6.2745847e-02
 -9.6019665e-03
  6.4051390e-01
 -3.3205915e-02
  6.0214752e-01
  5.7927822e-03
  1.8477924e-04
  3.0344250e-02
  4.1062623e-02
  2.0635422e-02
 -1.2258945e-02
 -6.9566967e-04
  3.0212373e-02
  4.8027385e-02
  8.0617554e-03
  1.0510262e-02
  1.2675923e-03
  5.4398801e-02
 -2.4370030e-01
  4.0897775e-02
  5.5082855e-03
  1.8808988e-01
 -2.4434926e-03
  2.0914188e-02
 -4.0070587e-03
  2.6046911e-02
 -7.9862745e-03
 -1.1660197e-02
  8.1841648e-04
 -7.7075981e-02
 -1.5625449e-02
  2.6334170e-02
 -9.7125145e-03
 -2.0383286e+00
 -2.7220786e-01
  4.3519858e-02
  4.0203869e-01
 -4.2781624e-01
 -4.3893147e-01
 -6.0025358e-01
  1.5424787e-02
 -5.9064364e-01
  8.4963702e-02
  1.1085050e-02
 -5.0697237e-01
 -1.7212527e-01
  6.3418603e-01
 -1.7433494e-01
 -5.6177280e-03
 -5.3826010e-01
 -5.9957129e-01
 -1.3491001e-02
  1.0657915e-01
  1.9184531e-01
 -8.8850206e-01
 -6.8884427e-03
  6.2561030e-03
 -2.6061572e-02
 -6.0076700e-03
  1.3343211e-03
  9.3723297e-02
  5.4598162e-03
 -1.6480489e-02
  1.4304368e-02
 -7.3601615e-01
 -3.7567729e-01
  1.5407452e-01
 -7.7419139e-02
 -5.9146237e-02
 -1.1477334e+00
 -8.0485363e-03
 -5.7515606e-02
 -7.5747721e-02
 -7.6076561e-03
  1.9444397e-02
  4.7372974e-02
 -2.3500678e-01
 -1.1426984e-01
  5.9834975e-03
 -1.4970143e+00
  7.3365170e-01
 -2.0506902e-01
  3.6601976e-02
 -6.2478180e-03
  1.2979605e-02
  2.7362397e-01
 -1.1890803e-01
  5.5104949e-02
  3.5395124e-03
 -1.3493824e-02
 -1.0496488e-02
 -5.1795993e-02
  4.0550292e-03
  2.2916164e-02
  1.0879824e-01
  2.9048732e-02
  5.2043611e-01
  6.5263905e-02
 -8.7886732e-03
 -1.6894840e-02
  1.1411478e-01
  2.2057246e-02
 -1.4833055e-02
 -2.0659998e-02
  6.5326788e-03
 -2.3777571e-02
 -1.0712087e-01
 -1.8893667e-02
  1.5378619e-03
  9.9773635e-04
 -3.9619170e-02
 -1.4883256e-02
  1.4194901e-02
  8.1701443e-02
 -1.6545737e-02
  2.7110371e-01
  9.4964728e-03
  6.3797347e-03
  1.6329767e-02
 -8.3484158e-02
  1.6168306e-02
 -5.5451524e-03
  5.3596873e-02
 -2.0417878e-02
  1.9762800e+00
 -4.8799369e-01
  1.4046232e+00
 -6.4215159e-01
 -6.6165972e-01
 -6.9346768e-01
  2.6528089e+00
 -7.6910907e-01
 -4.5898959e-02
 -2.1821735e-02
 -1.1189976e-01
 -3.9276302e-02
 -1.9311349e-01
 -2.2653924e-01
 -4.0280214e-01
  1.4607930e+00
 -3.5233069e-02
 -1.0431259e+00
  1.1876816e-02
  3.4413741e-03
 -1.6434945e-02
  4.2510477e-01
 -5.9378785e-01
 -2.3046013e-03
 -1.6408110e+00
 -8.5675031e-02
  2.6538305e-02
  1.1174367e-03
  9.2949988e-03
  1.3685112e-02
  3.1136224e+00
 -9.6820688e-01
 -4.3398533e-03
 -7.4015296e-01
  1.3389474e-01
 -3.6207851e-02
 -1.7070094e-01
 -4.9158361e-02
 -4.1854936e-01
  1.4571201e-02
 -1.2325169e+00
 -3.7166944e-03
  4.1313237e-03
 -5.4576558e-01
 -2.0084839e-02
  2.3475438e-01
 -1.2674974e-02
 -6.8869583e-02
 -1.2016039e-01
  2.0299505e-02
  5.0481143e-03
 -7.6221931e-03
 -1.5547141e-02
 -1.2463724e-01
 -1.3638522e-02
 -6.6107181e-03
  1.4311172e-01
 -8.3954139e-03
 -1.6409449e-02
 -3.9113522e-02
 -4.6048304e-01
 -1.2931618e-02
 -2.7580103e-02
  5.4899842e-01
 -8.1331069e-03
  1.1517363e-02
  1.3249709e-02
  3.1461626e-02
 -6.7354560e-02
 -1.6905008e-02
 -3.6550667e-02
 -1.2818049e-02
  2.9662694e-03
  1.7396072e-03
 -1.3685834e-01
 -1.7361915e-02
  3.4107957e-02
  5.4171484e-02
 -2.9916186e-03
 -6.1665729e-02
  1.4040683e-02
 -1.4482553e-01
 -1.7006395e-02
 -4.2166330e-02
  3.1388413e-02
  1.7915644e-02
 -3.7742529e-02
  2.8513983e-02
 -6.6146306e-03
 -1.3880435e-02
 -3.6402517e-03
  1.0888151e-01
 -1.2136963e-02
 -1.7782872e-03
  3.0647919e-02
  3.2248259e-02
  6.7447603e-02
 -4.3777195e-03
 -6.7043928e-03
  1.6606122e-02
  1.8124590e-02
 -8.4423320e-03
 -8.9153513e-02
  1.4098585e-02
  5.9271194e-03
 -9.1533586e-03
  6.3296072e-03
  2.9593464e-02
  6.8756370e-03
 -2.8832193e-02
 -4.1938603e-02
 -5.4054325e-03
 -4.6606935e-03
 -5.8462802e-02
 -1.3832876e-02
 -9.6752951e-03
 -1.7605297e-03
  3.1806901e-03
  2.7892286e-01
 -1.8831604e+00
 -4.3078415e-02
 -5.4168250e-02
  1.8691833e-03
 -3.6650270e-02
  1.7394666e-02
  2.5773928e-02
 -2.3988729e-02
  4.6756644e-02
 -1.2664050e-02
 -6.5061618e-03
 -6.0457554e-02
  1.5925789e-02
 -5.7873246e-03
 -1.3715111e-02
 -2.0951449e-03
  2.3054685e-02
  2.4087811e-02
  1.9398687e-04
  5.3157313e-03
 -2.5214551e-03
 -1.8516362e-02
 -3.6525391e-02
 -8.9367829e-02
 -2.0277489e-03
 -7.7237911e-03
  4.4877466e-02
 -3.7594143e-01
 -1.5475934e-02
  4.8074229e-03
 -1.3968299e-02
  2.0168402e+00
  1.6430076e+00
 -1.5934911e-02
  1.2544903e+00
 -5.7817096e-01
 -3.7494902e-02
 -6.1615459e-03
  6.9375284e-02
  1.0602370e-02
 -8.3073735e-02
  8.7419279e-02
  1.2062700e-02
  1.2147936e-01
  1.0266425e-02
 -9.4819684e-03
  9.0587437e-03
  3.5380468e-02
  1.1993733e-01
  9.0458905e-03
  3.7855718e-02
 -1.6391683e-02
 -7.9013482e-03
 -8.1736147e-02
 -7.1733291e-03
 -5.3797960e-03
 -1.0775345e-01
 -1.1589016e-02
  4.6614323e-02
 -1.0009658e-02
  7.2362749e-03
 -5.0059527e-01
  1.0994012e+00
 -1.0317401e+00
  1.0206021e+00
 -2.9039884e-01
  2.6465696e-01
  2.3583093e-01
  3.5478449e-03
  4.4865169e-02
 -5.0082561e-02
 -4.2122155e-02
 -3.0859662e-02
  7.7530533e-01
 -4.8943320e-01
  5.3225243e-01
  2.7192071e-02
  4.5443112e-03
  1.5795772e-01
  5.6816912e-01
  8.0451608e-02
  3.1328982e-01
  3.6205905e-03
  3.4411424e-01
  1.1794098e-01
 -5.0620604e-03
  1.4694026e-02
  7.7579722e-02
 -1.3117138e-03
 -3.2503303e-02
  1.4908611e-02
  5.0570965e-02
  1.8680066e-01
 -1.0785731e-02
  1.8490161e+00
 -9.7806267e-03
  1.0157142e-02
  1.1565655e-02
 -1.8457282e-02
 -4.3396465e-02
 -4.2879548e-02
  8.1734490e-03
 -4.8489892e-03
 -3.3566080e-02
  1.2287938e-02
 -6.4274810e-02
  1.7712599e-01
 -4.1366396e-03
 -9.3731117e-03
 -9.6898451e-03
  9.0293493e-03
  3.7733391e-02
  4.1878067e-02
  2.3752522e-02
 -1.7074948e-02
 -1.2255152e-02
 -1.3503988e-01
 -3.6435500e-02
  1.1735223e-02
  2.4228350e-03
  8.0583215e-02
  5.2757859e-01
  9.9411154e-01
 -1.8359795e-01
 -1.0549943e+00
 -1.8770009e-01
 -1.0127100e+00
 -2.9084740e-02
  1.3384633e+00
 -8.4359862e-02
  1.4847794e-02
  6.5436298e-01
  9.0015903e-03
  9.5750988e-02
  2.4280934e-01
  6.8774015e-02
 -3.8335461e-02
  5.2537209e-01
 -5.5320531e-01
 -1.6840212e-02
  5.4528728e-02
 -2.0813836e-01
  8.9443259e-02
  2.5239179e-02
 -5.7205594e-01
 -7.1019061e-02
 -3.7295690e-01
 -3.8093459e-03
  1.1974094e-01
  7.6497332e-03
 -5.1783878e-02
  1.6437272e-02
 -2.7183009e-02
 -7.8950174e-02
 -4.0914663e-03
 -1.4981224e-02
  3.1545419e-02
  3.1929337e-03
 -3.1803537e-02
 -4.5616191e-02
 -1.3553382e-01
 -3.2965404e-03
 -3.0677540e-02
  1.3984466e-02
 -1.2813252e-01
  3.1099648e-03
  6.2601686e-02
 -1.5202795e-01
 -2.7913403e-02
 -2.4027703e-02
 -1.1699387e-01
 -7.1396882e-04
 -3.8077753e-02
  2.2596626e-02
  8.7966314e-03
  2.3549011e-02
  4.6434402e-02
 -2.6474464e-01
 -4.4184639e-03
 -1.5267971e-01
  1.8971332e-03
  5.6376511e-01
 -8.0534202e-01
  1.5855322e-02
  3.2925087e-01
 -9.3989857e-02
  1.0893437e-01
 -1.7850015e-02
  1.9312939e-02
 -3.6313001e-03
  5.4710014e-03
 -1.0844223e-02
  3.0258652e-02
  1.4680102e-02
 -2.1063071e-02
 -4.6427470e-02
 -4.5876071e-01
 -1.0199809e-01
  2.6897336e-03
 -7.7088174e-05
  8.8596614e-03
 -4.2646438e-02
  2.6617473e-02
 -1.4193678e-02
  5.5831661e-03
 -4.5959218e-03
 -4.0580641e-02
  6.2065073e-03
  1.5291126e-02
 -3.3227094e-02
 -2.7449362e-02
 -4.2541510e-01
 -3.3494163e-01
  2.2146935e+00
 -2.3021080e-01
  5.5254883e-01
  3.9570574e-02
 -8.7553076e-02
  1.5706977e+00
  1.0294964e+00
  4.1698423e-01
 -1.5329392e-02
 -1.1965577e-01
  1.1407461e+00
  1.7290527e-01
  8.2489228e-01
 -5.1210535e-01
 -2.2089093e+00
  3.1138899e+00
  1.2371834e-01
  3.9621081e-02
  2.9769347e+00
  3.7559462e-01
  9.1337186e-01
  4.9959618e-01
  4.2986302e-03
  4.4884872e-01
  4.9501106e-01
  8.6500210e-01
  1.0407768e-02
  1.9606538e-03
  4.6161714e-01
  5.1181608e-01
 -7.5777359e-03
  8.7885898e-01
  2.8989992e-01
  9.2761062e-02
  7.9062760e-02
  8.4863640e-03
 -1.6742907e-02
 -4.4860799e-02
 -6.2244884e-03
  7.7742070e-02
 -1.1569349e-02
  1.0736337e-01
  2.0701429e-03
  3.4861296e-01
 -3.2100406e-02
 -7.2787465e-03
 -1.0996857e-01
 -4.5146763e-02
  1.9384293e-01
 -1.4992605e-01
 -2.3090994e-02
  1.1657136e-02
  9.7674476e-03
 -4.3042912e-04
  3.1113036e-03
 -7.8131417e-03
  1.0198386e-03
  2.5257492e+00
 -3.6346998e-02
  1.1065379e-03
 -8.8368542e-03
  1.6405706e+00
  2.5600368e-02
 -1.3859520e+00
  1.0389023e-02
 -6.3864379e-03
 -5.3373806e-02
 -1.2400505e-02
  2.1897454e-02
  2.4673218e-02
  9.4013236e-02
 -1.5792334e-03
 -2.3341971e-02
  4.2352923e-03
 -1.0993042e-01
 -4.6071169e-01
 -5.5594545e-02
  2.4923283e-04
  1.6063055e-02
  2.1884212e+00
  1.0651072e-02
 -2.1436535e-02
 -1.1714768e-02
  4.2255264e-02
 -7.9832055e-02
  1.8112751e-02
 -6.5420583e-02
  1.3869600e-02
 -1.0184182e+00
  2.5561035e-01
  4.7901090e-02
  1.5453087e+00
  5.0108749e-03
 -1.5939033e+00
  2.8994083e-03
  9.2773940e-03
 -1.4721253e-02
 -1.5057122e-02
  2.6927984e-01
 -9.1813505e-03
  1.0749963e-02
  2.2385420e-01
 -2.9984387e-03
  3.9783955e-02
 -3.0678976e-03
  5.8090812e-01
 -4.2896522e-03
 -3.5052825e-02
 -3.2535803e-02
  3.6119442e-02
 -5.1299673e-02
 -1.5388968e-04
  7.3886469e-02
 -6.5180873e-03
 -3.3932081e-03
  1.0796721e-02
  3.0044129e-02
 -6.3116364e-03
  1.9360366e+00
  1.1935536e-01
 -9.4738305e-03
  1.1027993e+00
  2.4524552e-04
 -5.2380212e-02
 -8.8129714e-02
  4.0018293e-03
  9.3651423e-03
 -9.7926036e-03
 -6.6757463e-03
 -7.1180920e-04
  2.2522591e-02
 -6.0442600e-02
 -3.3086431e-03
  2.8069694e-02
 -1.8896407e-02
  1.1182962e-02
 -4.9353339e-02
 -2.6106175e-02
  4.3250227e-01
 -1.3363898e-02
 -6.4995125e-02
  1.7299622e-02
  2.0489888e-03
 -2.3223415e-03
  5.4448014e-03
 -6.4821253e-03
  1.1239639e-02
 -4.3172952e-02
 -4.4075748e-01
 -1.6527224e-01
  5.9993160e-01
 -7.4915774e-02
  2.3419290e+00
  2.6838440e-01
  4.5141730e-01
  8.4276333e-02
  1.0537250e+00
  1.2276366e-01
  5.6876516e-01
 -6.5095389e-01
  1.0595808e+00
  1.7502280e+00
  4.1066903e-01
 -1.4239575e-01
 -1.0676848e+00
 -2.2703273e-02
  1.0281597e-01
 -8.7631929e-01
  1.7338881e+00
 -2.3585615e-01
  1.9333541e+00
  5.1879913e-01
  1.4928098e+00
 -1.1702983e+00
 -7.6690763e-01
  1.5486006e-01
  2.8776531e-03
  4.2606816e-02
 -4.2392954e-01
 -1.6871876e-01
 -6.8756202e-03
  7.4131411e-01
  1.6388749e+00
 -3.8339007e-01
 -2.1204943e-02
 -1.0046406e+00
 -1.0985678e-01
 -1.8735937e-03
 -2.9865295e-01
  2.2461468e-02
 -4.8040128e-01
 -2.7905490e-02
 -1.3440668e-02
 -2.0616710e-01
 -1.9262969e-02
  3.6430203e-03
  1.5166147e-02
 -5.5449732e-02
 -4.7505853e-01
 -1.5597714e-02
  5.3074704e-03
  1.3488005e-01
 -7.8429626e-03
 -1.2540068e-02
  9.4939312e-03
  2.5171777e-03
 -1.1341628e-02
  7.3624295e-01
 -1.3148928e+00
 -5.4626432e-03
 -3.2588996e-02
  2.7183834e-01
 -4.2014755e-03
 -8.1904046e-03
 -8.7877549e-03
  8.9812076e-01
  1.6065929e-02
  1.3764433e-03
  6.7458325e-03
  3.5531208e-02
 -8.0627995e-03
 -6.0756240e-02
  4.0531504e-01
  1.2358789e-02
  6.9261631e-03
 -9.3562655e-02
 -2.2808783e-02
  1.7246472e-02
 -1.1091973e-02
  4.4996899e-02
 -1.3452997e-02
  2.8174657e-03
  1.5586756e-02
  1.4876230e+00
 -1.0733401e-02
 -6.7394325e-03
  2.8423699e-02
 -1.0225061e+00
  3.7341768e-01
  1.8874285e-01
  3.3026506e-04
 -1.0217415e+00
 -2.5856900e-01
 -3.3945322e-02
  5.1198918e-02
 -4.5359811e-01
 -1.3605827e+00
  3.1307247e-02
  5.4459763e-01
 -1.0860064e+00
 -6.1999989e-01
 -1.3511897e+00
  1.5534017e-02
 -2.9236227e-01
  5.4279727e-01
 -6.8265778e-01
 -7.4072260e-01
 -2.0896512e-01
  3.6938521e-01
 -1.7275099e+00
 -1.9328262e+00
  3.0799496e-01
 -6.4941710e-01
 -8.3985977e-02
 -6.4719146e-01
  3.6808451e-05
 -7.4942834e-03
 -5.5925739e-03
 -6.7501068e-01
 -2.2316935e-02
  2.7095705e-02
  7.3080111e-01
 -8.0659762e-03
  1.7032592e-01
 -3.5983209e-02
  1.8031314e-02
  1.3283118e+00
  2.8150575e-02
  4.6941708e-03
  9.0101175e-03
 -3.3697870e-02
  1.7321300e-02
  1.9167483e-02
 -8.5063261e-04
  6.6578584e-03
  3.4693532e-02
 -1.6610092e-02
  4.1162344e-03
  1.6627189e-02
 -4.9272381e-02
  2.9586507e-02
  2.6501514e-02
 -1.3559023e-02
  8.2511805e-02
 -6.7254272e-04
  1.8242554e-01
  4.4128243e-02
 -1.0347784e-02
  3.1680536e-01
 -1.8304189e+00
  1.1551701e-01
 -4.1023907e-01
  7.8685574e-02
 -5.7585084e-01
 -1.6378254e-01
 -1.6167087e-02
 -7.1572564e-03
  1.7217359e-02
 -2.9703805e-02
  3.9600670e-02
 -9.9378517e-03
  3.1935956e-02
 -5.4723147e-02
  2.3958733e-02
  7.5102970e-02
 -1.7560951e-02
 -3.4564193e-02
  1.4667382e-02
 -7.0300929e-02
 -4.0769912e-03
  5.3582072e-02
 -1.5121746e-01
 -7.0137523e-02
  3.0351905e-02
  1.3357400e-02
  1.8935729e-03
 -7.1840277e-03
  8.8923508e-03
 -1.1210580e+00
  2.9087563e+00
  1.0400946e-02
  5.6439060e-01
  1.1220119e-02
 -5.8928523e-03
 -2.3258282e-03
  1.6853252e-02
  8.0483615e-02
 -2.3449659e-02
  3.6830716e-02
  1.5296224e-02
  1.8068241e-02
  3.6351543e-02
  9.7188214e-03
  5.1213950e-02
 -3.3540153e-03
  2.0155127e-03
  1.9171350e-02
 -6.3133589e-03
  1.6957159e-01
 -2.7282504e-02
  4.4386931e-02
 -1.7527431e-02
 -9.4877360e-05
  1.8051073e-02
  3.2480400e-02
  5.0659585e-03
  9.5169935e-03
 -2.9295241e-02
 -1.3805759e+00
 -1.1174721e-02
 -3.2941232e-04
 -8.2206212e-02
  1.5574664e-02
 -1.9238094e-02
 -3.1883661e-03
 -2.7425925e-04
 -1.6786693e-02
 -5.8002933e-03
 -1.0061908e-02
  2.0285092e-02
  4.7629750e-03
 -6.1591458e-02
  9.1917701e-03
  1.6114064e-01
 -1.6026314e+00
 -1.9293666e-02
  4.1210629e-02
  4.2741600e-02
  3.1823676e-02
  8.2464982e-03
  1.5421323e-02
 -4.0605526e-02
  2.8725396e-04
  5.8694733e-03
  3.1339757e-02
 -2.8458767e-02
  2.4765799e-02
  3.8491886e-03
 -2.2527453e-01
  1.8681964e-02
  2.0049633e-02
  1.2312731e-02
 -5.6637727e-02
  2.5820892e-02
  1.3380300e-02
  3.2059353e-02
 -4.8685309e-02
 -1.9272344e-02
  3.7270974e-02
 -1.5567694e-02
 -2.8787389e-02
  8.9901844e-03
  3.0273663e-02
  8.2629913e-04
  8.7007796e-03
 -2.3632063e-02
 -2.1015476e-02
  2.0763262e-03
  9.0392549e-03
  8.5551869e-03
  2.2917323e-01
  4.3995731e-04
 -1.4186941e-02
 -3.3576610e-03
 -7.8944005e-03
 -1.9261620e-03
  3.6324152e-01
 -1.6149638e-02
  8.4795192e-02
 -1.7006601e-01
 -1.4904963e+00
  3.7359113e-01
 -1.6132420e+00
  6.4899927e-01
 -2.2325218e-02
  3.8608548e-01
  3.5404451e-02
  1.6218133e-01
  3.2560313e-01
 -5.8326507e-03
  1.6196223e-01
  3.2872318e-03
 -4.6836339e-02
  2.5662276e-01
  1.9896786e-01
  3.9713439e-02
  1.1408235e-02
 -7.8416400e-02
  2.2543322e-01
  2.0637133e-03
  1.3639786e-03
 -1.3617700e-02
 -1.1853700e-03
  2.8253577e-03
 -9.2372131e-03
  2.1623224e-03
  2.1038961e-02
  3.5309441e-02
  9.3169338e-01
 -1.3288518e+00
  1.6374597e-01
 -2.4906290e+00
 -5.5387986e-01
  2.3205260e-02
  1.1250645e-02
 -6.6046518e-01
 -9.1976888e-02
 -6.1641140e-03
 -9.0988204e-02
  3.7660062e-02
 -2.5406806e-03
 -2.2322682e-03
 -3.4035601e-02
  1.6482322e-01
 -4.4151731e-02
 -3.2020119e-01
 -1.1023160e-01
  7.1804989e-03
 -4.3101866e-02
  1.6944283e-03
 -4.8754148e-02
 -1.5727211e-02
  7.8992937e-03
 -2.4158308e-02
  2.7713150e-01
 -1.6205484e-01
 -1.3549301e-02
 -5.2967805e-02
 -2.9480153e-01
  2.6464620e+00
 -1.5699217e-01
  5.9369582e-01
  4.4579473e-03
  2.4292897e-01
  6.9773365e-03
 -2.3011379e-03
 -1.0823846e-02
 -7.3185496e-02
  5.0677792e-03
 -7.6238081e-02
 -2.2821045e-02
 -5.1567255e-04
  1.3913531e-02
 -4.3601215e-02
  1.4310929e-02
  2.6942813e-03
 -3.4420092e-02
  1.2210392e-03
  4.4959702e-02
 -4.6999776e-03
  2.7603349e-02
  2.2977930e-02
  1.7925996e-02
 -5.1294393e-03
 -3.1618722e-02
 -7.5772381e-04
  1.3911194e-03
  1.2227265e-02
  4.1757691e-01
 -1.2894500e+00
  5.1516843e-01
 -1.9650135e+00
 -1.0254557e+00
  5.3755954e-02
 -5.4543804e-02
  1.1412070e+00
 -5.2205846e-02
 -5.3513162e-03
 -3.1480074e-02
  3.0350265e-01
 -6.9946267e-02
  9.1469940e-03
 -3.0124132e-03
  4.2508230e-01
  3.8720968e-03
 -1.9576718e+00
 -4.1231561e-02
 -8.6863734e-02
 -2.0333433e-01
 -1.4927155e-02
 -3.5880010e+00
 -2.1773508e-02
 -5.8810124e-03
  2.2520630e-02
 -7.2697941e-03
 -4.4511501e-03
 -5.3209877e-03
 -3.1264935e-02
 -5.9354581e-02
 -3.5278596e-02
 -2.5332386e-02
  5.7351901e-03
  1.0617921e-02
 -7.9670502e-03
 -1.7855667e-02
 -4.1194089e-02
 -2.1880052e+00
  3.2266837e-02
  3.2917020e-04
  6.1438615e-03
 -1.3897503e-02
  1.6746344e-02
  5.5683488e-01
 -1.7103551e-02
  1.3596894e-03
  1.2161729e-02
 -2.9628190e-01
  1.2949135e-03
  7.3553279e-02
 -1.0565694e-02
  1.7100420e-04
  8.2045216e-03
 -3.5724450e-02
  2.4101118e-02
  2.7287683e-01
 -8.2467377e-02
 -4.5041837e-02
  1.7370524e-02
  3.3789033e-03
 -2.9117716e-03
  1.1061452e-02
 -3.4449738e-02
 -2.4561197e-02
 -9.6769528e-03
  7.9991119e-03
 -2.6186131e-02
 -1.5496158e-02
 -9.4299186e-03
 -7.3447779e-02
 -2.0928049e-02
 -3.6729295e-02
 -1.1403996e-02
 -6.1300173e-02
  1.4032216e-01
  1.8923304e-03
  6.0261589e-02
  2.6611196e-02
 -3.4357935e-02
 -3.9884221e-02
  5.5625616e-03
  2.6240634e-02
 -2.6678989e-02
 -6.6131160e-02
 -4.9605090e-02
  9.3011213e-03
  4.5764040e-02
 -9.2223957e-03
 -2.1043301e-02
  6.1929505e-02
  1.7051717e-02
 -1.2980417e-02
  3.8809326e-01
  4.7214168e-01
  2.2865494e-03
 -1.6041394e-01
  7.0502651e-01
 -1.3721673e+00
  9.5990175e-01
 -5.9570593e-01
  2.5222960e-01
  2.1704853e+00
  3.2986209e-01
 -1.7919963e-02
  7.2116089e-01
  4.5237756e-01
  9.3929440e-01
  1.5849720e+00
  3.5159070e-02
 -1.0196014e-01
  3.4518722e-01
  1.1096746e-02
  1.1822896e-01
 -1.8194762e+00
 -4.1937068e-01
  5.8522451e-01
  1.3157143e-02
  8.3515029e-03
  3.0203175e-02
 -1.8660004e+00
  1.1244278e+00
  1.1049995e+00
  3.4477134e+00
  2.0646985e+00
  6.4817846e-01
  2.9534340e-01
 -1.1075111e-02
  4.4380897e-01
  6.4635609e-04
  2.5376862e-02
 -9.3107738e-02
  2.4218736e-02
  9.8519450e-01
  1.5602289e-01
  6.1848235e-01
 -7.4534720e-01
  1.2563695e+00
  3.9673573e-01
  5.2551877e-02
 -6.7840487e-01
 -3.0723184e-01
  4.7881037e-04
 -1.4659262e-01
  1.0344870e-01
  4.0405984e-03
 -3.2573648e-02
  1.8798556e-02
  1.9291336e-02
 -8.0100482e-04
  2.7134702e-02
 -1.4006847e+00
 -1.1078065e-02
  7.0520520e-01
 -8.2507402e-02
  6.6135353e-01
 -2.5992913e-03
  7.7333260e-01
 -1.2271866e+00
 -3.6708329e-02
  1.6006391e-02
  9.7574145e-03
  6.5562323e-02
 -9.0479925e-02
  7.1343766e-03
 -3.0737843e-02
  1.4551781e-03
  6.4861551e-02
  1.7327288e-02
  1.1446344e-03
 -1.4704150e-01
 -2.4963215e-03
  2.4998833e-03
 -1.6242918e-02
  4.8325155e-02
 -4.4452315e-03
  2.4741517e-02
  2.4290649e-02
 -3.0178271e-04
  2.9890867e-02
  1.7023923e+00
 -9.6348189e-02
 -1.6139340e-02
  7.2470725e-02
  5.2450369e-03
  1.4215756e-02
 -1.3805004e-02
 -2.0515174e-02
  3.8867779e-02
  7.2176736e-03
  3.2401629e-02
  1.2128688e-01
  6.2281363e-02
 -3.1729639e-02
 -4.5425296e-02
 -9.4577944e-01
  9.3945540e-02
  5.8686198e-03
 -2.9893100e-02
  1.0600016e-01
  3.1629957e-02
  2.6175600e-02
  9.9038146e-03
 -8.6099217e-03
 -2.9758083e-02
  2.5678901e-02
 -1.0251520e-02
  7.8067034e-02
 -3.7944101e-02
  7.1373686e-02
 -1.0472715e+00
  5.4496580e-01
  2.0147322e-01
  2.4188201e-01
  3.3229509e-01
 -1.7209953e-01
 -4.3079220e-03
  1.4627464e-02
  5.0050309e-03
  6.8088390e-02
 -9.4555992e-01
 -2.2129975e-01
 -3.3453259e-01
 -7.0943400e-02
  2.2856245e-02
 -1.0555500e-02
 -4.1067764e-02
 -8.7470196e-02
 -1.7055821e-02
  6.0251553e-02
 -2.3283176e+00
 -9.6192636e-04
 -8.6684516e-03
 -1.1586695e-02
 -1.1023861e-02
 -6.5597612e-03
  1.2928239e-02
 -7.3957150e-03
  1.3581173e-03
 -3.6626164e-02
  1.1898736e-02
  8.6000100e-02
 -6.2816632e-03
  5.4458670e-02
 -1.6075887e-03
 -7.5670209e-04
 -8.7387227e-03
  7.9985624e-03
 -3.1751819e-02
  4.9710236e-02
 -5.1747798e-04
 -1.3279624e+00
 -6.7802826e-03
 -1.2425551e-03
  2.1240556e-01
  4.3073662e-02
 -8.1579562e-04
  2.5941228e-02
  3.5674858e-03
  2.4043771e-02
  1.4217903e-02
 -1.3004958e-02
  8.3461471e-02
 -2.6115836e-03
 -1.0726351e-01
 -4.2078134e-01
  2.1284951e-03
  1.5366465e-02
  7.5561725e-02
 -5.8060475e-03
 -2.3031853e-02
  9.3876915e-03
 -4.1939460e-02
 -1.9262111e-03
 -9.2091598e-03
 -5.4426400e-06
  1.0425335e+00
  1.0372944e-02
  3.1635288e-02
 -1.9631552e-02
 -4.2610718e-03
 -9.8766126e-03
 -3.5143774e-03
 -3.0938577e-02
 -3.6699489e-02
  5.4030241e-03
  6.9673881e-03
 -1.5716139e-02
 -2.1797618e-02
 -2.1026470e-02
  6.1417140e-02
 -2.3452437e-03
 -1.2772417e-02
  1.5453409e-02
  1.7434077e-03
  3.2366492e-02
 -8.3303573e-03
  9.7743189e-03
 -1.2008023e-01
  5.1195985e-03
  1.3428782e-01
 -2.7888907e-02
 -3.4400707e-03
 -2.7043453e-01
  7.4553775e-04
  2.5405316e-02
  7.3053553e-03
 -2.9282864e-02
 -5.2478616e-03
 -3.7574943e-02
  5.6377059e-04
  1.4684009e-03
 -7.9980539e-03
  1.5689947e-02
  3.5069890e-03
  2.9832644e-02
  2.6799295e-02
  1.6682031e-02
 -5.1669974e-02
 -1.8717563e-02
 -7.8058555e-03
  3.4004647e-02
 -6.5880227e-03
 -6.3045792e-02
 -3.6331790e-03
  1.0142032e+00
 -1.7412074e-02
 -3.2893974e-02
 -2.4700819e-02
  1.2168226e-01
  1.1696336e+00
  7.5434083e-01
  6.8870910e-02
 -2.1502323e-02
 -8.9902818e-02
  6.5042716e-03
  8.5324515e-03
  1.4927175e-02
  6.6339336e-02
 -6.1217449e-03
 -3.7268659e-03
  3.9619695e-02
  2.1548897e-03
 -6.0240205e-02
  8.3876550e-03
 -2.8316337e-03
  1.2115741e-04
  1.2839870e-03
 -1.1036051e-02
 -7.1187783e-03
  8.2660988e-02
  1.5864361e-02
  1.6598780e-02
  9.9567715e-03
 -1.1008446e-02
 -2.5930615e-02
 -9.2862388e-03
  2.0781597e-02
  9.7773254e-01
  1.3641808e-02
  9.7250450e-01
 -3.0898752e-03
  3.5993293e-02
 -1.1727073e+00
  6.2220269e-03
  2.1993076e-02
  6.1215749e-03
 -7.1442530e-02
 -3.3464510e-02
  2.0855622e-04
 -1.3609941e-01
 -1.4856993e-02
  6.9863833e-02
  5.0521670e-03
  1.4321078e-02
  7.2534959e-04
 -1.8888815e-01
 -2.3786832e-02
  4.3709993e+00
 -1.1018316e-01
 -8.9695808e-03
 -4.4691633e-02
  2.8915320e-02
 -9.3311081e-03
  2.7478414e-02
  2.4062165e-03
 -1.7453793e-02
  1.6496489e-02
 -6.0831686e-03
 -5.8686938e-03
 -5.9300447e-01
 -1.5833343e+00
  1.1559637e+00
 -6.8265718e-01
 -2.8674668e-01
  5.3909880e-01
  4.4866685e-02
 -5.2710092e-01
 -6.6597164e-01
 -3.5859245e-01
 -6.2425506e-01
  1.0691721e+00
 -6.8968409e-01
  2.7113438e-01
 -1.6297920e-02
 -3.5492855e-01
 -1.4710249e+00
 -3.9202553e-01
  5.9875590e-01
 -5.4787576e-02
 -7.9964459e-01
 -6.0413057e-01
 -5.2134503e-02
 -6.1797071e-01
  1.8847380e-02
  1.9734325e-01
  4.6016258e-01
  5.3539161e-02
 -3.9307099e-02
 -4.3745495e-02
 -3.5082917e-03
 -1.5889937e-02
  1.1973823e-02
 -2.9300556e-03
  1.9483516e-02
 -1.4633938e-02
  3.4473617e-02
 -2.7223134e-01
 -1.8894901e-02
 -4.3363795e-03
  1.3772137e-02
 -9.0206005e-03
 -2.8523267e-03
  2.9364988e-02
  1.0026391e-02
  6.0002482e-03
 -2.7267097e-03
 -3.1503838e-02
 -7.7238875e-03
  3.6165610e-02
  2.8723348e-03
 -2.4135208e-03
 -1.3306608e-03
 -2.7771614e-02
  4.1052632e-02
  1.0441414e-02
  3.1871237e-02
 -8.1910780e-03
  1.6520072e+00
  2.1978483e-02
  1.2963604e+00
 -1.4661884e-02
  1.1086507e-02
 -2.4976362e-02
  1.4942332e-02
  2.9630545e-01
 -3.2773547e-02
 -4.6981186e-02
  7.5982041e-03
  5.9261747e-02
  2.0057131e-02
  4.0576411e-03
  3.1126656e-03
  3.0858070e-02
 -2.6906509e-02
  1.9439878e-02
 -7.2273412e-03
  4.2445326e-01
 -2.2042796e-03
 -7.0086904e-03
 -9.4823567e-03
  5.2758381e-03
 -4.7210031e-03
 -6.0038090e-02
  5.2381266e-02
 -4.3166620e-03
  6.2830606e-03
 -4.4934191e-02
 -8.3508588e-02
 -1.6705094e-02
 -2.4997860e-02
 -3.1158011e-02
 -1.1365805e-02
 -2.4916939e-03
  1.7853938e-02
  4.6062334e-03
  6.5763110e-01
  4.0974291e-03
 -1.1826449e-02
  1.3649925e-02
 -1.6163399e-02
  4.6947427e-02
 -2.6124530e-02
  2.6658794e-02
  7.1458290e-03
  3.8300743e-03
 -1.4960404e-02
  1.7267499e-02
  6.9514289e-03
 -1.5385911e-02
 -1.2326635e-03
  6.5940291e-02
 -1.2610930e-02
 -4.7225775e-03
  6.6774609e-03
  5.9360500e-02
 -5.3894597e-01
  2.5007913e-02
 -1.5121115e-02
  1.0861181e-02
 -2.9678045e-02
 -2.4552231e+00
 -3.3718269e-04
  8.3278511e-03
  3.0359453e-02
 -2.4129373e-01
 -1.8703096e+00
  4.9135815e-02
  3.9632436e-02
  3.7194490e-02
 -5.1927414e-02
  1.3670264e-02
 -9.5007736e-03
 -8.2022274e-01
 -1.6485602e-02
  4.2603116e-02
 -3.5665274e-02
 -3.2899857e-02
  9.4521809e-03
 -4.9483187e-02
 -2.2016386e-02
  7.4428089e-02
  8.5131843e-03
  3.4059451e-03
  1.3821182e-02
 -3.7492681e-02
 -4.3009713e-02
  9.0714907e-03
  8.4878998e-03
 -2.6867764e-02
  2.0261694e-02
 -5.7552453e-02
 -9.8096997e-01
  5.1110577e-02
  7.9196738e-03
  6.3446146e-03
  2.4182364e-02
  5.0619978e-02
 -2.1848235e-02
 -2.7004510e-02
  2.8149873e-02
 -1.3220422e-02
 -1.0482356e-02
  5.6827995e-03
  1.1553458e-02
  5.1806876e-03
 -3.7330940e-02
 -4.7098571e-03
 -3.0552584e-03
 -1.6267035e-02
  7.2753336e-03
 -3.1543657e-02
 -1.5609876e-02
 -3.5793222e-02
 -3.1522173e-01
  1.1691821e-03
  9.4266804e-03
 -1.3028508e-02
  4.4127557e-02
 -8.5853785e-01
  3.1797922e-01
  1.9444463e-01
 -7.9106086e-01
 -5.6920731e-01
  1.7339442e+00
 -3.3500174e-01
  1.5433104e-02
 -5.5124974e-01
  1.1987985e-03
  2.0148881e-02
  2.8118035e-01
 -1.3440529e-02
 -9.5517287e-05
 -1.8390808e-02
  6.0862638e-03
 -2.1597950e+00
  2.9386875e-01
  7.9436034e-01
 -1.4737664e-01
  1.5331368e-02
  6.2637143e-02
 -4.1138299e-02
  2.7383187e-01
  4.9145635e-02
  4.5893905e-03
 -1.4414999e-01
 -3.4379043e-02
 -1.6489150e-02
  6.3099414e-03
 -6.2430251e-02
  5.5482292e-01
  7.6556075e-01
 -3.2928804e-01
  8.0301863e-01
 -6.0991722e-01
  9.1466531e-02
 -1.0623527e-02
 -8.3599943e-01
  1.2322515e-01
  8.7372158e-03
 -1.1172483e+00
  7.7844614e-01
  6.3236314e-01
  9.8195232e-02
  1.0807397e-02
  1.9111784e-01
 -1.6444670e-01
  3.5821918e-01
  1.0988866e-01
 -2.2229875e-02
  8.9418828e-01
 -1.0439686e-01
  1.0206490e+00
  8.8141710e-02
  2.7298309e-02
 -4.6490890e-01
 -6.3788557e-01
 -1.2362751e-02
 -1.6129708e-02
  1.8013285e-02
 -2.7776578e-01
  1.8798424e+00
 -2.6779544e-01
  1.6238853e+00
 -3.4567967e-02
 -2.3654526e-01
 -1.3063215e-01
 -9.3523717e-01
 -4.7154602e-01
  5.4455924e-01
  1.7224276e+00
  1.0605969e+00
  1.0816586e+00
 -1.1727422e-02
 -7.2462088e-03
 -3.9763367e-01
 -9.5025480e-02
 -5.0190711e-01
 -8.2740211e-04
  3.5418844e-01
  2.1459655e-01
  2.3629734e-01
  1.2204601e-01
 -2.7483823e-03
 -1.5896175e-03
  1.2987477e-02
  6.5938726e-02
  4.9164761e-03
 -8.1633218e-03
  2.5009638e-02
 -3.5585144e-03
 -2.2026382e-02
  7.4212872e-03
 -2.6088288e-02
 -1.6125105e-02
 -1.2950090e-02
 -4.2605676e-02
 -1.5263343e-02
 -2.3816189e-02
 -4.5226946e-02
  2.9124981e-03
 -1.7810607e-02
 -1.0946224e-02
  5.6843036e-03
 -1.1058195e-02
 -4.3872353e-03
  3.0555148e-02
 -2.7900694e-02
  5.9782648e-03
 -1.8246677e-02
  7.4777412e-03
  3.0959931e-03
  9.1607673e-03
 -6.1242618e-03
 -2.7042393e-02
  1.9955458e-02
 -1.7207166e-02
 -1.4620438e-01
  1.0507857e-02
  9.8529607e-03
  1.4905320e-02
 -2.1788433e-02
 -2.5366943e-02
  1.5017666e-02
 -1.0426772e-01
 -2.2458512e-02
  9.9533871e-03
  2.8726747e-02
 -7.0590630e-02
 -4.1994425e-03
  7.2914534e-03
  3.4243193e-02
 -2.7969450e-02
 -2.8959651e-02
 -2.3202996e-03
  1.3588295e-02
  1.8304780e-02
  1.2968884e-02
 -7.9937242e-03
 -5.4667164e-02
  2.1321254e-02
 -8.5961409e-03
  3.3108950e-02
  1.1936843e-01
  2.4751507e-02
 -3.6876139e-03
 -4.1828961e-03
  3.7663683e-02
 -4.6363022e-02
 -2.6982723e-02
 -5.7012816e-03
 -3.5662740e-02
 -1.3580581e-02
 -3.8672850e-02
 -1.4932396e-02
  1.5633065e-02
 -5.3718104e-03
 -1.7454930e-02
  3.4063449e-03
 -1.9908303e-01
 -4.4639014e-02
  1.9937193e-02
  1.0815565e-02
 -1.3020835e-02
 -1.7042436e-02
  9.0213276e-02
 -3.5610747e-02
  3.0014593e-02
 -2.8570939e-02
  1.4453156e-02
 -7.5139955e-02
 -1.4851628e-02
  9.8234741e-03
 -1.1492210e-02
 -3.0561192e-02
  4.9909182e-02
  1.3145444e-01
  5.8313957e-03
  6.4072004e-03
 -1.1204329e-02
  7.1108788e-02
 -8.7172067e-04
 -2.4435237e-02
  2.6658824e-02
  2.5413288e-03
 -1.2998241e+00
  8.3305076e-02
 -5.9889685e-02
 -6.7933388e-03
 -1.7950911e-02
  1.1210289e-02
  5.5941814e-01
  1.9082759e-03
 -1.7501667e-02
 -6.4253971e-02
  8.3273940e-02
 -4.0174988e-03
  6.1846524e-04
  3.1966157e-02
 -1.9465195e-02
 -6.7122672e-03
 -1.3239319e-02
  1.2870895e-03
  1.1903997e-02
 -7.9535665e-03
  1.1239298e-02
  1.3955918e-02
  1.0659231e-01
 -6.9314972e-02
 -1.0361034e-01
 -5.0008586e-03
 -2.0132516e-02
  3.5897195e-02
 -7.3757313e-02
 -3.9137197e-03
  1.1055025e-01
 -2.1123822e+00
 -3.0507312e+00
 -2.4638885e-01
 -2.0396480e-02
 -1.2336293e+00
 -1.3483728e+00
  1.6271513e+00
  9.1198990e-06
  1.2143037e+00
 -1.3630594e-03
 -6.5741026e-01
  1.0138142e+00
 -3.5930172e-01
  3.2915905e-04
 -1.3741415e+00
 -4.0716944e+00
 -3.7102175e-01
 -3.5488781e-01
  1.1468599e-01
 -8.2388014e-01
 -3.3927023e-01
 -5.5141491e-01
  3.3740404e+00
 -5.0428945e-01
 -2.7270038e-02
  1.3367389e+00
 -1.2745113e+00
  3.6197117e-01
 -8.8208973e-01
  5.5948332e-02
 -8.7621796e-01
 -8.7328869e-01
 -9.4848818e-01
  2.1465234e-03
 -5.9345818e-01
  1.5896095e-01
 -3.6479870e-03
  1.1371148e-03
 -6.8679280e-03
  1.2451136e-02
  1.4958119e+00
  4.2141744e-01
 -1.7505392e-02
 -9.2544043e-03
 -7.9045668e-03
 -2.8719129e-02
 -3.9473921e-01
 -1.9037085e+00
  4.6469232e-01
 -9.7076279e-01
 -2.1376641e+00
 -2.7510501e-02
  1.1323395e-02
 -4.5726374e-02
  4.6473511e-02
  3.4521636e-01
 -1.1679510e-02
  5.8391923e-01
  2.1732791e-01
  1.9100116e-01
  3.3701199e-01
  4.1608545e-01
 -2.1099523e-01
  2.7945165e-02
 -2.9850030e-01
  3.6447269e-01
  7.3881853e-01
 -2.6889530e-01
  4.2548770e-01
 -2.9817760e-01
  3.4170964e-01
  6.3814306e-01
 -5.2978259e-01
 -1.4079829e-02
 -1.0904281e+00
 -1.1300833e-01
 -9.8633248e-01
 -2.1250057e-01
  2.5912032e-01
 -1.5559964e+00
 -2.9390988e-01
  2.2148414e-01
  1.0197645e-01
 -8.2182512e-02
 -1.1308596e-01
 -8.2209754e-01
 -4.3908620e-01
 -2.5536630e-01
 -5.1549494e-01
 -7.5546458e-02
 -4.6050202e-02
  7.2757977e-01
 -5.1900154e-01
  2.7986860e-01
  6.5280598e-01
  8.6208284e-01
  6.6687062e-02
 -2.0956216e-02
 -4.9212269e-02
  1.1660834e-01
 -6.8599826e-01
 -6.4036018e-01
  4.4001490e-03
 -1.6476801e-01
 -2.7236540e-02
  2.1291567e-02
  4.1732986e-02
 -5.7504088e-01
 -2.0621195e+00
  7.7264416e-01
  2.0904081e-02
  1.5731141e-02
  4.1477145e-03
 -1.2869130e-01
  3.5433953e+00
  9.6335137e-01
  1.1232009e-02
 -2.5995543e+00
 -9.2561789e-02
 -7.3170787e-01
  1.2404250e+00
 -2.9291370e+00
  9.1556710e-01
 -9.8189908e-01
  4.1470043e-02
  3.2652023e-03
 -9.5945686e-01
 -1.4129273e-03
 -2.9211694e-02
  1.0086067e-02
 -1.0545235e+00
 -1.1476474e-01
 -7.9792297e-01
 -1.7236732e-01
  2.3864070e-02
  1.5474151e-01
 -1.2537801e-01
 -5.2604008e-01
 -4.5356603e+00
  5.0913113e-01
  9.3179822e-01
 -9.7817069e-01
 -9.8774242e-01
 -2.5230591e-04
  1.3436480e+00
 -1.5985979e+00
 -2.8965226e-01
 -1.0318202e-01
 -5.6229059e-02
 -6.1301577e-01
 -3.7112167e+00
  2.0976260e-02
  2.5585419e-01
  1.1754795e+00
 -7.1108371e-02
 -5.4934090e-01
 -7.0685542e-01
  1.8863702e-01
 -2.5342798e+00
  9.5722646e-01
 -7.6506138e-01
 -2.5528386e-01
 -1.5771996e+00
 -4.6930093e-01
  1.2413267e+00
  4.6896863e-01
  5.8922428e-01
  6.6187286e-01
 -1.3178799e-01
  2.7840048e-01
  7.5652599e-02
  5.8942399e-04
 -6.3013697e-01
 -9.4497418e-01
  1.1555996e+00
 -2.3637116e-01
 -2.0578959e+00
  2.2335384e+00
  3.4806365e-03
  4.1940254e-03
  1.7113478e-01
 -1.6317718e-01
 -7.1233833e-01
  1.5813321e+00
 -3.6563942e-01
 -1.8802609e+00
 -7.8631800e-01
  2.6204842e-01
  4.5738935e-02
  1.7743272e+00
 -3.2759190e-01
 -1.6399279e+00
 -2.0794289e+00
  4.2014554e-02
 -2.0151949e+00
  2.1834747e-01
 -6.7102969e-01
 -2.1720426e+00
  3.7830865e-01
 -1.8206181e-01
  4.7628176e-01
  1.7763076e+00
 -9.5940542e-01
  1.5045401e+00
 -1.6520369e+00
 -1.8742206e-02
 -5.2482884e-02
 -7.4304855e-01
 -9.6168397e-03
  3.6791177e-03
 -5.2078713e-02
  2.5524373e+00
  1.1997980e+00
  7.9798806e-01
 -1.2660267e+00
 -5.3175181e-01
  1.8601951e-01
 -1.5365882e-01
  7.2525933e-02
  1.2055478e-03
  8.9077633e-03
 -7.7717143e-01
  1.6945981e+00
 -4.7811460e-01
 -8.4704924e-01
  6.3777947e-01
  9.1419322e-03
  2.7661311e-02
 -4.4941911e-01
 -1.4856610e-01
  2.7700523e-01
  1.5314917e-01
 -5.5028164e-01
 -3.0875510e-01
 -2.0728040e+00
 -6.0377181e-02
 -1.4571526e-02
  5.4940897e-01
  1.3879846e+00
 -1.7707175e+00
 -3.9321169e-01
 -2.6164207e-01
  1.8751459e+00
 -1.5723802e+00
 -4.0650629e-03
 -1.3459305e+00
 -1.7349910e+00
 -2.2104836e-01
 -5.4137576e-01
  8.1949675e-01
 -1.5356563e+00
 -3.7101603e-01
  2.1279078e+00
 -1.2446250e-02
  4.9596354e-01
  8.4259200e-01
 -9.7444449e-03
 -9.1462362e-01
  3.2633488e+00
 -1.5836561e-01
  5.1774777e-02
  1.1253963e+00
  7.2543043e-01
  6.1344635e-01
  3.9350656e-01
 -1.6984547e+00
 -1.8355696e+00
  1.2288013e+00
  3.7149194e-01
 -5.8663148e-01
 -3.4917849e-01
 -6.4081568e-01
  3.2787457e-02
  1.1290948e+00
  2.4769437e+00
  1.5865736e+00
  3.2359585e-01
 -7.3744816e-01
  3.1548196e-01
 -1.5869460e+00
 -4.6041124e-03
  1.3949252e+00
  4.1378551e+00
  5.0977582e-01
  8.6883926e-01
  2.2444269e-01
  5.7879826e-03
 -7.8328706e-02
  9.4050892e-02
  5.9905671e-02
  8.6495623e-02
  1.0864280e+00
 -1.4783366e+00
  1.1228202e-01
  1.1821926e+00
  9.4536826e-02
  4.2878148e-01
  1.1865228e+00
  8.9469326e-01
  2.2903750e+00
 -7.7816820e-01
  6.3184786e-01
  9.9063206e-01
 -3.9618164e-01
  6.6697103e-01
 -1.8054139e-02
 -1.0298229e+00
  4.5868054e-02
 -1.8905993e+00
  1.3644820e+00
 -1.5334576e-01
  5.0872868e-01
  3.7373075e-01
  2.4331139e-02
  5.9547525e-02
 -1.3719262e+00
 -2.8264264e-02
 -3.0724216e-02
  2.1555004e+00
  2.8733501e-01
 -2.5845425e+00
 -2.5354433e-01
  2.6039693e+00
  4.0529650e-01
  8.6495847e-01
  3.3528942e-01
 -7.8822464e-01
  7.4355751e-01
 -1.9657515e-01
  1.0373848e-02
  1.1899076e+00
 -5.1116365e-01
 -8.0442190e-01
  1.7655199e+00
  1.2357236e-02
 -4.4756266e-01
 -7.1737188e-01
 -9.0319860e-01
 -1.3357997e+00
  1.9231646e-01
 -5.2009785e-01
  5.7679772e-01
  3.5130203e-01
 -2.8014857e-01
 -2.3644087e-01
 -2.7294135e-01
 -4.4579306e-01
  3.6705710e-02
 -3.2985029e-01
 -1.6359911e+00
 -2.0439959e-01
  1.5039248e+00
 -9.5746815e-02
  5.0847346e-01
 -4.0157804e-01
  2.2630972e-01
 -9.3092901e-01
 -1.4368036e+00
  5.9187311e-01
 -2.8389025e-01
  1.1930331e+00
  6.2078869e-01
  2.0063651e-01
 -9.6918499e-01
  7.5673789e-01
  6.1412978e-01
 -4.0007229e-03
 -2.5785811e-02
  4.8806127e-02
 -1.3161442e+00
 -1.4581581e-02
  1.9402333e-02
 -1.0327650e-01
  1.7880516e+00
 -4.5004967e-01
 -1.5450915e+00
  3.6430487e-01
  2.1782725e-03
  8.5666823e-01
 -3.3133898e-02
 -1.5708818e-01
  8.5062962e-03
 -1.9612395e+00
 -7.0270544e-01
 -2.4175656e+00
  8.5762334e-01
 -2.9746738e-01
 -3.1890485e-01
  2.0736277e-02
  4.4487453e-01
 -3.4831780e-01
 -8.9365005e-01
 -2.3021834e-01
 -1.6859133e+00
  4.3991257e-02
  6.0276389e-01
 -1.7471117e+00
 -1.0610148e-02
  2.6087395e-03
 -4.3783712e-01
 -3.9214736e-01
  2.6280253e+00
 -3.2798223e+00
 -7.0890689e-01
  1.9289020e+00
  1.1317494e+00
 -6.0300785e-01
 -9.9239820e-01
  2.6137588e-04
 -5.6982523e-01
  7.0839053e-01
  6.7187786e-01
 -1.0237845e-01
  4.1649893e-01
  1.2774795e+00
  1.0169628e-02
 -3.2622322e-01
 -1.7373877e-02
 -1.3437721e+00
 -2.1149423e+00
  1.8921126e+00
  1.1745290e+00
  7.7942210e-01
 -1.9928594e-01
 -2.7318824e-02
 -4.7776368e-01
 -6.7940265e-01
  2.6051323e+00
  6.4391214e-01
 -5.0837670e-02
  1.1926103e+00
  4.8367560e-01
  9.7546405e-01
  7.8343630e-02
  9.2070341e-01
 -1.6745818e+00
  3.8580874e-01
 -7.4890184e-01
 -1.6640321e+00
  7.9966229e-01
 -6.4217560e-02
 -7.5452723e-02
  1.6767056e-01
  8.4882265e-01
  1.5104650e+00
 -5.7878442e-02
  1.6889621e+00
  1.7134115e-02
 -1.3161097e-01
 -8.0975935e-02
  4.8307396e-02
 -4.6573509e-03
  2.9892666e-02
  8.5945445e-01
  2.9491004e-01
 -1.0193276e+00
  8.7954350e-02
  4.2583397e-01
  4.3335963e-02
 -7.8345723e-02
  1.8340927e-01
 -1.4013937e-01
 -1.6591945e-01
 -2.6051967e+00
 -2.9942868e+00
  2.8054976e-01
  5.5645168e-01
  2.0015758e-01
 -3.2279463e+00
  3.5598470e-04
 -2.9158556e-01
  2.7580011e-01
 -1.2785795e+00
  9.5170575e-01
  3.7917545e-01
 -3.2210720e-01
  6.0984403e-01
  5.0695743e-02
  7.1876243e-02
 -2.4779003e-02
  2.4270920e-01
 -1.3818936e-01
 -1.0612967e+00
 -1.7193785e+00
  9.3831187e-01
  7.7438337e-01
  2.1405780e+00
  8.9773893e-02
  5.2696848e-01
 -1.1640777e-01
 -1.4720608e+00
 -2.4421170e+00
 -1.1689198e+00
 -1.8173505e-02
  3.6407590e-01
  4.0602580e-01
  5.6014070e-03
  1.3376690e-02
  1.7889577e+00
  3.1919944e+00
  4.1601557e-01
 -2.7092215e-01
 -2.1949917e-01
  2.7971178e-01
  2.8627090e-02
  5.3921588e-02
 -2.6891636e-02
  8.7120122e-01
  1.5138961e+00
  3.8531148e-01
 -7.1083295e-01
 -1.0985860e+00
 -6.7146651e-02
 -9.3102658e-01
  6.7286142e-03
 -1.9623978e-01
 -3.3588823e-02
  1.2770369e+00
  7.9499006e-01
 -9.3980455e-01
 -1.6398415e-01
 -5.0094277e-01
 -9.6684480e-01
  1.2006141e+00
  1.0616105e+00
 -1.3004924e+00
 -2.6419485e-01
 -2.4964174e-02
 -5.7846516e-01
 -7.1666032e-02
 -1.3225607e-02
 -8.3179820e-01
 -1.9396128e-02
  5.3329249e-03
 -6.0362421e-02
  1.3873564e-01
 -1.3487951e+00
 -3.1021118e-01
 -2.9381070e-01
 -2.8026393e-02
 -3.8168961e-01
  1.2512515e+00
  8.9442706e-01
 -4.0412483e-01
  8.6474699e-01
 -2.0030296e+00
 -7.3178810e-01
 -4.8100722e-01
 -2.5627175e-01
 -2.1244562e+00
 -2.3351094e-02
  1.9776396e-02
 -4.9719152e-01
 -1.3151612e+00
 -1.7641155e+00
 -4.5222154e-01
  2.2579774e-02
  3.0741089e-03
 -3.1336614e-01
  9.2084593e-01
  1.1580008e+00
 -1.1305103e-01
 -5.9277117e-01
 -1.1536627e+00
 -6.0931265e-01
 -9.8716432e-01
 -6.4160901e-01
  4.6129635e-01
  7.3441595e-02
  7.0421067e-03
  2.9557851e-01
 -5.6830007e-01
  6.6917789e-01
  2.4877474e-01
  8.8543938e-03
  5.7213474e-02
 -1.0127779e-01
  7.2158682e-01
  7.8244281e-01
 -3.6654064e-01
 -1.2872524e+00
 -3.8905033e-01
 -7.5188452e-01
 -3.1346610e-01
 -2.3464163e-01
 -1.0771887e+00
  3.4919462e-01
  3.2463971e-01
 -5.3475998e-02
 -4.0531540e-01
  5.3968418e-01
  9.9597418e-01
 -3.5721970e-01
 -6.2284932e-02
 -5.8953607e-01
  5.2719079e-03
  1.8086294e-02
  8.6673573e-02
 -5.8851850e-01
 -2.4578258e-01
  8.9649761e-01
 -1.9543344e-02
 -7.0428059e-02
 -7.5911176e-01
  3.9029053e-01
  1.3326271e+00
 -7.1762556e-01
  1.7978998e-01
  1.0141571e+00
 -1.8667231e+00
  7.7381115e-03
 -1.0568741e-03
 -3.9218414e-01
  1.0773845e-02
  9.5762480e-03
 -1.4654162e+00
 -4.4952166e-01
 -3.1195825e-01
 -3.4057654e-02
 -1.7008053e-01
  8.1361393e-03
 -3.1070512e-02
  7.1071649e-01
  2.2535051e-01
  2.2327313e+00
  1.3099080e-01
 -1.9939464e-01
 -1.4797369e+00
  1.4079525e-02
 -2.0450792e-01
 -1.7451484e+00
  1.4109828e+00
 -1.2923554e+00
 -1.2156175e+00
 -5.6827086e-01
  2.2788858e-01
  1.6395602e+00
 -1.4606455e-01
 -9.7982831e-02
 -9.6670827e-03
  7.5742096e-01
  6.8873739e-01
  4.1812621e-02
 -1.7453125e-01
 -2.5985332e+00
 -1.6881576e+00
  6.3581668e-02
  6.3294433e-03
  3.8595244e-01
 -2.7615860e-01
  3.2558411e-01
  2.0648603e+00
  2.4753959e+00
 -1.6742584e-01
  1.8550504e+00
 -2.1598099e-01
  7.1493793e-01
  1.0345527e+00
  5.7420826e-01
  7.7455372e-01
 -1.2238556e+00
  1.2513618e+00
  6.7615485e-01
 -3.2810131e-01
 -5.3710653e-03
  8.1869686e-04
  1.7101972e+00
  2.7587197e-03
  6.3534625e-02
 -8.0850279e-01
 -5.4670572e-01
  6.7221209e-02
  1.7389363e-02
 -1.2626427e-01
  2.6929835e-02
 -2.8358972e-01
  2.7826454e-02
  3.1180850e-01
 -1.2344856e+00
 -1.0239776e+00
 -5.0321943e-01
 -5.1958221e-01
  1.5529770e-01
  1.3086317e-02
 -6.4983749e-01
 -1.1789436e-02
  6.2836394e-02
 -1.4114822e+00
 -4.7675237e-01
 -1.8777483e+00
 -1.3030443e+00
  2.3091288e-02
  3.5287861e-02
 -2.2895262e-01
  4.7217202e-04
  4.1622975e-01
 -4.5203760e-01
  5.4437470e-02
 -1.4875482e-01
 -1.1678655e+00
  2.0004770e-01
  6.8598904e-02
  1.2347729e+00
 -3.0977607e-02
  1.9028587e-03
  6.2401515e-02
 -4.8280820e-01
 -9.7115111e-01
 -2.7545026e-01
  5.7355817e-02
  2.2774408e-02
 -1.4751495e+00
  2.9963296e-02
 -1.9342209e-01
  9.1193475e-02
 -7.6275013e-02
 -4.8963994e-01
  5.9831011e-01
  1.6671363e-01
  2.6107593e-02
 -5.6910142e-02
 -9.2519179e-02
 -2.3482823e+00
 -6.1925685e-01
 -2.4733257e+00
 -1.2653767e+00
  4.3916029e-01
 -1.3198496e-02
 -5.0864425e-02
  1.9434437e+00
  1.7195215e-02
  2.9945916e-01
  3.4296815e+00
  8.3170807e-01
  5.5722427e-01
 -1.0972975e+00
  1.4335437e-01
  1.0473255e-02
 -4.5029119e-02
 -3.2126591e-01
 -8.7409697e-02
 -1.6504382e+00
 -9.8905563e-01
  3.1047270e-01
 -8.2516491e-01
  8.0981560e-04
 -9.4923414e-02
  6.9490176e-01
  9.9535184e-03
  1.1840215e-01
 -9.0965992e-01
 -1.9413966e+00
 -5.6902444e-01
  6.7974043e-01
  5.0966960e-01
 -2.4777893e-02
 -5.4344857e-01
 -9.3875200e-02
 -1.8791310e-01
 -2.3371196e+00
 -7.6188344e-01
  6.4781767e-01
  5.1451868e-01
  7.3550570e-01
  7.2152799e-01
 -1.3231316e+00
  1.0179504e+00
  7.2195411e-01
  9.6719599e-01
  7.7012908e-01
 -6.0834837e-01
 -1.4588850e+00
  2.5502345e-02
  8.3189495e-03
  8.3924510e-02
 -7.4232474e-02
  8.5155088e-03
  1.4130832e+00
  3.8640846e-02
  1.3096504e-03
 -8.4339994e-01
  1.1405478e+00
  5.1187265e-01
 -5.6639862e-01
  7.3308378e-02
  3.6783323e-01
  1.8053333e+00
 -1.1982914e+00
 -2.3209045e+00
  4.7075617e-01
  2.7252221e-02
 -1.2302432e-02
  1.4427583e-01
  5.6631938e-03
  2.7112970e-02
  2.0066204e+00
 -1.3107605e+00
  7.0448905e-01
 -8.8105881e-01
  9.0695268e-01
  4.1185096e-01
 -1.3175412e-01
  2.3095442e-02
  2.3320942e-01
 -1.1469962e-01
 -1.4409482e-01
  1.5230805e-02
  2.7391300e+00
  8.0491614e-04
  7.4919835e-02
 -9.4785327e-03
  4.4412503e-01
  3.9305556e-01
 -7.0919698e-01
 -1.0617809e+00
  1.0180550e+00
  2.7474799e+00
  7.3690498e-01
  4.7667393e-01
  3.2627881e-02
  9.0197869e-02
  7.3954284e-02
 -7.7260220e-01
  8.7570530e-01
 -1.8631887e-02
 -1.1207310e+00
  2.0310668e-02
  2.8929424e-01
  7.8133923e-01
  1.6576107e-01
  1.5490422e-01
  1.7975479e+00
 -5.9502518e-01
 -1.0320489e+00
 -1.0502701e+00
  8.3986706e-01
  2.6877102e-01
  1.9630864e-01
  2.6593566e-01
  4.8704970e-01
 -2.6084846e-01
  4.9934953e-02
 -1.2390901e+00
 -1.7366686e+00
  1.1090201e+00
  8.0333465e-01
 -2.2589806e-01
 -4.6252653e-02
  3.1238848e-01
 -1.8721404e+00
 -2.5395261e-02
 -3.0984718e-01
  6.3418877e-01
 -5.1249016e-02
  2.3358655e-03
  6.4476013e-01
 -6.1562606e-03
  1.3303977e-02
 -8.3420344e-02
  2.2642924e-01
 -5.3933954e-01
 -1.0273854e-02
  1.8300672e-01
  8.6805177e-01
  8.4043920e-01
 -1.8981348e-03
 -2.7194569e-01
  4.6299541e-01
  9.0303862e-01
  1.6073282e-01
  5.5692744e-02
 -2.0546502e-02
  1.2980950e-02
 -1.3782657e+00
  1.0589775e-02
 -4.4267047e-03
 -8.4431177e-01
  9.4653749e-01
 -4.6018672e-01
  1.0675392e+00
  1.3761835e+00
  6.9147974e-01
  4.9836808e-01
 -6.6343741e-04
 -2.3677894e-01
  5.4338408e-01
  2.7069539e-01
  4.4637961e+00
  1.7485966e-01
  1.7566736e-01
  1.2936383e-01
  7.7005643e-01
 -2.8770685e-03
 -5.0723452e-02
  4.9684543e-02
 -1.1395973e+00
 -9.0903096e-02
 -1.5035506e+00
  4.8717275e-01
  7.0515531e-01
 -1.0852644e+00
  1.4540604e-02
 -1.8075047e-02
 -5.6931269e-01
 -6.8395194e-03
  7.0709127e-01
  5.7141411e-01
  3.6475405e-01
  2.8057280e-01
 -6.9704181e-01
  7.4168476e-03
  3.0097976e-01
  4.9386358e-01
 -8.0998123e-01
 -1.0359899e+00
 -4.5740256e-01
  6.5304443e-02
  7.3650070e-02
 -7.0501608e-01
 -4.8744544e-02
 -3.2894629e-01
 -8.8492745e-01
 -6.1661476e-01
 -2.3070259e-03
 -1.6570278e+00
  7.4712850e-02
  7.4712850e-02
  7.4712850e-02
  7.4712850e-02
  7.4712850e-02
  3.1722420e-01
  3.1722420e-01
  3.1722420e-01
  3.1722420e-01
  3.1722420e-01
  2.0311303e-01
  2.0311303e-01
  2.0311303e-01
  2.0311303e-01
  2.0311303e-01
  8.4162474e-02
  8.4162474e-02
  8.4162474e-02
  8.4162474e-02
  8.4162474e-02
  2.3352453e-02
  2.3352453e-02
  2.3352453e-02
  2.3352453e-02
  2.3352453e-02
  2.8663248e-01
  2.8663248e-01
  2.8663248e-01
  2.8663248e-01
  2.8663248e-01
