0.0131587 0.0131569 0.0112635 -0.000197566 -1.48113e-06 0.00044656 0.047 0.047 -0.254 -0 -0 0
0.011828 0.0118259 0.00838759 -3.99199e-05 -1.63963e-06 0.000127337 0.046 0.046 -0.257 -0 -0 0
0.0100354 0.010033 0.00574573 1.66849e-05 -1.73704e-06 -9.99464e-05 0.044 0.044 -0.26 -0 -0 -0
0.00866682 0.00866477 0.00282258 0.000179713 -1.48811e-06 -0.000425201 0.043 0.043 -0.263 0 -0 -0
-0.182824 0.101374 0.109524 -0.0610943 -0.00746923 -0.0362798 -0.191 0.101 0.109 -0.063 -0.008 -0.037
-0.182824 0.101374 0.109524 -0.0610943 -0.00746923 -0.0362798 -0.191 0.101 0.109 -0.063 -0.008 -0.037
-0.182824 0.101374 0.109524 -0.0610943 -0.00746923 -0.0362798 -0.191 0.101 0.109 -0.063 -0.008 -0.037
-0.182824 0.101374 0.109524 -0.0610943 -0.00746923 -0.0362798 -0.191 0.101 0.109 -0.063 -0.008 -0.037
-0.342653 -0.133105 0.140733 -0.0515288 -0.0322226 -0.139511 -0.356 -0.122 0.147 -0.057 -0.031 -0.136
-0.469527 -0.0277734 0.132314 -0.00355966 0.0307594 -0.0902546 -0.493 -0.002 0.155 -0.015 0.028 -0.091
-0.162764 0.126024 0.130372 -0.0335208 0.0061746 -0.0504185 -0.17 0.127 0.13 -0.035 0.004 -0.052
-0.179594 0.100925 0.109739 -0.0748572 -0.0140528 -0.0302866 -0.188 0.101 0.11 -0.077 -0.014 -0.032
-0.142777 0.122968 0.135357 -0.0594249 -0.0110069 -0.0388698 -0.15 0.125 0.137 -0.06 -0.01 -0.04
-0.149402 0.10907 0.132564 -0.0586217 -0.0138782 -0.0601106 -0.156 0.11 0.131 -0.061 -0.014 -0.062
-0.135583 0.0874352 0.137694 -0.0737121 -0.0305786 -0.0845768 -0.141 0.088 0.134 -0.078 -0.03 -0.086
0.0328574 0.782768 -0.177152 -0.0511557 0.133337 0.349019 0.04 0.768 -0.202 -0.047 0.129 0.325
-0.170705 0.101068 0.121385 -0.0638357 -0.0128821 -0.0447816 -0.179 0.103 0.122 -0.066 -0.013 -0.044
0.0695325 0.547575 0.652232 0.0352967 0.0633423 -0.0625984 0.023 0.587 0.692 0.015 0.057 -0.067
-0.21994 0.0786527 0.091495 -0.0607588 -0.00935086 -0.0534926 -0.23 0.078 0.091 -0.063 -0.01 -0.056
-0.544771 -0.962295 -0.633212 -0.244556 -0.215523 -0.185772 -0.499 -1.005 -0.685 -0.221 -0.207 -0.171
-0.121328 0.0666708 0.122577 -0.154553 -0.0704414 -0.037831 -0.129 0.07 0.124 -0.161 -0.065 -0.04
-0.0897515 0.184759 0.166454 -0.0454136 0.00842923 -9.03832e-05 -0.093 0.185 0.167 -0.047 0.008 0.001
-0.145743 0.116677 0.124191 -0.0564151 -0.00689286 -0.0334729 -0.178 0.159 0.155 -0.072 -0.008 -0.039
-0.182845 0.101439 0.109526 -0.0609971 -0.00735851 -0.0363257 -0.19109 0.100914 0.109299 -0.0628139 -0.00764946 -0.0372176
-0.421682 -0.280431 -0.288612 0.701186 0.275102 -0.896057 -0.375 -0.307 -0.348 0.707 0.265 -0.877
-0.235741 0.0969697 0.082644 -0.0998868 -0.00860101 0.0243146 -0.247 0.099 0.09 -0.105 -0.007 0.025
-0.0724235 0.167773 0.182624 -0.0650661 -0.0179711 -0.0325641 -0.074 0.173 0.184 -0.067 -0.019 -0.034
-0.181571 0.150569 0.14381 0.0116604 0.0322669 -0.0570294 -0.191 0.156 0.147 0.013 0.03 -0.058
-0.171048 0.0855681 0.139883 -0.0282892 -0.00953355 -0.133069 -0.179 0.094 0.136 -0.029 -0.011 -0.137
-0.161422 0.10369 0.138422 -0.0721124 -0.0283362 -0.0617714 -0.17 0.112 0.142 -0.075 -0.027 -0.061
-0.583017 0.325253 0.158777 0.828193 0.881155 0.637798 -0.532 0.296 0.119 0.83 0.865 0.654
-0.177395 0.0832114 0.110532 -0.121318 -0.0342957 -0.0361072 -0.184 0.081 0.115 -0.131 -0.033 -0.042
-0.0884717 0.143827 0.160128 -0.0957796 -0.0294288 -0.0186243 -0.096 0.147 0.17 -0.099 -0.03 -0.021
-0.237571 -0.00735384 0.0665634 -0.165561 -0.0800199 -0.0731631 -0.252 0.007 0.079 -0.175 -0.074 -0.081
1.90417 0.648558 1.33017 -0.347144 -0.42267 -0.320997 1.935 0.592 1.255 -0.331 -0.398 -0.305
1.46246 0.53487 -0.04287 -0.474498 -0.351904 0.186787 1.544 0.443 -0.146 -0.444 -0.358 0.18
-0.128063 0.195404 0.177104 -0.0269588 0.0171918 -0.00979023 -0.134 0.207 0.187 -0.027 0.017 -0.008
1.75525 2.20612 0.77193 -0.146363 0.0968272 0.614079 1.767 2.196 0.694 -0.142 0.086 0.563
-0.120736 0.188649 0.200521 0.0162828 0.0209072 -0.0925088 -0.126 0.196 0.203 0.013 0.017 -0.097
-0.176181 0.141286 0.133943 -0.0589273 -0.00904084 -0.047865 -0.182 0.152 0.14 -0.064 -0.01 -0.052
0.0300639 0.240959 0.267752 -0.022801 -0.00582306 -0.0703195 0.032 0.253 0.273 -0.022 -0.003 -0.072
1.9469 0.273955 2.31066 -0.210989 -0.513944 -0.922418 1.914 0.239 2.366 -0.208 -0.485 -0.929
0.137255 0.236729 0.292814 -0.133665 -0.0741893 -0.0608697 0.147 0.235 0.301 -0.142 -0.076 -0.067
-0.108776 0.258194 0.178902 -0.013424 0.0422201 0.0560531 -0.123 0.264 0.196 -0.012 0.044 0.047
1.15186 0.306869 0.524795 -1.90533 -0.879229 0.932549 1.186 0.286 0.536 -1.895 -0.843 0.928
-0.187308 0.240042 0.151585 -0.00707495 0.0548029 0.0529431 -0.194 0.248 0.164 0 0.056 0.052
-1.08315 1.83395 -0.905811 0.353966 0.766826 1.0586 -1.126 2 -0.914 0.293 0.761 0.991
-0.252954 1.79791 0.569271 1.87748 1.22815 -0.519155 -0.234 1.835 0.549 1.865 1.204 -0.51
-2.55587 -2.02303 -2.00777 -0.114537 -0.0139966 -0.0679955 -2.474 -2.03 -2.018 -0.095 -0.012 -0.057
1.58242 2.93575 2.33819 0.355356 0.440448 0.279102 1.503 3.032 2.457 0.305 0.413 0.243
-3.02571 -2.43183 -1.02317 0.0480843 -0.0150854 -0.483441 -2.974 -2.357 -0.945 0.037 -0.028 -0.521
0.207441 0.300879 0.42 0.0738032 0.00188341 -0.274279 0.218 0.318 0.444 0.075 -0.008 -0.291
0.174333 0.3387 0.416909 0.030662 -0.0102442 -0.143228 0.176 0.361 0.412 0.031 -0.002 -0.134
0.0119593 0.356989 0.331184 0.0162054 0.0584621 -0.0264871 0.021 0.398 0.379 0.022 0.068 -0.04
0.399092 2.68086 0.937331 -0.490495 0.670298 3.25626 0.464 2.641 1.023 -0.468 0.665 3.233
-0.633792 -1.89393 -0.247346 0.270872 -0.660917 -3.21066 -0.53 -1.837 -0.191 0.281 -0.656 -3.187
0.24975 0.385595 0.464772 0.022232 0.00107923 -0.201972 0.268 0.41 0.491 0.019 -0.01 -0.22
4.08893 3.86532 3.85892 0.048069 0.00587389 0.0285334 3.946 3.93 3.93 0.003 0 0.002
-0.112747 0.140401 -0.132117 0.0171785 0.0643827 0.101552 -0.116 0.122 -0.159 0.022 0.064 0.106
-0.217412 0.222747 -0.284835 0.0338329 0.115847 0.191554 -0.22 0.209 -0.316 0.037 0.116 0.197
-0.0851843 0.471881 0.297247 0.131145 0.160258 0.077464 -0.114 0.479 0.307 0.124 0.157 0.074
-0.0179494 0.0498335 0.0152281 -0.00016294 0.0166744 0.033616 -0.023 0.026 -0.008 0.007 0.021 0.04
0.702604 0.329525 0.172079 -0.125887 -0.10493 0.05389 0.709 0.284 0.116 -0.113 -0.105 0.062
0.0407543 0.0661727 0.0510547 -0.0144733 0.00144511 0.028746 0.037 0.042 0.024 -0.008 0.004 0.038
-0.000534704 0.0214904 0.0205586 -0.0150907 -0.000796698 0.00153814 -0.004 -0.002 -0.001 -0.01 -0.003 0.007
-0.318957 -0.881852 -0.134981 -0.0791845 -0.17105 -0.296801 -0.305 -0.923 -0.152 -0.065 -0.172 -0.298
-0.66159 -1.02305 -0.491227 -0.0693878 -0.123083 -0.213683 -0.638 -1.059 -0.511 -0.054 -0.124 -0.211
0.00340352 0.0252018 0.0241121 -0.00616145 0.000429359 -0.00422715 -0.018 0.047 0.034 -0.014 -0.001 -0.006
-0.0158437 0.0159867 0.0283166 0.0178616 0.00476214 -0.0455247 -0.018 0 0.007 0.025 0.002 -0.044
0.00342723 0.0250918 0.0241326 -0.00623811 0.000335083 -0.00425142 -0.00029421 -0.000147105 -0.000147105 -0 -0 0
-1.13706 -1.0124 -1.01063 -0.0292791 -0.00234119 -0.0183401 -1.101 -1.035 -1.032 -0.015 -0.002 -0.009
0.0770849 0.0648461 0.0811066 -0.00748726 -0.0118937 -0.023266 0.072 0.047 0.059 -0.003 -0.013 -0.019
0.0199464 0.0262565 0.0447166 -0.0041706 -0.0115393 -0.0470379 0.023 0 0.028 0.003 -0.012 -0.05
0.0993319 0.0681969 0.0795598 -0.0461173 -0.0249488 -0.00340676 0.098 0.038 0.056 -0.046 -0.032 0.003
-0.552426 1.16349 -0.68128 0.225301 0.496097 0.716932 -0.572 1.222 -0.724 0.203 0.5 0.711
-0.2307 -0.273591 -1.18535 -3.24184 -1.67677 3.31175 -0.072 -0.302 -1.196 -3.202 -1.691 3.325
-1.41067 0.457026 -0.101698 0.665205 0.771717 0.755033 -1.415 0.5 -0.058 0.648 0.756 0.74
-1.31469 0.717006 0.332651 0.488405 0.553564 0.192763 -1.361 0.808 0.447 0.444 0.54 0.164
0.0100333 0.0535524 0.0719774 -0.0114831 -0.00882687 -0.00462354 0.019 0.051 0.052 -0.002 -0.004 -0.003
0.0628723 0.0605678 0.0838614 -0.0354977 -0.0233219 -0.0108159 0.07 0.049 0.065 -0.036 -0.021 0
0.115549 0.139139 0.0992916 -0.0677505 -0.00788015 0.105828 0.113 0.114 0.072 -0.062 -0.011 0.114
0.0599201 0.104261 0.0629695 -0.0804183 -0.0232989 0.0884965 0.061 0.093 0.063 -0.089 -0.025 0.094
-0.014811 0.115134 0.0942683 0.188205 0.0978837 -0.156504 -0.006 0.095 0.086 0.206 0.096 -0.171
0.478715 -1.19562 2.36607 1.43985 -0.651888 -5.02202 0.582 -1.16 2.464 1.438 -0.675 -5.003
0.739229 -1.31453 0.384787 -0.88862 -1.36253 -1.71181 0.75 -1.32 0.363 -0.879 -1.369 -1.695
-2.95017 -0.894376 -2.23111 0.249101 0.457798 0.446513 -2.867 -0.816 -2.199 0.231 0.465 0.459
1.66973 -0.841485 0.862212 -1.39189 -1.41599 -1.91092 1.7 -0.81 0.837 -1.373 -1.415 -1.901
-1.55681 1.74835 -0.62095 2.02459 1.95465 0.983036 -1.506 1.735 -0.631 2.032 1.968 0.988
0.0211007 0.162057 0.14352 0.0468201 0.0334488 -0.0287167 0.024 0.154 0.15 0.045 0.031 -0.034
0.475623 -0.177315 -0.680841 -2.27994 -0.837717 2.39351 0.571 -0.224 -0.712 -2.262 -0.833 2.416
-0.467802 -1.93972 -0.378542 0.327288 -0.643355 -3.03612 -0.376 -1.918 -0.381 0.344 -0.637 -2.996
0.252098 0.236019 0.327965 0.0517703 -0.00868955 -0.0842123 0.258 0.229 0.315 0.06 -0.006 -0.082
-0.467802 -1.93972 -0.378541 0.327288 -0.643355 -3.03612 -0.375 -1.895 -0.325 0.339 -0.64 -3.015
0.561465 1.82912 1.5991 2.56054 1.05983 -1.89585 0.574 1.883 1.65 2.55 1.055 -1.902
0.0776942 0.203076 0.166509 -0.0117311 0.0573613 0.0576745 0.084 0.208 0.17 -0.018 0.05 0.07
4.18658 1.17492 4.10381 -1.15753 -1.65012 -1.33548 4.024 1.19 4.199 -1.145 -1.603 -1.345
0.153438 0.516189 0.138112 0.0594103 0.112511 0.158347 0.122 0.504 0.11 0.051 0.111 0.156
0.593732 0.159094 0.442926 -0.0620381 -0.115119 -0.113694 0.569 0.114 0.412 -0.063 -0.118 -0.118
-0.0614005 -0.417507 0.265954 -0.00123257 -0.102176 -0.266856 -0.082 -0.455 0.265 -0.002 -0.107 -0.281
0.0700656 0.100742 0.0758437 0.0678146 0.0387421 -0.0109194 0.046 0.071 0.049 0.068 0.039 -0.013
0.000276847 0.0498815 0.0184771 0.00880975 0.0200781 0.0403917 -0.021 0.024 -0.009 0.008 0.02 0.04
0.0565809 0.0718022 0.0511256 -0.00200681 0.00804808 0.0382502 0.036 0.045 0.024 -0.004 0.008 0.039
0.0563545 0.0501515 0.0421318 -0.0261813 -0.0105427 0.0379433 0.039 0.023 0.017 -0.031 -0.013 0.037
0.0209127 0.0300176 0.0267301 0.00270571 0.0024384 0.00285557 -0.009 0.03 0.027 -0.009 -0.002 -0.008
0.683492 0.837067 0.819291 0.0798158 0.069382 0.0199 0.636 0.824 0.814 0.068 0.065 0.011
0.643356 1.0956 0.463297 0.0707989 0.156765 0.272329 0.601 1.094 0.428 0.058 0.155 0.269
-1.02288 -0.542895 -1.05195 0.0193665 0.105814 0.181355 -1.008 -0.552 -1.08 0.018 0.107 0.187
-0.95639 2.45861 -0.29578 0.219234 1.21436 3.75253 -0.902 2.441 -0.331 0.248 1.19 3.766
0.0209608 0.0299174 0.0268478 0.00278736 0.00244866 0.00263717 0.00029421 0.000147105 0.000147105 0 -0 0
-0.302226 0.275425 -0.0816756 0.724391 0.918441 0.230382 -0.313 0.23 -0.119 0.727 0.943 0.223
0.11061 0.0589085 0.0932692 0.00530283 -0.0160095 -0.056302 0.09 0.029 0.071 0.003 -0.019 -0.061
0.0162687 0.096045 0.0255687 -0.011865 0.0233777 0.11349 -0.002 0.078 -0.004 -0.012 0.028 0.122
0.0388686 0.0439651 0.0520676 0.00557627 -0.00707366 -0.0337383 0.021 0.003 0.031 0.007 -0.01 -0.044
0.0369084 0.0431877 0.0637266 0.0184677 0.00570888 -0.0268922 0.016 0.022 0.042 0.019 0.009 -0.029
-0.556942 0.650521 0.753295 0.363365 0.3497 -0.00945021 -0.634 0.714 0.854 0.329 0.336 -0.04
2.4396 -1.15607 0.734713 -3.07735 -1.50894 0.0619797 2.608 -1.223 0.806 -3.071 -1.474 0.106
0.154687 -0.126565 0.339144 0.722073 0.14363 -1.57348 0.142 -0.128 0.313 0.717 0.152 -1.579
0.315922 -0.646373 1.49058 0.0877862 -0.254048 -0.861341 0.268 -0.645 1.574 0.072 -0.265 -0.914
3.59652 3.56924 0.36313 -3.55365 -2.00901 5.14582 3.795 3.076 0.342 -3.58 -2.05 5.154
-1.79342 0.688305 -0.637164 0.466819 0.670052 0.535993 -1.83 0.801 -0.573 0.421 0.674 0.518
0.136579 0.147181 0.111585 -0.0563069 -0.00878489 0.108013 0.117 0.111 0.08 -0.066 -0.012 0.112
-0.010366 -1.91186 -1.09816 -0.415373 -0.531584 -0.352892 0.033 -1.984 -1.151 -0.392 -0.538 -0.343
-0.00694736 0.0983539 0.0971347 0.19014 0.100415 -0.151065 -0.014 0.07 0.086 0.202 0.095 -0.17
1.46061 -1.39305 0.326761 -0.510229 -0.803032 -0.723057 1.489 -1.492 0.256 -0.496 -0.804 -0.724
-1.11064 -2.09495 0.539405 0.0774782 -0.282714 -0.973778 -1.1 -2.046 0.615 0.063 -0.296 -1.042
-1.00988 0.122674 -0.420799 -0.12185 0.37872 2.13851 -0.958 0.15 -0.46 -0.117 0.352 2.116
0.189519 0.248077 0.196814 -0.0054406 0.00493864 0.0543401 0.183 0.24 0.18 -0.004 0.004 0.053
0.220224 -1.13795 1.01809 0.805056 -0.105702 -2.9935 0.213 -1.151 1.046 0.804 -0.098 -2.995
-0.68748 0.414973 -0.0340983 2.42768 1.27588 -1.32648 -0.649 0.358 -0.068 2.437 1.298 -1.323
4.58714 2.77124 3.90423 -3.17069 -2.24844 -0.307557 4.483 3.086 3.982 -3.196 -2.163 -0.304
-1.13075 -3.36174 -0.136175 0.479566 -1.20974 -5.87679 -0.799 -3.293 -0.056 0.536 -1.226 -5.956
-4.82715 1.80364 -1.6052 3.66814 3.1251 2.17765 -4.567 1.953 -1.505 3.804 3.154 2.266
-0.454505 -1.23283 -1.04303 -2.41255 -0.989515 1.69128 -0.39 -1.19 -1.008 -2.407 -0.983 1.683
0.737395 0.060554 -0.258224 -2.60015 -0.972379 2.23478 0.793 0.029 -0.25 -2.608 -0.958 2.243
0.58106 2.50876 0.871776 -0.42198 0.655906 3.07621 0.569 2.561 0.909 -0.443 0.649 3.058
4.07256 2.09402 3.81585 -0.143707 -0.532905 -0.798674 4.024 2.052 3.874 -0.158 -0.521 -0.816
4.04571 3.69084 3.68081 0.0820251 0.0123011 0.0478817 3.973 3.732 3.723 0.054 0.005 0.031
1.25686 4.13674 3.98256 5.04107 2.27142 -3.893 1.461 4.287 4.057 5.109 2.229 -3.876
-0.136143 -0.119511 0.147885 0.0429912 0.00237595 -0.102547 -0.174 -0.142 0.139 0.043 0.005 -0.109
0.12933 -0.270518 -0.282114 -0.1146 -0.117532 -0.0018983 0.102 -0.304 -0.327 -0.109 -0.115 0.004
-0.0161636 0.568394 -0.0684244 0.0799322 0.174909 0.262358 -0.06 0.571 -0.106 0.072 0.181 0.267
0.0836783 0.0900795 0.0748062 0.0571726 0.0298577 -0.012492 0.045 0.066 0.046 0.06 0.036 -0.013
0.0166774 0.0461244 0.0234855 0.0209784 0.0189252 0.0242149 -0.022 0.027 -0.003 0.022 0.024 0.026
0.0709767 0.0661271 0.0524348 -0.0062183 0.000353178 0.0340805 0.033 0.044 0.022 -0.007 0.006 0.037
0.0512037 0.0368897 0.031149 -0.0218089 -0.00824484 0.0284422 0.01 0.016 0.005 -0.026 -0.006 0.03
0.858581 0.501155 0.685129 -0.0423545 -0.0880572 -0.0696825 0.812 0.47 0.656 -0.044 -0.085 -0.072
0.19542 0.0852248 0.114299 -0.0461201 -0.0386875 0.0116609 0.155 0.058 0.085 -0.05 -0.038 0.009
-0.884764 -0.97939 -0.41859 0.0200077 -0.048176 -0.215154 -0.89 -0.994 -0.412 0.025 -0.047 -0.224
0.213508 0.770682 0.254042 -0.128205 0.203305 0.976152 0.172 0.756 0.225 -0.131 0.207 0.975
-1.07809 -1.00104 -0.994399 -0.0203733 -0.00547084 -0.0124784 -1.067 -1.006 -1.004 -0.013 -0.002 -0.008
0.136341 0.0555209 0.0990388 0.00500463 -0.0222432 -0.0487784 0.094 0.031 0.075 0.003 -0.016 -0.056
0.686256 -0.795739 0.81815 -0.141664 -0.410978 -0.664783 0.649 -0.844 0.811 -0.139 -0.408 -0.684
0.700296 0.0883692 -0.624528 -0.278034 -0.183314 0.276417 0.68 0.064 -0.702 -0.271 -0.183 0.291
0.117071 0.0673663 0.0829528 -0.0358871 -0.0269414 0.00925386 0.085 0.042 0.056 -0.041 -0.03 0.005
-1.49184 1.93644 -0.530904 -0.688581 1.50898 3.61544 -1.495 1.996 -0.493 -0.718 1.58 3.571
1.2488 0.0377091 -0.472739 -0.420474 -0.365669 0.201644 1.24 0.004 -0.554 -0.411 -0.369 0.217
0.133004 0.175476 0.133033 0.0780013 0.0618286 0.0360636 0.088 0.176 0.098 0.08 0.079 0.046
0.0576728 0.0427554 0.0858997 -0.00323894 -0.0122865 -0.0101272 0.026 0.046 0.06 -0.005 -0.006 -0.006
0.197207 0.24135 0.19888 0.123537 0.0748819 -0.0176441 0.159 0.229 0.186 0.13 0.089 -0.021
1.34526 -1.32045 0.504368 -0.433425 -0.751257 -0.766694 1.335 -1.392 0.459 -0.421 -0.747 -0.772
0.196144 0.175132 0.137218 -0.0132681 0.00909268 0.0886492 0.157 0.15 0.111 -0.024 0.009 0.086
1.17416 -0.628095 0.264961 -1.42663 -1.41099 -0.348018 1.139 -0.645 0.23 -1.428 -1.431 -0.34
-1.27033 -1.48222 -2.19088 -0.201657 -0.0886679 0.212766 -1.222 -1.462 -2.204 -0.186 -0.087 0.235
2.72286 1.62557 2.616 -0.0564519 -0.278799 -0.434482 2.677 1.608 2.653 -0.064 -0.273 -0.45
-0.0218886 2.75763 1.17654 0.659198 0.905231 0.705104 -0.14 2.919 1.256 0.61 0.915 0.686
0.699945 -0.676904 0.0851658 -2.22608 -1.32463 1.14646 0.695 -0.689 0.092 -2.229 -1.321 1.135
-4.58353 1.65449 -1.68406 3.52136 3.07133 2.09439 -4.364 1.803 -1.58 3.656 3.093 2.18
0.223567 0.234087 0.181852 0.00330793 -0.00854446 0.0571069 0.188 0.238 0.167 0.006 0.003 0.058
1.23309 0.911724 1.99636 1.75935 0.450093 -2.40876 1.201 0.901 2.003 1.754 0.455 -2.425
-2.28516 0.640678 -1.04188 1.83079 1.54951 1.0882 -2.245 0.68 -1.008 1.838 1.541 1.091
0.259166 0.197242 0.302899 0.0345844 -0.00964224 -0.0734824 0.229 0.19 0.289 0.032 -0.005 -0.073
0.118716 -0.335454 -0.713427 -2.15295 -1.13848 2.43667 0.146 -0.326 -0.747 -2.144 -1.148 2.431
2.59546 -0.238652 1.56848 -2.04181 -1.66162 -1.21329 2.568 -0.214 1.606 -2.039 -1.676 -1.217
0.116861 0.177999 0.151368 -0.0320505 0.025361 0.0703223 0.092 0.17 0.143 -0.028 0.023 0.071
-0.698592 1.83733 0.696827 3.00108 1.74518 -0.566976 -0.698 1.808 0.738 3.031 1.748 -0.54
0.85892 6.12008 1.74901 -1.03436 0.798648 6.32601 0.791 5.88 1.86 -0.978 0.726 6.256
0.05249 0.234914 0.228829 0.0590435 0.0577756 0.00868931 0.011 0.214 0.207 0.055 0.06 0.005
-0.381442 -0.1485 -0.13355 0.0578356 0.0602368 -0.00258175 -0.409 -0.166 -0.15 0.056 0.062 -0.006
0.0374864 0.0248953 0.0290885 0.0020168 -0.00171012 0.00160708 -0.002 0.011 0.009 -0.002 -0.001 -0.006
0.381565 -0.20492 -0.14483 -0.147518 -0.167931 -0.0257186 0.345 -0.241 -0.19 -0.145 -0.167 -0.023
0.0377735 0.02657 0.0357587 0.00359634 -0.00363724 -0.00514538 0.002 0.004 0.008 0.003 -0 -0.006
0.0390177 0.0200188 0.0268459 -0.0081663 -0.00672131 0.00366407 0.005 -0.007 -0.004 -0.011 -0.006 0.003
0.0230718 -1.94931 2.45339 2.89477 -0.516463 -7.15701 0.202 -2.015 2.467 2.926 -0.5 -7.08
-0.454992 0.246408 -0.578483 0.0678753 0.197572 0.32989 -0.482 0.253 -0.62 0.06 0.203 0.337
-0.561107 -0.663055 -0.813859 -0.068792 -0.0421043 0.0511115 -0.57 -0.676 -0.841 -0.066 -0.04 0.056
0.189429 0.0836611 0.118027 -0.0420159 -0.0363429 0.00754681 0.15 0.057 0.089 -0.049 -0.038 0.003
0.864631 1.12819 0.635827 0.0387508 0.10433 0.223287 0.812 1.124 0.596 0.03 0.108 0.225
0.214949 0.763633 0.248319 -0.123677 0.199759 0.949036 0.173 0.747 0.217 -0.128 0.202 0.946
-1.01915 -1.12852 -0.714932 -0.00667418 -0.0535028 -0.16308 -1.006 -1.134 -0.71 -0.002 -0.053 -0.168
0.0933934 0.0541743 0.073903 -0.00429912 -0.0148147 -0.0130405 0.05 0.036 0.047 -0.007 -0.013 -0.019
0.0384115 0.0220984 0.0424183 0.00896715 -0.00991177 -0.0388278 0.008 -0.004 0.019 0.008 -0.009 -0.043
0.129799 0.0584603 0.0873003 -0.038474 -0.0310775 0.000605342 0.091 0.031 0.056 -0.046 -0.035 -0.002
-1.04198 0.561947 -0.832679 0.22849 0.450787 0.551793 -1.057 0.609 -0.866 0.209 0.46 0.56
0.440078 -0.0434925 0.415254 0.180501 -0.0183662 -1.27881 0.398 -0.032 0.389 0.182 -0.008 -1.285
-0.00678314 -1.10058 0.793402 -0.00570253 -0.306159 -0.770301 -0.037 -1.124 0.818 -0.009 -0.309 -0.804
1.6917 -4.07344 1.69464 -3.03278 -3.11059 -3.52491 1.683 -4.141 1.573 -3.111 -3.042 -3.546
0.135805 0.182703 0.131368 0.0751452 0.0653564 0.0472062 0.09 0.176 0.1 0.077 0.079 0.049
0.0928477 0.0622746 0.087076 -0.0291034 -0.0252197 0.00892511 0.064 0.048 0.055 -0.03 -0.016 0.013
0.091194 0.0938592 0.0652648 -0.0606152 -0.0185375 0.0786263 0.054 0.09 0.055 -0.073 -0.021 0.08
0.0226868 0.0928746 0.104697 0.179137 0.0842813 -0.148364 -0.002 0.065 0.087 0.192 0.098 -0.158
0.307773 1.71854 1.72256 0.460437 0.458177 0.00801258 0.225 1.78 1.829 0.443 0.454 -0.017
0.338897 -1.39315 0.08474 -1.00407 -1.19512 -1.26956 0.32 -1.395 0.086 -1 -1.214 -1.264
-0.417497 -0.816424 1.41671 2.2389 0.177195 -4.07153 -0.406 -0.794 1.49 2.217 0.201 -4.066
0.534586 0.221618 0.90126 1.52214 0.633938 -2.0316 0.501 0.213 0.871 1.518 0.652 -2.04
2.95998 1.24427 1.70673 -1.21859 -1.27586 -0.037677 2.936 1.264 1.675 -1.235 -1.296 -0.036
-4.45792 1.58396 -1.70085 3.41872 3.01872 2.04489 -4.269 1.726 -1.577 3.548 3.024 2.116
1.10562 0.990775 1.55194 1.82684 0.278069 -1.75592 1.1 0.961 1.576 1.824 0.275 -1.756
0.266092 0.373848 0.220042 0.0361514 0.116203 0.239327 0.206 0.398 0.205 0.025 0.115 0.253
0.249135 0.201541 0.20197 -0.133219 -0.0912925 0.0745776 0.22 0.194 0.185 -0.143 -0.087 0.082
-0.440458 -1.89446 -0.342598 0.325826 -0.582283 -2.73389 -0.397 -1.838 -0.326 0.323 -0.58 -2.726
-3.02037 -2.95606 -2.30964 -0.0151341 -0.0511981 -0.234139 -2.798 -2.81 -2.159 0.001 -0.051 -0.235
0.610503 2.42738 0.826119 -0.407617 0.613211 2.8913 0.595 2.458 0.818 -0.416 0.613 2.879
0.610503 2.42738 0.826119 -0.407617 0.613211 2.8913 0.593 2.471 0.821 -0.419 0.612 2.872
-1.82489 -0.971341 -2.60042 -0.5484 -0.741156 1.82173 -1.735 -0.925 -2.535 -0.555 -0.739 1.833
0.131751 0.190359 0.157956 -0.0200652 0.0285829 0.07226 0.105 0.176 0.143 -0.017 0.031 0.068
0.918883 1.24584 0.107788 -2.61114 -1.22241 2.68883 0.887 1.285 0.112 -2.628 -1.227 2.685
0.0243347 0.0243304 0.0220195 5.56728e-05 -2.2621e-06 -0.000139441 0 0 -0.121 0 -0 -0
0.0273231 0.0273197 0.0271607 -0.000181816 -2.02654e-06 0.000384 0.003 0.003 -0.116 -0 -0 0
0.0228613 0.0228574 0.0196742 0.000168017 -2.16628e-06 -0.000368367 -0.001 -0.001 -0.123 0 -0 -0
0.0258702 0.0258659 0.0248643 -7.28631e-05 -2.3419e-06 0.000160022 0.002 0.002 -0.118 -0 -0 0
1.35418 4.02885 3.77966 4.85208 2.16995 -3.72281 1.474 4.159 3.89 4.921 2.169 -3.769
0.0250195 0.0222086 0.0221255 0.000626473 7.87254e-05 0.000366258 0.007 0.002 0.001 0.001 -0.001 -0.004
-0.0693712 0.168439 -0.334357 -0.00905385 0.0696135 0.206067 -0.086 0.161 -0.368 -0.012 0.071 0.212
0.131753 -0.175948 0.413489 0.00855755 -0.0872964 -0.245912 0.113 -0.209 0.407 0.012 -0.089 -0.254
-0.234576 0.228506 0.329225 0.137655 0.132028 -0.0404633 -0.248 0.209 0.325 0.139 0.132 -0.045
0.0460933 0.0292239 0.0367323 -0.000730966 -0.00470795 -0.00768931 0.025 0.009 0.017 -0.001 -0.005 -0.009
0.0404622 0.0355111 0.0273847 -0.0145219 -0.00455053 0.0216577 0.019 0.018 0.009 -0.017 -0.005 0.023
0.0222954 0.0204584 0.0208796 -0.0093716 -0.0034212 0.00677632 0.007 -0.003 -0.003 -0.008 -0.005 0.009
0.038161 0.0347867 0.0245085 -0.0187383 -0.00579299 0.0272539 0.017 0.018 0.005 -0.021 -0.007 0.029
0.0544817 0.0276339 0.0389854 -0.0157439 -0.0127896 -0.00299865 0.036 0.005 0.018 -0.017 -0.015 -0.002
0.139416 -0.418558 -0.412583 -0.152778 -0.163119 -0.00605305 0.122 -0.437 -0.439 -0.15 -0.163 -0.002
-0.442775 -0.775909 -0.202083 -0.0220173 -0.105132 -0.235539 -0.437 -0.793 -0.199 -0.016 -0.106 -0.24
-0.810168 -0.209321 -0.555969 0.0880075 0.156515 0.136093 -0.797 -0.205 -0.563 0.088 0.158 0.14
0.789205 0.6571 0.339727 -0.0636875 -0.0254749 0.14342 0.755 0.638 0.298 -0.067 -0.025 0.147
0.628112 0.571625 0.00207788 -0.0869035 -0.00722369 0.246649 0.596 0.56 -0.046 -0.091 -0.007 0.253
-0.920658 1.85099 0.266418 3.03795 2.31083 -0.644903 -0.923 1.837 0.26 3.022 2.33 -0.636
0.061233 0.0215193 0.0458955 -0.00497786 -0.0125893 -0.02875 0.043 -0.001 0.028 -0.005 -0.014 -0.031
0.105499 0.0954446 0.0699444 -0.00388679 0.00573801 0.0467492 0.082 0.077 0.046 -0.005 0.006 0.051
-0.0495955 -0.0458815 -0.040197 -0.065887 -0.032675 0.0311249 -0.058 -0.059 -0.056 -0.069 -0.038 0.035
0.944513 0.524592 1.17793 0.0184614 -0.1045 -0.280245 0.911 0.487 1.176 0.019 -0.107 -0.291
0.0412865 0.053648 0.0397177 0.0023446 0.00506446 0.0195343 0.023 0.039 0.02 0.002 0.007 0.021
0.0250886 0.0221751 0.0221864 0.000647945 2.94041e-05 0.000285396 0.00676683 0.00235368 0.00132395 0.00102974 -0.000882631 -0.00397184
0.090079 0.0847675 0.0700984 -0.0174688 -0.00345086 0.0383571 0.066 0.072 0.048 -0.021 -0.006 0.041
0.129021 0.111091 0.120944 0.0830768 0.0293081 -0.0633244 0.112 0.076 0.095 0.094 0.037 -0.07
0.0405673 0.0962367 0.050376 0.0379101 0.037101 0.0315766 0.025 0.077 0.025 0.044 0.043 0.034
0.0378749 0.0340024 0.0365695 -0.0152475 -0.00800637 0.00809743 0.026 0.014 0.014 -0.016 -0.009 0.01
0.0401455 0.0557541 0.0527754 0.0220265 0.0131117 -0.000235213 0.021 0.04 0.034 0.023 0.016 0.002
0.0433094 0.0404644 0.0305311 -0.0384844 -0.0161836 0.0421371 0.025 0.027 0.017 -0.042 -0.019 0.045
0.113675 0.133938 0.108847 0.0798069 0.0453488 -0.0100911 0.082 0.123 0.096 0.081 0.055 -0.014
-0.73129 0.648296 -0.375923 0.83133 0.641869 0.212034 -0.733 0.647 -0.394 0.819 0.646 0.22
0.0448938 0.00343717 0.031851 -0.0290481 -0.027492 -0.0204055 0.031 -0.012 0.019 -0.032 -0.031 -0.024
0.0554302 0.0618245 0.0499237 -0.0156989 -0.00190243 0.0347842 0.038 0.042 0.027 -0.015 -0.003 0.039
-1.38009 -1.28641 -1.28354 -0.0208621 -0.00263882 -0.0124168 -1.312 -1.248 -1.247 -0.014 -0.002 -0.008
1.89371 -1.31531 4.91815 2.36847 -0.565288 -7.33394 1.923 -1.27 5.004 2.332 -0.688 -7.351
4.28772 -0.942133 4.76784 -0.723965 -2.17495 -5.08496 4.248 -0.884 4.788 -0.704 -2.133 -5.139
0.12677 0.116662 0.111217 0.0230351 0.0115819 0.00259361 0.106 0.103 0.096 0.023 0.016 0.004
0.0716649 0.153005 0.0821498 0.0630788 0.0580509 0.0499877 0.056 0.141 0.063 0.065 0.065 0.052
0.0131937 0.021474 0.0432977 -0.0444504 -0.0280629 -0.0055609 0.001 0.015 0.035 -0.049 -0.032 -0.001
-0.112841 -0.0806671 -0.0320691 -0.0584687 -0.0411961 -0.0368434 -0.099 -0.106 -0.051 -0.054 -0.044 -0.035
0.121543 0.122898 0.106074 -0.01222 0.00627809 0.0409439 0.103 0.11 0.092 -0.012 0.006 0.043
2.32685 1.21151 -0.118167 -5.91106 -2.87295 4.19127 2.522 1.092 0.047 -5.869 -2.976 4.245
0.0177117 0.0357086 0.0503638 -0.00624025 -0.00277682 -0.00450395 0.009 0.03 0.036 -0.005 -0 -0.002
0.400256 1.54983 0.495952 -0.256014 0.396959 1.86686 0.379 1.549 0.474 -0.26 0.394 1.854
1.22271 -3.94592 1.94348 -1.89381 -1.98053 -5.48016 1.403 -4.019 2.127 -1.893 -2.084 -5.53
0.309889 2.23216 -0.549731 0.182192 0.629398 1.18992 0.274 2.333 -0.64 0.145 0.636 1.182
-2.26727 -2.11312 -2.1084 -0.0343281 -0.00434004 -0.0204149 -2.1 -1.996 -1.992 -0.023 -0.003 -0.014
0.925874 -1.2699 0.807441 -0.440154 -0.597928 -2.12357 0.908 -1.282 0.837 -0.414 -0.585 -2.116
2.60632 2.43435 2.42908 0.038294 0.00484191 0.0227834 2.612 2.463 2.458 0.033 0.004 0.02
2.56149 2.98338 1.85039 0.0183118 0.192877 0.568753 2.574 3.058 1.832 0.005 0.195 0.573
0.275427 0.294705 0.221771 0.00366789 0.0200716 0.0971829 0.259 0.295 0.197 -0.005 0.014 0.099
2.76767 2.7111 2.97906 0.145727 0.0588804 -0.120089 2.777 2.753 3.057 0.141 0.057 -0.131
0.176215 0.275613 0.204177 0.0709487 0.0812936 0.0663887 0.165 0.282 0.195 0.076 0.09 0.069
0.346783 0.319109 0.278868 -0.000911551 0.0176471 0.0633752 0.329 0.318 0.256 0.003 0.023 0.074
-2.20119 0.564785 -1.07159 1.72814 1.50596 1.02782 -2.132 0.594 -1.016 1.726 1.478 1.022
-0.458699 -1.89906 -0.350244 0.320778 -0.565564 -2.6598 -0.396 -1.827 -0.327 0.319 -0.562 -2.643
-2.49627 -3.15745 -2.49514 -0.15022 -0.211903 -0.263997 -2.255 -2.971 -2.308 -0.131 -0.209 -0.256
-0.883732 -1.91077 -1.71544 -4.36989 -1.90801 3.0068 -0.651 -1.866 -1.58 -4.442 -1.867 3.061
0.609284 2.40693 0.798948 -0.400344 0.600713 2.82511 0.604 2.429 0.792 -0.406 0.594 2.794
0.554078 0.533771 0.442054 0.145742 0.0925184 0.0457293 0.495 0.555 0.448 0.136 0.104 0.036
0.567841 -1.93875 2.07161 1.20163 -0.854819 -5.06998 0.607 -1.883 2.116 1.184 -0.851 -5.07
0.227551 0.338955 0.214123 -0.00447566 0.0233925 0.128502 0.22 0.356 0.22 -0.005 0.035 0.127
-1.47984 2.24773 -0.321361 1.36923 2.13836 2.42976 -1.456 2.283 -0.316 1.37 2.125 2.399
-1.76267 4.60981 0.44514 3.51223 4.42605 3.23477 -1.649 4.744 0.402 3.638 4.467 3.311
1.32064 -0.816524 -0.200622 -3.29198 -2.2684 1.10093 1.326 -0.798 -0.17 -3.262 -2.265 1.113
1.36255 3.94204 3.72242 4.74255 2.12723 -3.65427 1.485 4.058 3.829 4.807 2.165 -3.687
-0.604678 -2.10205 1.14532 0.592298 0.0921911 -3.85568 -0.578 -2.035 1.291 0.597 0.151 -3.841
-0.432046 2.46611 1.6207 5.07549 2.77503 -2.9932 -0.372 2.453 1.56 5.176 2.798 -2.985
0.629918 -3.52108 1.79107 0.204626 -1.70502 -5.54177 0.738 -3.449 1.82 0.21 -1.711 -5.543
-1.5212 -4.24476 0.102769 0.607777 -1.50234 -7.08018 -1.321 -4.202 0.173 0.641 -1.522 -7.16
-0.876164 -1.88343 -1.73578 -4.23615 -1.88399 2.93553 -0.667 -1.841 -1.588 -4.302 -1.83 2.972
7.77255 1.17881 6.76207 -5.77988 -5.11854 -3.4313 7.833 1.232 6.691 -5.707 -5.162 -3.375
-2.11739 2.95456 0.816284 4.59159 4.27141 -0.0879283 -2.115 2.971 0.788 4.549 4.18 -0.06
2.92193 2.15228 2.98375 0.459687 0.243808 -0.976275 2.951 2.16 3.031 0.422 0.133 -1.112
0.0722224 -1.97505 1.63595 1.2262 -0.594786 -6.08296 0.117 -1.747 1.587 1.263 -0.671 -6.099
1.35706 3.86517 3.67508 4.65567 2.11221 -3.58233 1.487 3.963 3.782 4.691 2.136 -3.606
2.26916 3.00211 2.61402 0.870872 0.807085 0.0783718 2.316 2.971 2.779 0.941 0.879 -0.007
1.04771 4.14668 0.909305 -1.72872 0.415584 5.5013 1.131 4.153 0.922 -1.761 0.438 5.484
-0.894251 -3.36933 -0.29095 0.551207 -1.06111 -4.99031 -0.68 -3.157 -0.246 0.552 -1.074 -5.052
-1.14265 5.338 1.33183 3.23533 4.41954 2.97519 -1.093 5.458 1.368 3.257 4.401 2.96
-1.59444 8.9212 2.25402 2.67521 5.95031 5.77115 -1.592 8.774 2.151 2.421 6.108 5.74
2.50528 6.45974 6.60024 6.38573 3.2724 -5.1998 2.598 6.496 6.551 6.338 3.319 -5.165
-0.385361 3.02286 -0.224377 -1.72648 0.508082 5.65349 -0.319 3.042 -0.239 -1.752 0.53 5.645
5.15096 -0.0155744 3.63377 -3.96511 -3.35849 -2.35828 5.282 0.078 3.733 -3.946 -3.363 -2.352
0.577714 2.55231 0.607402 0.267563 0.727341 0.836077 0.48 2.699 0.585 0.224 0.773 0.867
3.68596 2.8218 3.44549 -0.354785 -0.585536 -0.314456 3.689 2.892 3.403 -0.389 -0.562 -0.33
3.27446 3.6145 3.87791 0.523743 0.103683 -0.377218 3.118 3.715 3.973 0.552 0.104 -0.465
2.04041 2.22724 2.6298 -0.185379 -0.190605 -0.720102 2.044 2.279 2.678 -0.119 -0.152 -0.792
3.08398 3.07518 3.21679 0.0708507 0.264627 -0.335768 3.105 3.114 3.186 0.2 0.299 -0.38
1.89476 -3.99386 0.832578 -3.73084 -3.69849 -2.91127 1.969 -4.106 0.703 -3.83 -3.706 -2.981
2.78716 3.62972 2.89256 0.0465543 0.281738 0.451322 2.723 3.682 2.996 0.134 0.344 0.407
-0.350071 0.777713 -0.0500808 -0.174965 0.0922359 0.553318 -0.369 0.853 -0.101 -0.147 0.093 0.631
2.72305 2.85999 2.7639 -0.0753443 -0.0602023 -0.0998837 2.643 2.89 2.72 -0.107 -0.032 -0.113
3.45417 2.91296 3.52437 -0.0836524 -0.17918 -0.071899 3.399 3.036 3.643 -0.104 -0.125 -0.033
4.00471 2.17954 3.85583 -0.549211 -0.807395 -1.06928 4.097 2.139 3.794 -0.616 -0.783 -1.172
3.65866 4.85269 3.47382 0.34993 0.765804 0.933465 3.706 4.936 3.435 0.379 0.763 1.066
2.89916 3.78505 2.44059 0.519508 0.47752 0.623508 2.816 3.786 2.479 0.571 0.498 0.587
3.59371 2.76553 3.43556 0.244382 -0.0115187 -1.00635 3.635 2.856 3.434 0.364 0.052 -0.972
-2.55637 -1.9212 -2.17969 -6.18314 -2.97003 3.8769 -2.812 -1.959 -2.286 -6.075 -2.966 3.78
3.82921 2.5615 3.56059 -0.134058 -0.272331 -0.590245 3.829 2.41 3.708 -0.134 -0.249 -0.657
3.99619 3.07045 3.46793 -0.601032 -0.890144 0.273154 4.041 3.077 3.4 -0.625 -0.861 0.31
3.63704 3.38117 2.79361 -0.679006 -0.369814 0.863493 3.639 3.445 2.786 -0.611 -0.318 0.899
2.0776 3.26954 2.74866 0.218801 0.50639 0.366673 1.985 3.256 2.777 0.196 0.552 0.395
2.48364 6.42244 6.55881 6.38231 3.26279 -5.18402 2.605 6.472 6.556 6.345 3.28 -5.164
4.15377 3.75393 2.60678 -2.13169 -1.12507 2.60622 4.299 3.856 2.558 -2.292 -1.172 2.842
3.13794 2.29763 3.05431 0.417233 0.230866 -0.992697 3.185 2.258 3.172 0.446 0.175 -1.219
3.93324 3.58733 3.37795 -0.765254 0.0628074 0.454187 3.814 3.533 3.317 -0.783 0.078 0.439
6.00597 3.20413 3.3999 -6.33966 -4.36083 2.31472 6.149 3.389 3.567 -6.41 -4.329 2.406
2.08581 1.72716 0.11587 -6.22375 -4.41522 5.68045 2.228 1.787 0.102 -6.279 -4.378 5.742
2.51763 2.48587 2.87737 0.485164 0.293929 -0.159341 2.569 2.35 2.938 0.403 0.319 -0.137
3.9013 4.08022 4.20913 -0.659093 -0.379663 0.797247 3.885 4.095 4.228 -0.541 -0.319 0.784
4.04168 4.4684 2.05015 -7.1891 -4.90575 7.15738 3.9 4.674 1.93 -6.977 -4.811 6.949
2.19978 2.54111 2.25554 0.126182 0.23634 0.166332 2.173 2.597 2.239 0.19 0.297 0.164
2.20795 2.07931 2.01335 -0.00238442 0.0470886 0.075463 2.157 2.173 2.05 0.089 0.08 -0.001
3.05603 2.87089 3.14132 0.419595 -0.153401 -0.19873 3.201 3.003 3.071 0.327 -0.22 -0.151
2.25666 2.30046 2.57972 0.360821 -0.0801901 -0.345211 2.302 2.361 2.553 0.338 -0.099 -0.352
0.439851 1.03411 4.64452 5.02418 1.3648 -5.78985 0.261 1.08 4.581 4.974 1.232 -5.722
3.6779 5.11379 3.25631 0.126569 0.40373 1.03691 3.608 5.183 3.2 0.104 0.324 1.025
3.36321 1.74353 2.35295 -1.04345 -1.09185 0.0112471 3.515 1.562 2.305 -1.223 -1.196 0.027
2.53026 2.26163 2.43601 -0.368873 -0.0933214 0.483921 2.551 2.439 2.426 -0.219 0.001 0.582
4.31367 3.08291 3.58046 -0.602751 -0.679896 -0.35756 4.121 3.134 3.577 -0.593 -0.638 -0.434
2.581 4.04192 3.88562 1.57053 1.34068 -0.769224 2.695 4.061 4.005 1.526 1.261 -0.896
3.72991 4.23586 3.47467 0.854622 0.780793 -0.422044 3.639 4.179 3.367 0.923 0.847 -0.5
3.50747 3.56149 2.64268 -1.14689 -0.24771 1.38195 3.523 3.498 2.579 -1.227 -0.293 1.499
3.55898 2.01963 2.96273 -0.863515 -0.786706 0.0227504 3.568 1.99 2.944 -0.857 -0.84 -0.01
4.26696 4.40499 3.48977 -0.850403 -0.294119 1.47434 4.372 4.464 3.464 -0.918 -0.263 1.623
3.81557 3.9562 4.01533 0.609705 0.653522 -0.288257 3.743 3.901 4.084 0.746 0.743 -0.344
2.78699 3.82739 3.14305 0.628448 0.604968 -0.0795408 2.814 3.793 3.133 0.688 0.499 -0.042
3.46768 2.48442 3.69885 0.399087 0.115966 -1.40131 3.485 2.556 3.755 0.48 0.169 -1.544
3.53869 3.5222 3.91794 0.249566 -0.0577554 -0.991658 3.638 3.48 3.911 0.345 -0.066 -1.063
4.0691 3.55253 3.74717 0.319849 0.0682268 0.0581994 4.132 3.527 3.858 0.341 0.033 0.06
2.24365 2.5068 2.53353 0.598793 0.262263 -0.628827 2.382 2.587 2.554 0.509 0.212 -0.648
2.96972 2.91261 3.12874 -0.396225 -0.285234 0.202971 3.085 2.948 3.203 -0.358 -0.335 0.16
3.90356 3.61853 3.33675 -0.0158738 -0.163815 0.622331 3.8 3.615 3.187 -0.074 -0.167 0.731
3.3825 2.36582 2.94841 -0.711033 -0.681569 -0.0168337 3.575 2.387 2.98 -0.748 -0.734 -0.051
2.50216 3.9004 2.4288 -0.24817 0.196108 1.43425 2.567 3.972 2.495 -0.295 0.144 1.463
3.53997 4.0573 3.88669 0.290478 -0.0158786 0.0628167 3.605 4.064 3.747 0.315 -0.057 0.02
3.22992 4.30567 3.86173 0.487789 0.70898 0.12319 3.246 4.326 3.757 0.534 0.775 0.188
0.865874 0.989011 0.221669 -7.64311 -5.1835 4.94783 0.716 1.477 -0.142 -7.56 -4.95 4.856
1.10675 3.50031 1.85451 -0.0692983 0.684071 1.4133 1.253 3.786 1.72 -0.21 0.604 1.667
3.99437 3.42132 3.65039 -0.0667093 0.0291703 -0.0213502 3.959 3.404 3.63 -0.109 -0.031 -0.072
5.19327 0.0482451 7.21368 2.77758 -0.78038 -7.71705 5.474 0.147 7.288 2.778 -0.829 -7.792
1.83946 5.15529 2.05573 1.39756 1.30107 1.26006 1.782 5.39 2.039 1.375 1.302 1.25
3.76461 3.02035 3.5562 0.255485 0.0083387 -0.809645 3.717 3.063 3.556 0.28 0.069 -0.842
2.37574 1.93545 1.90608 -0.805748 -0.696642 0.12987 2.471 2.016 1.924 -0.881 -0.69 0.173
3.07291 3.96102 3.12153 1.04947 1.19905 0.270665 3.064 3.883 3.164 0.988 1.198 0.242
2.89928 3.73333 3.03512 0.596328 0.739253 0.913926 2.962 3.784 2.887 0.677 0.75 0.905
3.33465 3.32114 2.56648 -0.528828 -0.218685 0.530276 3.48 3.388 2.563 -0.466 -0.146 0.51
-1.37102 -2.06279 -2.06132 -5.55535 -2.59899 3.75582 -1.195 -2.033 -1.896 -5.675 -2.579 3.809
3.6039 2.8408 2.45353 -1.47866 -0.750137 1.18034 3.624 2.885 2.344 -1.492 -0.72 1.272
3.08242 3.64901 3.61994 0.633192 0.268812 -0.17818 3.045 3.705 3.614 0.673 0.237 -0.179
3.70606 3.56259 3.68345 -0.668354 -0.81946 0.738885 3.758 3.598 3.687 -0.75 -0.81 0.737
4.32769 3.37827 4.18584 -0.288888 -0.44932 -0.537231 4.112 3.485 4.101 -0.336 -0.51 -0.318
2.93125 3.61066 2.6785 0.23394 0.388615 0.869763 3.033 3.684 2.627 0.182 0.44 0.871
2.23948 2.13967 1.91232 -0.55995 -0.195107 0.431272 2.299 2.153 1.896 -0.51 -0.207 0.424
4.0945 2.07913 4.11715 0.11968 -0.555284 -1.98887 4.108 2.108 4.062 0.307 -0.424 -2.153
2.82373 3.18776 2.7995 0.315718 0.451224 -0.124709 2.878 3.153 2.854 0.429 0.468 -0.197
3.26987 2.76256 2.6079 -0.440898 -0.3179 -0.232009 3.21 2.784 2.671 -0.483 -0.373 -0.113
-6.77367 2.47766 -2.20821 4.03121 4.31002 2.39784 -6.938 2.333 -2.304 3.876 4.26 2.302
3.86787 2.05544 3.18714 -1.0645 -1.36542 -0.629938 3.889 2.077 3.172 -1.116 -1.456 -0.699
3.28487 3.2942 3.20925 0.316127 0.481969 -0.0643467 3.216 3.423 3.05 0.3 0.473 0.045
2.91067 2.84836 2.62608 -0.33303 -0.369011 0.45154 2.798 2.908 2.628 -0.348 -0.275 0.579
3.40021 3.5893 3.67259 -0.226376 0.0197593 -0.151589 3.631 3.485 3.605 -0.24 -0.028 -0.138
2.48823 2.82993 2.87464 0.818003 0.363162 -0.777666 2.586 2.894 2.902 0.79 0.313 -0.866
3.85214 3.84929 3.47909 0.488087 0.779846 0.410128 3.758 3.849 3.402 0.505 0.802 0.314
2.93482 2.45151 2.82303 0.445914 0.13538 -0.735526 2.82 2.6 2.918 0.433 0.088 -0.733
3.70492 3.74353 3.5715 -0.0134615 0.0445921 -0.0762773 3.736 3.814 3.551 0.097 0.075 -0.132
2.99896 1.94162 2.95313 0.253293 -0.268786 -0.714036 2.904 2.021 2.803 0.3 -0.254 -0.733
4.50491 3.48643 4.04797 -0.152236 -0.589614 -0.0130587 4.369 3.35 3.915 -0.079 -0.587 -0.147
4.09193 4.33215 4.41728 0.840729 0.667978 -0.939738 4.156 4.29 4.415 0.795 0.701 -0.923
3.51219 2.92462 3.28611 0.629696 0.106759 -0.460036 3.452 2.913 3.362 0.619 0.085 -0.472
3.89552 3.88667 3.2826 -0.215822 -0.1266 0.758544 3.86 3.752 3.195 -0.283 -0.192 0.711
3.82842 3.9219 3.31682 -0.181286 0.0505668 0.802123 3.84 3.866 3.244 -0.295 -0.012 0.851
2.05115 1.65698 2.02571 -0.321569 -0.435111 -0.0782253 2.155 1.785 2.069 -0.293 -0.395 0.012
3.8326 2.25041 3.83696 -0.0839759 -0.359956 -1.27943 3.853 2.372 3.799 -0.108 -0.411 -1.35
4.38106 3.44067 3.83354 -0.213046 -0.109784 0.304322 4.366 3.435 3.815 -0.138 -0.112 0.246
1.46307 3.40323 1.64257 0.531072 0.853631 1.091 1.331 3.635 1.61 0.594 0.813 1.147
2.83478 2.52685 2.51748 0.162942 -0.0522949 -0.345948 2.761 2.544 2.484 0.235 -0.018 -0.418
3.74741 2.84265 3.14778 -0.348401 -0.637914 -0.234932 3.771 2.74 3.239 -0.316 -0.64 -0.328
3.53609 3.26309 3.24755 0.381278 0.0207634 -0.136417 3.561 3.201 3.17 0.412 0.036 -0.306
2.43208 9.1884 3.67978 -1.52423 1.71093 8.09592 2.635 9.325 3.657 -1.5 1.717 8.065
3.0894 2.81806 3.13568 -0.0996582 -0.0572564 -0.279725 3.039 2.894 3.101 -0.02 0.031 -0.323
4.4347 3.0163 3.43484 -0.549019 -0.657945 -0.167967 4.404 2.857 3.377 -0.664 -0.734 -0.102
3.72958 3.46642 3.96745 -0.00667055 -0.10702 -0.472218 3.685 3.46 4.016 0.021 -0.116 -0.53
2.8145 3.40998 2.55659 0.646782 0.827548 0.632838 2.827 3.515 2.503 0.649 0.793 0.598
3.24913 3.81688 2.81621 0.558404 0.730507 1.10353 3.242 3.843 2.8 0.589 0.713 1.124
2.50419 2.86196 2.86687 0.532923 0.274742 -0.30835 2.606 2.931 2.953 0.462 0.221 -0.229
2.77923 2.10092 2.89764 0.0919564 -0.242645 -0.60143 2.661 2.059 2.756 0.12 -0.173 -0.487
4.2681 4.77478 3.91803 0.361163 0.42629 -0.0875967 4.548 4.724 3.949 0.241 0.253 -0.107
4.40017 4.34031 3.62298 -0.520095 -0.0371468 0.704655 4.336 4.281 3.671 -0.601 -0.04 0.663
3.77211 3.29359 3.33472 -0.359101 -0.297608 0.433731 3.736 3.327 3.312 -0.346 -0.325 0.456
4.01486 2.9172 3.27779 -0.525518 -0.507033 -0.174406 4.136 3.02 3.377 -0.576 -0.509 -0.155
3.29028 3.59323 3.04188 -0.203974 -0.106831 0.301674 3.237 3.606 3.017 -0.188 -0.151 0.258
3.36024 3.32816 3.19636 -0.171096 -0.3877 -0.0114892 3.343 3.286 3.296 -0.193 -0.519 -0.094
4.46785 3.30335 3.70569 -0.270601 -0.403745 -0.265055 4.503 3.235 3.544 -0.187 -0.36 -0.241
3.24858 3.78624 3.2146 0.658327 0.383295 0.305846 3.263 3.768 3.197 0.648 0.365 0.289
3.32703 3.63749 3.55418 0.302092 0.198535 -0.212838 3.342 3.651 3.367 0.378 0.251 -0.234
3.55031 2.89367 2.75212 -1.43436 -0.720209 0.643483 3.671 2.876 2.785 -1.455 -0.763 0.799
2.88026 3.13125 2.66971 0.301662 0.451074 0.484179 2.702 3.114 2.635 0.332 0.415 0.532
4.22282 3.2611 3.88889 0.378414 -0.230976 -0.573547 4.27 3.183 3.809 0.312 -0.366 -0.648
2.336 3.26965 2.80758 0.579556 0.441657 -0.190591 2.367 3.244 2.887 0.545 0.403 -0.159
2.37349 3.27442 2.82224 1.63501 1.26933 -0.367919 2.357 3.33 2.822 1.774 1.382 -0.433
3.79361 2.9945 4.17915 0.171083 -0.323817 -0.802026 3.861 3.033 4.219 0.227 -0.384 -1.008
5.05044 4.93207 4.80438 0.0783374 0.313396 0.292913 4.93 4.893 4.775 -0.008 0.17 0.199
5.14595 -2.12546 10.0893 1.72641 -2.00203 -11.1649 5.101 -2.039 10.061 1.642 -2.17 -11.002
3.66505 4.49976 3.75724 0.740566 0.685181 -0.300513 3.749 4.324 3.757 0.758 0.616 -0.331
3.66115 4.65305 3.60788 0.50847 0.588538 0.818564 3.491 4.622 3.588 0.555 0.643 0.851
3.56153 3.62379 2.73427 -0.00834598 -0.0502417 0.915924 3.524 3.672 2.652 -0.053 -0.007 1.022
2.96614 2.76801 3.02075 0.244103 0.087321 -0.26304 3.062 2.793 2.93 0.258 0.035 -0.249
2.02332 3.70382 1.84536 0.507283 0.910661 1.16846 1.985 3.809 1.865 0.498 0.935 1.23
3.8301 3.89376 4.35011 0.640151 0.41421 -0.167111 3.84 3.837 4.269 0.653 0.374 -0.081
-1.37305 -4.26344 0.0790705 0.643696 -1.39169 -6.54499 -1.175 -4.052 0.168 0.641 -1.425 -6.701
4.23361 4.11944 4.01695 -0.13068 -0.0434379 -0.151334 4.102 4.127 3.97 -0.122 -0.03 -0.155
3.43213 3.35854 3.23842 0.176263 0.0287319 -0.251086 3.41 3.398 3.29 0.206 -0.034 -0.197
5.14788 1.62442 2.62022 -8.09247 -6.28619 2.40171 5.127 1.702 2.39 -8.194 -6.166 2.39
2.76265 3.2914 2.95284 0.275879 0.620016 0.299711 2.836 3.445 3.006 0.25 0.55 0.294
3.17824 2.65887 3.48212 -0.0251447 -0.446713 -0.000233191 3.14 2.704 3.364 -0.098 -0.419 0.049
3.05835 3.10083 3.23913 0.403431 0.429766 -0.143965 2.994 3.147 3.337 0.531 0.504 -0.235
5.21101 3.12242 3.848 -2.5312 -2.0882 -0.111694 5.257 2.959 3.966 -2.509 -2.131 -0.113
2.57679 3.85021 2.5463 0.428927 0.676156 0.873724 2.603 3.653 2.551 0.503 0.656 0.795
3.67899 3.17761 3.16919 -0.479553 -0.239455 0.48397 3.614 3.133 3.073 -0.454 -0.187 0.461
2.84099 2.64985 2.077 -0.916029 -0.696352 0.834398 2.841 2.616 2.045 -0.968 -0.849 0.903
3.25169 4.21988 3.26587 0.439575 0.526838 0.0464402 3.247 4.329 3.471 0.498 0.597 -0.047
2.55287 2.99124 2.95853 0.46225 0.191992 -0.485057 2.61 3.028 3.009 0.525 0.194 -0.491
2.55424 1.85319 2.22966 -0.421805 -0.222739 0.229011 2.403 1.951 2.22 -0.469 -0.21 0.286
3.00743 3.6418 3.04171 0.397728 0.36139 0.514152 3.051 3.62 3.016 0.428 0.44 0.562
2.389 2.6273 2.39728 0.331037 0.228989 -0.040897 2.394 2.772 2.401 0.242 0.252 -0.032
4.38057 5.03499 4.83602 0.919462 0.867365 -0.389688 4.224 5.134 4.858 0.971 0.859 -0.245
3.75233 2.56234 3.28209 0.0164975 -0.431569 -0.911217 3.641 2.63 3.324 -0.026 -0.401 -0.843
2.99875 3.04527 3.07804 1.58497 0.626321 -1.22028 2.995 3.031 3.006 1.676 0.632 -1.313
3.63284 2.84946 2.91869 -0.776306 -0.659045 0.804657 3.648 2.839 3.01 -0.957 -0.575 0.906
5.23716 4.7141 4.46375 0.397087 0.0357786 -0.0143908 5.17 4.932 4.363 0.41 0.142 0.014
4.31939 2.87573 3.90585 -0.488181 -0.417234 -0.647999 4.335 2.853 3.887 -0.463 -0.387 -0.665
-2.16784 -2.03799 -2.21637 -6.09823 -2.95123 3.95185 -2.42 -2.046 -2.277 -6.018 -2.949 3.848
-6.68041 2.46403 -2.22225 4.02528 4.30079 2.40535 -6.836 2.379 -2.264 3.893 4.263 2.32
2.60491 3.23657 2.29028 0.265011 0.0454439 0.328777 2.655 3.248 2.432 0.379 0.033 0.269
3.22458 1.68683 3.11676 -0.626625 -0.92392 -1.25755 3.171 1.679 2.964 -0.682 -1 -1.333
3.34317 2.13208 3.05817 -0.130497 -0.231969 -0.964291 3.283 2.133 3.074 -0.128 -0.301 -1.1
2.77702 2.37714 2.80722 0.417768 0.0417404 -0.584792 2.893 2.466 2.96 0.443 0.013 -0.601
2.70073 2.1411 2.42111 -0.219146 -0.281851 0.328476 2.617 2.244 2.39 -0.298 -0.261 0.421
3.88582 2.99066 3.63761 -0.108511 -0.184364 -0.656245 3.9 2.948 3.689 -0.14 -0.321 -0.727
6.19879 6.36407 4.80547 -0.260842 0.395453 1.05777 6.063 6.473 4.718 -0.142 0.415 1.038
4.30448 4.82078 3.43011 0.353869 0.319162 1.3063 4.117 4.703 3.399 0.211 0.319 1.33
2.78612 2.25884 2.6604 0.343198 0.265188 -0.635455 2.747 2.208 2.697 0.385 0.217 -0.738
3.25483 2.82476 2.90991 0.199857 -0.139311 -0.0466565 3.223 2.84 2.886 0.17 -0.215 -0.067
3.67606 3.49921 2.98848 -0.152368 -0.0946174 0.450964 3.607 3.524 3.095 -0.188 -0.009 0.44
2.15018 2.38575 1.90392 -0.259052 -0.0699258 0.281132 2.224 2.485 1.937 -0.263 -0.092 0.283
5.65605 4.49524 4.01267 -0.526496 -0.326456 0.539697 5.585 4.291 3.865 -0.501 -0.368 0.544
2.38946 9.13216 3.61563 -1.51271 1.71466 8.07796 2.636 9.292 3.657 -1.485 1.727 8.082
2.4258 3.12482 2.30192 -0.081011 0.320554 0.57955 2.292 3.175 2.285 0.086 0.441 0.681
2.79933 3.10617 2.56539 -0.0857437 -0.0700946 0.789411 2.785 3.29 2.587 -0.184 -0.079 0.957
3.7106 4.60397 3.28501 0.245026 0.581293 1.11384 3.814 4.57 3.307 0.285 0.484 1.109
5.44016 4.4967 4.64308 -0.821566 -0.830192 0.252794 5.219 4.412 4.557 -0.985 -0.869 0.286
2.41644 2.48983 2.05844 0.211014 0.300312 0.480643 2.349 2.641 2.172 0.189 0.407 0.552
4.84872 4.71385 4.1176 0.397039 0.410032 0.472672 4.786 4.533 4.114 0.419 0.389 0.445
1.77894 0.963117 2.29182 0.164635 -0.193625 -1.09668 1.917 0.895 2.211 0.259 -0.263 -1.132
2.89902 2.49224 2.48507 -0.380109 -0.211953 0.187408 3.073 2.381 2.474 -0.347 -0.245 0.127
1.79015 1.99761 1.96972 -0.325079 -0.204265 0.155486 1.897 2.077 2.07 -0.228 -0.249 0.152
3.52726 2.96309 2.59882 -0.353028 -0.327324 0.4419 3.633 2.975 2.641 -0.359 -0.366 0.389
-2.20597 5.82357 0.491224 0.770102 3.74125 6.24319 -2.343 5.734 0.575 0.498 3.687 6.241
3.24038 4.55021 3.61838 1.77921 1.47582 -0.275453 3.262 4.615 3.474 1.835 1.524 -0.176
3.97293 4.03638 3.92423 0.0508247 0.568278 -0.355295 3.827 3.85 3.913 0.13 0.657 -0.384
3.51017 5.07678 3.64927 0.770827 0.890045 0.912217 3.413 5.184 3.594 0.802 0.975 1.011
3.29108 3.97636 3.08494 -0.343876 0.0816354 0.984909 3.22 3.922 3.118 -0.356 0.04 0.942
2.99677 3.85407 2.96373 0.0854598 0.297889 0.207076 2.988 3.797 2.983 0.078 0.291 0.219
2.77626 3.42485 3.14506 0.464141 0.551464 0.414776 2.785 3.521 2.968 0.44 0.577 0.368
3.56756 4.24484 3.87005 1.28337 1.02149 -0.265772 3.524 4.296 3.796 1.351 1.015 -0.343
3.22568 3.62583 3.04493 -0.451978 -0.192262 0.60259 3.274 3.557 3.047 -0.395 -0.175 0.539
3.8569 3.20519 3.87736 0.0246993 -0.278791 -0.6602 3.767 3.097 3.777 -0.073 -0.355 -0.696
2.92221 1.94796 3.49998 0.266646 -0.180362 -1.44049 2.879 2.038 3.528 0.173 -0.12 -1.538
2.77829 2.36248 2.13479 -0.842435 -0.354893 0.835285 2.836 2.372 2.195 -0.921 -0.475 0.792
2.41467 2.95239 2.30855 0.36882 0.507643 0.0747731 2.373 2.998 2.259 0.294 0.541 0.137
4.34563 3.9245 4.26746 0.371096 0.511787 -0.375173 4.604 3.909 4.212 0.367 0.437 -0.382
4.35001 3.69594 3.81367 0.277125 -0.266929 -0.339268 4.385 3.6 3.707 0.287 -0.307 -0.379
4.09158 8.6583 9.93327 6.77581 4.33364 -5.94636 4.001 8.591 9.758 6.816 4.444 -6.038
3.33272 2.40211 3.35799 -0.47681 -0.451836 -0.459059 3.33 2.35 3.373 -0.423 -0.375 -0.484
2.32579 3.55682 2.02156 -0.18469 0.24682 1.15938 2.326 3.653 2.022 -0.133 0.271 1.153
3.37418 3.3808 2.97118 -0.413383 -0.0721049 0.880507 3.435 3.364 2.979 -0.363 0.052 0.95
2.52255 2.44162 2.8647 0.373292 0.206416 -0.201002 2.447 2.363 2.881 0.383 0.155 -0.222
3.5584 3.79708 3.47278 0.184821 0.307326 -0.227563 3.571 3.852 3.409 0.207 0.355 -0.097
4.41677 2.37319 4.09595 -0.314248 -0.624497 -1.25775 4.303 2.326 4.049 -0.354 -0.615 -1.461
1.79845 3.21372 1.57691 0.248093 0.699113 0.73957 1.914 3.377 1.545 0.338 0.738 0.698
2.48684 4.9626 2.18366 0.81361 1.80693 2.09711 2.518 5.03 2.114 0.85 1.872 2.241
3.26959 4.59219 2.97726 0.500291 0.803891 1.03726 3.269 4.435 2.987 0.592 0.783 0.875
2.55898 2.44241 2.24985 -0.732311 -0.527237 0.686392 2.653 2.402 2.317 -0.763 -0.568 0.582
3.17914 3.70348 2.97087 0.0327381 -0.0752888 0.54515 3.355 3.666 2.907 -0.027 -0.12 0.46
3.31649 3.17511 3.12854 0.496212 0.0275237 -0.0788415 3.257 3.15 3.079 0.477 -0.018 -0.09
3.81268 2.3551 3.07112 -0.378207 -0.559065 -0.481434 3.885 2.304 3.086 -0.365 -0.62 -0.684
-0.202844 -0.0771374 0.138589 -0.0920468 -0.0170434 0.0370331 -0.005 0.108 0.368 -0.048 -0.027 -0.038
4.8846 4.92331 4.32669 1.09885 0.639069 -0.335677 4.968 4.874 4.383 1.17 0.661 -0.391
5.15804 5.29321 4.68655 -0.795086 -0.464136 1.05047 5.336 5.256 4.759 -0.67 -0.404 1.099
3.319 3.35819 3.30055 -0.15516 -0.00353068 0.03444 3.28 3.529 3.449 -0.046 0.116 -0.007
4.13144 2.51732 2.85747 -1.0436 -1.51837 0.602388 4.017 2.611 2.822 -1.164 -1.635 0.61
3.24712 3.15663 3.42617 -0.229634 0.0487357 0.107988 3.143 3.286 3.571 -0.269 -0.019 0.134
4.06168 -0.120148 5.13922 -0.915277 -2.18242 -4.69923 4.213 -0.237 5.427 -0.864 -2.271 -5.026
3.83995 5.03372 3.79998 0.46536 0.434275 0.69352 3.795 5.104 3.735 0.567 0.536 0.782
4.39083 3.26114 3.89328 -0.332115 -0.258631 -0.421965 4.428 3.26 3.826 -0.368 -0.301 -0.395
4.0726 1.53766 3.50209 -0.677967 -1.25551 -1.50599 4.2 1.426 3.387 -0.694 -1.415 -1.559
3.42111 2.5351 3.29132 -0.066153 -0.407787 -0.592704 3.302 2.526 3.383 -0.084 -0.256 -0.65
2.8625 3.76848 3.38159 1.21021 1.05307 -0.263529 2.955 3.885 3.426 1.341 1.178 -0.28
2.65819 2.88976 2.71694 0.124244 0.0603082 0.272106 2.716 2.9 2.748 0.093 -0.053 0.204
2.216 1.82488 2.25815 -0.0985973 -0.00465578 -0.0550243 2.149 1.856 2.338 -0.165 0.001 -0.149
4.70693 4.19581 4.7909 0.226309 -0.0872757 0.215754 4.641 4.343 4.895 0.259 -0.066 0.19
3.84249 3.94537 3.56765 0.0409039 0.188565 0.119704 3.837 3.931 3.548 0.014 0.233 0.092
2.42266 5.22629 2.28091 -0.300843 1.04547 3.54217 2.424 5.272 2.187 -0.326 1.155 3.712
3.04877 3.37107 2.99786 0.566172 0.602451 0.126555 3.086 3.363 3.096 0.572 0.718 0.024
4.20306 5.39651 3.94642 0.111765 0.330919 0.968203 4.139 5.432 3.949 0.073 0.264 0.923
3.58634 3.87006 3.42802 0.396309 0.502178 -0.135644 3.613 3.866 3.344 0.378 0.486 -0.16
2.58915 6.91812 3.91304 2.32348 2.83131 2.08245 2.418 6.888 3.916 2.436 3.019 2.229
3.89934 3.3917 3.59361 -0.386237 -0.0968678 -0.094865 3.731 3.541 3.572 -0.531 -0.241 0.044
5.27555 4.59524 4.40263 -0.401818 -0.0347811 0.458875 5.164 4.723 4.319 -0.421 -0.181 0.531
-2.66497 2.39106 -1.73897 -0.220593 2.14629 5.7239 -2.612 2.395 -1.765 -0.251 2.111 5.877
1.85617 2.24406 2.53666 0.519782 0.267038 -0.394622 1.848 2.255 2.645 0.542 0.299 -0.384
3.42008 3.71231 3.63112 0.350464 0.402326 0.0176901 3.479 3.44 3.454 0.27 0.286 -0.025
3.445 -2.70327 5.2749 -3.19017 -3.25883 -6.40251 3.39 -2.922 5.702 -3.341 -3.245 -6.34
-0.0293094 -0.197794 -0.554846 0.0207006 0.170886 0.279918 0.296 -0.184 -0.533 -0.036 0.193 0.341
3.24273 4.09727 3.26602 0.77393 0.760153 0.251508 3.194 4.239 3.293 0.786 0.795 0.213
2.33803 6.22309 6.3845 6.34505 3.265 -5.15777 2.6 6.395 6.523 6.37 3.238 -5.134
3.47064 2.43992 3.40981 -0.152998 -0.456285 -0.486137 3.574 2.488 3.398 -0.261 -0.494 -0.464
3.16461 3.56816 3.1631 -0.00644378 0.0812321 0.770598 3.202 3.622 3.061 0.198 0.235 0.804
-3.35247 -2.03695 -2.53877 -5.95457 -3.04062 3.64611 -3.475 -2.21 -2.478 -6.099 -3.004 3.668
2.1905 3.42537 2.25275 0.602534 0.731858 0.197556 2.093 3.529 2.244 0.71 0.759 0.325
4.24443 3.08009 3.92428 -0.000553057 -0.477658 -0.735794 4.155 3.034 3.888 0.08 -0.424 -0.793
3.32452 3.89496 3.05055 -0.311272 -0.0759983 0.707471 3.464 3.718 2.964 -0.285 -0.099 0.778
3.13976 2.77715 2.71141 0.181026 -0.0397783 -0.794927 3.278 2.826 2.615 0.154 -0.091 -0.813
2.41756 2.5071 2.09649 -0.724641 -0.268315 1.00008 2.521 2.602 2.037 -0.768 -0.3 1.091
3.55671 4.56208 3.3253 1.01889 1.32869 0.442579 3.64 4.447 3.359 0.94 1.311 0.534
1.94008 2.79296 1.76613 -0.164783 0.115651 1.24112 1.963 2.793 1.827 -0.119 0.143 1.27
4.71497 4.2097 5.02627 0.106675 -0.12735 -0.712969 4.644 4.107 5.002 0.125 -0.15 -0.72
0.224801 1.64271 0.295857 0.196424 0.457836 0.711044 0.342 1.804 0.381 0.265 0.5 0.698
4.49461 3.99775 4.66781 0.106307 -0.501952 -0.182079 4.456 3.916 4.511 0.13 -0.526 -0.111
2.37388 2.62053 2.4283 0.300455 0.0205241 0.00575057 2.33 2.657 2.354 0.177 -0.035 0.067
4.928 5.44896 4.39171 -0.0398856 0.182021 0.639015 4.96 5.543 4.285 -0.055 0.127 0.694
2.94144 3.5724 2.91556 0.820637 0.868967 -0.160537 2.901 3.611 2.896 0.927 0.937 -0.244
2.91762 4.5386 3.07974 0.145388 0.436408 1.61401 2.89 4.422 3.096 0.25 0.467 1.543
3.34552 2.89068 3.3496 0.0639049 -0.186722 -0.823092 3.406 2.815 3.373 0.062 -0.202 -0.879
1.99334 3.07183 2.32434 0.452372 0.353722 0.0763168 1.897 3.278 2.171 0.38 0.402 0.097
3.87812 3.83508 3.8204 0.410997 0.366097 -0.476274 3.881 3.823 3.771 0.483 0.411 -0.429
2.50674 1.9978 2.44294 0.242674 -0.0077342 -0.288873 2.416 1.919 2.46 0.353 -0.04 -0.261
2.99787 2.26594 3.00411 0.0863812 -0.358473 -0.502923 2.991 2.156 2.93 0.107 -0.388 -0.534
3.33358 2.62508 2.41294 -1.01116 -0.629989 0.780635 3.311 2.726 2.45 -1.051 -0.692 0.8
4.93666 3.09061 4.74389 -0.600997 -1.05879 -0.879116 5.153 2.834 4.832 -0.612 -1.193 -0.963
3.06971 2.39807 2.87246 0.027971 0.000190985 -0.0500904 3.081 2.467 2.932 -0.005 -0.029 -0.082
5.12999 9.06372 4.41841 -8.36316 -6.1822 8.83905 4.717 8.538 4.66 -7.985 -6.478 8.686
2.91403 8.1245 4.9153 4.55051 4.16141 -0.236243 2.734 8.413 4.998 4.674 4.255 -0.302
3.51261 3.65354 2.89002 -0.943341 -0.621085 0.953574 3.618 3.656 2.954 -0.959 -0.708 1.038
2.8115 2.50035 2.36778 -0.320899 -0.255211 0.175093 2.81 2.412 2.344 -0.273 -0.19 0.166
2.70621 3.20393 2.79441 -0.279933 0.0849179 0.289414 2.697 3.087 2.839 -0.194 0.092 0.379
2.3785 1.54652 2.68578 -0.485596 -0.569093 -0.596999 2.365 1.576 2.681 -0.431 -0.55 -0.556
3.68182 2.34127 3.82341 0.0608956 -0.620838 -1.01847 3.727 2.377 3.694 0.073 -0.591 -0.878
3.80745 3.75326 3.5139 -0.374786 -0.0937244 0.705774 3.82 3.835 3.531 -0.33 -0.121 0.681
4.27883 4.1525 3.92549 -0.0832324 0.120832 -0.106232 4.333 4.118 3.727 -0.113 0.179 -0.043
2.65835 2.93993 2.85418 0.228019 0.314031 -0.135547 2.763 2.918 2.773 0.321 0.404 -0.074
3.89121 4.48654 3.98061 0.872705 0.60761 0.350602 3.785 4.43 3.842 0.877 0.616 0.417
3.912 4.74107 3.3081 -0.407638 0.119683 0.666285 3.923 4.756 3.276 -0.409 0.116 0.771
2.20051 1.29559 2.07703 0.017454 -0.279303 -0.615042 2.246 1.416 2.18 0.017 -0.255 -0.539
3.70643 4.30735 3.62712 -0.529329 0.193817 2.33065 3.752 4.33 3.692 -0.567 0.119 2.406
1.19951 1.4335 1.02526 0.328261 0.191677 0.0294031 1.211 1.453 1.033 0.366 0.117 0.038
4.92505 0.923133 4.83986 -2.22655 -2.31343 -2.35948 4.915 0.787 4.815 -2.319 -2.518 -2.411
2.76996 3.61768 2.35299 0.0110185 0.210897 0.647506 2.787 3.575 2.269 -0.043 0.154 0.632
2.47331 2.26095 2.43234 0.178319 -0.142127 -0.329023 2.555 2.296 2.472 0.118 -0.124 -0.414
3.52009 2.96266 3.67766 -0.206775 -0.258635 -0.619387 3.565 2.945 3.788 -0.303 -0.264 -0.641
3.09234 3.70363 2.52326 0.0920815 0.252468 1.04029 3.1 3.641 2.579 0.008 0.205 1.044
3.05244 3.69283 3.16308 0.215006 0.395514 0.38876 3.079 3.629 3.016 0.21 0.279 0.445
2.2205 2.23384 2.03786 0.190073 0.11048 -0.339764 2.272 2.154 2.004 0.197 0.039 -0.368
2.95542 3.79047 1.62752 -0.364185 -0.0467012 1.24353 3.069 3.953 1.516 -0.351 0.044 1.33
3.54754 2.4153 3.68278 1.00996 0.396038 -1.88547 3.498 2.265 3.65 1.118 0.322 -1.945
3.83579 4.31518 3.40665 -0.442735 -0.0718034 0.482604 3.808 4.374 3.374 -0.457 -0.085 0.551
3.60826 3.0957 2.99179 -0.285398 -0.445331 0.652905 3.584 2.945 2.926 -0.36 -0.449 0.683
3.96734 13.0713 5.39371 -2.02614 1.87939 8.84131 3.848 12.993 5.194 -2.038 1.878 8.785
3.07635 3.15036 2.2207 -0.164789 0.245744 1.09682 3.102 3.078 2.218 -0.238 0.19 0.952
9.80623 2.86494 9.73648 -6.32829 -6.32499 -3.76614 9.678 2.847 9.615 -6.355 -6.421 -3.796
3.45497 3.8494 3.03878 0.112219 0.306731 0.545555 3.427 3.808 2.945 0.177 0.257 0.556
1.93271 1.63854 2.05477 -0.0771272 0.243241 -0.0634115 2.01 1.688 2.094 -0.063 0.246 -0.048
3.96023 3.85862 3.11824 -1.39561 -1.0332 1.24898 4.072 3.825 3.177 -1.473 -1.076 1.273
3.63037 3.90861 3.52182 0.388179 0.322365 0.216589 3.449 3.919 3.543 0.377 0.391 0.15
3.54618 -0.557342 4.86484 -0.444949 -1.84169 -5.30468 3.72 -0.705 5.023 -0.449 -2 -5.398
4.04218 5.04894 4.24821 1.11406 0.748887 -0.00850973 4.09 5.09 4.266 0.91 0.632 -0.015
4.90134 -0.196548 6.04246 -0.536328 -1.97449 -5.28174 5.13 -0.433 6.133 -0.441 -2.02 -5.677
3.02651 3.34497 2.96307 0.226508 0.160125 0.00979134 3.107 3.304 2.958 0.308 0.195 -0.009
2.56437 2.76389 2.94687 0.282722 0.166938 -0.297421 2.55 2.771 2.749 0.269 0.19 -0.202
2.69757 3.44063 3.05971 0.272228 0.287619 0.0615637 2.85 3.45 2.863 0.253 0.264 0.159
2.2451 1.9114 2.04704 -0.434582 -0.479315 0.28442 2.281 1.841 1.997 -0.312 -0.393 0.314
2.06191 5.54996 2.75948 1.52241 2.2901 1.3525 1.923 5.741 2.806 1.573 2.429 1.367
2.03874 2.28123 2.12259 -0.444192 -0.167714 0.239653 2.2 2.31 2.017 -0.434 -0.079 0.3
3.25697 3.36203 3.43647 0.291332 0.449172 -0.00218626 3.162 3.432 3.545 0.26 0.391 -0.165
2.28029 3.53807 3.13678 1.48133 1.46191 -0.256731 2.264 3.531 3.031 1.562 1.44 -0.21
2.16354 2.4665 2.2582 0.351378 0.35053 0.135769 2.154 2.45 2.332 0.308 0.313 0.153
2.7393 2.60405 2.77397 -0.131008 -0.137502 -0.190343 2.781 2.686 2.8 -0.159 -0.073 -0.191
4.86485 4.87191 4.50562 0.740927 0.422475 -0.435405 4.957 4.867 4.495 0.712 0.418 -0.5
3.62987 3.89636 3.89604 1.2193 0.814933 -1.08728 3.557 3.956 3.948 1.273 0.811 -1.088
3.35612 3.92808 3.20018 -0.403141 0.072942 0.881804 3.411 3.812 3.213 -0.458 0.036 0.959
2.72152 2.73081 2.65207 0.322245 0.130604 -0.206717 2.766 2.829 2.695 0.365 0.217 -0.272
2.12271 -3.34276 8.08768 -0.359513 -2.13228 -9.8713 1.877 -3.16 8.25 -0.445 -2.125 -9.871
3.12607 3.06949 2.93533 0.477574 0.590905 -0.233327 3.196 3.008 2.895 0.469 0.542 -0.317
3.57491 2.2518 3.11827 -0.727799 -0.586824 -0.414294 3.617 2.261 3.115 -0.723 -0.551 -0.44
2.57581 3.86413 2.20499 0.0723949 0.377645 1.08147 2.634 3.905 2.171 0.113 0.457 1.181
4.08188 4.29113 4.2838 0.949351 0.683272 -0.720605 3.993 4.331 4.366 1 0.703 -0.737
2.65023 3.00325 2.81676 -0.219425 -0.104722 0.473338 2.871 3.08 2.943 -0.252 -0.189 0.44
3.07179 2.49402 3.18596 0.0509363 -0.00836134 -0.469308 3.15 2.543 3.245 -0.023 -0.088 -0.544
-1.99907 -2.01498 -2.21433 -6.01497 -2.94939 3.94507 -2.194 -1.987 -2.192 -5.977 -2.943 3.854
2.66521 2.22577 2.15765 -0.417937 -0.209974 0.604365 2.657 2.196 2.1 -0.44 -0.196 0.621
2.62095 2.49453 2.38496 0.407181 0.141537 -0.0776138 2.625 2.537 2.443 0.355 0.136 -0.043
3.85903 4.26158 4.60256 0.601211 0.706412 -0.797428 3.806 4.186 4.547 0.71 0.745 -0.822
1.83152 1.74542 2.49281 -0.218458 -0.248375 -0.353699 1.899 1.879 2.647 -0.163 -0.179 -0.327
6.42087 5.10419 5.43903 -0.200115 -0.584729 -0.451933 6.337 5.113 5.519 -0.215 -0.546 -0.467
3.82153 4.01155 3.51297 0.0248913 0.11239 0.350562 3.694 4.021 3.474 0.048 0.061 0.251
3.36646 3.18801 3.14648 -0.171435 -0.317418 -0.0597303 3.33 3.131 3.155 -0.277 -0.322 0.037
4.18096 2.2942 3.96188 -0.588494 -1.23806 -0.608019 4.181 2.278 3.8 -0.604 -1.189 -0.52
7.70327 6.37729 6.3756 -0.31781 -0.42848 0.184576 7.596 6.42 6.394 -0.285 -0.455 0.088
2.36027 2.68388 2.25572 -0.041506 0.119882 0.335304 2.399 2.643 2.165 0.085 0.195 0.343
5.84108 3.27996 4.54388 -1.10887 -1.1679 -0.0875846 5.842 3.143 4.596 -1.209 -1.24 -0.115
-3.07105 -2.17486 -2.53904 -5.95535 -3.01326 3.71933 -3.255 -2.305 -2.513 -6.019 -2.984 3.693
3.88749 3.97122 3.43415 0.796566 0.635683 0.342265 3.589 3.99 3.258 0.979 0.727 0.369
3.04291 2.79142 2.72148 0.0147505 0.051127 0.0355949 2.954 2.918 2.791 0.023 0.001 -0.04
3.59868 4.85355 3.30268 0.0731904 0.419041 0.881489 3.554 4.913 3.191 0.122 0.409 0.972
1.92318 2.30514 2.31236 0.236022 0.34588 0.382615 1.965 2.339 2.235 0.192 0.38 0.509
2.83508 3.975 3.11697 0.537061 0.708616 0.39617 2.898 4.087 3.189 0.506 0.652 0.464
3.40281 3.59594 2.754 -0.392247 -0.11244 0.816692 3.333 3.555 2.714 -0.361 -0.078 0.797
3.13572 2.73198 2.86063 -0.231971 -0.301882 -0.406765 3.084 2.75 2.934 -0.263 -0.342 -0.465
5.27548 4.76891 4.32847 -0.343691 -0.295637 0.327748 5.23 4.585 4.372 -0.419 -0.296 0.299
3.61441 2.92165 3.17083 -0.599642 -0.332984 0.334621 3.746 2.904 3.004 -0.663 -0.283 0.435
4.10494 4.72601 4.26637 0.868555 0.647306 -0.0373699 4.066 4.704 4.303 0.925 0.755 -0.055
3.63991 3.7321 3.36608 0.131256 0.121367 -0.0734251 3.741 3.78 3.363 0.151 0.089 -0.105
3.14025 3.25354 2.96903 -0.820124 -0.474097 0.477209 3.171 3.215 2.969 -0.813 -0.418 0.444
2.87424 2.84065 2.77895 -0.121222 -0.220599 0.257367 2.84 2.835 2.71 -0.055 -0.121 0.281
0.631336 1.797 1.29142 0.283952 0.405959 0.198008 0.732 2.012 1.4 0.327 0.481 0.293
2.32865 2.40542 2.17343 -0.218994 -0.17303 0.204365 2.292 2.464 2.11 -0.195 -0.147 0.228
3.77206 3.28818 3.4744 -0.62755 -0.477794 0.54985 3.825 3.344 3.568 -0.656 -0.55 0.589
3.24745 3.80312 2.97329 0.474233 0.87025 0.772746 3.186 3.904 3.013 0.439 0.922 0.829
2.91708 2.26619 2.85363 0.323826 0.206977 -0.702131 2.954 2.273 2.879 0.29 0.183 -0.747
2.99923 3.87302 2.88066 -0.733962 -0.0983617 1.10293 3.149 3.941 2.924 -0.658 -0.065 1.203
2.27903 2.44345 2.46392 0.636443 0.31572 -0.228933 2.307 2.339 2.403 0.743 0.347 -0.29
4.49172 4.6463 4.83558 0.289082 0.310512 -0.384032 4.393 4.73 4.929 0.19 0.213 -0.503
3.36682 3.20041 3.65298 0.411169 0.406987 -0.463451 3.244 3.277 3.622 0.336 0.33 -0.619
2.60403 1.56666 2.88135 1.04524 0.0361674 -1.64598 2.693 1.659 2.984 1.056 0.018 -1.711
3.52125 3.36794 3.09681 -0.147643 -0.623472 0.102761 3.578 3.316 2.954 -0.052 -0.623 0.016
3.35118 3.30941 3.39661 0.00642639 -0.0916516 -0.42132 3.295 3.286 3.415 0.123 -0.079 -0.527
4.34174 4.30796 3.61564 -0.29831 0.177207 0.706137 4.275 4.366 3.489 -0.38 0.126 0.759
2.96102 3.29124 2.94255 0.572832 0.541539 -0.539267 2.973 3.347 2.861 0.704 0.617 -0.488
2.65059 1.80482 2.48956 0.0416635 -0.183791 -0.606226 2.653 1.827 2.46 0.079 -0.178 -0.603
2.57761 2.84184 2.32124 -0.0934861 0.238901 0.248701 2.547 2.782 2.353 -0.136 0.203 0.231
3.35861 3.49758 3.46822 0.349181 0.21478 0.0201184 3.365 3.5 3.475 0.328 0.149 -0.047
2.32135 2.3987 2.32264 -0.205795 -0.0175282 0.336568 2.336 2.543 2.401 -0.245 -0.053 0.506
3.22207 2.95579 3.00951 -0.0247335 -0.138746 0.0517601 3.188 3.11 3.13 -0.03 -0.13 0.03
3.08154 2.75937 2.86008 0.00892988 0.303508 -0.340387 3.211 2.711 2.949 -0.021 0.224 -0.404
2.05231 3.80189 1.61458 -0.0368713 0.575696 1.87877 2.042 3.9 1.488 -0.018 0.568 1.935
2.64103 3.33946 2.341 -0.794401 -0.112202 0.862318 2.887 3.456 2.364 -0.613 0.014 0.815
3.13976 2.45804 3.25827 0.26622 -0.0403712 -0.960477 3.281 2.392 3.275 0.24 -0.103 -0.964
4.95657 8.02115 4.00635 -1.57915 0.469701 3.97701 4.9 8.235 3.957 -1.545 0.579 4.223
2.68916 2.66398 2.74541 0.603438 0.297301 -0.195231 2.754 2.716 2.831 0.562 0.259 -0.179
2.37846 2.04763 2.18329 -0.406073 -0.330863 0.301645 2.452 2.06 2.155 -0.427 -0.353 0.33
3.98012 2.26759 3.96302 -0.0674048 -0.472338 -1.45777 3.987 2.374 3.982 -0.126 -0.509 -1.564
3.43196 3.37359 3.42151 -0.696438 -0.488199 0.808705 3.312 3.32 3.409 -0.784 -0.423 0.773
1.98686 2.42801 2.04069 0.346867 0.624054 0.0558118 1.981 2.444 2.046 0.436 0.639 -0.009
3.54399 2.67834 3.05081 -0.142038 -0.244358 -0.208393 3.481 2.592 2.988 -0.183 -0.311 -0.226
2.87401 3.48667 3.12833 0.899929 0.715484 -0.217974 2.768 3.658 3.032 0.867 0.702 -0.066
5.62168 3.39781 5.86111 -0.267083 -1.23884 -1.40849 5.462 3.541 6.001 -0.3 -1.231 -1.481
3.66576 3.5461 3.61378 0.385547 0.201804 -0.452743 3.569 3.592 3.543 0.388 0.224 -0.463
1.49824 2.97145 2.00606 1.1032 1.25212 0.205686 1.559 2.915 1.979 1.209 1.381 0.195
3.42104 2.12889 3.21156 -0.662181 -0.770885 -0.403867 3.357 2.086 3.24 -0.623 -0.766 -0.405
3.88323 3.73513 3.47032 0.303295 0.564035 -0.0323869 3.837 3.701 3.567 0.307 0.653 -0.017
4.29064 3.70045 4.46409 0.995246 0.69145 -0.901521 4.261 3.647 4.496 1.06 0.735 -0.908
3.95012 4.57667 3.50496 -0.113625 0.530669 0.649735 3.855 4.63 3.504 -0.051 0.625 0.797
7.04039 5.08429 5.50267 -2.79547 -2.1415 1.6098 6.895 5.029 5.723 -2.886 -2.283 1.521
3.63821 3.21125 3.92008 -0.0320692 -0.303631 -0.307924 3.815 3.245 3.984 0.014 -0.335 -0.343
5.19655 1.44867 4.58646 -2.01247 -2.58183 -2.21617 5.319 1.481 4.647 -2.125 -2.589 -2.309
4.29526 4.30876 4.35413 0.313968 0.0841634 0.275663 4.38 4.353 4.333 0.309 0.156 0.365
3.1804 4.59902 3.39983 0.393506 0.802711 0.87517 3.077 4.728 3.504 0.362 0.818 0.838
3.62627 3.92658 3.52074 0.496429 0.327932 0.0530937 3.567 3.963 3.565 0.522 0.45 0.002
1.61021 1.33995 2.62217 -1.34267 -0.674765 0.286262 1.698 1.355 2.849 -1.426 -0.7 0.284
3.19211 3.35286 2.81785 -0.158863 0.0845873 0.586942 3.12 3.437 2.891 -0.151 0.11 0.623
2.53932 2.29912 3.08897 0.232515 -0.0468883 -0.835261 2.715 2.376 3.127 0.252 -0.017 -0.883
2.44535 2.01314 2.06923 -0.35244 -0.459393 0.159743 2.419 2.273 2.069 -0.372 -0.421 0.201
2.7853 2.81002 2.89551 0.681372 0.489669 -0.371345 2.88 2.835 2.928 0.786 0.551 -0.379
-1.9718 -2.02553 -2.22945 -5.95429 -2.93118 3.91176 -2.117 -1.972 -2.175 -5.932 -2.94 3.841
4.02762 4.4624 2.75505 -0.112306 0.319237 0.821891 4.021 4.508 2.519 -0.122 0.344 0.838
5.77156 3.76475 5.57003 -0.0419465 -0.585485 -1.455 5.73 3.574 5.467 -0.061 -0.665 -1.558
5.32611 4.9886 5.18607 0.1147 0.521823 0.170837 5.288 4.883 5.143 0.054 0.474 0.059
3.87868 4.42417 4.14872 0.58448 0.36271 -0.149672 3.912 4.437 4.042 0.662 0.449 -0.248
3.59571 3.44122 3.4671 0.463206 0.347302 -0.222398 3.58 3.519 3.455 0.467 0.414 -0.305
3.22537 3.70552 3.0098 0.586478 0.465404 0.108774 3.2 3.706 3.079 0.463 0.48 0.167
3.30263 3.62057 3.06549 0.170009 0.171225 0.334287 3.27 3.552 3.117 0.189 0.131 0.344
3.02412 3.76206 2.74957 -0.063084 0.276597 0.519127 3.093 3.716 2.654 -0.094 0.246 0.541
3.42773 3.32522 2.92641 -0.153401 0.0469231 0.320687 3.474 3.396 2.868 -0.185 0.072 0.429
4.61982 4.29189 3.43798 -4.34747 -2.7977 3.76514 4.821 4.226 3.665 -4.679 -2.895 3.912
3.2967 2.60171 2.27715 -0.764626 -0.595927 0.509706 3.329 2.546 2.309 -0.726 -0.608 0.537
2.80726 2.67271 2.24431 -0.682599 -0.492478 0.235001 2.849 2.689 2.148 -0.713 -0.488 0.332
3.37069 3.23588 3.15079 0.200828 0.178109 0.33044 3.337 3.279 3.035 0.245 0.254 0.392
4.30019 3.23009 3.45406 -0.350961 -0.377848 -0.262764 4.322 3.135 3.53 -0.303 -0.402 -0.357
2.2575 3.06172 1.86991 -0.852459 -0.102807 1.80819 2.361 3.041 1.87 -0.926 -0.054 1.853
2.79317 2.94804 2.74953 -0.331444 -0.0290958 0.615478 2.635 2.909 2.755 -0.285 -0.068 0.624
3.90225 3.5668 3.85853 -0.0917277 -0.328773 -0.0945982 3.897 3.616 3.847 -0.09 -0.238 -0.096
4.18841 4.03243 2.83782 -8.37952 -6.15807 3.33134 3.941 4.218 2.695 -8.573 -5.969 3.233
3.62061 3.11401 3.30357 0.186593 -0.14834 -0.477355 3.566 3.064 3.183 0.215 -0.171 -0.5
5.12255 4.84158 4.72967 -0.258635 -0.549833 0.329281 5.15 4.831 4.709 -0.215 -0.536 0.314
4.83548 4.1105 3.99121 -1.30126 -1.0171 1.0518 4.724 4.14 4.081 -1.29 -1.112 1.043
3.75938 3.66206 3.26183 0.0793837 0.168093 0.377899 3.852 3.775 3.243 0.082 0.137 0.346
-2.95639 -4.92866 0.295222 0.439971 -1.48975 -6.98625 -3.187 -5.048 0.329 0.418 -1.491 -7.021
3.88679 4.16928 3.58068 -0.333804 -0.00956047 0.216971 3.831 4.29 3.573 -0.338 -0.016 0.261
2.50045 2.55334 2.98256 0.297148 0.513131 -0.413056 2.596 2.648 2.912 0.26 0.573 -0.338
4.91249 4.40151 4.35177 -0.551671 -0.30533 0.26913 4.782 4.287 4.399 -0.542 -0.414 0.278
3.70151 3.00851 2.94323 -1.14748 -0.842729 0.827302 3.789 2.984 2.828 -1.179 -0.831 0.82
2.94257 3.05477 2.77316 0.0304833 0.32515 0.217851 3.03 3.064 2.711 0.254 0.365 0.105
4.0132 3.46339 4.09361 0.145326 -0.158698 -0.591118 3.903 3.52 4.193 0.124 -0.214 -0.594
4.08929 3.1434 3.75237 0.424538 -0.112714 -0.761598 4.129 3.183 3.715 0.366 -0.074 -0.748
2.65797 3.49099 3.42338 0.860484 0.671797 -0.686015 2.709 3.704 3.485 0.818 0.697 -0.698
3.26577 3.73306 2.94826 0.280302 0.261685 0.183776 3.18 3.882 2.907 0.323 0.305 0.266
0.901353 4.65224 1.07459 -1.99545 -0.0934914 5.00994 0.935 4.622 1.007 -1.996 -0.128 5.181
5.20152 5.90415 4.25759 -0.00847808 0.325753 1.27791 5.058 5.852 4.103 0.057 0.361 1.243
4.84598 4.04333 4.54891 -0.306664 -0.185617 -0.419126 4.701 4.017 4.516 -0.288 -0.227 -0.434
3.63795 5.98774 2.99238 -0.590212 0.767208 3.29411 3.608 6.04 2.86 -0.602 0.827 3.493
3.05905 2.62838 2.96721 -0.263991 -0.0754042 0.128457 3.182 2.576 3.006 -0.178 -0.049 0.126
3.42213 3.96506 3.44636 0.376278 0.353315 0.0499814 3.471 4.075 3.392 0.401 0.374 0.098
3.86208 3.92353 3.59119 -0.435608 -0.356507 0.968016 3.872 3.96 3.612 -0.502 -0.38 1.035
6.1415 4.93322 5.07636 -0.987136 -0.660761 0.94939 6.187 4.919 5.152 -1.045 -0.613 0.994
2.53112 0.129152 5.82119 1.39137 -0.696307 -6.50703 2.757 0.191 6.002 1.431 -0.717 -6.734
2.85314 0.894458 3.45636 0.734801 -0.62096 -2.89149 3.004 0.867 3.548 0.85 -0.725 -3.063
3.90609 3.60054 3.06712 -1.09518 -0.781261 1.48966 3.957 3.677 3.063 -1.121 -0.759 1.462
3.05908 3.4978 2.96738 0.584039 0.597133 0.0717261 2.918 3.44 2.931 0.548 0.589 0.113
4.28946 4.39645 4.16419 0.31794 0.30596 -0.163519 4.286 4.36 4.075 0.334 0.272 -0.115
4.89079 3.07085 4.96703 0.428309 -0.371547 -1.30192 4.77 2.986 4.825 0.531 -0.395 -1.318
3.74266 3.49166 3.97515 0.891007 0.419038 -0.866883 3.724 3.556 3.895 0.97 0.51 -0.909
3.31551 3.66539 3.26701 0.42159 0.412476 0.289636 3.353 3.694 3.212 0.501 0.388 0.243
2.90364 3.95891 2.57315 -0.383719 0.224874 1.79883 2.926 3.886 2.485 -0.324 0.199 1.832
2.65272 3.36263 5.07634 3.18873 1.10208 -3.1551 2.55 3.399 5.324 3.138 1.174 -2.918
2.4938 2.84615 2.84607 0.318304 0.315829 -0.200679 2.627 2.914 2.837 0.373 0.276 -0.264
3.1558 4.30977 3.12052 0.304939 0.457297 0.591022 3.073 4.305 3.035 0.379 0.428 0.66
2.90015 3.57214 2.54724 -0.698282 -0.315743 1.14824 2.932 3.511 2.539 -0.791 -0.357 1.243
3.9807 2.30421 3.98582 -0.223583 -0.162624 -1.08171 3.935 2.383 3.997 -0.156 -0.253 -1.092
3.37738 2.42041 3.4485 0.488487 -0.167034 -0.910693 3.285 2.424 3.388 0.546 -0.106 -1.013
4.00175 4.40515 3.80572 0.601191 0.579772 0.198475 4.132 4.423 3.805 0.625 0.66 0.147
3.95428 4.39722 3.39079 -0.0121634 0.180846 0.942942 3.968 4.426 3.435 -0.073 0.281 1.096
3.25934 4.11404 3.08327 0.272589 0.588288 0.848748 3.223 4.213 3.031 0.277 0.613 0.917
2.91572 3.10934 3.03264 1.11534 0.657855 -0.4939 2.931 3.094 2.931 1.16 0.672 -0.382
2.58188 -2.74424 4.74318 -0.554597 -2.49325 -6.96435 2.706 -2.672 4.673 -0.521 -2.345 -7.009
3.95937 2.31201 5.49578 1.83699 -0.0158317 -4.01892 4.017 2.394 5.517 1.946 0.025 -4.142
2.94036 2.50758 2.85151 -0.11029 -0.244191 -0.353451 3.091 2.604 2.893 -0.071 -0.235 -0.414
5.56733 7.49426 5.8733 1.32088 1.51841 0.713894 5.367 7.668 5.975 1.361 1.569 0.737
3.82204 8.70582 9.63896 6.97535 4.24477 -6.1183 3.823 8.69 9.595 6.912 4.326 -6.137
5.61723 6.39576 5.58317 0.728351 0.720423 0.330778 5.581 6.53 5.634 0.718 0.745 0.294
1.46432 -3.78599 8.03487 1.97276 -2.09886 -10.6642 1.449 -3.699 8.279 1.89 -2.395 -10.795
-1.09598 2.37556 -0.781133 -3.59156 -1.41087 6.53405 -1.353 2.227 -0.748 -3.342 -1.342 6.474
4.35744 5.83375 3.58054 0.173193 0.929799 1.53684 4.29 5.777 3.416 0.098 0.857 1.616
3.73644 4.09462 3.15932 -0.610595 -0.134716 1.25465 3.674 4.164 3.172 -0.588 -0.194 1.241
3.42149 3.72849 3.22438 0.0994166 0.106407 0.143664 3.419 3.64 3.215 0.097 0.064 0.098
4.51064 4.58321 4.04189 -0.373753 -0.559145 0.707263 4.534 4.487 4.087 -0.437 -0.672 0.714
1.63129 -2.4215 7.81331 1.7795 -1.66014 -9.92247 1.239 -2.515 7.997 1.712 -1.465 -9.832
3.11481 2.60379 3.24247 -0.145973 -0.519769 -0.581183 3.103 2.724 3.353 -0.16 -0.59 -0.662
4.07332 1.11495 7.56445 2.34389 -0.49591 -6.7998 4.161 0.942 7.299 2.343 -0.579 -6.718
-2.83077 -2.11964 -2.45882 -5.92998 -2.991 3.749 -3.068 -2.143 -2.454 -5.973 -2.999 3.705
6.49787 -2.2771 12.3902 -1.89446 -3.61727 -10.4766 6.658 -2.208 12.551 -2.334 -3.128 -10.663
3.83942 4.02684 3.56164 -0.0475064 0.00882221 0.645316 3.798 3.908 3.562 -0.007 -0.021 0.603
4.57317 4.24532 4.55396 0.119674 0.22938 -0.236168 4.35 4.235 4.419 0.067 0.263 -0.107
3.6167 4.00844 3.18362 -0.448329 -0.290953 0.522924 3.496 4.1 3.309 -0.453 -0.277 0.52
8.96201 6.51673 6.93659 -6.52315 -5.29133 4.46728 8.881 6.607 6.904 -6.389 -5.125 4.412
3.46648 3.46539 3.61697 0.219159 0.172071 -0.0194448 3.35 3.412 3.566 0.175 0.165 0.025
3.87302 1.36432 4.72829 0.745516 -0.428307 -3.1042 4.086 1.268 4.725 0.8 -0.46 -3.379
4.77315 3.63547 5.40921 0.985883 0.121809 -1.85477 4.707 3.555 5.223 0.931 0.041 -1.816
4.1814 2.69633 4.04906 -0.283028 -0.529899 -0.901109 4.287 2.772 4.034 -0.327 -0.426 -0.854
4.21169 4.72473 3.74925 0.495226 0.143287 0.319549 4.144 4.765 3.777 0.556 0.15 0.243
6.14109 -0.501367 7.73393 -0.850852 -3.13674 -6.9003 6.266 -0.625 7.802 -0.816 -3.005 -7.309
4.15363 3.71517 2.88042 -1.2198 -0.687699 1.1498 4.132 3.649 2.764 -1.38 -0.764 1.26
9.836 2.6397 9.62064 -6.57075 -6.41943 -3.90546 9.834 2.685 9.591 -6.497 -6.466 -3.879
3.74864 8.69935 9.6068 7.06073 4.27356 -6.18084 3.815 8.697 9.59 7 4.335 -6.177
3.36178 4.7703 3.52841 1.24052 0.902976 0.35107 3.306 4.739 3.529 1.36 0.945 0.331
3.62782 5.34601 4.19384 1.11051 1.04761 0.0508056 3.522 5.498 4.263 1.096 1.064 0.005
2.38025 3.75783 3.24543 1.44309 1.42567 -0.603926 2.43 3.979 3.308 1.477 1.382 -0.739
4.21077 6.3528 3.30958 -0.641475 0.437265 2.84143 4.04 6.662 3.345 -0.724 0.434 2.768
4.56044 6.16331 3.98731 0.0155791 0.158402 1.38962 4.459 6.274 3.893 -0.077 0.189 1.505
4.56208 3.6884 4.3358 -0.213568 -0.477232 -0.146691 4.605 3.565 4.276 -0.275 -0.522 -0.167
3.94273 4.92169 3.35956 -0.222801 0.0876013 1.47112 3.903 4.893 3.245 -0.306 0.112 1.372
3.98126 7.06686 3.43839 -2.25097 0.137659 4.85189 3.903 6.996 3.477 -2.194 0.327 4.997
4.4411 -0.479167 4.4767 -3.93742 -4.00066 -2.49394 4.512 -0.484 4.622 -4.058 -3.984 -2.646
3.62503 8.65691 9.57677 7.12793 4.32159 -6.24686 3.816 8.709 9.58 7.086 4.356 -6.216
-6.94689 2.21328 -2.3706 3.71272 4.21854 2.20817 -7.174 2.219 -2.414 3.657 4.259 2.179
5.07793 0.856384 6.36708 -0.403731 -1.48009 -4.36037 5.275 0.751 6.474 -0.389 -1.489 -4.477
6.18647 6.68775 4.29321 -6.30421 -4.50622 3.89554 5.868 6.712 4.099 -6.318 -4.468 3.849
2.57215 2.74223 6.0637 4.64218 0.957059 -6.16491 2.365 2.444 5.731 4.575 1.086 -6.047
5.31522 17.0811 7.29247 -2.61921 2.05535 9.67014 5.56 17.099 7.375 -2.573 2.056 9.618
4.0627 11.2047 5.5231 2.20176 4.03253 3.69011 3.94 11.385 5.832 2.34 4.016 3.666
5.51347 6.08791 3.4573 -5.48057 -3.70684 5.63833 5.411 6.071 3.54 -5.53 -3.734 5.633
4.10916 -1.763 6.29502 0.152699 -1.94407 -6.74783 4.181 -1.824 6.312 0.18 -1.853 -6.925
-0.637378 7.41605 2.3475 5.16817 5.29422 -0.381457 -0.783 7.108 2.094 5.246 5.409 -0.367
0.246119 5.60205 2.02561 3.46101 4.01407 0.68375 0.397 5.562 2.026 3.578 4.035 0.772
11.747 4.89449 13.1814 -7.06875 -7.62686 -4.20708 11.826 4.968 13.154 -7.065 -7.579 -4.213
8.72258 16.0352 7.85961 -0.895502 2.49212 7.62093 8.429 15.768 8.029 -0.907 2.642 7.707
6.24405 8.44664 5.14574 -5.82328 -4.59089 6.76496 6.088 8.378 5.203 -5.734 -4.513 6.611
1.49101 1.34829 5.83344 3.90693 0.418716 -6.48242 1.266 1.364 5.679 3.984 0.479 -6.263
3.78835 -0.772414 10.6952 2.69701 -1.33298 -10.5575 3.762 -0.838 10.832 2.642 -1.238 -10.564
0.882751 12.696 4.30494 4.96318 6.91861 2.09607 0.965 12.512 4.518 4.903 6.906 1.961
10.6533 2.88945 8.79438 -5.98712 -5.7293 -2.50005 10.621 2.991 8.445 -6.116 -5.523 -2.513
6.42588 -1.90556 10.3498 -1.51348 -3.41291 -9.15347 6.134 -2.008 10.184 -1.409 -3.101 -9.193
-1.36682 11.2679 3.07309 5.0368 7.59116 1.12495 -1.469 11.076 2.903 4.9 7.575 1.109
11.679 4.73581 13.1628 -7.14525 -7.75539 -4.24969 11.788 4.69 13.045 -7.179 -7.802 -4.23
6.13997 -0.607302 10.4086 -0.9836 -3.01922 -8.35551 5.946 -0.625 10.715 -0.903 -3.09 -8.519
-2.88591 8.73108 0.931287 4.70048 7.05352 1.58838 -2.731 8.964 0.78 4.689 6.995 1.68
4.17013 -1.72636 11.629 1.94568 -1.95942 -10.6801 4.098 -1.651 11.825 1.89 -2.036 -10.545
7.61389 0.788833 13.3471 -1.29556 -3.89203 -8.85755 7.758 0.78 13.388 -1.181 -3.79 -9.083
8.28941 0.353465 15.3661 0.581767 -3.20813 -11.5285 7.903 0.548 15.585 0.63 -3.045 -11.341
6.02696 13.0259 6.0273 -6.74047 -4.69006 9.59826 6.065 13.17 6.685 -6.69 -4.619 9.725
6.61897 -0.0346759 15.4537 1.83559 -2.55988 -11.764 6.094 -0.146 15.419 1.804 -2.4 -11.543
5.17947 15.3526 6.47472 -3.35162 1.94476 8.65109 5.015 15.3 6.755 -3.337 1.892 8.709
6.01069 -0.428056 16.1147 3.05379 -2.07638 -12.7024 5.919 -0.719 15.906 2.953 -2.385 -12.766
12.0034 2.17096 27.9718 1.97771 -3.51229 -15.9974 12.002 2.106 28.216 1.763 -3.585 -16.141
0.0131596 0.0131575 0.0112641 -0.000197592 -1.51095e-06 0.000446565 0.047 0.047 -0.254 -0 -0 0
0.0109197 0.0109175 0.00708888 -1.14414e-05 -1.72195e-06 1.61872e-05 0.045 0.045 -0.259 -0 -0 0
0.0100352 0.010033 0.00574582 1.66302e-05 -1.71228e-06 -9.98942e-05 0.044 0.044 -0.26 -0 -0 -0
0.00866704 0.00866518 0.00282303 0.000179582 -1.49134e-06 -0.000424939 0.043 0.043 -0.263 0 -0 -0
-0.182824 0.101374 0.109524 -0.0610943 -0.00746923 -0.0362798 -0.191 0.101 0.109 -0.063 -0.008 -0.037
-0.182824 0.101374 0.109524 -0.0610943 -0.00746923 -0.0362798 -0.191 0.101 0.109 -0.063 -0.008 -0.037
-0.182823 0.101374 0.109525 -0.0610944 -0.00746921 -0.0362796 -0.191 0.101 0.109 -0.063 -0.008 -0.037
0.211691 0.152122 -0.162563 -0.202729 -0.103427 0.0772623 0.243 0.106 -0.211 -0.185 -0.102 0.075
0.48897 0.233879 0.487676 -0.157681 -0.146568 -0.138678 0.492 0.214 0.459 -0.152 -0.139 -0.132
0.351321 0.5768 0.583256 -0.0484571 -0.0059178 -0.0287763 0.327 0.583 0.59 -0.055 -0.007 -0.033
-0.229824 -0.661207 -0.483314 -0.258826 -0.215631 -0.128315 -0.185 -0.709 -0.54 -0.235 -0.208 -0.115
0.604092 0.803432 0.324175 -0.125857 -0.0130505 0.164453 0.612 0.773 0.295 -0.118 -0.015 0.149
-0.749953 0.154885 -0.433985 0.0108334 0.150863 0.193749 -0.753 0.156 -0.422 0.008 0.146 0.178
-0.194229 0.108781 0.109102 -0.0389317 0.00399277 -0.0490053 -0.202 0.109 0.109 -0.04 0.002 -0.052
-0.183334 0.109005 0.110856 -0.0710616 -0.00928584 -0.0172279 -0.192 0.109 0.112 -0.072 -0.009 -0.017
-0.163259 0.0594137 0.112706 -0.119624 -0.0504143 -0.0580304 -0.171 0.06 0.112 -0.125 -0.047 -0.061
-0.204571 0.093964 0.100689 -0.0575634 -0.00245122 -0.0386285 -0.214 0.093 0.101 -0.06 -0.004 -0.039
-0.932732 -0.239379 -0.566896 -0.0276935 0.0824809 0.0862126 -0.926 -0.243 -0.563 -0.027 0.08 0.08
-0.209902 0.096913 0.0993129 -0.0531418 -0.00278172 -0.0367672 -0.22 0.099 0.1 -0.055 -0.003 -0.037
0.692475 0.443039 1.03054 -0.0845662 -0.13272 -0.270123 0.662 0.453 1.038 -0.092 -0.125 -0.263
-0.136938 0.0794916 0.141754 -0.061405 -0.0328406 -0.114143 -0.144 0.085 0.142 -0.065 -0.033 -0.118
1.04491 -0.304814 0.74756 -0.344222 -0.451077 -0.477388 1.081 -0.367 0.685 -0.322 -0.428 -0.461
0.945513 1.23945 1.02948 -0.0255796 0.0362596 0.0717729 0.908 1.248 1.046 -0.036 0.032 0.056
-0.182845 0.101439 0.109526 -0.0609971 -0.00735851 -0.0363257 -0.19109 0.100914 0.109299 -0.0628139 -0.00764946 -0.0372176
-0.00436715 0.88965 0.336363 -0.192185 0.217209 1.05519 -0.014 0.869 0.37 -0.19 0.214 1.04
-0.162663 0.132079 0.122442 -0.119967 -0.0191031 0.0470567 -0.172 0.134 0.133 -0.127 -0.018 0.048
-0.0468954 0.116869 0.16323 -0.184209 -0.0746872 0.0112148 -0.048 0.115 0.167 -0.197 -0.072 0.011
-0.129099 0.124353 0.167919 -0.0538895 -0.0169625 -0.0696126 -0.133 0.128 0.168 -0.056 -0.016 -0.069
-0.149002 0.126931 0.152986 -0.0387659 -0.00512163 -0.0580544 -0.158 0.136 0.155 -0.041 -0.007 -0.058
0.0714481 0.244809 0.260752 -0.0903337 -0.0237253 0.0101549 0.074 0.245 0.26 -0.091 -0.019 0.017
-0.150092 0.121705 0.142064 -0.0861167 -0.0221016 -0.0233707 -0.161 0.128 0.146 -0.087 -0.019 -0.025
-0.158635 0.121473 0.132488 -0.0557321 -0.00766453 -0.0534599 -0.17 0.133 0.139 -0.06 -0.009 -0.058
-1.65843 -1.09727 -1.237 -0.0808608 0.0202843 -0.000902059 -1.619 -1.108 -1.247 -0.071 0.021 0.004
-0.205363 0.126425 0.1225 0.00235884 0.020866 -0.0823153 -0.216 0.131 0.121 0.002 0.016 -0.085
-0.566675 -0.0592592 0.987999 0.1601 0.0559948 -0.428335 -0.618 0.006 1.126 0.124 0.036 -0.458
-0.0714358 0.138592 0.177963 -0.144262 -0.0587885 -0.00958877 -0.081 0.15 0.185 -0.152 -0.057 -0.008
-0.117666 0.0901591 0.151693 -0.117098 -0.0515212 -0.0629974 -0.129 0.102 0.159 -0.128 -0.049 -0.061
0.0667908 0.241333 0.275037 -0.106981 -0.0364217 -0.0171037 0.071 0.25 0.283 -0.115 -0.039 -0.013
1.63797 -0.804756 1.63549 -0.403687 -0.73582 -1.07147 1.663 -0.873 1.605 -0.383 -0.694 -1.07
-0.0400438 0.209114 0.206162 -0.0853754 -0.017096 -0.000557232 -0.04 0.211 0.209 -0.089 -0.02 -0.003
-0.20208 0.116986 0.135749 -0.0486723 -0.00685727 -0.0551902 -0.215 0.128 0.142 -0.048 -0.007 -0.059
-0.084848 0.153383 0.227698 0.0463892 0.00756663 -0.217942 -0.09 0.172 0.221 0.047 0.006 -0.218
-0.053128 0.175198 0.214364 -0.081785 -0.0279366 -0.0265145 -0.065 0.184 0.218 -0.084 -0.023 -0.023
-0.0894882 0.0838629 0.185281 -0.0651847 -0.0570381 -0.175339 -0.098 0.093 0.188 -0.068 -0.056 -0.187
0.0997624 0.192019 0.2927 -0.0699794 -0.0657811 -0.165204 0.108 0.189 0.296 -0.074 -0.07 -0.183
-0.512512 -1.29302 -0.191784 0.167773 -0.448437 -2.17844 -0.463 -1.271 -0.21 0.174 -0.44 -2.139
0.187958 1.74761 0.612443 -0.335266 0.443712 2.15552 0.207 1.702 0.678 -0.322 0.438 2.125
0.24643 0.36136 1.14401 0.933063 0.0269 -2.2764 0.262 0.433 1.16 0.892 0.002 -2.245
-2.07829 0.461203 -2.12049 0.18224 0.568073 0.874615 -2.054 0.552 -2.159 0.146 0.569 0.844
-0.905672 1.40782 -0.211339 1.66498 1.61006 1.43338 -0.802 1.361 -0.263 1.714 1.597 1.467
3.09949 1.03296 3.41256 -0.20034 -0.611285 -1.13194 3.014 1.016 3.505 -0.21 -0.566 -1.131
-1.02583 0.992135 -0.859294 -1.09063 0.444307 2.91902 -0.982 0.968 -0.86 -1.07 0.462 2.891
0.27083 0.381906 0.419327 -0.0780426 -0.0355009 -0.0822979 0.278 0.397 0.454 -0.089 -0.037 -0.097
-0.126771 0.222886 0.243488 -0.060013 0.00354135 -0.0385806 -0.146 0.248 0.263 -0.059 0.002 -0.049
0.078593 0.142042 0.343622 -0.318163 -0.175257 -0.0433968 0.088 0.156 0.355 -0.335 -0.159 -0.046
0.278452 0.247897 0.409689 -0.247571 -0.178747 -0.133967 0.287 0.275 0.419 -0.27 -0.171 -0.137
2.57475 -0.221823 1.73538 -2.34617 -1.79429 -1.39282 2.6 -0.116 1.804 -2.374 -1.766 -1.412
0.0775412 2.45922 0.192457 -1.10896 0.206113 3.76888 0.109 2.396 0.235 -1.092 0.178 3.747
-0.217804 0.140612 -0.0190243 0.0625925 0.0938747 0.0625768 -0.228 0.131 -0.03 0.063 0.093 0.064
-0.38467 0.141586 -0.0169041 0.106251 0.138706 0.0658088 -0.4 0.142 -0.015 0.103 0.137 0.065
0.0547291 0.0929351 0.0750361 0.0566495 0.0365956 -0.0175021 0.052 0.068 0.049 0.066 0.036 -0.012
0.00638061 0.0358745 0.0269501 0.000111826 0.00558742 -0.00205673 0.007 0.01 0.006 0.007 0.005 -0.001
0.641236 -0.13585 0.227944 -0.167075 -0.221984 -0.158049 0.653 -0.193 0.177 -0.151 -0.221 -0.149
-0.613894 -0.168712 -0.670342 0.0169157 0.103359 0.178196 -0.602 -0.184 -0.703 0.023 0.105 0.187
0.0363992 0.0488443 0.0402454 -0.0370594 -0.0125692 0.0293207 0.035 0.024 0.017 -0.032 -0.013 0.033
0.54772 1.00575 0.188707 0.027497 0.146652 0.33195 0.532 0.995 0.145 0.028 0.146 0.331
0.177216 0.0860635 0.115868 -0.0553711 -0.0396044 0.00456235 0.178 0.057 0.089 -0.053 -0.042 0.008
0.728418 1.10762 0.848017 0.10599 0.135917 0.118186 0.688 1.111 0.849 0.098 0.133 0.113
0.728886 0.94538 1.08103 0.121047 0.0886632 -0.0444516 0.68 0.952 1.105 0.11 0.084 -0.051
0.00342723 0.0250918 0.0241326 -0.00623811 0.000335083 -0.00425142 -0.00029421 -0.000147105 -0.000147105 -0 -0 0
1.24799 1.15541 1.15106 0.0195382 0.00359334 0.0114767 1.215 1.141 1.138 0.017 0.002 0.01
-0.00333743 0.097313 0.0391941 -0.0232118 0.0232778 0.108813 0.001 0.078 0.01 -0.014 0.029 0.125
1.27993 0.228986 0.953221 -0.827669 -0.461296 0.0719446 1.27 0.193 0.949 -0.831 -0.442 0.071
0.0395192 0.0514396 0.0465694 -0.0266756 -0.0120099 0.00964363 0.035 0.024 0.032 -0.017 -0.015 0.005
1.1775 -0.794655 0.531738 -0.346975 -0.555519 -0.555345 1.211 -0.881 0.469 -0.322 -0.55 -0.55
-2.047 3.37453 -0.153047 2.81793 2.90725 1.90275 -1.924 3.393 -0.102 2.847 2.928 1.896
-0.363892 1.88194 0.216103 0.443479 0.687353 0.699512 -0.438 1.99 0.252 0.401 0.689 0.671
0.097169 0.182386 0.131891 0.0712157 0.0727699 0.0258091 0.093 0.178 0.101 0.081 0.076 0.042
-2.30912 -0.443624 -1.18891 0.307588 0.439434 0.285774 -2.294 -0.371 -1.123 0.287 0.441 0.278
1.33992 2.41928 1.53903 0.281227 0.397252 0.408409 1.255 2.474 1.58 0.257 0.39 0.38
-0.11653 1.26099 -1.28243 0.0349487 0.402859 0.960479 -0.114 1.296 -1.363 0.025 0.401 0.936
-0.8802 0.788304 -0.238119 1.66695 1.20792 -0.312283 -0.858 0.774 -0.27 1.667 1.22 -0.301
-1.79515 -1.50747 -2.26554 -0.111602 0.023023 0.210606 -1.713 -1.518 -2.294 -0.088 0.026 0.237
-0.769062 1.519 -1.46296 0.244245 0.669184 1.12193 -0.781 1.613 -1.526 0.207 0.67 1.086
-0.236134 1.76614 0.236179 0.414386 1.12042 2.11842 -0.221 1.745 0.223 0.429 1.129 2.115
0.816564 -1.52065 1.03003 -0.740898 -1.1262 -2.33913 0.81 -1.525 1.068 -0.728 -1.111 -2.337
0.401141 2.6276 0.477052 -0.489416 0.493859 2.79454 0.359 2.616 0.484 -0.494 0.477 2.778
0.814684 2.84397 0.434588 -0.263352 0.800173 2.81952 0.8 2.778 0.399 -0.25 0.805 2.813
0.340572 2.24921 0.189719 -0.162497 1.06682 2.91969 0.375 2.187 0.152 -0.145 1.1 2.925
-2.44737 -3.15973 -2.54952 -0.216499 -0.233871 -0.257735 -2.299 -3.15 -2.537 -0.176 -0.235 -0.238
-1.11411 -0.588144 -3.13562 -3.31812 -1.24599 3.29253 -0.978 -0.674 -3.118 -3.181 -1.273 3.254
0.394939 0.121361 0.267595 -0.192459 -0.148239 -0.0136946 0.393 0.112 0.256 -0.2 -0.157 -0.019
-0.269712 -2.85769 1.99264 0.783843 -0.578721 -5.49355 -0.212 -2.797 2.133 0.741 -0.619 -5.381
0.183587 1.45643 1.55535 2.72877 1.21772 -2.32523 0.192 1.458 1.548 2.72 1.205 -2.314
-0.0972816 1.5226 -0.730255 -1.45844 -0.169264 3.71665 -0.061 1.452 -0.768 -1.435 -0.187 3.717
-0.297757 -0.0603925 -0.0152262 0.0647779 0.06193 -0.0118387 -0.319 -0.08 -0.024 0.059 0.059 -0.019
0.194993 -0.0677176 -0.249008 -0.101862 -0.0777382 0.0637236 0.186 -0.11 -0.302 -0.099 -0.08 0.068
0.0134826 -0.268028 -0.393631 -0.10538 -0.0867576 0.0386948 0.009 -0.311 -0.444 -0.101 -0.089 0.044
-0.377431 0.39175 -0.13031 0.137139 0.217479 0.214931 -0.406 0.397 -0.145 0.124 0.217 0.211
-0.293133 0.408762 -0.342543 0.0854324 0.198357 0.298244 -0.315 0.409 -0.378 0.075 0.199 0.299
0.0615264 0.0493046 0.0478291 -0.0299472 -0.013604 0.0323465 0.04 0.023 0.02 -0.035 -0.016 0.033
0.0297729 0.0475851 0.0315765 -0.0142085 -0.0022924 0.0318967 0.009 0.019 0.007 -0.02 -0.006 0.03
-0.534733 -0.84665 -0.217972 -0.0197385 -0.10121 -0.242677 -0.536 -0.882 -0.224 -0.017 -0.105 -0.254
0.0209127 0.0300176 0.0267301 0.00270571 0.0024384 0.00285557 -0.009 0.03 0.027 -0.009 -0.002 -0.008
-0.411241 -0.90673 -0.549301 -0.109167 -0.15286 -0.14957 -0.402 -0.953 -0.582 -0.101 -0.155 -0.15
0.192037 0.0882367 0.118024 -0.0384418 -0.033129 0.00486726 0.169 0.053 0.089 -0.042 -0.038 0.002
0.816901 1.10424 1.0571 0.126745 0.117668 0.035755 0.759 1.103 1.066 0.111 0.113 0.024
0.193642 0.78827 0.258542 -0.127048 0.217785 1.01527 0.169 0.766 0.235 -0.133 0.215 1.01
-1.10986 -1.00052 -1.00199 -0.0189337 -0.000469972 -0.00915554 -1.085 -1.021 -1.019 -0.014 -0.001 -0.008
1.24602 1.14574 1.14046 0.026394 0.00552081 0.0161447 1.198 1.127 1.124 0.016 0.001 0.009
-0.289595 0.410976 -0.560264 -0.438936 -0.163705 1.14473 -0.304 0.402 -0.596 -0.449 -0.182 1.149
1.4066 1.32794 1.0858 -0.00229207 0.0131924 0.118266 1.364 1.31 1.053 -0.012 0.01 0.114
-0.50888 0.159927 -1.26384 -0.0330595 0.174918 0.523688 -0.505 0.163 -1.333 -0.039 0.177 0.533
0.0464505 0.0561928 0.0559332 0.00134724 -0.00404718 -0.00121405 0.03 0.026 0.033 -0.001 -0.008 -0.009
0.613909 -0.472767 0.452111 -0.892022 -0.283985 -0.379056 0.591 -0.508 0.492 -0.897 -0.252 -0.387
1.39781 -0.197561 1.59259 -0.118905 -0.431648 -0.753429 1.361 -0.255 1.606 -0.123 -0.432 -0.778
-0.776167 0.494344 -1.47001 0.0643917 0.348334 0.727554 -0.775 0.53 -1.538 0.046 0.353 0.731
0.118245 0.203521 0.14197 0.0836172 0.0782078 0.0526392 0.089 0.189 0.114 0.084 0.085 0.055
0.0430262 0.0734531 0.0755759 0.000645321 -0.00925875 0.00576292 0.026 0.055 0.053 0 -0.005 -0.001
-0.0910219 1.08463 0.563961 1.62787 0.877444 -0.0997896 -0.099 1.044 0.563 1.643 0.86 -0.095
0.199809 0.226577 0.199636 0.124799 0.0657144 -0.0259206 0.176 0.215 0.179 0.132 0.075 -0.029
-1.81812 -2.0284 -0.73546 0.0409511 -0.101403 -0.454811 -1.766 -2.015 -0.685 0.044 -0.109 -0.486
1.66094 -1.69371 2.02854 -0.0658175 -1.41295 -4.58331 1.772 -1.679 2.045 -0.035 -1.403 -4.601
-1.74806 -0.520398 -2.25695 0.0413339 0.292572 0.588139 -1.696 -0.48 -2.292 0.03 0.3 0.602
-0.968507 0.947673 -0.632962 0.618401 0.917095 2.01974 -0.937 0.93 -0.676 0.628 0.901 2.021
0.303573 -1.97154 1.70175 1.1321 -0.930319 -4.97431 0.413 -1.953 1.778 1.146 -0.92 -4.958
1.35494 0.0750165 0.455329 -2.50245 -1.82497 0.815482 1.317 0.113 0.45 -2.52 -1.852 0.822
-2.38379 -2.72241 -2.46345 -0.151202 -0.143076 -0.126911 -2.243 -2.695 -2.429 -0.128 -0.143 -0.117
-1.79157 2.76231 -0.717513 0.991574 2.46214 3.97921 -1.698 2.742 -0.752 1.032 2.487 4.007
-0.447604 -1.91646 -0.360369 0.330458 -0.622244 -2.93059 -0.38 -1.891 -0.338 0.336 -0.621 -2.923
0.275165 0.336031 0.290566 0.118871 0.0750778 0.0453042 0.232 0.317 0.255 0.12 0.09 0.051
-1.13078 -1.89273 -1.6052 -4.92971 -2.01093 3.23491 -0.789 -1.825 -1.505 -4.983 -2.003 3.327
-2.38698 0.691545 -1.04493 1.91684 1.59665 1.14629 -2.313 0.733 -1.006 1.907 1.582 1.138
-3.14741 -2.85415 -2.85237 -0.0587986 -0.00609054 -0.0307491 -2.952 -2.779 -2.773 -0.039 -0.004 -0.022
0.588591 1.79388 1.5866 2.49741 1.0442 -1.83917 0.585 1.826 1.634 2.48 1.046 -1.855
0.635731 -1.26615 1.19048 0.898518 -0.652541 -3.67104 0.684 -1.269 1.202 0.897 -0.648 -3.681
4.40859 4.20944 3.46807 -0.0138731 0.0551273 0.436067 4.37 4.249 3.449 -0.036 0.044 0.403
4.87764 4.17237 4.1438 -0.0251518 -0.101568 0.0789767 4.829 4.204 4.161 -0.05 -0.106 0.059
0.209607 0.311076 0.460806 0.0666708 0.037466 -0.0533382 0.161 0.292 0.452 0.063 0.04 -0.06
0.0198258 -0.301744 0.331289 0.00799924 -0.0916446 -0.251054 -0.018 -0.333 0.328 0.009 -0.09 -0.263
-0.11236 -0.622841 -0.331906 -0.107279 -0.151557 -0.122594 -0.133 -0.658 -0.364 -0.1 -0.149 -0.121
0.446447 -0.00437898 0.640911 -0.00943205 -0.120589 -0.259988 0.4 -0.04 0.634 -0.01 -0.119 -0.271
-0.429757 0.376455 -0.019877 0.164176 0.228507 0.167635 -0.472 0.385 -0.029 0.156 0.234 0.166
0.0353678 0.0199635 0.0273223 -0.0125897 -0.0095523 0.0051592 0.004 -0.004 -0 -0.012 -0.007 0.006
-0.688494 0.0576574 -0.302592 0.1375 0.199958 0.147638 -0.718 0.064 -0.313 0.132 0.205 0.148
0.689068 0.619342 0.142701 -0.0708164 -0.00923734 0.200626 0.648 0.601 0.086 -0.073 -0.005 0.207
0.753227 1.00746 0.326596 0.000864815 0.094598 0.29294 0.705 1.005 0.274 -0.006 0.1 0.298
-0.245034 -0.145333 -0.714952 -0.500425 0.118528 0.516446 -0.27 -0.148 -0.746 -0.49 0.131 0.526
0.0375165 0.0234361 0.028057 5.38453e-05 -0.00369492 -0.000113652 0.00029421 -0 -0 0 -0 0
1.13893 1.26357 0.942446 0.0369994 0.0686765 0.151733 1.084 1.259 0.913 0.029 0.073 0.151
0.100636 0.0530976 0.0758722 -0.00885011 -0.0197267 -0.0162756 0.057 0.035 0.049 -0.008 -0.014 -0.02
0.109697 0.0656391 0.0711173 -0.00432511 -0.0127598 0.00294683 0.072 0.039 0.048 -0.002 -0.009 -0.002
0.0442729 0.035906 0.056445 0.0115991 0.00147852 -0.0223415 0.005 0.022 0.037 0.015 0.01 -0.022
0.0663917 0.0437441 0.0484346 -0.0101703 -0.0122107 0.0047332 0.03 0.022 0.028 -0.009 -0.009 -0.003
0.426318 0.797352 1.48031 0.254686 0.133582 -0.273397 0.348 0.807 1.564 0.242 0.13 -0.306
1.63886 1.08335 0.123858 -0.289586 -0.161595 0.419328 1.622 1.074 0.036 -0.288 -0.162 0.428
0.375215 -0.762944 0.710175 0.443001 -0.283212 -1.88722 0.345 -0.792 0.713 0.445 -0.278 -1.893
0.0886689 0.0565409 0.0811664 -0.0362775 -0.0274203 0.0103102 0.061 0.043 0.053 -0.037 -0.019 0.015
0.0916588 0.095875 0.0688882 -0.0615864 -0.0213568 0.0704303 0.055 0.088 0.06 -0.069 -0.019 0.075
1.07533 1.31901 0.49736 -0.838394 -0.283413 1.72394 1.039 1.302 0.458 -0.845 -0.292 1.734
0.723865 -0.977171 1.13963 -0.195513 -0.476286 -1.86826 0.679 -1.009 1.184 -0.195 -0.46 -1.884
-2.15037 -1.6505 -0.824216 0.149177 0.0751123 -0.283442 -2.101 -1.607 -0.746 0.154 0.072 -0.308
0.256368 -1.4712 -0.119199 -1.2089 -1.17522 -0.956646 0.241 -1.48 -0.113 -1.199 -1.193 -0.949
0.846562 0.450798 -0.0464056 -1.7974 -0.650045 1.8489 0.834 0.436 -0.066 -1.803 -0.638 1.856
-1.4747 -2.49133 0.108434 0.0467244 -0.299893 -0.957503 -1.443 -2.429 0.176 0.041 -0.306 -1.014
-1.13729 1.39005 -1.06268 0.997307 1.40793 1.84448 -1.137 1.384 -1.111 1.001 1.42 1.854
-0.934252 -2.00037 -1.68307 -4.67848 -1.95156 3.16318 -0.626 -1.936 -1.577 -4.739 -1.94 3.253
1.69081 3.15396 2.61332 0.504217 0.560783 0.260825 1.571 3.281 2.748 0.466 0.558 0.237
0.11093 -1.7165 0.857517 0.714793 -0.448543 -3.06962 0.108 -1.728 0.888 0.718 -0.44 -3.061
-0.436473 -1.21119 -1.04566 -2.32721 -0.979902 1.63612 -0.396 -1.169 -1.005 -2.318 -0.964 1.626
1.74053 0.321204 0.515333 -2.66739 -1.82197 1.64552 1.721 0.317 0.498 -2.677 -1.837 1.657
0.421708 0.0948319 0.260403 -0.160587 -0.164867 -0.0217683 0.382 0.086 0.255 -0.178 -0.17 -0.031
0.607873 1.74168 1.56613 2.40999 1.01596 -1.78562 0.591 1.763 1.603 2.399 1.038 -1.795
3.94626 0.499071 3.63876 -0.356099 -1.00334 -1.46205 3.939 0.47 3.681 -0.364 -0.968 -1.486
3.10746 -2.31537 2.43594 -3.31399 -3.68981 -4.45913 3.101 -2.41 2.183 -3.42 -3.524 -4.563
5.45592 -0.040298 3.81647 -4.33405 -3.55184 -2.5773 5.646 0.051 3.919 -4.378 -3.546 -2.604
-0.0937457 0.24544 -0.041 0.0559654 0.100142 0.121324 -0.131 0.232 -0.072 0.051 0.103 0.122
0.0374864 0.0248953 0.0290885 0.0020168 -0.00171012 0.00160708 -0.002 0.011 0.009 -0.002 -0.001 -0.006
0.548995 -0.0262058 0.224098 -0.107841 -0.160207 -0.100758 0.507 -0.065 0.186 -0.107 -0.16 -0.102
0.0858461 0.0903256 0.07538 0.0566917 0.030191 -0.00853118 0.044 0.067 0.045 0.056 0.035 -0.012
0.0801715 0.0430127 0.0501088 -0.0223006 -0.0151556 0.0219608 0.04 0.02 0.02 -0.028 -0.015 0.024
-0.155984 0.61328 -0.113421 0.115639 0.229579 0.302908 -0.196 0.618 -0.151 0.106 0.235 0.307
0.409965 0.531902 -0.0966226 -0.0448855 0.0446419 0.264511 0.366 0.52 -0.152 -0.05 0.048 0.27
-0.0861467 -0.604084 0.344143 -0.000669323 -0.148994 -0.382049 -0.117 -0.638 0.345 0 -0.15 -0.399
0.14708 -0.388701 0.234078 0.195147 -0.0337263 -0.815804 0.111 -0.42 0.216 0.197 -0.026 -0.821
-0.962414 -0.10476 -0.202833 0.192283 0.224303 0.0479969 -0.978 -0.1 -0.194 0.188 0.227 0.041
-0.554245 0.239902 -0.251822 0.503867 0.257264 0.469393 -0.579 0.217 -0.269 0.502 0.244 0.473
0.0375011 0.0249116 0.0290399 0.00192734 -0.00177024 0.00169847 -0.000147105 -0.000147105 -0.000147105 0.000147105 0.000147105 0.000147105
-1.06981 -0.995782 -0.989589 -0.0161891 -0.00338756 -0.00966786 -1.054 -0.995 -0.993 -0.013 -0.002 -0.008
0.0373078 0.096986 0.0424323 -0.00886618 0.0219275 0.110804 0.004 0.078 0.003 -0.01 0.027 0.127
-0.0157439 0.640893 0.223319 1.07452 0.619065 -0.18584 -0.051 0.607 0.195 1.074 0.625 -0.185
-0.709585 0.634171 -0.647398 0.606144 0.808397 0.578259 -0.734 0.636 -0.688 0.599 0.823 0.582
-0.0122457 0.00805557 -0.000733041 -0.0495212 -0.0131581 0.0452934 -0.041 -0.001 -0.016 -0.055 -0.019 0.045
-0.40118 2.39064 0.0164727 -0.323 0.879839 3.77945 -0.398 2.424 -0.022 -0.311 0.867 3.776
-0.186893 0.648616 0.16019 0.529703 0.900694 0.913762 -0.216 0.628 0.131 0.528 0.926 0.896
0.4035 -0.130522 -1.22 -0.317904 -0.167401 0.422092 0.38 -0.133 -1.294 -0.317 -0.169 0.436
0.643547 -0.896142 0.991838 -0.0302532 -0.613885 -1.67611 0.603 -0.932 1.006 -0.03 -0.62 -1.687
0.0614785 1.29176 -0.672211 0.17862 0.639232 1.53311 0.024 1.279 -0.739 0.174 0.646 1.539
1.36029 1.54953 1.02347 -0.895462 -0.364149 1.32715 1.312 1.553 1.012 -0.913 -0.374 1.331
-1.18063 0.0618974 -1.07615 1.31552 1.14692 0.215521 -1.172 0.048 -1.1 1.31 1.161 0.219
-0.9034 1.66946 0.536773 0.56923 0.765236 0.487394 -0.981 1.766 0.605 0.541 0.774 0.474
-1.91671 -2.26362 -2.03972 -0.123998 -0.130502 -0.106816 -1.806 -2.201 -1.979 -0.11 -0.13 -0.099
-0.701488 2.24173 0.836256 0.667191 0.905686 0.610957 -0.786 2.369 0.912 0.633 0.917 0.598
-2.27924 0.54602 -1.64528 0.419619 0.761153 0.824428 -2.241 0.678 -1.643 0.379 0.774 0.834
0.614474 1.88801 0.234685 -0.218645 0.494399 2.44833 0.59 1.877 0.191 -0.217 0.491 2.45
-0.906248 -3.37136 -0.269753 0.55025 -1.15897 -5.44727 -0.635 -3.263 -0.214 0.585 -1.181 -5.554
0.0371076 0.121019 0.114212 0.0621273 0.036274 -0.0260694 0.015 0.108 0.108 0.052 0.034 -0.033
-0.0370934 -2.1091 0.22576 -0.908192 -1.18417 -2.28385 -0.033 -2.081 0.275 -0.897 -1.2 -2.272
-0.438088 -1.18529 -1.0495 -2.24672 -0.965328 1.59122 -0.398 -1.156 -1.01 -2.238 -0.948 1.578
0.256073 0.20743 0.301117 0.0533086 0.00439601 -0.0661023 0.222 0.194 0.278 0.045 0.011 -0.067
0.385963 0.0906608 0.247058 -0.154504 -0.159402 -0.0334224 0.358 0.085 0.241 -0.167 -0.172 -0.039
0.292877 2.49606 0.0954842 0.243954 1.05735 2.87985 0.274 2.488 0.054 0.254 1.053 2.88
2.54799 -0.219588 1.55431 -1.97796 -1.62995 -1.17522 2.515 -0.204 1.581 -1.972 -1.643 -1.177
-0.803775 2.1158 -0.658988 -1.28868 0.407861 4.61274 -0.795 2.139 -0.69 -1.283 0.405 4.607
-2.85538 -2.99958 -3.14342 -0.146179 -0.0906713 0.00416749 -2.614 -2.832 -2.984 -0.126 -0.089 0.02
3.84554 3.54733 3.54411 0.0613253 0.00502462 0.0377844 3.858 3.635 3.629 0.049 0.006 0.029
0.0273232 0.0273194 0.0271604 -0.000181805 -2.14275e-06 0.00038399 0.003 0.003 -0.116 -0 -0 0
0.0250974 0.0250935 0.023459 -7.30447e-06 -2.1865e-06 1.11573e-05 0.001 0.001 -0.119 -0 -0 0
0.0228613 0.0228575 0.0196738 0.00016803 -2.12462e-06 -0.000368496 -0.001 -0.001 -0.123 0 -0 -0
0.0258696 0.0258656 0.0248638 -7.29008e-05 -2.23844e-06 0.000160059 0.002 0.002 -0.119 -0 -0 0
5.40335 -0.0127206 3.77845 -4.23266 -3.49509 -2.52473 5.578 0.059 3.883 -4.291 -3.519 -2.558
1.07233 -3.08369 2.91346 2.17987 -1.00328 -7.51436 1.316 -3.107 2.9 2.213 -1.062 -7.484
0.498162 -0.0431622 0.177132 -0.104564 -0.152149 -0.0903763 0.468 -0.075 0.149 -0.103 -0.153 -0.09
0.269441 0.644775 0.337118 0.0728171 0.121365 0.133743 0.242 0.629 0.308 0.07 0.123 0.136
0.0726329 0.0855479 0.0666984 0.0530945 0.0313319 -0.00729256 0.047 0.065 0.044 0.056 0.036 -0.009
0.0647328 0.0413416 0.0404165 -0.02422 -0.0122536 0.0257796 0.043 0.023 0.018 -0.027 -0.014 0.028
0.0484293 0.0365651 0.0393551 0.00275278 -0.00122367 -0.00420789 0.031 0.013 0.017 0.004 -0.001 -0.004
0.01937 0.0111097 0.0227797 0.00221117 -0.00438627 -0.0210478 0.004 -0.013 0.002 0.004 -0.005 -0.022
0.0268836 0.0214243 0.0241972 -0.00509353 -0.00362211 -0.000469684 0.01 -0.001 0.004 -0.004 -0.004 -0
0.0582864 0.0441179 0.0372541 -0.0212503 -0.00880429 0.0272069 0.038 0.024 0.016 -0.023 -0.01 0.029
-0.602813 -0.413373 -0.677479 -0.00584173 0.0422682 0.100386 -0.594 -0.413 -0.689 -0.004 0.043 0.105
0.406114 0.774572 0.077135 0.0156886 0.122249 0.299851 0.374 0.769 0.031 0.009 0.124 0.306
0.0457034 0.0315156 0.0417785 -0.00105698 -0.00390208 -0.012704 0.028 0.007 0.02 -0 -0.005 -0.013
0.245514 -0.61114 -0.242291 -0.177727 -0.247758 -0.155413 0.227 -0.637 -0.263 -0.173 -0.249 -0.154
0.679717 -0.0643273 0.74103 -0.0616084 -0.206756 -0.341054 0.649 -0.106 0.73 -0.059 -0.209 -0.35
0.292477 0.9703 0.541922 0.145451 0.216685 0.186884 0.264 0.962 0.517 0.141 0.219 0.189
0.601611 0.897271 0.0880527 -0.0179712 0.103536 0.351304 0.567 0.895 0.036 -0.026 0.105 0.358
-0.574846 -0.00657666 0.0333594 0.583303 0.599297 -0.13542 -0.579 -0.026 0.033 0.586 0.616 -0.146
0.929531 0.443367 1.09643 -0.00203807 -0.125267 -0.279095 0.896 0.405 1.091 -0.001 -0.128 -0.289
-0.662415 0.0917052 0.445391 0.23382 0.201889 -0.143147 -0.666 0.079 0.47 0.239 0.199 -0.155
0.0153753 0.0232308 0.0362165 0.0097253 -0.00169869 -0.033433 0.012 -0.012 0.006 0.019 -0.001 -0.034
0.00375328 0.0360456 0.0286119 -0.00537742 0.00027752 0.00903653 0.001 0.004 -0.009 0.002 0.003 0.015
0.0551708 0.099291 0.0424264 9.95116e-05 0.0277552 0.084732 0.027 0.094 0.025 -0.005 0.029 0.09
0.0106523 0.0254021 0.0408044 0.0587475 0.0215111 -0.066482 -0.003 0.003 0.028 0.065 0.027 -0.072
0.011602 0.0271183 0.0253607 -0.00448367 -0.000480918 0.00878835 -0.002 0.011 0.006 -0.003 -0 0.01
0.0257061 0.126653 0.0509337 0.0844206 0.0699299 0.0375225 0.005 0.11 0.025 0.093 0.083 0.039
0.114215 0.0863542 0.0837331 -0.0201189 -0.0121262 0.0176024 0.086 0.075 0.068 -0.026 -0.016 0.017
0.0973093 0.0049916 0.0547001 -0.0721744 -0.0578748 -0.00901764 0.085 -0.019 0.038 -0.076 -0.067 -0.01
-0.0180451 0.00523323 -0.00151906 -0.0258163 -0.0057037 0.01786 -0.026 -0.011 -0.02 -0.026 -0.008 0.023
-0.0022475 0.0424055 0.0513908 0.108336 0.0506211 -0.101223 -0.012 0.014 0.036 0.12 0.058 -0.11
0.0709693 0.0422541 0.0415624 -0.0450429 -0.0230111 0.0367533 0.053 0.029 0.026 -0.05 -0.028 0.038
0.529221 1.42708 1.14707 0.247066 0.29576 0.124708 0.499 1.426 1.148 0.244 0.298 0.122
-0.544963 0.168562 -0.809557 -0.34175 0.150002 1.31879 -0.541 0.174 -0.831 -0.341 0.147 1.313
-0.0184064 -0.00875119 0.00351946 -0.0202578 -0.0146539 -0.0183908 -0.024 -0.022 -0.005 -0.022 -0.018 -0.019
0.241682 0.166306 0.193919 0.0678069 0.0153644 -0.0629203 0.202 0.15 0.187 0.065 0.016 -0.074
-0.00257834 0.0249981 0.0442786 0.0412675 0.0142809 -0.0583428 -0.009 0.009 0.025 0.048 0.015 -0.061
-0.033389 0.0450836 -0.000377909 -0.0456302 0.00148909 0.0850454 -0.033 0.035 -0.023 -0.047 0.003 0.095
0.195915 0.0420075 0.143835 -0.0452916 -0.0645434 -0.0772233 0.168 0.029 0.146 -0.052 -0.075 -0.086
0.226533 0.219744 0.165901 0.0146236 0.0255134 0.0659192 0.196 0.215 0.151 0.011 0.028 0.07
3.42708 -2.0079 6.67978 0.560885 -2.40527 -9.31183 3.603 -1.842 6.624 0.566 -2.445 -9.158
0.993362 -2.01232 1.48092 -0.595273 -1.19403 -3.89308 0.986 -1.953 1.534 -0.575 -1.208 -3.89
0.28996 0.188386 0.203034 -0.027901 -0.0232495 0.0202985 0.271 0.169 0.177 -0.032 -0.029 0.02
-0.541453 0.815823 -0.0955419 0.725693 0.714049 1.48846 -0.551 0.814 -0.106 0.736 0.68 1.474
1.46688 -1.32269 0.939192 -0.379752 -0.795678 -0.978888 1.448 -1.363 0.931 -0.373 -0.791 -0.989
-0.67363 -2.09298 -0.361083 -0.682997 -0.762735 -1.46602 -0.621 -2.058 -0.296 -0.662 -0.76 -1.452
-0.18586 1.62777 -0.0461276 0.727129 0.514174 1.75751 -0.21 1.616 -0.034 0.734 0.473 1.769
-2.24355 1.69032 -1.48102 2.52538 3.35305 0.574015 -2.194 1.723 -1.44 2.491 3.321 0.565
-2.0301 1.14731 -1.28157 0.49805 0.899616 0.948336 -1.986 1.281 -1.295 0.462 0.912 0.957
-6.24213 2.45659 -1.92126 4.3013 4.01346 2.55353 -6.063 2.456 -1.932 4.247 4.054 2.502
-1.1301 1.37874 0.0178852 2.11468 1.62319 -0.373036 -1.12 1.385 0.03 2.09 1.641 -0.366
0.254818 0.27841 0.178323 -0.0264141 0.0360197 0.152966 0.245 0.273 0.164 -0.029 0.03 0.165
-0.0752157 -1.5874 1.45013 1.76678 -0.237914 -4.60442 -0.034 -1.543 1.483 1.745 -0.219 -4.599
-1.28387 -0.642608 -0.230248 1.69129 0.617352 -2.13093 -1.229 -0.606 -0.194 1.66 0.642 -2.118
-0.458704 -1.17772 -1.07159 -2.184 -0.95747 1.55163 -0.397 -1.141 -1.016 -2.168 -0.934 1.535
0.35555 0.11542 0.307112 0.0155199 -0.0695382 -0.229919 0.351 0.087 0.321 0.005 -0.091 -0.256
-4.28814 1.49494 -1.71081 3.28613 2.95221 1.95348 -4.151 1.63 -1.587 3.422 2.947 2.033
-2.79829 1.20517 -1.39361 0.84704 2.28446 4.2912 -2.657 1.374 -1.501 0.9 2.287 4.369
0.609282 1.66939 1.53649 2.29127 1.00142 -1.70046 0.606 1.666 1.558 2.268 1.009 -1.699
3.53843 2.0179 3.52403 -0.080996 -0.419956 -0.719534 3.578 2.037 3.628 -0.083 -0.422 -0.739
-0.448664 4.40353 2.6617 6.01055 4.35975 -2.85851 -0.623 4.333 2.447 6.216 4.288 -2.869
3.74837 3.50536 3.49791 0.0541289 0.00685419 0.0322026 3.815 3.598 3.591 0.048 0.006 0.029
0.524421 -2.45649 0.9227 -0.143421 -1.28668 -3.35855 0.55 -2.42 0.962 -0.133 -1.288 -3.328
1.43561 -1.26092 -0.114219 -2.81055 -2.65001 0.605621 1.418 -1.233 -0.107 -2.776 -2.649 0.613
1.36154 5.55858 2.10916 -0.950609 1.24984 5.91326 1.49 5.709 2.188 -0.945 1.275 5.996
2.54364 -1.44337 2.61673 -0.627123 -1.73415 -3.44832 2.514 -1.439 2.638 -0.612 -1.733 -3.443
2.9283 2.42876 4.61075 3.44389 1.79369 -4.13836 2.904 2.463 4.579 3.331 1.716 -4.09
2.038 3.20476 3.06546 1.76406 -0.0285121 -0.219884 2.034 3.263 3.548 1.846 -0.213 -0.144
-6.02161 2.36576 -1.99029 4.19643 4.00728 2.49615 -5.892 2.411 -1.954 4.217 4.05 2.485
2.13352 5.07373 0.952352 -3.52844 -1.82609 7.51891 2.163 4.711 1.034 -3.558 -1.849 7.505
-0.881216 -3.35673 -0.267431 0.55657 -1.08885 -5.12365 -0.668 -3.184 -0.237 0.564 -1.109 -5.207
2.54947 6.40191 6.76208 6.36915 3.34714 -5.17396 2.661 6.403 6.691 6.321 3.409 -5.139
1.33617 -3.07248 1.34889 -1.73975 -2.23552 -3.59255 1.357 -3.014 1.411 -1.7 -2.232 -3.562
-0.951521 -0.0458347 -0.599607 -0.262279 0.0647335 0.516497 -0.999 -0.17 -0.6 -0.182 0.116 0.504
3.20076 3.95873 1.00555 -6.27505 -3.59425 6.58452 3.309 3.681 1.157 -6.183 -3.688 6.439
-3.52149 3.59007 -0.445039 5.4323 4.35279 -0.499761 -3.48 3.541 -0.471 5.45 4.345 -0.53
-5.89047 2.30368 -2.01717 4.11761 3.96877 2.46286 -5.784 2.39 -1.927 4.187 4.006 2.473
-4.12181 1.34482 -1.77752 3.12451 2.87348 1.85832 -3.97 1.474 -1.595 3.211 2.821 1.906
-2.80046 6.14166 1.01628 5.85013 4.63089 -0.561604 -2.789 6.106 1.183 5.954 4.767 -0.618
-4.1814 6.14197 -0.532073 4.14675 5.52415 3.66542 -4.049 6.03 -0.36 4.182 5.56 3.64
2.40981 2.27491 2.94867 -0.29966 -0.202264 -0.517085 2.328 2.367 2.902 -0.222 -0.236 -0.487
2.51169 9.31245 3.75133 -1.51597 1.71909 8.08427 2.611 9.363 3.676 -1.507 1.709 8.044
1.74657 0.766895 1.1382 -0.0334524 -0.173127 -0.856344 1.821 0.754 1.108 0.007 -0.16 -0.887
1.34823 3.78717 3.63378 4.57256 2.10841 -3.52074 1.487 3.872 3.733 4.573 2.115 -3.517
3.90751 -0.797441 2.36532 -5.68141 -4.04124 0.226402 3.841 -0.835 2.386 -5.707 -3.911 0.241
3.28522 3.59657 3.37391 0.949112 0.788688 -0.373335 3.248 3.648 3.265 0.926 0.815 -0.452
2.23345 2.50428 2.76635 0.0940995 -0.0699832 0.133087 2.228 2.522 2.706 0.07 -0.051 0.046
2.56798 1.33279 2.53623 -0.570915 -0.683936 -0.544077 2.534 1.269 2.607 -0.603 -0.637 -0.512
2.83982 3.18956 2.68627 -0.051114 0.175325 0.315919 2.752 3.267 2.737 -0.065 0.164 0.401
1.1092 0.963199 0.0354002 -7.83749 -5.6611 5.02001 1.277 1.416 -0.24 -7.932 -5.631 5.073
3.07425 2.3224 3.07024 -0.424827 -0.290846 -0.638757 2.96 2.361 3.147 -0.417 -0.351 -0.786
2.15195 3.54946 2.48129 0.896353 0.660849 0.0979518 2.169 3.673 2.713 0.963 0.654 0.178
2.62879 3.43323 2.51036 -0.0751182 0.0115822 0.53162 2.651 3.436 2.594 -0.121 0.061 0.533
2.0681 2.8748 1.92705 0.409652 0.547571 0.226685 2.067 2.833 1.967 0.466 0.512 0.174
2.56621 1.99879 2.26447 -0.122126 -0.0321207 -0.46615 2.538 2.05 2.276 -0.14 -0.013 -0.533
-5.72255 2.24164 -2.0326 4.03392 3.93595 2.39861 -5.649 2.354 -1.919 4.15 3.95 2.447
3.674 3.46429 3.60462 -0.202127 -0.244348 -0.448836 3.828 3.432 3.636 -0.125 -0.259 -0.614
4.54426 3.06703 4.52747 0.373283 -0.536293 -1.31815 4.644 2.924 4.529 0.377 -0.507 -1.466
3.40364 3.49197 2.96289 0.233871 0.459315 0.430261 3.385 3.437 2.956 0.259 0.404 0.276
3.71811 3.54991 3.82255 0.360188 0.120634 -0.285948 3.665 3.535 3.741 0.371 0.148 -0.248
3.03431 3.12734 2.89121 0.244374 0.185152 -0.150404 3.034 3.107 2.746 0.339 0.232 -0.127
3.51015 2.94928 2.52289 -0.71829 -0.416208 0.759944 3.379 2.884 2.427 -0.75 -0.376 0.7
1.46693 4.96479 1.31171 -5.40923 -2.79625 7.58151 1.173 4.757 1.471 -5.004 -2.942 7.535
7.87873 1.02843 6.55791 -5.72911 -5.09246 -3.41662 7.957 1.124 6.535 -5.677 -5.101 -3.376
2.72367 3.14236 2.83116 0.718103 0.385417 -0.458754 2.744 3.193 2.955 0.648 0.434 -0.507
3.24853 4.30686 3.09856 0.484395 0.845077 0.830965 3.315 4.191 3.047 0.496 0.725 0.754
3.42015 2.91094 3.53597 -0.105569 -0.265128 -0.311754 3.41 2.823 3.496 -0.111 -0.319 -0.419
2.28628 2.68983 2.4414 0.35541 0.595274 0.177018 2.366 2.687 2.41 0.346 0.576 0.229
4.41025 3.82905 4.52728 1.22627 0.829101 -1.71318 4.408 3.882 4.493 1.351 0.973 -1.758
3.53137 3.4329 3.29773 -0.185859 -0.204576 0.0468835 3.465 3.343 3.173 -0.026 -0.17 -0.03
3.88403 4.53772 2.64477 -0.232075 0.180537 1.33789 3.777 4.434 2.593 -0.367 0.185 1.384
4.32526 2.95978 3.32039 -1.24509 -0.960516 0.10375 4.48 2.984 3.152 -1.349 -1.006 0.061
3.4895 4.75823 3.3436 1.18227 0.797607 0.844127 3.381 4.715 3.265 1.174 0.802 0.854
2.64704 2.98897 2.98316 0.344336 0.284749 -0.306772 2.625 3.045 2.957 0.276 0.201 -0.366
3.40472 3.21237 3.06993 -0.153285 0.0859905 0.461903 3.323 3.324 3.1 -0.081 0.05 0.48
3.80905 4.90159 3.40604 0.39175 0.482941 0.93913 3.887 4.956 3.342 0.438 0.436 0.988
3.1138 2.31136 2.84064 -0.189088 -0.405657 0.218252 3.167 2.319 2.797 -0.159 -0.483 0.186
3.75477 2.96513 4.05943 -0.702896 -0.47126 -0.560703 3.793 3.107 3.975 -0.753 -0.465 -0.472
3.76781 3.55425 3.59636 -0.365315 -0.206283 0.254092 3.572 3.528 3.58 -0.386 -0.211 0.33
3.24859 3.31762 2.98178 0.436179 0.452384 -0.0266591 3.213 3.485 3.079 0.443 0.494 -0.066
2.66023 2.58143 2.86391 0.297679 0.175171 -0.161037 2.711 2.556 2.985 0.231 0.097 -0.189
2.90419 4.08841 2.73095 -0.151175 0.209569 0.907017 2.759 4.086 2.665 -0.097 0.228 0.995
3.41972 3.43806 3.60797 0.0778971 0.331357 -0.259175 3.408 3.342 3.502 0.228 0.398 -0.3
3.35299 2.84809 3.11594 -0.104073 0.0897972 -0.151961 3.291 2.979 3.193 -0.111 0.062 -0.216
3.56244 3.70485 3.75855 0.538866 0.349399 -0.278103 3.57 3.635 3.737 0.61 0.336 -0.426
3.33086 2.3828 3.08156 -0.164091 -0.523547 0.279453 3.352 2.39 3.101 -0.22 -0.576 0.161
2.61231 2.94225 2.63949 -0.00104387 0.0202758 -0.0468565 2.683 2.767 2.734 -0.042 0.053 -0.223
4.46766 3.70887 4.21495 -0.77197 -1.05074 0.408601 4.471 3.742 4.129 -0.803 -1.088 0.406
3.10229 2.75203 3.28198 0.369001 0.158151 -0.145037 3.037 2.737 3.388 0.293 0.106 -0.202
3.55397 4.29656 4.16408 0.944547 0.954639 -0.443607 3.675 4.272 4.138 0.949 0.931 -0.371
2.66887 2.5238 2.33262 -0.153452 0.0360605 0.0751331 2.721 2.52 2.382 -0.133 0.034 0.064
3.21287 2.95979 3.01713 0.314172 0.0745545 0.129823 3.212 2.965 2.998 0.382 0.055 0.166
3.0752 3.51318 3.5018 0.340905 0.406756 -0.347278 3.138 3.482 3.427 0.344 0.388 -0.295
3.9278 3.29835 3.68071 0.646807 0.390863 -0.764165 4.004 3.212 3.776 0.605 0.328 -0.839
3.78695 1.93899 3.39882 -1.16753 -1.11946 -1.11337 3.886 1.822 3.488 -1.292 -1.299 -1.364
3.40478 3.93406 3.05949 -0.196758 0.0978169 0.656034 3.273 3.771 3.064 -0.265 0.048 0.702
3.15179 2.56178 2.40463 -0.183268 -0.330737 0.15586 3.086 2.703 2.458 -0.191 -0.347 0.16
3.91655 3.72169 3.03957 -0.791814 -0.558555 0.82694 3.872 3.662 3.046 -0.919 -0.606 0.849
2.64471 2.56206 1.25652 -2.06528 -1.04073 1.53019 2.703 2.469 1.374 -2.163 -1.006 1.54
4.2927 3.58797 3.05636 -1.25461 -0.854002 1.21684 4.234 3.741 3.098 -1.286 -0.852 1.218
3.63355 3.3728 3.89324 -0.274564 -0.303605 -0.172742 3.532 3.375 3.834 -0.192 -0.21 -0.19
4.21597 3.3266 3.90427 -0.978901 -1.15588 0.0592799 4.209 3.423 3.878 -1.012 -1.243 0.085
3.95975 3.36921 3.81031 -0.741671 -0.549716 -0.104689 3.985 3.42 3.815 -0.922 -0.626 -0.03
3.4868 4.83914 2.46854 0.892651 1.0456 1.25675 3.554 4.972 2.332 0.957 1.164 1.272
2.98894 2.90052 3.02339 -0.623279 -0.654184 0.203079 3.056 2.971 3.166 -0.697 -0.702 0.236
4.21586 3.55955 3.74143 -0.788003 -0.753746 0.0567429 4.306 3.511 3.668 -0.728 -0.739 -0.028
4.26002 3.73755 4.28663 0.18381 -0.238469 -0.285407 4.151 3.687 4.291 0.159 -0.256 -0.308
1.35033 0.380544 1.95397 -0.404868 -0.385391 -0.961865 1.586 0.415 2.011 -0.342 -0.392 -1.108
-1.37786 -4.25021 0.120198 0.645437 -1.41781 -6.67121 -1.197 -4.078 0.178 0.646 -1.458 -6.825
3.32914 3.11551 2.78645 -0.128081 -0.510009 0.177312 3.375 3.182 2.729 -0.173 -0.494 0.122
3.59706 2.99558 2.78337 -0.359017 -0.41362 0.0263944 3.544 2.879 2.805 -0.223 -0.41 -0.147
3.01293 2.45154 2.69136 0.0107223 -0.429419 -0.195155 3.05 2.627 2.556 0.017 -0.412 -0.167
3.33793 3.80857 3.19421 0.215288 0.376996 0.245914 3.447 3.791 3.163 0.189 0.353 0.336
3.41716 3.57562 3.29652 0.259501 0.0845062 -0.130986 3.474 3.666 3.38 0.116 0.037 -0.119
3.23046 2.77105 2.70171 -0.107254 0.0759398 -0.138445 3.219 2.685 2.767 -0.101 0 -0.139
0.644602 3.95418 1.34599 0.660518 1.16247 1.52472 0.599 4.134 1.337 0.698 1.27 1.494
4.16779 2.95782 3.56592 -0.224791 -0.505256 -0.322605 4.177 2.938 3.6 -0.268 -0.545 -0.354
3.8228 3.41947 3.84196 0.354617 0.117895 -0.283739 3.653 3.546 3.814 0.363 0.198 -0.253
3.15845 2.89191 2.70425 -0.341035 -0.5487 0.619456 3.286 2.929 2.698 -0.439 -0.488 0.714
3.54647 4.62927 3.63127 0.980109 0.967303 0.332278 3.429 4.667 3.659 0.884 0.904 0.388
2.99087 2.9919 3.73858 0.480637 0.516397 -0.987603 2.878 3.108 3.751 0.484 0.517 -1.064
4.83353 0.726461 5.29059 -1.10526 -1.9948 -3.86015 5.086 0.674 5.491 -1.161 -2.137 -4.247
3.21099 3.8267 2.36242 -0.609475 0.347635 1.49009 3.146 3.867 2.214 -0.668 0.361 1.547
-2.25455 -4.662 0.397429 0.536242 -1.54474 -7.27817 -2.453 -4.77 0.395 0.514 -1.542 -7.241
2.15426 1.40777 2.16826 -0.341187 -0.442559 -0.271622 2.116 1.505 2.14 -0.384 -0.457 -0.254
2.86329 3.86633 2.86974 1.01257 1.01033 0.380796 2.788 3.882 2.801 0.984 0.957 0.386
3.77579 3.52006 3.51317 -1.18645 -0.976852 0.621124 3.667 3.548 3.411 -1.256 -0.943 0.754
2.28092 2.71673 2.51266 0.56937 0.575548 -0.24867 2.212 2.926 2.506 0.615 0.57 -0.215
4.56436 3.42336 4.4587 -0.327903 -0.432854 -0.569334 4.477 3.574 4.615 -0.321 -0.353 -0.715
3.63268 3.88382 3.91896 0.788098 0.552017 0.00574971 3.61 3.902 3.927 0.858 0.587 -0.032
2.81464 2.8602 2.8254 -0.117391 0.149534 0.11128 2.736 2.744 2.955 -0.082 0.178 -0.003
4.1772 3.00878 3.67008 0.0170995 -0.203976 -0.495917 4.081 2.94 3.595 -0.014 -0.198 -0.519
2.71617 2.8483 3.40637 0.763972 0.317367 -0.478336 2.585 2.925 3.447 0.746 0.34 -0.554
2.54823 2.91098 2.15752 0.633773 0.421667 -0.0447605 2.526 2.906 2.221 0.579 0.371 -0.106
3.7727 3.63893 3.35747 0.564395 -0.0365228 0.101776 3.728 3.576 3.325 0.618 -0.004 -0.045
3.70155 4.01772 3.66464 0.0941603 0.0425466 0.206515 3.691 4.144 3.726 0.179 0.169 0.278
3.8137 3.32868 3.39411 -0.612175 -0.246182 0.462822 3.834 3.389 3.29 -0.491 -0.135 0.483
3.14633 3.94658 2.67963 -0.449725 0.0191514 1.07678 3.219 4.001 2.673 -0.531 0.032 1.12
2.43339 6.36962 6.49448 6.38524 3.23948 -5.19749 2.613 6.458 6.521 6.363 3.276 -5.154
2.52303 1.65503 2.8281 -0.104987 -0.377303 -0.754224 2.476 1.69 2.835 -0.078 -0.444 -0.797
3.4848 3.50026 3.05495 -0.792864 -0.363596 0.594269 3.486 3.516 2.967 -0.754 -0.194 0.676
4.24394 4.12179 3.81955 -0.463237 -0.177124 0.54759 4.109 3.989 3.708 -0.512 -0.223 0.621
2.81078 2.92509 3.01764 0.300634 0.106004 -0.474544 2.743 2.893 3 0.346 0.237 -0.525
3.60585 2.50915 3.4243 -0.308136 -0.319627 -0.348863 3.424 2.595 3.326 -0.39 -0.243 -0.245
2.26552 2.6345 2.52416 0.456244 0.580181 -0.435686 2.247 2.811 2.47 0.576 0.567 -0.539
4.20301 2.84745 4.1631 -0.037747 -0.11202 -1.0319 4.114 2.923 4.258 -0.017 -0.088 -1.007
2.54787 3.11901 2.38297 -0.132202 0.0751712 0.337316 2.58 3.062 2.37 -0.121 0.168 0.288
1.76266 3.31025 1.96237 1.12131 1.3052 1.04649 1.839 3.37 1.93 1.065 1.368 1.131
2.90372 3.04402 2.536 -0.486673 -0.117379 0.86178 2.905 3.151 2.478 -0.5 -0.063 0.973
2.61016 3.39138 2.81388 0.372727 0.467636 0.0986613 2.538 3.243 2.915 0.398 0.47 -0.012
2.79268 2.12413 2.25675 -0.756483 -0.561156 0.498485 2.838 2.136 2.293 -0.817 -0.581 0.491
3.26606 4.18637 3.35585 -0.232512 0.265727 0.853264 3.164 4.07 3.254 -0.291 0.193 0.947
3.50605 -3.48906 7.89648 0.268978 -2.87994 -10.0663 3.553 -3.413 7.933 0.258 -2.621 -10.183
4.36537 4.14619 4.2323 1.21959 0.682135 -0.602183 4.369 4.246 4.279 1.262 0.695 -0.678
4.37137 5.32927 4.60762 0.463155 0.403817 0.365011 4.388 5.566 4.458 0.523 0.528 0.404
4.46897 4.278 3.72285 -0.457536 0.110795 1.07667 4.374 4.138 3.472 -0.5 0.048 1.241
4.2029 4.98774 3.36369 0.0026248 0.291574 1.45183 4.064 4.994 3.363 -0.031 0.301 1.451
4.09689 2.61888 3.80861 -0.554258 -0.341311 -0.310276 4.051 2.447 3.812 -0.642 -0.432 -0.26
3.83675 3.33664 3.47239 -0.381434 -0.525946 0.0905954 3.694 3.28 3.571 -0.377 -0.554 0.1
3.82307 3.74873 3.93308 1.10308 0.461796 -0.366512 3.737 3.695 3.924 1.191 0.427 -0.422
2.14997 1.95531 2.02853 -0.812297 -0.472767 0.204711 2.159 1.94 2.08 -0.738 -0.394 0.166
3.79984 2.7052 3.4311 -0.472156 -0.430272 0.0546427 3.822 2.639 3.528 -0.501 -0.453 -0.083
4.01745 4.8466 4.42567 0.964956 1.1043 -0.0169055 3.907 4.828 4.369 0.991 1.191 0.042
2.90415 1.91594 2.74708 -0.187029 0.0172079 -0.378015 2.874 1.966 2.792 -0.275 -0.002 -0.501
4.23466 5.15288 4.3729 0.302978 0.358025 0.682608 4.064 5.153 4.482 0.429 0.407 0.543
4.46072 5.45371 4.75898 0.496634 1.52216 0.22692 4.583 5.586 4.799 0.562 1.391 0.308
2.78935 2.94936 2.98555 -0.180286 0.118118 -0.0576862 2.757 3.046 2.965 -0.146 0.071 -0.07
3.06388 2.86418 3.41705 -0.186894 -0.170373 -0.0856598 3.058 2.938 3.364 -0.241 -0.182 -0.065
3.34518 1.81825 2.73517 -0.766966 -0.549515 -0.268886 3.386 1.779 2.77 -0.699 -0.585 -0.327
1.75533 1.32626 1.64621 -0.275077 -0.201883 -0.365582 1.725 1.337 1.814 -0.143 -0.139 -0.303
-5.53634 2.08512 -2.10618 3.90343 3.85725 2.32159 -5.454 2.276 -1.895 4.048 3.859 2.395
3.06811 4.47585 3.30478 0.726322 0.776903 0.185209 3.029 4.581 3.082 0.773 0.82 0.351
3.90844 2.70262 3.78987 0.0291203 -0.0371131 -0.736606 3.826 2.741 3.714 -0.03 -0.043 -0.734
3.25202 3.8607 3.71992 0.491808 0.553461 -0.513799 3.259 3.818 3.733 0.624 0.67 -0.563
3.64341 2.85095 3.16474 -0.302798 -0.347848 0.361096 3.448 2.706 2.968 -0.236 -0.268 0.526
3.30865 2.68435 2.96729 -0.140678 -0.102055 -0.125111 3.209 2.66 3.003 -0.177 -0.039 -0.232
3.90514 3.97065 3.34252 0.020778 -0.00989733 0.686192 3.808 4.023 3.396 0.059 -0.116 0.71
5.19583 3.76479 4.37109 -0.80941 -0.92538 0.00331412 5.373 3.815 4.436 -0.766 -0.931 0.038
2.61502 2.85203 2.29903 0.162691 0.151751 0.247535 2.655 2.876 2.267 0.081 0.156 0.282
3.90751 2.83 3.54441 0.135316 -0.284779 -0.372294 3.974 2.823 3.615 0.177 -0.186 -0.433
2.10209 2.89452 2.20445 0.521211 0.6349 0.233199 2.23 2.991 2.311 0.525 0.602 0.258
4.03505 4.19151 3.39687 -0.701992 -0.0464818 1.1391 3.983 4.267 3.371 -0.672 -0.172 1.094
2.35698 3.23858 2.49708 0.523356 0.64577 0.681737 2.326 3.255 2.509 0.508 0.675 0.742
3.67357 2.8351 3.94518 0.229962 0.0363475 -0.776333 3.645 2.858 3.902 0.35 0.04 -0.63
5.14911 4.35617 4.8837 0.0180373 -0.257075 -0.462112 5.114 4.297 4.965 0.041 -0.175 -0.631
3.53264 4.54277 3.79294 0.726673 0.78784 -0.230791 3.527 4.565 3.722 0.801 0.811 -0.224
4.40748 2.71677 4.37335 0.34416 -0.017303 -1.6706 4.398 2.741 4.216 0.357 -0.035 -1.71
3.55527 4.08936 3.27449 0.675317 0.634848 -0.452476 3.477 4.165 3.392 0.762 0.566 -0.514
2.42645 3.06785 2.7419 0.324264 0.0742901 -0.112921 2.51 3.113 2.781 0.288 0.123 -0.236
4.24584 5.68124 3.93532 1.05452 1.36689 1.12746 4.228 5.803 3.851 1.271 1.537 1.304
-0.438752 4.14394 1.10329 -3.81699 -1.73977 7.09852 -0.41 4.196 1.144 -3.957 -2.086 7.156
3.00838 2.71982 2.8465 0.174845 0.018234 0.13227 2.997 2.645 2.794 0.158 0.02 0.18
3.2317 2.29932 3.55399 0.334979 0.0513794 -1.24977 3.205 2.399 3.495 0.445 0.13 -1.258
2.56586 3.25373 2.66785 0.932883 0.748673 0.0766055 2.52 3.425 2.658 1.04 0.802 0.102
2.97897 3.5098 2.87862 0.196296 0.634528 0.364598 3.005 3.708 2.822 0.263 0.679 0.35
3.94322 3.80782 2.96809 -0.825656 -0.441403 0.759418 4.039 3.902 3.045 -0.848 -0.423 0.78
2.62762 2.59739 2.90162 -0.231033 0.227309 -0.0244519 2.64 2.623 2.806 -0.158 0.198 -0.066
3.02034 4.53434 3.37106 0.74529 0.953464 0.228893 2.971 4.651 3.386 0.814 1.048 0.237
3.54135 3.42114 3.5819 0.412536 0.274283 -0.239153 3.618 3.467 3.526 0.551 0.358 -0.372
4.58349 3.19287 4.02803 -0.255217 -0.951524 -0.999592 4.634 3.19 4.041 -0.258 -1.055 -1.006
4.36654 4.65539 3.58253 -0.0548858 0.38858 0.675957 4.216 4.703 3.562 -0.012 0.409 0.564
4.49522 3.69861 4.26559 0.686803 0.222391 -0.696222 4.431 3.716 4.526 0.784 0.248 -0.799
4.41606 4.19516 4.11544 -0.199855 -0.443857 0.507186 4.436 4.189 4.226 -0.13 -0.372 0.508
5.22024 6.26745 4.33262 -0.00324235 0.335291 1.77684 5.305 6.244 4.283 0.012 0.436 1.862
2.65762 3.43286 2.49473 0.356372 0.643771 0.758224 2.618 3.412 2.485 0.342 0.635 0.789
3.85571 4.07527 3.65124 -0.0956526 0.282515 0.172202 3.958 4.017 3.63 -0.062 0.314 0.167
2.75217 2.55872 2.19826 -0.130903 -0.107792 0.379139 2.863 2.537 2.291 -0.235 -0.161 0.478
2.39357 6.30788 6.43914 6.37094 3.24375 -5.17783 2.61 6.423 6.528 6.373 3.247 -5.151
3.46944 3.18483 3.27286 0.133515 -0.226101 -0.0998557 3.499 3.188 3.205 0.102 -0.298 0.022
3.06218 3.50719 3.8141 -0.180872 0.202193 0.0282714 3.078 3.484 3.923 -0.137 0.146 -0.043
3.30767 3.24084 3.29873 0.627919 0.378044 -0.495115 3.183 3.254 3.399 0.714 0.448 -0.539
3.4162 3.3548 3.2112 -0.209874 -0.0732055 0.561018 3.595 3.283 3.123 -0.263 -0.07 0.617
3.2734 3.40132 3.38392 0.103969 0.0947225 0.0326653 3.318 3.472 3.358 0.045 -0.038 0.173
4.35243 2.63231 3.73788 -0.804976 -0.741956 -0.304258 4.465 2.544 3.627 -0.869 -0.637 -0.306
3.0303 3.44774 3.39629 0.507892 0.304839 0.0947183 3.114 3.551 3.442 0.494 0.361 0.101
0.18278 2.81828 0.656463 0.856483 1.12649 0.471115 0.201 3.001 0.626 0.834 1.108 0.512
3.05723 2.9126 2.85486 -0.60953 -0.130172 0.980953 3.232 2.845 2.784 -0.717 -0.203 1.1
1.20463 -0.83671 3.12789 0.950568 -0.547446 -4.95828 1.508 -0.958 3.219 1.108 -0.619 -5.359
4.19484 2.66578 3.72859 -0.432513 -0.656073 -0.314376 4.028 2.533 3.724 -0.523 -0.668 -0.336
1.57032 2.02868 1.57878 0.348221 0.588629 -0.0255819 1.628 1.956 1.522 0.406 0.572 -0.052
7.2441 6.50784 6.73903 -0.0963359 -0.339895 0.153219 7.13 6.834 7.11 -0.145 -0.348 -0.055
4.77584 5.2112 4.30416 -0.70974 -0.134809 0.747321 4.775 5.083 4.264 -0.72 -0.133 0.694
5.64262 2.24428 5.22956 -0.116724 -1.00273 -2.21066 5.638 1.981 5.3 -0.124 -1.141 -2.375
1.77774 0.972628 0.826927 -1.00017 -0.64285 0.961231 1.911 0.933 0.757 -1.054 -0.667 0.971
2.15166 2.00854 1.73375 -0.35793 -0.0796563 0.655574 2.171 2.073 1.759 -0.336 -0.045 0.65
4.92564 3.58552 4.59404 -0.0551084 -0.53448 -0.604542 4.79 3.657 4.501 -0.09 -0.532 -0.572
3.21298 5.03756 3.16832 1.3892 1.40704 0.457715 3.144 5.016 3.103 1.392 1.415 0.47
2.60546 3.0716 2.25651 -0.0442331 0.396222 0.916587 2.639 3.215 2.29 -0.016 0.328 0.881
2.45747 1.50944 2.94953 0.228878 0.210446 -1.11459 2.605 1.401 2.959 0.28 0.151 -1.242
2.46725 2.51527 2.18788 -0.689535 -0.411893 0.769066 2.523 2.387 2.098 -0.658 -0.313 0.837
3.62925 2.88818 4.69854 1.28381 -0.185582 -1.86033 3.758 2.89 4.914 1.256 -0.202 -1.916
2.32176 3.12763 2.49303 0.867263 0.796632 0.0167077 2.275 3.277 2.385 0.855 0.764 0.189
3.52419 3.66561 3.29745 0.592907 0.575247 0.284099 3.471 3.662 3.19 0.602 0.584 0.259
2.28844 2.03536 2.80844 0.356146 0.15577 -0.89544 2.204 2.151 2.992 0.373 0.183 -0.978
5.21982 2.99734 4.75462 -0.360891 -0.707704 -0.818249 5.319 2.736 4.626 -0.375 -0.763 -0.909
1.23736 1.67859 5.86213 5.1418 1.17343 -7.21924 1.098 1.704 5.82 5.162 1.175 -7.24
2.01918 1.34792 2.26034 0.253241 0.0569457 -0.62437 2.192 1.264 2.067 0.361 0.071 -0.699
2.11703 2.11657 2.58598 1.69121 0.602928 -1.7499 2.074 2.156 2.514 1.856 0.68 -1.964
1.91315 1.99492 2.09823 0.0680711 -0.032937 0.025799 1.993 2.148 2.14 0.054 -0.028 0.053
1.49497 5.40942 2.4501 2.07803 2.44491 1.10748 1.434 5.367 2.376 2.127 2.491 1.239
4.6353 2.84103 5.73126 1.63291 0.0873237 -3.37013 4.64 2.659 5.764 1.744 -0.044 -3.68
3.59364 2.94011 3.45076 -0.621949 -0.77467 0.11267 3.693 2.973 3.377 -0.659 -0.727 0.112
2.88293 4.09275 3.58915 0.950468 0.9733 0.0845592 3.066 4.122 3.734 0.93 1.068 0.052
0.666188 -0.831388 -0.283365 -4.32297 -3.37412 2.55873 0.685 -0.795 -0.46 -4.358 -3.414 2.619
3.41808 2.66086 3.26774 -0.859252 -0.823028 -0.0479138 3.416 2.629 3.391 -0.871 -0.836 -0.153
3.27737 3.62323 3.56512 0.957874 0.788848 -0.344271 3.41 3.733 3.596 0.987 0.706 -0.415
4.34834 2.0509 4.67152 -0.0374691 -0.439111 -2.48303 4.424 2.02 4.797 -0.14 -0.544 -2.634
3.75769 3.26276 3.71706 0.274224 0.209708 -0.867482 3.793 3.091 3.75 0.273 0.114 -0.947
4.19657 3.25317 3.61906 -1.15052 -0.713729 0.607802 4.277 3.204 3.569 -1.237 -0.75 0.705
1.53704 -0.946988 2.58577 0.390873 -0.550814 -4.07575 1.832 -1.082 2.602 0.367 -0.693 -4.332
0.185994 0.434611 -0.202122 -0.290557 -0.00014119 0.288055 0.264 0.554 -0.134 -0.239 0.026 0.266
4.40097 3.40977 3.72976 -0.811676 -0.501381 0.5268 4.414 3.377 3.594 -0.88 -0.499 0.526
2.59356 3.1102 2.57076 -0.0142183 0.215899 0.617319 2.67 3.019 2.578 0.01 0.262 0.638
2.19709 2.07005 2.99541 0.838909 0.385326 -0.735463 2.096 2.029 2.988 0.898 0.487 -0.859
4.29616 3.72435 3.99655 0.147349 0.0511728 -0.159962 4.138 3.716 3.972 0.111 0.087 -0.065
2.68895 2.80341 2.37484 -0.161311 0.0280604 0.646173 2.549 3.007 2.367 -0.164 -0.023 0.631
3.34467 3.02199 3.06021 -0.274672 -0.189643 0.309288 3.3 2.971 3.184 -0.193 -0.152 0.212
5.79666 5.80871 6.16821 2.19465 1.01738 -1.73288 5.637 5.808 6.065 2.304 1.095 -1.881
2.32263 3.89445 2.03295 -0.862374 0.130098 2.84472 2.375 3.981 1.983 -0.827 0.096 3.063
2.83293 4.11611 2.25475 -0.322477 0.65446 2.14939 2.817 4.169 2.192 -0.312 0.816 2.336
2.68193 2.47328 3.15362 0.0759379 0.132353 -0.232172 2.739 2.526 3.248 -0.019 0.148 -0.258
3.27181 3.78901 3.11795 0.74688 0.828985 0.0464572 3.189 3.835 3.102 0.696 0.777 0.086
2.41459 2.29492 2.17794 -0.173202 -0.0243029 -0.0308252 2.365 2.248 2.175 -0.215 -0.014 -0.012
2.86507 3.26321 2.3487 0.0218578 0.0658586 0.599849 2.688 3.215 2.166 0.07 0.126 0.687
6.32413 4.58748 7.3724 2.65581 0.621817 -4.13183 6.308 4.517 7.364 2.573 0.505 -4.383
4.64494 3.85344 4.01375 0.464291 -0.0526428 -0.0775517 4.631 3.809 3.894 0.514 0.075 -0.02
3.62314 2.97348 3.73268 -0.397755 -0.0943794 -0.354988 3.761 2.887 3.804 -0.328 -0.144 -0.551
3.95374 4.10609 3.8459 0.179972 0.377621 0.306031 3.922 4.076 3.802 0.278 0.471 0.364
3.64219 3.10622 3.38234 0.130535 0.0810147 -0.284254 3.614 3.15 3.458 0.189 0.137 -0.263
3.97553 3.18293 3.71458 -0.119983 -0.474076 -0.663938 3.933 3.135 3.459 -0.144 -0.587 -0.544
3.83013 2.73322 3.6684 -0.26768 -0.185326 -0.257223 3.876 2.755 3.731 -0.303 -0.14 -0.23
3.1359 3.92005 2.82251 0.182796 0.341968 1.06449 3.139 3.866 2.758 0.111 0.352 1.076
3.3374 2.70771 2.78008 -0.755736 -0.688626 0.347352 3.285 2.702 2.769 -0.746 -0.631 0.461
3.7845 3.05536 3.84765 0.306647 -0.0635322 -1.19546 3.804 3.17 3.9 0.441 -0.011 -1.259
6.66867 6.89072 6.18937 0.281622 0.116399 0.00635384 6.443 7.169 6.251 0.19 0.053 0.03
3.82027 4.31914 3.71073 -0.157455 0.536963 0.958058 3.686 4.369 3.648 -0.158 0.546 1.007
-0.354355 7.08962 1.29316 -0.482851 2.14398 7.33171 -0.654 6.951 1.275 -0.485 2.103 7.315
3.56684 3.03014 3.0653 -0.154674 -0.289039 0.0945753 3.463 3.085 3.202 -0.151 -0.312 0.065
3.09183 3.25096 3.49153 0.250787 0.0892666 -0.261159 3.097 3.198 3.325 0.362 0.136 -0.328
3.04255 3.32474 2.88827 -0.0537615 0.146723 0.46438 3.055 3.298 2.773 0.073 0.211 0.498
-6.55783 2.47428 -2.20575 4.03944 4.3112 2.40089 -6.702 2.406 -2.238 3.912 4.263 2.318
-2.07288 -2.0219 -2.21865 -6.04628 -2.95881 3.94527 -2.292 -2 -2.221 -6.009 -2.954 3.855
3.19846 3.06892 2.59967 -0.616742 -0.51516 0.392022 3.273 3.039 2.488 -0.673 -0.547 0.497
6.31767 5.96067 6.10793 0.424658 0.357582 -0.203525 6.097 6.026 6.09 0.459 0.419 -0.113
2.20886 3.11858 2.28628 1.07756 0.891128 0.220721 2.183 3.101 2.297 1.068 0.905 0.245
3.48911 3.59586 2.7592 -0.32312 -0.136224 0.810756 3.51 3.551 2.742 -0.298 -0.09 0.817
-3.35248 -4.98002 0.404286 0.349855 -1.43548 -6.97342 -3.507 -5.1 0.387 0.342 -1.461 -7.1
3.12606 2.52958 2.69734 0.233706 0.327192 -0.357061 3.089 2.59 2.708 0.221 0.306 -0.373
0.589971 3.34494 0.424124 -2.82855 -0.57613 4.51656 0.684 3.464 0.536 -2.968 -0.62 4.809
3.12697 4.55578 2.99806 0.318976 0.634487 1.20018 3.105 4.501 3.067 0.306 0.722 1.171
5.15241 3.83062 4.47212 -0.599496 -0.599362 -0.0900593 5.079 3.833 4.366 -0.524 -0.609 -0.179
-0.278159 0.577212 -0.221361 -0.286979 -0.128589 0.656464 -0.103 0.78 -0.14 -0.165 -0.096 0.699
4.94927 3.85063 4.7475 -0.865071 -0.904464 -0.264736 5.23 3.924 4.929 -0.957 -0.987 -0.274
4.8256 3.12225 4.33977 -0.306097 -0.805705 -1.01645 4.74 3.083 4.215 -0.348 -0.863 -1.045
5.56816 4.70048 4.97177 -0.0453722 -0.109734 -0.251178 5.608 4.718 5.002 -0.08 -0.242 -0.321
2.76418 1.85915 2.625 0.166498 0.0694799 -0.596095 2.659 2.01 2.649 0.247 0.096 -0.589
3.14245 3.53047 2.74996 0.225267 0.319074 0.37941 3.254 3.488 2.826 0.296 0.27 0.266
3.8379 3.15966 3.42563 0.250346 -0.198317 0.105036 3.785 3.326 3.316 0.227 -0.16 0.186
2.98391 1.83781 3.03369 -0.465618 -0.857646 -0.57937 3.047 1.836 3.077 -0.52 -0.892 -0.625
2.01583 2.76898 2.00617 0.344998 0.49735 0.332425 2.093 2.715 1.983 0.371 0.487 0.298
4.01026 5.61786 4.71484 1.00903 1.15547 0.70429 3.948 5.612 4.598 1.082 1.216 0.736
3.07463 3.11287 3.40216 -1.27431 -0.505401 1.74894 3.008 3.42 3.555 -1.367 -0.695 1.826
2.92097 3.14719 2.86119 0.804166 0.377538 -0.141327 2.913 3.183 2.825 0.863 0.39 -0.18
2.62543 2.97784 2.8192 0.534915 0.529155 0.092136 2.568 3.049 2.703 0.638 0.659 0.111
2.74022 2.88528 2.34777 -1.92982 -1.18025 1.78221 2.867 2.915 2.43 -2.028 -1.225 1.871
2.68145 1.94209 2.9571 1.36413 1.03288 -2.16521 2.712 1.97 2.901 1.516 0.996 -2.196
3.35834 1.6553 2.74163 -0.621164 -0.694966 -0.491107 3.359 1.498 2.699 -0.623 -0.652 -0.498
2.85307 3.48476 2.97053 1.27163 1.03785 -0.27097 2.822 3.455 2.871 1.413 1.129 -0.166
4.15582 3.70763 4.12162 0.563632 0.0458426 -0.408896 4.147 3.604 4.068 0.527 0.005 -0.479
2.01007 1.85859 1.75505 -0.551099 -0.262382 0.256282 2.039 1.84 1.831 -0.575 -0.331 0.272
2.83983 3.57081 2.94482 0.203037 0.665868 0.621162 2.983 3.528 2.862 0.227 0.664 0.647
2.48162 2.85155 2.06273 0.0137632 0.210876 0.572288 2.485 2.923 2.248 -0.014 0.174 0.631
3.57101 4.52297 4.84705 0.909202 0.925052 -0.632939 3.584 4.516 4.866 0.953 0.931 -0.554
3.25924 2.8907 3.23432 0.397092 0.102227 -0.300264 3.204 2.787 3.266 0.368 0.029 -0.319
3.10081 3.93945 3.08015 -0.0463583 0.36568 1.03074 3.237 3.986 3.087 0.007 0.357 1.039
2.66617 2.37741 2.76409 0.276812 0.096791 -0.109031 2.649 2.429 2.782 0.292 0.088 -0.063
5.78185 5.27285 4.76378 -0.0903001 0.173916 0.24644 5.701 5.196 4.752 -0.098 0.202 0.152
3.7964 4.08862 3.89742 0.671603 0.601958 -0.547617 3.805 4.088 3.927 0.651 0.655 -0.506
3.25881 3.13448 3.12174 0.277475 0.240729 0.170078 3.233 3.069 3.101 0.336 0.299 0.037
4.29277 4.11481 4.13084 -0.443351 -0.340281 0.220637 4.265 4.257 4.105 -0.431 -0.342 0.245
3.49734 3.35449 2.91048 -0.619506 -0.501371 0.789185 3.746 3.389 2.93 -0.748 -0.468 0.903
2.53891 3.36627 2.33623 0.19421 0.506097 0.84461 2.53 3.364 2.217 0.24 0.545 0.812
2.86076 2.36112 2.50699 -0.546691 -0.534445 0.179234 2.913 2.338 2.381 -0.558 -0.527 0.204
2.38686 3.25733 2.5406 0.371005 0.532842 0.482203 2.418 3.305 2.543 0.476 0.566 0.547
5.26392 5.08926 5.29083 0.848837 0.673469 -0.64444 5.352 5.074 5.325 0.963 0.788 -0.879
2.78389 3.20528 3.06499 0.393623 0.423583 -0.600248 2.939 3.179 3.028 0.346 0.291 -0.532
4.54472 5.91988 4.21314 0.163647 0.583989 1.11216 4.324 6.12 4.006 0.258 0.637 1.225
2.80891 1.77867 2.72992 -0.0854087 -0.060781 -0.672134 2.824 1.809 2.798 -0.171 -0.054 -0.706
2.57524 2.82065 3.0034 1.12725 0.668277 -0.842796 2.526 2.907 2.859 1.162 0.722 -0.654
2.35464 2.6118 2.10115 0.079483 0.116154 0.180916 2.293 2.581 2.032 0.055 0.138 0.252
2.47201 4.0579 2.73078 0.911593 1.1625 0.945828 2.424 4.112 2.708 0.966 1.223 0.947
2.61604 2.9197 2.35162 0.218165 0.0235115 0.0140481 2.583 3.008 2.394 0.266 0.031 0.01
2.27586 3.66185 2.41047 -0.149477 0.569929 1.89716 2.317 3.717 2.43 -0.163 0.597 1.977
2.91621 2.38379 2.73148 -0.713913 -0.206521 0.132858 2.892 2.267 2.634 -0.648 -0.201 0.059
2.91352 2.86325 3.06263 0.432482 0.480172 -0.366524 2.78 2.926 3.027 0.434 0.562 -0.368
2.90933 0.937519 1.75835 -0.621754 -0.788772 -0.682906 3.072 0.849 1.723 -0.616 -0.823 -0.693
4.55042 4.2374 4.33408 -1.00372 -0.481488 0.43061 4.509 4.24 4.358 -1.132 -0.572 0.564
3.82682 4.52184 4.11378 0.842963 0.876727 -0.324252 3.816 4.476 4.071 0.795 0.878 -0.307
3.74375 2.46896 3.498 0.392324 0.0475013 -1.32743 3.785 2.329 3.445 0.284 -0.004 -1.439
2.48979 2.5779 2.39239 0.372907 0.405281 0.00270479 2.528 2.636 2.434 0.282 0.425 0.053
3.03526 3.33016 2.7741 0.0298634 0.176424 0.326015 3.125 3.324 2.92 0.015 0.089 0.255
3.63389 5.96822 3.00577 -0.605241 0.669502 3.27837 3.631 5.93 2.897 -0.596 0.821 3.486
4.17827 4.70796 3.61494 -0.78448 -0.375269 1.40498 4.16 4.582 3.631 -0.881 -0.378 1.354
2.98996 3.23172 2.82286 0.0682818 0.0390988 0.110019 3.092 3.201 2.795 0.07 0.033 0.102
3.29096 2.69193 3.17663 -0.837082 -0.775691 0.283444 3.311 2.698 3.169 -0.853 -0.796 0.265
3.24724 2.66386 3.11932 -0.0837662 0.0131353 0.0550222 3.323 2.651 3.122 -0.018 -0.003 0.021
2.49936 3.2873 2.68447 1.16298 0.994106 -0.0495018 2.443 3.238 2.671 1.191 1.004 0.035
4.19367 3.86101 3.60438 -0.245843 0.0852055 0.373108 4.221 3.777 3.571 -0.244 0.057 0.332
2.59594 3.0646 2.15808 0.300738 0.392922 0.25274 2.648 3.04 2.135 0.3 0.39 0.348
2.72566 3.67461 2.74747 0.582007 0.724394 0.589086 2.699 3.775 2.729 0.675 0.807 0.597
3.5171 1.86572 3.25373 -0.448817 -0.876103 -0.943514 3.638 2.001 3.27 -0.482 -0.951 -0.957
5.49399 2.55007 5.15832 -2.05488 -2.58655 -2.2787 5.691 2.671 5.067 -2.096 -2.667 -2.484
3.80631 2.82098 3.1661 -0.836686 -0.69305 -0.275411 3.792 2.775 3.048 -0.831 -0.689 -0.235
3.49004 2.90171 3.45482 -0.0587716 -0.27405 -0.0904463 3.472 2.856 3.369 -0.007 -0.373 -0.171
2.25535 1.35574 2.61081 0.0637042 -0.120316 -1.14447 2.298 1.415 2.75 0.122 -0.119 -1.277
3.25233 3.2232 3.13599 0.72787 0.376799 -0.537316 3.238 3.231 2.908 0.758 0.356 -0.453
2.11287 2.63374 2.21711 -0.178119 -0.189551 0.299469 2.112 2.652 2.211 -0.19 -0.274 0.276
3.12571 2.7275 2.70221 -2.02441 -1.48698 1.20765 3.249 2.71 2.758 -2.269 -1.675 1.272
1.28506 4.77853 2.10242 1.17059 2.31443 2.68155 1.198 4.917 2.194 1.302 2.494 2.719
4.18399 4.13296 3.73554 -0.342024 0.152999 0.485745 4.179 4.057 3.685 -0.321 0.179 0.375
-6.47365 2.45408 -2.2154 4.02444 4.29814 2.39731 -6.608 2.429 -2.198 3.919 4.261 2.323
2.67158 4.47467 2.62135 1.6138 1.12504 0.306935 2.52 4.623 2.705 1.637 1.168 0.247
-2.00772 -4.65333 0.412881 0.591451 -1.52429 -7.16532 -2.134 -4.587 0.447 0.55 -1.533 -7.175
2.1082 2.72369 1.71094 -0.371223 0.0708233 0.582027 2.091 2.758 1.736 -0.314 0.14 0.611
2.94597 4.03601 3.05399 0.560822 0.9082 0.599786 2.899 4.064 2.959 0.565 0.884 0.683
3.60309 3.59016 3.01954 -0.280453 -0.0540386 0.402746 3.689 3.719 2.944 -0.334 -0.098 0.488
2.68236 3.74547 2.98719 0.661498 0.589154 -0.00371087 2.717 3.816 3.007 0.753 0.519 -0.101
4.67772 3.49774 3.6512 -0.97701 -0.970009 0.202537 4.76 3.563 3.502 -1.05 -1.039 0.187
6.04003 6.6897 5.96889 -0.288046 -0.108766 1.11881 6.046 6.983 6.094 -0.423 -0.068 1.166
5.61225 4.01201 4.06062 -1.79841 -1.36504 0.452624 5.565 4.079 3.793 -1.989 -1.454 0.61
3.06086 2.1711 2.90582 0.348326 0.199513 -0.9272 3.144 2.125 2.835 0.406 0.228 -0.956
-7.34138 2.10943 -2.53186 3.65147 4.26882 2.17168 -7.569 2.009 -2.515 3.675 4.232 2.161
3.06881 2.05556 3.14931 -0.409704 -0.114305 -0.18774 3.226 1.965 3.114 -0.37 -0.1 -0.199
4.98775 4.6727 4.45225 -0.884102 -0.694585 1.03472 4.969 4.645 4.418 -0.913 -0.699 0.996
3.57182 2.82177 3.77601 0.425043 0.107285 -1.02915 3.586 2.678 3.736 0.37 0.063 -1.054
4.10857 3.74201 4.07198 0.567764 0.543858 -0.536193 4.003 3.744 4.027 0.553 0.602 -0.597
0.832789 6.20359 2.47094 2.49224 3.72027 1.9486 0.874 6.278 2.345 2.522 3.711 2.083
2.93899 4.04461 3.90442 2.39595 1.94005 -1.04667 2.911 3.911 3.728 2.552 2.096 -1.052
2.75751 1.7094 2.8917 0.460127 0.115798 -1.35793 2.772 1.928 3.01 0.507 0.213 -1.402
5.68689 6.08672 4.68294 -0.47404 -0.111716 0.889125 5.639 6.08 4.645 -0.465 -0.075 0.979
-3.06961 -4.98589 0.268287 0.422789 -1.49005 -7.01315 -3.279 -5.093 0.262 0.402 -1.494 -7.04
5.90876 4.01813 4.69014 -2.24751 -1.91599 0.131742 6.013 3.796 4.572 -2.476 -2.038 0.158
6.60866 1.96912 6.02639 -1.6675 -2.57499 -2.61967 6.868 1.853 6.078 -1.683 -2.509 -2.655
3.80815 5.08641 3.58627 -0.543303 0.278874 2.05187 3.831 5.104 3.551 -0.567 0.312 2.239
2.93467 2.89977 2.6021 0.539917 0.246106 -0.331356 2.775 3.066 2.626 0.504 0.234 -0.326
4.81787 3.454 4.38096 -0.0286566 -0.268977 -0.446479 4.65 3.288 4.37 -0.014 -0.217 -0.45
3.52543 3.99866 2.97295 0.143667 0.305057 0.411155 3.397 4.005 2.804 0.21 0.322 0.381
3.67249 2.88969 3.47751 0.313617 -0.0338951 -0.591483 3.66 2.994 3.576 0.237 -0.003 -0.616
2.329 2.91403 2.48294 0.251358 0.262501 0.278644 2.382 2.986 2.485 0.257 0.269 0.277
3.10163 3.15797 3.23184 0.253573 0.389865 -0.379915 3.172 3.357 3.372 0.403 0.402 -0.422
6.24966 5.91168 5.19166 -0.74819 -0.680324 1.30632 6.078 5.739 5.213 -0.766 -0.668 1.222
3.29818 3.04042 3.18937 -0.524189 -0.395541 0.509548 3.429 2.982 3.288 -0.634 -0.415 0.508
4.9728 3.55663 5.71533 0.868649 0.36245 -2.63525 5.075 3.515 5.754 0.768 0.331 -2.675
4.47757 2.64584 3.75145 -0.455506 -0.673991 -0.897349 4.44 2.649 3.653 -0.411 -0.719 -0.977
3.47948 2.88414 3.01142 -0.309145 -0.529294 0.0397105 3.436 3.004 3.088 -0.395 -0.588 0.074
3.81151 2.69549 3.62092 -0.312632 -0.682916 -0.34728 3.779 2.828 3.636 -0.317 -0.729 -0.277
2.53524 2.40978 2.6705 -0.128051 0.0989466 -0.174212 2.625 2.474 2.816 -0.08 0.115 -0.211
4.56829 3.52996 3.55785 -0.708426 -0.71474 0.116188 4.581 3.493 3.517 -0.753 -0.706 0.213
3.63539 2.09528 3.28049 -0.230578 -0.671793 -1.03803 3.725 2 3.337 -0.237 -0.665 -1.164
3.69239 3.34849 2.91507 -0.476799 -0.454098 0.476303 3.779 3.355 2.905 -0.609 -0.465 0.399
4.42408 4.04108 4.1925 0.0310514 -0.172335 -0.372399 4.343 4.029 4.22 -0.063 -0.196 -0.356
4.33294 3.70366 3.88156 -0.837549 -0.571009 0.523475 4.182 3.623 3.645 -0.752 -0.492 0.574
2.98973 1.711 3.11289 0.187632 -0.277939 -1.06756 3.01 1.705 3.229 0.138 -0.268 -1.024
3.86249 3.45077 4.18946 0.476262 0.402128 -0.718213 3.851 3.59 4.237 0.382 0.418 -0.592
2.97039 3.62417 3.13281 0.395963 0.383022 0.329374 2.982 3.692 3.012 0.405 0.302 0.313
3.0569 1.71999 2.99947 0.185737 -0.30495 -0.902441 3.104 1.76 2.926 0.205 -0.274 -0.802
1.07889 0.675824 4.2727 2.38096 0.322804 -4.95353 1.326 0.83 4.562 2.571 0.292 -5.297
3.94555 3.21312 3.56407 -1.07376 -0.843038 0.726649 4.019 3.315 3.594 -1.115 -0.891 0.766
4.00085 3.58854 3.52944 -0.240647 0.112781 0.0175388 3.957 3.517 3.506 -0.216 0.123 0.039
3.66671 4.08119 3.12283 -0.260473 0.0789696 0.864794 3.659 4.066 3.061 -0.275 0.036 0.982
3.95338 4.61024 4.6582 0.878229 0.744914 -0.606164 3.971 4.845 4.65 0.876 0.802 -0.601
4.18475 2.60191 4.08357 -0.560503 -0.882372 -0.533309 4.323 2.541 4.082 -0.611 -0.92 -0.642
2.86172 3.5736 2.85412 0.329682 0.3257 0.227697 2.91 3.51 2.738 0.386 0.357 0.104
3.33422 2.93444 3.04126 0.10823 -0.133112 -0.226807 3.367 2.943 3.153 0.103 -0.153 -0.195
4.03205 3.45138 3.20441 -0.744378 -0.527307 0.762871 4.036 3.487 3.148 -0.676 -0.47 0.787
1.59188 3.37645 1.99354 0.479689 0.760714 1.12382 1.61 3.47 2.026 0.521 0.778 1.154
2.53131 0.0875078 1.50118 -1.04217 -1.09151 -0.471134 2.694 -0.154 1.339 -0.993 -1.066 -0.516
2.82125 3.40282 3.353 0.40535 0.492109 -0.235092 2.977 3.456 3.363 0.561 0.588 -0.248
2.92957 3.03116 3.14097 -0.206409 -0.29603 -0.0182231 2.968 3.113 3.001 -0.21 -0.319 0.032
4.50923 4.05103 4.08174 -0.450303 -0.344956 0.122658 4.598 4.185 4.128 -0.408 -0.344 0.285
2.98162 2.96165 3.61381 0.386849 0.265541 -0.453246 3.051 3.185 3.719 0.334 0.25 -0.381
2.39862 3.3368 2.43624 0.952752 0.84525 0.381077 2.345 3.267 2.321 1.079 0.941 0.414
5.32821 2.81754 4.4702 -0.706326 -1.24053 -1.03889 5.523 2.849 4.445 -0.794 -1.267 -1.066
3.70755 3.60369 3.65513 -0.0638766 -0.0120946 -0.121192 3.799 3.556 3.587 -0.093 -0.024 -0.154
3.07922 2.63424 2.93954 -0.018509 -0.0125622 -0.213721 2.941 2.608 2.915 -0.037 0.005 -0.186
3.23035 3.12796 3.14135 0.0178853 0.0532938 0.381484 3.245 3.122 3.146 0.044 0.027 0.403
3.5253 4.50883 4.28462 2.24845 1.28366 -0.772553 3.332 4.429 4.259 2.165 1.328 -0.74
-0.52423 3.72689 0.322464 0.601148 2.45455 3.96953 -0.451 3.93 0.329 0.647 2.58 4.23
3.02645 2.70541 3.17431 0.321841 -0.0253748 -0.740923 3.148 2.687 3.172 0.41 0.038 -0.767
2.67488 3.5785 3.09466 1.1726 0.848705 -0.294335 2.621 3.543 3.003 1.207 0.884 -0.237
3.39063 2.84599 3.10345 0.0292943 -0.271663 -0.22926 3.447 2.779 2.964 0.074 -0.244 -0.225
4.48821 3.5758 4.07479 -0.972887 -0.785114 -0.373251 4.537 3.635 4.009 -0.973 -0.753 -0.34
3.14717 2.48591 2.9127 -0.543627 -0.414679 0.0642566 3.184 2.504 2.894 -0.511 -0.434 0.004
2.86206 2.90583 2.8134 0.285014 -0.0500915 -0.717212 2.935 2.929 2.772 0.423 -0.041 -0.816
2.71748 3.59306 2.51203 0.256505 0.437415 0.716903 2.694 3.616 2.422 0.276 0.484 0.881
2.10713 3.17303 3.04087 1.84081 1.21635 -1.24345 2.191 3.08 3.076 1.924 1.18 -1.361
-1.97181 -4.64212 0.387134 0.594691 -1.50958 -7.09942 -2.06 -4.549 0.444 0.554 -1.516 -7.128
3.02694 2.97329 2.63537 0.0170879 -0.203506 0.135053 3.14 3.093 2.725 0.049 -0.214 0.037
3.67842 2.89217 3.68712 -0.0102724 -0.183095 -0.32204 3.811 2.842 3.656 -0.039 -0.212 -0.37
3.59578 2.8988 3.19859 -0.640359 -0.526253 0.126736 3.654 2.758 3.111 -0.64 -0.496 0.077
2.36385 2.50468 2.52938 0.234412 0.228592 -0.182763 2.502 2.573 2.555 0.264 0.232 -0.203
2.34268 2.34222 2.26928 -0.266186 -0.224911 0.0774504 2.599 2.265 2.224 -0.277 -0.228 0.092
3.30288 2.84635 2.89284 -0.662224 -0.242904 0.347705 3.3 2.938 3 -0.655 -0.211 0.234
4.0785 2.256 4.22901 -0.209943 -0.763532 -0.960065 4.088 2.175 4.151 -0.271 -0.817 -1.115
2.48455 3.3417 2.50679 0.306062 0.447982 0.477763 2.478 3.431 2.601 0.369 0.446 0.382
2.92987 2.3838 2.59845 -0.515653 -0.360954 0.0485175 2.882 2.332 2.552 -0.525 -0.354 0.089
2.65924 2.37547 2.75727 0.0254529 -0.104485 -0.1669 2.759 2.374 2.657 -0.001 -0.148 -0.28
3.51469 5.4827 3.47457 0.938184 1.36157 1.8895 3.482 5.383 3.412 1.043 1.366 1.978
1.79075 4.41109 1.82596 -0.273703 0.999503 3.09795 1.861 4.521 1.725 -0.264 0.992 3.326
4.72173 3.5217 4.13969 -0.49265 -0.667266 0.017975 4.781 3.538 4.079 -0.471 -0.653 0.085
2.72568 3.1825 2.43254 -0.31643 -0.107144 0.375076 2.849 3.217 2.422 -0.297 -0.115 0.398
2.31211 2.8423 2.56773 0.317262 0.181123 -0.192247 2.329 2.766 2.559 0.399 0.193 -0.221
4.44582 4.89895 3.46167 -0.699772 -0.360329 0.953918 4.475 4.922 3.528 -0.856 -0.419 0.913
-2.94659 -2.13698 -2.49161 -5.93729 -2.99698 3.72649 -3.171 -2.234 -2.495 -5.997 -2.991 3.709
2.98013 3.8915 2.84569 0.483648 0.682303 0.659972 2.98 3.865 2.838 0.566 0.727 0.631
1.82378 4.07252 0.341915 -7.54834 -4.92718 6.3995 1.552 3.472 0.622 -7.373 -5.345 6.192
4.15204 3.79123 3.72458 -0.876363 -0.599295 0.321036 4.272 3.66 3.656 -0.957 -0.586 0.302
4.15121 1.90373 5.30214 0.896059 -0.573111 -3.61694 4.423 1.818 5.368 0.877 -0.583 -3.742
5.49825 4.78869 5.28087 0.0213729 0.0583174 -0.267653 5.425 4.656 5.192 -0.063 0.05 -0.319
3.60794 4.54994 3.09302 0.116102 0.527545 0.645068 3.561 4.653 3.179 0.074 0.47 0.661
2.99216 4.41977 3.33761 0.190694 0.69953 0.528991 2.949 4.359 3.372 0.068 0.706 0.427
3.25137 4.12278 3.48639 0.30641 0.547578 0.295182 3.201 4.187 3.578 0.316 0.592 0.387
3.5754 3.32519 3.91275 0.561694 0.295441 -0.459825 3.636 3.34 3.832 0.518 0.286 -0.513
2.94082 3.10602 2.60282 -0.483654 -0.427242 0.348784 3.05 3.178 2.572 -0.5 -0.437 0.408
2.39498 2.29498 2.38919 -0.425256 -0.182444 0.216533 2.415 2.102 2.319 -0.519 -0.226 0.248
6.74853 5.07492 5.7423 -0.26006 -0.256042 -0.370507 6.641 5.028 5.76 -0.268 -0.144 -0.295
4.98424 3.93032 4.55618 -0.390794 -0.5101 -0.228819 4.897 3.918 4.451 -0.473 -0.549 -0.237
3.51705 3.09348 3.16124 0.2141 0.14663 -0.297877 3.425 3.099 3.056 0.215 0.181 -0.19
4.28529 2.59291 4.54189 0.208441 -0.328784 -1.83161 4.129 2.507 4.577 0.194 -0.376 -1.865
3.20683 2.59909 2.30564 -1.44556 -0.637264 0.802796 3.36 2.554 2.29 -1.464 -0.624 0.847
3.15848 2.55577 2.83337 0.359777 -0.0647015 -0.78701 3.142 2.534 2.824 0.369 -0.061 -0.76
3.52928 3.70232 4.45028 -0.0130149 -0.0217728 -0.576175 3.535 3.794 4.476 -0.102 -0.087 -0.478
3.80639 4.32181 3.93177 0.50742 0.658531 0.267656 3.754 4.408 3.815 0.514 0.792 0.309
3.2233 2.1183 3.20702 -0.425548 -0.396133 -0.646542 3.263 2.155 3.211 -0.445 -0.459 -0.671
4.25616 4.97435 3.84488 0.28798 0.754996 0.490451 4.127 5.094 3.779 0.335 0.815 0.521
3.77444 4.38029 2.93582 -0.753769 -0.273104 1.3153 3.857 4.551 3.01 -0.82 -0.382 1.37
4.00924 3.6808 3.48851 -0.444738 -0.164434 0.152805 4.084 3.528 3.362 -0.497 -0.305 0.155
4.24802 3.39892 4.49887 0.450489 0.00790431 -0.868946 4.199 3.368 4.613 0.548 -0.064 -1.014
4.26304 6.1723 3.81647 -1.57368 -0.209806 4.51599 4.187 6.221 3.742 -1.57 -0.21 4.693
4.06218 3.48527 3.36314 -0.526082 -0.460178 0.040132 4.117 3.379 3.383 -0.564 -0.407 0.067
3.28677 3.20973 3.67077 0.540263 0.364508 -0.472157 3.253 3.293 3.716 0.54 0.372 -0.44
5.73843 5.02586 5.44501 -0.233936 -0.158232 -0.178112 5.629 4.869 5.37 -0.248 -0.188 -0.223
5.40525 5.31935 4.72878 -0.0845257 -0.0829798 0.487602 5.289 5.405 4.813 0.054 -0.092 0.54
1.36838 5.19206 1.80347 1.04174 1.9123 2.81724 1.391 5.42 1.931 1.078 1.957 2.888
2.02047 2.29831 2.50422 0.461878 0.599496 -0.415136 2.225 2.152 2.459 0.489 0.597 -0.438
4.10354 3.06025 3.9368 -0.250439 -0.568797 -0.479381 4.169 2.973 3.94 -0.246 -0.572 -0.455
5.20803 4.08996 4.616 -0.123219 -0.351264 0.0371716 5.067 4.023 4.665 -0.164 -0.412 0
-1.6001 -0.0528354 -1.99935 -5.65042 -3.53692 5.38533 -1.718 -0.166 -1.809 -5.586 -3.61 5.28
2.76035 3.19778 2.80732 0.283359 0.345123 -0.0961783 2.857 3.245 2.937 0.29 0.3 -0.171
3.27185 2.81365 2.91815 0.0452528 0.00685931 0.16552 3.223 2.837 2.932 0.047 0.145 0.181
3.41738 3.94118 3.10977 -0.00435721 0.126881 0.668087 3.499 3.965 2.998 0.042 0.159 0.665
2.62743 4.83086 2.4287 -4.60382 -2.71506 6.51901 2.66 4.73 2.092 -4.434 -2.724 6.395
4.41989 3.6674 3.5365 -1.09181 -0.961414 0.635312 4.42 3.63 3.468 -1.113 -0.939 0.606
3.87159 3.08178 3.44131 -0.258378 -0.352036 -0.15979 3.828 3.111 3.383 -0.43 -0.409 -0.114
2.43885 6.43141 3.80177 0.972561 1.98507 2.17573 2.438 6.56 3.78 1.119 2.063 2.319
2.9509 4.02644 3.04134 0.424615 0.489085 0.400487 2.915 3.973 3.074 0.431 0.543 0.479
4.96192 -1.00493 7.06353 -1.52127 -3.00966 -6.44507 5.031 -0.811 7.118 -1.451 -2.898 -6.536
4.1384 3.19601 4.25646 1.70079 0.750435 -2.38983 4.26 3.017 4.409 1.762 0.718 -2.638
5.58306 1.81292 5.64922 -0.399614 -1.64661 -3.89776 5.674 1.611 5.696 -0.387 -1.646 -4.11
2.14088 3.46434 2.24254 -0.094785 0.520701 0.217955 2.318 3.478 2.245 -0.066 0.477 0.217
4.16455 3.73358 4.24822 0.576355 0.31046 -0.768532 4.154 3.724 4.184 0.523 0.32 -0.695
3.86075 2.48221 3.39836 -0.498692 -0.840534 -0.452168 3.879 2.499 3.493 -0.482 -0.808 -0.485
3.9587 3.8334 3.92769 -0.0304792 -0.144217 -0.121637 3.943 3.831 4.001 0.035 -0.114 -0.036
1.785 5.03631 2.17741 1.58198 2.43998 2.03956 1.856 5.146 2.083 1.643 2.471 2.127
4.03283 3.96124 4.08959 -0.304195 -0.290851 -0.0614465 3.969 3.963 4.245 -0.363 -0.332 -0.101
4.41135 6.10303 3.67593 -1.17322 0.0456552 3.05991 4.277 6.251 3.86 -1.162 0.132 3.117
3.63389 2.73042 3.58177 0.278659 -0.139843 -0.430996 3.64 2.777 3.774 0.162 -0.204 -0.428
4.26446 4.67254 4.12168 -0.192918 0.163564 0.659435 4.148 4.596 3.971 -0.281 0.193 0.737
1.61049 7.41026 2.61645 -0.381528 2.26781 6.27525 1.449 7.472 2.283 -0.48 2.204 6.168
3.68606 3.4427 3.7014 0.362501 0.306043 -0.405555 3.683 3.435 3.683 0.343 0.345 -0.481
3.44057 3.09578 2.88293 -0.926642 -0.692302 0.459151 3.474 2.996 2.813 -0.943 -0.705 0.325
4.41257 4.42283 4.27923 0.133288 0.219658 0.290576 4.456 4.385 4.181 0.038 0.141 0.262
3.46374 3.34703 3.1568 -0.261895 0.0547863 0.0980298 3.424 3.29 3.18 -0.362 0.065 0.252
4.4547 4.76664 3.48141 -0.460664 -0.055522 1.05845 4.382 4.735 3.359 -0.5 -0.129 1.188
4.79551 -0.12012 9.33394 2.50674 -0.880307 -9.17377 4.703 -0.164 9.433 2.499 -0.904 -9.34
5.2559 -0.140646 7.45118 -0.135006 -2.19979 -7.11753 5.251 0.032 7.592 -0.086 -2.358 -7.073
4.22158 3.41009 3.36186 -0.812925 -0.477303 0.648619 4.32 3.207 3.369 -0.795 -0.552 0.644
3.54137 4.0385 3.45114 0.266972 0.267693 0.150809 3.568 3.954 3.379 0.284 0.296 0.097
3.76509 3.41276 3.74361 0.0101469 -0.349147 -0.00143371 3.83 3.368 3.758 0.174 -0.318 -0.062
3.73413 5.08769 2.89895 -1.52617 -0.638867 2.90474 3.7 5.06 2.783 -1.611 -0.688 3.098
4.02422 4.69711 4.09359 0.229076 0.406154 0.0594916 4.079 4.576 4.031 0.154 0.349 0.129
3.01397 4.34817 2.12516 -1.51135 -0.476062 3.24705 3.171 4.323 2.135 -1.653 -0.552 3.355
4.24121 3.55051 3.62701 -0.899887 -0.746291 0.347605 4.159 3.543 3.518 -0.92 -0.777 0.392
3.92767 4.54721 4.08339 0.388256 0.454467 0.376503 3.863 4.519 4.145 0.3 0.372 0.407
0.851687 6.69295 2.23592 -4.16206 -1.77812 7.96598 0.753 6.591 2.576 -4.182 -2.173 7.71
5.56489 4.60924 4.79438 0.120128 -0.404634 -0.220069 5.501 4.572 4.696 0.043 -0.429 -0.263
0.518869 -1.92421 -0.344029 -3.7476 -2.46267 -0.196418 1.067 -1.79 -0.046 -3.943 -2.671 -0.135
4.36062 5.57249 4.3937 -0.275719 0.42311 1.43782 4.299 5.522 4.406 -0.304 0.494 1.496
4.9578 -0.737121 4.41388 -3.9255 -3.86502 -2.89774 5.128 -0.826 4.522 -4.038 -3.954 -2.892
4.3636 4.59149 4.34054 0.917029 0.706834 -0.323793 4.31 4.617 4.216 0.978 0.75 -0.25
2.63839 6.72046 3.05677 1.19463 2.4079 2.86664 2.482 6.769 2.978 1.458 2.616 3.105
5.36002 17.1434 7.14002 -2.53294 2.00081 9.71971 5.849 17.416 7.331 -2.486 2.009 9.758
7.10078 5.65346 6.28929 -0.292786 -0.926218 -0.218801 7.016 5.528 6.242 -0.273 -0.856 -0.158
5.55171 6.25608 5.08116 0.438314 0.727101 0.338041 5.543 6.359 4.804 0.465 0.766 0.368
1.88432 12.1633 5.55073 5.3856 6.46735 1.58216 1.818 12.212 5.603 5.197 6.349 1.585
-2.67063 -2.06297 -2.37059 -5.88806 -2.95513 3.73354 -2.9 -2.055 -2.414 -5.938 -3.004 3.723
10.1968 2.12494 12.7183 -1.2689 -3.73707 -8.14669 9.95 2.065 12.757 -1.237 -3.541 -8.212
10.6955 4.88538 12.1929 0.955074 -1.47214 -7.02694 10.801 5.067 12.085 1.051 -1.267 -7.263
4.72528 2.43561 8.03619 3.73524 0.531491 -6.88585 4.738 2.374 7.825 3.715 0.353 -6.845
5.31324 11.258 13.1223 7.25744 5.22322 -6.92499 5.485 11.372 13.199 7.23 5.163 -6.885
4.67607 8.76506 3.12302 -3.8529 -1.38395 7.40897 4.669 8.396 3.183 -3.986 -1.421 7.625
5.99515 12.3071 6.26475 -0.764643 2.52152 7.11247 5.778 12.206 6.256 -0.724 2.436 7.077
-1.51145 8.4723 1.34695 2.9214 5.73596 4.57798 -1.571 8.347 1.48 3.018 5.868 4.601
0.774346 10.2873 3.38727 3.20193 6.25868 4.37357 0.597 10.296 3.488 3.332 6.254 4.394
8.27575 1.77408 11.0955 0.858142 -1.82425 -8.7182 8.081 1.833 10.962 0.867 -1.953 -8.712
3.11896 9.50813 4.01148 -5.83207 -3.72711 9.02844 2.846 8.976 4.919 -5.581 -3.862 9.203
-0.0301955 9.20014 3.33941 4.16197 5.0219 1.15429 -0.111 8.993 3.594 4.173 5.102 1.17
7.021 10.6546 7.2531 0.0824899 1.56482 2.87868 6.912 10.813 7.375 0.206 1.468 2.935
9.94194 0.755338 13.2618 -0.396716 -3.90302 -10.4046 9.723 0.777 13.307 -0.243 -4.029 -10.241
5.37247 17.1561 7.28149 -2.63812 2.05953 9.74129 5.416 17.095 7.234 -2.615 2.081 9.678
11.8651 4.88011 13.1932 -7.12845 -7.65441 -4.2357 11.821 4.848 13.128 -7.118 -7.66 -4.244
2.92734 12.5688 4.77092 4.26513 5.95386 2.95274 2.695 12.857 4.833 4.522 6.184 3.002
5.3327 17.1471 7.2278 -2.6334 2.07961 9.76542 5.325 17.114 7.159 -2.622 2.078 9.735
6.58184 -1.29734 10.3206 -0.130832 -2.58307 -9.15774 6.386 -1.297 10.268 -0.233 -2.353 -9.079
5.21818 11.1966 13.1629 7.3601 5.35535 -7.0375 5.276 11.202 13.045 7.44 5.406 -7.039
6.71426 13.4139 6.57725 -5.43302 -2.82555 10.0372 6.303 12.819 7.076 -5.109 -2.755 9.637
-0.543216 13.3 4.56333 5.18627 9.10267 2.58747 -0.564 13.553 4.459 4.96 8.957 2.701
0.835824 13.2947 3.81827 2.87098 6.77661 5.96507 0.758 13.037 3.864 2.969 6.856 5.811
1.63932 16.3364 6.29522 4.39602 9.09716 5.34723 1.649 16 6.41 4.163 9.004 5.157
2.12244 15.0843 6.35673 -0.0362404 6.93561 6.29143 1.966 14.962 6.574 0.094 7.087 6.478
2.7732 18.9671 6.77502 3.56291 9.31214 6.23284 2.509 18.575 6.954 3.372 9.242 5.884
10.6411 0.229038 18.8572 -0.217291 -4.28171 -12.7872 10.336 0.559 19.164 -0.279 -4.105 -12.68
7.42435 21.3491 9.39218 -0.0604653 5.55239 9.58357 7.291 21.186 9.709 -0.264 5.245 9.661
6.1738 -1.75732 29.1757 1.8656 -3.57646 -16.8556 6.867 -1.289 29.549 1.911 -3.458 -16.783
0.0118285 0.0118263 0.00838817 -3.99205e-05 -1.85857e-06 0.000127273 0.046 0.046 -0.257 -0 -0 0
0.0109201 0.0109177 0.00708953 -1.15663e-05 -1.82864e-06 1.63388e-05 0.045 0.045 -0.259 -0 -0 0
0.0100353 0.0100332 0.00574582 1.67297e-05 -1.64105e-06 -0.000100062 0.044 0.044 -0.26 -0 -0 -0
0.00866696 0.00866526 0.00282303 0.000179596 -1.4232e-06 -0.000425094 0.043 0.043 -0.263 0 -0 -0
-0.182824 0.101374 0.109524 -0.0610943 -0.00746923 -0.0362798 -0.191 0.101 0.109 -0.063 -0.008 -0.037
-0.182824 0.101374 0.109524 -0.0610943 -0.00746923 -0.0362798 -0.191 0.101 0.109 -0.063 -0.008 -0.037
-0.182824 0.101374 0.109524 -0.0610943 -0.00746923 -0.0362798 -0.191 0.101 0.109 -0.063 -0.008 -0.037
0.193797 0.539676 0.164943 -0.0818279 0.0201386 0.118043 0.194 0.522 0.151 -0.078 0.018 0.106
-0.230223 -0.595129 0.010713 -0.171152 -0.191731 -0.280597 -0.215 -0.618 -0.017 -0.16 -0.182 -0.27
0.236921 -0.511806 0.257112 -0.23993 -0.290424 -0.352188 0.26 -0.55 0.214 -0.224 -0.276 -0.339
0.634175 0.766742 0.324685 -0.140441 -0.032754 0.148182 0.645 0.734 0.292 -0.131 -0.034 0.134
-0.167297 0.100963 0.117834 -0.0803992 -0.0203278 -0.039451 -0.175 0.102 0.119 -0.084 -0.02 -0.042
-0.0698875 0.554752 0.487534 0.0458795 0.100705 0.00698431 -0.113 0.59 0.529 0.027 0.093 -0.002
-0.191136 0.107688 0.100575 -0.0829664 -0.00976298 -0.00061415 -0.199 0.106 0.103 -0.086 -0.01 -0.001
-0.243787 0.0568038 0.0805603 -0.0786684 -0.0191003 -0.0484004 -0.256 0.062 0.084 -0.083 -0.019 -0.05
-0.171452 0.117673 0.119654 -0.0481296 0.00119335 -0.0415338 -0.178 0.117 0.12 -0.05 -0 -0.044
-0.546398 -0.822624 -0.552726 -0.212041 -0.17708 -0.159201 -0.508 -0.859 -0.597 -0.193 -0.17 -0.147
-0.224723 0.0763112 0.0872963 -0.0722448 -0.0119595 -0.0399995 -0.235 0.079 0.09 -0.075 -0.012 -0.042
-0.369596 0.226107 0.459355 0.0654157 0.0820634 -0.111703 -0.413 0.277 0.508 0.041 0.074 -0.115
-0.940576 -0.845006 -0.60492 -0.125361 -0.0835083 -0.137909 -0.915 -0.861 -0.625 -0.115 -0.08 -0.13
-0.34119 0.89095 0.323994 0.149919 0.273402 0.215788 -0.386 0.931 0.389 0.125 0.26 0.187
-0.145743 0.116677 0.124191 -0.0564151 -0.00689286 -0.0334729 -0.178 0.159 0.155 -0.072 -0.008 -0.039
-1.34569 -0.639433 -0.976825 -0.0486476 0.0703489 0.0790699 -1.321 -0.648 -0.981 -0.043 0.069 0.077
-0.351273 -0.624447 -0.0672562 0.0587106 -0.229676 -1.11571 -0.34 -0.607 -0.086 0.057 -0.227 -1.101
-0.169362 0.0963169 0.130253 -0.0485453 -0.0128658 -0.092626 -0.178 0.101 0.132 -0.054 -0.014 -0.098
-0.0462857 0.186994 0.211004 -0.0245849 0.000397055 -0.0723211 -0.045 0.185 0.207 -0.026 -0.003 -0.072
-0.108107 0.134838 0.156674 -0.0841101 -0.0259762 -0.0440396 -0.113 0.133 0.159 -0.087 -0.025 -0.051
-0.119495 0.174568 0.168 -0.0192056 0.0123679 -0.0375154 -0.126 0.18 0.172 -0.019 0.01 -0.038
-0.728365 1.09224 -0.479224 0.440676 0.640338 0.98334 -0.717 1.063 -0.488 0.446 0.636 0.96
-0.129043 0.220666 0.145808 -0.0265871 0.0362255 0.0593794 -0.139 0.224 0.155 -0.026 0.037 0.062
-0.141356 0.0430453 0.142099 -0.126419 -0.0787718 -0.124852 -0.148 0.055 0.144 -0.132 -0.074 -0.132
-0.101466 0.225001 0.203261 0.0781059 0.0573992 -0.0963373 -0.108 0.232 0.203 0.087 0.055 -0.1
-0.201009 0.105256 0.107622 -0.0664709 -0.00617246 -0.026536 -0.214 0.118 0.116 -0.072 -0.006 -0.028
-1.66094 -1.22014 -1.20751 -0.0947598 -0.0115828 -0.0562552 -1.62 -1.231 -1.22 -0.084 -0.01 -0.05
1.25836 0.991561 -0.184689 -0.368521 -0.15799 0.437323 1.326 0.926 -0.288 -0.344 -0.168 0.416
-0.00367453 0.212786 0.239576 -0.0482946 -0.0163666 -0.0886285 -0.005 0.225 0.244 -0.05 -0.017 -0.09
-0.0161804 0.140586 0.208525 -0.166146 -0.0827192 -0.0300905 -0.01 0.152 0.221 -0.173 -0.079 -0.031
-0.0815464 -2.20048 -0.275719 -0.456548 -0.640534 -0.807077 -0.002 -2.274 -0.346 -0.418 -0.619 -0.797
-0.0742372 0.177655 0.197831 -0.0951753 -0.0262991 -0.0154258 -0.083 0.183 0.201 -0.096 -0.019 -0.015
-0.410078 1.27096 -0.0847424 -0.392984 0.560924 1.97116 -0.401 1.23 -0.047 -0.382 0.574 1.934
0.442859 -1.67348 -0.960237 -0.63355 -0.663505 -0.371506 0.559 -1.771 -1.065 -0.587 -0.657 -0.344
0.101794 0.309867 0.324721 0.00181312 0.00717534 -0.0653206 0.106 0.313 0.331 0.002 0.006 -0.07
0.0322795 0.256499 0.280613 -0.00285878 0.0118935 -0.0629213 0.031 0.26 0.283 -0.002 0.013 -0.067
1.97893 1.09839 1.05678 -1.31407 -0.798969 1.20044 2.021 1.026 1.002 -1.301 -0.776 1.225
-1.00605 0.365585 1.22179 0.379708 0.291972 -0.335731 -1.057 0.447 1.498 0.331 0.26 -0.401
-0.135965 -1.97602 -1.5094 -0.604745 -0.587381 -0.285837 -0.014 -2.067 -1.605 -0.553 -0.585 -0.255
-2.54752 0.263689 -0.927601 0.400789 0.61453 0.446566 -2.522 0.352 -0.872 0.347 0.608 0.423
-1.39718 1.914 0.0287745 0.585957 0.876708 0.777608 -1.434 2.129 0.09 0.496 0.862 0.745
2.73198 2.67904 2.67752 0.0113808 0.0013897 0.00675449 2.636 2.722 2.725 -0.019 -0.002 -0.011
-0.176647 1.34057 -0.742362 -1.31011 -0.311775 2.81736 -0.156 1.271 -0.757 -1.289 -0.341 2.788
-0.0066097 0.344521 0.326695 0.128453 0.0667016 -0.148387 -0.013 0.392 0.327 0.134 0.064 -0.138
3.50786 3.61852 2.86976 -0.0323718 0.0759792 0.39523 3.439 3.629 2.867 -0.05 0.062 0.326
0.0338606 0.303408 0.307432 -0.145995 -0.0556951 0.0104717 0.04 0.33 0.337 -0.149 -0.042 -0.004
0.109151 0.303758 0.345591 -0.214217 -0.0909299 0.0770783 0.097 0.336 0.362 -0.219 -0.081 0.084
-0.633796 -1.18049 -0.960783 -2.68899 -1.05002 1.7751 -0.544 -1.106 -0.912 -2.663 -1.038 1.77
-0.369198 -0.360336 1.00909 1.31269 0.0855684 -3.51559 -0.315 -0.253 1.049 1.277 0.09 -3.481
0.435867 1.91705 1.73538 2.62891 1.09829 -1.98827 0.454 2.03 1.804 2.619 1.065 -1.995
0.330906 -0.0072199 -0.238821 -3.37792 -1.91239 2.58919 0.4 0.053 -0.216 -3.354 -1.919 2.592
0.301758 0.337577 0.168246 -0.0146254 0.011893 0.0640111 0.294 0.312 0.136 -0.009 0.012 0.068
-0.383812 -0.232081 -0.547659 -0.0334841 0.0249462 0.106129 -0.37 -0.259 -0.586 -0.023 0.026 0.116
-0.638542 -0.497805 -0.172309 0.0483833 0.0186384 -0.124132 -0.638 -0.513 -0.167 0.053 0.016 -0.127
0.0465991 0.0409146 0.0480994 -0.0333188 -0.0121566 0.0197684 0.043 0.019 0.022 -0.031 -0.013 0.028
0.0198206 0.0381399 0.0287747 -0.0269881 -0.00638886 0.0239875 0.014 0.016 0.009 -0.022 -0.007 0.027
-0.286591 0.563355 -0.243631 0.113905 0.23796 0.315786 -0.3 0.57 -0.266 0.11 0.239 0.316
-0.142383 0.464959 -0.474009 0.0238121 0.166687 0.355763 -0.142 0.456 -0.522 0.027 0.168 0.361
0.337096 0.887109 0.295499 0.255805 -0.0343195 0.00461693 0.319 0.894 0.279 0.247 -0.047 0.007
0.00340352 0.0252018 0.0241121 -0.00616145 0.000429359 -0.00422715 -0.018 0.047 0.034 -0.014 -0.001 -0.006
1.08636 0.4951 1.0289 -0.0580168 -0.152756 -0.218894 1.066 0.457 1.012 -0.054 -0.151 -0.219
0.434813 -0.934898 -0.0465097 -0.264546 -0.38926 -0.371694 0.466 -1.006 -0.103 -0.24 -0.387 -0.363
0.176174 0.794201 0.262209 -0.139166 0.222108 1.03911 0.167 0.771 0.247 -0.135 0.221 1.04
0.109101 0.0579973 0.0979443 -0.00406933 -0.0210761 -0.0626761 0.105 0.032 0.08 0.004 -0.017 -0.067
0.0834653 0.0754709 0.0725132 -0.0116962 -0.00980571 0.00145917 0.082 0.047 0.054 -0.003 -0.011 0.001
0.0121966 0.0323706 0.0568868 0.00572025 0.00121443 -0.0332443 0.009 0.019 0.039 0.015 0.006 -0.028
-0.1131 -0.0277946 -0.0296594 -0.0265385 0.00172984 -0.00296054 -0.116 -0.036 -0.038 -0.025 0.002 -0.002
1.5291 0.411373 1.63861 -0.0795631 -0.295978 -0.516538 1.499 0.365 1.649 -0.076 -0.291 -0.526
-0.126037 -1.34268 1.33299 1.72305 -0.178407 -4.51907 0.005 -1.338 1.349 1.731 -0.207 -4.491
-0.675596 1.37564 -0.875629 0.270952 0.597847 0.870714 -0.696 1.458 -0.924 0.239 0.602 0.858
0.765707 -1.11902 0.582918 -0.51429 -0.581667 -1.52496 0.781 -1.164 0.588 -0.498 -0.575 -1.521
-0.319095 1.36831 -0.574052 0.699225 1.15963 1.38214 -0.299 1.317 -0.641 0.721 1.176 1.39
0.756532 -1.76507 0.632427 -0.325781 -0.683887 -0.971265 0.789 -1.828 0.59 -0.306 -0.672 -0.981
0.186639 0.227552 0.212224 0.119076 0.0591928 -0.0363973 0.179 0.223 0.193 0.136 0.074 -0.028
0.150103 0.194786 0.145256 -0.0118931 0.0243673 0.0862618 0.152 0.171 0.119 -0.006 0.016 0.101
0.717848 -1.59283 -0.452906 -1.20808 -0.722009 -0.582686 0.788 -1.665 -0.473 -1.168 -0.726 -0.559
0.13921 1.9948 1.78049 0.590874 0.600401 0.1235 0.049 2.09 1.954 0.536 0.573 0.082
-0.720827 0.768402 1.10475 3.31743 1.23292 -3.51605 -0.608 0.791 1.065 3.332 1.218 -3.493
2.3715 2.94456 0.465595 -0.151733 0.223324 1.11251 2.375 2.967 0.346 -0.155 0.207 1.042
-0.901325 -2.76404 -2.31891 -0.481864 -0.509804 -0.244874 -0.795 -2.815 -2.358 -0.434 -0.519 -0.215
1.24668 2.74957 0.0682403 -0.707567 0.177772 2.82351 1.227 2.645 0.015 -0.694 0.165 2.796
0.194775 0.401664 0.211571 0.0316054 0.138457 0.263754 0.19 0.409 0.213 0.027 0.133 0.276
0.218802 0.207907 0.199632 -0.146767 -0.092423 0.102237 0.23 0.202 0.198 -0.141 -0.087 0.108
0.250363 0.348654 0.300073 0.11094 0.0746822 0.0442225 0.241 0.345 0.286 0.128 0.083 0.067
0.563672 2.54208 0.889617 -0.442632 0.672 3.1556 0.585 2.522 0.925 -0.432 0.667 3.144
0.563672 2.54207 0.889617 -0.442633 0.671999 3.1556 0.565 2.597 0.946 -0.453 0.668 3.147
4.12153 3.74988 3.73724 0.0821418 0.0115916 0.0495709 4.027 3.772 3.763 0.057 0.008 0.033
-0.42729 1.86462 -0.234969 -0.240863 0.747159 3.65133 -0.346 1.842 -0.294 -0.205 0.726 3.681
4.60535 3.83277 4.32263 0.072713 -0.105645 -0.206369 4.491 3.854 4.373 0.042 -0.102 -0.21
-0.413008 -0.27653 0.0272379 0.0686119 0.0299604 -0.11142 -0.433 -0.298 0.032 0.064 0.026 -0.124
-0.626903 -0.24162 -0.251955 0.0837501 0.0943233 0.010072 -0.64 -0.254 -0.256 0.078 0.092 0.003
0.159491 0.743035 0.263123 0.113984 0.181824 0.204874 0.12 0.744 0.244 0.101 0.18 0.2
0.563637 -0.154512 0.0804901 -0.15952 -0.203391 -0.101728 0.554 -0.212 0.029 -0.154 -0.207 -0.1
-0.00312671 0.0549993 0.0220061 0.0242528 0.0263871 0.0287609 -0.024 0.029 -0.002 0.022 0.026 0.027
0.48924 2.10701 0.351609 -1.94201 0.223436 3.6028 0.523 2.095 0.404 -1.946 0.284 3.58
-0.697231 -0.808249 -0.502202 -0.01836 -0.0502049 -0.120514 -0.691 -0.839 -0.517 -0.015 -0.053 -0.126
0.0209127 0.0300176 0.0267301 0.00270571 0.0024384 0.00285557 -0.009 0.03 0.027 -0.009 -0.002 -0.008
-1.80858 2.70689 -0.563257 1.49138 2.35971 2.81353 -1.751 2.709 -0.567 1.502 2.368 2.806
0.64496 1.29967 0.381737 0.090105 0.22012 0.391862 0.601 1.309 0.339 0.075 0.219 0.388
-0.921799 -1.08558 -0.826005 -0.050211 -0.0707886 -0.107293 -0.901 -1.116 -0.844 -0.044 -0.073 -0.109
0.0209608 0.0299174 0.0268478 0.00278736 0.00244866 0.00263717 0.00029421 0.000147105 0.000147105 0 -0 0
1.20272 1.26141 0.818849 -0.00145432 0.0489456 0.199758 1.163 1.246 0.777 -0.011 0.046 0.196
1.28207 1.22981 0.994038 0.00209467 0.0182598 0.113683 1.24 1.211 0.962 -0.007 0.015 0.109
0.101822 0.0726822 0.0844495 -0.00268728 -0.010284 -0.00671451 0.072 0.046 0.061 -0.007 -0.014 -0.012
0.089305 0.0684946 0.0812206 0.00244107 -5.81544e-05 -0.00678361 0.065 0.044 0.055 0.001 -0.001 -0.008
0.10387 0.0761641 0.0875783 -0.0388552 -0.0224117 0.00450157 0.09 0.042 0.063 -0.044 -0.028 -0
-0.0808792 -0.0298441 -0.0244026 -0.0142611 -0.00205103 -0.00654384 -0.098 -0.044 -0.032 -0.022 -0.004 -0.008
-0.0212039 0.0135636 -0.00560971 -0.0430437 0.00370094 0.056696 -0.037 -0 -0.021 -0.054 -0.005 0.055
-1.30393 -0.235798 -0.927585 -0.38898 -0.1704 1.14508 -1.293 -0.215 -0.922 -0.4 -0.201 1.143
0.30355 -0.0553578 -0.271192 -1.38031 -0.829715 1.20653 0.296 -0.072 -0.303 -1.384 -0.851 1.21
-1.94964 0.260701 -0.774472 0.408456 0.574211 0.418105 -1.971 0.355 -0.707 0.371 0.577 0.402
0.0585141 0.058013 0.0707977 -0.0344729 -0.0159117 0.000378582 0.046 0.038 0.05 -0.038 -0.019 -0.002
-0.597724 1.59447 0.828311 0.550022 0.662782 0.353285 -0.688 1.706 0.939 0.5 0.655 0.322
0.0879165 0.102135 0.0775486 -0.0624849 -0.0214489 0.078275 0.065 0.08 0.071 -0.074 -0.028 0.082
0.16641 0.178809 0.147285 -0.00504866 0.0224792 0.0862684 0.152 0.156 0.116 -0.012 0.018 0.097
0.118577 0.142271 0.1108 -0.0172256 0.0034405 0.0727128 0.093 0.115 0.09 -0.026 -0.004 0.07
-0.271985 2.23825 -0.525414 0.380855 0.789184 1.13339 -0.331 2.37 -0.58 0.324 0.792 1.101
2.04516 3.18888 1.48267 -2.62388 -0.175813 5.37392 2.385 3.196 1.547 -2.631 -0.155 5.487
1.37494 -1.57326 1.93359 -0.196357 -0.788851 -1.47472 1.349 -1.577 1.932 -0.211 -0.77 -1.516
-2.52472 -2.92924 -1.27165 0.00327099 -0.164283 -0.560108 -2.407 -2.873 -1.2 0.011 -0.172 -0.595
0.0064386 0.13089 0.13446 0.0641388 0.0241807 -0.0404154 -0.002 0.129 0.125 0.052 0.028 -0.027
0.21091 0.359966 0.178592 0.046425 0.123812 0.24947 0.174 0.377 0.171 0.028 0.121 0.257
-0.447605 -1.91646 -0.360369 0.330458 -0.622244 -2.93059 -0.384 -1.889 -0.362 0.335 -0.619 -2.911
0.224462 0.239539 0.304633 0.0705791 0.0142009 -0.0530792 0.222 0.226 0.282 0.064 0.011 -0.056
0.649246 1.14303 -0.628241 -1.6958 -0.451962 3.04418 0.678 1.077 -0.682 -1.694 -0.461 3.053
0.407423 0.149411 0.26385 -0.213394 -0.167764 0.0246218 0.413 0.127 0.258 -0.232 -0.182 0.014
0.152917 -2.31757 -0.308979 -2.1157 -1.55255 -1.19619 0.183 -2.334 -0.251 -2.088 -1.571 -1.183
0.0109651 -1.59905 2.19188 2.1162 -0.957578 -6.5947 0.34 -1.541 2.287 2.171 -0.868 -6.655
0.05104 0.195034 0.130064 0.0166651 0.0678165 0.0821398 0.056 0.196 0.14 0.006 0.057 0.093
5.36443 0.0291483 3.98254 -4.51325 -3.62433 -2.67935 5.609 0.139 4.057 -4.54 -3.579 -2.681
1.25687 5.92751 2.19178 -1.00401 1.29473 6.28966 1.484 6.042 2.379 -0.98 1.327 6.446
-0.177303 0.131477 0.275828 0.109547 0.0881945 -0.049345 -0.222 0.119 0.277 0.106 0.091 -0.058
-0.211027 -0.596413 -0.115747 -0.0450843 -0.116031 -0.192383 -0.236 -0.629 -0.133 -0.04 -0.114 -0.197
0.03742 0.0234851 0.0279266 6.66602e-05 -0.00360623 3.52751e-05 -0.005 0.02 0.016 -0.005 -0.001 -0.007
0.0811461 0.04535 0.0508752 -0.0254233 -0.015047 0.024306 0.042 0.024 0.021 -0.029 -0.014 0.026
0.05705 0.0393631 0.0363992 -0.0168976 -0.010353 0.0242465 0.016 0.018 0.011 -0.018 -0.005 0.023
0.27231 0.660418 -0.078471 0.0148838 0.122061 0.304239 0.23 0.658 -0.131 0.009 0.128 0.312
0.13568 -0.592236 -0.298707 -0.161894 -0.211266 -0.126389 0.113 -0.633 -0.34 -0.153 -0.209 -0.122
0.701215 -0.263929 0.745058 -0.0929946 -0.266873 -0.414646 0.659 -0.311 0.733 -0.091 -0.265 -0.427
0.0254621 0.00429511 0.0268796 0.0129124 -0.00683746 -0.0359595 -0.011 -0.011 0.005 0.014 -0.002 -0.039
0.364103 -0.167593 0.160903 -0.713376 -0.241057 -0.279425 0.321 -0.168 0.165 -0.71 -0.226 -0.279
0.0375165 0.0234361 0.028057 5.38453e-05 -0.00369492 -0.000113652 0.00029421 -0 -0 0 -0 0
-1.18094 -0.666376 -1.13323 0.0315871 0.11485 0.166783 -1.173 -0.658 -1.149 0.033 0.12 0.176
0.0356344 0.0986793 0.0410399 -0.00657449 0.0243913 0.105575 0.007 0.079 0.007 -0.005 0.031 0.122
0.101699 0.0654799 0.0807037 0.00672259 -0.00123699 -0.00873372 0.063 0.044 0.056 0.004 0.001 -0.006
0.191282 0.122091 0.154916 0.0441709 0.00684721 -0.0440187 0.136 0.105 0.132 0.043 0.012 -0.045
-0.00921667 0.00359697 -0.00629723 -0.0523995 -0.0183281 0.0418342 -0.04 -0.004 -0.021 -0.058 -0.021 0.044
-0.595109 -1.58875 0.249144 -0.0195125 -0.284616 -0.712237 -0.606 -1.598 0.279 -0.018 -0.286 -0.745
0.143108 1.51375 1.36189 0.420597 0.437416 0.0849016 0.04 1.583 1.458 0.394 0.435 0.061
0.101343 0.00650271 0.0655658 -0.114875 -0.0723596 -0.00638545 0.082 -0.015 0.053 -0.122 -0.081 -0.009
0.119516 0.122394 0.0943717 -0.0523187 -0.0117822 0.0957316 0.09 0.104 0.057 -0.058 -0.009 0.104
-0.357887 1.21672 -0.221539 0.256761 0.738676 1.73327 -0.385 1.212 -0.266 0.26 0.744 1.736
0.0125444 0.0892188 0.101968 0.183858 0.0902188 -0.152066 -0.009 0.066 0.082 0.197 0.098 -0.161
-2.1754 -0.13427 -1.44965 0.30361 0.516014 0.48991 -2.149 -0.048 -1.432 0.283 0.526 0.5
0.137088 0.125426 0.116975 -0.0274264 -0.00448083 0.0571546 0.098 0.114 0.093 -0.026 -0.003 0.065
0.193513 1.5799 1.7876 0.490736 0.447548 -0.0697503 0.081 1.663 1.937 0.459 0.439 -0.108
2.3022 2.58631 0.772219 -0.14949 0.125924 0.846655 2.283 2.635 0.686 -0.161 0.126 0.832
0.946103 1.34939 1.0383 -0.307968 -1.0938 -0.774898 0.894 1.534 1.087 -0.414 -1.105 -0.773
2.40061 -1.16767 1.8201 -0.459494 -1.01052 -1.301 2.39 -1.226 1.785 -0.459 -0.99 -1.318
-0.937951 -3.39251 -0.29376 0.547194 -1.19284 -5.62405 -0.63 -3.307 -0.214 0.597 -1.213 -5.71
0.0612384 0.120558 0.129735 0.0493645 0.0238448 -0.0451055 0.024 0.106 0.122 0.044 0.024 -0.055
0.256777 0.200783 0.201069 -0.123765 -0.0885851 0.0711153 0.227 0.193 0.184 -0.132 -0.081 0.084
-0.437844 -1.90732 -0.353108 0.327344 -0.60088 -2.82469 -0.393 -1.85 -0.326 0.326 -0.598 -2.816
0.607652 2.45893 0.851098 -0.419958 0.62629 2.9706 0.582 2.508 0.84 -0.43 0.63 2.959
0.60765 2.45893 0.851097 -0.419958 0.62629 2.9706 0.594 2.488 0.847 -0.424 0.63 2.965
-3.11455 -2.86637 -2.8567 -0.0587862 -0.00790517 -0.0362637 -2.903 -2.74 -2.734 -0.036 -0.006 -0.022
3.93968 3.61497 3.60973 0.0681941 0.00515191 0.0411031 3.91 3.678 3.67 0.051 0.009 0.031
-0.113042 0.127892 1.25923 2.27542 0.669695 -3.02095 -0.126 0.129 1.283 2.257 0.694 -3.023
0.322304 0.11249 0.137556 -0.0428556 -0.0549323 -0.00661299 0.281 0.083 0.102 -0.044 -0.053 -0.007
-0.224551 -0.217479 -0.227659 -0.00473779 -0.00238767 0.00473526 -0.253 -0.24 -0.255 -0.005 -0.001 0.004
0.0374864 0.0248953 0.0290885 0.0020168 -0.00171012 0.00160708 -0.002 0.011 0.009 -0.002 -0.001 -0.006
0.573889 0.118008 0.573738 -0.0363851 -0.121283 -0.184785 0.528 0.08 0.552 -0.037 -0.121 -0.192
0.0131997 0.0427609 0.0173237 0.00760518 0.0149674 0.0365426 -0.022 0.022 -0.011 0.006 0.019 0.037
0.0739696 0.0625872 0.0514956 -0.00847368 -0.00018875 0.0361483 0.033 0.04 0.019 -0.011 0.003 0.037
0.0534629 0.0382868 0.033932 -0.0215083 -0.00789139 0.0282253 0.013 0.018 0.006 -0.027 -0.008 0.028
0.0761207 0.05359 0.049256 -0.0212076 -0.0110321 0.0323383 0.038 0.029 0.02 -0.026 -0.011 0.031
-0.65646 0.270925 -0.529591 0.129096 0.258896 0.321422 -0.68 0.283 -0.561 0.119 0.265 0.327
-0.404638 -0.881099 -0.64949 -0.111524 -0.145091 -0.0994707 -0.416 -0.905 -0.673 -0.107 -0.144 -0.098
0.0239209 0.00647405 0.0260598 0.0187988 -0.000515134 -0.0308417 -0.012 -0.012 0.005 0.018 0.003 -0.036
-0.129927 -0.662024 -0.143709 0.118511 -0.199557 -0.92976 -0.152 -0.679 -0.164 0.118 -0.198 -0.928
0.0375011 0.0249116 0.0290399 0.00192734 -0.00177024 0.00169847 -0.000147105 -0.000147105 -0.000147105 0.000147105 0.000147105 0.000147105
0.135559 0.0514597 0.10135 0.00306258 -0.0236459 -0.0527477 0.092 0.026 0.075 0.001 -0.02 -0.061
0.104683 0.070318 0.0754993 0.00130906 -0.0055338 0.00612648 0.067 0.045 0.051 0.004 -0.003 -0.001
0.184787 0.12579 0.152053 0.0491373 0.0105905 -0.0404993 0.13 0.108 0.131 0.043 0.012 -0.045
-0.0697599 -0.0326217 -0.026497 -0.0183092 -0.00388133 -0.000970107 -0.096 -0.04 -0.039 -0.023 -0.004 -0.006
-0.0399422 -0.655496 -1.21606 -0.262966 -0.187279 0.202366 -0.056 -0.668 -1.266 -0.258 -0.188 0.215
-0.448022 -0.33687 -0.956161 0.115862 0.328051 0.958149 -0.458 -0.362 -1.001 0.121 0.332 0.956
0.931761 -0.13048 0.506681 -1.10062 -0.786848 0.558588 0.893 -0.165 0.486 -1.106 -0.795 0.552
-1.53534 0.514907 -0.135394 0.426747 0.554959 0.276379 -1.57 0.578 -0.079 0.41 0.557 0.267
0.100703 0.00185265 0.0680908 -0.1 -0.0674917 -0.016859 0.082 -0.02 0.05 -0.109 -0.078 -0.017
1.45842 -1.10469 0.768 -0.38904 -0.728592 -0.796319 1.428 -1.166 0.734 -0.383 -0.726 -0.805
0.184871 0.171453 0.136632 -0.0069173 0.0132428 0.0820967 0.143 0.145 0.105 -0.016 0.009 0.082
0.126632 0.13246 0.117033 -0.0282281 -0.00319903 0.0611244 0.093 0.117 0.083 -0.028 -0.002 0.073
4.91502 4.1415 4.66881 0.0682759 -0.117647 -0.233998 4.893 4.217 4.794 0.048 -0.113 -0.247
1.50449 2.89317 0.82433 0.171092 0.501317 0.951948 1.452 2.992 0.759 0.141 0.508 0.944
-1.27155 1.58548 -1.27325 0.410294 0.848408 1.12838 -1.293 1.723 -1.331 0.356 0.862 1.124
2.55935 1.47029 2.89724 0.0300357 -0.270403 -0.652961 2.517 1.469 2.983 0.02 -0.271 -0.681
-0.917884 -1.94403 -1.70017 -4.51657 -1.92472 3.08919 -0.639 -1.905 -1.583 -4.598 -1.901 3.159
0.207573 0.225018 0.168702 0.00760866 -0.00166758 0.0555064 0.169 0.226 0.154 0.006 0.004 0.051
-0.614248 2.3265 0.0297536 0.966981 1.39735 2.21668 -0.642 2.342 0.016 0.973 1.38 2.221
-1.19414 4.05902 -0.129487 0.891799 2.37543 3.80005 -1.244 4.089 -0.105 0.881 2.378 3.764
-2.23766 0.60593 -1.04945 1.7768 1.52596 1.05611 -2.19 0.633 -1.011 1.779 1.508 1.053
0.256317 0.325175 0.260957 0.103138 0.0809169 0.0544965 0.214 0.315 0.238 0.108 0.093 0.069
0.0260379 -1.89255 3.44265 2.85682 -1.12594 -7.14524 0.237 -1.931 3.64 2.948 -1.008 -7.199
-2.89584 3.19271 -1.43159 2.4815 2.80986 2.00245 -2.836 3.255 -1.361 2.415 2.831 1.984
0.609226 1.70266 1.54984 2.34694 1.00584 -1.73796 0.596 1.712 1.581 2.33 1.021 -1.746
-3.11193 -2.87578 -2.8663 -0.0505658 -0.00617765 -0.0309607 -2.865 -2.709 -2.704 -0.034 -0.004 -0.02
1.59767 -2.82501 2.88359 -0.166808 -1.82036 -6.62104 1.805 -2.79 2.94 -0.131 -1.867 -6.704
0.0243346 0.0243304 0.0220195 5.561e-05 -2.30558e-06 -0.000139258 0 0 -0.121 0 -0 -0
0.0273234 0.0273197 0.0271604 -0.000181608 -2.13817e-06 0.000383622 0.003 0.003 -0.116 -0 -0 0
0.0250975 0.0250935 0.0234592 -7.40274e-06 -2.16661e-06 1.1278e-05 0.001 0.001 -0.12 -0 -0 0
0.0258697 0.0258655 0.0248639 -7.28023e-05 -2.28632e-06 0.000159932 0.002 0.002 -0.118 -0 -0 0
3.11871 -3.79445 4.96016 -0.863121 -2.41193 -7.3622 3.215 -3.76 4.939 -0.868 -2.285 -7.439
1.33886 5.65394 2.1547 -0.950433 1.28753 6.04866 1.483 5.81 2.262 -0.96 1.313 6.181
-0.0748984 0.153762 -0.264911 0.000603215 0.0668072 0.171944 -0.092 0.144 -0.297 -0.001 0.068 0.177
-0.45414 -0.423853 -0.422925 -0.00674354 -0.00085215 -0.00401033 -0.452 -0.434 -0.433 -0.004 -0.001 -0.002
0.620112 0.0418164 0.451402 -0.0807095 -0.160221 -0.170359 0.588 0.005 0.429 -0.079 -0.162 -0.174
0.00510728 0.0416606 0.0133111 0.00773758 0.016051 0.0324021 -0.012 0.023 -0.011 0.009 0.019 0.036
0.0114397 0.0475116 0.013767 -0.00648714 0.0118215 0.0523221 -0.005 0.028 -0.014 -0.006 0.014 0.058
0.0618283 0.0620054 0.0436648 -0.00338806 0.00446156 0.0323259 0.04 0.043 0.019 -0.004 0.006 0.035
0.0459169 0.0344474 0.0376427 0.000350961 -0.0014579 -0.00141268 0.027 0.012 0.015 0.001 -0.001 -0.001
0.0201597 0.022052 0.0242335 0.00850265 0.00379129 -0.00754994 0.001 0.004 0.005 0.009 0.006 -0.008
0.0858247 0.0660597 0.0683341 0.024381 0.00849158 -0.0131536 0.058 0.049 0.051 0.024 0.01 -0.016
0.807821 0.544908 0.55338 -0.047728 -0.0629811 0.00327632 0.772 0.517 0.522 -0.049 -0.064 0.003
0.0200318 0.019401 0.0237188 -0.00993354 -0.00510104 0.00227649 0.008 -0.007 -0.004 -0.008 -0.006 0.005
0.00904089 0.0195959 0.0227761 0.0058665 0.00100949 -0.0144195 -0 -0.011 -0.005 0.012 0.003 -0.014
0.037699 0.049765 0.0340012 -0.00735577 0.00446191 0.0321117 0.019 0.031 0.008 -0.008 0.004 0.036
0.26953 -2.40129 -1.85415 -5.05094 -2.84896 1.60155 0.537 -2.494 -1.737 -5.053 -2.962 1.669
0.0306747 0.0850337 0.0421689 0.0635772 0.0469457 0.0107088 0.009 0.069 0.021 0.068 0.054 0.011
-0.359241 -0.848285 -0.783991 -0.136432 -0.148277 -0.0348943 -0.354 -0.852 -0.792 -0.131 -0.148 -0.03
0.0364827 0.0193187 0.0291017 -0.0173332 -0.012662 -0.00142367 0.02 0.001 0.01 -0.019 -0.014 -0
1.12837 0.268819 0.930786 -0.107691 -0.238861 -0.280687 1.095 0.227 0.913 -0.106 -0.241 -0.287
0.038154 0.0977191 0.0571425 0.0826505 0.0530988 -0.00896017 0.014 0.081 0.039 0.087 0.062 -0.011
0.0250886 0.0221751 0.0221864 0.000647945 2.94041e-05 0.000285396 0.00676683 0.00235368 0.00132395 0.00102974 -0.000882631 -0.00397184
0.0680213 0.109033 0.0679711 0.0426642 0.040701 0.0344243 0.044 0.096 0.046 0.044 0.046 0.037
0.0568655 -0.00128275 0.0348167 -0.0646483 -0.0447443 -0.00394385 0.046 -0.025 0.015 -0.069 -0.052 -0.002
-1.73072 1.89514 -0.53056 1.60716 1.59499 2.42986 -1.72 1.92 -0.499 1.641 1.536 2.443
0.0465946 0.0435972 0.0371767 -0.0290751 -0.0154756 0.0281268 0.033 0.025 0.015 -0.03 -0.016 0.031
0.0369649 0.0900863 0.0510765 0.042431 0.0373164 0.0288127 0.019 0.073 0.024 0.047 0.044 0.033
0.064816 0.0702223 0.046278 -0.0374031 -0.00756553 0.0654502 0.051 0.049 0.018 -0.039 -0.009 0.072
0.0853297 0.0475244 0.0647103 -0.0377939 -0.023975 0.00467983 0.07 0.024 0.044 -0.039 -0.031 0.006
0.101012 0.102623 0.0755635 -0.0111645 0.00568604 0.0570411 0.082 0.083 0.049 -0.012 0.004 0.063
0.0557548 0.0691577 0.0627342 0.0533783 0.026484 -0.0275144 0.034 0.054 0.049 0.057 0.03 -0.032
0.196381 0.122481 0.120992 -0.0476659 -0.0251054 0.0503716 0.164 0.113 0.106 -0.057 -0.031 0.051
1.44835 0.746428 0.851898 -0.608532 -0.25834 0.57515 1.424 0.714 0.831 -0.611 -0.253 0.573
1.58011 0.000460161 1.40865 -0.179603 -0.449927 -0.615251 1.552 -0.047 1.406 -0.177 -0.452 -0.628
0.119246 0.0569962 0.103534 0.0235303 -0.0175166 -0.0786925 0.095 0.042 0.096 0.02 -0.016 -0.086
0.0325351 -0.0408394 0.0510615 -0.0182242 -0.0398164 -0.111783 0.032 -0.068 0.04 -0.015 -0.045 -0.118
-0.00880245 0.0256008 0.0102536 -0.0221791 -0.00264609 0.0265708 -0.021 0.017 -0.003 -0.025 -0.005 0.031
-0.000855839 0.044807 0.023621 -0.00671411 -0.00216847 0.013046 -0.016 0.042 0.018 -0.006 -0.001 0.013
0.128877 0.145387 0.122408 0.0640627 0.0435966 0.000192916 0.1 0.136 0.119 0.064 0.047 -0.004
0.0222138 0.0665544 0.0835142 0.111671 0.0408982 -0.11362 0.019 0.046 0.066 0.125 0.052 -0.119
0.181502 0.118047 0.126933 -0.061879 -0.0318035 0.0360887 0.159 0.107 0.115 -0.069 -0.038 0.04
-1.58714 -1.84055 -1.79392 -0.10862 -0.0989311 -0.0381394 -1.483 -1.768 -1.725 -0.098 -0.098 -0.031
-1.04917 4.48702 1.70318 4.0893 4.02419 -0.429357 -1.143 4.615 1.745 3.999 4.022 -0.424
-0.720859 -1.64639 -0.342666 -0.718329 -0.675297 -1.28118 -0.678 -1.612 -0.292 -0.7 -0.675 -1.271
0.226632 2.54946 0.940848 0.478221 0.758055 0.70832 0.195 2.633 0.921 0.459 0.77 0.718
-0.0853207 -1.00377 1.19539 2.91028 1.3858 -2.94357 -0.109 -1.027 1.139 2.865 1.358 -2.9
-1.85383 0.507872 -1.95447 0.270856 0.656512 0.927443 -1.788 0.631 -1.965 0.239 0.665 0.933
1.34462 2.61699 0.0375325 0.0196489 0.439341 1.16438 1.321 2.713 -0.05 -0.009 0.442 1.154
2.51887 -0.615645 1.94913 -0.415229 -0.919069 -1.15201 2.516 -0.656 1.955 -0.411 -0.912 -1.166
-1.76368 -4.19627 0.253132 0.522905 -1.49268 -7.2513 -1.585 -4.201 0.315 0.562 -1.491 -7.242
3.11498 2.72338 2.02693 -0.179022 -0.0907589 0.382446 3.158 2.785 2.019 -0.185 -0.092 0.387
1.69011 6.49978 2.50345 3.49334 3.37567 2.2425 1.811 6.622 2.617 3.697 3.436 2.34
-3.20755 -2.45817 -2.35021 0.0804688 0.120642 -0.0456841 -2.947 -2.272 -2.159 0.093 0.12 -0.042
-0.458699 -1.89906 -0.350244 0.320779 -0.565564 -2.6598 -0.405 -1.828 -0.327 0.317 -0.561 -2.639
0.255771 0.207976 0.216472 -0.0394579 -0.00758788 0.0370393 0.247 0.186 0.194 -0.037 -0.011 0.037
0.249679 0.136799 0.25031 0.0249907 -0.0300555 -0.129598 0.247 0.115 0.248 0.034 -0.029 -0.137
0.367941 0.284309 0.360673 0.0984936 0.0203988 -0.100363 0.337 0.28 0.364 0.094 0.033 -0.116
-0.888156 -3.3648 -0.273786 0.557183 -1.11681 -5.27373 -0.653 -3.217 -0.228 0.574 -1.141 -5.37
0.360463 0.312237 0.32875 0.0709255 0.0189643 -0.0533325 0.334 0.32 0.332 0.077 0.023 -0.067
0.148585 0.191733 0.173547 -0.019627 0.013716 0.0469679 0.145 0.203 0.168 -0.023 0.01 0.049
0.615079 -1.64601 1.112 -0.11841 -0.913489 -3.31726 0.623 -1.596 1.135 -0.108 -0.916 -3.31
-3.42155 -2.9267 -3.29791 -0.0337483 0.0597487 0.0943665 -3.077 -2.658 -3.037 -0.019 0.062 0.106
-0.42146 0.257731 -1.10004 -1.86641 -0.554693 3.18663 -0.374 0.296 -1.098 -1.86 -0.553 3.149
6.43892 0.271716 4.75073 -6.14876 -4.91593 -1.63861 6.369 0.253 4.456 -6.207 -4.73 -1.657
5.33251 0.00211513 3.73317 -4.13839 -3.43089 -2.45815 5.481 0.06 3.834 -4.171 -3.47 -2.485
-0.200325 -0.226032 -0.936933 -2.76438 -1.48999 3.01362 -0.139 -0.172 -0.906 -2.748 -1.493 2.979
-0.246435 -4.31327 0.8816 -0.832009 -1.88938 -4.27795 -0.161 -4.191 0.972 -0.839 -1.889 -4.217
0.589324 -4.49019 2.59442 -0.611209 -2.60559 -7.39687 0.754 -4.414 2.472 -0.704 -2.478 -7.374
-1.51606 -2.14783 -1.98947 -5.92646 -2.6438 3.90835 -1.385 -2.101 -1.946 -5.908 -2.692 3.921
-0.212133 2.59891 0.846304 1.34128 1.5134 3.25849 -0.128 2.739 0.866 1.445 1.431 3.269
0.458833 2.59442 3.53098 4.86812 1.60307 -4.48045 0.542 2.619 3.635 4.939 1.67 -4.532
2.54946 9.49349 3.67048 -1.49268 1.661 8.06894 2.698 9.487 3.548 -1.459 1.653 8.032
-1.01858 3.61345 -0.326303 -0.222946 1.72804 5.41241 -0.995 3.619 -0.355 -0.19 1.731 5.444
0.5736 -0.615851 -1.22711 -4.9208 -2.78348 4.55039 0.701 -0.428 -1.383 -4.938 -2.722 4.551
5.25765 0.000554436 3.68581 -4.04796 -3.38743 -2.40635 5.384 0.069 3.782 -4.055 -3.419 -2.416
1.7821 1.64435 2.23305 0.1298 -0.126781 -0.568208 1.629 1.787 2.333 0.126 -0.076 -0.607
-1.46255 -4.24032 0.130207 0.617356 -1.47562 -6.92863 -1.277 -4.158 0.183 0.643 -1.5 -7.052
-0.894235 -1.88275 -1.77751 -4.12179 -1.86877 2.86669 -0.682 -1.814 -1.595 -4.171 -1.801 2.889
1.31791 2.08536 1.26108 0.436376 0.470587 0.445762 1.298 2.131 1.281 0.381 0.458 0.421
3.08173 2.47119 3.27195 -1.05004 -0.557914 0.458644 3.064 2.444 3.262 -1.194 -0.634 0.463
7.90156 1.05417 6.59914 -5.7428 -5.10484 -3.41615 7.952 1.135 6.566 -5.689 -5.13 -3.377
3.20548 2.86071 3.22794 -0.146029 -0.0950852 -0.309582 3.31 2.865 3.209 -0.096 -0.054 -0.315
1.34823 5.43761 1.98334 -0.910728 1.21172 5.69864 1.484 5.532 2.064 -0.902 1.209 5.688
-4.15709 3.09869 -1.27887 4.46852 4.52476 1.29187 -4.026 3.177 -1.166 4.58 4.561 1.355
2.90999 2.95587 2.71693 0.844567 0.573037 -0.381268 2.888 3.035 2.512 0.928 0.595 -0.364
2.12367 3.94217 2.43441 0.316248 0.614172 0.973299 2.037 4.094 2.57 0.299 0.684 0.939
1.84127 1.90718 2.51087 -0.0943805 0.262354 -0.431999 1.929 1.803 2.605 -0.104 0.232 -0.526
2.44658 2.90617 2.74618 -0.117869 -0.234581 0.243005 2.472 2.921 2.667 -0.189 -0.297 0.295
3.35942 3.33504 3.0106 -0.45284 -0.295662 0.93164 3.356 3.39 3.056 -0.37 -0.306 0.925
3.21027 1.56251 3.01125 -0.724517 -0.982496 -1.02305 3.236 1.656 2.892 -0.601 -0.891 -1.078
3.30557 3.62124 3.27541 0.457406 0.460847 0.134058 3.218 3.754 3.311 0.577 0.488 0.103
2.79994 2.67085 2.38961 0.204709 -0.0860629 0.116181 2.8 2.723 2.465 0.149 -0.041 0.053
3.78215 2.2544 3.50095 -0.304897 -0.901374 -1.17021 3.963 2.31 3.37 -0.337 -0.855 -1.146
2.75603 3.47345 2.8924 0.0085612 0.118252 0.0780835 2.612 3.523 2.793 0.002 0.117 0.125
3.5389 3.46266 3.22103 0.135451 0.0684494 -0.217597 3.431 3.654 3.248 0.141 0.092 -0.21
2.69545 2.47561 2.76275 -0.000362875 -0.375508 0.0550921 2.77 2.422 2.864 0.003 -0.407 0.045
1.06795 4.35376 1.24035 1.61276 1.85497 1.96855 1.106 4.499 1.298 1.573 1.843 2.117
-6.94442 2.46686 -2.17969 4.02356 4.25979 2.38864 -7.088 2.317 -2.286 3.87 4.218 2.301
3.17593 3.02335 3.74472 0.0830602 -0.281802 -0.399815 3.059 3.035 3.662 0.113 -0.31 -0.518
3.37653 3.71407 3.37483 -0.0297741 0.0835902 0.495677 3.475 3.758 3.521 -0.006 0.037 0.537
3.51427 2.90323 3.28611 -0.522246 -0.552474 0.093605 3.581 2.897 3.193 -0.57 -0.615 0.19
-2.55637 -4.61737 0.516484 0.443033 -1.49954 -7.28459 -2.757 -4.8 0.531 0.439 -1.491 -7.244
3.20001 2.51082 3.37934 -0.112548 -0.415 -0.761644 3.245 2.773 3.405 -0.045 -0.333 -0.774
-0.784731 -0.143052 0.256217 0.2869 0.254292 -0.167688 -0.72 0.011 0.247 0.313 0.327 -0.127
3.46598 2.64591 4.03275 -0.238539 -0.58051 -0.748555 3.571 2.62 3.939 -0.235 -0.583 -0.627
2.97096 3.47902 3.25935 1.40845 1.07384 -0.188108 2.877 3.527 3.166 1.424 1.101 -0.24
3.95789 3.31463 3.49149 -0.546471 -0.439194 0.032043 4.018 3.466 3.465 -0.664 -0.48 0.092
3.07915 3.73667 2.75922 0.441677 0.580743 0.25656 3.161 3.584 2.787 0.372 0.381 0.175
2.4466 2.72735 2.96676 0.0327608 0.171083 0.0532946 2.487 2.883 3.016 0.036 0.097 -0.052
3.77707 3.09331 3.79544 -0.661484 -0.324376 -0.528999 3.763 3.011 3.681 -0.718 -0.363 -0.547
0.483492 -3.92429 0.547838 -1.77742 -1.40424 -5.05078 0.556 -3.909 0.782 -1.698 -1.657 -4.953
4.49932 3.04921 3.52613 -0.975338 -0.771657 0.330966 4.582 3.028 3.638 -1.027 -0.759 0.318
2.04675 1.60139 2.13276 -0.285491 -0.290364 -0.427461 1.949 1.63 2.165 -0.257 -0.29 -0.363
4.0314 4.46525 4.0245 0.25888 0.35165 0.0558378 3.999 4.571 4.038 0.317 0.426 0.099
4.399 3.96024 3.75316 -1.18925 -0.717473 0.855311 4.31 4.044 3.68 -1.389 -0.803 0.971
3.87905 3.74814 3.47018 -0.220676 -0.215483 0.296213 3.789 3.747 3.517 -0.215 -0.214 0.194
3.30146 2.94149 3.79025 0.757558 0.149334 -1.15385 3.312 3.167 3.753 0.732 0.197 -1.144
3.78478 4.10757 3.6456 0.328424 0.138898 0.294672 3.873 4.128 3.684 0.275 0.107 0.281
1.97515 3.30848 1.44127 -0.0771916 0.282231 0.939994 1.943 3.381 1.237 0.036 0.338 0.998
4.16432 3.69003 3.53009 -0.780666 -0.759732 0.743978 4.158 3.672 3.435 -0.835 -0.768 0.815
3.35145 1.99716 3.04647 -0.495553 -0.817306 -0.461096 3.359 2.041 3.15 -0.536 -0.753 -0.447
4.71289 3.45215 4.27793 -0.414023 -0.293033 -0.349823 4.8 3.423 4.404 -0.559 -0.35 -0.358
3.22136 2.97603 2.24453 -0.999591 -0.458971 0.993907 3.279 2.818 2.038 -1.176 -0.58 1.109
3.40907 3.37883 3.36619 -0.0438574 -0.0619595 0.592698 3.448 3.334 3.454 -0.076 0.028 0.513
3.34465 3.78385 3.93832 0.962677 0.408064 -0.896297 3.325 3.803 3.937 1.071 0.528 -0.894
3.20409 3.10814 2.98104 0.74139 0.516912 -0.39299 3.258 3.011 3.017 0.799 0.53 -0.419
3.11881 1.62037 3.0689 -0.286223 -0.33007 -1.03055 3.171 1.522 2.993 -0.304 -0.443 -1.134
3.28467 3.82323 2.79616 0.141097 0.500264 0.5032 3.199 3.866 2.785 0.273 0.598 0.597
1.06952 1.4629 1.41901 0.0404784 0.221762 0.000186894 0.927 1.485 1.322 0.126 0.312 0.038
3.13863 2.66371 3.00524 -0.406484 -0.322679 0.0707529 3.246 2.623 3.049 -0.47 -0.431 0.095
3.84824 3.5475 4.01777 0.643312 0.551374 -0.635967 3.855 3.603 4.007 0.696 0.584 -0.684
3.58146 5.13304 3.25902 0.86665 1.29974 1.06895 3.495 5.052 3.171 0.936 1.407 1.082
4.65089 3.50472 4.14864 -0.783896 -0.750794 0.048309 4.938 3.625 4.154 -0.8 -0.751 0.059
2.69882 1.47911 2.42715 -0.0534064 -0.0342849 -0.56105 2.607 1.422 2.272 0.095 -0.031 -0.695
3.79812 1.29251 4.80498 0.619793 -0.731481 -3.5465 3.753 1.237 4.882 0.654 -0.759 -3.828
3.20152 2.56966 3.10071 -0.648878 -0.352118 -0.303962 3.429 2.524 2.988 -0.684 -0.504 -0.382
3.38596 2.9625 3.54931 -0.131968 -0.332577 -0.788953 3.439 2.998 3.654 -0.146 -0.389 -0.807
4.03685 2.46934 4.0363 -0.154871 -0.905061 -1.17149 3.98 2.472 4.026 -0.229 -0.879 -1.128
3.07999 3.63277 3.10034 -0.554404 0.0262122 0.543743 3.13 3.684 3.115 -0.538 0.092 0.474
3.51315 2.88785 3.52373 0.469359 0.241808 -0.3514 3.666 2.775 3.48 0.434 0.157 -0.47
3.11966 3.42299 3.59068 0.726917 0.966025 -0.33526 3.092 3.47 3.764 0.87 0.98 -0.449
3.86249 4.31418 4.09814 -0.0131206 -0.0390496 0.515323 3.905 4.345 4.099 -0.057 -0.072 0.542
3.45834 3.90561 3.42855 0.337534 0.111761 0.299349 3.415 3.986 3.32 0.29 0.102 0.392
3.00417 2.29778 2.88012 -0.0256516 -0.0935211 -0.600427 3.025 2.458 3.035 -0.049 -0.118 -0.577
3.35254 3.71318 3.19054 -0.218261 -0.0407588 0.64485 3.497 3.939 3.247 -0.264 -0.075 0.586
3.68203 3.5318 3.23245 -0.213718 -0.261809 0.615289 3.767 3.699 3.294 -0.178 -0.244 0.613
2.68758 2.11369 2.41468 -0.263714 -0.175917 0.00640418 2.762 2.17 2.327 -0.429 -0.199 0.022
-5.61715 2.17346 -2.06074 3.9639 3.89919 2.35732 -5.559 2.329 -1.898 4.107 3.909 2.428
2.93238 3.78981 3.02183 0.0389239 0.201043 0.394049 2.775 3.94 2.992 -0.013 0.292 0.415
4.7936 4.10068 4.81154 0.459307 0.182867 -0.84257 4.773 4.063 4.766 0.498 0.141 -0.895
1.08437 0.914005 0.740921 0.201778 0.18327 -0.146958 1.291 0.929 0.664 0.27 0.252 -0.11
0.638466 3.16239 1.55925 0.697504 1.15095 0.486257 0.607 3.266 1.496 0.694 1.165 0.414
3.47234 3.85673 3.10525 -0.0867232 0.178681 0.580433 3.476 3.916 3.189 -0.205 0.192 0.627
3.53502 3.8641 3.63701 -0.321182 -0.243821 0.53829 3.757 3.82 3.522 -0.319 -0.188 0.589
2.4323 2.30052 2.26202 -0.0739953 0.0501222 0.333356 2.387 2.252 2.231 -0.14 0.002 0.267
2.43129 3.92753 3.30225 0.78566 0.878049 0.175059 2.449 4.144 3.348 0.702 0.869 0.375
-3.51816 5.79322 -0.875654 4.80099 5.22758 1.86383 -3.426 5.74 -0.685 4.822 5.314 1.842
2.5292 3.2661 2.88446 -0.182438 0.0587979 -0.136475 2.608 3.254 2.85 -0.233 0.093 -0.082
-2.2493 -2.05141 -2.20945 -6.1327 -2.96299 3.93898 -2.526 -2.082 -2.299 -6.037 -2.955 3.837
1.2073 9.32789 1.96243 0.445685 3.62138 7.596 1.15 8.893 2.017 0.45 3.61 7.517
2.18615 1.99109 2.13514 -0.305188 0.00693332 0.0984686 2.272 2.056 2.157 -0.358 0.039 0.056
3.5837 3.51224 3.64128 0.0127227 -0.484669 -0.594743 3.556 3.587 3.705 0.046 -0.455 -0.654
1.1718 1.12891 0.401154 0.119663 0.0895285 0.0142826 1.237 1.181 0.31 0.078 0.148 0.032
3.26429 4.63725 3.47126 0.300684 0.648864 0.677967 3.295 4.665 3.489 0.236 0.684 0.7
4.24727 2.96865 3.73263 -0.0562826 -0.40792 -0.531176 4.174 2.924 3.768 -0.236 -0.484 -0.514
2.63817 1.58024 2.73658 0.130758 -0.367087 -1.17226 2.748 1.606 2.786 0.146 -0.286 -1.171
3.11116 1.26059 2.69086 -0.0616642 -0.716775 -1.34761 3.377 1.041 2.722 -0.056 -0.703 -1.587
4.10285 3.9841 4.00596 0.800984 0.35524 -0.351202 4.006 3.944 3.959 0.778 0.416 -0.444
4.08256 4.37087 3.09768 -0.992435 -0.374874 1.20137 4.151 4.372 3.005 -0.995 -0.227 1.287
4.65918 4.48885 4.32442 0.158115 -0.0429574 0.102216 4.445 4.461 4.344 0.127 -0.015 -0.025
3.87874 3.62886 3.60613 -0.206564 -0.495564 -0.233792 3.933 3.635 3.622 -0.219 -0.532 -0.363
3.55202 -1.88291 5.28889 -1.57992 -3.03619 -7.11441 3.504 -1.567 5.243 -1.594 -3.033 -7.149
4.40191 4.07377 3.66444 -0.315713 -0.222646 0.648861 4.52 4.222 3.704 -0.349 -0.18 0.7
3.58228 2.58253 3.13647 -0.35002 -0.621625 0.0404514 3.426 2.622 3.083 -0.4 -0.693 0.086
5.51065 2.74111 4.5349 -1.45165 -1.58428 -0.148042 5.694 2.574 4.61 -1.377 -1.537 -0.231
3.83868 3.44105 3.28533 -0.544331 -0.374185 0.392619 3.711 3.488 3.262 -0.587 -0.341 0.402
3.85569 3.00939 3.37543 -0.516385 -0.505071 -0.210014 3.865 3.141 3.341 -0.506 -0.442 -0.089
4.3104 3.75249 4.26046 0.471313 0.0521538 -0.480782 4.242 3.783 4.216 0.427 -0.008 -0.414
2.21014 0.417848 2.62849 0.592138 -0.362048 -2.16589 2.339 0.364 2.667 0.561 -0.379 -2.294
2.75988 3.01811 2.96292 -0.00910373 -0.124129 0.120922 2.784 2.994 3.128 -0.069 -0.225 0.036
3.68548 4.35356 3.70816 0.770376 0.446409 -0.0937211 3.642 4.272 3.72 0.843 0.451 -0.129
4.26761 3.66423 4.38977 0.810637 0.286478 -0.845327 4.296 3.658 4.252 0.891 0.272 -0.888
4.91114 3.24135 4.28088 -0.563595 -0.441536 -0.734467 5.081 3.22 4.317 -0.657 -0.463 -0.695
3.01476 2.4688 2.56629 -0.169689 -0.246799 -0.207474 2.999 2.393 2.521 -0.264 -0.205 -0.204
3.19269 2.38586 3.16447 -0.85629 -0.732664 -0.0614532 3.153 2.258 3.24 -0.838 -0.772 -0.182
-0.823742 0.218472 0.907173 2.32806 0.975133 -2.84246 -0.813 -0.042 0.787 2.496 0.983 -3.029
3.20859 2.96405 2.78554 0.0700389 -0.0679153 0.247123 3.287 2.941 2.809 -0.005 -0.09 0.202
-1.99063 6.76203 1.16796 2.45799 3.84745 5.05037 -2.085 6.779 1.317 2.428 3.601 4.954
1.27835 1.02706 -0.429368 -7.89601 -5.63763 4.76289 1.321 1.138 -0.348 -7.828 -5.712 4.567
3.49629 3.19467 3.52903 0.418278 0.2113 -0.521427 3.562 3.19 3.526 0.433 0.203 -0.52
4.33434 4.20308 4.47669 0.75387 0.179075 -0.345565 4.193 4.183 4.525 0.794 0.272 -0.517
3.24419 3.20713 3.09014 -0.358877 -0.199065 0.686463 3.307 3.176 3.018 -0.291 -0.087 0.768
4.31298 3.34999 4.1922 0.710942 0.367675 -1.4037 4.327 3.348 4.212 0.822 0.44 -1.51
4.08036 3.39475 3.9284 -0.459661 -0.677593 -0.215549 4.143 3.546 3.965 -0.556 -0.726 -0.206
3.46644 3.54449 3.38324 0.306402 -0.0449979 -0.187502 3.37 3.66 3.415 0.352 -0 -0.214
3.0154 4.5714 2.99014 0.228017 0.302075 0.347217 3.005 4.718 2.949 0.208 0.348 0.455
2.63258 2.90624 2.84909 -0.271685 -0.0600312 -0.081076 2.607 3.047 2.958 -0.237 -0.033 -0.057
2.55742 1.64886 7.64255 5.12266 0.545001 -8.21499 2.496 1.486 7.544 5.195 0.561 -8.42
2.51141 3.22779 2.71775 0.272317 0.429654 0.194298 2.504 3.34 2.691 0.248 0.363 0.121
2.85636 2.97836 3.14793 1.14117 0.813947 -0.670088 2.706 3.03 3.156 1.24 0.781 -0.712
3.69235 3.54816 3.62056 0.234634 0.15604 0.00459652 3.742 3.508 3.519 0.283 0.189 -0.076
3.7624 4.74568 4.23595 0.465703 0.232307 0.277549 3.821 4.738 4.208 0.414 0.181 0.308
4.42008 3.40855 3.94255 0.477917 0.24952 -0.951563 4.385 3.51 3.93 0.439 0.188 -1.027
2.78492 2.69534 2.65429 0.0762666 0.175471 -0.00732 2.862 2.796 2.561 0.106 0.104 -0.041
2.84984 2.48431 2.47012 -0.387067 -0.219656 0.385093 2.831 2.456 2.339 -0.433 -0.19 0.401
5.05598 3.9504 5.0545 0.345626 0.072609 -0.780706 4.96 4.063 4.846 0.514 0.108 -0.668
4.78405 4.29559 4.58421 0.0638128 0.0105126 -0.33829 4.797 4.359 4.525 0.137 0.001 -0.476
3.15751 3.36737 2.90217 0.462974 0.344479 0.290083 3.108 3.194 2.93 0.416 0.247 0.171
2.70631 3.98942 2.97163 1.10611 0.872788 0.300351 2.619 3.888 2.878 1.161 0.931 0.27
3.74186 4.53703 4.41373 0.424582 0.600151 -0.111191 3.626 4.522 4.412 0.507 0.674 -0.159
4.60405 5.28873 2.45945 -7.53583 -5.05518 7.37751 4.552 5.125 2.675 -7.347 -5.057 7.12
3.18524 2.99149 3.27892 0.872998 0.292781 -0.93812 3.184 2.995 3.241 0.855 0.263 -0.99
3.66385 3.36151 3.12514 -0.536131 -0.667712 0.11312 3.722 3.335 3.081 -0.534 -0.698 0.075
-0.318381 7.33685 0.879622 0.656636 2.78631 6.6699 -0.458 6.968 1.064 0.667 2.656 6.534
6.5101 7.1728 5.83087 0.721607 0.801435 0.428172 6.475 7.186 5.947 0.801 0.902 0.377
1.37715 2.43448 2.40535 0.664331 0.622811 -0.0613156 1.454 2.577 2.475 0.664 0.596 -0.13
4.03282 3.09685 3.63429 -0.0775625 -0.266815 -0.808108 3.92 3.083 3.562 -0.056 -0.133 -0.866
4.74687 3.6982 3.43205 -1.27194 -0.861796 1.1176 4.853 3.648 3.336 -1.286 -0.731 1.172
2.19821 4.02984 3.05094 0.982284 1.38901 0.528526 2.201 4.019 3.074 1.042 1.426 0.479
3.38297 2.83456 3.23978 -0.371411 -0.223854 -0.175441 3.38 2.727 3.175 -0.384 -0.284 -0.227
3.1247 3.04854 3.13234 0.16692 0.196625 -0.364788 2.979 3.047 3.065 0.119 0.04 -0.344
3.1326 4.21538 3.41064 0.219365 0.643742 0.0562682 3.191 4.305 3.426 0.22 0.531 0.166
3.63031 3.49036 3.21962 -0.442577 -0.0968737 0.803194 3.55 3.387 3.215 -0.568 -0.211 0.753
2.53835 2.08798 3.1307 0.341162 0.0832788 -0.775922 2.589 2.114 3.2 0.371 0.087 -0.884
5.9967 4.05532 6.34429 0.588139 -0.37213 -2.5437 6.031 4.089 6.454 0.41 -0.344 -2.78
5.78984 5.06144 5.00531 -0.440571 -0.189975 -0.0434669 5.881 5.013 4.943 -0.509 -0.297 -0.153
-0.1518 2.53649 0.440838 0.668389 1.10441 0.793197 -0.089 2.718 0.476 0.773 1.272 0.767
3.04594 3.23777 3.21669 0.0308934 -0.213815 -0.0860241 3.165 3.143 3.335 0.037 -0.207 -0.169
1.32372 2.1144 1.92199 0.647598 0.424656 0.0818348 1.444 2.153 2.059 0.635 0.4 0.105
3.3906 2.96668 3.41822 0.36893 0.192958 -0.403687 3.341 3.071 3.43 0.337 0.277 -0.396
4.18753 3.8526 4.44453 0.152445 0.259764 -0.517507 4.198 3.865 4.565 0.064 0.181 -0.618
3.55304 4.40944 3.96215 0.552039 0.210453 -0.0723822 3.668 4.329 4.008 0.563 0.222 -0.106
4.73343 3.13209 4.48512 -0.000409152 -0.222816 -1.38893 4.731 3.105 4.407 0.017 -0.223 -1.373
3.76843 6.20476 3.81054 1.26425 1.6359 1.41535 3.674 6.131 3.762 1.305 1.647 1.505
5.50757 -0.905524 4.5812 -5.56996 -4.8353 -3.20219 5.395 -1.007 4.481 -5.753 -4.951 -3.303
2.33047 -0.752163 9.34455 2.85183 -1.29551 -10.114 2.131 -0.647 9.422 2.87 -1.299 -10.082
4.29539 3.46183 4.0876 0.0784212 -0.322347 -0.737931 4.334 3.437 4.092 -0.02 -0.466 -0.761
4.74719 4.84375 4.09946 -0.449861 -0.35071 0.595285 4.515 4.68 4.024 -0.488 -0.396 0.727
-2.16625 -4.65296 0.411559 0.551711 -1.53989 -7.22279 -2.344 -4.712 0.422 0.527 -1.535 -7.218
4.00715 4.66933 3.19558 0.0728636 0.37031 0.83864 3.872 4.675 3.009 -0.022 0.352 0.903
3.45854 3.66087 3.16557 0.867946 0.586618 0.0692056 3.326 3.756 3.086 0.754 0.568 0.183
3.20063 3.16603 3.40846 0.472511 0.0580392 -0.285878 3.272 3.256 3.369 0.579 0.186 -0.365
4.77615 4.55231 4.36943 0.500655 0.325365 0.0653384 4.733 4.543 4.363 0.519 0.43 0.1
3.9444 3.00308 3.90265 0.0635826 -0.310346 -0.425738 4.037 2.956 3.943 0.001 -0.32 -0.474
3.08855 2.95184 2.79654 0.396379 0.119782 0.0273769 3.051 3.022 2.722 0.461 0.06 0.105
3.94748 3.50365 3.60125 -1.14686 -0.703827 0.931317 3.917 3.602 3.534 -1.24 -0.773 1.042
3.90675 6.40978 3.70868 1.51068 1.82695 1.02583 3.862 6.327 3.714 1.557 1.793 1.022
4.11407 2.5944 4.18341 -0.808077 -0.980758 -0.332456 4.127 2.472 4.136 -0.804 -0.988 -0.345
3.64957 3.21508 3.09233 -0.459597 -0.364686 0.274084 3.579 3.166 3.174 -0.468 -0.316 0.318
-0.435156 0.908718 -0.221015 -0.368248 -0.00590089 0.682519 -0.305 1.209 -0.156 -0.38 -0.036 0.757
-1.23799 0.355674 -0.163374 0.679162 0.94953 0.378214 -0.879 0.403 -0.009 0.715 0.864 0.474
4.19786 4.08826 4.0125 -0.68481 -0.267199 0.466702 4.154 4.006 3.984 -0.568 -0.102 0.355
3.64289 4.03497 3.3287 -0.251283 -0.139696 0.300385 3.831 4.072 3.393 -0.32 -0.083 0.292
5.3644 3.58992 4.48078 -2.0152 -1.75253 0.824217 5.381 3.456 4.459 -2.054 -1.825 0.823
4.28313 3.68963 3.97123 -0.0978173 -0.295264 -0.11437 4.257 3.697 3.963 0.028 -0.305 -0.15
2.93181 3.28959 2.34306 0.106163 0.133232 0.603281 2.961 3.234 2.324 0.127 0.183 0.615
-0.555871 1.30416 -0.422842 0.486153 0.8657 0.896079 -0.487 1.446 -0.406 0.513 0.898 0.95
3.86691 2.48612 4.37764 0.353859 -0.526113 -1.62245 3.95 2.622 4.531 0.45 -0.493 -1.738
3.31463 2.94748 3.02982 0.29144 0.353869 -0.498149 3.266 3.018 3.034 0.236 0.243 -0.481
3.80072 3.06103 3.41905 0.337489 0.0151377 -0.594526 3.744 2.989 3.269 0.385 -0.037 -0.789
3.54446 5.72585 3.63768 0.97208 1.35473 1.87547 3.343 5.939 3.507 0.976 1.483 1.976
3.29439 2.8071 3.54696 0.92217 0.448312 -0.978956 3.31 2.789 3.609 0.92 0.453 -0.982
2.88184 4.28524 2.17394 -0.086133 0.752617 2.2474 2.851 4.286 2.095 -0.2 0.748 2.343
4.78113 3.6698 3.70895 -1.04826 -0.822797 0.259764 4.84 3.584 3.576 -1.123 -0.825 0.193
1.48707 1.82069 2.30033 0.722023 0.628505 -0.802825 1.468 1.827 2.338 0.654 0.574 -0.823
3.43198 2.5347 3.30304 -0.647532 -0.55341 -0.117919 3.414 2.405 3.364 -0.672 -0.623 -0.164
3.52983 4.55855 3.80901 1.02547 1.09555 -0.350909 3.539 4.65 3.832 1.069 1.161 -0.417
2.96789 2.39996 2.64942 0.220524 0.237649 -0.30458 3.107 2.382 2.674 0.204 0.149 -0.431
2.79865 2.28331 2.53957 0.118163 -0.0349644 0.100385 2.79 2.29 2.526 0.202 -0.137 0.045
3.99694 3.60206 3.72435 0.202896 -0.127571 -0.286106 3.999 3.65 3.758 0.21 -0.146 -0.303
3.49981 3.24036 2.78478 -0.0624612 0.033257 0.422863 3.562 3.256 2.715 -0.099 -0.03 0.407
4.09157 13.2843 5.30724 -1.97606 1.81063 8.79579 4.004 13.17 5.062 -1.97 1.809 8.787
4.24909 5.80238 4.87833 1.13724 1.33229 0.173644 4.286 5.914 4.858 1.236 1.462 0.183
9.72122 3.02867 9.93328 -6.31884 -6.3299 -3.75126 9.663 2.928 9.758 -6.355 -6.468 -3.792
2.66314 3.72691 3.03381 1.00095 1.21806 0.401054 2.675 3.817 3.095 1.061 1.224 0.494
4.53094 4.79801 4.40644 0.354803 0.421404 -0.144692 4.564 4.818 4.494 0.382 0.398 -0.204
1.62033 2.14489 1.83548 0.492304 0.465744 -0.277453 1.669 2.211 1.995 0.45 0.424 -0.367
-3.59296 6.89101 0.585661 2.51348 5.80967 4.66217 -3.613 6.525 0.881 2.451 5.966 4.733
4.0997 4.005 3.54552 0.0936404 -0.0723673 0.107385 4.138 3.968 3.435 0.082 -0.059 0.141
3.1915 2.57705 2.90372 -0.342511 -0.446536 0.0989042 3.128 2.637 2.914 -0.358 -0.422 0.172
3.65405 3.78321 3.78762 0.211477 0.178802 0.0821534 3.767 3.716 3.704 0.299 0.217 0.052
3.36747 2.54363 3.055 0.0432864 -0.337025 -0.545488 3.368 2.517 3.121 -0.05 -0.422 -0.592
3.05614 3.09709 3.80832 1.37205 0.826688 -0.884673 2.982 3.13 3.709 1.453 0.85 -0.82
2.11811 2.40197 2.03876 0.464354 0.0162544 0.0949735 2.122 2.389 1.978 0.44 0.021 0.015
3.19056 2.2696 3.24279 -0.0761506 -0.327009 -0.636571 3.264 2.256 3.088 -0.124 -0.294 -0.656
4.48164 4.86412 4.51834 -0.371929 0.154273 0.603772 4.601 5.031 4.609 -0.348 0.188 0.634
0.27579 4.51474 0.235746 -2.9085 -0.0748171 7.32496 0.143 4.378 0.212 -2.824 -0.003 7.22
4.59091 3.33197 4.50576 0.288512 0.0650389 -0.741619 4.42 3.445 4.477 0.289 0.079 -0.682
2.85881 3.8573 2.9791 0.653399 0.771202 0.299305 2.894 3.926 2.871 0.662 0.882 0.372
2.66374 2.90959 2.72837 0.533917 0.579664 -0.256089 2.632 2.837 2.661 0.59 0.66 -0.262
4.83136 3.66193 4.52147 0.0598079 -0.262911 -0.665332 4.797 3.595 4.669 0.114 -0.212 -0.906
4.25723 4.53447 4.69629 1.07222 1.05727 -1.06359 4.031 4.625 4.654 1.17 1.141 -1.148
2.50313 2.89077 2.23062 0.641588 0.64992 0.265923 2.416 2.861 2.216 0.703 0.716 0.256
2.74198 2.55334 2.00388 -0.167417 0.115108 0.607139 2.655 2.632 1.971 -0.195 0.107 0.557
3.51877 4.11307 4.15777 0.671311 0.691529 -0.139702 3.273 4.11 4.238 0.699 0.754 -0.136
3.41698 4.05789 3.68942 0.806941 0.902717 -0.000833526 3.38 4.017 3.729 0.903 0.878 -0.038
4.10327 4.0761 3.93053 0.228225 0.104454 0.753703 3.968 4.017 3.936 0.252 0.124 0.71
3.87544 4.1698 3.77792 0.523479 0.387943 0.282263 3.975 4.284 3.698 0.54 0.459 0.394
2.67774 3.05522 2.81749 0.0298332 0.28286 0.0427351 2.668 3.025 2.785 0.028 0.325 0.021
3.37641 5.25889 3.07334 -0.0660976 0.36199 1.95861 3.442 5.161 3.223 0.027 0.339 1.863
2.33606 1.95988 2.12358 -0.294154 -0.301417 0.0379957 2.375 2.086 2.031 -0.268 -0.222 0.109
3.99888 2.92092 3.46199 -0.641415 -0.862326 0.052596 3.922 2.855 3.508 -0.644 -0.898 0.036
2.74836 2.47716 2.06214 -0.226747 0.0663343 0.0883131 2.807 2.542 2.091 -0.246 0.102 0.065
-1.38098 1.45181 0.158447 1.76364 2.03303 1.13207 -1.247 1.449 -0.037 1.965 2.135 1.238
2.8392 2.15141 1.87774 -1.0213 -0.60163 0.916263 2.793 2.244 1.904 -0.993 -0.525 0.938
3.85784 3.41873 3.58744 0.2848 -0.217149 -0.0216188 3.886 3.409 3.563 0.129 -0.306 -0.001
3.45424 1.94607 3.3888 0.374652 -0.106919 -1.53233 3.38 2.029 3.324 0.366 -0.057 -1.444
3.87605 3.3177 3.86888 -0.110841 -0.196395 0.0557567 3.943 3.218 3.919 -0.231 -0.324 0.04
1.19615 2.20246 1.93022 1.3678 0.844134 -0.740547 1.211 2.258 2.012 1.419 0.909 -0.703
3.55022 2.67788 2.93311 -0.763317 -0.436168 0.588869 3.539 2.703 3.018 -0.879 -0.544 0.583
2.58548 2.86727 2.9726 1.08694 0.603371 -1.00016 2.657 2.913 2.953 1.102 0.65 -0.986
5.85554 2.50503 3.89645 -4.65485 -3.72504 1.90585 5.827 2.468 3.69 -4.841 -3.827 2.134
3.1698 3.37789 2.79616 -0.013144 0.318682 -0.021788 3.289 3.36 2.814 0.012 0.291 -0.048
3.02098 2.34921 3.09906 0.19783 0.168334 -1.02659 3.076 2.298 2.96 0.255 0.125 -1.058
2.96067 3.82955 2.75476 0.463753 0.690402 0.147408 3.013 3.989 2.611 0.386 0.665 0.157
5.1749 3.59469 5.30037 -0.049876 -0.90133 -0.923554 5.239 3.604 5.233 -0.019 -0.943 -1.029
7.69776 0.863388 6.38451 -5.68823 -5.08109 -3.38311 7.964 1.032 6.523 -5.671 -5.047 -3.372
2.86163 2.75917 2.61341 -0.168871 -0.198353 0.278975 2.889 2.707 2.661 -0.175 -0.302 0.124
3.36016 2.83554 3.22223 -0.161397 -0.151197 -0.456703 3.146 2.751 3.057 -0.083 -0.148 -0.576
-7.46852 2.07908 -2.53877 3.61944 4.23349 2.14873 -7.704 2.019 -2.478 3.738 4.209 2.183
5.32324 1.5677 5.27945 -0.589985 -1.43037 -2.47928 5.319 1.394 5.401 -0.575 -1.43 -2.616
0.903722 3.73393 1.34246 -7.93618 -6.19677 6.30491 0.919 3.882 1.263 -7.828 -6.167 6.494
2.98408 3.42378 2.43387 -0.527798 -0.245513 0.753029 2.942 3.396 2.473 -0.592 -0.313 0.761
3.50561 2.78183 3.16681 0.420125 0.1501 -0.427629 3.485 2.829 3.173 0.45 0.081 -0.429
2.26129 3.84875 2.31506 0.414991 0.741341 1.06605 2.255 3.949 2.38 0.54 0.865 1.06
3.28162 2.91219 2.70607 -0.249771 -0.159285 -0.122807 3.27 2.859 2.63 -0.263 -0.197 -0.109
-2.07967 -4.6647 0.395591 0.580979 -1.52616 -7.20668 -2.225 -4.639 0.441 0.54 -1.536 -7.21
2.93644 4.77712 2.80724 0.535 0.944875 0.563494 2.884 4.696 2.868 0.59 0.953 0.538
2.00598 2.28602 2.29607 0.107516 0.162415 -0.19054 2.118 2.241 2.263 0.019 0.078 -0.152
3.79023 3.27898 3.41737 -0.485305 -0.525781 0.363988 3.587 3.139 3.33 -0.35 -0.398 0.368
3.67338 3.40346 3.21794 0.0244883 -0.129438 0.176382 3.633 3.423 3.208 -0.081 -0.145 0.29
2.38196 3.03612 2.86549 0.34098 0.583318 0.0381141 2.43 3.096 2.701 0.389 0.584 -0.034
4.04854 3.70602 3.88529 -0.753648 -0.531943 0.366307 4.012 3.8 3.889 -0.729 -0.547 0.384
2.16894 1.19478 1.69978 -0.26215 -0.429628 -0.186851 2.304 1.036 1.556 -0.301 -0.557 -0.219
4.28237 3.93011 4.07405 -0.00226045 -0.400268 -0.284022 4.314 3.89 4.011 -0.038 -0.337 -0.305
3.71059 5.00266 3.59683 0.021998 0.871177 1.18021 3.607 5.03 3.657 0.045 0.827 1.268
2.78444 2.26913 2.96784 0.224565 -0.246726 -0.519381 2.967 2.269 3.048 0.195 -0.26 -0.613
3.22029 3.1038 3.11885 -0.0900897 -0.188864 0.226123 3.274 3.097 3.219 -0.096 -0.176 0.257
4.15978 4.88004 4.03755 0.62582 0.56043 0.228819 4.033 4.907 3.991 0.66 0.62 0.293
3.36181 5.29266 3.15405 1.04785 0.983487 1.02131 3.389 5.471 3.162 1.104 1.009 1.098
1.16336 7.57072 2.64809 3.04863 3.93086 2.95303 1.111 7.734 2.717 3.241 4.195 2.953
3.56613 2.89341 2.99973 -0.310971 -0.266916 0.135234 3.535 2.828 2.941 -0.331 -0.274 0.102
3.63947 2.7745 2.86462 -0.544841 -0.295675 0.376144 3.601 2.716 2.837 -0.578 -0.294 0.289
4.52272 3.72651 4.50762 -0.215493 -0.336175 -0.532038 4.693 3.682 4.555 -0.217 -0.303 -0.666
2.07981 1.82199 2.00683 -0.313596 -0.217857 -0.023766 2.104 1.911 1.978 -0.328 -0.252 -0.002
5.01909 4.91305 4.35999 -0.0364541 0.198649 0.159138 4.918 4.84 4.192 -0.059 0.176 0.187
4.32479 3.90471 4.4251 0.826792 0.461103 -1.292 4.313 3.888 4.348 0.804 0.433 -1.364
3.64328 3.82614 2.94415 -0.73127 -0.106784 0.946997 3.714 3.633 2.834 -0.708 -0.036 0.931
3.24496 3.17555 2.95005 -0.677064 -0.500658 0.575066 3.208 3.057 2.876 -0.656 -0.423 0.652
3.92632 2.86931 3.98464 -0.109578 -0.357394 -0.834658 3.906 2.799 3.974 -0.156 -0.424 -0.822
4.85737 2.11359 6.21202 1.18078 -0.636701 -4.41032 4.873 1.969 6.209 1.232 -0.639 -4.701
3.22618 3.69663 3.02389 -0.212831 -0.0370414 0.416625 3.255 3.636 2.977 -0.311 -0.13 0.436
3.69506 3.55937 3.38248 0.189837 0.0760679 0.168415 3.718 3.594 3.28 0.204 0.079 0.249
2.42306 1.96391 2.16973 -0.398183 -0.280308 0.0238231 2.361 2.079 2.042 -0.347 -0.207 0.126
7.02909 5.85296 7.56748 0.909487 0.464062 -1.26258 7.209 5.859 7.44 0.973 0.427 -1.327
1.85803 1.1445 1.77658 -0.82156 -0.523619 0.311534 1.978 1.25 1.887 -0.849 -0.507 0.405
1.11916 2.43447 2.18815 1.39915 0.914195 -0.972438 1.139 2.672 2.38 1.552 0.956 -1.086
3.49589 3.11512 2.82405 -0.0148635 -0.152153 0.101021 3.391 3.144 2.785 -0.002 -0.083 0.059
2.60657 2.44774 3.54323 1.10912 0.221056 -1.72138 2.506 2.539 3.63 1.227 0.344 -1.87
2.01942 2.01446 2.38422 -0.540668 -0.334132 0.178012 1.945 2.131 2.561 -0.48 -0.217 0.232
4.41374 3.79136 3.61172 -1.1731 -0.74625 0.79996 4.335 3.805 3.547 -1.192 -0.777 0.874
2.14959 3.36548 2.31573 0.807826 0.742661 0.565624 1.982 3.399 2.336 0.764 0.814 0.504
2.81677 2.65192 2.54738 0.0280634 -0.188346 0.111254 2.832 2.614 2.577 0.037 -0.187 0.062
3.59291 3.40579 3.47305 -0.554135 -0.249475 0.108818 3.632 3.366 3.332 -0.641 -0.318 0.184
3.28698 3.47606 3.07844 0.582345 0.293965 -0.0803463 3.331 3.559 3.079 0.666 0.334 -0.036
1.97653 5.8173 2.5094 -0.339265 1.57067 4.70773 1.975 5.858 2.405 -0.395 1.538 4.857
2.87404 3.7013 2.62303 -0.0183055 0.138017 0.257251 2.789 3.684 2.536 -0.001 0.143 0.255
3.71024 3.94403 2.65269 -0.488388 -0.053669 1.10619 3.547 3.97 2.677 -0.553 -0.063 1.239
2.55306 3.30295 2.48686 0.342042 0.490299 0.523888 2.515 3.366 2.491 0.461 0.544 0.453
3.56811 2.9548 3.08585 -0.0272699 0.000843318 0.15716 3.565 2.879 2.937 -0.021 -0.054 0.098
3.96136 8.71681 9.73995 6.80581 4.24312 -6.00937 3.828 8.694 9.603 6.784 4.327 -6.066
2.26181 8.08069 3.14323 1.56847 3.40588 4.57649 2.245 8.239 3.172 1.851 3.597 4.857
0.0259917 9.51079 2.33508 0.707869 4.16673 7.4048 -0.217 9.2 2.419 0.477 4.101 7.305
3.58703 3.43131 3.94976 0.0110479 -0.0272458 -0.701218 3.692 3.47 3.865 0.056 -0.064 -0.689
3.43156 2.66987 2.50358 -1.58616 -1.22562 1.29942 3.4 2.618 2.426 -1.705 -1.305 1.393
4.29686 4.17687 4.1943 -0.146387 -0.173616 -0.157353 4.327 3.964 4.358 -0.059 -0.184 -0.228
5.3387 4.49591 4.65316 -0.311137 -0.418979 -0.412772 5.179 4.347 4.56 -0.442 -0.445 -0.406
4.2738 4.57885 3.88584 0.150095 0.523927 0.691441 4.294 4.503 3.737 0.141 0.497 0.733
4.12355 3.19822 3.58102 -0.417229 -0.58451 0.443295 3.909 3.394 3.667 -0.395 -0.584 0.513
3.40718 3.09531 3.06024 -0.0938796 -0.0677111 0.230498 3.321 3.136 3.003 -0.095 -0.001 0.299
3.63188 4.96749 3.66956 0.862076 1.03089 0.194209 3.556 4.999 3.638 0.858 1.097 0.234
4.32049 1.84647 3.89047 -0.0295353 -0.777701 -1.6829 4.288 1.712 3.887 -0.079 -0.805 -1.817
3.14262 2.69061 2.8481 -0.0305029 -0.209594 -0.139206 3.096 2.594 2.903 0.043 -0.226 -0.211
4.38504 1.93374 4.26178 0.142099 -0.16528 -2.21629 4.372 1.828 4.232 0.213 -0.212 -2.339
3.45574 2.80766 3.25882 -0.0957394 -0.301908 -0.143965 3.407 2.88 3.434 -0.037 -0.268 -0.085
2.80181 5.39125 3.63994 3.06348 1.93676 -1.08347 2.819 5.439 3.596 3.145 1.992 -1.081
2.56586 3.08858 2.40905 0.384135 0.278652 0.511201 2.528 3.119 2.33 0.47 0.291 0.552
2.88114 3.20162 2.54524 -0.150478 0.177914 0.329008 2.839 3.095 2.476 -0.116 0.223 0.342
4.60492 4.22862 4.01728 0.230482 0.19962 0.0572417 4.467 4.172 3.89 0.165 0.267 0.142
1.90725 1.66121 2.35391 0.652705 0.371307 -0.956853 2.019 1.61 2.433 0.822 0.348 -1.023
2.93563 1.93757 2.3008 -0.760233 -0.746122 0.213342 3.045 1.983 2.312 -0.781 -0.769 0.249
-1.49896 3.33905 2.08375 5.43661 2.58917 -3.56114 -1.541 3.162 2.032 5.435 2.623 -3.695
3.35201 2.53893 2.79934 -0.161951 -0.0646027 0.241489 3.412 2.55 2.776 -0.18 -0.064 0.262
5.23711 5.7076 4.46828 0.126667 0.370904 0.965472 5.261 5.87 4.44 0.062 0.355 1.118
3.16045 3.53678 2.63723 0.430663 0.424056 0.153815 3.131 3.501 2.476 0.5 0.494 0.186
4.84164 1.77866 5.38509 -0.214584 -1.00596 -2.15838 4.77 1.714 5.567 -0.307 -1.056 -2.208
4.62982 4.46778 5.2299 2.57621 1.40277 -1.8394 4.571 4.352 5.15 2.794 1.484 -1.898
3.40287 3.26081 2.98068 -0.00380107 0.38903 0.562601 3.402 3.128 3.005 0.058 0.348 0.581
6.296 5.6575 4.72275 -1.95499 -1.4312 1.52898 6.283 5.621 4.788 -2.08 -1.522 1.583
3.19785 2.98552 3.43916 0.631412 0.232076 -0.481537 3.161 2.815 3.59 0.617 0.105 -0.587
3.75879 4.10108 3.54713 0.349574 0.278031 0.21781 3.777 4.026 3.576 0.329 0.209 0.259
4.26596 4.21374 3.63752 -0.874925 -0.4302 0.886624 4.297 4.25 3.636 -0.871 -0.442 1.025
0.326304 2.75048 0.266196 0.389117 0.944223 0.997172 0.59 3.076 0.222 0.42 0.963 1.075
4.63066 4.543 3.96274 0.1345 0.0522418 0.287949 4.553 4.543 3.931 0.074 -0.019 0.306
4.00015 3.49376 3.62503 -0.0526541 0.105327 -0.193353 3.815 3.49 3.668 0.006 0.202 -0.14
3.47023 3.40842 2.70887 -0.639222 -0.113915 0.65656 3.425 3.398 2.75 -0.698 -0.125 0.638
3.07885 3.45533 2.96723 -0.179936 0.0597765 0.849703 2.948 3.416 2.933 0.061 0.194 0.797
3.07498 2.77802 2.89218 0.432031 0.381022 -0.348888 3.004 2.643 2.909 0.484 0.429 -0.48
5.67859 4.80534 4.90495 -1.25768 -1.04054 0.418248 5.778 4.842 4.96 -1.298 -0.973 0.432
2.95609 3.781 2.75641 -0.235215 0.082805 1.07915 2.97 3.687 2.757 -0.349 0.024 1.125
5.57776 2.37732 5.63938 -0.840396 -1.65522 -2.56415 5.704 2.3 5.583 -0.843 -1.749 -2.781
4.2997 3.7263 4.04947 -0.435884 -0.485015 -0.381653 4.337 3.799 4.067 -0.357 -0.41 -0.334
3.46858 2.78483 3.35016 -0.410595 -0.372407 -0.0407405 3.513 2.766 3.269 -0.398 -0.412 -0.066
3.83294 3.89751 3.64621 -0.17044 -0.0641519 0.221673 3.938 3.825 3.632 -0.195 -0.097 0.161
4.08305 3.32415 3.7634 -0.111262 0.0600687 0.0892918 4.102 3.323 3.652 -0.089 0.066 0.105
2.68295 3.06298 2.6972 0.406123 0.286033 -0.199032 2.71 3.059 2.797 0.36 0.327 -0.191
3.21879 2.2687 3.03611 -0.775981 -0.615402 -0.431702 3.231 2.256 2.995 -0.885 -0.67 -0.345
3.81152 3.64065 3.26877 -0.313963 -0.255497 0.616296 3.786 3.674 3.02 -0.409 -0.185 0.679
2.39753 2.74111 2.81328 1.10592 0.64887 -0.668647 2.322 2.886 2.808 1.196 0.663 -0.597
3.67383 3.76328 3.37765 0.432078 0.288144 -0.162325 3.589 3.767 3.31 0.461 0.312 -0.23
4.58115 3.12207 4.99966 -0.0722978 -0.496267 -0.76033 4.552 2.903 5.197 -0.118 -0.599 -0.743
4.08225 3.38746 4.31088 0.220945 -0.21666 -0.561414 4.172 3.431 4.39 0.255 -0.286 -0.6
2.55469 6.67139 2.8923 -6.17825 -4.12252 8.29132 2.3 6.639 3.053 -5.988 -4.306 8.373
3.15214 2.52179 2.75752 -0.0582704 -0.185085 -0.106772 3.197 2.526 2.743 -0.074 -0.223 -0.002
3.39922 2.9442 2.54817 -0.752236 -0.55098 0.552894 3.358 2.988 2.541 -0.868 -0.487 0.663
2.89811 5.58326 2.30613 -0.501877 0.551904 3.08532 2.993 5.69 2.341 -0.48 0.645 3.233
2.95935 1.90041 2.52589 -0.98624 -0.723257 0.0559016 3.023 1.904 2.625 -1.098 -0.793 0.109
3.75467 3.40579 3.58582 -0.410468 -0.250428 0.11908 3.666 3.308 3.486 -0.363 -0.278 0.203
7.81117 8.26162 7.09214 -0.495915 0.0630226 1.23388 7.661 8.24 7.2 -0.586 -0.041 1.242
3.39069 2.56356 3.6658 0.290189 -0.310027 -0.853124 3.411 2.498 3.682 0.306 -0.364 -0.902
2.52101 3.47034 2.73614 0.579486 0.700677 0.438761 2.475 3.551 2.877 0.576 0.679 0.458
3.73442 3.80624 3.7527 1.06155 0.563986 -1.02105 3.856 3.859 3.826 1.129 0.571 -1.151
4.06071 3.59405 4.40957 1.22795 0.638771 -1.31646 3.933 3.565 4.481 1.171 0.663 -1.299
3.93276 4.46202 3.69205 0.12781 0.526877 0.713403 3.806 4.505 3.535 0.144 0.575 0.648
4.03239 4.48221 4.24683 0.184535 0.0850944 0.0306326 4.13 4.577 4.245 0.353 0.247 0.022
4.37633 3.21178 4.48803 0.507432 0.095629 -1.21688 4.378 3.079 4.35 0.449 -0.011 -1.221
2.12912 2.75042 2.67786 0.755831 0.830712 -0.338744 2.159 2.798 2.711 0.738 0.837 -0.253
4.13371 1.67344 3.71956 0.442119 -0.251821 -1.49492 4.22 1.523 3.79 0.396 -0.259 -1.549
3.15031 3.05102 2.91904 -0.17825 0.0174751 0.0395037 3.166 3.066 2.941 0.008 0.057 -0.049
3.1172 4.93073 3.59937 0.19003 0.588896 1.81445 3.008 5.055 3.554 0.26 0.604 1.894
4.74674 2.76955 3.92523 -1.13465 -1.093 -0.0487395 4.947 2.72 3.932 -1.222 -1.104 -0.017
2.96622 -3.91899 7.85855 0.66319 -2.26114 -10.2771 2.882 -3.866 7.94 0.585 -2.364 -10.207
2.42995 3.87962 2.06102 -0.753531 -0.0760236 1.7599 2.442 4.219 2.04 -0.739 0.052 1.76
2.71211 4.06837 3.22791 0.643325 0.958933 0.448433 2.678 4.018 3.144 0.606 0.919 0.383
2.5872 3.02075 2.39661 -0.0772342 0.235146 0.644532 2.632 3.072 2.372 -0.044 0.304 0.704
3.20263 2.70382 2.52215 -0.972629 -0.625008 0.0597597 3.36 2.655 2.477 -1.032 -0.655 0.113
3.69727 2.67001 3.23266 -0.384937 -0.503639 -0.482479 3.688 2.633 3.141 -0.352 -0.467 -0.455
5.16959 3.34218 4.48594 -0.930162 -0.97529 -0.623144 5.206 3.393 4.552 -0.988 -0.957 -0.766
2.7605 3.2891 3.09856 0.343159 0.447284 -0.0221781 2.819 3.36 3.067 0.403 0.516 -0.034
3.29308 3.82244 2.85353 0.0747805 0.241805 0.768833 3.275 3.932 2.969 0.096 0.206 0.823
3.9129 3.4172 3.29029 -0.366819 -0.541689 0.53753 3.975 3.471 3.233 -0.445 -0.518 0.47
3.8531 3.81254 3.29324 -0.782194 -0.795322 0.672543 3.837 3.719 3.143 -0.799 -0.768 0.714
2.48061 3.35035 2.41814 0.779418 0.623522 0.532805 2.441 3.4 2.378 0.794 0.734 0.644
3.0325 2.23328 2.70346 -0.23575 -0.192275 -0.278407 3.054 2.234 2.721 -0.258 -0.218 -0.292
0.510374 0.847942 0.54867 -0.343396 -0.0853219 0.430217 0.86 0.96 0.694 -0.369 -0.141 0.432
4.50322 4.31692 4.43559 -0.0595758 0.0218478 -0.129944 4.601 4.418 4.469 -0.144 0.124 -0.136
4.5575 3.86749 3.09451 -2.0152 -0.940917 2.06375 4.642 3.898 3.133 -2.043 -0.97 2.053
2.59546 2.62879 2.46207 -0.392857 -0.240136 0.421689 2.555 2.591 2.425 -0.452 -0.346 0.461
3.96331 5.10745 3.34858 -0.391206 0.0837444 1.4354 3.8 5.281 3.248 -0.329 0.144 1.46
3.96833 3.03084 3.58285 -0.642939 -0.473054 0.332662 4.043 2.996 3.495 -0.732 -0.595 0.333
3.26548 2.28112 3.114 -0.696613 -0.517067 -0.237378 3.293 2.151 3.105 -0.745 -0.552 -0.209
2.41579 3.12172 2.37131 0.270947 0.309365 0.551438 2.562 3.179 2.365 0.302 0.297 0.577
4.11513 3.09945 3.39021 -0.556227 -0.433213 0.154327 4.143 2.977 3.413 -0.616 -0.41 0.149
3.3591 2.86989 5.32348 2.54262 0.876027 -3.58743 3.517 2.922 5.384 2.605 0.746 -3.671
2.52746 2.86897 2.25618 -0.2185 -0.023352 0.51661 2.536 2.917 2.193 -0.184 0.013 0.55
3.90445 8.72673 9.70322 6.89572 4.25112 -6.06329 3.822 8.704 9.614 6.85 4.309 -6.107
3.84059 2.88968 3.9984 -0.182982 -0.940342 -0.86153 3.932 2.782 3.945 -0.268 -1.015 -0.849
5.2095 5.10053 4.23361 -0.819927 -0.489767 1.03522 5.214 5.108 4.238 -0.777 -0.461 1.089
3.11283 2.2456 2.23488 -0.785737 -0.386135 0.513876 3.118 2.243 2.203 -0.751 -0.311 0.5
3.62495 3.8585 3.92196 0.524963 0.493871 -0.177989 3.574 3.83 3.813 0.601 0.535 -0.12
2.23346 2.40829 2.23666 -0.103142 0.0798609 0.377655 2.298 2.374 2.26 -0.075 0.171 0.456
2.96331 2.84116 5.16323 3.25918 0.657817 -4.14079 3.018 2.783 5.252 3.621 0.787 -4.303
4.64158 3.93134 3.56876 -0.2773 0.0871588 0.212275 4.583 3.785 3.555 -0.363 -0.044 0.151
2.48407 3.57597 2.58563 0.766426 0.946583 1.05193 2.559 3.669 2.523 0.88 0.913 1.176
-6.40679 2.40944 -2.22945 4.00284 4.26917 2.38072 -6.502 2.414 -2.175 3.914 4.248 2.313
4.05243 4.55833 3.35119 0.180713 0.477505 0.895183 4.079 4.468 3.257 0.111 0.38 0.945
3.72175 2.61901 3.23861 -0.15278 -0.139032 -0.463787 3.678 2.606 3.224 -0.157 -0.177 -0.503
3.7801 3.54607 3.16601 0.319244 0.097607 -0.18174 3.75 3.639 3.155 0.296 0.146 -0.182
3.01889 3.16387 2.98514 0.0974286 -0.223961 0.415097 3.101 3.143 3.053 0.075 -0.241 0.329
4.08964 0.575982 5.83436 0.968073 -1.25572 -5.26256 4.27 0.452 5.79 1.025 -1.582 -5.578
2.936 2.82669 3.04904 -0.341771 -0.177248 0.0709049 3.051 2.929 3.096 -0.39 -0.093 0.133
4.0606 4.22227 2.99558 -0.617918 -0.40189 1.41682 4.043 4.18 2.981 -0.617 -0.455 1.374
3.5058 2.9712 2.69952 -0.92094 -0.492585 0.87253 3.399 2.975 2.67 -0.975 -0.533 0.887
3.41255 2.81443 2.28636 -1.23524 -0.712494 1.37019 3.42 2.746 2.282 -1.276 -0.713 1.435
2.54557 -3.57099 9.32774 1.81455 -2.06948 -11.0434 2.408 -3.439 9.614 1.821 -2.116 -11.04
3.33848 3.27139 3.88191 0.929494 0.351957 -1.48524 3.223 3.333 3.831 1.039 0.329 -1.605
2.17519 2.02234 2.28344 -0.708632 -0.521434 0.219769 2.266 2.017 2.197 -0.729 -0.54 0.295
4.85409 3.43551 4.27133 -0.436019 -0.812479 -0.318311 4.912 3.319 4.206 -0.549 -0.908 -0.31
2.16905 3.09562 2.31754 0.485762 0.452181 -0.051227 2.22 3.029 2.203 0.466 0.516 -0.034
2.72793 5.93591 2.25812 -0.642938 1.06255 4.13563 2.716 6.116 2.243 -0.755 1.111 4.338
2.36694 2.20662 2.50919 -0.316713 -0.301993 -0.1571 2.284 2.274 2.387 -0.336 -0.257 -0.064
3.59385 2.36403 3.30768 -0.624263 -0.656369 -0.471164 3.715 2.488 3.452 -0.631 -0.641 -0.52
3.61655 4.04489 3.50614 0.448501 0.362365 -0.115873 3.532 3.95 3.406 0.4 0.396 -0.14
1.06696 9.16557 6.03483 7.57134 6.27232 -2.95342 0.896 9.211 5.836 7.573 6.082 -3.018
-7.24173 2.13282 -2.50728 3.67554 4.25441 2.19 -7.476 2.078 -2.483 3.667 4.241 2.169
7.04295 7.83615 6.44537 0.425448 0.921226 1.11311 6.909 8.02 6.549 0.472 0.94 1.142
3.38901 3.44179 3.17157 0.178646 0.198139 0.0149114 3.355 3.371 3.215 0.152 0.219 -0.015
2.0291 5.3788 2.24342 0.071652 1.5496 2.92603 2.029 5.441 2.235 0.112 1.588 2.915
2.6245 2.74761 2.52086 -0.548812 -0.280307 0.110035 2.883 2.653 2.596 -0.633 -0.399 0.138
2.82588 2.39599 2.81306 0.634626 0.109065 -0.387198 2.852 2.359 2.764 0.51 0.107 -0.303
4.17421 3.36945 3.98474 0.566943 -0.191041 -0.737394 4.167 3.367 3.964 0.602 -0.247 -0.651
3.34927 1.86629 3.38925 -0.309198 -0.239866 -1.18547 3.434 1.836 3.299 -0.365 -0.319 -1.234
5.11581 4.82376 5.12841 -0.0141134 -0.163794 -0.480237 5.157 4.819 5.06 -0.009 -0.221 -0.556
3.56656 3.01659 3.9491 0.626629 0.351713 -0.896327 3.596 3.108 4.028 0.653 0.376 -1.026
2.98525 3.98607 3.34173 0.783011 1.07812 0.255671 2.9 4.112 3.454 0.848 1.213 0.3
3.96808 2.81844 3.49583 -0.104014 -0.357281 -0.606307 3.905 2.904 3.576 -0.006 -0.325 -0.571
3.25147 2.50659 3.51955 0.431833 0.115946 -0.920842 3.254 2.611 3.548 0.523 0.163 -0.881
4.8399 4.25977 4.1043 -0.379574 -0.417703 0.278349 4.807 4.214 4.035 -0.44 -0.357 0.375
3.16666 2.46854 3.49389 0.470935 0.121743 -1.06621 3.184 2.557 3.454 0.424 0.134 -0.943
3.05157 3.07489 3.49221 -0.237892 -0.365286 -0.198596 3.053 3.005 3.445 -0.234 -0.308 -0.209
4.7282 4.4691 4.10977 -0.512524 -0.13576 0.594182 4.745 4.576 4.135 -0.655 -0.123 0.707
3.28265 4.05125 2.91916 0.252794 0.198975 0.427567 3.182 4.048 2.974 0.286 0.239 0.398
4.36158 4.10962 4.50238 0.965893 0.535881 -0.659191 4.224 4.066 4.412 1.047 0.618 -0.596
3.8938 2.90657 3.14432 -0.594983 -0.494763 0.257298 3.97 2.897 3.166 -0.596 -0.433 0.35
5.55284 6.61536 4.28093 -2.47562 -0.802603 3.03422 5.671 6.518 4.246 -2.514 -0.827 3.191
3.98044 3.30556 3.23469 -1.16667 -0.888517 0.613627 3.984 3.501 3.29 -1.217 -0.892 0.776
4.0958 4.07292 4.45505 0.254833 0.322525 -0.408222 3.949 3.922 4.458 0.27 0.452 -0.408
3.88829 3.89402 3.80625 0.391139 0.504939 0.0587178 3.934 3.842 3.759 0.45 0.535 0.155
3.85483 3.84376 3.36656 -0.56673 -0.100665 0.974964 3.892 3.924 3.39 -0.644 -0.1 1.026
2.71526 3.13701 2.34284 0.00927648 0.0310661 0.551628 2.82 3.143 2.315 0.029 0.054 0.558
4.03403 3.89135 4.20291 0.0382152 0.487577 0.200429 4.068 3.803 4.124 0.057 0.517 0.306
4.81286 3.87191 4.35066 -0.636024 -0.507964 -0.272971 4.804 3.864 4.231 -0.644 -0.494 -0.228
3.99566 3.67329 3.41627 -0.478512 -0.487462 0.555439 4.024 3.655 3.395 -0.493 -0.544 0.692
3.53147 3.09806 3.29133 0.0398872 -0.0738771 -0.328312 3.557 3.246 3.25 0.075 -0.009 -0.291
3.7034 5.34516 3.62676 0.140357 0.619275 0.926943 3.755 5.491 3.752 0.184 0.682 1.003
4.38169 3.35304 4.79854 0.574803 0.534431 -1.36152 4.388 3.322 4.858 0.553 0.491 -1.515
4.30354 3.37137 3.53419 -0.684572 -0.785637 0.525902 4.234 3.345 3.518 -0.71 -0.863 0.51
4.24674 3.10125 3.84121 0.0316417 -0.488625 -0.369496 4.203 3.08 3.8 0.025 -0.512 -0.399
3.41603 2.70926 3.45099 0.0371372 -0.0405205 -0.858642 3.516 2.618 3.324 -0.034 -0.084 -0.919
4.03564 3.47677 3.41229 -0.758361 -0.602815 0.502461 3.922 3.481 3.564 -0.789 -0.658 0.46
4.01995 3.18171 4.1511 0.272217 -0.306098 -0.189556 4.099 3.041 4.135 0.193 -0.35 -0.201
3.72669 2.59956 3.02995 -1.1169 -0.976933 0.456195 3.614 2.471 2.976 -1.145 -0.964 0.451
3.55226 3.11839 3.36619 -0.435455 -0.442122 0.160908 3.651 3.062 3.488 -0.472 -0.481 0.103
3.81192 4.40228 3.12048 -0.653293 -0.139307 1.39533 3.837 4.507 3.166 -0.791 -0.167 1.505
4.23052 2.61932 3.95189 -0.680695 -1.03627 -1.08233 4.229 2.612 3.814 -0.716 -1.016 -0.996
3.3759 2.87936 3.15648 -0.179284 -0.227749 -0.426819 3.436 2.824 3.118 -0.246 -0.28 -0.57
6.24058 5.64461 5.10922 -0.629982 -0.0229776 0.726765 6.332 5.61 5.171 -0.687 -0.006 0.661
4.89103 5.8493 5.09515 1.08987 1.29044 0.031917 4.813 5.812 4.943 1.051 1.234 0.046
3.81896 13.0022 5.35502 -2.05414 1.91928 9.06256 3.861 13.026 5.22 -2.048 1.923 8.975
9.84472 2.7353 9.65038 -6.49503 -6.36784 -3.8564 9.783 2.728 9.608 -6.448 -6.443 -3.857
7.88635 7.05366 7.01202 0.0561065 -0.13731 0.187812 7.827 7.019 6.902 0.02 -0.096 0.259
6.17301 9.88156 5.66636 0.0198489 1.66549 4.13064 6.027 10.165 5.913 0.231 1.702 4.196
3.63534 3.21323 3.5639 -0.0811639 -0.0441427 0.0642987 3.671 3.16 3.492 -0.042 -0.033 -0.002
5.65701 7.50629 4.3831 -5.24795 -3.20808 5.15395 5.526 7.315 4.63 -5.082 -3.344 5.024
3.81068 3.8044 3.62573 0.198941 0.230174 0.142495 3.742 3.73 3.567 0.153 0.209 0.237
6.62901 6.89319 4.85157 -0.655331 -0.307552 1.49826 6.67 6.998 4.783 -0.706 -0.415 1.502
3.59475 2.23031 9.39201 5.32411 0.792252 -9.35337 3.528 2.178 9.206 5.375 0.658 -9.501
4.02776 3.25454 3.9989 0.128361 0.151458 -0.871432 3.921 3.119 3.944 0.176 0.215 -1.024
4.17997 4.11082 4.3589 0.0511908 -0.0500051 -0.645294 4.208 4.249 4.292 -0.033 -0.11 -0.532
-7.10008 2.18417 -2.42968 3.70406 4.2529 2.20271 -7.35 2.135 -2.467 3.655 4.254 2.169
3.41907 2.77166 2.90841 -0.638285 -0.56481 0.364783 3.469 2.692 2.849 -0.693 -0.586 0.437
3.82821 4.83374 4.06999 1.26746 1.0545 -0.172765 3.745 4.902 3.917 1.361 1.072 -0.205
4.17018 4.05546 4.08315 -0.245465 -0.120131 0.0132227 4.2 4.092 3.942 -0.238 -0.117 -0.016
3.90176 4.30269 4.30207 0.454979 0.614494 -0.46679 3.946 4.385 4.325 0.523 0.631 -0.469
4.44108 -2.31176 12.1057 0.809379 -2.83543 -11.4084 4.164 -2.382 12.281 0.696 -2.737 -11.375
2.91561 5.9505 2.9789 0.226351 1.26572 2.60452 2.877 5.884 2.822 0.342 1.396 2.806
4.98027 6.04916 3.19229 -2.35987 -0.860963 4.40981 5.019 5.961 3.005 -2.497 -0.982 4.673
4.408 3.80967 4.28717 0.224539 0.0283546 0.164585 4.521 3.71 4.27 0.28 0.142 0.185
2.73036 3.07515 2.82814 -0.137314 -0.0537386 0.272803 2.753 3.06 2.854 -0.103 -0.097 0.217
4.60265 3.40725 4.21512 -0.524982 -0.487017 -0.377026 4.629 3.383 4.178 -0.597 -0.51 -0.442
3.89354 3.84039 4.1754 0.26846 -0.185529 -0.483769 3.891 3.843 4.13 0.339 -0.21 -0.503
7.12165 10.2391 6.57184 0.829127 1.77119 2.55517 7.122 10.234 6.585 0.72 1.87 2.672
5.03324 0.139783 5.91693 -0.026256 -1.59735 -5.09216 5.091 0.29 6.079 0.065 -1.52 -5.26
3.74038 12.9861 5.31697 -2.06755 1.94589 9.16225 3.843 13.054 5.212 -2.045 1.938 9.077
5.11338 2.95824 4.95852 0.445644 -0.677759 -1.71783 5.096 2.898 5.039 0.418 -0.715 -1.794
1.77385 3.39169 2.29265 1.36033 0.648203 0.864236 1.867 3.38 2.33 1.657 0.769 0.899
-7.0231 2.21438 -2.40305 3.71848 4.25064 2.21535 -7.263 2.189 -2.434 3.648 4.254 2.173
5.21345 4.48562 5.28863 0.216559 -0.320993 -0.954501 5.173 4.358 5.177 0.076 -0.406 -1.016
2.35585 4.39669 1.14742 -4.17826 -2.20897 6.19578 2.32 4.375 1.218 -4.276 -2.269 6.161
-0.86529 8.03265 1.48333 3.56252 4.86713 3.01588 -0.806 7.863 1.883 3.621 5.073 2.98
6.1271 6.59121 4.42711 -4.69874 -3.19269 4.81781 6.162 6.517 4.388 -4.664 -3.228 4.783
4.61016 2.60712 4.3414 -1.51066 -1.47592 -0.753062 4.86 2.525 4.42 -1.425 -1.438 -0.739
3.50856 4.05677 2.89481 -1.06906 -0.129545 1.22959 3.524 3.958 2.872 -1.001 -0.102 1.212
9.75652 2.52539 9.57676 -6.63814 -6.48937 -3.94808 9.894 2.632 9.58 -6.559 -6.508 -3.906
4.62937 4.63216 4.43371 -0.249744 0.159484 0.0420118 4.694 4.721 4.384 -0.232 0.143 -0.009
-2.67063 -4.77973 0.346156 0.469704 -1.47911 -6.95614 -2.855 -4.908 0.463 0.457 -1.508 -7.09
8.92183 10.695 7.24051 -0.923242 0.478038 4.05097 8.885 10.381 7.06 -0.88 0.456 4.23
8.98249 5.04075 9.574 0.156774 -1.6053 -4.24401 9.005 5.146 9.671 0.168 -1.679 -4.572
10.2881 2.75907 12.5305 1.17515 -2.07162 -8.94564 10.291 2.707 12.549 1.276 -1.996 -9.139
11.7085 4.87577 13.1257 -7.08493 -7.59519 -4.21474 11.84 5.027 13.201 -7.039 -7.519 -4.203
3.68299 10.0299 3.92274 -1.56265 1.75017 7.45302 3.59 9.524 4.009 -1.596 1.678 7.429
3.01112 8.61697 3.19653 -2.28329 0.198115 6.6355 2.642 8.433 3.114 -1.988 0.432 6.567
6.04522 5.14923 11.6224 5.16548 1.41694 -7.93259 6.091 5.05 11.631 5.264 1.595 -7.91
8.16934 10.7785 6.24885 -5.61938 -3.02428 7.49281 7.626 10.744 6.26 -5.302 -2.98 7.273
5.37383 17.1378 7.31807 -2.61315 2.06769 9.71313 5.489 17.101 7.296 -2.576 2.039 9.645
9.23098 4.48831 8.00199 -3.39524 -3.64063 -1.22793 9.32 4.414 7.739 -3.398 -3.73 -1.305
1.94475 11.7487 5.48261 5.83292 6.86175 0.629125 1.957 11.658 5.506 5.812 6.886 0.684
8.35174 -0.0296723 12.2534 -0.190704 -3.20616 -9.8328 8.098 -0.103 12.288 -0.025 -2.8 -10.064
3.92409 -1.46645 10.6979 0.752127 -2.63675 -9.40888 3.794 -1.521 10.455 0.631 -2.782 -9.087
5.37961 11.253 13.1608 7.28965 5.25301 -6.95107 5.383 11.289 13.118 7.318 5.286 -6.991
2.87029 12.2164 5.72834 4.70871 6.58182 1.81575 2.771 12.094 5.616 4.666 6.369 1.796
5.89011 2.9009 11.237 4.33327 0.0833483 -9.87417 5.895 2.924 10.983 4.204 0.077 -9.482
11.7806 4.81736 13.1646 -7.10202 -7.67588 -4.22472 11.819 4.768 13.092 -7.146 -7.725 -4.252
5.21817 17.2077 7.15179 -2.67011 2.08954 9.8269 5.269 17.147 7.07 -2.645 2.086 9.81
3.8575 12.669 4.76274 -0.97368 3.19073 7.43238 3.655 12.285 4.721 -1.097 3.064 7.621
6.28597 -1.36558 9.75019 -1.45793 -2.85573 -8.45728 6.108 -1.353 9.926 -1.401 -2.768 -8.563
4.5498 9.32215 4.15374 -5.43366 -3.09867 6.98496 4.433 9.042 4.088 -5.491 -3.187 7.087
2.94833 17.5826 6.70659 3.99664 9.30641 5.38366 2.834 17.025 6.999 3.888 9.23 5.007
-2.5814 17.6246 5.11915 5.0585 12.3681 2.75533 -3.245 17.188 4.724 5.24 12.326 2.699
3.2174 16.4569 6.68488 0.650275 6.44087 6.84197 3.134 15.531 6.697 0.439 6.332 6.864
9.28179 -0.794054 17.8838 -1.06801 -3.73548 -12.0093 8.895 -0.581 18.234 -1.309 -3.592 -11.997
3.52037 14.3097 6.30615 -1.86818 2.24625 7.73844 3.068 13.728 6.071 -1.816 2.164 7.556
4.73172 -0.666484 20.8131 2.37527 -1.63988 -12.7081 5.028 -0.526 20.943 2.305 -1.691 -12.744
7.85375 -0.173917 24.1385 2.7665 -2.72464 -15.4961 7.724 -0.106 24.041 2.826 -2.749 -15.729
