0.0368532 0.024519 -0.0293839 -0.0385126 -0.0197965 0.0153255 0.0470062 0.0205048 -0.0408161 -0.0357866 -0.019731 0.0145081
-0.0402425 -0.112543 -0.00110948 -0.0314679 -0.0372427 -0.0537584 -0.0418213 -0.120212 -0.0033068 -0.0311228 -0.0354022 -0.0525198
-0.0457584 -0.130013 -0.0942784 -0.0481862 -0.0421427 -0.023581 -0.0361325 -0.138475 -0.105468 -0.045898 -0.0406247 -0.0224607
-0.133782 0.0275467 -0.079862 0.00425391 0.0297808 0.0389305 -0.146548 0.0303605 -0.082129 0.00155695 0.0284143 0.0346421
0.00641504 0.143398 -0.027362 -0.00884261 0.0256218 0.0670195 0.00771299 0.148089 -0.0389506 -0.00906276 0.0248744 0.062668
-0.169177 -0.0477476 -0.108009 -0.00300161 0.0165982 0.0184138 -0.181016 -0.0475021 -0.110056 -0.00527801 0.0156386 0.0156386
-0.103151 -0.187859 -0.124678 -0.045188 -0.0424597 -0.0349602 -0.0979081 -0.19719 -0.134403 -0.0433621 -0.0406152 -0.0335517
-0.070804 0.0469413 0.0918829 0.0178159 0.019281 -0.0224154 -0.0951313 0.0519074 0.102657 0.0113849 0.0171738 -0.0243135
0.196715 -0.0574824 0.137009 -0.0680624 -0.0848514 -0.0905443 0.2077 -0.0705142 0.131614 -0.061868 -0.0822345 -0.0885751
0.170955 0.2332 0.196075 -0.0064451 0.00651218 0.012197 0.172512 0.237109 0.198731 -0.00683969 0.00607972 0.0106395
-0.101138 0.0683235 0.0280664 0.155788 0.167584 0.125039 -0.103094 0.0573603 0.0230604 0.160842 0.167624 0.126735
-0.0853891 0.003186 0.188262 0.0315386 0.0110768 -0.0801683 -0.119017 0.0011555 0.216849 0.0238804 0.00693301 -0.0882034
0.33039 0.406529 0.151572 -0.0257211 0.0161105 0.10401 0.333349 0.414281 0.130925 -0.0267886 0.0162241 0.106211
-0.067125 0.24319 -0.0115026 -0.0707362 0.104522 0.375904 -0.0773223 0.237173 -0.00906271 -0.0736586 0.110681 0.372921
0.369899 0.201695 0.199425 -0.244678 -0.143046 0.224866 0.382952 0.194413 0.189865 -0.246522 -0.147041 0.232121
-0.162536 0.000593893 0.0892933 0.27563 0.110504 -0.315869 -0.174515 0.00349418 0.0914311 0.272934 0.105214 -0.318747
-0.088274 -0.0296751 -0.108725 -0.258083 -0.0627883 0.372215 -0.0874879 -0.0456968 -0.110336 -0.264221 -0.0589762 0.3728
0.0594121 0.0761892 0.226675 0.180016 0.00531394 -0.422649 0.0501764 0.0829251 0.222155 0.17083 0.000383026 -0.429946
-0.0294673 -0.254307 -0.0750292 -0.383906 -0.252558 -0.15185 -0.0393655 -0.24246 -0.0849981 -0.385821 -0.249511 -0.150411
-0.187409 0.188767 -0.162985 -0.200392 0.0817996 0.560059 -0.191645 0.188913 -0.167836 -0.208819 0.0901631 0.564202
-0.125363 -0.21709 -0.194496 -0.50606 -0.21289 0.338021 -0.107327 -0.218206 -0.179931 -0.525391 -0.20479 0.349209
0.0988971 0.503971 0.201511 -0.0870735 0.126146 0.612803 0.0883331 0.523554 0.199792 -0.0936407 0.127192 0.617763
0.0260593 0.452635 0.0511781 -0.200626 0.0418076 0.706802 0.0208585 0.458504 0.0449702 -0.208968 0.0340625 0.717035
0.0586603 0.00202741 -0.0512551 -0.627321 -0.360819 0.484676 0.0776929 0.0102943 -0.0419542 -0.651455 -0.372732 0.50345
0.0594931 0.0657382 0.0333167 -0.00251248 0.00231394 0.0141475 0.0577682 0.061305 0.0267227 -0.00176841 0.00235789 0.0133613
-0.0721549 -0.0459793 -0.10613 -0.00556357 0.00519559 0.0238516 -0.0735724 -0.0515006 -0.116523 -0.00457342 0.00516995 0.0230659
0.134111 0.0626612 0.0337728 -0.0246799 -0.020926 0.0116549 0.139067 0.0557051 0.0227528 -0.0221643 -0.0205952 0.012161
-0.0514659 0.109357 -0.0446387 0.0236464 0.0477955 0.0649929 -0.0591905 0.112462 -0.0524822 0.0217032 0.0471551 0.0623473
-0.0257567 0.088679 -0.0887258 0.00579041 0.0335442 0.0733224 -0.0280614 0.0901128 -0.103155 0.00533562 0.0331994 0.0713393
0.10538 0.193017 0.0394785 0.00579096 0.02861 0.0660108 0.103971 0.194457 0.0283379 0.00547215 0.0285333 0.0646886
0.136862 -0.0747049 0.13111 -0.0273001 -0.0606245 -0.0867413 0.138426 -0.0885531 0.131161 -0.0249362 -0.0594935 -0.0877677
0.00351899 0.00575911 0.0047867 -0.00053745 0.000108212 0.000867132 -0.0035522 0.00927518 0.00670971 -0.00276282 -0.000197344 -0.00118407
0.207188 0.0968897 0.196925 -0.0119759 -0.0298188 -0.041597 0.207322 0.0888799 0.196819 -0.0105022 -0.0293673 -0.0425924
0.0841828 -0.183286 -0.0110936 -0.051772 -0.0784203 -0.0733094 0.0924117 -0.199498 -0.0204258 -0.047594 -0.0767453 -0.0719859
0.246722 0.0479212 0.183281 -0.159415 -0.0913977 0.0140501 0.247211 0.0375683 0.184727 -0.161758 -0.0860373 0.0138205
0.290186 0.0821481 0.312256 -0.0165508 -0.0567871 -0.0978766 0.289962 0.0706045 0.318978 -0.0147012 -0.0562902 -0.101748
-0.368527 0.627887 -0.0268956 0.519256 0.543641 0.349111 -0.37169 0.655481 -0.019705 0.550001 0.565649 0.366281
-0.268165 0.0979319 -0.02463 0.130434 0.155039 0.149473 -0.280815 0.0992278 -0.0115104 0.128599 0.150032 0.146857
-0.24151 0.145122 0.0631824 0.0993155 0.111461 0.0410223 -0.268267 0.159265 0.0881081 0.0875168 0.106439 0.032326
0.147427 -0.344375 0.117999 -0.0625307 -0.136882 -0.193775 0.156379 -0.362308 0.116938 -0.060649 -0.13319 -0.194434
-0.358161 -0.305767 -0.453068 -0.0209509 0.00546294 0.0494779 -0.350633 -0.310719 -0.469558 -0.0180127 0.00532193 0.0485114
0.0457723 0.39489 0.349436 0.114724 0.115357 0.0267247 0.00942575 0.402037 0.375876 0.103106 0.110224 0.0157737
-0.120269 0.156593 0.213791 0.636198 0.227015 -0.653379 -0.117707 0.153135 0.206181 0.645066 0.235801 -0.676235
0.442867 0.548403 0.0991651 -0.0280126 0.0395583 0.200073 0.454391 0.567654 0.0661976 -0.029655 0.0396038 0.199358
-0.180859 -0.564192 -0.468053 -0.0944241 -0.108589 -0.045415 -0.163517 -0.578994 -0.484998 -0.0892659 -0.106749 -0.0442216
0.225335 0.508936 0.0164966 -0.133518 0.03324 0.535195 0.237568 0.512116 0.00290425 -0.13437 0.0319468 0.541352
0.0458882 0.382336 0.00136738 -0.524261 -0.0877842 0.909903 0.0699569 0.370598 -0.000770875 -0.562739 -0.086338 0.936613
-0.0944997 -0.392969 -0.0569981 0.0664276 -0.125807 -0.591995 -0.0754842 -0.381447 -0.0654197 0.0682377 -0.128826 -0.606893
0.115318 0.362011 0.312235 0.492988 0.199934 -0.361685 0.11101 0.364167 0.319106 0.493164 0.204034 -0.367842
-0.0537371 -0.012145 -0.00331954 0.0137153 0.0128985 -0.00221929 -0.0640531 -0.0160635 -0.00481904 0.0118468 0.0118468 -0.00381508
0.0406398 -0.0146533 -0.0474649 -0.0202565 -0.015707 0.0136331 0.0373275 -0.0220754 -0.060607 -0.0198678 -0.0160548 0.0136466
0.0050387 -0.0546804 -0.0765718 -0.0209939 -0.0176418 0.00860537 0.00181197 -0.0626137 -0.0893906 -0.0203343 -0.0179184 0.00885853
0.0368282 0.147014 0.0535728 0.0235262 0.0370653 0.0417777 0.0238745 0.148022 0.0485448 0.0200944 0.0358117 0.0397908
0.0962562 0.412973 0.0782984 -0.359408 0.0384857 0.689892 0.101829 0.407902 0.0786598 -0.378891 0.0552955 0.697035
0.00854597 0.00566159 0.00607328 0.000941504 0.00067525 0.000860588 -0.00180293 0.00600977 0.00540879 -0.00180293 -0.000400651 -0.00160261
0.139169 0.165713 0.162312 0.0161486 0.0140034 0.00421154 0.125681 0.162832 0.160856 0.0134376 0.0128447 0.00217373
0.147337 -0.0757229 0.112007 -0.0305673 -0.0627495 -0.0786593 0.14361 -0.0883599 0.10671 -0.0295198 -0.0622309 -0.0789854
-0.202293 -0.110528 -0.210355 0.00457984 0.0226691 0.0390111 -0.205334 -0.112445 -0.22 0.00366667 0.0217963 0.0380926
0.235448 0.247087 0.163045 -0.000301995 0.00971475 0.0391946 0.228726 0.24505 0.152812 -0.00216336 0.00904679 0.0385472
-0.0539806 0.0820111 -0.112321 -0.0896567 -0.0317651 0.232056 -0.0611195 0.0808225 -0.119826 -0.0902719 -0.0365913 0.231008
0.129604 -0.0899832 0.0924536 -0.175073 -0.0633484 -0.0759099 0.117977 -0.101408 0.0982142 -0.179061 -0.0503048 -0.0772538
-0.258227 -0.0454436 -0.191451 -0.0817099 -0.0324344 0.235084 -0.263041 -0.0437385 -0.187567 -0.0813739 -0.0408904 0.232526
0.0630096 -0.00962146 -0.0558263 -0.276259 -0.167687 0.241831 0.0594039 -0.0144496 -0.0608087 -0.277753 -0.170786 0.242834
-0.386775 0.0489246 -0.160374 0.0865862 0.121045 0.0884289 -0.400277 0.0720945 -0.14358 0.0753438 0.117179 0.0816394
-0.04412 0.340847 0.0543594 0.095366 0.188821 0.297671 -0.0553793 0.340613 0.0535929 0.0950777 0.188766 0.294364
-0.101887 0.316043 0.161716 0.113567 0.133685 0.0731263 -0.136025 0.337294 0.18565 0.0988553 0.1295 0.0636628
0.315152 -0.32497 0.399044 -0.0158885 -0.266329 -0.863318 0.347646 -0.329401 0.401206 -0.0068666 -0.275253 -0.902664
-0.0459534 0.435899 -0.0922107 0.0783705 0.158942 0.226739 -0.0657485 0.470767 -0.115209 0.0643581 0.15732 0.218698
-0.212346 -0.423703 0.0981113 0.0178023 -0.0602839 -0.206638 -0.223756 -0.416186 0.1251 0.0128151 -0.0602107 -0.211958
-0.190611 0.0416328 -0.0859247 -0.0280203 0.0781711 0.431948 -0.193717 0.0303315 -0.0930164 -0.0236585 0.0711778 0.427876
-0.518232 -0.608476 -0.266771 0.00135991 -0.0369927 -0.126253 -0.503488 -0.600965 -0.251012 0.00230094 -0.0359784 -0.12446
-0.152788 0.0109283 -0.16011 -0.169758 -0.00759313 0.534259 -0.148958 -0.00304411 -0.171485 -0.168644 -0.0121764 0.533936
0.866436 0.547123 0.747533 -0.584623 -0.394097 -0.0682201 0.832469 0.573053 0.739436 -0.59348 -0.401657 -0.0564511
-0.939083 0.340538 -0.337229 0.68719 0.621352 0.407961 -0.918705 0.392868 -0.302748 0.765218 0.634463 0.455832
-0.0933288 -0.238161 -0.21341 -0.482821 -0.209488 0.339837 -0.0796896 -0.243155 -0.205967 -0.491828 -0.200859 0.343891
0.0325641 -0.47172 -0.0550173 -0.428177 -0.325554 -0.244237 0.0373587 -0.476476 -0.0512406 -0.426256 -0.320713 -0.241504
0.523449 -0.0432322 0.317942 -0.415656 -0.331323 -0.247441 0.517105 -0.0435829 0.320197 -0.416589 -0.336098 -0.248933
0.0317182 0.607585 0.0930595 0.27667 0.385429 0.508055 0.0372352 0.612312 0.0797896 0.301034 0.395599 0.520307
0.986301 0.0444027 0.72121 -0.825304 -0.620473 -0.489952 1.04152 0.0258106 0.753334 -0.843022 -0.664576 -0.497828
0.0149318 -0.0556678 0.0370854 -0.00608083 -0.0193936 -0.0392311 0.00591613 -0.0618134 0.0346808 -0.00408009 -0.0191764 -0.0383528
0.0256333 -0.0551455 -0.0564878 -0.0258728 -0.0244003 -0.000768952 0.0208721 -0.0622072 -0.0669136 -0.0223045 -0.0235323 0.000818515
-0.00186218 0.114452 -0.0145331 0.0150281 0.0371604 0.0545915 -0.0122008 0.116111 -0.0215547 0.0146409 0.0368057 0.0542934
0.00872244 0.00428214 0.00506996 -0.00162955 -0.000142673 -0.000628508 -0.00101935 0.00407741 0.00326192 -0.00101935 -0.00020387 -0.00142709
-0.0440092 0.0285552 0.0706649 0.0292074 0.024585 -0.0168362 -0.0592061 0.028484 0.0775173 0.0280771 0.0229907 -0.0183112
-0.0834991 0.0750541 -0.00722594 0.0333648 0.0490636 0.0349275 -0.0962502 0.0785092 -0.00591368 0.0318115 0.0477173 0.0338507
0.0270694 -0.121025 -0.0595765 -0.0356618 -0.0442871 -0.0272171 0.0231752 -0.129822 -0.0697306 -0.0313788 -0.0428638 -0.025021
0.14299 -0.0542834 0.150739 -0.0206768 -0.0545333 -0.0872815 0.133509 -0.0630065 0.148501 -0.018436 -0.0536872 -0.0865073
-0.0505713 -0.0269767 -0.146103 -0.102946 0.0230769 0.10852 -0.0554646 -0.0304028 -0.153246 -0.100658 0.0269106 0.108053
0.229236 0.253304 0.18956 0.0056032 0.0144527 0.0299568 0.216782 0.251779 0.182585 0.00579951 0.0145988 0.0301975
0.0965115 -0.45692 -0.280663 -0.558582 -0.509073 -0.0751735 0.116041 -0.445648 -0.303888 -0.561484 -0.513133 -0.0814758
-0.25479 0.542331 -0.162654 -0.388785 -0.056427 1.16784 -0.263388 0.572899 -0.167807 -0.406269 -0.0600572 1.21881
0.183101 0.230373 0.353182 0.0514327 0.0278752 -0.0516935 0.153361 0.231435 0.371452 0.0468049 0.0246971 -0.0573609
0.0451607 0.301778 0.266741 0.0883175 0.0918026 0.0187276 0.00799633 0.316455 0.291466 0.0787638 0.0869601 0.0121944
-0.0720941 0.252817 -0.0468501 0.0474035 0.152533 0.356081 -0.078348 0.246643 -0.0541313 0.0529103 0.151405 0.353278
0.214391 0.26823 0.100334 -0.171583 -0.0565834 0.349701 0.20862 0.261428 0.0919616 -0.169667 -0.0586306 0.348169
-0.442986 -0.345569 -0.177806 0.0315151 0.017817 -0.0644841 -0.440676 -0.337062 -0.15647 0.0323009 0.0151017 -0.0646017
0.0554451 -0.305988 -0.0201928 -0.252847 -0.247166 -0.198492 0.0496326 -0.304798 -0.0232717 -0.246928 -0.245692 -0.195441
0.538701 0.324242 0.519959 -0.0143397 -0.0533163 -0.0856166 0.524885 0.315284 0.520179 -0.0125486 -0.0535277 -0.0882325
0.45331 0.511638 0.160652 -0.0322269 0.0233196 0.163102 0.451045 0.520588 0.135531 -0.0318082 0.0248934 0.164375
0.217173 0.271113 0.216377 -0.0578547 -0.213784 -0.154526 0.178146 0.305678 0.216605 -0.0824973 -0.220192 -0.154035
0.475426 -0.236381 0.366015 -0.0948522 -0.202754 -0.264448 0.480054 -0.246254 0.358534 -0.0921945 -0.198851 -0.264733
0.352116 0.624582 0.518478 0.101609 0.111582 0.0528229 0.306541 0.640205 0.536203 0.0909282 0.10888 0.0462446
0.0166362 -0.356445 0.181918 0.146564 -0.0900302 -0.629266 0.0222039 -0.355263 0.182566 0.147615 -0.0904605 -0.629317
-0.0954282 -0.398598 -0.0559992 0.0663665 -0.122825 -0.582096 -0.0817234 -0.384703 -0.0677909 0.0677909 -0.124353 -0.585581
0.0196722 -0.0560113 -0.148806 -0.440408 -0.235878 0.499016 0.0300686 -0.0671394 -0.153844 -0.441555 -0.23643 0.500662
0.241789 0.166067 -0.129013 -0.986474 -0.690114 0.935028 0.306859 0.177561 -0.103875 -1.03756 -0.711237 0.983139
-0.134083 0.375001 0.147701 0.598471 0.354725 -0.128407 -0.141323 0.366064 0.149422 0.613683 0.353916 -0.109333
0.158861 1.1106 0.359502 -0.188674 0.151706 1.16356 0.150674 1.12005 0.354303 -0.186295 0.138292 1.19168
0.253466 1.05298 0.452249 -0.177926 0.240235 1.13158 0.283039 1.1134 0.43801 -0.185472 0.253485 1.19524
0.0677033 0.0222721 0.0272067 -0.0100941 -0.0110928 -0.00239708 0.0579919 0.0171293 0.0210505 -0.00908059 -0.010938 -0.00144464
-0.0449489 -0.0462653 -0.0490596 -0.0018158 0.000124363 0.000150242 -0.0526046 -0.0499016 -0.0530205 -0.00103962 -0.000207923 0.000831694
0.00968027 0.00373774 0.00392877 -0.000271325 0.000335206 -0.000524842 -0.000413879 0.00227634 0.00186246 -0.000413879 -0.00020694 -0.00124164
0.120478 0.0222226 0.116838 -0.00834542 -0.0250386 -0.0405153 0.108497 0.0164389 0.113429 -0.007603 -0.0248639 -0.0394534
-0.0728231 0.0479121 -0.10178 0.0110041 0.0367795 0.0615173 -0.0802183 0.048422 -0.107651 0.00997534 0.035745 0.0606833
0.0685751 -0.0725038 -0.0596187 -0.0393643 -0.0422173 -0.00680097 0.0627023 -0.0801427 -0.0699692 -0.0363341 -0.0411095 -0.00477534
-0.134403 0.0550212 -0.114446 0.0272893 0.0569684 0.0695684 -0.141548 0.0589088 -0.116777 0.0247708 0.055162 0.0680678
-0.0833276 -0.18409 -0.134519 -0.0251749 -0.0312887 -0.0227851 -0.0872337 -0.189775 -0.141126 -0.0224375 -0.0301963 -0.0205502
0.179599 0.230797 0.128653 0.00760718 0.0226359 0.0460273 0.165489 0.229076 0.121467 0.00611413 0.0220109 0.045856
0.21473 0.883046 0.226368 -0.217453 -0.0167777 1.03535 0.210619 0.887012 0.238818 -0.212953 -0.0427851 1.05524
-0.00311269 0.134235 0.0470195 0.223143 0.132372 -0.042362 -0.0105134 0.12513 0.0401983 0.2214 0.128841 -0.0381369
0.100768 -0.208998 -0.112919 -0.0742494 -0.092817 -0.0421387 0.0976988 -0.217526 -0.12442 -0.069934 -0.0901835 -0.0390378
-0.0793076 0.491267 0.00782161 -0.0732436 0.177304 0.764514 -0.080651 0.491201 -0.00445809 -0.0630212 0.175689 0.765171
0.0058556 -0.236415 0.16186 8.99727e-05 -0.0652689 -0.16813 -0.0076728 -0.233087 0.169631 -0.00186636 -0.0640783 -0.166728
0.305874 -0.824017 0.30463 -0.59952 -0.599843 -0.693188 0.340727 -0.838355 0.318457 -0.629829 -0.61586 -0.717895
0.136421 -0.193867 0.205702 -0.00670414 -0.128312 -0.353163 0.124411 -0.19229 0.207557 -0.00618958 -0.127918 -0.348061
0.281448 0.317703 0.206958 -0.184487 -0.0736406 0.274775 0.265492 0.31426 0.204785 -0.184752 -0.0756814 0.269337
0.0880161 0.342475 0.336931 0.103142 0.0983197 0.0057207 0.04544 0.359481 0.369376 0.0894662 0.0916877 -0.00343324
-0.402479 -0.475643 -0.425951 -0.0291327 -0.0294851 -0.0252955 -0.389603 -0.474815 -0.426924 -0.02373 -0.0280445 -0.021357
-0.118832 0.44434 0.150362 0.150209 0.193957 0.133776 -0.160002 0.482245 0.185651 0.128857 0.186669 0.121732
0.26727 -0.411529 0.616076 0.287843 -0.182663 -1.25688 0.328946 -0.421331 0.632496 0.30295 -0.202967 -1.32978
-0.21586 -0.386349 -0.359659 -0.905851 -0.404864 0.618083 -0.133128 -0.396885 -0.3298 -0.957942 -0.396052 0.658142
0.225756 0.210787 0.325992 0.373993 0.0609986 -0.363192 0.223197 0.194993 0.31978 0.370101 0.0557992 -0.356304
-0.123874 0.484293 0.00525019 0.19042 0.290054 0.45964 -0.131883 0.481108 0.00328682 0.199879 0.283488 0.456251
-0.469883 0.137151 -0.220587 0.367232 0.32942 0.21796 -0.462262 0.133613 -0.2134 0.375508 0.318306 0.222266
-0.00605492 -0.353612 0.663341 0.562151 -0.197184 -1.36248 0.047102 -0.383772 0.723423 0.585893 -0.200333 -1.43075
0.523054 -0.041335 0.324661 -0.408926 -0.336122 -0.243711 0.510044 -0.0413714 0.320628 -0.399923 -0.333202 -0.238697
0.830945 -0.334608 1.3171 -0.0958001 -0.50597 -1.58507 0.832873 -0.360656 1.37573 -0.0594242 -0.473338 -1.64295
0.690847 0.800463 0.685716 0.0525339 0.0624484 0.0605796 0.661106 0.803105 0.682727 0.046554 0.0619421 0.0586307
1.02017 0.0294271 0.725832 -0.804732 -0.639834 -0.478837 1.07272 0.0113465 0.74675 -0.825214 -0.676748 -0.491936
0.00832508 0.000630865 0.000396179 0.00171368 0.000216441 0.0010178 0.00147016 0.000420046 0.000210023 0.000210023 -0.000210023 -0.000840092
-0.0133023 0.0306461 -0.0601231 0.00137943 0.0149468 0.0390274 -0.0193547 0.0302944 -0.0624821 -0.000210377 0.0143057 0.0372368
0.107494 -0.0118693 0.0360326 -0.0219283 -0.0331466 -0.0192494 0.0979962 -0.0157045 0.0311996 -0.0215675 -0.0320372 -0.0188454
0.061442 0.130256 0.0636372 0.0184513 0.0267339 0.0306592 0.0504481 0.131123 0.0642067 0.0145924 0.025641 0.028351
-0.0403506 0.039312 0.0591598 0.0341051 0.0295731 -0.00699927 -0.0519655 0.0437935 0.0680999 0.0291258 0.027659 -0.00942922
0.173123 0.110975 0.112784 -0.00895346 -0.0134528 0.00154755 0.160374 0.107401 0.10844 -0.0101792 -0.0132953 0.000623217
-0.166275 -0.0471811 -0.123548 0.0215567 0.0353071 0.031863 -0.169057 -0.043484 -0.119422 0.0186663 0.0335145 0.0296964
0.0471371 -0.490308 -0.371545 -1.01499 -0.598572 0.312483 0.112008 -0.520199 -0.362304 -1.05396 -0.617814 0.34812
-0.184529 -0.0364132 -0.159017 0.0219759 0.0434014 0.0506525 -0.18607 -0.0322861 -0.155908 0.0191168 0.0414197 0.0477919
0.240678 0.0516168 0.193598 -0.0218867 -0.051385 -0.0599172 0.226938 0.0470455 0.189218 -0.0219684 -0.049947 -0.0594804
-0.35245 0.404204 -0.111171 0.314759 0.333647 0.503749 -0.358157 0.399803 -0.103907 0.341707 0.319842 0.508708
0.30567 0.156079 0.177163 -0.127988 -0.0553416 0.121872 0.293927 0.147376 0.171526 -0.126116 -0.0522216 0.118273
0.343428 -0.24663 0.923014 0.451579 -0.111919 -1.379 0.378962 -0.250277 0.98613 0.459563 -0.135583 -1.44865
0.143829 -0.574493 0.234586 -0.205713 -0.32305 -0.976275 0.179585 -0.567927 0.227584 -0.187654 -0.338687 -1.01482
0.451194 0.248916 -0.0156912 -1.12663 -0.561216 0.799927 0.502038 0.217377 0.00935599 -1.1683 -0.592413 0.845025
-0.206843 0.871452 0.323378 0.800854 0.778448 -0.0930942 -0.228288 0.921742 0.348524 0.79871 0.803303 -0.0846844
-0.144023 -0.365475 -0.0723949 -0.153104 -0.152092 -0.278899 -0.144895 -0.3445 -0.0624032 -0.149597 -0.144254 -0.271625
0.0695863 0.51389 0.176412 0.112832 0.16319 0.156719 0.0400188 0.540356 0.189012 0.094198 0.158023 0.147351
-0.134715 -0.458213 -0.0701632 -0.146731 -0.171685 -0.321029 -0.133191 -0.441395 -0.0634853 -0.141984 -0.163003 -0.311421
-0.391865 0.107387 -0.422792 0.06231 0.148396 0.212267 -0.383612 0.13538 -0.421587 0.051277 0.142674 0.200173
-0.425868 0.228724 -0.289917 0.117549 0.202199 0.216138 -0.422641 0.27261 -0.275589 0.0983183 0.194083 0.203659
0.535893 0.613234 0.381777 0.0060825 0.0397537 0.117287 0.518108 0.61553 0.368754 0.00100643 0.0392506 0.115336
-0.388175 -0.900513 0.0454556 0.110132 -0.302079 -1.46746 -0.324973 -0.861331 0.0645844 0.115227 -0.3057 -1.48483
-0.627389 -0.385012 -0.562718 0.015426 0.051716 0.0604473 -0.594126 -0.371246 -0.547389 0.016975 0.0491614 0.058641
0.326867 1.23802 0.503883 0.641965 0.61951 0.41098 0.350278 1.28081 0.506172 0.715062 0.66458 0.452595
0.312818 -0.284435 0.0962268 -0.441151 -0.394359 -0.121539 0.302697 -0.282938 0.0914399 -0.429452 -0.383417 -0.113301
-0.466343 0.132758 -0.227025 0.367229 0.331108 0.218413 -0.456724 0.127249 -0.217651 0.36975 0.316622 0.218936
-0.525051 -0.676065 -0.521657 -0.0329789 -0.0497255 -0.0620708 -0.50018 -0.658996 -0.511936 -0.029057 -0.0463582 -0.0567832
-0.214985 -0.708992 -0.0411343 0.109837 -0.228538 -1.08166 -0.138452 -0.682085 -0.0483417 0.121702 -0.241921 -1.13857
0.129616 0.352799 0.326455 0.483693 0.212813 -0.359452 0.124728 0.3429 0.320671 0.466805 0.207675 -0.349692
0.134559 -0.357084 0.242842 -0.026339 -0.195749 -0.69975 0.131251 -0.33624 0.239118 -0.0227531 -0.19298 -0.697339
0.112565 -0.52956 0.207641 -0.0339082 -0.276768 -0.712814 0.116892 -0.514326 0.204455 -0.0282667 -0.273741 -0.707305
-0.34372 0.908749 0.0873048 0.668613 0.869587 0.630662 -0.33409 0.961143 0.0814459 0.737066 0.905023 0.670815
0.276759 -0.167488 -0.0379057 -0.692287 -0.487386 0.223536 0.279719 -0.168337 -0.0358614 -0.688116 -0.4778 0.234786
1.0215 0.0313975 0.735482 -0.802684 -0.64686 -0.47635 1.07272 0.0117429 0.750373 -0.816329 -0.679133 -0.486353
-0.0466569 -0.032199 -0.200426 -0.584645 -0.321088 0.643068 -0.0296293 -0.0366636 -0.193124 -0.585766 -0.318249 0.635006
0.560268 0.493902 0.889605 0.6593 0.341704 -0.793071 0.573296 0.486236 0.903968 0.657593 0.338766 -0.807431
0.460241 0.696227 0.64353 0.357056 0.00504219 -0.0510597 0.405575 0.650636 0.707464 0.368089 -0.0424718 -0.0287133
-0.369642 -0.462607 -0.447036 -1.22189 -0.55744 0.802906 -0.289721 -0.439498 -0.407074 -1.23586 -0.563126 0.820214
-0.0289552 0.558735 0.190321 0.250141 0.309274 0.662251 -0.0264184 0.565313 0.178737 0.298239 0.29535 0.674702
-0.212091 -0.7134 -0.039858 0.111916 -0.22693 -1.07101 -0.143765 -0.685252 -0.0510065 0.121383 -0.238676 -1.12064
0.430148 1.18071 1.18289 1.14721 0.552702 -0.923642 0.48382 1.16419 1.21655 1.14928 0.619821 -0.934368
0.285789 -0.637148 0.302913 -0.370266 -0.472318 -0.749908 0.288766 -0.641371 0.300257 -0.361755 -0.474963 -0.757984
-0.190177 -0.0476345 -0.139356 -0.0579408 -0.00343119 0.0923961 -0.206419 -0.0351264 -0.123975 -0.0376059 0.0239686 0.104139
0.598992 0.742002 0.190629 -1.18793 -0.686858 1.25915 0.648106 0.720967 0.226612 -1.21101 -0.722338 1.26115
0.265244 0.793353 0.746017 0.903097 0.403944 -0.704379 0.29541 0.787298 0.75134 0.931924 0.424342 -0.716375
0.327393 0.35824 0.439925 0.0242396 -0.011229 -0.0964568 0.314508 0.345013 0.450428 0.0243266 -0.0146732 -0.117192
1.00253 0.733496 0.567707 -1.42852 -0.93955 0.899222 1.04404 0.775378 0.550127 -1.45897 -0.949384 0.939441
-1.27555 0.457081 -0.449028 0.84892 0.834447 0.507089 -1.22821 0.507505 -0.409189 0.88909 0.850655 0.52513
-0.882895 0.297385 -0.376132 0.651924 0.619837 0.387736 -0.867143 0.321957 -0.348386 0.701359 0.616174 0.416316
-0.548145 1.21527 0.218009 1.15387 0.899489 -0.140981 -0.557553 1.22066 0.236495 1.19027 0.952978 -0.123545
-0.838017 1.2308 -0.112478 0.821482 1.11646 0.743652 -0.825699 1.22968 -0.0734136 0.852821 1.13383 0.742293
0.461304 0.438353 0.552185 -0.0475013 -0.0200862 -0.0947118 0.450341 0.457885 0.561378 -0.0429449 -0.0456531 -0.0942079
0.434962 1.66737 0.726777 -0.274228 0.313597 1.47647 0.48435 1.73687 0.681912 -0.279554 0.317026 1.49219
0.499634 0.362286 0.53083 -0.0348463 -0.0742446 -0.145172 0.495607 0.370254 0.528879 -0.0148953 -0.077765 -0.168297
0.609516 0.507775 0.561643 0.0644296 0.0368529 -0.18918 0.611094 0.502377 0.55248 0.0669321 0.0324988 -0.204665
1.03097 0.0330697 0.754552 -0.800783 -0.663979 -0.476272 1.06497 0.0157265 0.752655 -0.7956 -0.678055 -0.474215
0.514332 0.362575 0.410627 -0.0356829 -0.0910514 -0.0868853 0.500198 0.342555 0.427547 -0.0412022 -0.0983279 -0.0830015
0.593866 0.553881 0.626692 0.0794087 0.00272316 -0.108845 0.596392 0.573952 0.611674 0.0634501 0.00657714 -0.100785
0.616611 0.710084 0.657748 0.177527 0.165418 -0.0683979 0.62831 0.705688 0.631599 0.17913 0.157658 -0.0874373
0.416854 0.472898 0.53031 0.0189484 -0.0104553 0.0152076 0.430996 0.487869 0.523463 0.0135412 -0.00986571 0.00889848
0.482944 0.273923 0.492522 -0.0987326 -0.113155 -0.0969816 0.498174 0.24948 0.512525 -0.118547 -0.125231 -0.100657
0.536067 0.634827 0.531625 -0.00630151 0.0372653 0.0585175 0.532361 0.631986 0.52946 -0.0125739 0.031725 0.0775716
0.390225 -0.816772 0.152278 -0.763927 -0.753004 -0.591199 0.419516 -0.874827 0.149782 -0.816022 -0.789603 -0.635134
0.609739 0.328172 0.563538 -0.146633 -0.182077 -0.18857 0.625989 0.320345 0.559444 -0.116261 -0.17236 -0.208534
0.651972 0.720419 0.649521 0.0935585 0.095356 0.0296944 0.622507 0.726194 0.640497 0.111618 0.0944013 0.0199249
0.513022 0.555237 0.545939 -0.00853059 -0.0131374 -0.0295582 0.511276 0.559057 0.526171 -0.0206986 -0.00619025 -0.0218593
0.68733 0.584866 0.702405 -0.0158995 -0.0332935 -0.00275047 0.657521 0.5873 0.704721 -0.0201183 -0.0241807 -0.00638369
0.76484 0.443116 0.727387 -0.102532 -0.147109 -0.201182 0.792545 0.413779 0.733931 -0.119162 -0.151468 -0.226718
0.506497 0.407432 0.45746 -0.00970775 0.00312345 -0.0996184 0.508427 0.410668 0.455941 -0.0280456 -0.00260423 -0.106774
0.70706 0.914639 0.667131 0.0734702 0.146603 0.174806 0.716908 0.954846 0.664485 0.0733158 0.147599 0.206213
-0.345777 -0.455839 -0.449849 -1.20216 -0.555957 0.798773 -0.268615 -0.44193 -0.411459 -1.24518 -0.565972 0.832211
0.259294 0.83221 0.268874 0.307599 0.337495 0.363561 0.219308 0.892105 0.25738 0.31191 0.365448 0.419779
0.878648 0.586685 0.893312 0.0811715 -0.0927692 -0.250097 0.89836 0.565634 0.876114 0.0729289 -0.0980768 -0.283591
-1.52727 0.522341 -0.48732 0.905914 0.925622 0.537809 -1.48067 0.484018 -0.477542 0.808437 0.881134 0.480675
0.741427 0.491955 0.674466 -0.0307551 -0.0644202 -0.106139 0.749538 0.471765 0.725852 -0.0262309 -0.0487425 -0.12861
0.578488 0.61041 0.553002 0.0461589 0.0342306 -0.0261903 0.598743 0.613149 0.541908 0.0668997 0.0457839 -0.0250627
0.654357 0.561861 0.493147 -0.133949 -0.0769727 0.147162 0.661383 0.564495 0.475045 -0.1468 -0.0735958 0.137013
0.369161 0.458828 0.447914 0.136071 0.122499 -0.143839 0.37424 0.485904 0.434095 0.165827 0.12913 -0.14895
-0.125642 -0.033333 0.0519658 0.0449064 0.0491975 -0.0242665 -0.150865 0.00230488 0.0517551 0.0655844 0.0685179 -0.0266109
0.538334 0.62125 0.561783 0.126542 0.0684188 -0.088931 0.538955 0.627144 0.580398 0.127275 0.0852429 -0.099581
0.632309 0.798656 0.597219 0.086667 0.144488 0.147421 0.641271 0.810729 0.589428 0.0959489 0.140248 0.145858
0.77139 0.647497 0.680051 -0.112086 -0.084642 0.0177453 0.777263 0.670481 0.670288 -0.128448 -0.0928537 0.017797
0.590611 0.757783 0.534811 0.0932112 0.114618 0.0599737 0.611481 0.693308 0.539132 0.0719616 0.0737027 0.0338529
0.475688 0.515447 0.58259 0.00552365 0.0369582 0.0038679 0.485468 0.562769 0.588731 0.00702729 0.0189346 -0.0101505
0.704388 0.581034 0.703658 -0.135904 -0.0666264 -0.0994727 0.727935 0.582464 0.712072 -0.138894 -0.0702206 -0.105815
0.102183 -0.797729 0.164867 -0.37419 -0.301963 -1.05673 0.120392 -0.846427 0.169329 -0.367673 -0.358795 -1.07249
0.888548 0.611534 0.689108 -0.184497 -0.141913 0.0658178 0.886366 0.585752 0.703754 -0.198668 -0.146825 0.0615156
0.617862 0.738588 0.548464 -0.0351119 0.0815553 0.155426 0.580723 0.762948 0.536424 -0.0649976 0.0729289 0.192091
0.538359 0.594688 0.590665 0.0673582 0.0536422 -0.0477913 0.518029 0.600914 0.583547 0.054467 0.0396662 -0.072228
0.667983 0.637954 0.621985 -0.0267323 0.00593519 0.0754411 0.642819 0.643012 0.59968 -0.0156691 0.00967226 0.0928537
0.766969 0.953486 0.667019 0.0814338 0.0966129 0.185152 0.751922 0.958715 0.646494 0.084729 0.0843421 0.191124
0.65178 0.580244 0.742385 0.12938 0.0242812 -0.213962 0.640691 0.612641 0.726 0.141602 0.0381087 -0.221301
0.755161 0.793103 0.704901 0.071236 0.022989 0.0507369 0.751269 0.800733 0.714608 0.0533434 0.0207554 0.0545073
0.541568 0.574807 0.692621 0.0956238 0.0205709 -0.148994 0.531201 0.566795 0.697757 0.128061 0.0448793 -0.135218
0.622717 0.655919 0.585337 0.0683245 0.0772492 -0.0130297 0.62154 0.674157 0.595618 0.0856963 0.095562 -0.0127674
0.532622 0.537137 0.564462 0.0681573 0.0318755 -0.027753 0.535001 0.504412 0.589073 0.0455865 0.0191424 -0.0372981
0.601113 0.414769 0.700811 0.0724889 0.00750931 -0.267019 0.567365 0.39607 0.673339 0.0815032 0.000197344 -0.267007
0.707529 0.681283 0.685931 0.011973 0.0640361 -0.0308554 0.67255 0.659525 0.6911 0.0449945 0.0785431 -0.0592033
0.686592 0.693149 0.521331 -0.211356 -0.0379137 0.251338 0.681508 0.676672 0.498895 -0.237357 -0.0566795 0.289974
0.668708 0.420559 0.575554 -0.155777 -0.136937 0.00424197 0.701176 0.39107 0.578548 -0.168416 -0.165075 -0.00196518
0.654338 0.487173 0.626341 -0.0254169 -0.0965599 0.045215 0.671492 0.478778 0.62121 -0.0440717 -0.115388 0.0322524
0.515173 0.565042 0.53389 -0.00824359 0.00634805 -0.0108405 0.529475 0.546052 0.53954 -0.00828846 0.0104593 -0.0440078
0.624515 0.45955 0.650727 0.023181 -0.0773826 -0.189873 0.646105 0.414028 0.645908 0.0228919 -0.100251 -0.24747
0.69419 0.503629 0.736321 0.0738934 0.022551 -0.246091 0.687745 0.504412 0.741028 0.0947253 0.0333512 -0.3047
0.69014 0.664728 0.747222 0.0550153 -0.0111826 -0.182111 0.703754 0.67319 0.756564 0.0667386 -0.0127674 -0.205632
0.784698 0.70378 0.737169 0.0655004 0.0113225 0.0183676 0.799316 0.682281 0.746312 0.0659648 0.00638369 0.0116067
0.674429 0.523545 0.583186 -0.0214752 -0.0425105 -0.000528185 0.703927 0.53875 0.581771 -0.0371007 -0.0489414 -0.0215105
0.573514 0.578034 0.620775 -0.0596613 -0.0493763 0.0387396 0.608807 0.581771 0.632094 -0.0706493 -0.0661104 0.0315751
0.76603 0.705942 0.654932 -0.0120076 -0.0315838 0.123462 0.749909 0.7134 0.628937 -0.0146035 -0.0329565 0.144259
0.739634 0.383037 0.664222 -0.211154 -0.208808 -0.211536 0.758146 0.355466 0.680497 -0.252065 -0.253431 -0.266112
0.636332 0.737606 0.596969 -0.0229846 0.0274939 0.127433 0.633146 0.729482 0.592716 -0.051263 0.00928537 0.135799
0.682677 0.763844 0.725852 0.0594565 -0.00940878 0.02261 0.69737 0.786162 0.724839 0.0609353 -0.0110264 0.00386891
0.634565 0.841281 0.749243 0.0933303 0.137534 0.029669 0.627923 0.836844 0.726774 0.1033 0.14992 0.0363677
0.764049 0.483607 0.770768 -0.0377436 -0.172643 -0.192431 0.769912 0.478197 0.778811 -0.044299 -0.170038 -0.218206
0.507142 0.505944 0.244456 -0.393532 -0.193387 0.301585 0.537926 0.491357 0.273441 -0.43046 -0.200205 0.306477
0.579901 0.682607 0.599008 -0.122237 -0.00641423 0.0776488 0.605484 0.712652 0.602582 -0.104074 0.017797 0.0916931
0.695772 0.559906 0.689133 0.0780225 0.0427699 -0.0508449 0.723464 0.547631 0.686758 0.0856475 0.0309831 -0.0927519
0.69055 0.631816 0.725632 -0.0575697 -0.0596468 -0.0236196 0.683249 0.652878 0.741669 -0.0371415 -0.0406235 -0.0367546
0.357621 0.978738 0.418302 0.26356 0.227178 0.201199 0.343349 1.03853 0.392867 0.26493 0.250865 0.240846
0.672951 0.743467 0.657156 0.0539749 0.0208491 0.0310581 0.660616 0.771073 0.642238 0.0560991 0.0197314 0.0758305
0.581801 0.468331 0.564347 -0.00705899 -0.0147978 -0.0991318 0.596967 0.485072 0.59894 -0.00966987 -0.0232866 -0.113868
0.676716 0.717335 0.650908 -0.0502883 -0.0138262 0.0955398 0.680456 0.766461 0.63181 -0.0513698 -0.0145937 0.114025
0.809029 0.726078 0.817208 0.0362995 -0.0379363 -0.0521175 0.802991 0.713233 0.830074 0.0307578 -0.049522 -0.0595811
0.304019 0.0771219 0.386437 -0.0783723 -0.0689626 -0.183972 0.325027 0.085048 0.412124 -0.0700878 -0.0803345 -0.227068
-0.333636 -0.920468 0.0142859 0.131689 -0.30187 -1.42376 -0.262569 -0.894534 0.0390454 0.141704 -0.319821 -1.4971
0.698889 0.75315 0.697543 -0.0705763 0.0776362 0.147822 0.696983 0.734125 0.670868 -0.0746699 0.0667386 0.167911
0.932613 0.790877 0.943457 0.083369 0.033218 -0.164674 0.923314 0.785968 0.92196 0.0963358 0.0272758 -0.173134
0.242024 0.179567 0.148647 0.0393313 0.0369536 -0.0210781 0.270569 0.194701 0.139162 0.0565868 0.0528144 -0.0230539
0.585187 0.509968 0.53943 -0.00551323 -0.0840285 -0.0443633 0.6019 0.518424 0.504412 0.00335485 -0.0813059 -0.0329565
0.706926 0.749487 0.594225 -0.0138297 0.0257059 0.0911614 0.672416 0.757532 0.616897 -0.0396563 0.0371415 0.12129
0.74617 0.762522 0.716769 -0.0648404 -0.043149 0.0989775 0.726774 0.738961 0.681314 -0.061709 -0.0363677 0.113939
0.64434 0.564374 0.550599 -0.0357338 0.00927077 -0.0134403 0.644849 0.537875 0.554301 -0.0202329 0 -0.0278453
0.614621 0.701701 0.748825 0.182715 0.122156 -0.122132 0.623668 0.704141 0.726581 0.204472 0.145471 -0.13812
0.574287 0.650351 0.564631 0.0472913 0.0603333 -0.00491719 0.576537 0.631627 0.57173 0.0859397 0.0937524 -0.0394642
0.824365 0.588341 0.716314 -0.0461068 -0.0969022 -0.0607846 0.808021 0.568342 0.696403 -0.0518433 -0.105428 -0.0684796
0.653454 0.544245 0.538153 -0.0986141 -0.059453 -0.0451592 0.643046 0.557707 0.53507 -0.0967573 -0.0747215 -0.0226368
-1.5435 0.518528 -0.503196 0.906317 0.940693 0.5383 -1.47871 0.497237 -0.491056 0.826099 0.907942 0.49063
0.755865 0.421901 0.62954 -0.202028 -0.254896 -0.125138 0.767472 0.409884 0.625976 -0.220236 -0.287333 -0.137944
0.621552 0.657705 0.617986 0.0524966 0.086096 -0.0142646 0.634659 0.67551 0.6019 0.0592033 0.0933439 0.0088805
0.920868 0.18166 1.00603 -0.184924 -0.356412 -0.719481 0.979115 0.129753 1.05708 -0.223506 -0.411397 -0.817597
0.651058 0.738023 0.497523 -0.121028 0.0559983 0.277375 0.621619 0.764081 0.437465 -0.13199 0.0713301 0.305672
-0.529528 -1.03711 0.0363271 0.112668 -0.344582 -1.62083 -0.522813 -1.01664 0.0841871 0.10955 -0.328649 -1.54329
0.558526 0.521278 0.486132 -0.0481827 0.00452674 0.0416821 0.582147 0.558508 0.470966 -0.0340554 0.0132215 0.0809316
0.811287 0.583046 0.727296 -0.0157516 -0.0820874 -0.102978 0.823715 0.577035 0.743594 -0.0465733 -0.0955147 -0.101435
0.516229 0.681678 0.529185 -0.00430549 -0.00838005 0.026355 0.498576 0.743518 0.49028 -0.00493835 0.0177781 0.0645937
0.53899 0.321859 0.550433 0.0130334 -0.0729475 -0.222481 0.550495 0.321723 0.558107 0.0292476 -0.0572932 -0.234581
0.626708 0.259189 0.534659 -0.0236684 -0.132733 -0.245079 0.682073 0.210257 0.549779 -0.0113107 -0.141989 -0.320536
0.836939 0.664208 0.753254 -0.0129233 -0.106452 -0.000378956 0.845162 0.648042 0.757338 -0.0152822 -0.113552 -0.0284365
0.482432 0.558306 0.595876 0.116811 0.0385402 0.0347368 0.46001 0.557893 0.563616 0.154521 0.0515069 0.0138141
0.525382 0.583797 0.565636 -0.0282897 0.032321 0.00923851 0.538403 0.539977 0.581499 -0.0161363 0.0350277 -0.000590354
0.750143 0.775005 0.659521 -0.0412474 -0.0173516 0.137722 0.75589 0.734741 0.625666 -0.0554189 -0.0375987 0.139233
0.75505 0.753727 0.656983 -0.0399974 0.00815479 0.165406 0.757802 0.762933 0.640185 -0.0582166 -0.00236813 0.16794
0.42523 0.339608 0.437787 -0.0683942 -0.0904292 0.00432175 0.431702 0.357581 0.414474 -0.0586954 -0.0791287 0.00240391
0.754419 0.459731 0.741839 -0.01216 -0.0720451 -0.246496 0.760368 0.468101 0.749711 -0.0213132 -0.0811085 -0.266415
1.03413 0.534458 0.860091 -0.270923 -0.283325 0.00407948 1.08827 0.491958 0.881091 -0.26318 -0.293761 -0.0441501
0.738826 0.797166 0.73205 -0.000850089 -0.0106714 0.0328128 0.714007 0.801637 0.720777 0.0346267 0.0326923 0.0537778
0.765932 0.641736 0.648303 -0.119406 -0.0476874 0.0774295 0.761956 0.673518 0.653843 -0.0975796 -0.0268294 0.0959897
0.539636 0.506388 0.493298 0.0125014 -0.0124391 -0.0724982 0.553099 0.509629 0.497609 0.0470765 -0.00360586 -0.0837361
0.74042 0.573977 0.630824 -0.0688682 -0.122465 -0.0382341 0.744186 0.540724 0.639198 -0.0623608 -0.1263 -0.064729
0.445326 0.0906701 0.532 0.097273 -0.066106 -0.409706 0.47481 0.0738909 0.541393 0.113881 -0.0769358 -0.465675
0.683954 0.667265 0.600411 -0.144378 -0.0635219 0.100717 0.687942 0.693863 0.585521 -0.148798 -0.0382848 0.133405
0.790537 0.762488 0.716299 -0.0924409 -0.0363236 0.10392 0.794867 0.771653 0.717295 -0.099044 -0.0431383 0.12013
0.701342 0.632062 0.687262 0.0737969 -0.044589 -0.198487 0.708861 0.611176 0.689916 0.0921598 -0.0503228 -0.222012
0.535083 0.585187 0.57863 0.0456691 0.021971 -0.0796831 0.541316 0.570917 0.592033 0.0682812 0.0467706 -0.103606
0.684424 0.493237 0.65905 -0.0445834 -0.0612301 -0.0689909 0.675707 0.512109 0.656367 -0.0769643 -0.0479547 -0.0483494
0.591135 0.690477 0.522443 0.13846 0.162172 0.117286 0.566321 0.704145 0.501415 0.130011 0.158858 0.119795
0.453837 0.563545 0.502046 0.0883594 0.114324 -0.0808537 0.443433 0.554735 0.487441 0.11367 0.111894 -0.106369
-0.204478 0.0263359 0.121036 0.453488 0.176924 -0.523174 -0.166847 -0.00861942 0.161511 0.51224 0.201735 -0.621624
0.659341 0.592818 0.573247 0.0140529 0.000163839 0.0443512 0.658471 0.589158 0.562715 -0.00100163 -0.0180293 0.0404658
0.651729 0.491835 0.628363 -0.0231838 -0.00217813 -0.0655991 0.655078 0.488089 0.662011 -0.0235725 0.000990441 -0.0687366
0.562505 0.589816 0.5125 -0.0965316 -0.0152263 0.148411 0.581946 0.631226 0.496407 -0.100163 -0.0126205 0.194917
0.84876 0.84661 0.727947 -0.103353 -0.0103383 0.130066 0.838779 0.828139 0.710138 -0.116261 -0.00773781 0.128254
0.566521 0.435821 0.468236 -0.145517 -0.0971827 0.0903897 0.568524 0.427896 0.459347 -0.163666 -0.116389 0.0983599
0.818126 0.584346 0.667049 -0.109547 -0.0899965 -0.0290508 0.816216 0.59598 0.666432 -0.11367 -0.100448 -0.0305884
0.598127 0.775057 0.649925 -0.0401042 0.0450204 0.116359 0.612061 0.787322 0.629471 -0.0562926 0.0373349 0.183193
0.704996 -0.706609 1.52674 0.0492104 -0.55951 -2.00655 0.706322 -0.678491 1.57705 0.0512894 -0.521045 -2.02434
0.881015 0.822742 0.839765 0.230557 0.130007 -0.108052 0.862198 0.837924 0.844437 0.249049 0.137154 -0.133799
0.853882 1.00759 0.864563 0.0756373 0.059011 0.0575568 0.840749 1.06646 0.854161 0.100208 0.101166 0.0774071
0.583617 0.877935 0.563944 0.0436732 0.0512507 0.0695878 0.583087 0.915475 0.572221 0.0403601 0.0675255 0.0882877
0.57218 0.664658 0.610057 -0.00753046 0.0370026 0.0121871 0.591556 0.68615 0.61593 -0.0278561 0.0203118 0.0176035
0.718313 0.599735 0.549429 -0.258184 -0.133365 0.114695 0.724451 0.567562 0.549604 -0.287136 -0.150574 0.157678
0.467749 0.332845 1.44893 1.01585 0.0888259 -1.58467 0.48527 0.288907 1.4667 1.01001 0.109069 -1.63701
0.520126 0.631895 0.556531 0.0495449 0.0763959 0.0283193 0.492582 0.657039 0.529368 0.0487861 0.0714087 0.0238029
0.473453 0.639847 0.543491 0.133452 0.0867206 -0.0389723 0.471855 0.646683 0.575516 0.108644 0.080337 -0.0316962
0.466609 0.650369 0.559508 0.300595 0.238771 -0.0790832 0.469793 0.66373 0.562476 0.353591 0.275458 -0.0863048
0.760356 0.920921 0.808366 0.100171 0.046568 0.0483123 0.739154 0.916544 0.814018 0.0800863 0.0350136 0.0595811
0.742616 0.585652 0.801802 0.0436468 -0.0599692 -0.157918 0.746892 0.58672 0.816146 0.0439121 -0.074283 -0.194993
0.94761 0.947349 0.912887 0.0192413 0.0574141 0.057929 0.953685 0.946528 0.923701 -0.00154756 0.0328857 0.0384956
0.990584 -0.432852 1.88301 0.3326 -0.395094 -2.15745 0.985217 -0.393816 1.9432 0.317139 -0.419118 -2.12495
0.582797 0.799695 0.551044 0.0164928 0.0790438 0.180929 0.594061 0.8022 0.566282 0.0357151 0.0750016 0.171036
1.09532 0.769365 1.00981 0.0607994 -0.077815 -0.20433 1.0977 0.760577 0.980117 0.0625079 -0.0806124 -0.199339
0.909442 0.831291 0.876413 0.0132131 -0.000817355 -0.0559165 0.927957 0.843228 0.87534 0.026502 0.000193445 -0.09208
0.615826 0.574114 0.691644 -0.0234076 -0.028075 -0.0258418 0.605036 0.581293 0.665579 -0.0476827 -0.0360093 -0.0128605
0.664132 0.543064 0.698285 -0.0376626 -0.00294352 -0.0670278 0.674523 0.540329 0.709058 -0.0353246 0.00493361 -0.0248654
0.530451 0.773621 0.580222 0.211596 0.156706 0.0700579 0.524653 0.778866 0.576537 0.232578 0.186503 0.0540879
0.709232 0.857255 0.839082 0.0824198 0.123825 -0.0248543 0.701433 0.87476 0.853481 0.0980768 0.130382 -0.0307578
-1.20547 0.444799 -0.459493 0.831826 0.83222 0.494735 -1.21419 0.506693 -0.421873 0.901183 0.859107 0.533185
0.592878 0.847065 0.654732 0.134425 0.133631 0.0339748 0.597756 0.904035 0.608215 0.152547 0.161822 0.0692679
0.715514 0.66198 0.593949 -0.10162 -0.129081 0.0173276 0.745612 0.668086 0.617204 -0.106974 -0.139827 0.0150244
-0.0550231 1.45681 0.199501 0.113048 0.528144 1.33027 -0.0943916 1.43607 0.219285 0.137465 0.547389 1.34663
0.549305 0.72955 0.723294 0.390911 0.221434 -0.242953 0.524131 0.72721 0.744231 0.466025 0.258251 -0.280945
0.616047 0.681975 0.702281 0.0746778 0.0779901 -0.0425545 0.598545 0.718531 0.715571 0.0876209 0.0895943 -0.029207
0.312077 0.516466 0.502181 0.131618 0.115566 -0.0093406 0.298103 0.528344 0.507432 0.136135 0.122194 -0.026653
0.807924 0.625811 0.731442 -0.0276517 -0.0528084 -0.173643 0.77359 0.608413 0.702941 -0.0110513 -0.0262468 -0.1709
0.945225 0.713816 0.686584 -0.245367 -0.15786 0.206689 0.957712 0.719912 0.658341 -0.253785 -0.144259 0.231288
0.449009 0.805277 0.618403 0.199464 0.263216 0.0966842 0.434355 0.793127 0.606637 0.205633 0.281413 0.094528
0.672669 0.563014 0.65545 -0.0748204 -0.0415617 -0.0240316 0.689081 0.555954 0.647288 -0.0782862 -0.0578992 -0.0462785
0.838511 0.674574 0.783681 -0.130098 -0.19376 0.0739117 0.835684 0.671449 0.785194 -0.166943 -0.187642 0.0781519
0.579129 0.547183 0.445036 -0.183145 -0.134158 0.163879 0.570169 0.525013 0.410418 -0.194271 -0.170389 0.181226
0.601004 0.841004 0.667468 0.0495592 0.123328 0.0195691 0.617284 0.832782 0.662744 0.042558 0.102719 0.0321119
0.468634 0.639959 0.504399 0.0959849 0.111536 0.145005 0.465958 0.65206 0.502617 0.101765 0.13522 0.148642
0.711389 0.548827 0.769473 0.0349486 -0.00221252 -0.13886 0.71932 0.56401 0.770038 0.0690705 0.00789377 -0.124327
0.991023 0.835056 0.909433 0.000646426 -0.053587 -0.0883186 0.989279 0.831234 0.960456 0.00793126 -0.0338529 -0.122064
1.09456 0.948778 0.951862 -0.0878431 -0.0448911 -0.0285164 1.12096 0.955512 0.94217 -0.0970189 -0.0566103 -0.0291629
-0.0193094 0.52352 0.09087 0.142982 0.216399 0.150199 -0.0185186 0.565546 0.0990434 0.160841 0.264671 0.159593
0.692365 0.806785 0.652993 0.134491 0.114615 -0.104926 0.686166 0.821939 0.669392 0.150376 0.111697 -0.101435
0.478038 0.597492 0.542753 0.0592227 0.0117406 -0.0209011 0.502818 0.623614 0.557106 0.0576938 0.0246401 -0.0472769
0.809369 1.07443 0.761198 0.202571 0.254466 0.20914 0.815939 1.11989 0.743184 0.245284 0.296618 0.251652
-0.0027752 0.806819 0.262389 -0.735601 -0.337491 1.37847 -0.0805562 0.824424 0.224771 -0.777466 -0.409854 1.406
0.611999 0.571982 0.742174 0.0475249 -0.0121367 -0.158631 0.626376 0.579562 0.729482 0.0601615 0.00889848 -0.14992
0.593479 0.547005 0.58278 0.0295711 -0.00176577 0.0407408 0.610999 0.539237 0.569614 0.0322115 0.00407741 0.0366966
0.711176 0.847922 0.777833 0.102244 0.0453466 -0.00642554 0.709557 0.837425 0.775329 0.10891 0.0429449 -0.0205052
0.906583 0.61589 0.853033 -0.0144188 -0.0452137 -0.256692 0.933636 0.612754 0.869697 0.00335485 -0.0440078 -0.270954
0.730668 1.18118 0.751546 0.236769 0.291323 0.2458 0.70494 1.17637 0.721825 0.250394 0.316014 0.288768
1.0769 -0.163347 0.90363 -1.11925 -0.911438 -0.643486 1.0856 -0.202631 0.901679 -1.15763 -0.996254 -0.664639
0.527333 -0.0661454 1.77879 0.571972 -0.2572 -2.03648 0.403091 -0.122384 1.78223 0.542878 -0.245714 -1.90707
0.64262 0.426128 0.615967 -0.0263742 -0.0334753 -0.184649 0.657669 0.427295 0.615801 -0.0256417 -0.060298 -0.220358
0.727032 0.837023 0.663878 -0.0634403 0.0184171 0.168417 0.710331 0.862186 0.686731 -0.0448793 0.0441055 0.15611
-0.516464 -1.04276 0.04482 0.118267 -0.345741 -1.62504 -0.507129 -1.01945 0.0913005 0.114017 -0.3321 -1.56163
0.785316 0.91398 0.614153 0.0128028 0.0683758 0.158791 0.767096 0.926182 0.596124 -0.0043585 0.069736 0.178897
0.826855 0.91516 0.699107 -0.00399745 0.0739369 0.14314 0.815565 0.909773 0.689052 -0.00232134 0.0791191 0.109103
0.659606 0.640045 0.653325 0.0384376 0.0202955 0.0224827 0.654745 0.643229 0.642825 0.0385857 0.0199999 0.0010101
0.795501 0.772124 0.699717 -0.146939 -0.0538091 0.124169 0.824851 0.751922 0.687311 -0.182806 -0.0715748 0.121097
0.83731 0.926979 0.6793 0.0622819 0.0543097 0.259713 0.812467 0.928111 0.670774 0.0416397 0.0629529 0.262468
0.942703 0.874272 0.860069 0.103493 0.0530084 0.000155547 0.934031 0.896535 0.861013 0.102422 0.0848581 0.0197344
0.795663 0.59771 0.769752 0.0162415 -0.0634278 -0.0828468 0.808715 0.592163 0.789884 0.000200326 -0.0641042 -0.0949544
0.537099 0.700705 0.532872 0.0586632 0.10416 0.14885 0.533732 0.695605 0.506618 0.0697236 0.129458 0.160854
0.758066 0.775399 0.727338 -0.0212793 -0.00986677 -0.00638422 0.764689 0.790998 0.718262 -0.0127674 0.0150887 0.0106395
0.450421 0.48341 0.399341 -0.0606461 -0.0189746 0.0303623 0.459905 0.513878 0.400556 -0.0543863 -0.0190249 0.0585221
0.718987 0.701459 0.616672 -0.0496619 -0.0300447 0.0718589 0.722623 0.717665 0.587181 -0.0680185 -0.0234 0.0799168
0.811319 0.536005 0.818319 -0.154804 -0.189985 -0.0639465 0.81444 0.487835 0.816216 -0.158665 -0.194976 -0.0680838
0.697356 0.647256 0.645362 0.0311889 -0.0362847 -0.0132097 0.70094 0.638638 0.642044 0.0204332 -0.0596971 0.00440717
0.476368 0.981188 0.530103 0.183394 0.287486 0.396414 0.450828 1.00157 0.537157 0.215422 0.292958 0.427647
-0.0397459 0.190312 -0.0353887 -0.0865315 -0.00308589 0.136723 -0.0645547 0.25589 -0.0330181 -0.0804288 -0.00761957 0.160223
-0.205578 0.103459 0.0264754 0.146032 0.176042 0.0940501 -0.18833 0.0863446 -0.00192829 0.153192 0.185116 0.101557
0.744252 0.916129 0.64154 0.039359 0.0969805 0.233369 0.764042 0.915489 0.662477 0.0570928 0.0969577 0.222161
1.00423 0.850208 0.877427 -0.15337 -0.155558 0.0573709 1.00719 0.851455 0.879438 -0.190091 -0.167705 0.055194
0.755037 0.799733 0.662588 -0.0607765 -0.0248641 0.0423423 0.756026 0.803586 0.669589 -0.0631502 -0.0163796 0.0576246
0.946295 0.915963 0.818214 0.0872398 0.0676174 0.0788384 0.94449 0.894562 0.811875 0.0826873 0.076767 0.0878183
0.376552 0.513874 0.470526 0.134105 0.112596 0.0764484 0.406721 0.530267 0.446476 0.14067 0.111721 0.0890913
0.0418832 0.556345 0.133958 0.161822 0.212402 0.090943 0.0410992 0.613626 0.128001 0.170531 0.226557 0.104691
0.589971 0.498869 0.497326 -0.0583295 -0.0418301 0.0269957 0.624693 0.48402 0.502926 -0.0705397 -0.0498047 0.0258171
0.535972 0.509444 0.588661 -0.0523635 -0.050829 -0.0490658 0.538075 0.505021 0.594767 -0.0482785 -0.043671 -0.0352573
0.637586 0.845555 0.864537 0.443387 0.358455 -0.147727 0.610059 0.860877 0.838165 0.475566 0.378004 -0.136073
0.820933 0.54114 0.723929 -0.0864603 -0.122821 -0.08242 0.806912 0.507425 0.746013 -0.10477 -0.133818 -0.0673094
-0.420409 1.18961 0.145605 0.175314 0.766746 1.28901 -0.481356 1.17802 0.11813 0.102311 0.757473 1.28218
0.350444 0.572242 0.372151 0.0685204 0.134694 0.12625 0.361258 0.558197 0.367782 0.0629959 0.129458 0.129254
1.30891 1.2291 1.27947 -0.0339742 -0.0623985 0.0156478 1.29862 1.24471 1.29498 -0.0264095 -0.0633828 -0.0100174
0.916624 1.0083 0.835308 -0.130466 -0.0215122 0.153949 0.923701 0.983282 0.824851 -0.139281 -0.0257282 0.134251
0.699679 1.00701 0.726639 0.154261 0.171073 0.178299 0.673536 1.02303 0.709256 0.15827 0.192411 0.199515
0.641418 0.781091 0.621846 -0.0606624 0.0088861 0.198661 0.645049 0.785677 0.624616 -0.071316 0.00801303 0.188707
0.605963 0.793373 0.585422 0.0263441 0.0521163 0.0362068 0.598573 0.760637 0.597572 0.0156254 0.0582948 0.0438713
0.570412 0.674455 0.614046 0.0843372 0.100238 0.076502 0.557907 0.705347 0.594567 0.0881433 0.115588 0.0737199
0.666213 0.534311 0.681584 -0.120692 -0.0926871 -0.018575 0.696013 0.490308 0.68582 -0.137001 -0.127011 -0.0334347
0.717162 0.901815 0.736067 0.187292 0.197715 -0.0753359 0.698402 0.917651 0.756224 0.210961 0.229117 -0.0822926
0.621998 0.880649 0.467386 -0.217419 -0.0092729 0.475292 0.673491 0.860694 0.47357 -0.260136 -0.0375597 0.524842
0.580839 0.444321 0.53047 0.0105718 -0.0152025 7.09107e-05 0.568798 0.466863 0.514976 0.0411818 -0.0279302 0.00917416
0.0586772 1.6466 0.401183 0.10292 0.678407 1.41728 0.060313 1.66024 0.386125 0.118996 0.691358 1.43121
0.404121 0.402071 0.34248 -0.077268 0.0126402 0.157455 0.408892 0.393205 0.352002 -0.100184 0.00773861 0.126746
0.712313 0.653456 0.576501 -0.0133341 0.000421597 0.0641433 0.726186 0.663802 0.553508 -0.0201832 -0.00611611 0.0829752
0.69328 2.29036 0.994284 -0.343305 0.326872 1.5879 0.712514 2.34361 0.900786 -0.350563 0.321913 1.56365
0.858391 1.10214 0.959696 0.206511 0.239664 0.0448316 0.829107 1.14404 0.939757 0.239098 0.282817 0.0354005
1.02191 0.574221 0.925468 -0.0674751 -0.136516 -0.164748 1.05306 0.541677 0.915862 -0.074243 -0.15106 -0.179965
0.231978 0.381283 1.17869 1.02543 0.212956 -1.42721 0.223809 0.347332 1.18631 1.05219 0.239504 -1.47575
0.418163 0.273965 0.465255 0.0574102 0.00929078 -0.131366 0.453093 0.261273 0.427255 0.0746198 0.0146759 -0.144485
0.429775 0.420445 0.521222 0.331152 0.115808 -0.343595 0.427733 0.444644 0.518477 0.382774 0.14024 -0.405047
0.734567 0.683358 0.741163 0.130695 0.082341 -0.0307202 0.73179 0.697935 0.747816 0.137624 0.0823339 -0.0324528
0.632137 0.531822 0.591754 -0.0588589 -0.0769818 0.0228521 0.637706 0.537606 0.594078 -0.0729856 -0.0860332 0.0350657
0.742215 0.752073 0.74002 0.0521718 0.0291989 0.0293066 0.754627 0.74441 0.742006 0.0598974 0.0434707 0.0104169
0.738959 0.595702 0.686847 -0.127659 -0.137273 0.0459636 0.739803 0.595568 0.6765 -0.132015 -0.145637 0.0224365
0.886084 0.720789 0.739108 0.08097 -0.00388985 -0.0868938 0.903818 0.73759 0.718288 0.107536 -0.012802 -0.111869
0.639122 0.623257 0.771272 0.2587 0.159479 -0.161147 0.597371 0.62702 0.743008 0.291073 0.170277 -0.164267
0.427629 0.478036 0.408738 0.0977178 0.00503568 0.0154806 0.442587 0.498275 0.412553 0.091771 0.00437998 0.00312856
0.626019 0.716466 0.577976 0.0340385 -0.00690041 0.0932851 0.672093 0.734394 0.582347 -0.00540879 -0.0240391 0.0921498
0.641508 0.501592 0.645876 0.14468 -0.00997442 -0.214057 0.636483 0.491327 0.64423 0.149233 -0.0165135 -0.242606
0.864876 0.431555 0.92432 -0.011249 -0.0884652 -0.501252 0.876558 0.400237 0.950464 -0.0277392 -0.107787 -0.521893
0.77715 0.504135 0.631841 -0.0687006 -0.110767 -0.113902 0.792036 0.469717 0.629144 -0.0744126 -0.1264 -0.139447
0.913525 0.680336 0.906631 0.0476114 0.00967769 -0.152059 0.872262 0.679851 0.883511 0.0570325 0.0155902 -0.134589
0.587763 0.792077 0.621777 0.108396 0.148295 0.0635076 0.579743 0.786479 0.575135 0.132616 0.176687 0.0745212
0.0554173 0.102361 -0.0432174 -0.0712037 -0.0141426 0.0662732 0.0574318 0.12052 -0.029151 -0.0519932 0.00565616 0.0578669
0.79594 0.888837 0.906446 0.222478 0.218312 -0.203329 0.795495 0.912718 0.918441 0.230893 0.22517 -0.226551
0.521686 0.618025 0.545729 -0.0164892 0.0493538 0.121838 0.544334 0.615484 0.525578 0.0020387 0.053414 0.130069
1.03365 1.13761 1.04957 -0.02716 -0.045421 0.0134382 1.03304 1.13132 1.03628 -0.0248097 -0.0503827 0.0110689
0.774586 0.0199713 0.99283 -0.167032 -0.411223 -0.87705 0.833915 -0.0469114 1.07421 -0.171019 -0.449518 -0.994838
0.732764 0.973356 0.74391 0.0732866 0.0703388 0.151256 0.734125 0.987345 0.722518 0.109683 0.103687 0.151274
0.410095 0.363148 0.411716 -0.0293802 -0.0541277 0.0339405 0.383219 0.352916 0.426303 -0.0381364 -0.0525663 0.0523602
0.801974 0.34106 0.687738 -0.143163 -0.239093 -0.280393 0.845459 0.287053 0.681802 -0.139702 -0.284839 -0.313826
0.618443 0.807396 0.516904 -0.217631 -0.0495948 0.383563 0.617096 0.816414 0.513293 -0.198331 -0.0420344 0.395281
0.86819 0.563013 0.778357 -0.083726 -0.114719 -0.132808 0.854946 0.535374 0.77475 -0.0826132 -0.137823 -0.127547
0.56883 0.786593 0.47577 -0.0580547 0.122162 0.411321 0.56726 0.839512 0.441403 -0.0628275 0.164318 0.470401
0.542886 0.507135 0.662043 0.0176311 0.0429473 -0.0510403 0.548692 0.506023 0.650658 -0.00380619 0.0296482 -0.051684
0.679557 0.771562 0.632264 0.143946 0.157086 -0.00209712 0.650142 0.781842 0.632406 0.141894 0.158407 0.0175328
0.844561 0.883165 0.749588 -0.0221203 0.0277978 0.119943 0.84898 0.896257 0.732791 -0.0382622 0.0352573 0.131814
0.785341 0.794717 0.73795 0.00177108 0.046839 0.0173722 0.75721 0.775761 0.700178 0.00276282 0.0459812 0.0181557
0.512513 1.01751 0.485594 -0.0552558 0.193455 0.668279 0.484809 1.05442 0.437408 -0.0652012 0.231004 0.742413
0.684423 0.188283 0.716922 -0.0212606 -0.162057 -0.264235 0.691742 0.161413 0.724397 -0.0372015 -0.165134 -0.288312
0.779145 0.70741 0.73784 0.0442502 -0.0398195 -0.00245253 0.79224 0.694994 0.72639 0.0262993 -0.0623843 -0.00020387
0.889619 0.58548 0.82969 -0.121041 -0.178198 -0.0854427 0.935412 0.59223 0.821545 -0.134984 -0.17169 -0.0913704
0.729289 0.785164 0.796365 0.0507309 0.0177572 0.0633707 0.718368 0.798298 0.778065 0.0775261 0.0542883 0.0763241
0.725454 0.646742 0.686546 0.0175119 0.0148605 -0.0494895 0.736787 0.642191 0.704983 0.0385315 0.0279302 -0.0536179
0.776203 0.649238 0.70769 -0.0217435 -0.0784191 -0.127136 0.794914 0.633627 0.699112 -0.0291044 -0.118641 -0.10995
0.78587 0.573927 0.766711 -0.0541775 -0.0433521 -0.0689093 0.776462 0.551897 0.747415 -0.0606987 -0.0280456 -0.0460749
0.711977 0.608211 0.73529 -0.0197258 -0.0155299 -0.083986 0.733793 0.580544 0.745612 -0.0354577 -0.0254414 -0.102366
0.337484 1.15585 0.395134 0.271835 0.299167 0.36564 0.309687 1.16198 0.409969 0.28738 0.343851 0.38947
0.617721 0.518112 0.622016 0.041605 0.0384838 -0.184583 0.621682 0.464442 0.598237 0.0515373 0.0252634 -0.213829
0.0174464 -0.0352602 -0.0932224 0.0237965 0.0429301 0.0473718 0.0655264 -0.0407326 -0.117992 -0.00796943 0.042725 0.0754882
0.668011 0.832677 0.655212 0.166305 0.146997 0.0480526 0.651162 0.864206 0.671345 0.160242 0.162077 0.0434244
0.719234 0.411365 0.780991 -0.0641061 -0.0548761 -0.237173 0.684083 0.404561 0.783509 -0.053444 -0.0518306 -0.27327
0.582301 0.569687 0.539881 -0.0271595 -0.0247941 0.0558667 0.597849 0.560186 0.550666 -0.0362144 -0.0624958 0.0256605
0.62553 0.638332 0.681492 0.0373832 0.000895447 -0.0447662 0.631386 0.651977 0.677869 0.073801 0.0277264 -0.0668694
0.625627 0.679688 0.572906 7.90973e-05 0.0348407 0.109173 0.632201 0.682487 0.573844 0.0151066 0.0436643 0.103056
1.03441 0.305925 1.02937 -0.108843 -0.262506 -0.465175 1.06035 0.277896 1.0767 -0.114627 -0.285072 -0.521503
0.344955 0.780981 0.322885 -1.66995 -1.26223 1.32915 0.180333 0.761755 0.247835 -1.53607 -1.21014 1.2743
0.639554 0.627958 0.535289 -0.127675 -0.0980509 0.066094 0.667267 0.619562 0.507229 -0.137205 -0.111517 0.101324
1.19987 1.13606 1.17118 0.0708352 0.0514426 -0.0364247 1.16074 1.14722 1.15941 0.0873837 0.0797686 -0.0215128
0.667165 0.685467 0.630521 0.0296631 0.0242356 0.00944825 0.66951 0.686839 0.651977 0.0352696 0.0134554 0.00856255
0.694842 0.723231 0.577585 -0.0443114 -0.0208881 0.133926 0.715585 0.723943 0.559012 -0.0607533 -0.0183483 0.166562
0.717934 0.910295 0.683577 0.197051 0.25388 0.0638511 0.729186 0.890848 0.672894 0.188306 0.262627 0.106974
0.422958 0.581445 0.393416 -0.0344229 0.00967435 0.264562 0.406222 0.577982 0.378079 -0.0246258 0.0295924 0.262813
0.889537 0.806439 0.95687 0.0230185 -0.0122895 -0.147912 0.89836 0.79448 0.967613 0.0241807 -0.0290168 -0.139281
0.0697879 0.349912 0.0732453 0.0493738 0.106651 0.148539 0.0741151 0.390946 0.0825668 0.0574283 0.108355 0.151264
1.03704 0.767843 0.899628 -0.1191 -0.122642 -0.0255263 1.01745 0.767848 0.874622 -0.104971 -0.121998 -0.0358583
-0.0287772 0.129978 -0.0124959 -0.0650055 -0.0153811 0.123691 -0.0223061 0.16892 -0.030319 -0.0357331 -0.0207902 0.151378
1.01309 0.773241 0.944779 -0.163079 -0.17047 -0.0469717 1.03211 0.774379 0.97271 -0.188859 -0.194779 -0.0540724
0.58958 0.714971 0.587833 0.160092 0.176698 -0.0225988 0.581543 0.723872 0.580541 0.185829 0.187834 -0.048913
0.429687 0.43629 0.458071 0.0693174 0.0144771 -0.109115 0.412845 0.46251 0.461268 0.0796718 0.0329034 -0.0898118
1.06746 0.90141 0.946916 -0.0258075 -0.0416943 -0.0533457 1.08484 0.912675 0.967613 -0.0154756 -0.0468138 -0.0620959
0.659588 0.571268 0.678169 0.000606119 -0.0286805 -0.170148 0.682309 0.563917 0.675699 0.0124202 -0.0404658 -0.176086
0.723723 0.958049 0.70518 0.000124269 0.150528 0.205288 0.704392 0.982282 0.714156 0.00878781 0.1615 0.247621
0.571863 0.488165 0.607418 0.0300364 -0.0438446 -0.0810675 0.604883 0.462582 0.621397 0.0397547 -0.0530063 -0.124972
0.76246 0.608101 0.703645 -0.15042 -0.121341 0.0328965 0.787959 0.587758 0.678073 -0.150049 -0.122934 0.0218141
0.513574 0.427287 0.519787 0.0427074 -0.00434926 -0.0592288 0.505367 0.401407 0.51457 0.0738387 -0.008367 -0.0545947
0.620133 0.751255 0.639454 0.054909 0.0992746 0.103293 0.626904 0.755583 0.629754 0.0618963 0.119517 0.0985454
0.654619 0.620888 0.558702 0.017417 0.0239815 0.0550805 0.671105 0.585846 0.552943 0.00620819 0.0175899 0.0302132
0.784764 1.06437 0.892998 0.185546 0.221184 0.117038 0.763722 1.08561 0.889461 0.209308 0.235229 0.142376
0.619239 0.638116 0.695929 -0.244606 -0.087788 0.333457 0.598954 0.680992 0.707873 -0.272198 -0.138389 0.363594
0.594839 0.669254 0.592405 0.171544 0.0763356 -0.0384992 0.602815 0.658689 0.584604 0.178589 0.0807065 -0.0372491
0.992467 1.54511 0.812967 -1.64371 -1.14593 1.70797 0.872566 1.57939 0.862022 -1.47709 -1.19832 1.60676
0.643292 0.788333 0.774275 0.166449 0.127934 -0.0256605 0.645049 0.756029 0.767247 0.15345 0.0973583 -0.0280456
0.433545 0.375874 0.419076 -0.0842469 -0.0363092 -0.0154237 0.435401 0.395462 0.409327 -0.0678762 -0.0521488 -0.000413879
1.00199 0.96054 0.859034 -0.0173308 0.0320821 0.0504707 0.985202 0.969576 0.839765 -0.0118192 0.0352573 0.0374609
0.687004 0.346601 0.570033 -0.128546 -0.136047 -0.0952868 0.703887 0.31391 0.565582 -0.130551 -0.136628 -0.104357
0.756653 0.77069 0.58327 -0.144114 -0.0188419 0.170619 0.757174 0.740661 0.577768 -0.14434 -0.00733933 0.189803
0.976731 0.68812 1.01001 0.100213 -0.00478508 -0.323515 0.976263 0.651828 1.02422 0.0787404 -0.0378901 -0.337262
0.686843 0.718952 0.666636 -0.0393567 0.0360023 -0.0371485 0.678684 0.727001 0.652793 -0.026707 0.0399586 -0.0417934
0.582425 0.740686 0.587285 0.0313352 0.136672 0.145268 0.608145 0.719254 0.583477 0.0462785 0.13537 0.131904
0.505036 0.591435 0.437294 -0.00524515 0.0395113 0.122951 0.514245 0.604885 0.4652 -0.00289716 0.0360075 0.130579
0.727387 0.855551 0.942127 0.159742 0.182669 -0.116422 0.707282 0.891207 0.960278 0.188069 0.183728 -0.109329
0.664033 0.608145 0.689714 0.0716068 0.0199529 -0.0543642 0.663035 0.576741 0.675865 0.0761538 0.00600125 -0.0660137
0.624138 0.795193 0.643257 -0.00307436 0.0754086 0.205136 0.659928 0.812627 0.629348 0.00142709 0.0727817 0.211821
0.610539 0.590539 0.620561 0.0845519 0.0438006 -0.1313 0.612955 0.614818 0.622681 0.0542182 0.024005 -0.135752
0.742873 0.720428 0.643992 0.0126416 0.0235915 0.0785471 0.730467 0.738214 0.643211 0.0201832 0.033027 0.101527
1.11123 1.0355 0.939291 -0.0126391 0.0325823 0.039942 1.11523 1.01645 0.92959 -0.0191708 0.0395154 0.0297344
0.754408 0.800517 0.777537 0.134671 0.119866 -0.10559 0.762239 0.818932 0.786679 0.130412 0.131213 -0.101365
0.654679 0.617774 0.618773 0.0456013 0.0481799 0.0286047 0.659113 0.625678 0.632202 0.0685004 0.0609572 0.0075432
0.429755 0.416005 0.481488 -0.118075 -0.0655712 0.0408855 0.405474 0.444249 0.533891 -0.100066 -0.045238 0.048365
0.738081 0.681216 0.61474 -0.13061 -0.105795 0.14952 0.760302 0.687844 0.594684 -0.151817 -0.094987 0.183276
0.488824 0.680373 0.465411 0.0472866 0.0961767 0.165116 0.523557 0.696145 0.458785 0.0496655 0.112782 0.168035
0.564159 0.55479 0.527175 0.011047 -0.028746 0.0360238 0.586053 0.54094 0.533283 0.00765677 -0.0386977 0.0128303
0.491783 0.665881 0.52236 0.0702075 0.0952949 0.0948346 0.50038 0.683935 0.526248 0.0985033 0.117128 0.113196
0.452107 0.465533 0.418172 0.0373408 0.0315933 -0.0805081 0.477172 0.452389 0.420886 0.0413745 0.00819089 -0.0772884
0.564976 0.662647 0.632595 0.0853678 0.0929892 -0.114736 0.599175 0.648104 0.617319 0.0705391 0.0593262 -0.108459
0.39689 1.13133 0.52307 -0.0731781 0.289159 0.899778 0.39247 1.1641 0.477919 -0.078494 0.30563 0.965178
0.578699 0.758975 0.550883 -0.0125517 0.0188339 0.0413941 0.577155 0.762366 0.524799 -0.00020694 0.0295924 0.0527696
0.77066 0.834468 0.590055 -0.0835596 0.0012208 0.220931 0.734015 0.82155 0.553977 -0.114438 -0.0130372 0.256398
0.726422 0.631682 0.622716 -0.0496109 -0.0917434 0.121761 0.730671 0.600398 0.596524 -0.0733933 -0.0915377 0.139243
0.704792 0.733159 0.69782 0.172814 0.144494 -0.073204 0.713546 0.731283 0.680723 0.188376 0.143117 -0.0756359
0.541554 0.56711 0.528591 0.0648917 0.0405607 0.0143461 0.525006 0.567428 0.526868 0.0798787 0.0453198 0.013865
0.545757 0.480567 0.553528 0.0615491 0.0419701 -0.0734139 0.570119 0.44761 0.557702 0.0420087 0.0374561 -0.0817412
0.410526 1.48871 0.610636 0.288755 0.614941 0.835708 0.432444 1.58704 0.611008 0.35655 0.692874 0.935582
0.41745 0.368388 0.431551 -0.0182491 0.0505155 -0.00455829 0.423174 0.355382 0.440859 -0.0132637 0.0517915 -0.0101057
0.745145 0.702641 0.778942 0.00462998 0.00702696 -0.122827 0.739603 0.69513 0.774259 0.0112182 -0.0128208 -0.138024
0.712829 0.539925 0.506805 -0.30056 -0.233896 0.254455 0.697956 0.537426 0.498012 -0.350004 -0.267892 0.285957
0.870677 0.842224 0.841783 -0.0397344 -0.0336198 -0.0343541 0.866809 0.794091 0.87302 -0.0118192 -0.0368599 -0.0456743
0.900485 0.871849 0.872622 -0.198723 -0.0880477 0.0935541 0.889826 0.83674 0.860027 -0.223394 -0.112881 0.111302
0.856013 0.899661 0.780104 0.051062 0.109674 0.12905 0.860199 0.902067 0.748617 0.0282459 0.0995619 0.146839
1.60714 1.42656 1.48954 0.00250657 0.0353436 -0.0307616 1.59651 1.43754 1.50509 0.0332262 0.0523175 -0.0385498
0.539883 0.538774 0.516107 0.0710788 0.0763808 0.000340593 0.530938 0.55362 0.511196 0.0592265 0.0892597 0.0111312
0.530601 0.574812 0.599522 0.0660768 0.0552074 -0.0613058 0.527696 0.57343 0.568877 0.0556668 0.0393185 -0.0418018
0.569722 0.680122 0.615764 0.0690753 0.06142 -0.0212867 0.589778 0.713942 0.592468 0.0523557 0.0546321 0.0329034
0.813178 0.560799 0.661109 -0.203739 -0.172462 0.0680007 0.807938 0.588981 0.656666 -0.209986 -0.188376 0.0689081
0.814719 0.944934 0.72441 -0.162671 -0.0675424 0.279592 0.833355 0.917892 0.727383 -0.176487 -0.0757231 0.271241
0.62991 0.658397 0.591534 0.0140882 -0.00200607 0.0150735 0.639857 0.662414 0.578396 0.0144858 0.00682901 0.0211078
0.678646 0.534734 0.649022 -0.172472 -0.165038 0.0534217 0.685177 0.558323 0.655792 -0.17652 -0.164724 0.054839
0.695294 0.548046 0.677178 -0.0296812 0.00157944 -0.00555173 0.68766 0.548597 0.646066 -0.00372491 -0.000620819 0.00434573
0.437637 0.718572 0.64015 0.295294 0.268812 -0.0447923 0.461562 0.719866 0.617931 0.318445 0.293573 -0.0428128
0.434625 0.519654 0.463446 0.0743239 0.0611476 0.046456 0.452389 0.514556 0.489773 0.0646871 0.0657372 0.0321335
0.567372 0.535595 0.566992 -0.0365294 -0.0192757 -0.0386937 0.575499 0.55584 0.579431 -0.0329034 -0.0151066 -0.0395255
0.907354 0.838546 0.806401 0.0370456 0.0384341 0.0100171 0.910688 0.850547 0.793055 0.0336386 0.0544334 0.0289496
0.547302 0.731937 0.546949 0.106638 0.151434 0.122327 0.550246 0.76961 0.556362 0.137612 0.164523 0.121711
0.417058 0.344266 0.505589 0.146435 0.0595502 -0.216452 0.417811 0.333173 0.503484 0.170104 0.072015 -0.211699
0.752114 0.41458 0.678771 -0.117827 -0.173518 -0.176777 0.752846 0.414086 0.676693 -0.0997449 -0.1968 -0.198041
0.617209 0.393781 0.503703 -0.166089 -0.150092 0.0366233 0.63952 0.416475 0.485573 -0.164028 -0.161508 0.0522957
-0.265804 0.752954 0.499281 1.14189 0.536152 -0.763392 -0.326179 0.669291 0.430108 1.15041 0.555203 -0.78211
0.760499 0.551195 0.619125 -0.175234 -0.139539 -0.0532947 0.773076 0.56574 0.621397 -0.169416 -0.140467 -0.0479095
0.998945 1.1157 0.889104 0.0235014 0.0865405 0.161949 1.02671 1.14556 0.86649 0.0120996 0.0692801 0.218184
0.745171 0.492704 0.656505 -0.152943 -0.111097 -0.0879796 0.748501 0.467891 0.644617 -0.149617 -0.114024 -0.0910534
0.437777 0.543059 0.447863 -0.0416163 -0.0450771 0.0418911 0.437057 0.548804 0.457544 -0.0393185 -0.0567015 0.0571153
0.659199 0.564303 0.554981 -0.411084 -0.294603 0.248507 0.676633 0.564381 0.574378 -0.472539 -0.348834 0.264905
1.2239 1.11082 0.924038 -0.363146 -0.253288 0.312423 1.21542 1.08736 0.926216 -0.402366 -0.294424 0.306224
-0.476989 -0.486037 -0.508428 -1.36916 -0.652263 0.891418 -0.490348 -0.444084 -0.489901 -1.33583 -0.657745 0.861349
0.538721 0.462075 0.446126 -0.0864382 -0.0373122 0.140555 0.558031 0.46121 0.441048 -0.0924101 -0.0411645 0.130424
0.534169 0.503299 0.481617 0.0806757 0.0323275 -0.0210874 0.55131 0.532828 0.513086 0.0745581 0.0285631 -0.00903099
0.779187 0.854651 0.915861 0.1163 0.132424 -0.15511 0.76244 0.838563 0.910881 0.142231 0.149243 -0.164668
0.56093 0.540215 0.487857 -0.0328924 -0.0471942 0.0447152 0.577844 0.538254 0.490662 -0.0368523 -0.0423275 0.0568578
0.588472 0.797692 0.609389 0.102284 0.163912 0.128619 0.599918 0.841003 0.612334 0.116921 0.182935 0.14134
0.581155 0.43972 0.510261 -0.0197398 0.0105232 -0.0854903 0.620828 0.413955 0.533458 -0.0140715 0.0027303 -0.103331
0.774757 0.823687 0.722378 -0.00602901 0.00920037 0.0626554 0.756104 0.823036 0.711074 0.00982485 0.0124858 0.0513758
0.680428 0.654005 0.644396 -0.0421417 -0.0522447 -0.0112651 0.689109 0.647928 0.652894 -0.0573223 -0.0666346 0.00765677
0.621417 0.930986 0.52479 -0.247654 0.0176286 0.617222 0.631987 0.951437 0.518929 -0.272885 0.0229777 0.667979
1.15847 1.26996 1.1658 -0.0718061 -0.0259765 0.203632 1.15215 1.33071 1.1613 -0.0806086 -0.0129583 0.222198
1.07998 0.800752 0.788269 -0.3503 -0.258795 0.0928511 1.11481 0.817129 0.759835 -0.398448 -0.291274 0.122199
1.07556 0.477177 1.08435 -0.16038 -0.316428 -0.491021 1.13379 0.457173 1.10974 -0.167564 -0.34765 -0.552782
-1.67171 0.493942 -0.53846 0.856251 0.950325 0.507983 -1.64307 0.436111 -0.545953 0.797765 0.918677 0.469107
0.62243 0.419745 0.641684 -0.0772148 -0.0111931 -0.0336878 0.667587 0.406636 0.64441 -0.0765677 -0.020694 -0.041181
0.801863 0.790032 0.746695 -0.0394248 -0.00685839 0.0429722 0.802841 0.779804 0.740457 -0.0397547 -0.0197754 0.0328231
0.747654 0.578472 0.761868 0.0947495 0.017626 -0.205375 0.742086 0.554184 0.773126 0.0765677 0.0130372 -0.218114
0.827367 0.766452 0.83547 0.117884 0.115845 -0.105517 0.817903 0.764983 0.822806 0.11299 0.123002 -0.12198
0.198445 1.21172 0.513926 0.474067 0.706818 0.369071 0.177613 1.2758 0.476547 0.512517 0.754143 0.423304
0.608979 0.817521 0.646577 0.102406 0.135349 0.0765352 0.599711 0.845762 0.65993 0.104711 0.134925 0.09602
0.684493 0.738294 0.574586 -0.0833352 -0.0278068 0.161968 0.68973 0.73567 0.561634 -0.0747052 -0.0161413 0.164931
0.736069 0.655363 0.535247 -0.195469 -0.147544 0.152188 0.729048 0.652274 0.543217 -0.2177 -0.160792 0.146306
0.730942 0.754353 0.689999 0.0867748 0.0676068 -0.038195 0.73169 0.767979 0.674811 0.0939842 0.0636075 -0.0468902
0.924861 0.637596 0.988027 -0.0371175 -0.105202 -0.126809 0.91713 0.584892 1.04708 -0.0237745 -0.120686 -0.149699
1.10809 0.775222 0.90069 -0.424013 -0.346471 0.0414232 1.17132 0.739455 0.890619 -0.482321 -0.396999 0.0307782
0.829556 0.951129 0.878724 0.176971 0.127738 0.00204872 0.828936 0.959006 0.877254 0.18858 0.153922 -0.0112129
0.537294 1.30016 0.599611 -1.27243 -0.831317 1.70536 0.451316 1.30273 0.599072 -1.17499 -0.844941 1.64298
0.661904 0.533329 0.592604 -0.0105826 -0.0412355 -0.0228147 0.671443 0.530518 0.576093 -0.0155417 -0.0468351 -0.000420046
0.676231 0.639081 0.672911 0.0740507 0.00528442 -0.104302 0.657033 0.660137 0.699663 0.0705664 0.0088984 -0.113403
0.918868 0.685585 0.867721 -0.0316282 -0.0469751 -0.0825509 0.928126 0.656275 0.872239 -0.00279436 -0.0433126 -0.0898187
0.172851 0.400282 0.292992 0.0579635 0.0853849 0.0242456 0.156091 0.429037 0.298535 0.0697291 0.102568 0.062479
0.63218 0.677627 0.662333 0.197594 0.0761084 -0.0803497 0.653101 0.66945 0.698421 0.218735 0.0840175 -0.128716
0.773425 0.67661 0.746146 -0.116892 -0.0754765 0.100677 0.779804 0.681742 0.727409 -0.133739 -0.112129 0.12008
0.67374 0.779275 0.629847 0.0862082 0.171339 0.146789 0.65931 0.807892 0.623509 0.0908465 0.190798 0.171553
0.802967 0.806222 0.791322 0.00574855 -0.0133135 0.00940147 0.802705 0.824741 0.80591 0.0106173 -0.0210342 0.00260423
0.611168 0.485177 0.605607 0.0668868 0.0335605 -0.155828 0.620408 0.477382 0.604656 0.0609066 0.0384342 -0.156887
0.772255 0.689824 0.763334 0.128116 0.0651098 -0.146668 0.800029 0.67959 0.770022 0.149203 0.0676693 -0.188315
0.529497 0.702533 0.590001 0.111187 0.151099 0.0968486 0.515534 0.739661 0.599269 0.119979 0.141433 0.0953998
0.755241 0.779744 0.772002 0.21358 0.116671 -0.205166 0.786124 0.786735 0.780008 0.23017 0.11641 -0.234655
0.835431 0.742015 0.903137 0.235121 0.121654 -0.261817 0.810178 0.734372 0.923064 0.24122 0.136575 -0.267588
0.782619 0.906619 0.747595 0.0176076 0.0990665 0.145901 0.775217 0.917592 0.720019 0.0293303 0.117118 0.131987
0.841349 0.893684 0.847565 0.0465087 0.00603108 0.00641349 0.827345 0.916891 0.850383 0.070715 0.0494805 0.00440717
0.88249 0.654616 0.896154 0.0870481 0.0265547 -0.217745 0.892544 0.627717 0.886836 0.0915377 -0.00224257 -0.248926
0.453822 0.570915 0.54808 0.148737 0.168939 -0.0605412 0.453439 0.587644 0.569372 0.154997 0.175789 -0.0531358
0.877923 0.985449 0.775954 -0.0475807 0.0235217 0.127881 0.901065 0.991813 0.772456 -0.0919495 0.00340554 0.154251
0.749979 0.432919 0.670846 -0.0526149 -0.137896 -0.208956 0.782335 0.420046 0.700846 -0.0497754 -0.139665 -0.244467
0.778201 0.710117 0.622335 -0.0913458 -0.0845159 0.0846804 0.782025 0.694282 0.60116 -0.126026 -0.0962269 0.0825689
0.52436 0.393646 0.538212 0.0287662 -0.0321137 -0.139308 0.556561 0.394423 0.573783 0.0329736 -0.0247827 -0.18104
0.529295 0.591041 0.514266 -0.0203041 0.0537442 0.0586314 0.534928 0.584284 0.494184 -0.0285631 0.0426346 0.0485153
0.653357 0.402223 0.628451 0.0457891 -0.0357238 -0.259012 0.670898 0.396082 0.638616 0.0490447 -0.05815 -0.293647
0.528391 0.794346 0.461734 -0.15725 -0.0322121 0.335017 0.510409 0.881824 0.426386 -0.15446 0.0108687 0.367862
0.576217 0.814322 0.666206 0.121751 0.174294 0.0874998 0.545965 0.819151 0.640968 0.123545 0.187357 0.0780823
0.702295 0.613255 0.661592 0.00798471 -0.0295005 -0.00606293 0.659724 0.643582 0.647721 -0.00620819 -0.0269022 0.00620819
0.648321 0.60783 0.603882 -0.00294384 0.0460586 -0.0788684 0.664483 0.561013 0.610265 -0.00434573 0.0463545 -0.0836036
0.425644 0.770178 0.358373 -0.000205326 0.114446 0.356925 0.429749 0.820775 0.313157 -0.00378819 0.119539 0.407231
0.554106 0.685085 0.485558 -0.171732 -0.0366165 0.19074 0.588573 0.704576 0.481949 -0.124972 0.00285418 0.166154
0.838119 0.742681 0.722418 -0.0545519 0.019957 -0.00413555 0.806715 0.717012 0.714769 -0.044036 0.025076 0.00795094
0.934865 1.48524 0.769324 -0.284355 0.0866503 0.712177 0.928786 1.56093 0.750042 -0.292852 0.109748 0.800462
0.564926 0.562839 0.568912 0.132634 0.0537738 -0.0439445 0.578403 0.570422 0.594575 0.118033 0.0543959 -0.0375941
0.833667 0.538001 0.836072 -0.111108 -0.164105 -0.111094 0.881331 0.518034 0.832198 -0.124565 -0.187561 -0.130885
0.615896 0.73898 0.601291 0.0587384 0.0511404 0.0410416 0.611167 0.73718 0.575043 0.0810688 0.0749782 0.0218424
0.614474 0.442056 0.538644 -0.0592109 -0.0341119 -0.0456931 0.64141 0.469191 0.571472 -0.0541859 -0.045785 -0.0613267
0.731545 0.562395 0.628125 -0.0513995 -0.0594417 -0.0239057 0.720357 0.536388 0.618336 -0.03787 -0.0643582 -0.0467684
0.621188 0.441107 0.491697 -0.218581 -0.158899 0.0573919 0.616837 0.435167 0.479272 -0.252868 -0.176419 0.0718278
0.538845 0.00879758 0.296105 -0.200424 -0.221868 -0.0914642 0.577745 -0.0330263 0.287157 -0.212955 -0.22861 -0.110659
0.584758 0.710135 0.695147 0.0890176 0.101966 -0.0348118 0.606922 0.704576 0.685616 0.114371 0.119876 -0.0505598
0.59921 0.601725 0.659055 -0.0424673 -0.0606642 -0.00895617 0.610025 0.639828 0.616808 -0.0431622 -0.0655654 0.00657709
0.326139 0.624506 0.427898 0.249245 0.252788 0.0503257 0.333819 0.624171 0.423751 0.258876 0.295705 0.0417541
0.825322 0.637859 0.747744 -0.123766 -0.0839683 0.0701035 0.836657 0.619991 0.723254 -0.15148 -0.123129 0.0689109
0.782364 0.777776 0.72969 0.0669564 0.12158 -0.00728944 0.794027 0.765884 0.738154 0.0635305 0.135132 -0.00351797
0.885075 0.769037 0.898061 0.217387 0.149196 -0.17872 0.88177 0.754709 0.930401 0.219356 0.152101 -0.187901
0.784149 0.911376 0.706773 -0.00762058 0.111964 0.126629 0.78592 0.943919 0.714361 -0.0103974 0.127419 0.162485
1.31778 0.973851 1.04688 -0.483412 -0.360026 0.292916 1.32276 0.964778 1.09792 -0.553659 -0.437978 0.291793
0.638022 0.552664 0.589396 -0.0267009 -0.0118782 -0.0308476 0.617677 0.54774 0.612217 -0.00777085 0.00105011 -0.0390643
0.684234 2.37284 1.01912 -0.374505 0.360489 1.68823 0.709001 2.39829 0.959648 -0.374866 0.346668 1.63842
1.04058 0.326242 0.937768 -0.400093 -0.497103 -0.41539 1.07717 0.299922 0.941078 -0.43034 -0.524306 -0.467603
0.891155 0.880216 0.901163 0.049841 0.00726905 0.0719366 0.892952 0.887447 0.88337 0.0629959 0.0318038 0.0744126
-0.0653375 0.774546 0.0950278 0.11255 0.502786 0.812349 -0.0957074 0.833991 0.0698176 0.137301 0.547506 0.897655
0.633191 0.577037 0.659137 0.0697725 -0.00341168 -0.152423 0.651446 0.556047 0.656412 0.0848453 0.00786371 -0.158723
0.707174 0.784874 0.779001 0.119975 0.107836 -0.0478252 0.725969 0.777969 0.774516 0.122078 0.108672 -0.024375
0.708691 0.67343 0.562783 -0.141539 -0.0574274 0.199851 0.703787 0.700216 0.560131 -0.165918 -0.0571262 0.197842
0.659834 0.700195 0.605407 -0.0292894 0.0315478 0.111244 0.655271 0.721849 0.607176 -0.0317135 0.0231025 0.130844
0.584118 0.576435 1.01051 0.627152 0.138832 -0.792906 0.601414 0.554584 1.0466 0.721577 0.15683 -0.857483
0.529972 0.439983 0.453213 -0.0843178 -0.0892562 0.0219022 0.514369 0.483324 0.439946 -0.079101 -0.0895203 0.0427401
0.588447 0.606133 0.59899 0.148427 0.102089 -0.0649848 0.604866 0.595415 0.614947 0.165078 0.115723 -0.0795987
-0.461463 -0.487126 -0.518351 -1.36334 -0.658801 0.893402 -0.480188 -0.447298 -0.493344 -1.34552 -0.666865 0.871234
0.822754 0.922251 0.695274 0.0313616 0.0904436 0.192245 0.844107 0.924606 0.674002 0.0229703 0.0786371 0.195558
0.773404 0.559224 0.688205 -0.0224959 -0.0354206 -0.102999 0.772464 0.54732 0.677114 -0.0329736 -0.0371741 -0.105642
0.793526 0.741305 0.674942 0.0638002 0.00897846 -0.0536285 0.787586 0.764273 0.662622 0.0621668 0.0306633 -0.0382242
0.610989 0.645958 0.613433 0.00965882 -0.0619188 0.0931015 0.651281 0.660102 0.6412 0.0157517 -0.0506155 0.0690975
0.746728 0.602316 0.655998 -0.143486 -0.0937347 0.0216277 0.756157 0.57074 0.643789 -0.132441 -0.102642 0.0159344
0.525136 0.518085 0.56472 0.0585603 0.0288136 -0.0484926 0.525477 0.540389 0.536609 0.055446 0.0487253 -0.0426346
0.501731 0.519446 0.485342 -0.0434252 -0.0371614 0.0243214 0.54585 0.475702 0.467091 -0.0581763 -0.0478852 0.0193221
0.723821 0.614267 0.582937 -0.183066 -0.0972277 0.193521 0.713868 0.624818 0.560761 -0.204772 -0.111942 0.18629
0.715423 0.697339 0.653121 -0.0294183 0.0171375 0.06668 0.718908 0.702767 0.593503 -0.0382838 0.0148997 0.0887771
0.610562 -0.761104 1.88895 0.401852 -0.445811 -2.34134 0.4851 -0.692799 1.93678 0.366847 -0.426276 -2.22405
0.663139 0.694025 0.782916 0.192206 0.0691263 -0.282664 0.6569 0.67932 0.78082 0.211765 0.0670556 -0.327125
0.475697 0.423189 0.490516 -0.1551 -0.108375 0.0339531 0.475912 0.423616 0.46142 -0.153107 -0.113412 0.0619568
0.693595 1.09246 0.697609 0.193383 0.262595 0.362791 0.715264 1.10576 0.700885 0.214251 0.280601 0.406316
0.63672 0.466572 0.661157 0.0878254 0.0313179 -0.168754 0.631749 0.480742 0.685515 0.112572 0.0598565 -0.175579
0.448009 0.631633 0.476613 0.0966262 0.0932994 -0.00753734 0.466251 0.636159 0.46268 0.0978707 0.108372 -0.00714078
0.956655 0.715371 0.853252 -0.0735647 -0.12542 -0.0220654 0.974704 0.721293 0.831587 -0.0960229 -0.133127 0.017329
0.546228 1.17466 0.463415 -0.151085 0.194254 0.832467 0.562599 1.26688 0.464621 -0.156393 0.230135 0.898585
0.515982 0.4661 0.528691 -0.0547125 -0.0533369 -0.0364929 0.479692 0.477592 0.501325 -0.0705677 -0.0539759 -0.0134415
0.472109 0.605859 0.535654 0.083493 0.0382798 -0.0312867 0.489143 0.580923 0.537449 0.0837991 0.0405344 -0.0464151
0.807166 0.749986 0.795178 -0.0322571 -0.0618145 -0.0293567 0.806444 0.748294 0.796097 -0.0186246 -0.0492516 -0.0198662
0.916755 0.825824 0.630543 -1.80629 -1.28474 0.716139 0.781718 0.836662 0.534567 -1.7005 -1.18398 0.641282
0.750016 0.676948 0.750063 0.12209 0.061817 -0.102936 0.746421 0.690345 0.741381 0.107532 0.0682574 -0.124964
-1.66662 0.510543 -0.541471 0.869331 0.968222 0.519327 -1.6474 0.457905 -0.54715 0.808054 0.93454 0.477957
0.981722 0.848121 0.815494 -0.261892 -0.193078 0.201954 0.946339 0.829349 0.817529 -0.25842 -0.222762 0.20894
0.784141 0.768773 0.678431 0.0144013 0.0267397 0.0735762 0.809008 0.792836 0.681104 0.0172219 0.0287731 0.0726679
-0.663877 -1.09768 0.0618919 0.0979437 -0.348036 -1.63603 -0.702282 -1.11237 0.0724979 0.0921098 -0.328554 -1.54714
0.810737 0.865264 0.729967 -0.0608551 0.00283944 0.0569709 0.792786 0.887771 0.739395 -0.0699456 -0.00331103 0.0540112
0.586595 0.512477 0.578165 0.12148 0.0135105 -0.0668127 0.598985 0.495444 0.580503 0.107112 0.0224725 -0.0636369
0.533326 0.529953 0.619681 0.0596366 0.102392 -0.0858844 0.545219 0.556141 0.611587 0.054606 0.120343 -0.0709877
0.848971 0.222958 0.929385 -0.000852512 -0.21428 -0.693531 0.874441 0.175433 0.938158 -0.00523994 -0.239151 -0.780331
0.715465 0.406365 0.698317 -0.0713466 -0.0239991 -0.22811 0.721219 0.385602 0.692866 -0.0766584 -0.0669973 -0.259168
0.935522 1.03718 0.891191 0.219906 0.171966 -0.0918549 0.939013 1.05337 0.876713 0.238749 0.166612 -0.100828
0.954187 1.11827 0.910033 0.194666 0.167283 0.0271074 0.968775 1.12503 0.886642 0.195518 0.196119 0.0214349
0.739532 0.634714 0.830817 0.112622 0.0713007 -0.179133 0.756663 0.653979 0.847563 0.137403 0.0791171 -0.215889
0.492884 0.461542 0.502975 -0.0862701 -0.0376405 0.0542162 0.507205 0.441468 0.487043 -0.109002 -0.0474652 0.0520857
1.28907 1.01022 1.15571 -0.061864 -0.0330992 -0.0763205 1.30806 0.990352 1.13453 -0.0527873 -0.0283633 -0.0581054
0.576243 0.732898 0.698768 0.17535 0.128515 -0.135362 0.557827 0.762714 0.717618 0.16844 0.143524 -0.14373
0.681208 0.797927 0.625772 0.0648573 0.0507582 0.0326004 0.667873 0.815309 0.610537 0.0678374 0.064057 0.0558661
0.946937 0.844727 0.79868 -0.0727951 -0.0741173 0.0619714 0.962966 0.844173 0.808314 -0.0881433 -0.0715163 0.0751221
0.636288 0.523263 0.718791 0.101005 0.0397969 -0.21793 0.668713 0.537029 0.725419 0.0890497 0.0281431 -0.198052
0.647343 0.628486 0.696555 -0.0446612 -0.0762185 -0.0409812 0.631787 0.621854 0.712907 -0.0484239 -0.0637374 -0.0432504
1.00669 1.02722 0.886177 -0.0574485 0.0121413 0.0880594 0.994887 1.03892 0.893359 -0.0452592 0.0165135 0.0709468
0.752581 0.753952 0.913558 -0.00771574 -0.0245133 -0.122207 0.732106 0.785746 0.926989 -0.0211244 -0.0180179 -0.0989949
0.79225 1.10947 0.748338 0.0866433 0.161229 0.263703 0.800191 1.10987 0.725778 0.0823636 0.163504 0.27074
0.919764 0.839244 0.936083 0.182501 0.106331 -0.107977 0.861148 0.828936 0.899476 0.213452 0.125992 -0.121507
0.809862 0.616844 0.671639 -0.118698 -0.0914628 0.0543325 0.833791 0.608436 0.664933 -0.125174 -0.0909399 0.073508
1.09116 1.2865 0.826581 -0.463984 -0.133793 0.586604 1.11605 1.28274 0.835611 -0.494754 -0.162753 0.627987
0.5286 0.0865914 1.1422 0.279476 -0.129942 -1.27481 0.558972 0.0387246 1.21688 0.29013 -0.145369 -1.36529
0.867871 0.737871 0.929064 0.0908908 0.019756 -0.163187 0.86894 0.696973 0.954612 0.113403 -0.0132441 -0.209837
0.803587 0.748418 0.636 -0.206136 -0.147444 0.293731 0.829519 0.770822 0.642107 -0.234999 -0.159112 0.306484
0.851683 0.72117 0.691472 -0.115996 -0.0939022 0.00954059 0.85197 0.699249 0.700077 -0.116714 -0.0842244 0.013865
0.913895 1.12753 0.820305 -0.0949349 0.0943878 0.249182 0.899883 1.15146 0.827305 -0.0931687 0.130681 0.279506
0.96268 0.62421 0.997976 0.0908389 -0.0609451 -0.255066 0.97965 0.613257 0.990946 0.109055 -0.0811241 -0.270687
0.79345 0.744134 0.828498 0.178793 0.0605336 -0.180656 0.782125 0.746841 0.818039 0.203722 0.107112 -0.190911
0.763718 0.665846 0.697458 -0.111411 -0.0918339 0.077368 0.761963 0.684675 0.723109 -0.112152 -0.0873695 0.0753982
0.735857 0.678423 0.697893 0.00458325 -0.0171744 -0.0628529 0.747051 0.681734 0.682574 0.0157517 -0.00189021 -0.0611167
0.78653 1.1104 0.77769 0.0398517 0.128334 0.188979 0.777756 1.13733 0.777135 0.0381111 0.14126 0.207747
0.889842 0.70334 0.976766 0.099195 0.119487 -0.259957 0.895381 0.677862 0.991286 0.112841 0.10019 -0.309139
0.877977 0.693285 0.748099 -0.137711 -0.158359 0.09622 0.876182 0.692213 0.728014 -0.146927 -0.178589 0.105539
0.623157 0.72702 0.538912 -0.15298 -0.0645634 0.242255 0.615787 0.73739 0.533248 -0.166128 -0.0749782 0.261058
0.836143 0.518749 0.85268 -0.0188641 -0.0161848 -0.213826 0.814307 0.493137 0.827138 -0.0322826 -0.0523557 -0.225978
0.806819 0.701591 0.822843 0.0237194 0.000111421 -0.0462441 0.798717 0.717018 0.837151 0.0233125 0.00231025 -0.0357039
0.831996 0.667163 0.870238 0.0419565 -0.060845 -0.0313098 0.858121 0.63663 0.865657 0.0404043 -0.0732721 -0.0420791
0.543693 0.938162 0.499837 -0.89387 -0.537346 1.27044 0.529324 0.941242 0.416295 -0.882339 -0.54206 1.27257
0.839157 0.901647 0.723885 0.0104133 0.0457348 0.17294 0.833371 0.929561 0.721429 -0.0153317 0.0590164 0.230185
0.758657 0.725872 0.530679 -0.766656 -0.412553 0.733913 0.743672 0.706242 0.524437 -0.789534 -0.440733 0.775138
0.62537 0.664981 0.639714 0.227015 0.141527 -0.0843906 0.615577 0.649811 0.615577 0.243627 0.141135 -0.0802288
0.623662 0.838151 0.639395 0.0814649 0.0932021 0.0687947 0.615526 0.838932 0.6491 0.0910092 0.114659 0.101145
1.0011 -0.162381 1.38701 -0.303129 -0.584645 -1.25347 1.01814 -0.164125 1.44049 -0.293643 -0.586477 -1.32271
0.641536 0.546528 0.614322 -0.0255813 -0.0558739 -0.0826779 0.649181 0.5469 0.607596 -0.0149116 -0.0493554 -0.0869495
0.974973 1.13856 0.995103 0.200389 0.240639 0.0082183 0.975115 1.17751 1.00145 0.212933 0.250009 0.00931961
0.691305 2.41896 1.03186 -0.390904 0.36602 1.72928 0.724172 2.44316 0.979066 -0.384124 0.360679 1.68336
1.84235 0.499172 1.78932 -1.25408 -1.18481 -0.744086 1.83491 0.511665 1.80208 -1.20939 -1.20845 -0.723421
0.570762 0.642839 0.633062 0.108075 0.12296 -0.018134 0.576723 0.672913 0.633219 0.140925 0.153527 -0.0195321
0.641577 0.883514 0.657493 0.0497058 0.127681 0.175627 0.63742 0.894278 0.658422 0.0583864 0.136095 0.193431
-0.130861 0.518472 -0.18293 -0.801823 -0.331528 1.46598 -0.30122 0.4958 -0.166528 -0.744034 -0.298771 1.44131
1.2413 0.711207 1.08747 -0.208671 -0.276117 -0.210637 1.24071 0.686256 1.08667 -0.193498 -0.273421 -0.229353
0.790311 0.850011 0.660577 -0.110965 -0.0155905 0.258647 0.771624 0.874535 0.666193 -0.123493 -0.0407444 0.260638
0.715497 0.780278 0.686224 0.0201652 0.0182223 0.0235121 0.718068 0.764483 0.675224 0.0203722 0.0134415 0.0205822
0.947453 0.951723 0.845816 -0.0814874 -0.100028 0.132404 0.938264 0.928538 0.845762 -0.0904326 -0.139063 0.147755
0.383321 -0.525416 1.68725 0.396232 -0.364643 -2.17723 0.256527 -0.520715 1.65573 0.354459 -0.303319 -2.03566
0.695064 0.587435 0.708288 -0.0254698 -0.101824 -0.110272 0.656474 0.576293 0.709364 -0.0338498 -0.124821 -0.140053
0.708641 0.574346 0.653388 -0.155593 -0.133342 0.108702 0.712188 0.541019 0.665143 -0.133995 -0.134205 0.09199
0.753076 0.715041 0.7628 0.0564891 0.056391 -0.0857194 0.768006 0.716291 0.768006 0.0715248 0.0719419 -0.100302
0.735685 0.643529 0.61083 -0.206159 -0.145481 0.0817228 0.72962 0.629229 0.590794 -0.198052 -0.148066 0.0682574
0.910607 0.927408 0.880618 0.0358465 0.0672001 0.046375 0.935862 0.92095 0.878106 0.00798087 0.0296132 0.055026
0.805162 0.826356 0.757239 -0.00363315 0.00432201 0.110625 0.797667 0.820769 0.748102 -0.00147016 -0.00441048 0.126644
0.953144 0.879341 0.938021 0.0239922 0.0483719 -0.0474187 0.900187 0.876389 0.914466 0.013865 0.0544251 -0.0221425
0.734103 0.820072 0.651176 -0.0890041 -0.048045 0.10543 0.73424 0.861094 0.694966 -0.0951404 -0.0581763 0.109212
1.64531 1.24082 1.33436 -1.16253 -0.909587 0.796314 1.65302 1.22976 1.28504 -1.18918 -0.953913 0.821203
0.722778 0.726139 0.743466 0.0488658 0.0350826 -0.0241174 0.693248 0.706078 0.737947 0.0362144 0.034145 0.00517349
0.823449 0.301835 0.97358 0.145127 -0.0806715 -0.628905 0.860692 0.267097 0.995293 0.168515 -0.0968963 -0.711766
0.900614 0.788517 0.876962 0.0417364 0.0147262 0.0323737 0.936618 0.768603 0.884618 0.0580077 0.0294182 0.0383265
0.585916 0.668989 0.611094 -0.00515534 -0.0174958 0.0504382 0.578193 0.64267 0.599405 -0.0216324 -0.0203722 0.045575
0.94324 0.849508 0.74352 -0.231779 -0.132923 0.315889 0.947203 0.845342 0.744321 -0.260848 -0.152057 0.305163
0.642336 0.898471 0.454778 -0.307174 -0.10281 0.654407 0.674008 0.91887 0.453802 -0.351351 -0.11733 0.713118
0.867792 0.743705 0.761244 -0.180376 -0.144832 0.0779945 0.860662 0.733187 0.728014 -0.190384 -0.160792 0.0811203
0.824341 0.953065 0.838042 0.0898223 0.113265 0.0759944 0.80134 0.93742 0.859838 0.0622319 0.0771676 0.084428
1.05773 0.642697 1.04152 0.0877764 -0.125795 -0.348287 1.05456 0.599711 1.04277 0.0865008 -0.147962 -0.37125
0.42018 0.731122 0.49474 0.278465 0.142833 0.188077 0.398868 0.722106 0.497783 0.354003 0.16429 0.192063
0.173452 -0.402125 -0.0139306 -0.814686 -0.546614 -0.051075 0.24281 -0.407337 -0.0104679 -0.89728 -0.60782 -0.030721
1.00132 0.785487 0.774645 -0.241544 -0.15311 0.169724 0.985427 0.777505 0.73571 -0.246987 -0.140295 0.17936
0.886334 1.13659 0.910229 -0.047553 0.0974961 0.281179 0.891901 1.14563 0.9141 -0.06307 0.102489 0.310371
1.03314 -0.124118 0.921596 -0.80114 -0.772396 -0.581908 1.07812 -0.17366 0.950714 -0.848957 -0.831296 -0.60802
0.914014 1.2262 0.786363 -0.00203458 0.0321267 0.266596 0.904078 1.27208 0.78932 -0.015612 0.0383204 0.305144
0.94639 0.766395 0.884554 -0.057239 -0.0951619 -0.0171691 0.967156 0.748732 0.898058 -0.0577563 -0.109632 -0.0350738
1.23867 1.29973 0.929141 -0.870407 -0.576015 0.92207 1.21833 1.28852 0.867582 -0.922152 -0.63823 0.94568
0.995759 0.594011 0.911691 -0.298351 -0.27619 -0.137731 1.01572 0.527714 0.923761 -0.297819 -0.300536 -0.154448
0.721053 0.840956 0.620274 -0.210249 -0.00541473 0.252544 0.740121 0.831271 0.603186 -0.210233 -0.0214223 0.254548
0.707018 2.50821 1.03569 -0.401133 0.382111 1.79704 0.741389 2.52482 1.00069 -0.397069 0.375815 1.7672
0.999016 0.984617 0.939733 -0.0509456 0.0290752 0.0137435 0.985848 0.991518 0.92074 -0.0487253 0.0300333 -0.00189021
1.85192 0.487585 2.2865 -0.266349 -0.664766 -1.45935 1.83899 0.38166 2.35779 -0.228626 -0.654459 -1.51777
1.19778 1.29377 0.875961 -1.22929 -0.853859 0.764073 1.14309 1.30751 0.79849 -1.23075 -0.870372 0.74979
0.528974 0.533648 1.21985 0.941786 0.201947 -1.21568 0.479436 0.495451 1.1618 0.927451 0.220156 -1.22586
0.942378 3.0629 1.25495 -0.472046 0.364863 1.71688 0.987511 3.03695 1.30987 -0.45699 0.365166 1.70825
0.912301 1.64819 0.601399 -0.763207 -0.256883 1.45287 0.934273 1.68005 0.636922 -0.797603 -0.284344 1.52577
1.08469 2.2546 1.20586 -0.134325 0.45258 1.30287 1.09595 2.31518 1.18661 -0.137325 0.46205 1.34233
-0.312346 1.72746 0.291164 0.625992 1.16904 0.974019 -0.329295 1.7496 0.31022 0.632598 1.22998 0.964408
-0.148197 1.52505 0.466138 1.09549 1.11525 -0.0678911 -0.166669 1.51301 0.445728 1.11666 1.15136 -0.0781195
0.927778 -0.205728 1.01164 -0.648334 -0.67407 -0.898482 0.937422 -0.261766 1.02968 -0.696469 -0.734875 -0.929269
0.956062 3.11232 1.28959 -0.478813 0.380225 1.77854 0.989629 3.08319 1.31542 -0.464435 0.367618 1.73893
0.736051 1.89677 0.907616 -1.26854 -0.7949 1.87181 0.570263 1.79855 0.985638 -1.11828 -0.773843 1.84404
1.56138 2.84271 1.50661 -0.153628 0.425858 1.32111 1.54731 2.89453 1.47388 -0.166498 0.484991 1.41477
1.26282 1.65139 1.04309 -1.17018 -0.901389 1.34008 1.21612 1.67356 1.03933 -1.1454 -0.9015 1.32059
0.287709 0.310388 1.23105 0.863617 0.117824 -1.4071 0.27087 0.291837 1.21506 0.852405 0.102485 -1.34001
0.797412 -0.0956699 2.07991 0.523401 -0.254688 -2.10704 0.74417 -0.165767 2.1427 0.52262 -0.244892 -2.08969
0.18923 2.54606 0.907863 1.00298 1.36772 0.425684 0.191004 2.47652 0.894256 0.97046 1.36692 0.388144
2.09539 0.601763 1.68562 -1.18041 -1.10108 -0.480693 2.12053 0.597166 1.68608 -1.22109 -1.10269 -0.501731
1.21866 2.25456 1.28811 -0.848307 -0.382712 1.7562 1.18429 2.21773 1.26096 -0.757305 -0.319947 1.65104
0.985438 3.21398 1.32985 -0.498284 0.401385 1.8844 0.991758 3.18741 1.33333 -0.488336 0.387019 1.8131
0.985945 2.09492 2.44893 1.41843 1.00844 -1.33889 0.992689 2.0934 2.43702 1.37468 0.994924 -1.30689
1.83957 0.256608 2.76094 0.150176 -0.507204 -2.09045 1.77894 0.217452 2.83444 0.138224 -0.520372 -2.0709
0.997428 2.11187 2.47964 1.44565 1.03345 -1.3596 0.997273 2.11741 2.46577 1.40631 1.02185 -1.33052
0.607485 2.38469 1.30841 1.2934 1.34309 -0.0991435 0.625933 2.39263 1.2573 1.24683 1.31989 -0.134244
1.44557 -0.16752 2.04708 -0.372639 -0.724375 -1.64381 1.36285 -0.142431 1.99107 -0.391687 -0.714701 -1.56463
0.953275 1.90418 0.836011 -1.13752 -0.630726 1.46584 0.932314 1.90164 0.859756 -1.15482 -0.670265 1.49048
0.326318 3.33429 1.29074 0.919287 1.85348 1.11646 0.334526 3.24585 1.30037 0.84453 1.8266 1.04618
0.313494 3.14748 1.28129 0.0550193 1.46459 1.38195 0.395067 3.00661 1.32104 0.0188893 1.42413 1.30175
1.25137 2.66225 1.2578 -1.45392 -0.932308 2.01393 1.20146 2.60893 1.32427 -1.32527 -0.915008 1.92649
1.41991 0.00361908 3.1953 0.388714 -0.55002 -2.51426 1.25013 -0.0299505 3.16306 0.370073 -0.492337 -2.36794
0.604187 2.96695 1.19386 -0.423552 0.495769 1.75637 0.646139 2.8912 1.27859 -0.382461 0.455752 1.59134
1.35752 4.06129 1.85027 0.0108383 1.09284 1.89176 1.40174 4.07314 1.86662 -0.0507557 1.00838 1.85739
1.09455 -0.213976 5.59496 0.29544 -0.660017 -3.1531 1.28022 -0.240309 5.50884 0.356269 -0.644677 -3.12887
1.56651 -0.226192 7.17272 0.395995 -0.82936 -3.63567 1.76457 -0.0683877 7.06974 0.417902 -0.816558 -3.65363
0.0364474 0.100405 0.0340174 -0.0151454 0.00388073 0.0227253 0.0373509 0.100501 0.0290721 -0.0150174 0.00346555 0.0204082
-0.0789541 -0.00233658 0.0252647 0.000778106 0.00617943 -0.016542 -0.0955417 -0.000387593 0.0300385 -0.00290695 0.00542631 -0.0176355
0.11565 0.141434 0.0638639 -0.0274004 -0.00629531 0.0270155 0.123647 0.140708 0.0559766 -0.0251128 -0.00651782 0.0256879
-0.00446835 0.108688 0.095124 0.00941557 0.0193378 0.0017618 -0.0217251 0.113432 0.101704 0.00519095 0.0178799 -0.000384515
0.021067 0.108187 0.12567 0.00706746 0.0121372 -0.0115455 0.0044144 0.112663 0.132816 0.00287896 0.01094 -0.0128593
-0.0571305 0.0487095 0.0884454 0.0136384 0.0159841 -0.0205685 -0.0796751 0.0534382 0.0980023 0.00790963 0.0142759 -0.0221856
0.128739 0.0877593 0.193551 -0.0167716 -0.0250528 -0.051173 0.126504 0.0865651 0.198354 -0.0175806 -0.0238866 -0.0502574
-0.148153 0.0468126 -0.13993 0.00253899 0.0395887 0.0707658 -0.156774 0.0526481 -0.150924 0.000194993 0.0386086 0.0657126
-0.0222488 0.0227889 0.0240775 -0.00968252 -0.00118295 -0.00574437 -0.0344296 0.0307545 0.0299808 -0.0139266 -0.0015474 -0.00754356
-0.0779204 -0.0573966 -0.0520489 0.136713 0.0536597 -0.16931 -0.0730712 -0.059821 -0.0678101 0.137764 0.051637 -0.170889
-0.313111 -0.217659 -0.243811 -0.012838 0.00457371 0.00197848 -0.321099 -0.219752 -0.24732 -0.0140816 0.00416497 0.000793327
0.242931 0.179413 -0.0283324 -0.0688629 -0.0309701 0.0757754 0.254008 0.177384 -0.0551691 -0.0658965 -0.032182 0.0796887
-0.0177382 -0.426527 -0.0637769 -0.0861011 -0.127147 -0.160533 -0.000394006 -0.447985 -0.0681631 -0.0823473 -0.121945 -0.157012
0.0865724 -0.329392 -0.188742 -0.125924 -0.130743 -0.0738684 0.109966 -0.348389 -0.209505 -0.115474 -0.129244 -0.0676712
0.227539 0.0644943 0.101464 -0.354961 -0.166491 0.170886 0.227141 0.0547743 0.102654 -0.362928 -0.16145 0.177729
-0.0252558 -0.393141 -0.296811 -0.119505 -0.117539 -0.055696 -0.00277871 -0.410256 -0.318559 -0.109759 -0.11611 -0.0506121
-0.473771 0.046318 -0.179082 0.0826995 0.122962 0.0897715 -0.496224 0.0692589 -0.171573 0.0682751 0.119629 0.0832288
-0.39341 0.0698136 -0.398259 0.0405504 0.114805 0.176406 -0.40658 0.109266 -0.427365 0.0289001 0.112631 0.167066
-0.58715 -0.482056 -0.223589 0.012192 -0.00300569 -0.0998868 -0.59837 -0.474229 -0.190134 0.00744442 -0.00563361 -0.104825
0.631166 0.660783 0.52765 -0.00794969 0.0117072 0.061303 0.631794 0.6667 0.526709 -0.00918572 0.0113903 0.0598909
-0.125363 -0.378656 -0.032929 0.0544467 -0.124772 -0.60613 -0.104565 -0.362427 -0.037683 0.0554393 -0.129424 -0.628773
0.0988971 0.376905 0.328575 0.496297 0.195446 -0.369863 0.0860584 0.384799 0.341959 0.496447 0.201877 -0.378164
0.24315 -0.0990795 0.488183 0.189615 -0.0525934 -0.740182 0.250317 -0.10668 0.515493 0.188976 -0.059436 -0.770192
-0.0188321 0.0276812 -0.0248 0.00422888 0.0129828 0.022212 -0.0229125 0.0240976 -0.031406 0.00434548 0.0126414 0.0209373
-0.039097 0.0431837 -0.0537981 0.00768 0.0233898 0.0404358 -0.0435 0.041325 -0.0624818 0.00731591 0.0229364 0.0389523
-0.0109097 0.0939248 0.0583906 0.0265558 0.0319841 0.0170395 -0.0223977 0.0941095 0.0603165 0.0243624 0.0308459 0.0145388
0.122999 -0.026778 0.0432293 -0.0328947 -0.044202 -0.0301634 0.12845 -0.0379646 0.0348172 -0.0297029 -0.0434724 -0.0293094
0.057122 -0.050408 -0.0649923 -0.0357234 -0.0331341 0.0042364 0.0633381 -0.0603691 -0.0789747 -0.0324608 -0.0326587 0.00494829
0.00536886 -0.122603 -0.0896595 -0.0353402 -0.0394622 -0.0154992 0.01034 -0.134419 -0.102207 -0.0320141 -0.0387748 -0.0147146
0.0694201 0.17212 0.0618689 0.0498712 -0.00414065 0.00248943 0.062387 0.17484 0.0545642 0.0483059 -0.00919181 0.00136899
-0.0194859 0.159324 0.108682 0.0485338 0.0554891 0.0248992 -0.038757 0.165402 0.118229 0.0436506 0.0534377 0.0207487
0.00351899 0.00575911 0.0047867 -0.00053745 0.000108212 0.000867132 -0.0035522 0.00927518 0.00670971 -0.00276282 -0.000197344 -0.00118407
-0.20365 -0.0758895 -0.192 0.0115812 0.0321487 0.0455905 -0.207536 -0.0773254 -0.201126 0.0110179 0.031451 0.0438711
0.2325 0.130587 0.235313 -0.00733287 -0.0265132 -0.0434147 0.231524 0.123324 0.237147 -0.006205 -0.0263713 -0.0449863
-0.102519 0.222762 -0.124917 0.0463387 0.0994414 0.144691 -0.112922 0.241243 -0.142929 0.0400755 0.0987082 0.140363
-0.0485316 -0.0525081 -0.236161 -0.605868 -0.322738 0.633411 -0.0141734 -0.0594495 -0.235436 -0.630322 -0.332878 0.654535
-0.0205969 -0.253205 0.25683 0.334875 -0.0329435 -0.841317 0.000973937 -0.260625 0.262768 0.337177 -0.040321 -0.87479
-0.0607168 0.364012 0.0490311 0.0883747 0.134928 0.13794 -0.0854679 0.388313 0.0491733 0.078248 0.134446 0.130934
-0.238172 0.232869 -0.0034964 0.104557 0.139662 0.103546 -0.264087 0.255612 0.0112335 0.0922332 0.137167 0.0953865
-0.0217521 0.235891 -0.23644 0.00950353 0.0804526 0.193099 -0.0225359 0.256198 -0.269443 0.00494209 0.0792711 0.185032
0.14791 -0.308875 -0.0844052 -0.234608 -0.150632 -0.114784 0.157094 -0.331931 -0.0942963 -0.23285 -0.144734 -0.111441
0.146863 -0.261401 0.080357 -0.175112 -0.265011 -0.330112 0.148483 -0.261331 0.071866 -0.174023 -0.271032 -0.335573
-0.595368 -0.185097 -0.450944 0.0527536 0.0983547 0.0971391 -0.587798 -0.167298 -0.450843 0.0473601 0.0953352 0.0941051
0.332439 -0.161187 0.177971 -0.272296 -0.274507 -0.364059 0.3329 -0.158617 0.163904 -0.268866 -0.27709 -0.372261
-0.302626 0.340487 -0.122302 0.391076 0.386671 0.189119 -0.298951 0.344409 -0.125258 0.403366 0.390661 0.196125
0.0910425 -0.023843 -0.134708 -0.436069 -0.169368 0.466943 0.11339 -0.0444821 -0.14139 -0.44919 -0.165418 0.479771
-0.482564 0.149304 -0.211498 0.380988 0.331184 0.227089 -0.476859 0.156001 -0.202499 0.396544 0.326092 0.23692
0.522291 -0.0456936 0.312111 -0.421317 -0.330001 -0.24887 0.519466 -0.0444814 0.319493 -0.423734 -0.335931 -0.252964
0.0401164 0.287364 0.300979 0.525797 0.230446 -0.442806 0.0373442 0.283582 0.301088 0.529043 0.234374 -0.450075
0.823019 0.711157 0.80216 0.00665967 -0.0186423 -0.03588 0.829718 0.712032 0.807918 0.00775956 -0.0188446 -0.0387978
-0.0761495 -0.0551179 0.00422941 0.0146767 0.00624354 -0.0229221 -0.0870844 -0.0599334 0.0064358 0.0128716 0.00522909 -0.0249387
-0.00625309 -0.0831128 0.0519884 0.000252785 -0.0209846 -0.0548346 -0.0164523 -0.09129 0.0531689 -0.000401275 -0.0214682 -0.0563791
-0.0538605 0.080369 -0.0660647 0.0180173 0.0410867 0.0616868 -0.0632073 0.0820692 -0.0758488 0.0150494 0.039931 0.0599968
-0.101553 -0.170294 -0.0446976 -0.00333528 -0.021133 -0.0507982 -0.108473 -0.178495 -0.0453321 -0.00344038 -0.0212494 -0.0514033
0.00854597 0.00566159 0.00607328 0.000941504 0.00067525 0.000860588 -0.00180293 0.00600977 0.00540879 -0.00180293 -0.000400651 -0.00160261
-0.0786536 -0.183229 -0.109396 -0.0218315 -0.0317994 -0.0309512 -0.0815428 -0.193309 -0.118054 -0.0204871 -0.0314406 -0.0304264
0.129659 0.215514 0.0939558 0.0144479 0.0315881 0.0545864 0.11889 0.216416 0.0846674 0.0114736 0.0306622 0.0532138
-0.181402 -0.219938 -0.166238 -0.00967517 -0.0148398 -0.0224659 -0.18382 -0.227684 -0.172191 -0.0089768 -0.0148933 -0.022238
-0.0589454 0.0578159 -0.0183475 0.146571 0.183583 0.0460711 -0.0628258 0.0461659 -0.0238858 0.145924 0.18928 0.0447609
-0.0998172 0.0288039 -0.247902 -0.00587502 0.0370125 0.110472 -0.102276 0.033012 -0.269969 -0.00789858 0.0358474 0.107947
0.484716 -0.195486 0.150133 -0.581672 -0.300188 -0.000814809 0.510074 -0.239195 0.157638 -0.600627 -0.288286 0.0207315
0.0342804 -0.0277271 0.0754188 0.146816 0.0295566 -0.312029 0.0284132 -0.0256119 0.0626291 0.143467 0.0304141 -0.315947
0.075572 -0.124356 0.290913 0.018922 -0.0516609 -0.173951 0.05327 -0.128206 0.312862 0.0143114 -0.0526737 -0.181675
0.0503972 0.440478 0.0543805 0.0731566 0.131397 0.170397 0.0287803 0.464822 0.0410021 0.0618974 0.1303 0.165586
-0.352507 0.133887 -0.131078 0.0985484 0.140131 0.112434 -0.36994 0.161925 -0.115834 0.0851064 0.136251 0.104715
-0.00119173 -0.391132 -0.219681 -0.0834156 -0.111783 -0.0725096 0.00675489 -0.406112 -0.235603 -0.08024 -0.110125 -0.07021
0.286367 -0.281287 0.0648889 -0.102067 -0.162639 -0.14675 0.298541 -0.299142 0.0513274 -0.0994468 -0.1612 -0.14516
-0.148415 -0.147686 -0.0513275 0.240047 0.108587 -0.374362 -0.147722 -0.146301 -0.0637151 0.23741 0.110994 -0.377218
-0.187679 0.196922 -0.127312 0.117774 0.187021 0.40582 -0.188956 0.187544 -0.136323 0.126643 0.181696 0.407556
0.0492939 -0.386869 0.337313 0.219917 -0.174312 -0.950945 0.08203 -0.387904 0.353146 0.227618 -0.18273 -0.984757
0.043146 -0.231413 0.207013 0.162693 -0.0226113 -0.593223 0.0427665 -0.2311 0.210018 0.161429 -0.0196766 -0.601342
-0.13422 0.0838511 -0.000667186 0.486407 0.259355 -0.268694 -0.130816 0.0721605 -0.0137065 0.491216 0.261632 -0.266671
-0.0927198 -0.395877 -0.0551965 0.0676623 -0.124572 -0.586877 -0.0776462 -0.386392 -0.0690643 0.0686556 -0.12689 -0.597263
-0.240769 -0.357776 -0.337228 -0.937106 -0.409705 0.620205 -0.158716 -0.36712 -0.302748 -1.00239 -0.402926 0.669264
-0.478104 0.145328 -0.213206 0.378256 0.330707 0.225912 -0.47262 0.149776 -0.205558 0.389662 0.323254 0.23253
0.121254 0.497396 0.180777 -0.0828075 0.12929 0.604489 0.111706 0.502774 0.178454 -0.0869694 0.127411 0.600344
0.762036 0.403424 0.728592 -0.0309898 -0.0972476 -0.145907 0.764468 0.389833 0.735972 -0.0300164 -0.0989781 -0.155021
-0.00833199 0.350616 -0.0450845 -0.273766 0.0596777 0.770148 0.00139902 0.34176 -0.0581591 -0.285999 0.0643548 0.777654
0.897901 0.788591 0.782706 -0.00936566 -0.018412 0.0115265 0.903449 0.786519 0.778474 -0.00935441 -0.0198313 0.0110382
0.0456093 0.0621535 0.0915339 0.0125679 0.00869248 -0.0118076 0.0326337 0.0591866 0.0916176 0.0127697 0.00810775 -0.0121616
0.00716669 -0.062386 0.0657717 0.000545365 -0.0183719 -0.053863 -0.00366968 -0.0678892 0.0668698 0.00183484 -0.0183484 -0.0536182
-0.0228306 -0.127448 -0.066983 -0.0241244 -0.0317075 -0.0266236 -0.0273223 -0.135173 -0.0747768 -0.0205431 -0.0306092 -0.0248571
0.00872244 0.00428214 0.00506996 -0.00162955 -0.000142673 -0.000628508 -0.00101935 0.00407741 0.00326192 -0.00101935 -0.00020387 -0.00142709
-0.126788 -0.0437305 -0.0247822 0.023296 0.0241796 -0.00783542 -0.137369 -0.0438759 -0.0205028 0.0231681 0.0229631 -0.00840614
0.054837 0.133158 -0.0153145 0.0011759 0.0257608 0.063043 0.0466809 0.133548 -0.0265878 0.00182664 0.0259789 0.0633236
0.173303 0.100785 0.138304 -0.0107551 -0.0175294 -0.0152169 0.163649 0.0947231 0.132209 -0.00886769 -0.0171308 -0.0145108
0.151431 0.202592 0.0668315 -0.00188465 0.0196972 0.0594984 0.142052 0.202499 0.0552087 -0.00120895 0.0201492 0.0600445
0.0792108 -0.0348024 0.0343884 -0.145813 -0.0526843 -0.0570781 0.0652987 -0.034175 0.0335647 -0.14443 -0.0459735 -0.0567549
-0.242819 -0.136465 -0.233666 0.00473913 0.0254036 0.0358826 -0.243775 -0.136747 -0.238788 0.00685813 0.0249387 0.0365767
-0.300371 0.392001 -0.109934 -0.133284 0.297733 0.72559 -0.301232 0.40218 -0.0993361 -0.144672 0.318359 0.719532
-0.116276 -0.329545 0.0484908 -0.00427119 -0.0597944 -0.15502 -0.125059 -0.329776 0.0575766 -0.00371462 -0.0590211 -0.153744
0.249081 0.00728399 -0.0929151 -0.0888254 -0.0761825 0.0419999 0.252086 0.000813181 -0.112626 -0.0835543 -0.075016 0.0441151
0.16451 -0.32804 0.0855315 -0.0699415 -0.138688 -0.175246 0.162026 -0.338186 0.0764041 -0.0663671 -0.134987 -0.171448
-0.0761014 -0.177921 0.0493118 0.0816136 -0.0126752 -0.390192 -0.0821039 -0.167903 0.0490571 0.0788198 -0.010263 -0.387736
0.150198 -0.202604 0.232447 -0.0399007 -0.0994443 -0.383127 0.137865 -0.204868 0.2404 -0.039593 -0.0933988 -0.382529
0.0279031 0.155813 -0.0822083 -0.172929 -0.0527796 0.41215 0.0246576 0.148557 -0.0902752 -0.168527 -0.0546135 0.409805
0.0618679 0.315004 0.350105 0.103797 0.0941804 -0.0116625 0.0161301 0.331165 0.385729 0.0914039 0.0874212 -0.0215068
0.273653 -0.263976 0.375947 -0.0337713 -0.145076 -0.277915 0.261773 -0.265809 0.380045 -0.0363293 -0.14229 -0.280341
0.0161404 0.54584 0.230112 0.137937 0.185204 0.144437 -0.027844 0.580547 0.2498 0.12132 0.18198 0.136435
0.142096 -0.130427 0.0157585 -0.453921 -0.274505 0.230007 0.141961 -0.140735 0.0187919 -0.455296 -0.269828 0.231835
-0.927549 0.322919 -0.355017 0.676264 0.623747 0.402455 -0.895659 0.370044 -0.324276 0.750351 0.634802 0.447419
0.24353 0.187453 0.402281 0.35382 0.0919163 -0.482317 0.239662 0.179796 0.399702 0.350014 0.0907961 -0.483913
0.0564202 -0.147485 0.595919 0.683584 0.0034742 -1.09968 0.0887228 -0.166602 0.627171 0.710768 -0.0120269 -1.15458
0.344783 0.0683846 0.101268 -0.534966 -0.3659 0.326388 0.346965 0.0639093 0.1004 -0.539701 -0.370352 0.334062
0.524062 -0.0417532 0.321433 -0.413298 -0.333629 -0.245133 0.513068 -0.0427557 0.320867 -0.407378 -0.334853 -0.243148
0.764682 0.103242 0.716328 -0.074148 -0.190181 -0.281766 0.769033 0.0917607 0.718662 -0.0710658 -0.188988 -0.29012
0.59288 -0.455536 0.432106 -0.654549 -0.687501 -0.834758 0.601296 -0.467309 0.423293 -0.663152 -0.683318 -0.884784
1.01656 0.0240823 0.713098 -0.807512 -0.634221 -0.478565 1.06964 0.00966198 0.742457 -0.829415 -0.671792 -0.493329
0.331871 0.126582 0.102841 -0.617874 -0.321495 0.445748 0.342061 0.115833 0.104149 -0.633558 -0.319901 0.457491
0.0141756 0.0463225 0.0438175 0.012397 0.0132183 0.00119222 0.00226975 0.044157 0.0427126 0.0113488 0.0123805 0.0010317
0.00698064 -0.057228 -0.0313331 -0.0147416 -0.0182769 -0.0119323 -0.000830483 -0.0627015 -0.0375794 -0.0130801 -0.0178554 -0.0105887
0.00968027 0.00373774 0.00392877 -0.000271325 0.000335206 -0.000524842 -0.000413879 0.00227634 0.00186246 -0.000413879 -0.00020694 -0.00124164
0.0782907 -0.0426013 -0.029635 -0.0327907 -0.0355668 -0.00651324 0.0714712 -0.0499262 -0.0393609 -0.0300386 -0.0345962 -0.00476475
-0.0295181 0.125197 -0.0274324 0.0244042 0.0500866 0.0647786 -0.040485 0.127652 -0.03119 0.021895 0.0485407 0.0634128
-0.0934147 0.0509366 -0.12299 0.0136479 0.0434906 0.0712467 -0.100283 0.0526383 -0.128995 0.0124834 0.0422355 0.070115
-0.116331 -0.137614 -0.169831 -0.0161768 -0.00871232 0.0105405 -0.119587 -0.141825 -0.176443 -0.0138469 -0.00839204 0.0117489
-0.164421 -0.162272 -0.150725 -0.00393379 -0.00220541 -0.00694619 -0.166998 -0.164897 -0.153344 -0.00231066 -0.00231066 -0.00546156
-0.201525 -0.0170356 -0.176423 0.0232982 0.052354 0.0634862 -0.204828 -0.0134039 -0.17802 0.0217813 0.050474 0.0624118
-0.211273 -0.237849 -0.150054 -0.00230782 -0.0113899 -0.0376056 -0.212071 -0.239054 -0.149672 -0.000421612 -0.0111727 -0.0354154
-0.148727 0.134753 -0.137607 0.12684 0.17406 0.122559 -0.152765 0.132369 -0.143191 0.124668 0.171289 0.12113
-0.00949308 -0.134833 -0.253418 -0.057648 -0.0403061 0.0451616 -0.0117495 -0.140154 -0.265622 -0.0541315 -0.0394446 0.0451096
-0.0943565 -0.0637117 -0.201561 0.0216438 0.0701954 0.201944 -0.0960146 -0.0758892 -0.209848 0.0253663 0.0696001 0.200415
-0.0377051 0.140748 0.0313108 0.109394 0.189213 0.190218 -0.0445821 0.129618 0.0270382 0.108978 0.191125 0.184933
0.0803721 -0.0258681 -0.25405 -0.0687109 -0.0356176 0.0927789 0.0792492 -0.0277372 -0.269864 -0.0661105 -0.035245 0.090928
0.00806751 0.270863 -0.14241 0.0337272 0.134977 0.321769 0.00495888 0.264267 -0.152692 0.0359519 0.133477 0.317988
0.0565361 0.335026 -0.0452487 -0.387309 -0.0010264 0.785905 0.0743654 0.32225 -0.0538438 -0.401289 0.00589234 0.79384
-0.167245 0.330223 0.0902365 0.128385 0.16567 0.107637 -0.201021 0.361879 0.123973 0.110859 0.158604 0.0971293
0.30924 0.585633 0.170686 0.0358289 0.102529 0.192317 0.291577 0.600826 0.152415 0.0283143 0.102012 0.189565
-0.260933 0.319773 -0.268273 0.0890905 0.183843 0.24425 -0.269246 0.358787 -0.277159 0.0741313 0.179498 0.234055
0.596702 0.253877 0.346824 -0.249838 -0.258321 -0.0109492 0.588078 0.253178 0.335501 -0.247369 -0.259587 -0.00721076
-0.91976 0.316057 -0.359139 0.670996 0.62195 0.400829 -0.889398 0.359593 -0.32855 0.739186 0.630016 0.440845
-0.66212 -0.431138 -0.451973 0.027907 0.0454929 0.00448224 -0.634715 -0.417359 -0.43493 0.0301522 0.0429506 0.00629075
-0.242092 0.798112 -0.0251141 0.167534 0.472202 0.760424 -0.251674 0.827247 -0.0212426 0.178235 0.481094 0.761496
-0.0952018 -0.402137 -0.0558774 0.0675524 -0.122024 -0.577013 -0.0837981 -0.387962 -0.0688116 0.0681783 -0.122425 -0.5754
0.0560584 0.51695 0.0211183 0.0418705 0.21647 0.592314 0.0559837 0.508348 0.0110333 0.0518973 0.215149 0.588442
0.126947 0.355107 0.32474 0.48201 0.208701 -0.360995 0.120869 0.347195 0.320628 0.472526 0.20706 -0.35409
-0.604037 -0.631111 -0.66402 -0.035272 -0.0209179 0.000908757 -0.575069 -0.623029 -0.656468 -0.0277195 -0.0195796 0.00439992
0.583194 -0.733891 0.915154 -0.172416 -0.452311 -1.38194 0.632087 -0.739237 0.971035 -0.170654 -0.449244 -1.46255
0.256305 1.0691 0.446864 -0.17951 0.241759 1.13211 0.2852 1.11734 0.435011 -0.18462 0.252507 1.18868
0.00832508 0.000630865 0.000396179 0.00171368 0.000216441 0.0010178 0.00147016 0.000420046 0.000210023 0.000210023 -0.000210023 -0.000840092
-0.0123176 0.0343967 -0.074528 -0.000894055 0.0155693 0.0465483 -0.0180991 0.0338833 -0.0774475 -0.00252546 0.0149423 0.0446165
0.0334347 -0.0445149 0.0827791 0.004523 -0.0189781 -0.0530034 0.0236844 -0.0438057 0.0853058 0.00251516 -0.0186541 -0.0532375
0.134902 0.0944447 0.0623387 -0.00971976 -0.00794437 0.0158107 0.123777 0.0912699 0.0575125 -0.0108357 -0.00771002 0.0147949
0.0314576 -0.088804 -0.087227 -0.03312 -0.0358754 -0.000752585 0.0257619 -0.0922781 -0.0927004 -0.0316744 -0.0344195 -0.000422325
-0.088443 -0.169574 -0.0441435 -0.00270363 -0.023399 -0.052231 -0.0926336 -0.168097 -0.0421833 -0.00339162 -0.0224695 -0.0508743
0.16855 0.13609 0.0683281 -0.012709 -0.00535071 0.0318295 0.156972 0.132647 0.0619573 -0.01393 -0.00519776 0.0305628
-0.192608 0.38218 0.0588129 0.623545 0.479773 -0.144237 -0.190794 0.379728 0.0537448 0.62468 0.481636 -0.131468
0.128638 0.187014 0.0144474 -0.00274651 0.0226199 0.0769903 0.11802 0.186292 0.00749333 -0.00541185 0.0218555 0.074517
0.0299735 -0.0836091 0.166465 0.0183547 -0.0266357 -0.105779 0.0154831 -0.0778338 0.176172 0.0140185 -0.0265723 -0.106498
-0.15014 0.137567 -0.0839942 0.180849 0.141717 0.0468799 -0.154479 0.136355 -0.0830351 0.172603 0.136144 0.0463648
-0.113014 0.042674 -0.176209 -0.0740503 0.032612 0.288315 -0.114631 0.0368685 -0.176079 -0.0722537 0.0311475 0.278209
0.817806 -0.164843 0.914165 -0.147415 -0.406956 -0.966917 0.834818 -0.173724 0.940939 -0.13835 -0.419178 -1.00992
0.201968 -0.136563 0.337699 -0.00101119 -0.0897741 -0.206473 0.184129 -0.127666 0.344178 -0.00622759 -0.0869787 -0.206756
0.201228 -0.420158 0.313624 -0.129203 -0.251239 -0.798762 0.204506 -0.405071 0.318166 -0.119261 -0.250551 -0.806823
-0.650685 -0.103076 -0.270215 0.458241 0.489915 -0.213033 -0.636745 -0.0937209 -0.238699 0.447158 0.49241 -0.214893
0.233891 -0.789165 0.399257 -0.391082 -0.408034 -1.07816 0.287014 -0.822172 0.435123 -0.387253 -0.426327 -1.13128
0.0688611 0.459359 -0.116978 0.042396 0.135456 0.257374 0.0568989 0.484472 -0.132903 0.0301108 0.132072 0.245455
0.423931 0.00324482 0.509707 -0.0136718 -0.113099 -0.228302 0.402367 0.00797779 0.513647 -0.0171829 -0.110257 -0.229924
-0.476509 0.354245 -0.320502 0.527797 0.713841 0.116113 -0.46353 0.364021 -0.304231 0.526278 0.701633 0.119369
0.522713 -0.13453 0.411354 -0.0869487 -0.194802 -0.244589 0.517598 -0.134954 0.402188 -0.084552 -0.187619 -0.239873
-0.388173 -0.425378 -0.429675 -1.23558 -0.561215 0.799329 -0.33871 -0.400834 -0.396118 -1.23285 -0.560962 0.799412
-0.233722 0.292472 0.0032501 0.455746 0.352215 -0.083706 -0.235449 0.291158 0.00630666 0.439364 0.344975 -0.0769413
0.586845 0.552901 0.607159 0.035341 0.0128876 -0.0207517 0.555357 0.550558 0.611353 0.0281978 0.0113991 -0.026198
-0.0305819 -0.326791 0.309088 0.367892 -0.0413587 -0.94666 -0.00710271 -0.322338 0.309804 0.364536 -0.0457498 -0.960746
-0.693092 -0.522465 -0.498719 0.0180098 0.0281307 -0.011903 -0.65208 -0.502724 -0.47772 0.020578 0.0265523 -0.0092933
-0.0941885 -0.239399 -0.227026 -0.468311 -0.213596 0.334235 -0.0850467 -0.244429 -0.217651 -0.464436 -0.200085 0.328833
-0.21478 -0.385115 -0.363595 -0.899468 -0.405417 0.613454 -0.138028 -0.395639 -0.335 -0.941815 -0.395851 0.649009
0.129616 0.511 0.168254 -0.084936 0.126861 0.596617 0.124317 0.499943 0.163011 -0.0835639 0.122259 0.575068
0.735581 0.413423 0.722614 -0.0149728 -0.0848432 -0.143979 0.713685 0.40631 0.723658 -0.0165556 -0.0841741 -0.147404
-0.735494 -0.614837 -0.7018 -0.00950495 0.014189 0.0225107 -0.689306 -0.595442 -0.680345 -0.00425636 0.0138892 0.023746
-0.0913777 0.0762128 -0.233264 -0.395826 -0.119619 0.683374 -0.0796316 0.0630239 -0.233785 -0.396029 -0.117744 0.670481
0.534756 -0.556055 1.046 0.157541 -0.367078 -1.72279 0.442085 -0.523882 1.01966 0.143962 -0.393007 -1.60128
-0.149235 0.543901 -0.194762 -0.55311 0.105438 1.04388 -0.145237 0.552763 -0.181031 -0.579712 0.108413 1.07014
0.261917 0.793203 0.738233 0.903496 0.39667 -0.704184 0.290637 0.794213 0.749395 0.940804 0.423724 -0.721603
-0.165121 0.713658 -0.260218 -0.299148 0.217793 1.11528 -0.174773 0.726091 -0.260923 -0.306883 0.221558 1.13706
-0.061512 -0.907924 0.197855 -0.178894 -0.394146 -0.897477 -0.0345293 -0.898833 0.208462 -0.179938 -0.405129 -0.90441
0.0965395 -0.91899 0.501993 -0.140871 -0.519583 -1.46405 0.154339 -0.903518 0.506003 -0.144104 -0.507231 -1.50941
-0.370395 -0.917483 0.00807901 0.121745 -0.30915 -1.45481 -0.276333 -0.878996 0.036189 0.134088 -0.31838 -1.49776
-0.896857 0.303086 -0.368862 0.655203 0.61888 0.389214 -0.874643 0.333802 -0.34198 0.712799 0.620256 0.423332
0.0853965 0.539325 0.71079 0.94297 0.309638 -0.871991 0.107911 0.521437 0.72372 0.983343 0.332493 -0.90231
0.430149 1.64705 0.716547 -0.261585 0.298361 1.4494 0.490548 1.72492 0.645094 -0.265274 0.300547 1.46037
-0.208843 0.745661 -0.0514708 -0.0571293 0.346078 1.09164 -0.206511 0.751117 -0.0736796 -0.0394342 0.359266 1.12989
0.103853 -0.121953 -0.27691 -0.992079 -0.577296 0.924372 0.146658 -0.0895429 -0.289341 -1.03309 -0.569476 0.952125
0.264939 1.09528 0.443781 -0.187443 0.24038 1.12893 0.294814 1.11569 0.422157 -0.183166 0.247334 1.15919
0.478488 0.490285 0.491945 0.0129558 -0.0486472 0.116559 0.454385 0.496242 0.521356 0.0196628 -0.045166 0.109021
0.439634 0.590341 0.521512 0.185419 0.17606 0.0118566 0.448019 0.574726 0.537584 0.182032 0.170038 -0.00135412
-0.123461 0.758199 -0.0551265 -0.0422316 0.600019 0.890236 -0.138783 0.737948 -0.0114783 -0.0590609 0.615235 0.879026
-0.359967 -0.919729 0.010389 0.125139 -0.3076 -1.44631 -0.271165 -0.882932 0.0388592 0.136538 -0.318518 -1.49746
-0.2029 -0.382608 -0.37613 -0.874753 -0.408451 0.606385 -0.148965 -0.396221 -0.348386 -0.911046 -0.393381 0.631027
0.273008 0.413599 0.280924 0.0834991 0.0911177 0.0588711 0.259124 0.425419 0.255731 0.0760604 0.0914322 0.0840457
0.611453 0.479331 0.626894 -0.196081 -0.10119 0.0832494 0.592716 0.47278 0.631019 -0.230974 -0.122644 0.0895652
1.42972 0.208014 1.18866 -1.06828 -0.90257 -0.633601 1.47513 0.210547 1.21802 -1.05533 -0.951634 -0.626446
0.643719 0.701955 0.610273 -0.0740168 0.00775996 0.124958 0.643979 0.721938 0.604903 -0.0702206 -0.00638369 0.139861
0.627611 0.554811 0.63192 -0.029482 -0.0168567 -0.0504622 0.640304 0.554221 0.620766 -0.0185707 -0.010446 -0.0609353
0.347149 0.152016 0.223468 -0.00119803 -0.0354712 -0.181295 0.363325 0.150438 0.221067 0.00139664 -0.0319231 -0.176974
0.270517 0.793525 0.754554 0.906543 0.412753 -0.705223 0.299812 0.78068 0.752655 0.922017 0.426431 -0.709105
0.101726 0.483775 0.131117 0.061284 0.137755 0.133309 0.0969858 0.545343 0.118201 0.0452601 0.156188 0.175181
0.564934 0.560869 0.523219 0.153469 0.0958596 -0.0924477 0.567108 0.595974 0.493274 0.182229 0.116838 -0.0714776
0.409068 0.751264 0.489035 0.061109 0.113663 0.161184 0.390042 0.783913 0.4921 0.0572521 0.130971 0.179798
0.35313 0.390284 0.508805 -0.0185261 0.0547015 -0.0754337 0.376435 0.351847 0.508353 -0.0202951 0.0452737 -0.102646
0.442598 0.54551 0.53429 -0.021622 -0.0528625 0.0471536 0.478197 0.565054 0.515919 -0.0365612 -0.0574532 0.0570664
0.512603 0.644561 0.588576 0.290735 0.131643 -0.0957783 0.485741 0.643786 0.57608 0.294617 0.131543 -0.0945947
0.305134 0.176799 -0.0323282 -1.59205 -1.12274 1.03767 0.254163 0.281828 -0.0477675 -1.57872 -1.12074 1.00969
0.559889 0.705568 0.587569 0.0195504 0.0440651 0.0752374 0.526752 0.712265 0.579562 0.0259217 0.0665452 0.0787322
-0.0673082 0.157091 -0.00907273 -0.0250267 0.0224841 0.111583 -0.0766788 0.177255 -0.020988 -0.0305468 0.0193255 0.131123
0.51323 0.645668 0.495858 -0.010348 0.00994547 0.0792281 0.512823 0.664678 0.501797 -0.0234069 0.0118002 0.103106
0.415066 0.573179 0.398165 0.0780395 0.105445 0.0478342 0.413545 0.566799 0.393538 0.0932327 0.102436 0.0348122
0.541608 0.449493 0.423688 -0.210623 -0.132942 0.0703358 0.581771 0.486124 0.430707 -0.219495 -0.1343 0.0749399
0.687762 0.706088 0.711164 0.0769602 0.0253451 -0.0281497 0.683249 0.704528 0.720197 0.0653845 0.0243741 -0.0588074
-1.25179 0.453103 -0.451759 0.843361 0.834435 0.500998 -1.22076 0.508705 -0.414701 0.896825 0.853605 0.528803
-0.346027 -0.918336 0.00986755 0.128352 -0.303568 -1.43546 -0.266022 -0.888613 0.0395468 0.138954 -0.319183 -1.50018
0.700046 0.548386 0.643199 0.0579833 -0.0113143 -0.180494 0.703174 0.55248 0.664291 0.0704141 0.0100592 -0.188029
-0.294907 0.487129 0.274609 0.993843 0.49765 -0.577304 -0.30827 0.465046 0.263477 1.0482 0.523784 -0.568788
0.662616 0.691661 0.595654 0.0475726 0.0959734 0.0815373 0.668011 0.678273 0.58335 0.0511122 0.0797271 0.054467
0.699034 0.682541 0.730131 0.0543785 0.0285802 -0.0489224 0.708977 0.683829 0.723679 0.0717682 0.0286299 -0.0479744
0.683934 0.566291 0.635492 -0.110528 -0.110624 0.00997771 0.692728 0.560411 0.617671 -0.110264 -0.118969 0.0367546
0.393512 0.606099 0.530159 0.0331328 0.0970774 0.0470631 0.383989 0.629858 0.537198 0.0379153 0.106782 0.0764109
0.629962 0.487816 0.654929 -0.00876347 -0.0843223 -0.155344 0.62773 0.536424 0.658681 -0.00870504 -0.0644173 -0.149727
0.799455 0.72111 0.499778 -0.38204 -0.213512 0.494546 0.844114 0.75713 0.502266 -0.450037 -0.230124 0.55803
0.66706 0.509686 0.773041 -0.0424522 -0.106876 -0.127928 0.686471 0.503656 0.757214 -0.0451752 -0.112073 -0.120531
0.734525 0.685131 0.64366 -0.156728 0.00981187 0.0848209 0.7378 0.683442 0.641658 -0.151468 0.0150887 0.0849225
1.17732 0.651233 0.697667 -1.21608 -0.827726 0.411515 1.21797 0.671281 0.706539 -1.26967 -0.857473 0.476572
0.391942 0.345741 0.0024831 -1.239 -0.892315 1.13914 0.461962 0.370523 0.0211491 -1.30191 -0.907751 1.19057
0.492615 0.499225 0.570655 0.0898565 0.0542266 -0.0267192 0.506978 0.463759 0.579798 0.0795298 0.0629529 -0.0270362
0.781976 0.778918 0.800987 -0.128183 -0.0750928 0.148179 0.751535 0.792158 0.817887 -0.104654 -0.061709 0.151661
0.76917 0.840916 0.377355 -1.39176 -0.947754 1.40274 0.758381 0.908891 0.375302 -1.35672 -0.935532 1.35128
0.445635 0.492241 0.461544 0.0234616 0.0462797 0.0308876 0.435308 0.520246 0.448529 0.0380619 0.0594967 0.0328534
0.419012 0.328644 0.432594 -0.0516037 -0.0398193 -0.0823636 0.390435 0.326531 0.433705 -0.0514837 -0.0580945 -0.0727182
0.784863 0.850152 0.766834 0.0571342 0.0637202 0.00668768 0.773588 0.884238 0.781132 0.0613222 0.0824077 0.0191511
0.843129 0.759487 0.703785 -0.224881 -0.134162 0.164607 0.833749 0.782293 0.711879 -0.268696 -0.155337 0.187835
0.758203 0.739656 0.687402 -0.030316 -0.0335792 0.0377128 0.732964 0.724839 0.680347 -0.0415907 -0.0413973 0.0375284
0.681662 0.988067 0.612889 0.0243846 0.0698463 0.188357 0.684549 0.983375 0.607139 0.019732 0.0614728 0.194474
0.66247 0.332972 0.463353 -0.194226 -0.204371 -0.00140345 0.699411 0.310805 0.458647 -0.243351 -0.237979 0.00537243
0.370766 0.625744 0.256754 -0.00739749 0.0655457 0.164776 0.387206 0.673774 0.246512 0.00717417 0.0673575 0.198884
0.817396 0.7183 0.689293 -0.128647 -0.131509 0.146008 0.820558 0.724649 0.677878 -0.164783 -0.15156 0.160836
0.454941 0.442687 0.541247 0.0680329 0.0215237 -0.122795 0.483296 0.435736 0.548617 0.0728201 0.0329565 -0.14268
0.891458 0.678598 0.815851 -0.0578863 -0.0519026 -0.0620147 0.928605 0.662211 0.851995 -0.108144 -0.0677108 -0.0692584
0.635625 0.593817 0.446882 -0.175287 -0.0814467 0.190174 0.641308 0.551145 0.398593 -0.230003 -0.113437 0.216899
0.665697 0.557421 0.603628 -0.0247731 0.0166763 -0.0201695 0.64946 0.587889 0.630121 -0.0219052 0.0122354 -0.0426264
0.688666 0.745882 0.780733 0.170367 0.0718184 -0.169681 0.643206 0.735672 0.761594 0.20718 0.102139 -0.17294
0.639232 0.595924 0.585656 0.139737 0.105001 -0.0665443 0.650092 0.600807 0.602004 0.15943 0.105755 -0.0836061
0.61255 0.334435 0.571151 -0.0488871 -0.0578843 -0.177889 0.623777 0.299397 0.588762 -0.0598008 -0.0871439 -0.223073
0.854522 0.720239 0.825191 -0.150853 -0.206519 0.0760252 0.864894 0.723872 0.798736 -0.155337 -0.210468 0.0785388
0.596784 0.526782 0.646709 0.0574625 0.0261269 -0.00775557 0.599335 0.540132 0.668603 0.0578219 0.0209185 -0.0398636
0.718196 0.803953 0.812056 0.181992 0.167815 -0.0760636 0.710911 0.826398 0.800477 0.18358 0.180098 -0.0717682
0.536521 0.514545 0.489363 -0.0345201 0.00760929 0.0220659 0.545086 0.504821 0.477176 -0.0266433 0.00681107 0.0128208
0.459785 0.517712 0.524821 0.113444 0.0443776 -0.119856 0.470074 0.51053 0.504018 0.100448 0.041837 -0.127879
0.597279 0.678762 0.678719 0.0657335 0.0742981 -0.0768395 0.607031 0.673576 0.662937 0.0665452 0.0750568 -0.0570664
0.785017 0.649144 0.728699 0.135494 0.0708051 -0.151886 0.790167 0.63387 0.745172 0.119393 0.064729 -0.165572
0.710123 0.286182 0.916106 0.117415 -0.127635 -0.657321 0.723607 0.238503 0.941287 0.126096 -0.146341 -0.738068
0.730863 0.677617 0.662555 -0.133839 -0.0834822 0.0646727 0.714587 0.684022 0.643012 -0.123805 -0.0704141 0.0706075
0.625173 0.539942 0.477738 -0.0411855 -0.0515294 0.0452551 0.618205 0.54148 0.492401 -0.0382622 -0.069513 0.0320521
0.60156 0.709677 0.665132 0.0156892 0.045191 0.0258561 0.59407 0.698531 0.629278 0.0125739 0.0607418 0.0386891
0.411037 0.574186 0.476939 0.0520468 0.0386264 0.0410603 0.437118 0.577035 0.466325 0.0818979 0.0637422 0.0617688
0.650259 0.741407 0.688004 0.0705256 0.0693498 0.0984287 0.65636 0.737994 0.683055 0.0909193 0.0727354 0.0891783
0.216453 0.656128 0.372104 -0.0124658 0.128364 0.260224 0.245621 0.742155 0.337165 -0.0411655 0.1184 0.326776
0.780812 0.671337 0.733747 0.0139716 0.00984497 -0.0031657 0.781286 0.67176 0.71636 -0.0215105 -0.00611768 -0.0142088
0.978927 0.0374453 1.40229 0.537499 -0.143397 -1.46216 1.0899 0.0292683 1.45107 0.553112 -0.165057 -1.55142
0.770223 0.659687 0.751004 -0.148775 -0.0968188 -0.0201499 0.77088 0.661583 0.737994 -0.178357 -0.121097 -0.00580336
0.74711 0.593212 0.68925 0.0400108 -0.0059852 -0.142707 0.733529 0.604466 0.701757 0.0552564 0.0136168 -0.166164
0.480888 0.410465 0.399325 -0.173647 -0.130677 0.0122641 0.495005 0.403857 0.385427 -0.176487 -0.138225 0.0346563
0.598939 0.7875 0.612464 0.192456 0.245378 0.0704462 0.604663 0.766288 0.624398 0.194976 0.236419 0.0477573
0.519565 0.40857 0.486692 -0.0572875 -0.0313379 -0.00456618 0.5533 0.434707 0.466158 -0.0859397 -0.0398648 0.00440717
-1.23273 0.450639 -0.453649 0.837505 0.832826 0.497891 -1.2194 0.51088 -0.416338 0.900895 0.857463 0.532596
0.567177 0.740015 0.609017 -0.0028202 0.0298092 0.0718738 0.536811 0.762174 0.578788 -0.00251479 0.056486 0.0802798
0.657218 0.623874 0.546445 -0.0212478 -0.100705 0.033835 0.666037 0.62795 0.538553 -0.0341406 -0.0974881 0.024076
0.589765 0.705698 0.692846 0.108188 0.0473744 -0.00534441 0.589041 0.716715 0.699111 0.130189 0.0458465 -0.0346267
0.69644 0.690839 0.698596 -0.11406 -0.153035 0.150217 0.726967 0.696016 0.713233 -0.145084 -0.156691 0.142569
0.13747 0.622435 0.299712 0.137503 0.220184 0.0962051 0.122034 0.656612 0.300763 0.139525 0.234217 0.0832325
0.593368 0.728948 0.536829 0.0341284 0.0556237 0.175305 0.598545 0.727017 0.518424 0.0359167 0.0868315 0.171887
0.441902 0.441354 0.392573 -0.0903491 -0.0371323 0.080615 0.465278 0.43573 0.383718 -0.103215 -0.0418932 0.0858103
0.48466 0.461975 0.467503 -0.00344105 0.0106457 0.0483095 0.478178 0.451134 0.446927 -0.0280456 0.000400651 0.053487
0.162305 0.781332 0.291763 0.124845 0.216647 0.290891 0.120054 0.828553 0.267967 0.139896 0.254539 0.299434
0.821716 0.672074 0.731076 -0.0211072 -0.0220192 -0.0394228 0.810536 0.683055 0.734125 -0.0342398 -0.017797 -0.0504892
-0.732656 1.19177 -0.189834 0.973744 1.08021 0.372048 -0.729973 1.22301 -0.145952 1.02742 1.13225 0.392472
0.746359 0.666129 0.763814 0.0781673 0.0216753 -0.0681049 0.720899 0.699783 0.752671 0.071636 0.0390742 -0.0499281
0.647272 0.589639 0.55769 -0.0583898 -0.095214 0.122648 0.648474 0.578022 0.532435 -0.0866342 -0.0963041 0.140904
0.65749 0.898405 0.694023 0.184358 0.182197 0.0744704 0.663324 0.902809 0.707816 0.171006 0.174875 0.0750568
0.579281 0.593083 0.717264 0.0798249 0.0946528 -0.192574 0.556736 0.601228 0.725613 0.0936275 0.100011 -0.205826
0.718298 0.648805 0.707143 0.00713824 -0.110642 -0.132517 0.687891 0.693888 0.716715 0.00889848 -0.0880176 -0.126513
0.239887 0.236318 0.104538 0.0154979 0.0199665 0.0117832 0.255455 0.243891 0.0640188 0.0161079 0.0305638 0.00660839
0.640737 0.912298 0.682684 0.0626583 0.141529 0.115316 0.637402 0.902422 0.674931 0.0456531 0.132317 0.135412
0.54082 0.776058 0.638714 0.227893 0.210259 0.00751638 0.549604 0.786023 0.648079 0.260495 0.232077 -0.00552564
0.669581 0.752771 0.675107 0.0781265 0.0293138 -0.0429284 0.671366 0.72228 0.666037 0.0542697 0.0128274 -0.0438104
0.566481 0.495368 0.583797 0.0919848 0.0228732 -0.170268 0.564919 0.520847 0.58455 0.086741 0.0176287 -0.146839
0.734244 0.745176 0.714434 -0.00443276 0.000887018 -0.0306863 0.722712 0.7378 0.686924 0.0187642 0.0145084 -0.0255348
0.458123 0.569465 0.519653 0.112951 0.0998898 -0.0433476 0.436526 0.57743 0.494545 0.121367 0.112486 -0.042429
0.854677 0.683194 0.851287 -0.0693701 -0.0874703 -0.106368 0.858777 0.685564 0.885248 -0.0615741 -0.0677124 -0.137151
0.69999 0.757702 0.754737 0.142628 0.0960625 -0.00381317 0.698337 0.754824 0.75966 0.165976 0.113552 -0.00619025
0.778358 0.698076 0.703086 -0.0601758 -0.095922 -0.0298671 0.76082 0.703174 0.700659 -0.0423645 -0.102913 -0.0702206
0.797875 0.598329 0.718519 -0.00159992 -0.0499407 -0.097466 0.805362 0.580192 0.709453 -0.00276282 -0.0390742 -0.102422
0.535202 0.554006 0.669714 0.128159 0.0633836 -0.100302 0.517085 0.585097 0.689514 0.149225 0.0680112 -0.110818
0.49907 0.60557 0.452704 0.114527 0.0897564 0.000593465 0.514976 0.592447 0.452796 0.118041 0.0756359 -0.0216102
0.737865 0.705958 0.670343 0.0900296 -0.0139905 0.0130286 0.746814 0.716365 0.666083 0.123801 -0.000801303 -0.00901466
0.857796 0.68727 0.765065 -0.0387081 -0.0120475 0.0517199 0.861606 0.677878 0.752869 -0.0272335 -0.0221026 0.0485467
0.716129 0.662775 0.658591 -0.108535 -0.0642854 0.0766201 0.717875 0.674737 0.631019 -0.113552 -0.0659648 0.077765
0.265387 0.811215 0.409831 0.393736 0.407759 0.0974998 0.238961 0.855408 0.385305 0.452462 0.444042 0.0791859
0.625811 0.770832 0.534803 -0.083543 -0.00142384 0.192962 0.635252 0.789575 0.527502 -0.10479 0.00631502 0.221026
1.46517 0.217478 1.23203 -1.09214 -0.931801 -0.64822 1.52946 0.207927 1.2537 -1.09061 -0.972563 -0.648311
0.483185 0.3588 0.565924 -0.0229818 -0.0606843 -0.140967 0.496006 0.33855 0.567923 -0.0156254 -0.0889446 -0.15966
0.688467 0.820595 0.705698 0.14652 0.0785778 -0.00832496 0.704528 0.826398 0.719616 0.163074 0.0872438 -0.0249544
0.835947 0.721623 0.860185 0.166467 0.0645827 -0.17465 0.847791 0.721886 0.839108 0.175834 0.0536777 -0.175242
0.851376 0.578776 0.668811 -0.105622 -0.117838 -0.0230082 0.875939 0.568246 0.671672 -0.132067 -0.14599 -0.0202874
0.966219 0.631605 0.826117 -0.0993474 -0.080033 -0.133349 0.982896 0.622894 0.835103 -0.127094 -0.0895652 -0.134444
0.755859 0.603737 0.796092 0.0418529 -0.0589798 -0.207437 0.790417 0.60529 0.80125 0.0473941 -0.0644173 -0.235423
0.458682 1.26713 0.557578 0.131569 0.342272 0.53551 0.430103 1.3193 0.55587 0.151496 0.396309 0.588319
0.611056 0.481358 0.631104 -0.17473 -0.139826 -0.00407266 0.622227 0.445604 0.639396 -0.165375 -0.15235 -0.0359167
0.509216 0.585367 0.56903 0.101827 0.0467803 -0.0435711 0.514279 0.578416 0.582758 0.0911731 0.0436131 -0.0451919
0.532383 0.413842 0.572259 0.0228145 -0.0510354 -0.112593 0.533067 0.412471 0.552098 0.0240391 -0.0346563 -0.0975586
-0.372791 1.38049 0.253306 0.447052 0.760189 1.02058 -0.429819 1.39748 0.271497 0.500528 0.74234 1.02126
0.65411 0.60059 0.661981 -0.11008 -0.125856 0.0483249 0.64058 0.596967 0.695836 -0.118012 -0.117815 0.0503228
0.518231 0.644968 0.577727 0.0525138 0.0777328 0.0165972 0.508427 0.649656 0.58395 0.0797296 0.0941531 -0.00240391
0.994904 0.662844 0.933246 0.0661327 -0.0765326 -0.186842 1.01889 0.632291 0.935807 0.0524936 -0.083082 -0.196555
0.761448 0.799441 0.708221 0.0661093 0.0727318 0.0093117 0.737476 0.801218 0.719912 0.0738068 0.0860421 0.00434158
0.657097 0.631625 0.628535 -0.0724572 -0.0399391 0.143488 0.652618 0.626766 0.595585 -0.0574272 -0.017169 0.15156
0.862381 0.674643 0.834511 0.130287 0.068487 -0.248278 0.853909 0.660709 0.831214 0.162217 0.0868315 -0.29799
0.781173 0.674724 0.765154 -0.0728954 -0.123129 -0.0237622 0.801444 0.685957 0.767011 -0.107556 -0.140441 -0.0398497
0.661548 0.70294 0.673294 0.0611248 8.52982e-05 -0.0521643 0.651911 0.70801 0.660616 0.0680927 -0 -0.0413973
0.637064 0.695707 0.657301 0.0713664 0.0448456 -0.0279097 0.659525 0.720504 0.664459 0.0745962 0.0495334 -0.0461786
0.804892 0.995011 0.655209 0.0074918 0.0722925 0.274767 0.786162 0.966066 0.650556 -0.0059968 0.058227 0.280689
0.690775 0.763939 0.661208 0.0585697 0.0359457 0.0216713 0.715571 0.740436 0.65617 0.0519016 0.036114 0.0329565
0.559808 0.632867 0.542513 0.0639171 0.0842235 0.0952653 0.54128 0.623814 0.527858 0.0665081 0.0831352 0.106573
0.816163 0.664179 0.771767 0.0747112 -0.0337241 -0.120037 0.821778 0.61258 0.733056 0.0600456 -0.0704381 -0.12471
0.455782 0.411756 0.428231 -0.169504 -0.0850271 0.051231 0.432503 0.388632 0.416677 -0.14784 -0.0789283 0.0332541
0.716572 0.631014 0.640244 -0.0546427 -0.0689172 0.0782446 0.716163 0.620253 0.653407 -0.0594007 -0.0927519 0.0745962
0.629448 0.449222 0.522683 -0.11602 -0.0873046 -0.0466665 0.632629 0.433104 0.515238 -0.0911482 -0.0693127 -0.0416677
0.754497 0.938682 0.834728 0.177971 0.21675 -0.00619413 0.755791 0.933954 0.845162 0.191704 0.230393 0.0081247
0.568841 0.417445 0.571108 -0.0381287 0.00856807 -0.0962379 0.575736 0.39384 0.559309 -0.0550896 -0.000400651 -0.100363
0.820438 0.98789 0.84103 0.0508377 0.051526 0.129096 0.783281 0.993171 0.863845 0.0826839 0.0784437 0.104656
0.763847 0.664927 0.706061 -0.0727871 -0.0583438 0.101917 0.773393 0.710045 0.687153 -0.0631502 -0.0390742 0.122551
0.672436 0.898849 0.674568 0.0985971 0.11961 0.171814 0.675317 0.894104 0.694082 0.107362 0.124385 0.164622
0.7185 0.729399 0.563287 -0.00318084 -0.00174964 0.173627 0.705948 0.735596 0.531264 -0.0106173 -0.00140228 0.204733
0.611977 0.675953 0.580279 0.103525 0.0769994 0.0469162 0.622612 0.63984 0.586954 0.0833355 0.0494805 0.0342557
0.300889 0.810763 0.290541 0.0425806 0.179447 0.285533 0.281524 0.871462 0.246283 0.0244449 0.17967 0.334284
0.405692 0.762962 0.385676 0.110664 0.191743 0.2333 0.404682 0.776542 0.380218 0.101527 0.190619 0.25076
0.742124 0.725576 0.820605 0.135188 0.0816241 -0.0584511 0.74283 0.74225 0.825818 0.12632 0.0723485 -0.0156691
0.872382 0.999245 0.468147 -1.46512 -0.979832 1.43795 0.893409 1.00587 0.525015 -1.44198 -0.992524 1.39742
0.653913 0.602155 0.64834 0.169336 0.0551039 -0.174817 0.637837 0.599976 0.649256 0.171278 0.0526857 -0.198322
0.700798 0.680743 0.653071 0.0426903 0.000783487 -0.0500527 0.683111 0.680707 0.659072 0.0412671 -0.00681107 -0.0394642
0.771435 0.710152 0.718648 0.100587 0.0684269 -0.102938 0.826676 0.718531 0.733726 0.100646 0.0613741 -0.124524
0.676592 0.523981 0.602854 -0.0580917 -0.0678545 0.0704746 0.680443 0.534014 0.585718 -0.0465733 -0.0528883 0.103803
0.565178 0.673302 0.63331 0.0593148 0.11716 0.0421116 0.559669 0.679851 0.593217 0.0493361 0.108539 0.0580192
0.628154 0.529327 0.676736 0.00179762 -0.0928363 -0.00193619 0.629023 0.541681 0.673896 -0.0196319 -0.0839365 0.00981596
0.0133615 -0.0994234 -0.0525778 -0.0524228 -0.0318185 -0.0273857 0.0338612 -0.0462912 -0.0188594 -0.0597928 -0.0467198 -0.0510061
0.955652 0.615959 0.740343 -0.46954 -0.356677 -0.0157124 1.00235 0.564189 0.756192 -0.478388 -0.406315 -0.0215456
0.524241 0.750877 0.515475 0.0778714 0.126833 0.160312 0.521448 0.73179 0.511031 0.100764 0.131414 0.159259
0.726068 0.635565 0.618979 -0.0919678 -0.0423587 0.114304 0.723977 0.627621 0.615601 -0.0909479 -0.0374609 0.0923502
0.422873 0.59761 0.460865 0.0958219 0.127117 0.0445734 0.454631 0.609776 0.471144 0.107032 0.12273 0.0525985
0.772814 0.812019 0.654378 -0.138911 -0.011897 0.209205 0.786023 0.842068 0.665248 -0.132615 -0.0339432 0.215895
0.665295 0.848208 0.663835 0.1028 0.10566 0.0163728 0.640777 0.854304 0.684982 0.0982775 0.117815 -0.00927518
0.701312 0.684379 0.644036 -0.089202 -0.0132963 0.146261 0.711156 0.678503 0.644047 -0.113785 -0.0422687 0.150845
0.519886 0.404309 0.640687 0.0719059 0.0119457 -0.162405 0.521834 0.426093 0.644985 0.074778 0.0175355 -0.178177
1.15461 0.80613 1.19574 0.114001 -0.0524144 -0.45002 1.14417 0.775742 1.22442 0.0777829 -0.0652617 -0.527406
0.45582 0.516046 0.480044 0.0643307 0.0463809 -0.016849 0.47958 0.555303 0.480982 0.0484788 0.0504821 -0.00641042
0.856059 0.982192 0.95744 0.18401 0.171628 -0.0681864 0.82829 1.00673 0.952612 0.190405 0.168443 -0.0480424
0.598678 0.630818 0.642796 0.0227704 -0.0288274 -0.0111782 0.624595 0.620253 0.658143 0.00730174 -0.0408503 -0.0333512
0.265068 0.430554 0.428161 0.146645 0.0640261 0.00560782 0.294389 0.438933 0.419769 0.129458 0.0815481 0.0214064
0.536414 0.717965 0.497272 -0.0102512 0.0652675 0.22603 0.560712 0.737599 0.514436 -0.00661075 0.079329 0.224966
0.836713 0.745766 0.874377 0.0251295 0.053441 -0.0909489 0.828452 0.762736 0.900877 0.01263 0.0357193 -0.121959
0.295328 0.508834 0.3637 0.198833 0.131097 0.075292 0.319872 0.516607 0.371452 0.213656 0.153718 0.0795094
0.515843 0.439699 0.529293 0.0152494 0.0244739 -0.0610021 0.541479 0.444641 0.520073 0.0020387 0.0120283 -0.0466863
0.85906 0.819492 0.804833 0.00234683 -0.0443025 0.090721 0.875617 0.81819 0.785431 -0.00749909 -0.0524936 0.105579
-0.514046 -0.49237 -0.506283 -1.37211 -0.645232 0.883342 -0.523571 -0.442656 -0.492633 -1.30201 -0.638021 0.832522
-1.52903 0.522295 -0.504515 0.910322 0.945214 0.543888 -1.47898 0.514701 -0.48982 0.842257 0.922308 0.501936
0.516248 0.64645 0.471528 0.0499503 0.00936899 0.0577183 0.531865 0.650658 0.487192 0.0759234 0.00661075 0.0538876
0.647134 0.359293 0.62813 -0.122049 -0.177399 -0.241576 0.636314 0.336919 0.594776 -0.136855 -0.200667 -0.267489
0.599406 0.885703 0.6707 0.153337 0.18666 0.0278011 0.58631 0.917849 0.668208 0.160638 0.206817 0.0467706
0.576067 0.515862 0.576383 0.08354 0.0168178 -0.113725 0.589797 0.502744 0.603456 0.0903145 0.00265031 -0.122526
0.545664 0.444752 0.506064 -0.046845 -0.0507611 0.0626316 0.541561 0.464373 0.494586 -0.061668 -0.0540112 0.0871216
0.602278 0.561934 0.558244 0.0240906 -0.0536725 0.00818668 0.587355 0.552298 0.551697 0.00821335 -0.0514837 -0.00220358
0.651982 0.714514 0.570373 -0.0513894 -0.0533169 0.139174 0.630318 0.698599 0.539145 -0.0528883 -0.0674918 0.141693
0.877885 0.728485 0.855813 0.123437 0.0418746 -0.134349 0.874433 0.733332 0.893181 0.154718 0.0489414 -0.157678
0.303699 1.30145 0.44763 -0.635215 -0.130862 1.62192 0.21241 1.3523 0.433426 -0.635665 -0.0815608 1.59699
0.870216 0.817056 0.810165 -0.0332216 -0.0808166 0.0896861 0.858123 0.810342 0.8175 -0.0251479 -0.0719616 0.0982702
0.557762 0.46602 0.552223 0.0546911 0.0435392 -0.108163 0.560032 0.450146 0.549838 0.07849 0.0442398 -0.150456
0.638579 0.57453 0.58779 0.0397164 -0.0241257 -0.006892 0.657074 0.578992 0.58837 0.0346579 -0.0438321 -0.0136593
0.611793 0.574126 0.573111 0.0844898 0.0010651 0.000867559 0.611194 0.605384 0.545287 0.0923502 0.0120195 0.0210342
0.764685 0.813396 0.714738 -0.0138924 0.0481735 0.0481091 0.792889 0.804708 0.727182 -0.0124202 0.0629023 0.0334544
0.561293 0.519112 0.461575 -0.0391716 -0.0200099 0.0717026 0.583681 0.517219 0.467067 -0.0479095 -0.0328231 0.09745
1.07426 0.834767 0.757578 -0.0972851 -0.0528007 0.116692 1.08749 0.835525 0.752576 -0.0975525 -0.0716554 0.105925
0.453086 1.75584 0.75149 -0.292689 0.325361 1.52805 0.512763 1.80751 0.711371 -0.288867 0.335942 1.57214
0.724128 0.643442 0.624039 -0.0696532 -0.059868 0.0460977 0.718575 0.635655 0.637261 -0.0939628 -0.063445 0.0638465
0.622869 0.689226 0.744817 -0.0326323 0.0434499 0.0137565 0.612056 0.692788 0.780083 -0.0272422 0.0290319 -0.00855048
0.571859 0.641262 0.520869 -0.0113295 0.00229382 0.149025 0.567779 0.670733 0.527412 -0.0375121 -0.0161058 0.195104
0.691807 0.617651 0.663496 0.0224316 -0.00348294 -0.0734872 0.699738 0.619007 0.645449 0.0198322 -0.01843 -0.07993
0.691028 0.665464 0.641144 -0.0354064 -0.0109503 0.101827 0.720171 0.657669 0.625617 -0.0526857 -0.0140228 0.123601
0.708943 0.725381 0.632481 -0.0740241 -0.0234574 0.125712 0.687698 0.742443 0.631986 -0.0510696 -0.0121871 0.14431
0.840918 0.517445 0.734479 -0.13613 -0.116114 -0.0632277 0.891878 0.508161 0.724489 -0.173582 -0.12724 -0.0611231
0.58674 0.673087 0.681517 0.100117 0.0668738 0.0280362 0.61453 0.70077 0.679259 0.0974881 0.0712413 0.0199318
0.814587 0.600472 0.638104 -0.146643 -0.157154 0.0970682 0.803907 0.59677 0.650458 -0.137023 -0.147039 0.0803306
0.718807 0.74951 0.672286 0.209143 0.150341 0.0027787 0.702542 0.772256 0.637236 0.234581 0.191511 0.0456743
0.706731 0.644508 0.625877 -0.0107085 0.0273786 0.0403705 0.724177 0.671892 0.638638 -0.0140228 0.0302492 0.0566922
0.38663 0.403692 0.399021 -0.0648711 -0.0416892 0.0488408 0.389255 0.426191 0.424754 -0.0467845 -0.0510936 0.0311897
0.733014 0.507149 0.855139 0.0819786 -0.0931503 -0.307109 0.776079 0.515159 0.890231 0.088414 -0.0968625 -0.341475
0.666449 0.606927 0.617284 0.0591035 0.0804517 -0.101815 0.668289 0.617543 0.620817 0.0482903 0.0497227 -0.0984223
0.714578 0.675299 0.721067 0.0429542 0.0127735 0.0432831 0.710756 0.655065 0.710956 0.0192313 -0.00340554 0.0486792
0.762494 0.610115 0.692092 0.061984 -0.0010979 -0.123911 0.750019 0.598774 0.654865 0.0771254 -0.00741205 -0.158057
0.712268 1.11185 0.715695 0.188758 0.261365 0.361458 0.663543 1.17882 0.696095 0.193724 0.294357 0.392211
0.0757981 0.391893 0.153345 0.0637035 0.0518304 0.103446 0.0760841 0.411433 0.13997 0.0860081 0.0851811 0.100481
1.07107 0.437982 1.0202 -0.0381434 -0.191849 -0.425129 1.10754 0.389152 1.04114 -0.0243588 -0.22414 -0.46655
0.369141 0.186511 0.153584 -0.208122 -0.133331 0.198623 0.400087 0.195333 0.158485 -0.220665 -0.139643 0.203288
0.426559 0.418698 0.352637 -0.0680907 -0.0197861 0.110367 0.449266 0.428986 0.364007 -0.0695317 -0.00931228 0.134511
0.95189 0.693767 0.895968 -0.00732183 -0.106163 -0.109589 0.93636 0.714878 0.879865 -0.0175934 -0.103997 -0.111816
0.692902 0.626566 0.711852 0.125061 0.0344454 -0.167327 0.679657 0.608009 0.71348 0.149501 0.0406273 -0.17792
0.555319 0.632292 0.481908 0.00154834 0.0778737 0.180794 0.538014 0.655443 0.466863 -0.00326192 0.0668694 0.17961
0.751569 0.636575 0.770547 0.00084983 -0.0548959 -0.126856 0.743396 0.611176 0.74537 -0.0144061 -0.0700573 -0.137352
0.565944 0.791191 0.551469 0.0399362 0.0803024 0.182907 0.580744 0.785878 0.520446 0.0200326 0.0821335 0.214549
0.774407 0.628959 0.678763 0.00886842 -0.0239051 -0.0314277 0.785477 0.604182 0.665282 -0.0296482 -0.0498811 -0.0266433
0.546918 0.462376 0.436473 -0.173976 -0.069742 0.164674 0.586881 0.490861 0.454232 -0.190591 -0.0982963 0.163896
0.486659 0.607846 0.479121 0.0711875 0.0990297 0.004925 0.482194 0.609194 0.459029 0.0597408 0.109931 0.0278384
0.878267 0.781875 0.829449 0.0691834 0.0849355 -0.066207 0.908573 0.771419 0.831214 0.0724254 0.0862395 -0.0753855
0.509033 0.432321 0.608829 0.0628875 0.018693 -0.190995 0.450466 0.439634 0.611522 0.0762359 0.0374026 -0.199889
0.567561 0.737847 0.625492 0.193638 0.229812 0.069456 0.540215 0.770841 0.625033 0.214268 0.247186 0.099763
0.894086 0.928 0.842824 0.0738963 0.0898354 -0.030741 0.892945 0.94264 0.879249 0.0747382 0.0778685 -0.0399125
0.329747 0.462296 0.397192 0.0921217 0.098527 -0.0437308 0.345382 0.457544 0.412845 0.0931228 0.0877424 -0.0759468
-0.698201 1.46952 0.160902 0.570797 1.1997 0.990061 -0.729645 1.31772 0.177918 0.49498 1.20483 0.95583
0.717915 0.762349 0.691381 0.0403062 0.0492614 -0.0505093 0.715363 0.771655 0.68291 0.0414674 0.0711156 -0.0194316
0.884486 0.478091 0.788203 -0.0697563 -0.130296 -0.248333 0.862002 0.465958 0.811119 -0.0709153 -0.1232 -0.292676
0.493244 0.534082 0.465736 0.0126456 0.0289898 0.0957701 0.49293 0.557082 0.445748 -0.00331103 0.0413879 0.143616
0.650311 0.526532 0.615383 0.028643 -0.0513398 -0.117747 0.686635 0.513141 0.636279 -0.0101935 -0.0860332 -0.120691
0.492726 0.964388 0.430251 0.154835 0.339808 0.401583 0.508897 1.01658 0.427247 0.171788 0.378338 0.452915
0.657785 0.888172 0.604619 0.104461 0.153953 0.192381 0.645119 0.875222 0.589468 0.116828 0.154521 0.172676
0.537202 0.486678 0.495493 -0.164113 -0.123865 0.137465 0.540868 0.489696 0.472367 -0.155553 -0.115798 0.118652
0.637576 0.582694 0.369294 -0.389928 -0.190865 0.296766 0.665352 0.566399 0.326605 -0.426975 -0.19568 0.308798
0.895093 0.955503 0.89798 -0.0807087 0.0225304 0.105143 0.890042 0.973223 0.891589 -0.067319 0.0363677 0.122644
0.377236 0.508846 0.491358 0.144785 0.141897 -0.0421131 0.375802 0.527489 0.470581 0.149203 0.162448 -0.0258675
0.600683 0.789176 0.646827 0.0742063 0.112675 0.0752829 0.599775 0.789083 0.639039 0.0771254 0.121397 0.0805309
-0.00754949 0.0277385 0.0552695 -0.0222962 0.0024615 0.0112161 -0.00108462 0.0234279 0.0798283 -0.0104124 -0.00585697 -0.00824314
0.977726 0.975466 0.852326 0.199809 0.123889 -0.0485827 0.980407 0.961856 0.86496 0.230893 0.130445 -0.0771616
0.662998 0.704828 0.683874 -0.0449836 -0.0119593 0.0105041 0.657068 0.706949 0.690923 -0.00921498 0.0232378 -0.00140228
0.787543 0.519256 0.572094 -0.186302 -0.288448 0.123429 0.816544 0.530743 0.573634 -0.236609 -0.33235 0.123996
0.499533 0.610634 0.449724 0.151136 0.136013 0.0644003 0.499966 0.592054 0.458578 0.145479 0.148169 0.0529765
0.441924 0.422383 0.602062 0.163048 0.0715818 -0.140744 0.427148 0.413494 0.60893 0.183005 0.0992467 -0.175057
0.822821 0.754605 0.778605 0.0343193 0.0213785 -0.00359446 0.816611 0.733332 0.783852 0.0219052 0.017169 -0.0128274
0.540619 0.579462 0.497456 -0.0405154 0.00971189 0.109935 0.519665 0.613038 0.482561 -0.0334347 -0.00468902 0.128642
0.675135 0.626861 0.639325 -0.0696732 -0.0289329 0.0771666 0.672772 0.605699 0.649123 -0.039347 -0.0309883 0.0432205
1.07782 1.0998 1.15402 0.392333 0.165863 -0.311893 1.06533 1.09765 1.14622 0.435432 0.206944 -0.355489
0.470948 0.749732 0.429562 -0.171531 0.0259226 0.545334 0.483886 0.811095 0.404019 -0.168494 0.0195592 0.62406
0.542781 0.617112 0.569869 -0.0181396 0.0443084 0.00817329 0.543926 0.616708 0.567779 0.00570837 0.0662578 0.00428128
0.630359 0.983648 0.603858 -0.00143182 0.0742634 0.359326 0.665839 0.998371 0.623474 0.00522302 0.0655779 0.360389
0.477015 0.408789 0.441118 -0.0575252 -0.0606456 0.000551225 0.491482 0.431676 0.420294 -0.0554598 -0.0459406 0.0225564
0.79672 0.606341 0.699629 -0.113695 -0.150113 0.0104854 0.799579 0.58205 0.715177 -0.131292 -0.183075 0.00733933
0.484615 0.474171 0.452052 -0.0466095 -0.0034874 -0.0070667 0.489412 0.4652 0.450094 -0.044492 -0.00289716 -0.00248328
0.569773 0.623559 0.476446 -0.0123577 0.00897849 0.107702 0.548003 0.655443 0.441583 0.0142709 0.0256877 0.140059
1.19731 0.905236 1.38404 0.465898 0.0990866 -0.765016 1.19889 0.858492 1.39959 0.48902 0.0959793 -0.833025
0.612082 0.6808 0.602022 0.101272 0.112942 0.0456041 0.629144 0.685616 0.631182 0.116614 0.146379 0.00489289
0.737937 0.618845 0.758041 -0.0692358 -0.00580122 -0.0674627 0.753425 0.57834 0.762039 -0.0657068 -0.0288469 -0.110379
0.706238 0.758597 0.670792 0.0778765 0.0925947 -0.0163573 0.713005 0.762933 0.65992 0.0745962 0.0959094 -0.0315751
0.801098 0.6817 0.809007 -0.0217747 -0.0310406 0.0209938 0.80386 0.656054 0.798968 -0.047094 -0.066054 0.00815481
0.288357 0.460894 0.41138 0.270964 0.155431 -0.133015 0.255179 0.475801 0.423964 0.299008 0.191542 -0.148135
0.742447 0.56663 0.614598 -0.150161 -0.0875015 0.118602 0.721497 0.551061 0.61528 -0.179202 -0.110905 0.118856
-0.520822 0.543923 -0.366119 -0.0408353 0.465673 1.23855 -0.580528 0.532299 -0.392279 -0.0557858 0.469179 1.30619
0.379323 0.44377 0.533651 0.110226 0.0558722 -0.0916276 0.383364 0.467795 0.5487 0.112437 0.0620269 -0.07966
0.655127 0.705034 0.69929 0.0641518 0.0791556 0.00705161 0.696933 0.68912 0.691925 0.0540879 0.0572932 -0.00500814
1.2131 1.32003 1.17581 0.0422883 0.0187818 -0.00558314 1.19275 1.32715 1.15721 0.0351735 0.00981156 0.00555371
1.01486 0.706075 1.03251 -0.00527271 -0.169956 -0.180354 1.03389 0.711229 1.0327 -0.00374954 -0.186096 -0.203067
-0.0762433 1.41625 0.303353 -0.0941498 0.40727 1.47857 -0.134551 1.43007 0.262313 -0.0997819 0.432663 1.50496
0.46143 1.78308 0.767784 -0.294337 0.328127 1.54315 0.520798 1.82674 0.718812 -0.290802 0.33917 1.59477
0.707807 0.529544 0.702767 -0.0277714 -0.0910031 -0.0954955 0.731347 0.509119 0.695332 -0.0534084 -0.101087 -0.0949482
0.653755 0.565343 0.642126 -0.0374772 -0.0391963 -0.0832765 0.630225 0.551096 0.612396 -0.016627 -0.0296482 -0.115388
-0.701496 -0.463066 -0.520529 -1.35694 -0.647828 0.825891 -0.739365 -0.470215 -0.527237 -1.29767 -0.639152 0.780429
0.431372 0.704989 0.469917 0.120308 0.148707 0.0531145 0.4267 0.719458 0.457485 0.144748 0.154738 0.0662578
0.795746 0.815861 0.713658 -0.133806 -0.0669161 0.267513 0.778065 0.819733 0.720171 -0.130412 -0.0492801 0.284663
0.589425 0.682548 0.488702 -0.115595 -0.0529547 0.146039 0.599786 0.692343 0.504171 -0.120691 -0.0638114 0.155145
0.457016 0.642514 0.476003 0.209568 0.161857 0.0587591 0.451749 0.64172 0.47534 0.221012 0.18728 0.0507002
0.753868 0.799833 0.653986 -0.0114617 0.0617301 0.132524 0.745612 0.804909 0.658871 -0.00400651 0.0502818 0.133016
0.882363 0.882753 0.729517 -0.0228146 0.0150515 0.0725909 0.906984 0.917533 0.705764 -0.0220924 0.0232866 0.10071
-0.701496 -1.05199 0.0683976 0.0753424 -0.326629 -1.58673 -0.746174 -1.08511 0.0823408 0.0727663 -0.310853 -1.51065
0.633761 0.513574 0.549253 0.0551935 0.0559112 -0.093456 0.639237 0.535974 0.560393 0.0457337 0.0633235 -0.0771885
0.102898 0.641464 0.099087 -0.576517 -0.117838 0.882484 0.140516 0.711617 0.110112 -0.609723 -0.127368 0.987924
0.748603 0.65101 0.65462 -0.101364 -0.102228 0.0786435 0.731283 0.639949 0.678888 -0.0713546 -0.0811404 0.0750243
0.70903 0.679551 0.644524 -0.00304922 -0.035547 0.0483963 0.727783 0.685715 0.642645 -0.0162264 -0.0290472 0.0580945
0.498214 0.636819 0.601136 0.0814886 0.096143 0.0115503 0.486792 0.620208 0.54108 0.0779267 0.11699 -0.00681107
0.795042 0.729085 0.753175 -0.138674 -0.0933624 0.0697776 0.803707 0.761238 0.779067 -0.146037 -0.109578 0.0769251
0.947405 0.627228 0.866226 -0.0634016 -0.149054 -0.199071 0.949544 0.617604 0.844373 -0.0697133 -0.172881 -0.20934
0.458702 0.256804 0.367096 -0.0313057 -0.0683209 -0.0521205 0.487028 0.218993 0.328913 -0.0636265 -0.117741 -0.046293
0.813432 0.760489 0.769032 -0.0146033 -0.0805408 -0.0379686 0.851344 0.76767 0.791548 -0.00749909 -0.0665051 -0.06019
0.704978 0.705891 0.589311 -0.0767289 0.0235464 0.192833 0.747388 0.690916 0.58837 -0.0925571 -0.00489289 0.193677
0.413273 0.625717 0.47997 0.0719782 0.0753608 0.000660529 0.389382 0.672848 0.445623 0.0779995 0.0825152 0.0199104
0.585281 0.664098 0.628415 0.250028 0.170101 -0.0962154 0.591762 0.678103 0.613798 0.276049 0.206335 -0.105972
0.774445 0.656989 0.699234 0.0371717 -0.0452196 0.0143485 0.771649 0.678073 0.676034 0.0462785 -0.0326192 0.0379199
0.610524 0.377669 0.619464 -0.0913767 -0.157713 -0.131903 0.630545 0.379941 0.636753 -0.107609 -0.18459 -0.129337
0.785886 0.977241 0.796488 0.10972 0.106337 0.0558905 0.79589 0.968369 0.787601 0.130247 0.122354 0.0578219
0.68275 1.05939 0.631223 0.216265 0.19397 0.204098 0.689424 1.11297 0.643246 0.224587 0.205261 0.223366
0.260541 1.46175 0.551823 0.578127 0.722396 0.547661 0.219114 1.52532 0.535853 0.639197 0.827347 0.582397
0.71738 0.606443 0.628745 -0.0679574 -0.0657485 0.0346094 0.731532 0.585225 0.608609 -0.068497 -0.0567015 0.0211078
0.742386 0.582809 0.601005 -0.115621 -0.0610429 0.0741811 0.74519 0.562048 0.587088 -0.119611 -0.0608403 0.0598056
0.550399 0.599716 0.587516 0.110213 0.11172 0.00245513 0.523539 0.6216 0.551061 0.130069 0.13435 0.0226296
0.577707 1.54574 0.967888 0.836296 0.730826 -0.0456843 0.518169 1.5945 0.947261 0.885854 0.806441 -0.0572374
0.731159 0.731074 0.596536 -0.173955 -0.114427 0.184929 0.737603 0.74535 0.602233 -0.195512 -0.14434 0.211617
0.444978 0.165811 0.384656 -0.14819 -0.168299 -0.163804 0.491777 0.147364 0.42116 -0.159415 -0.201277 -0.184786
0.849619 0.815241 0.885625 0.163621 0.103689 -0.25404 0.865015 0.779777 0.872035 0.16125 0.0868425 -0.273564
0.490578 0.323894 0.564801 -0.0967484 -0.108037 -0.12709 0.489412 0.326137 0.554805 -0.089191 -0.113817 -0.115058
0.651742 0.620511 0.59542 -0.145509 -0.0870179 0.117492 0.654016 0.623231 0.586331 -0.133739 -0.0862371 0.132923
0.403859 0.402985 0.352794 -0.117532 -0.0476082 0.0766428 0.424935 0.383463 0.381587 -0.119832 -0.0689816 0.0566858
0.922057 0.440731 1.17235 0.241339 -0.1191 -0.833366 0.964596 0.389758 1.22905 0.243871 -0.126488 -0.930549
0.664068 0.759936 0.623416 -0.0429175 -0.00925846 0.0673002 0.663598 0.741272 0.606922 -0.0634037 -0.0265031 0.0888874
0.770735 0.735517 0.687242 0.0369141 0.0187402 0.0162376 0.75799 0.73271 0.668694 0.0415895 0.0161058 0.0507637
0.496849 0.389453 0.441508 -0.0782206 -0.0561325 -0.0188063 0.488584 0.430228 0.422571 -0.0718081 -0.0428365 0.0260744
1.03034 0.902864 0.858059 -0.093468 -0.113443 0.117311 1.01849 0.895351 0.854698 -0.124722 -0.13676 0.112289
0.477151 0.284863 0.441105 0.00358388 -0.0614394 -0.13152 0.471711 0.297392 0.45785 0.00357039 -0.0535558 -0.113202
0.456683 0.486712 0.47637 0.0846873 0.0332262 -0.0108813 0.452179 0.498174 0.467511 0.0791786 0.0483053 0.000840092
0.238268 0.50084 0.458237 0.285567 0.176393 -0.204825 0.234883 0.551016 0.4908 0.320051 0.197145 -0.223953
0.712837 0.66233 0.59865 0.00107995 -0.0283403 0.00775276 0.701732 0.650618 0.576327 -0.000413879 -0.017176 0.0122094
0.531458 0.504434 0.723345 0.218643 0.0436103 -0.342224 0.517315 0.524127 0.749343 0.25329 0.0710121 -0.386025
0.528794 0.475584 0.496872 0.0408999 -0.0226138 -0.068991 0.536609 0.482213 0.519177 0.0247827 -0.0260428 -0.0869495
0.878231 0.740323 0.709513 -0.244092 -0.159676 0.152892 0.868412 0.762239 0.710555 -0.238788 -0.155653 0.175085
0.453762 0.670723 0.486737 0.146284 0.129249 0.106328 0.412358 0.707167 0.486009 0.158951 0.169354 0.104858
0.763162 0.571288 0.782548 0.0895811 0.038498 -0.208624 0.750243 0.588981 0.762067 0.106013 0.0342502 -0.228131
0.738154 0.682666 0.701533 -0.112843 -0.0464693 0.00881667 0.727583 0.674296 0.667485 -0.128409 -0.0637036 0.0368599
1.05589 1.00695 1.02818 0.161896 0.134968 -0.104107 1.05619 1.00133 1.05086 0.190043 0.155507 -0.173466
0.600712 0.657028 0.594666 0.0377104 0.0434357 0.11692 0.590399 0.654757 0.546114 0.0384908 0.0382838 0.137201
0.728247 0.498502 0.746165 0.195543 0.068984 -0.370574 0.723875 0.468718 0.75533 0.231358 0.0666346 -0.402498
0.800814 0.885923 0.71313 -0.0805334 -0.0097895 0.0892474 0.776338 0.891729 0.687858 -0.0931687 -0.017329 0.112333
0.607673 0.652051 0.571337 -0.029785 -0.0276613 0.0783226 0.631373 0.657654 0.568256 -0.0256605 -0.03787 0.0807065
0.540983 0.59719 0.620381 0.208479 0.102052 -0.171059 0.52273 0.601574 0.59164 0.240464 0.14941 -0.135339
0.683008 2.32432 1.01277 -0.365203 0.348923 1.64184 0.698631 2.35897 0.943006 -0.370013 0.340964 1.59498
0.717116 0.599689 0.62097 -0.010706 0.00127694 0.0171284 0.73774 0.595779 0.607782 -0.00434573 -0.0111747 0.0202801
1.78009 0.506115 1.73144 -1.19442 -1.12758 -0.708876 1.75711 0.516892 1.74567 -1.15379 -1.16578 -0.68919
0.487507 0.746778 0.504881 -0.0168605 0.122193 0.379567 0.479376 0.769029 0.502755 -0.0337239 0.123516 0.409032
0.552404 0.65859 0.545925 0.0477547 0.0854444 0.0464153 0.554935 0.667879 0.539645 0.050356 0.0909261 0.0642191
0.810257 0.789186 0.653464 -0.276654 -0.193373 0.240572 0.83016 0.779804 0.647696 -0.300301 -0.219364 0.259527
0.718999 0.790714 0.719185 0.0784407 0.0774696 0.0295146 0.703148 0.798968 0.722312 0.0768591 0.0797133 0.0305805
0.691226 -0.0759627 0.952098 -0.0924545 -0.369434 -1.02217 0.748829 -0.141915 1.01112 -0.0903828 -0.402596 -1.08661
1.04707 0.874151 0.91988 -0.0535106 -0.0689012 -0.0698781 1.03749 0.870816 0.913485 -0.088544 -0.0891449 -0.0813322
0.984844 0.00275064 1.17316 -0.105705 -0.382087 -1.00205 1.02719 -0.0867004 1.22802 -0.0883022 -0.404468 -1.13672
0.827459 0.667965 0.745971 -0.0888196 -0.108392 0.080728 0.795057 0.69031 0.745836 -0.0803396 -0.118781 0.10434
0.701657 0.655769 0.628573 -0.0154763 -0.0117088 0.0433039 0.687247 0.648963 0.62144 -0.0196593 -0.00020694 0.0618749
0.621704 0.707506 0.584815 0.00373685 0.0367546 0.059662 0.637095 0.677665 0.595301 0.00305805 0.0181445 0.0519869
0.742193 1.16548 0.609103 -0.115459 0.142142 0.645138 0.727342 1.18787 0.580311 -0.119387 0.164458 0.698297
0.867739 0.402809 0.799173 -0.0132901 -0.158629 -0.343327 0.887357 0.354281 0.804374 -0.0163482 -0.166586 -0.376009
0.65603 0.584029 0.608564 -0.0146311 -0.0427511 -0.0273384 0.650231 0.544799 0.609697 0.00903099 -0.0474652 -0.0443148
0.877179 0.416081 0.869176 0.0451603 -0.0263753 -0.431492 0.891321 0.372675 0.862779 0.0434244 -0.0432205 -0.476853
0.734608 0.604942 0.691959 -0.0264333 -0.0700229 -0.0313357 0.705043 0.595986 0.710631 -0.00765677 -0.0554598 -0.0175899
0.648101 0.98108 0.721833 0.246402 0.32624 -8.51462e-05 0.61846 1.02098 0.737287 0.298172 0.371358 -0.00180954
0.515665 0.680601 0.557575 0.226255 0.201836 -0.00721823 0.502409 0.665902 0.549297 0.244932 0.206475 0.00719783
0.846557 0.771983 0.727545 -0.0494265 0.00580881 0.0617082 0.860536 0.770018 0.728021 -0.0497443 0.0116206 0.0676849
0.621807 0.579205 0.610903 0.0902951 -0.0272616 -0.0660974 0.644203 0.574878 0.62144 0.089191 -0.0401463 -0.0776024
0.973236 0.967153 0.901611 0.130588 0.0725639 -0.0714741 0.993015 0.974985 0.900464 0.142632 0.0837361 -0.100163
0.724021 0.389054 0.769898 0.00692516 -0.0926161 -0.209812 0.718001 0.344699 0.793242 0.0342004 -0.106539 -0.238781
0.678315 0.598657 0.580147 -0.0473113 -0.031729 0.0132446 0.682487 0.575292 0.55853 -0.0258675 -0.0504933 -0.0372491
0.667607 0.576754 0.574025 0.010429 -0.0182399 0.0211281 0.669553 0.612217 0.561181 0.018692 -0.0134415 -0.00924101
0.690906 0.804941 0.662626 -0.08872 0.0212276 0.183883 0.695401 0.777153 0.655035 -0.0933726 0.00733933 0.195512
-0.00101726 -0.789157 0.941221 0.460152 -0.33082 -1.83567 -0.00914539 -0.799133 0.973331 0.471205 -0.329016 -1.91552
0.533342 -0.613828 1.66093 -0.071171 -0.468816 -2.076 0.371173 -0.624884 1.63142 -0.0879979 -0.420215 -1.95197
0.650631 0.643322 0.606203 0.0773773 0.124334 -0.0434955 0.661379 0.622474 0.59909 0.0970547 0.112161 -0.0655999
0.674397 0.67489 0.6441 0.144603 0.0695254 -0.0964947 0.670071 0.668622 0.60178 0.15686 0.0736705 -0.0937437
0.924242 0.906288 1.02074 0.493486 0.262756 -0.342914 0.909758 0.866171 1.025 0.556085 0.295358 -0.377755
0.537656 0.622729 0.590328 -0.0323529 -0.000598003 0.0738897 0.585312 0.62792 0.59999 -0.0513753 -0.0385315 0.0897029
0.640015 0.531749 0.661134 0.0171801 0.00330924 -0.0927864 0.65186 0.526248 0.671519 -0.00475961 -0.0182107 -0.112575
-1.49338 0.534831 -0.509161 0.91987 0.961168 0.547684 -1.47685 0.542869 -0.491242 0.875876 0.952311 0.519178
0.528215 0.910613 0.525712 0.330009 0.221083 0.0522494 0.513753 0.942492 0.551469 0.333736 0.23812 0.050356
0.692675 0.718014 0.58739 0.0105559 -0.013962 0.0621777 0.684786 0.74901 0.564886 0.0164732 -0.0173073 0.0452492
0.424 0.554003 0.361899 -0.0661448 0.0131488 0.0995703 0.439158 0.579243 0.3646 -0.0659472 0.0294032 0.128324
0.929779 0.919824 0.815999 0.0157164 0.0083657 0.0559783 0.912083 0.91008 0.78748 0.0148241 -0.00380619 0.0612997
0.789087 0.698521 0.732887 -0.026823 0.0107219 -0.0508224 0.777765 0.711507 0.747796 0.00122322 0.0411818 -0.0285418
0.739844 0.720971 0.607227 -0.0549967 0.0004497 0.0817883 0.752077 0.758193 0.600194 -0.0680927 -0.0199793 0.0994887
0.577436 0.76091 0.614172 0.131303 0.109889 -0.00175962 0.562255 0.789682 0.622267 0.155826 0.107402 -0.0209009
0.956967 0.726583 0.771233 -0.194371 -0.184534 0.0390932 0.970422 0.72639 0.713954 -0.214064 -0.211821 0.0381237
0.761186 0.720034 0.729526 0.0908873 -0.0352618 -0.0162063 0.76961 0.699275 0.73903 0.0733933 -0.0432205 -0.0305805
1.10693 0.914891 0.94506 -0.231472 -0.191714 0.0827211 1.11773 0.936662 0.959489 -0.251092 -0.188222 0.0835684
0.591784 0.776563 0.556328 -0.045936 0.0203591 0.219849 0.614611 0.762986 0.570533 -0.0722219 0.00496655 0.232807
1.11426 0.691378 0.938873 -0.206328 -0.205112 -0.0349907 1.16299 0.625688 0.914942 -0.24068 -0.246851 -0.0228934
0.877036 0.76133 0.832951 -0.0971331 -0.0938674 -0.0680625 0.868813 0.761037 0.814725 -0.0715163 -0.0821335 -0.0669088
0.629912 0.450042 0.556516 -0.136208 -0.136482 0.0808887 0.643996 0.460648 0.554391 -0.134925 -0.136787 0.0653929
0.370408 0.194033 0.304211 -0.0831997 -0.106938 -0.070298 0.388286 0.180728 0.310371 -0.0620314 -0.0832808 -0.0800612
0.816715 0.692814 0.771458 -0.0155602 0.0123697 0.0242668 0.836276 0.677461 0.744534 -0.0181445 0.0134554 0.0214064
0.561842 0.640023 0.567232 0.0625008 0.0423313 -0.0319933 0.560806 0.633028 0.57881 0.0744983 0.0676693 -0.0395255
0.64598 0.481191 0.629622 -0.147381 -0.0921554 -0.0702667 0.658705 0.459931 0.610591 -0.180425 -0.136593 -0.0703352
0.593484 0.798044 0.761156 0.466996 0.368004 -0.200877 0.594081 0.798163 0.760816 0.520816 0.427755 -0.214694
0.592666 0.38585 0.6078 0.0867763 0.0267152 -0.279956 0.582183 0.404924 0.632169 0.106482 0.0447349 -0.294452
0.628806 0.56552 0.580034 -0.0359817 -0.0612937 -0.0944942 0.638202 0.569084 0.607161 -0.0544251 -0.0707734 -0.0962269
1.03704 0.949664 0.862553 -0.0449898 -0.0365646 0.0625363 1.03211 0.904824 0.86279 -0.0826873 -0.0584139 0.059006
0.788684 0.600499 0.60699 -0.313587 -0.218112 0.149226 0.808549 0.612834 0.633425 -0.328435 -0.24546 0.14434
0.834684 0.687496 0.862372 0.0481773 -0.0301122 -0.100382 0.835759 0.687317 0.87943 0.0510831 -0.0572932 -0.120195
1.28766 0.405007 1.13602 -0.310849 -0.461005 -0.484043 1.34401 0.362615 1.18941 -0.329348 -0.490989 -0.51956
0.759334 0.76087 0.695692 0.0133278 0.013532 -0.022142 0.774161 0.782232 0.695938 0.0312479 0.0184176 -0.0217287
0.651669 0.668588 0.619823 -0.157569 -0.0964889 0.0772736 0.656206 0.665311 0.614404 -0.168242 -0.0865008 0.0918812
0.697188 0.61528 0.536371 -0.148107 -0.098091 0.105913 0.694903 0.618336 0.525834 -0.179624 -0.10078 0.137201
0.822238 0.803794 0.672047 -0.167935 -0.103153 0.177918 0.784085 0.787347 0.661151 -0.134554 -0.0888874 0.149641
0.616815 0.423729 0.53427 -0.211573 -0.150316 0.00801003 0.634899 0.399884 0.55131 -0.230605 -0.166548 0.0228925
0.76709 0.618548 0.747627 0.0625001 -0.0210069 -0.130166 0.768684 0.628809 0.751042 0.0497754 -0.000630069 -0.129374
0.488865 0.614067 0.52344 0.0585737 0.0489882 0.0539502 0.500275 0.627128 0.521907 0.0539759 0.0564962 0.0581763
1.22266 1.17853 1.29952 0.0856252 0.0208315 -0.0291948 1.24124 1.19796 1.29877 0.117328 0.0486017 -0.0544871
0.68942 0.546591 0.733372 0.071878 -0.0414067 -0.167849 0.705871 0.516935 0.761952 0.0633235 -0.075326 -0.18666
0.465639 0.689205 0.456332 0.0272 0.0552953 0.178369 0.494172 0.706699 0.443679 0.00165552 0.0349728 0.203008
0.484843 0.572506 0.529781 0.0749712 0.0557301 -0.0651077 0.478237 0.576948 0.526248 0.0757399 0.0773954 -0.0478031
0.612188 0.788015 0.599404 -0.149362 -0.0184816 0.230946 0.641987 0.803453 0.596117 -0.134147 -0.0132516 0.245256
0.488616 0.527545 0.513434 0.144622 0.0639877 -0.037479 0.486487 0.493235 0.506731 0.15668 0.0731734 -0.0611535
0.849814 0.913152 0.945046 0.0515538 0.0540857 -0.0851888 0.870271 0.937033 0.976455 0.0376398 0.0421962 -0.0996464
0.689427 0.671667 0.757507 0.0722744 0.085318 -0.0899596 0.661355 0.668083 0.738418 0.0685004 0.0672772 -0.126196
0.5362 0.374297 0.604363 0.216418 0.0084466 -0.333142 0.565592 0.348428 0.626708 0.221784 0.00378041 -0.359349
0.724742 0.706088 0.63426 -0.028204 -0.134614 0.0268924 0.729448 0.676034 0.602233 -0.0106013 -0.127011 0.00326192
0.291139 0.318751 0.263915 -0.0622063 -0.00118752 0.0860218 0.284808 0.299038 0.254624 -0.0784785 -0.0211288 0.101117
0.870225 0.370274 0.784146 0.0845323 -0.0546861 -0.30563 0.888528 0.32067 0.797991 0.0833785 -0.0545329 -0.326145
0.638728 0.597182 0.598877 -0.0484247 -0.00742754 0.00442182 0.656598 0.635858 0.609935 0.00165912 0.0118212 -0.0101621
0.632609 0.986283 0.730515 0.0473286 0.120684 0.336085 0.608521 1.02263 0.718978 0.0525983 0.12219 0.383158
0.908542 0.834228 0.851499 0.0139792 -0.0317469 -0.075795 0.885409 0.821393 0.860332 -0.0128438 -0.0399586 -0.0725778
0.848262 0.752306 0.770452 -0.1565 -0.107602 0.103638 0.852585 0.738622 0.743107 -0.15331 -0.100304 0.117022
0.699479 0.717575 0.712967 0.0670781 0.0416357 -0.00571073 0.686023 0.713546 0.708449 0.0668694 0.0303767 -0.0095819
0.463599 0.49603 0.485624 -0.0324274 0.000334287 0.073116 0.483411 0.526248 0.496862 -0.0507002 -0.0109678 0.104711
0.608084 0.753319 0.670831 0.00550413 -0.00182086 -0.0987419 0.614399 0.757632 0.646852 0.0306498 0.0160261 -0.106373
0.610328 0.738969 0.623044 0.0901241 0.089081 0.0363423 0.607941 0.752689 0.614057 0.0825675 0.0615688 0.0638114
0.63222 0.347768 0.60639 0.0443121 -0.0618856 -0.192001 0.651911 0.36964 0.614527 0.0430547 -0.0575463 -0.168438
0.258737 0.171873 0.866304 0.484999 0.0612894 -0.977209 0.275527 0.172464 0.94793 0.534223 0.0606741 -1.10065
0.780688 0.673901 0.713685 -0.208414 -0.155542 0.152862 0.819355 0.67583 0.73271 -0.227315 -0.181648 0.156165
0.949585 0.666678 0.888395 -0.053544 -0.00717777 -0.156429 0.937783 0.660729 0.879943 -0.0506353 0.000205835 -0.140173
0.755297 0.846537 0.650243 -0.0555403 0.0147325 0.173134 0.757192 0.841417 0.633442 -0.0569084 0.00744983 0.203215
0.783286 0.723133 0.667874 -0.052009 -0.0749709 0.105877 0.810384 0.707634 0.659113 -0.0907223 -0.105605 0.095819
0.776824 0.776624 0.666549 -0.15855 -0.155242 0.137409 0.788255 0.764013 0.645683 -0.164143 -0.157774 0.146681
0.52435 0.703717 0.50108 0.155039 0.128669 0.137956 0.512666 0.714078 0.499435 0.166758 0.154157 0.135255
0.427908 0.538177 0.44867 0.0681309 0.112139 0.0178444 0.416055 0.513296 0.429707 0.09157 0.134205 -0.00189021
0.348496 0.685184 0.431925 0.0817441 0.139107 0.232076 0.343171 0.739629 0.431841 0.111051 0.16583 0.245974
0.936658 0.875464 0.880768 -0.00291006 -0.00452596 -0.0321667 0.921699 0.885039 0.895256 -0.0288469 0.0248404 -0.0272443
0.949264 0.802267 0.662898 -0.396218 -0.17772 0.40311 0.946366 0.794686 0.638726 -0.416507 -0.197754 0.418546
0.52426 0.562183 0.507336 -0.063769 -0.0276191 0.0909736 0.528731 0.536181 0.501829 -0.0935367 -0.0716011 0.0953992
0.698417 0.720724 0.767458 0.0868572 0.0919166 -0.105944 0.718031 0.767775 0.754116 0.0583069 0.0903145 -0.09113
0.917357 0.827797 0.853168 -0.080944 -0.0613746 0.0168496 0.928004 0.844649 0.833145 -0.0823458 -0.0694288 0.0575209
0.680473 0.453752 0.655791 -0.126687 -0.131112 -0.0597642 0.694696 0.431676 0.670484 -0.128923 -0.158516 -0.0838105
0.501249 0.67397 0.511785 0.191164 0.164791 0.09012 0.492504 0.686145 0.487463 0.226615 0.197632 0.0869495
1.08597 0.604309 0.934068 -0.134201 -0.233265 -0.215949 1.12598 0.580826 0.906203 -0.161873 -0.258304 -0.217326
0.774636 0.739864 0.750441 -0.00633358 -0.00452752 -0.0447328 0.786164 0.735877 0.742292 -0.0192454 -0.00496655 -0.0318687
0.573305 0.482707 0.595898 0.0858506 0.0780035 -0.19546 0.594636 0.467806 0.605259 0.0813668 0.086678 -0.232841
0.533291 0.601998 0.460034 -0.0497914 -0.00272499 0.108314 0.532618 0.612637 0.46058 -0.0386442 0.0027303 0.115513
0.756581 0.659286 0.791972 0.00214678 -0.0479935 -0.0623561 0.777765 0.661559 0.812219 0.00285418 -0.0682965 -0.0699275
0.699462 0.902925 0.856986 0.435808 0.250988 -0.145129 0.676342 0.899015 0.864508 0.43946 0.269563 -0.150208
0.819571 0.733371 0.690412 -0.128502 -0.102203 0.183809 0.822005 0.719662 0.663394 -0.161058 -0.123342 0.195715
1.05995 0.997364 0.851391 -0.161453 -0.090057 0.199416 1.0445 1.02326 0.84898 -0.155653 -0.0923502 0.218155
0.630411 0.469709 0.475617 -0.151044 -0.0827078 0.108889 0.654851 0.471081 0.46268 -0.157727 -0.0653171 0.105011
0.389249 0.282284 0.567188 -0.267041 -0.143673 0.0548027 0.355255 0.283492 0.596066 -0.298347 -0.146454 0.0594183
0.498815 0.516132 0.486172 -0.00531692 0.0166352 0.0790856 0.482633 0.498594 0.474652 -0.0157517 0.0359139 0.0957704
0.905443 0.714851 0.828338 -0.184896 -0.133682 -0.0800477 0.908878 0.728184 0.803106 -0.194917 -0.150845 -0.0681107
0.546749 0.486149 0.659242 0.0514775 -0.0124642 -0.173499 0.570212 0.499014 0.656742 0.0529258 -0.00357039 -0.18545
0.600885 0.596949 0.590232 0.0496942 -0.0199694 -0.153584 0.616417 0.615157 0.582183 0.0888397 -0.00861094 -0.171379
0.563667 0.747447 0.53536 0.0696605 0.0873749 0.143184 0.565802 0.759443 0.508675 0.0579663 0.101651 0.18503
-1.47914 0.53055 -0.518353 0.921487 0.965305 0.54806 -1.47481 0.547555 -0.493344 0.887792 0.963552 0.524646
0.789153 0.892828 0.552871 0.00249306 0.0807254 0.155559 0.822316 0.921911 0.515149 -0.0249497 0.0703499 0.171376
1.15467 0.756804 1.08882 -0.0182374 -0.123307 -0.285726 1.15231 0.718736 1.09942 -0.0122672 -0.133732 -0.313316
1.06143 0.987761 1.03314 0.0187527 0.107607 0.0139732 1.05043 0.969975 1.02162 0.0107267 0.0941569 0.01172
0.80176 0.895849 0.838196 0.0960919 0.0686624 -0.0320504 0.79754 0.904572 0.824044 0.134962 0.0915377 -0.0505598
0.821883 0.140441 1.13702 0.175777 -0.256305 -1.01213 0.857628 0.090784 1.16292 0.205871 -0.317744 -1.12034
0.617994 0.584404 0.623672 -0.070104 -0.0391003 0.0029297 0.633406 0.608078 0.642748 -0.0809663 -0.0193074 0.0276116
0.839484 0.89752 0.628455 -0.108961 -0.0646485 0.27432 0.825991 0.85398 0.609023 -0.126054 -0.0929572 0.28071
0.622288 0.786559 0.561699 -0.00341452 0.0552385 0.103892 0.640064 0.768988 0.549218 -0.0194523 0.0509071 0.111954
0.524777 0.710276 0.537562 0.0702811 0.0849491 0.103655 0.520437 0.720589 0.54627 0.0774985 0.0936702 0.0802288
0.910623 0.852938 0.70308 -0.853237 -0.537324 0.734727 0.959006 0.840647 0.729052 -0.930759 -0.575881 0.778186
0.68209 0.535669 0.477804 -0.157702 -0.129396 0.100344 0.699166 0.534718 0.484943 -0.152477 -0.127694 0.112782
0.577314 0.556331 0.463741 -0.121031 -0.0940895 0.0373925 0.598355 0.564752 0.451129 -0.149746 -0.102491 0.0697276
0.98114 0.691229 0.874536 -0.0941628 -0.170144 -0.0555054 1.00141 0.676645 0.857478 -0.111925 -0.185114 -0.0631998
-0.44748 0.497347 -0.319298 0.40205 0.589364 0.448637 -0.48683 0.562855 -0.310416 0.434944 0.645648 0.509615
0.54213 0.688883 0.514901 0.0140216 0.0205354 0.101882 0.560761 0.668713 0.520647 -0.000210023 0.0262529 0.109212
0.405326 0.725657 0.431934 0.210906 0.241626 0.130736 0.402443 0.739224 0.400537 0.225368 0.264553 0.162036
0.475567 0.61607 0.401841 -0.176684 -0.0237407 0.364403 0.496766 0.639841 0.393457 -0.194835 -0.0113619 0.38988
0.591438 0.599723 0.584991 -0.0924622 -0.0223717 0.146691 0.55341 0.610957 0.578613 -0.0598565 -0.0142816 0.131054
0.748666 0.705525 0.681408 -0.0459169 -0.000962385 -0.0218814 0.742706 0.71746 0.684556 -0.0252466 0.0182107 0.00227634
0.901655 0.96688 0.702702 -0.145584 -0.0661674 0.168026 0.906809 0.997388 0.71491 -0.173459 -0.0849057 0.185009
-0.6607 -0.494657 -0.544143 -1.39223 -0.677242 0.871406 -0.698756 -0.49228 -0.549794 -1.32149 -0.659092 0.817309
0.735739 0.636494 0.66663 0.049174 -0.0293601 -0.0907306 0.748942 0.64351 0.668503 0.0451549 -0.0359139 -0.105011
1.03772 0.969485 0.956402 -0.0388516 -0.103562 0.0542614 1.04993 0.984897 0.960025 -0.0438321 -0.109274 0.0640153
0.845296 0.777511 0.748875 -0.182254 -0.12072 0.0710984 0.870934 0.746165 0.74535 -0.195104 -0.119468 0.0615688
0.830593 0.409253 1.05426 0.174325 -0.0962783 -0.681002 0.896923 0.368665 1.08856 0.177843 -0.118224 -0.758826
1.04945 0.922353 1.02238 0.00652681 0.00818241 -0.0482296 1.08569 0.931789 1.03906 -0.012608 0.0100063 -0.0638404
0.75869 0.968031 0.658255 0.00784647 0.101159 0.133987 0.747892 0.977237 0.667663 0.0155417 0.0987108 0.138825
0.612321 0.5681 0.52744 -0.14122 -0.0678341 0.0335473 0.63931 0.566642 0.508675 -0.143656 -0.0888397 0.0516656
-0.34495 2.68078 0.782287 0.923254 1.83184 0.984662 -0.346178 2.54423 0.775234 0.796382 1.83892 0.942703
0.972947 0.91317 0.891279 -0.106671 -0.045216 0.0299757 0.974908 0.873992 0.896825 -0.110498 -0.0844023 0.0566759
0.768634 0.773592 0.733952 -0.024584 0.11164 0.0430396 0.75057 0.780576 0.718081 -0.0186246 0.110506 0.0347659
0.757872 0.716226 0.835119 0.103809 0.0475242 -0.0909527 0.763643 0.701477 0.804808 0.108792 0.0600666 -0.107742
0.623225 0.662205 0.594643 0.00309592 0.0622587 0.0551029 0.636369 0.64351 0.569372 0.0533458 0.0766584 0.0220524
0.858691 0.750894 0.866112 0.024437 -0.0279056 -0.107598 0.807685 0.728427 0.867698 0.0256605 -0.0442851 -0.122922
0.622803 0.835096 0.708448 0.171236 0.218327 0.0436709 0.605763 0.85893 0.721485 0.177134 0.253376 0.0626652
0.806153 0.788742 0.545644 -0.269383 -0.107558 0.299511 0.785482 0.792363 0.515453 -0.262731 -0.110931 0.346346
0.978831 0.79918 0.92514 -0.076226 -0.0928386 -0.0596155 0.998353 0.798764 0.907427 -0.0964306 -0.111925 -0.0483173
0.591243 0.656683 0.542469 -0.0542956 -0.0469389 0.133563 0.594575 0.661992 0.525897 -0.0814889 -0.0514556 0.158987
0.208053 0.929915 0.249695 -0.401781 -0.0233107 0.994929 0.195993 0.968855 0.211086 -0.418398 -0.0268311 1.08603
1.02655 1.15338 0.859316 -0.014554 0.0477974 0.24264 1.0184 1.17827 0.826117 0.0114766 0.0726854 0.250271
0.986819 0.799029 0.893206 -0.043793 -0.0396183 -0.094813 0.95685 0.817627 0.919194 -0.05862 -0.046204 -0.0883371
0.95333 0.925047 0.840653 -0.106204 -0.0266929 0.127096 0.974578 0.939867 0.849289 -0.134531 -0.025263 0.145211
0.792018 0.771957 0.733043 -0.0159109 0.0185873 0.0477242 0.794097 0.787166 0.726469 -0.0147016 0.027933 0.0594365
0.653781 0.543068 0.644147 -0.0592427 -0.0178024 0.0239159 0.668293 0.541019 0.631329 -0.0373841 -0.0102911 0.0264629
0.731693 0.826832 0.710183 0.0818843 0.0654854 0.019346 0.72899 0.855843 0.712398 0.0842192 0.0785486 0.0205822
0.784188 0.814189 0.752261 -0.0863656 -0.0574515 0.193248 0.797132 0.815249 0.743606 -0.103347 -0.078231 0.213076
1.22126 0.980398 1.01738 -0.191506 -0.127275 0.164796 1.23589 0.982603 1.02915 -0.208746 -0.122451 0.198558
0.847698 0.829391 0.900671 0.0292808 0.0671204 -0.0815187 0.817205 0.811617 0.922537 0.0558737 0.0935367 -0.0844314
0.815079 0.958467 0.852547 0.128301 0.150067 -0.00953493 0.818743 0.927406 0.826694 0.11274 0.145767 -0.00101935
0.806379 0.782484 0.720168 -0.111818 -0.0288592 0.187767 0.817409 0.82413 0.711978 -0.135255 -0.0210023 0.215484
0.598086 0.63849 0.502202 -0.00246448 1.61906e-05 0.108198 0.592265 0.660102 0.486203 0.00609066 0.0113412 0.117193
0.683561 0.697353 0.77211 0.115594 0.0713161 -0.104591 0.683205 0.691605 0.780445 0.113412 0.0781285 -0.0924101
1.10605 0.995359 1.0819 -0.042045 -0.0144791 -0.0293702 1.12926 0.976791 1.0773 -0.0497524 -0.0377155 -0.044737
1.08457 1.07574 0.962984 -0.00917428 -0.022839 0.106054 1.05871 1.08193 0.96343 0.0108093 -0.0184159 0.108093
0.343812 1.07542 0.419233 0.201993 0.376294 0.563819 0.293898 1.14517 0.407992 0.227765 0.413485 0.610192
0.618428 0.826683 0.556753 -0.0714992 0.0527074 0.346778 0.61279 0.813842 0.520431 -0.067855 0.0416764 0.383674
0.707565 0.707948 0.695768 -0.0335113 -0.0375292 0.00174086 0.705047 0.719748 0.704837 -0.0294032 -0.0338137 0.0115513
0.856193 0.812896 0.827698 0.0554311 0.0525939 -0.00801932 0.842865 0.808927 0.815342 0.0846383 0.0556668 -0.00869146
0.657989 0.871278 0.652213 0.0659488 0.09659 0.109475 0.635926 0.890875 0.628062 0.0784301 0.0885702 0.13658
0.588945 0.670467 0.600195 0.0543916 0.0791137 -0.0292838 0.600035 0.681524 0.616837 0.0609066 0.0630069 -0.0359139
0.676549 0.61431 0.628042 -0.00581533 -0.0122628 0.0321007 0.676904 0.595835 0.615787 0.00987108 0.0304533 0.0380141
0.723276 0.553504 0.742946 0.109877 -0.0278555 -0.189774 0.689925 0.509096 0.711558 0.114673 -0.0222624 -0.212753
0.841254 0.874843 0.787585 0.123119 0.110696 0.0330955 0.855075 0.915294 0.787405 0.129337 0.13658 0.0304201
0.795179 0.765344 0.74468 -0.0531074 0.00432605 0.0757277 0.808588 0.762173 0.726679 -0.0684675 -0.0113412 0.0892597
0.181051 0.840981 0.212117 0.0588193 0.299351 0.631063 0.190212 0.873748 0.175385 0.0252063 0.293791 0.700905
0.668265 0.87209 0.660774 0.0622026 0.125096 0.173662 0.676904 0.884826 0.636579 0.0581763 0.128744 0.192591
0.868737 0.771645 0.734951 -0.0545203 -0.0497356 -0.0230494 0.85939 0.814953 0.736 -0.0665521 -0.0465038 -0.0291424
0.726459 0.603538 0.654372 -0.0409685 -0.0445463 -0.0761506 0.721639 0.593105 0.654851 -0.0516656 -0.0588064 -0.119713
1.23223 1.12582 1.02023 -0.123253 0.00581355 0.129345 1.26031 1.1166 1.02923 -0.136739 -0.00119423 0.131564
0.843612 0.680887 0.886848 0.338422 0.152998 -0.465724 0.883459 0.625679 0.914359 0.365412 0.148902 -0.547081
1.08747 1.47333 1.16804 0.245863 0.275738 0.125197 1.04886 1.49855 1.16769 0.265978 0.306627 0.144031
0.690969 1.65295 1.79831 1.33711 0.784831 -1.17007 0.717044 1.6299 1.79964 1.29642 0.811387 -1.15106
1.08421 1.2761 1.1149 0.16241 0.144227 0.0478478 1.11773 1.30779 1.12834 0.143797 0.149204 0.0588805
1.50483 1.37304 1.35788 -0.000813201 -0.0227908 0.0273626 1.52296 1.36574 1.34298 0.00389156 -0.0186795 0.0503957
0.810733 0.554234 0.728454 -0.102627 -0.152023 -0.0707088 0.814679 0.524847 0.73361 -0.101231 -0.169699 -0.101861
0.833049 0.797742 0.827812 -0.0129476 -0.0293179 -0.0236785 0.82812 0.804598 0.840302 0.0073508 -0.0239426 -0.00756082
0.397381 1.05859 0.470437 0.313341 0.495045 0.416115 0.392882 1.08931 0.440933 0.347793 0.523066 0.450247
0.841941 0.811648 0.853898 -0.0633465 -0.0563742 -0.00814776 0.833581 0.832321 0.891547 -0.0762383 -0.0697276 -0.0212123
0.894861 1.22411 0.765991 -0.242499 0.00988638 0.589671 0.870229 1.27187 0.785383 -0.236429 0.0268577 0.634207
0.794006 0.598179 0.768372 0.0557445 -0.0285736 -0.0628417 0.764483 0.583234 0.792627 0.0340237 -0.0428447 -0.0898898
0.864982 0.922278 0.851166 -0.042944 0.0210342 0.114669 0.858386 0.951095 0.821757 -0.05815 0.0399393 0.152515
0.304566 1.45588 0.507543 -0.0741604 0.436934 1.26145 0.288054 1.4854 0.453849 -0.0954216 0.438144 1.22617
0.796039 0.258725 1.4128 0.437298 -0.0960142 -1.25717 0.812146 0.18386 1.42462 0.457308 -0.11301 -1.31122
-1.65829 0.537065 -0.548618 0.889517 1.00092 0.528346 -1.64829 0.478789 -0.553243 0.81966 0.953991 0.486414
0.724331 0.564628 0.618061 -0.157393 -0.119925 0.0721113 0.727121 0.564257 0.597165 -0.145256 -0.122829 0.0915975
0.813877 0.973596 0.840213 0.253505 0.194782 -0.053394 0.774989 1.01442 0.810583 0.281645 0.221839 -0.0424226
0.951526 0.899221 0.842346 -0.0722121 0.00116604 0.0744563 0.964546 0.886529 0.845141 -0.0842244 -0.0362144 0.0767746
0.90039 0.949716 0.719748 -0.104305 0.00313561 0.220692 0.904237 0.97708 0.693138 -0.103176 -0.0266195 0.245147
0.540511 0.351537 0.510626 -0.141042 -0.132672 0.0610479 0.537789 0.314556 0.491156 -0.135149 -0.139035 0.0565639
1.03999 0.0407861 1.4501 -0.0132526 -0.420109 -1.35144 1.05308 0.00641753 1.52256 -0.0172471 -0.472892 -1.41847
0.889267 0.692849 0.685028 -0.158856 -0.093732 0.129769 0.907299 0.673543 0.707567 -0.166968 -0.115933 0.135255
0.871416 0.917687 0.986564 0.218074 0.116584 -0.275758 0.866847 0.95169 1.04336 0.258047 0.147544 -0.289708
0.982322 0.753971 1.09815 0.203688 0.0185043 -0.365545 0.975305 0.736607 1.08222 0.192906 0.00849533 -0.376281
1.26322 0.651515 1.21171 -0.233375 -0.299987 -0.258639 1.28053 0.609946 1.22267 -0.239366 -0.321872 -0.296623
0.880499 0.976158 0.775096 0.100105 0.0258173 0.066663 0.870335 1.00076 0.793257 0.116773 0.0315034 0.0510356
1.37595 1.94986 1.27561 0.143416 0.314793 0.471103 1.35911 1.95297 1.25663 0.137399 0.356856 0.509903
0.882715 1.24803 0.891929 0.081296 0.332076 0.337993 0.839662 1.30037 0.867386 0.116603 0.37264 0.372232
0.697586 2.46482 1.03643 -0.395906 0.376374 1.76739 0.731647 2.48528 0.992284 -0.389336 0.368965 1.72812
0.711848 0.990849 0.746423 0.25849 0.184495 0.0815258 0.694336 0.995299 0.741171 0.285631 0.198472 0.0695176
0.766464 1.0715 0.864632 0.235695 0.199647 -0.00371654 0.72884 1.13775 0.882182 0.226805 0.220183 0.0010347
-0.61917 -0.482268 -0.5502 -1.41817 -0.70702 0.901766 -0.67812 -0.476665 -0.55315 -1.35488 -0.682218 0.845431
0.567752 0.798627 0.699102 0.283968 0.265496 -0.105103 0.513397 0.840661 0.698896 0.312052 0.291981 -0.156132
1.04826 0.920884 1.09002 0.0588964 -0.0578465 -0.208595 1.07157 0.902744 1.0724 0.0157431 -0.0841014 -0.210461
0.478893 0.885928 0.239598 -0.848561 -0.439872 1.25856 0.49061 0.925181 0.25757 -0.904246 -0.479825 1.30287
0.9189 0.952413 0.895852 0.183533 0.146859 -0.0638288 0.905199 0.969676 0.885457 0.205402 0.157517 -0.0525057
0.544026 1.36428 0.642864 0.239088 0.495848 0.590667 0.517756 1.41204 0.621224 0.304145 0.545709 0.647716
0.822191 1.03034 0.708444 -0.0445164 0.0303339 0.289414 0.819719 1.02764 0.681524 -0.064267 0.0235226 0.288151
0.789926 1.40452 0.718169 -0.46228 0.0484736 0.94586 0.781495 1.4008 0.696197 -0.439303 0.065475 1.00055
0.942025 -0.0690038 0.939625 -0.825769 -0.795055 -0.518173 0.971381 -0.1042 0.995062 -0.87364 -0.857708 -0.569653
1.90147 0.497403 1.85204 -1.29418 -1.24667 -0.76972 1.91173 0.508558 1.85106 -1.26734 -1.25748 -0.754722
-0.599129 -1.15405 0.107726 0.123584 -0.358934 -1.68803 -0.659577 -1.13387 0.106965 0.105579 -0.348386 -1.63797
0.477032 -0.582752 2.30976 0.384285 -0.542861 -2.35841 0.289583 -0.609206 2.31606 0.398126 -0.540515 -2.33248
1.95576 0.977616 2.17542 0.150998 -0.240509 -1.23367 1.98425 0.930856 2.22013 0.193079 -0.23276 -1.33428
0.958993 0.473508 1.55585 0.733845 0.0906277 -1.38059 0.9611 0.481564 1.58729 0.753585 0.0716058 -1.3885
0.942992 1.97528 2.34531 1.28662 0.958345 -1.23455 0.97419 2.01978 2.34427 1.28412 0.917 -1.22284
0.700372 1.90808 0.783233 -0.306169 0.359145 1.48168 0.712951 1.89141 0.796162 -0.316955 0.33324 1.47535
0.610822 1.68196 0.629174 -0.500759 0.0394595 1.3451 0.529894 1.69137 0.624561 -0.398725 0.0866444 1.31711
1.66438 1.70287 1.47146 -0.252392 -0.10561 0.288271 1.63292 1.72486 1.45096 -0.262627 -0.119941 0.319002
0.16854 2.03625 0.696357 0.656885 1.23419 0.878545 0.121759 2.09988 0.71138 0.679564 1.27551 0.89616
1.54077 0.384682 2.03444 0.127583 -0.338706 -1.61813 1.56142 0.354175 2.1181 0.167523 -0.377362 -1.68335
2.12146 0.857785 2.37729 -1.28331 -1.40083 -0.763223 2.13215 0.895696 2.37158 -1.27377 -1.36644 -0.759575
0.65527 1.42177 1.44439 1.09697 0.519503 -0.927199 0.673872 1.41989 1.42227 1.08672 0.570017 -0.917259
0.0203583 1.90409 0.699867 0.869986 1.01428 0.241926 -0.0232135 1.88071 0.751617 0.872703 1.06699 0.244683
1.38091 2.06922 1.4608 0.0244267 0.290497 0.542411 1.35745 2.12357 1.44838 0.0404565 0.288302 0.576407
1.83232 0.219261 2.42816 -0.0691299 -0.698228 -1.93002 1.81979 0.145426 2.49058 -0.0454807 -0.754081 -1.91674
0.972685 3.16208 1.31759 -0.493187 0.388051 1.83388 0.993745 3.13665 1.32732 -0.479809 0.381829 1.77575
2.17486 0.854234 2.40691 -1.3329 -1.42564 -0.790729 2.16896 0.889527 2.40877 -1.30603 -1.40548 -0.778703
0.576102 2.48121 0.974486 0.817892 1.14766 0.564856 0.539558 2.57406 0.9676 0.905336 1.23808 0.601021
1.18928 0.644996 2.21757 0.848852 0.0102833 -1.97494 1.15869 0.574724 2.15875 0.826313 0.0151347 -1.86373
0.677362 -0.0636007 1.96925 0.686769 -0.270553 -1.94297 0.635309 -0.0761866 2.01653 0.659235 -0.283968 -1.94538
-0.318073 2.3813 0.603833 1.12193 1.6341 0.281445 -0.307709 2.32007 0.608086 1.02639 1.58672 0.2323
0.949258 2.9786 1.38475 0.435346 1.13667 0.955131 0.91431 3.03569 1.39702 0.458036 1.20296 0.972274
2.25653 0.852757 2.47964 -1.38121 -1.49722 -0.821487 2.22817 0.886507 2.46577 -1.35698 -1.47474 -0.799557
1.33744 -0.142389 2.23612 -0.193725 -0.663763 -1.82558 1.25575 -0.131996 2.26293 -0.190707 -0.652586 -1.79915
-0.601176 1.995 0.193859 1.11249 1.6233 0.397339 -0.613589 2.01399 0.175247 1.0535 1.57161 0.377455
0.58612 3.42547 1.33788 0.806304 1.79368 1.04175 0.557567 3.34953 1.377 0.764933 1.81593 0.985088
-0.558835 3.63019 0.986468 1.07357 2.63151 0.569497 -0.664906 3.52185 0.967956 1.07369 2.52562 0.55303
0.577836 3.29231 1.30119 0.188254 1.32747 1.46187 0.634316 3.14345 1.35546 0.0888528 1.28159 1.38926
0.518441 3.80636 1.37946 0.748318 1.87408 1.28888 0.505361 3.74136 1.40067 0.679185 1.86152 1.18515
2.15102 0.0651815 3.75268 -0.0547319 -0.885624 -2.63899 2.04714 0.110715 3.79561 -0.0552585 -0.813033 -2.51139
2.78481 0.499141 4.43513 -0.193564 -0.919034 -2.71464 2.71987 0.504584 4.4581 -0.170152 -0.822495 -2.58992
0.958596 -0.129234 4.17456 0.458616 -0.282801 -2.66943 0.999214 -0.104532 4.162 0.458072 -0.336052 -2.53261
1.55269 -0.0614182 4.75101 0.544237 -0.493223 -3.16182 1.5199 -0.0208582 4.73069 0.556088 -0.540937 -3.09509
0.0884474 0.0443311 0.0914418 -0.0300531 -0.0279498 -0.0264241 0.0945817 0.0411392 0.0882378 -0.0292204 -0.0267213 -0.0253756
0.0422406 -0.0967625 0.045003 -0.0450439 -0.0560581 -0.0675459 0.0503586 -0.106528 0.041449 -0.0433858 -0.0534576 -0.0656598
0.109612 0.148324 0.0640939 -0.0245307 -0.00255925 0.0302648 0.117308 0.148169 0.0565457 -0.0226183 -0.00287521 0.0285604
-0.0898942 0.0760526 -0.0791234 0.000159802 0.0324115 0.0590378 -0.0974323 0.0799643 -0.0871456 -0.00155271 0.0314423 0.0543447
-0.163196 -0.114071 -0.0962998 -0.0134271 -0.00448981 -0.0141317 -0.172897 -0.116701 -0.0979032 -0.0150771 -0.00450355 -0.0146855
-0.097601 0.0374417 0.0575818 0.0179651 0.0235327 -0.0120394 -0.12145 0.0427396 0.0673004 0.0116035 0.0212731 -0.014311
-0.173053 -0.163823 -0.119373 -0.021975 -0.0162875 -0.0257296 -0.179666 -0.169063 -0.122723 -0.022581 -0.0157085 -0.0255263
-0.0518869 0.171678 0.0672738 0.0298388 0.0523712 0.0415642 -0.0742207 0.179014 0.0747975 0.0240352 0.0499932 0.0359567
-0.0222488 0.0227889 0.0240775 -0.00968252 -0.00118295 -0.00574437 -0.0344296 0.0307545 0.0299808 -0.0139266 -0.0015474 -0.00754356
-0.134634 0.202891 -0.0882032 0.0832808 0.123878 0.186338 -0.138928 0.205971 -0.0945566 0.0864185 0.123234 0.186013
0.359173 0.121936 0.246475 -0.0674394 -0.0775603 -0.0600908 0.366939 0.112262 0.237989 -0.0627684 -0.0754737 -0.0578379
0.208485 0.250863 0.0238413 0.0654945 -0.055584 0.116946 0.221197 0.239917 0.00744964 0.0651366 -0.0609343 0.125116
0.259427 -0.14083 0.176353 -0.204068 -0.144297 -0.230234 0.256519 -0.157563 0.178315 -0.203678 -0.136042 -0.230195
0.359857 0.0606122 0.429573 -0.0425685 -0.0922569 -0.164189 0.361278 0.0451125 0.446595 -0.0392611 -0.0915463 -0.175354
-0.158582 0.0904314 0.237772 0.0733441 0.0560975 -0.0605911 -0.202876 0.0857951 0.287519 0.0635306 0.0499032 -0.076966
-0.0482364 0.216314 0.317668 0.0797804 0.0663226 -0.0425451 -0.0933776 0.211669 0.36267 0.070366 0.0606669 -0.0578142
-0.0335019 0.34361 0.113698 0.358183 0.227246 -0.101149 -0.0447841 0.351192 0.10507 0.356933 0.230428 -0.0976065
0.290965 0.553656 0.448249 0.0600314 0.0774759 0.0474485 0.279595 0.564026 0.457062 0.0567375 0.0768281 0.045204
0.562396 0.202841 0.630845 -0.0427543 -0.105184 -0.193352 0.560176 0.188832 0.651432 -0.0390302 -0.105196 -0.210205
-0.506922 0.16447 -0.194496 0.381454 0.329087 0.226457 -0.505859 0.180523 -0.179931 0.401689 0.325928 0.239908
-0.0596034 -0.0650197 0.204493 0.253121 0.0156896 -0.653149 -0.0609266 -0.0489347 0.202895 0.246994 0.0174076 -0.673287
0.502432 -0.0266298 0.328575 -0.442333 -0.325639 -0.262596 0.492846 -0.0219885 0.341959 -0.450006 -0.334756 -0.267653
0.197965 -0.162989 0.349625 -0.234236 -0.276181 -0.607034 0.1821 -0.146484 0.359604 -0.231885 -0.282437 -0.623467
-0.037825 0.0286478 -0.00328905 0.0132372 0.0189322 0.0143464 -0.0450193 0.0258663 -0.00592359 0.0124395 0.0183631 0.012637
-0.0690361 0.0293836 -0.00312364 0.0220202 0.0280229 0.0150341 -0.0790375 0.0280583 -0.00296391 0.0203522 0.0270703 0.0128436
-0.118568 -0.0953831 -0.035487 0.0108072 0.00388594 -0.0234567 -0.126883 -0.102023 -0.0332122 0.0105404 0.00318201 -0.0252572
-0.116437 -0.0337035 -0.129983 0.00461402 0.0212434 0.03863 -0.119892 -0.0366447 -0.140007 0.00458059 0.0209114 0.0372422
-0.114615 -0.139657 -0.115093 -0.00952362 -0.0107745 -0.0108174 -0.116451 -0.148609 -0.122243 -0.00798975 -0.0105864 -0.0111857
-0.0580964 -0.171432 -0.0286244 -0.0146571 -0.0347961 -0.0586889 -0.0607094 -0.18372 -0.0302552 -0.0129381 -0.0342361 -0.059316
-0.125308 -0.200505 -0.098487 -0.0125517 -0.0252334 -0.0419029 -0.127654 -0.21189 -0.102243 -0.0108046 -0.0248105 -0.0422179
0.00351899 0.00575911 0.0047867 -0.00053745 0.000108212 0.000867132 -0.0035522 0.00927518 0.00670971 -0.00276282 -0.000197344 -0.00118407
0.140813 0.214927 0.164643 0.0203818 0.0262916 0.0238112 0.133667 0.215849 0.164947 0.0190398 0.0258397 0.021954
0.142437 0.185435 0.208768 0.0232215 0.0171575 -0.00758885 0.132025 0.184835 0.214541 0.021357 0.016309 -0.00990187
0.0429726 -0.0114537 -0.170454 -0.0424203 -0.0182391 0.0623636 0.0519986 -0.0164728 -0.193308 -0.0394951 -0.0184575 0.0621205
0.224974 -0.155015 0.0997977 -0.0680887 -0.109788 -0.108469 0.238178 -0.173274 0.0922425 -0.0633307 -0.108174 -0.108174
-0.00403986 0.211883 0.0315683 0.0499211 0.124924 0.271972 -0.00470852 0.203447 0.0274664 0.0543442 0.125561 0.273094
0.216957 -0.0596306 0.0483635 -0.209867 -0.164766 -0.100463 0.218377 -0.0612713 0.0345633 -0.20954 -0.165157 -0.102315
-0.126151 0.262324 -0.160394 0.0556471 0.119785 0.175099 -0.13749 0.288019 -0.18253 0.047213 0.118921 0.169493
-0.0664335 0.263335 -0.113191 0.135916 0.227241 0.27075 -0.0589919 0.25984 -0.126468 0.142251 0.232022 0.274243
-0.105857 0.282144 0.0920203 0.337451 0.250896 -0.0255395 -0.112909 0.28384 0.0929144 0.340686 0.25032 -0.0229346
-0.145756 0.285636 -0.270055 0.0511569 0.134442 0.225871 -0.154853 0.319818 -0.302568 0.0410429 0.132844 0.215327
-0.0408376 0.346653 0.0472992 0.0780522 0.216918 0.413194 -0.0432539 0.34153 0.0436453 0.0839635 0.220967 0.413946
0.16215 -0.297753 0.202891 -0.144008 -0.221321 -0.452536 0.159883 -0.301014 0.210809 -0.143697 -0.219296 -0.461292
0.0771338 0.499852 0.0967722 -0.0932589 0.0949015 0.535614 0.0696098 0.50724 0.0938473 -0.0957862 0.09249 0.538652
0.149523 0.534415 0.0880014 -0.0497064 0.152003 0.538616 0.15479 0.537507 0.0772013 -0.0483717 0.155757 0.544279
-0.236125 -0.144522 -0.625172 -0.628598 -0.254603 0.644105 -0.1969 -0.135696 -0.627746 -0.64043 -0.256293 0.655127
-0.0948506 -0.238776 -0.211539 -0.49002 -0.210275 0.342208 -0.0774971 -0.243562 -0.202096 -0.50041 -0.201694 0.34924
0.116066 0.491654 0.182834 -0.0836477 0.128978 0.607469 0.10927 0.502253 0.182954 -0.0876091 0.12919 0.608622
-0.0224491 0.292187 -0.142541 -0.279587 -0.0331113 0.722801 -0.012066 0.287209 -0.151912 -0.283847 -0.0369891 0.735232
0.0348471 0.102044 0.0288935 0.0124393 0.0230989 0.0324724 0.0243295 0.100509 0.0219364 0.0101705 0.0221359 0.0311099
0.119807 0.0312462 0.0883814 -0.0123544 -0.0232121 -0.0229092 0.113264 0.0226927 0.0820121 -0.0125407 -0.0234889 -0.0234889
-0.0694657 0.0774978 -0.025193 0.0286101 0.0449306 0.0445201 -0.0813818 0.0795778 -0.0290649 0.0248555 0.0434972 0.0422945
0.11225 -0.0318783 0.0173601 -0.0319518 -0.0413052 -0.0204152 0.110797 -0.0423989 0.00579984 -0.0307992 -0.0413989 -0.0199995
-0.135106 -0.163051 -0.101116 -0.00312945 -0.0104384 -0.0251917 -0.140211 -0.170242 -0.104905 -0.00304365 -0.0107542 -0.0255667
0.00854597 0.00566159 0.00607328 0.000941504 0.00067525 0.000860588 -0.00180293 0.00600977 0.00540879 -0.00180293 -0.000400651 -0.00160261
-0.349928 0.521675 -0.111954 0.281133 0.45931 0.544615 -0.346835 0.536593 -0.11231 0.297513 0.469049 0.555807
0.129751 0.255164 0.0787746 0.0184477 0.0442191 0.0782622 0.118808 0.258767 0.0670146 0.0148262 0.0432926 0.0767011
-0.177156 0.476178 -0.0530749 0.0358637 0.236763 0.728104 -0.177811 0.481195 -0.0652501 0.0488883 0.234585 0.742392
0.250937 0.241091 0.196732 0.000258197 0.00362477 0.0221967 0.243549 0.237854 0.188947 -0.00137488 0.00294616 0.0214088
-0.0976747 0.130935 0.145388 0.0754789 0.0712214 -0.000551239 -0.126124 0.142039 0.169889 0.0654492 0.0668418 -0.00795735
0.276383 -0.0377165 0.311863 -0.0236631 -0.0857164 -0.149602 0.268461 -0.0502994 0.316788 -0.0242621 -0.0852131 -0.153462
-0.152729 0.0942866 -0.287757 0.0143347 0.0732308 0.152865 -0.157063 0.107411 -0.311694 0.00932245 0.0715397 0.148146
0.367804 0.226157 0.0863025 -0.0598443 -0.0414483 0.0630172 0.375606 0.22143 0.0639119 -0.058799 -0.0428702 0.0648952
-0.297108 0.189549 -0.0636447 0.105265 0.144035 0.109943 -0.320035 0.217511 -0.0454321 0.0908643 0.140317 0.101318
-0.0122062 0.218623 0.113826 0.320583 0.176841 -0.0241024 -0.0196788 0.207522 0.111911 0.326589 0.170947 -0.0188837
-0.365898 -0.415314 -0.15478 0.0094061 -0.0223428 -0.0995492 -0.364022 -0.415348 -0.141198 0.00906963 -0.0224679 -0.100178
-0.354494 -0.109707 -0.454631 0.00917639 0.0636033 0.128404 -0.349926 -0.0990358 -0.472896 0.00618974 0.0618974 0.124207
0.0253241 0.223498 -0.0103352 -0.15491 0.0400701 0.452299 0.021735 0.214359 -0.0173481 -0.158925 0.0414759 0.449854
0.375342 0.594448 0.318577 -0.461215 -0.0298955 0.980691 0.447596 0.599797 0.290328 -0.493763 -0.0290891 1.02975
0.27522 -0.309864 0.377403 -0.0373485 -0.157561 -0.295353 0.267882 -0.313157 0.383652 -0.0418999 -0.152905 -0.301044
-0.49082 -0.565366 -0.507072 -0.0314176 -0.0316627 -0.0274308 -0.472782 -0.568055 -0.511987 -0.02698 -0.0301417 -0.0246614
-0.343621 0.533622 -0.140958 0.18362 0.477244 0.774305 -0.337831 0.545544 -0.149617 0.205325 0.494809 0.797226
-0.240764 -0.686383 -0.00861695 0.0957891 -0.230484 -1.11966 -0.160728 -0.662425 -0.011265 0.107823 -0.246624 -1.19812
0.121984 0.226203 -0.12366 -0.330353 -0.089879 0.603218 0.135603 0.215405 -0.136403 -0.338807 -0.092202 0.610613
0.146309 0.024227 -0.0490767 -0.506697 -0.197992 0.440551 0.158886 0.00581048 -0.0500903 -0.522542 -0.191946 0.44941
0.121479 0.360171 0.317699 0.49015 0.202936 -0.360551 0.114847 0.358479 0.320786 0.486872 0.20535 -0.364172
0.122909 -0.253029 0.246868 0.179297 -0.124919 -0.719563 0.137145 -0.254441 0.241007 0.179853 -0.129927 -0.738059
0.240443 0.790265 0.721212 0.909585 0.376513 -0.695183 0.271289 0.796043 0.753334 0.948678 0.413898 -0.719725
-0.024715 -0.0251967 0.0282666 0.00774702 0.00133967 -0.0224309 -0.0355042 -0.0289747 0.0283625 0.00877402 0.00102024 -0.0222411
-0.0317002 0.0254823 0.0530497 0.0219251 0.0195365 -0.0110223 -0.0451899 0.0242234 0.0563856 0.0215772 0.0185238 -0.0118064
-0.0414208 -0.122414 -0.0239785 -0.0108416 -0.023971 -0.0418032 -0.0484194 -0.12905 -0.0272872 -0.00820669 -0.0233891 -0.0404179
0.00872244 0.00428214 0.00506996 -0.00162955 -0.000142673 -0.000628508 -0.00101935 0.00407741 0.00326192 -0.00101935 -0.00020387 -0.00142709
0.0926722 -0.00167855 0.128693 -0.00327967 -0.0241853 -0.0550692 0.0810515 -0.00810515 0.128467 -0.00202629 -0.0241128 -0.0549124
0.0961419 0.868191 0.106371 0.017044 0.372732 0.461205 0.039056 0.943172 0.0973484 -0.00505201 0.372683 0.439525
-0.137597 0.0105662 -0.0647366 0.0276975 0.0433229 0.0308564 -0.147207 0.0131215 -0.0641724 0.0270631 0.0420299 0.0303435
0.138312 0.124968 0.0300072 -0.0169391 -0.00169325 0.0408229 0.131089 0.121581 0.0173976 -0.0147677 -0.00101149 0.0418756
-0.178903 -0.202191 -0.0876232 0.00296435 -0.00958061 -0.0476437 -0.184082 -0.205593 -0.0852155 0.00517084 -0.00972118 -0.0463307
-0.189708 -0.222755 -0.18524 -0.0131465 -0.0139545 -0.0179001 -0.190961 -0.227949 -0.190338 -0.00935067 -0.0132987 -0.016
0.140649 -0.163039 0.16617 -0.030229 -0.0846291 -0.14015 0.13189 -0.171518 0.164811 -0.0282476 -0.0829137 -0.139002
0.0986415 0.159431 0.292597 0.0530785 0.029506 -0.0556909 0.0697298 0.161701 0.313383 0.0484903 0.0260485 -0.0613141
0.255941 -0.181744 0.0809414 -0.0821837 -0.12753 -0.112382 0.255482 -0.194663 0.0689557 -0.0764818 -0.124893 -0.109231
0.32533 0.21728 0.0288085 -0.0615787 -0.0335689 0.0837922 0.325671 0.215642 0.00722821 -0.0578257 -0.0325269 0.0859354
0.0757018 -0.159398 0.149022 0.0903819 -0.0566218 -0.387681 0.0703146 -0.161418 0.145317 0.0906956 -0.0566593 -0.385813
0.27085 -0.27091 0.104985 -0.0908064 -0.155601 -0.160524 0.272059 -0.283675 0.0935393 -0.0857953 -0.152231 -0.157325
-0.449789 -0.0304812 -0.305028 0.0639581 0.113543 0.10676 -0.448389 -0.0100152 -0.298787 0.0590479 0.10975 0.104325
-0.263263 -0.305117 -0.453185 -0.0446026 -0.0189772 0.0495564 -0.257587 -0.308177 -0.464584 -0.0392072 -0.0183389 0.049536
0.263681 -0.581734 0.257524 -0.222558 -0.375056 -0.798698 0.295173 -0.589537 0.255695 -0.21561 -0.384859 -0.827011
0.16968 0.0992328 -0.00825891 -0.363214 -0.134332 0.374682 0.169186 0.0884472 -0.0133888 -0.365757 -0.129425 0.376509
-0.296773 -0.523053 0.0150858 0.010638 -0.0638302 -0.212453 -0.301235 -0.507068 0.036741 0.00855899 -0.0638793 -0.211678
-0.235541 0.287246 -0.220174 0.196521 0.292197 0.379223 -0.23387 0.284676 -0.228522 0.205896 0.292081 0.38135
-0.269028 0.34615 0.0956267 0.350608 0.692478 0.478084 -0.274952 0.339787 0.116864 0.327581 0.740608 0.457452
-0.403959 0.699839 -0.050038 0.821238 0.679014 -0.280237 -0.402469 0.760637 -0.0713962 0.814036 0.695174 -0.274114
-0.471448 0.13934 -0.216738 0.368959 0.328581 0.219525 -0.466842 0.141404 -0.209611 0.382208 0.320447 0.226871
0.125753 0.500523 0.178161 -0.0879073 0.126181 0.598356 0.116279 0.501081 0.167826 -0.0859109 0.125869 0.591187
0.124869 0.356595 0.321885 0.483693 0.205008 -0.362622 0.118078 0.352235 0.320268 0.479303 0.207385 -0.358628
-0.936904 0.459823 -0.427581 0.809128 0.764861 0.513092 -0.932285 0.452177 -0.397122 0.838773 0.775825 0.522412
-0.0265573 0.0288575 0.261854 0.464575 0.14113 -0.613152 -0.0256126 0.0262224 0.260801 0.458791 0.141073 -0.614499
0.252439 0.790551 0.713597 0.909423 0.383846 -0.695313 0.277545 0.802134 0.741699 0.948768 0.41376 -0.723512
0.0231738 -0.0346295 0.0315344 -0.00447105 -0.0148446 -0.0284091 0.0132434 -0.0393164 0.0285562 -0.00372472 -0.0148989 -0.0273146
-0.0170261 0.049352 -0.0116347 0.0114587 0.0223056 0.0255257 -0.0271008 0.0479953 -0.0148951 0.0105507 0.0213083 0.0252389
-0.0762818 -0.0329679 -0.0311611 0.012099 0.0137982 -0.00134442 -0.085007 -0.0345016 -0.0311762 0.0116391 0.0128861 -0.00124705
0.113476 -0.00634882 0.0461123 -0.0240703 -0.03363 -0.0227774 0.104551 -0.0134039 0.0383559 -0.0220649 -0.0329943 -0.0210339
-0.0852937 0.0199998 0.023113 0.0329188 0.0342447 -0.000934042 -0.0973389 0.0221601 0.0296159 0.0302372 0.0323082 -0.00227814
0.00444399 -0.375009 0.479477 0.58813 -0.0922608 -1.36305 0.0397478 -0.396494 0.485435 0.575753 -0.0983857 -1.39314
-0.0135463 -0.129837 0.0691053 7.4109e-05 -0.0314655 -0.0839955 -0.0242714 -0.132352 0.0715696 0 -0.0311172 -0.0827718
0.0321275 -0.0843129 0.0494905 0.0413556 -0.00658648 -0.173518 0.0229906 -0.0869915 0.0447385 0.0408031 -0.00538519 -0.170048
-0.195643 -0.0263941 -0.0504622 0.0422458 0.049995 0.0101192 -0.203881 -0.0208467 -0.0404426 0.0391918 0.047322 0.00854714
-0.112555 0.0521492 -0.0551199 0.102652 0.0571552 0.0974261 -0.120315 0.045092 -0.0558975 0.104314 0.0507026 0.0982882
-0.223266 -0.248161 -0.138673 0.00115749 -0.0109468 -0.0460773 -0.223914 -0.248583 -0.136626 0.00274095 -0.0107529 -0.0438552
-0.21494 0.114457 -0.179127 0.0491521 0.0989684 0.120344 -0.220534 0.127063 -0.180683 0.043606 0.095975 0.116839
0.0943605 -0.0131193 0.089275 0.0393428 -0.00315933 -0.267253 0.0819949 -0.00659256 0.0801408 0.0374952 -0.00164814 -0.264732
-0.0209828 0.237471 -0.00202595 0.11109 0.162742 0.220631 -0.0282168 0.228823 -0.00803251 0.112455 0.160238 0.217701
-0.166228 -0.37132 -0.186525 -0.0353097 -0.061404 -0.0773507 -0.166084 -0.374749 -0.191929 -0.0317763 -0.0588922 -0.0728738
-0.309378 0.0962867 -0.0469166 0.0967337 0.12305 0.0622501 -0.326688 0.120271 -0.0164385 0.0853135 0.115902 0.0555578
0.297689 -0.232856 0.162301 -0.0821869 -0.153863 -0.170588 0.29425 -0.240263 0.151246 -0.0789199 -0.149597 -0.165876
-0.248582 0.0190525 -0.224067 0.276338 0.248865 0.042683 -0.246533 0.0100969 -0.231388 0.275562 0.244219 0.0460672
0.939576 0.80601 0.909224 0.00809508 -0.0206949 -0.0437033 0.927451 0.799318 0.908686 0.00909823 -0.0214188 -0.046818
-0.0939599 -0.163585 0.295024 0.458176 0.0445326 -0.825404 -0.0832348 -0.162779 0.305467 0.454511 0.0412074 -0.833578
0.524915 0.298207 0.586582 0.00640502 -0.0527455 -0.131039 0.500472 0.292091 0.59313 0.00397674 -0.0538848 -0.135408
0.122735 0.395128 0.0493161 -0.049513 0.102636 0.506232 0.120486 0.383309 0.0390048 -0.0443144 0.100269 0.500324
-0.216552 -0.706374 -0.0391471 0.109303 -0.232017 -1.09121 -0.132295 -0.679809 -0.0445845 0.121878 -0.246048 -1.15711
0.631939 0.551221 0.37815 -0.0465795 -0.0210931 0.0889017 0.63123 0.549576 0.35991 -0.0449887 -0.0212061 0.0917612
-0.0953165 -0.237177 -0.220613 -0.474454 -0.211351 0.334109 -0.0840092 -0.244007 -0.213189 -0.472394 -0.200102 0.333082
-0.643359 -0.627102 -0.48285 -0.00584595 -0.0120232 -0.0574464 -0.611706 -0.614329 -0.472006 0.000218622 -0.0111497 -0.0513763
0.127409 0.506376 0.173953 -0.0866567 0.126873 0.595679 0.120261 0.501121 0.166499 -0.0849736 0.124114 0.582444
-0.168852 0.436767 -0.129057 -0.262859 0.0828166 0.932826 -0.163141 0.438942 -0.141594 -0.263283 0.0831097 0.945398
0.183941 0.256218 0.0172808 -0.532512 -0.250793 0.552879 0.181796 0.263368 0.022955 -0.538623 -0.25148 0.550305
0.258125 0.790501 0.724803 0.907236 0.39135 -0.696715 0.283469 0.799829 0.748096 0.946371 0.417126 -0.724827
0.00832508 0.000630865 0.000396179 0.00171368 0.000216441 0.0010178 0.00147016 0.000420046 0.000210023 0.000210023 -0.000210023 -0.000840092
0.204289 -0.61808 0.573475 0.438434 -0.191331 -1.44739 0.263718 -0.622623 0.581141 0.443471 -0.212818 -1.49975
0.0826451 -0.0219577 -0.00306983 -0.0234515 -0.0294979 -0.00713287 0.07429 -0.0256028 -0.00818449 -0.0228746 -0.0285408 -0.00692534
0.113698 0.0201488 0.109057 -0.00489729 -0.0231178 -0.036536 0.102224 0.01815 0.107857 -0.00605 -0.022531 -0.0369259
0.133795 0.00448496 0.0930399 -0.0163177 -0.0347688 -0.0365108 0.122747 0.00104377 0.0895551 -0.0164915 -0.033818 -0.0363231
-0.124322 -0.088233 -0.146039 -0.000192691 0.0096811 0.0235689 -0.126146 -0.0877078 -0.146321 -0.00084947 0.0091318 0.0222986
0.0883102 0.160592 0.0111511 0.00491462 0.0267901 0.0662013 0.0779907 0.160361 0.00646447 0.00187678 0.0258579 0.0638105
0.134013 0.119757 -0.00210887 -0.018141 -0.00140289 0.0544097 0.124367 0.116855 -0.0095988 -0.0189889 -0.00146069 0.0527934
0.0689807 0.196228 0.103676 0.0352226 0.0474731 0.0426251 0.0548356 0.199818 0.107386 0.0292872 0.0454886 0.0392573
-0.0735633 -0.179738 -0.165241 -0.0296994 -0.0328731 -0.00706481 -0.0753621 -0.18138 -0.168607 -0.0278882 -0.0315073 -0.00638662
-0.196092 -0.252437 -0.187799 -0.0105034 -0.0193293 -0.0274569 -0.194278 -0.250612 -0.186781 -0.00985311 -0.018421 -0.0261322
0.125366 0.286423 0.225028 0.0593995 0.0645094 0.0306002 0.102796 0.293761 0.236492 0.0502649 0.0613891 0.0251325
0.334577 -0.00607981 0.295321 -0.0372202 -0.0963484 -0.131534 0.320488 -0.00970549 0.290339 -0.0365505 -0.0933379 -0.129682
0.200702 -0.04595 0.232117 -0.0217268 -0.0841512 -0.326337 0.182224 -0.0365694 0.233338 -0.0230636 -0.0802033 -0.32206
0.678749 -0.346523 1.23147 0.0938812 -0.443153 -1.72134 0.679963 -0.347625 1.25009 0.106816 -0.461424 -1.72831
-0.332199 -0.388608 -0.377855 -0.0236552 -0.0224749 -0.00780924 -0.322386 -0.384341 -0.374994 -0.021304 -0.021304 -0.00673902
-0.109622 0.181377 -0.0203976 0.148727 0.154167 0.317231 -0.115757 0.171009 -0.022269 0.154623 0.142858 0.309666
0.310105 -0.287557 0.204311 -0.0800732 -0.172875 -0.213052 0.302821 -0.285045 0.1947 -0.0780056 -0.165422 -0.20683
0.0259276 0.496421 0.0283355 -0.564379 0.0874035 0.903066 0.035561 0.479063 0.0608173 -0.599687 0.113553 0.906401
-0.0333372 0.350923 -0.0121625 0.145971 0.109274 0.374804 -0.0438022 0.337068 -0.00709179 0.153099 0.0986593 0.368981
0.281472 0.538455 0.0102957 0.00612831 0.0926214 0.245429 0.271119 0.556809 -0.0102619 -0.00184714 0.0907149 0.236844
0.195424 -0.242595 -0.0410239 -0.42518 -0.315043 -0.0526188 0.1857 -0.240417 -0.0460553 -0.412807 -0.304852 -0.0460553
-1.29065 0.477091 -0.429677 0.863586 0.831293 0.512681 -1.2431 0.503554 -0.396118 0.870762 0.831192 0.512985
0.642812 0.562387 0.420368 -0.0369455 -0.0187529 0.0774044 0.634238 0.559327 0.405487 -0.0371546 -0.0184769 0.0777233
0.171487 -0.419464 0.133531 -0.273289 -0.305297 -0.389858 0.160759 -0.409936 0.132838 -0.262714 -0.295078 -0.380534
0.302445 0.418516 -0.021375 -1.13031 -0.525265 1.16019 0.31031 0.370911 0.0288201 -1.13188 -0.552122 1.15656
-0.2706 -0.136337 -0.0375811 0.372157 0.14112 -0.462303 -0.262378 -0.129375 -0.0414169 0.354392 0.13706 -0.45217
-0.0941875 -0.409044 -0.057379 0.0701209 -0.121427 -0.571063 -0.0848325 -0.391386 -0.0700511 0.0683373 -0.120394 -0.566192
-0.568591 0.274968 -0.288635 0.155478 0.467702 0.879769 -0.559282 0.289218 -0.315951 0.189444 0.481399 0.919647
0.526117 -0.0436949 0.326457 -0.406497 -0.340652 -0.241766 0.507764 -0.0401354 0.320671 -0.393327 -0.331992 -0.234843
0.0999941 -0.399676 0.430207 0.246517 -0.169009 -1.03186 0.126145 -0.39132 0.439741 0.246056 -0.176852 -1.05363
-0.308875 0.482321 -0.0697359 0.27988 0.453956 0.516782 -0.30643 0.480481 -0.0665055 0.288331 0.447229 0.504895
-0.319757 0.506559 -0.0198612 0.472881 0.547682 0.298132 -0.318044 0.508156 -0.0115538 0.476646 0.542187 0.297877
1.17352 0.0546414 0.853599 -1.15308 -0.874369 -0.319114 1.20911 0.0480303 0.84594 -1.17836 -0.897957 -0.31457
0.262148 1.08098 0.448359 -0.187899 0.238541 1.1284 0.291616 1.11734 0.428225 -0.184951 0.249537 1.17351
0.523656 -0.303977 0.542126 -0.13682 -0.360403 -0.707703 0.519628 -0.297432 0.545258 -0.126497 -0.3582 -0.711647
-0.125077 -0.464961 0.233153 0.137237 0.0128089 -0.823695 -0.123039 -0.43319 0.274815 0.127083 0.0321434 -0.817634
-0.0938898 0.491638 0.329137 0.994429 0.545358 -0.599258 -0.0755911 0.498454 0.316995 1.05177 0.568559 -0.606557
-1.29237 0.461498 -0.446978 0.852129 0.83646 0.50716 -1.23252 0.504345 -0.408748 0.882133 0.847199 0.519825
0.38014 0.931269 0.178121 -0.661006 -0.350294 1.43233 0.424093 0.923671 0.202733 -0.697606 -0.362528 1.47148
-0.211522 -0.383386 -0.369007 -0.887075 -0.405663 0.608902 -0.14355 -0.396215 -0.341765 -0.925865 -0.393848 0.639626
1.37977 0.231093 1.18289 -1.06163 -0.87257 -0.63025 1.42419 0.224001 1.21655 -1.03764 -0.93855 -0.613639
-0.435353 0.59055 0.156451 0.918524 0.854191 -0.0320957 -0.440112 0.618237 0.163975 0.946604 0.869819 -0.0124854
0.567544 0.418815 0.570079 0.0901773 0.0427607 -0.192432 0.570857 0.417842 0.586333 0.0816339 0.0257282 -0.215111
-0.0137604 -0.407327 0.346559 0.252503 -0.113983 -1.22777 0.0245001 -0.365827 0.332322 0.264476 -0.140509 -1.27715
1.02437 0.0344353 0.745001 -0.801043 -0.65298 -0.477056 1.0696 0.0137077 0.75134 -0.805575 -0.679226 -0.479968
-0.708195 0.716209 -0.0906376 1.0981 0.877694 -0.119984 -0.719401 0.732011 -0.0973672 1.12665 0.898218 -0.109564
0.0682753 0.298582 0.1529 0.0424344 0.0935035 0.159142 0.0704401 0.321333 0.187379 0.0391774 0.0838949 0.150378
-0.358275 -0.460015 -0.450129 -1.21093 -0.556585 0.802803 -0.280508 -0.441891 -0.411313 -1.23755 -0.56314 0.823687
0.201972 0.860731 0.205225 -0.343014 0.0898646 1.10818 0.231828 0.851267 0.188988 -0.360963 0.0897796 1.12409
-0.202902 -0.720282 -0.0384598 0.115222 -0.224993 -1.05812 -0.148528 -0.689564 -0.0537323 0.12057 -0.234587 -1.10348
-0.225813 1.07664 0.278161 0.626047 0.878603 0.596268 -0.224539 1.12126 0.281033 0.669097 0.904113 0.608083
-0.31563 1.693 0.466604 0.539354 1.14833 1.15572 -0.301915 1.66394 0.407926 0.45913 1.15835 1.08856
0.434229 1.20575 1.18958 1.16847 0.566306 -0.945675 0.481939 1.20503 1.21523 1.17572 0.615687 -0.958127
0.68185 0.661564 0.734072 0.055542 -0.0194868 0.0243046 0.710645 0.661589 0.751303 0.0565004 -0.0368398 -0.00534463
-0.0779527 0.652005 -0.0221945 -0.351688 0.107479 1.15515 -0.06711 0.639964 -0.0502799 -0.368579 0.111499 1.18757
0.270515 1.10972 0.438359 -0.186895 0.240964 1.13324 0.299207 1.11537 0.416148 -0.181863 0.243761 1.14683
-0.873023 0.64224 -0.267072 0.911503 0.943373 0.255976 -0.863354 0.681291 -0.250042 0.982156 0.978082 0.290572
0.76414 -0.152257 0.485889 -1.1183 -0.797937 0.0131014 0.783485 -0.170323 0.486695 -1.16411 -0.797763 0.049159
0.703527 0.557885 0.658985 -0.0579016 -0.099215 -0.0501407 0.71362 0.559444 0.658294 -0.0752502 -0.108716 -0.0638369
0.635046 0.704804 0.750747 0.0942577 0.00650714 -0.0796836 0.596406 0.710599 0.759949 0.105586 0.0198929 -0.0889444
0.385441 0.410854 0.506317 -0.0427765 -0.0450015 -0.138936 0.395402 0.440862 0.518046 -0.02302 -0.0294037 -0.153209
0.597847 0.590693 0.608502 0.0076783 0.0390051 -0.0708507 0.600648 0.602389 0.616317 0.0386891 0.0578401 -0.0735092
0.654946 0.646688 0.591268 -0.0792831 -0.0545143 0.17439 0.649202 0.655779 0.591169 -0.0715748 -0.0591943 0.178937
0.650955 0.82442 0.572882 -0.0472746 0.0506879 0.170571 0.646688 0.841874 0.574726 -0.0468138 0.051263 0.176809
0.600448 0.462045 0.583425 -0.0819294 -0.0606413 -0.112319 0.572598 0.456724 0.608772 -0.0806667 -0.0678993 -0.152048
0.527812 0.53042 0.464792 0.0401106 -0.0150455 0.0410333 0.543374 0.528431 0.478363 0.0289152 -0.00795654 0.0102853
0.74264 0.446522 0.681155 -0.05183 -0.162699 -0.207805 0.770468 0.4491 0.65518 -0.065518 -0.166225 -0.2228
0.512822 0.670143 0.554699 0.0139734 0.0324047 0.0222961 0.505279 0.681508 0.540293 0.000386891 0.0226331 0.0241807
0.618113 0.626329 0.633574 0.0251219 0.0636344 0.0343717 0.627343 0.614576 0.593684 0.0224397 0.0506827 0.0588074
0.716032 0.671449 0.620732 0.0133586 0.0113359 -0.0431873 0.666247 0.70955 0.630711 0.02738 0.017865 -0.0407787
0.535933 0.492241 0.54704 -0.0116284 -0.0830853 0.00877578 0.546644 0.477968 0.565194 0.000592033 -0.0803192 0.0088805
0.540423 0.735858 0.473372 0.103843 0.0933452 0.123819 0.544742 0.732384 0.479551 0.110457 0.0963358 0.113552
0.641834 0.673042 0.571922 -0.076477 -0.0520199 0.137646 0.638194 0.677141 0.518075 -0.0929334 -0.0730742 0.149426
-0.55011 -0.454818 -0.487319 -1.36698 -0.63795 0.859671 -0.587422 -0.409232 -0.477542 -1.26906 -0.619593 0.789636
0.576039 0.56648 0.689702 0.0120049 -0.0555586 -0.0851651 0.591749 0.587106 0.708397 0.0218593 -0.059968 -0.100205
0.770131 0.604622 0.690886 -0.116439 -0.164699 0.055115 0.781712 0.595231 0.657714 -0.120903 -0.166556 0.059968
0.70586 0.664948 0.541999 -0.117786 -0.0662254 0.156158 0.711606 0.673669 0.544802 -0.119481 -0.0621848 0.175799
0.309926 0.912381 0.286798 -1.06529 -0.542602 1.51734 0.227112 0.921032 0.284809 -0.968855 -0.569619 1.4589
0.441256 1.21999 1.20953 1.18118 0.578152 -0.958684 0.490538 1.21872 1.23454 1.1948 0.617644 -0.972413
0.438722 1.70004 0.729832 -0.279062 0.320108 1.49744 0.489784 1.75972 0.692025 -0.281141 0.320685 1.51473
0.637078 0.475721 0.61358 0.0922533 0.0475621 -0.196041 0.628542 0.445604 0.625976 0.0880156 0.0345353 -0.240563
0.672423 0.562418 0.695514 -0.0176179 -0.0427892 -0.0534156 0.672944 0.557103 0.689916 -0.0219052 -0.0629529 -0.0826873
0.479361 0.533184 0.488924 0.0566965 0.101815 0.0319957 0.469388 0.533071 0.478117 0.0686425 0.114272 0.045431
0.860935 0.733578 0.866217 0.22698 0.155702 -0.312205 0.852707 0.750955 0.86915 0.261345 0.188222 -0.340077
0.644295 0.655002 0.591093 -0.0429069 -0.0481339 0.0208561 0.670288 0.646688 0.613802 -0.00502958 -0.0328857 -0.00580336
0.75045 0.867866 0.523709 -0.0477636 0.0406678 0.254345 0.734275 0.862 0.504097 -0.0713473 0.0359653 0.269059
0.855182 0.567464 0.648806 -0.226525 -0.176864 0.00794565 0.866635 0.577241 0.60974 -0.260958 -0.194606 0.0118002
0.668992 0.888726 0.634561 0.205817 0.13733 0.147427 0.654038 0.912094 0.631599 0.227105 0.155143 0.165202
0.426657 0.42266 0.411984 0.00463033 0.0034495 -0.0013282 0.432103 0.435308 0.410668 0.017829 0.0160261 -0.000200326
0.618127 0.555462 0.632596 0.0778412 -0.0337101 -0.0479559 0.631699 0.592625 0.606045 0.0645316 -0.0434158 -0.029799
0.41605 0.44823 0.498683 0.0628139 -0.025305 -0.088526 0.454287 0.46593 0.50382 0.0667024 -0.0195371 -0.0694652
0.614523 0.47901 0.562791 -0.0257761 -0.0779658 0.0341554 0.62499 0.457642 0.551972 -0.0313778 -0.0953173 0.0367061
0.747647 0.585527 0.776537 -0.125825 -0.0822324 -0.0958418 0.733738 0.601035 0.768945 -0.145664 -0.0899521 -0.0913062
0.739298 0.705278 0.703237 -0.0642994 -0.0488085 0.0617502 0.690987 0.682475 0.692534 -0.0746699 -0.040817 0.0638369
0.520866 0.473136 0.495518 -0.0623625 -0.016874 0.106881 0.511031 0.488594 0.48599 -0.0438713 0.000200326 0.11659
0.616272 0.672395 0.611654 -0.0297115 0.0149981 0.0970775 0.614382 0.685957 0.612061 0.00135412 0.0522302 0.109877
0.533474 0.810897 0.732316 0.274527 0.243651 -0.126508 0.517827 0.780295 0.769535 0.293211 0.242293 -0.172161
0.720686 0.785564 0.67552 0.139612 0.133965 -0.0824306 0.70605 0.810823 0.653276 0.179083 0.164338 -0.0970116
0.642505 0.443666 0.529378 -0.143971 -0.169354 -0.0436725 0.621437 0.450735 0.52987 -0.166361 -0.181359 -0.00730174
0.661609 0.658069 0.65571 -0.0145252 -0.00733309 0.101142 0.666999 0.644947 0.66816 -0.0147018 0.00541647 0.0992374
0.856762 0.851462 0.680294 -0.155927 -0.0558725 0.273786 0.845743 0.86354 0.670094 -0.177583 -0.0508761 0.313962
0.741908 0.745693 0.76984 0.118344 0.120617 -0.0597601 0.724066 0.75463 0.790031 0.14431 0.14373 -0.0665452
0.550056 0.732314 0.613257 0.11036 0.101591 -0.00701678 0.544355 0.733738 0.606064 0.13309 0.0965292 -0.0081247
0.743293 0.784359 0.613618 -0.0166201 0.0486971 0.0359254 0.755017 0.802024 0.635274 -0.0102526 0.0504892 0.0357874
0.198528 0.296085 0.264115 -0.00789895 0.0536603 0.0199702 0.187505 0.300373 0.267403 0.0254862 0.0631086 0.00768631
0.631463 0.544484 0.606887 -0.0712652 -0.0605863 0.00772938 0.64058 0.517634 0.601703 -0.0927519 -0.0850554 0.0187477
0.767309 0.691547 0.792607 0.119172 0.10045 -0.109525 0.745732 0.696983 0.775135 0.134638 0.112972 -0.132317
0.623722 0.606014 0.595357 0.064061 0.00694208 0.0207406 0.63387 0.585126 0.591638 0.0753855 0.0108539 0.0327592
0.908005 0.690933 0.815614 -0.134353 -0.139215 0.0190259 0.955233 0.701239 0.803572 -0.154756 -0.145277 0.0114133
0.535886 0.307265 0.46668 -0.02206 -0.0134433 -0.104959 0.520558 0.283941 0.453666 0.0189693 -0.00618999 -0.138776
0.511661 0.771815 0.513943 -0.0480591 0.0366397 0.269359 0.500485 0.774416 0.486447 -0.0575158 0.0280755 0.285239
0.600801 0.586955 0.570228 0.0396451 0.0211509 -0.0242871 0.584337 0.591441 0.581376 0.0471653 0.0341406 -0.0209185
0.664021 0.592978 0.680716 -0.0126088 -0.0550295 -0.142374 0.665258 0.579949 0.706849 -0.028243 -0.0752502 -0.15611
0.761786 0.712207 0.591108 -0.15112 -0.117696 0.15921 0.74902 0.708397 0.589234 -0.177776 -0.117228 0.164235
0.230958 0.199795 0.0446878 -1.60344 -1.07142 1.04186 0.144807 0.298716 -0.0287188 -1.52897 -1.00111 0.982102
0.569361 0.696596 0.573203 -0.100648 -0.031544 0.111604 0.561959 0.703561 0.541647 -0.105428 -0.0309512 0.135992
0.818616 0.699108 0.581309 -0.22778 -0.166896 0.222009 0.819047 0.723679 0.599293 -0.248771 -0.164815 0.235616
1.33441 -0.102291 1.09939 -0.980523 -0.897998 -0.638437 1.40656 -0.116485 1.11068 -1.00511 -0.924937 -0.653667
0.756784 0.837659 0.801493 0.00611211 -0.0041588 0.111538 0.754995 0.840065 0.792503 -0.0110204 -0.0139205 0.104791
0.844149 0.950856 0.90066 -0.0240675 -0.0120439 0.0417028 0.808452 1.03032 0.901858 -0.0242517 0.0225465 0.0494506
0.67387 0.923118 0.499924 0.16653 0.193567 0.229882 0.696061 0.97378 0.456729 0.187431 0.227973 0.249125
0.596382 0.595936 0.612107 -0.118746 -0.127095 0.0461226 0.603084 0.58631 0.624792 -0.137549 -0.138536 0.0465733
0.560798 0.740418 0.587017 0.117394 0.131475 0.162772 0.572985 0.731997 0.558477 0.130962 0.145084 0.175068
0.582315 0.43314 0.485342 -0.0371585 -0.0585044 0.0170989 0.571529 0.437111 0.475974 -0.0398648 -0.0649055 0.0206335
-0.333376 -0.45174 -0.453727 -1.18759 -0.556029 0.795094 -0.26213 -0.445951 -0.415899 -1.24485 -0.565719 0.835527
0.71619 0.576561 0.480615 -0.277041 -0.132493 0.222358 0.715176 0.569339 0.462575 -0.294438 -0.142088 0.251022
0.785865 0.731162 0.680321 -0.120645 -0.0935556 0.181125 0.751341 0.753276 0.67377 -0.110844 -0.0764109 0.199636
0.675448 0.572829 0.532457 -0.0833185 -0.0678147 0.0120582 0.699388 0.568154 0.553551 -0.0440078 -0.0809112 -0.0290096
0.882461 0.645448 0.856677 -0.114778 -0.215948 -0.0750476 0.873212 0.650943 0.870891 -0.124966 -0.231941 -0.0889848
0.668656 0.73728 0.614887 0.0379766 0.0728568 0.04214 0.680246 0.748133 0.6242 0.0372981 0.0696626 0.0663077
0.676794 0.717822 0.669812 0.0374346 0.0198198 -0.0261238 0.685574 0.723464 0.667024 0.0228919 0.00730174 -0.023484
0.571501 0.613352 0.686375 0.166399 0.0993158 -0.0902004 0.602098 0.630713 0.689719 0.193595 0.104 -0.0775563
0.803255 0.395043 0.791631 0.021714 -0.103569 -0.391638 0.810691 0.416002 0.801613 0.0605847 -0.083674 -0.424882
0.484365 0.785176 0.659984 0.149879 0.172813 0.0435603 0.473747 0.801637 0.647655 0.135799 0.168104 0.072542
0.770362 0.633972 0.601863 -0.138555 -0.13844 0.0291718 0.771814 0.624398 0.613938 -0.143864 -0.134194 0.0122354
0.424108 0.461328 0.463341 0.0735746 0.0187945 -0.0436623 0.431702 0.489195 0.463554 0.0610993 0.00761238 -0.0502818
0.513958 0.608493 0.549738 -0.0405666 0.00558671 -0.0308393 0.504505 0.629471 0.551319 -0.0450727 0.0179904 -0.0158625
-0.529388 -0.497243 -0.503298 -1.37205 -0.639271 0.873235 -0.538371 -0.443741 -0.48999 -1.28668 -0.629805 0.817787
-0.469215 1.54473 0.175297 0.612653 1.26784 1.10566 -0.486926 1.41175 0.269158 0.496967 1.25226 1.00732
0.446636 0.408554 0.444215 -0.064705 -0.00197308 0.00279233 0.45514 0.41187 0.432103 -0.0717166 0.0078127 0.0112182
0.681015 0.69154 0.712976 -0.0582853 -7.31472e-05 -0.0111877 0.716557 0.687745 0.711426 -0.0473626 -0.00552564 -0.0272335
0.504318 0.556892 0.593532 0.151956 0.0595293 -0.154072 0.515976 0.57743 0.579026 0.157626 0.0624519 -0.17279
0.709144 0.7355 0.642739 0.0968482 0.153427 0.0894219 0.726967 0.744571 0.658101 0.0976899 0.155143 0.0607418
0.446237 0.300683 0.442448 -0.0776938 -0.0960791 -0.0666624 0.431389 0.306825 0.436282 -0.0782862 -0.0931687 -0.051783
0.619083 0.804924 0.680753 0.208644 0.168188 -0.113275 0.590008 0.834136 0.662744 0.200022 0.192285 -0.104654
0.561036 0.777165 0.589259 0.203043 0.191252 0.0569317 0.550196 0.766091 0.552762 0.194187 0.188859 0.0761749
0.726142 0.675806 0.680043 -0.229395 -0.180251 0.121354 0.709364 0.686344 0.659842 -0.242967 -0.182419 0.145858
0.783499 0.779593 0.791873 0.140563 0.0688367 -0.0703038 0.790562 0.778326 0.781286 0.153534 0.0820953 -0.0876209
0.70551 1.20393 0.729744 0.141093 0.23292 0.376212 0.660334 1.26423 0.713698 0.186775 0.279682 0.419043
0.693787 0.600064 0.673102 0.131772 0.0201974 -0.0813947 0.691524 0.583549 0.673495 0.124002 0.0170277 -0.0945537
1.09054 0.925206 1.09293 -0.0501926 -0.0387908 -0.118423 1.08877 0.918889 1.08859 -0.0494554 -0.0473791 -0.126092
0.72692 -0.358237 1.06245 -0.339031 -0.600789 -1.38853 0.719227 -0.32164 1.07617 -0.327182 -0.62255 -1.46739
0.880275 0.793748 0.716799 -0.0494958 -0.0498601 0.132578 0.871945 0.814458 0.714532 -0.0673249 -0.0347235 0.135036
0.700869 0.541226 0.632782 -0.0708618 -0.127807 -0.00894289 0.686316 0.525254 0.617604 -0.0801303 -0.138826 0.017228
0.635173 0.767506 0.575033 -0.143112 -0.0575291 0.219393 0.649976 0.73722 0.596005 -0.153789 -0.0677058 0.245676
0.730232 0.740395 0.744351 0.144758 -0.0192716 -0.0621577 0.711879 0.726387 0.75405 0.171006 0.00502958 -0.0665452
0.283267 0.673736 0.356471 0.108025 0.153579 0.195706 0.269462 0.735909 0.325946 0.120256 0.164593 0.232211
0.76398 0.593354 0.654624 -0.0882279 -0.0904585 -0.0331414 0.765567 0.622159 0.661775 -0.100227 -0.08755 -0.0176288
0.834486 0.710227 0.817316 0.0785026 -0.00141485 -0.0963106 0.820595 0.731804 0.815565 0.0826011 -0.00154756 -0.0800863
0.447946 1.23668 1.23783 1.19367 0.589311 -0.979302 0.50075 1.2376 1.24967 1.21939 0.627806 -0.987702
0.536328 0.586369 0.584867 -0.000107023 -0.0250282 0.0014444 0.549407 0.590849 0.617293 -0.0136168 -0.0444025 0.0071044
0.628707 0.567859 0.618316 -0.0227557 -0.019168 -0.0498375 0.601377 0.572684 0.613646 -0.00395773 0.00613448 -0.0639174
0.48623 0.658882 0.524639 0.111218 0.129533 0.0870887 0.46736 0.671492 0.519645 0.107775 0.137423 0.0663078
0.592249 0.636086 0.576914 -0.0837746 0.0207759 0.143274 0.605058 0.637817 0.558287 -0.10183 0.00828846 0.166953
0.720478 0.680543 0.776135 -0.0132802 -0.0198063 -0.0806932 0.712846 0.669321 0.776876 0.00406235 -0.0224397 -0.102526
0.580582 0.46522 0.504281 -0.0384012 -0.0684374 -0.0353274 0.600777 0.479379 0.505021 -0.052886 -0.0410668 -0.0408664
0.507107 0.512039 0.483315 -0.0756499 -0.035873 0.127546 0.51043 0.527658 0.483586 -0.0689121 -0.0346563 0.138425
0.648494 0.772153 0.58018 0.109206 0.147382 0.20701 0.649456 0.769852 0.560912 0.117992 0.142832 0.225166
0.502818 0.612205 0.481025 -0.0315045 0.011441 0.0480536 0.51684 0.613397 0.474772 -0.0242394 0.0336547 0.0576938
0.355 0.634559 0.388858 0.206051 0.252555 0.198482 0.369141 0.676457 0.387407 0.213776 0.274597 0.227024
0.869001 0.928813 0.759152 0.0767536 0.0760537 -0.018763 0.879789 0.913836 0.763915 0.0466203 0.0489417 -0.0206986
0.336496 0.206817 -0.0979789 -1.6519 -1.1737 1.00634 0.269519 0.232182 -0.0710012 -1.59712 -1.1654 0.931788
0.739998 0.647579 0.643939 -0.0624826 -0.0548843 0.0872869 0.737279 0.656565 0.653605 -0.0682812 -0.0641369 0.089989
0.831475 0.816864 0.863834 0.138769 0.0321739 -0.0534981 0.811116 0.809182 0.87534 0.153596 0.0526171 -0.100011
0.9584 0.669729 0.952013 0.0932624 0.00997921 -0.226039 0.940144 0.680734 0.965485 0.102719 0.0118002 -0.245869
0.657772 0.734583 0.601695 -0.0377485 -0.0227708 0.070364 0.638804 0.711624 0.595388 -0.0371007 -0.029799 0.0509148
0.662532 0.684103 0.639701 0.0616378 0.0353713 0.00965271 0.649658 0.697612 0.608413 0.0738068 0.0428237 -0.00118407
0.869251 0.644261 0.736637 -0.0587315 -0.0842777 -0.051435 0.902067 0.648054 0.709954 -0.0374609 -0.0721173 -0.0482785
0.857253 0.819266 0.706106 -0.0922803 0.0150718 0.199036 0.863184 0.816611 0.68518 -0.0986722 0.00947253 0.244904
0.831481 0.754796 0.610709 -0.0481398 -0.0110023 0.15617 0.85608 0.760565 0.633673 -0.0586113 -0.0155902 0.181359
0.534233 0.595407 0.594047 -0.0538578 0.00215168 -0.0203786 0.522249 0.610393 0.592564 -0.0474772 -0.00661075 -0.0114186
0.789173 0.521305 0.743935 -0.0953676 -0.0702659 -0.0672196 0.81152 0.490197 0.763642 -0.128609 -0.0865407 -0.0520847
0.744954 0.667459 0.707207 -0.0779614 -0.0820941 0.0148145 0.72899 0.64729 0.704717 -0.0743988 -0.109329 0.0197344
0.559752 0.603079 0.617725 0.211586 0.14458 -0.120348 0.542081 0.606987 0.632228 0.248404 0.156454 -0.142632
0.71989 0.696559 0.724293 0.0552996 0.0333159 -0.0167349 0.738463 0.692284 0.694455 0.0558485 0.0372981 -0.0149982
0.73286 0.509472 0.681795 -0.10405 -0.0789663 0.000233881 0.75425 0.520792 0.696231 -0.0988695 -0.089397 -0.0163796
0.696602 0.389099 0.756603 -0.00635747 -0.144268 -0.139764 0.719069 0.384469 0.788241 -0.0148801 -0.151817 -0.177354
0.856644 0.682462 0.772658 0.0912547 0.0462317 -0.187857 0.865355 0.692679 0.775563 0.0866342 0.0371007 -0.202673
0.549638 0.539296 0.530568 0.013172 0.0371198 -0.00468097 0.573332 0.560111 0.513034 0.0212345 0.0208339 -0.00821335
0.890612 1.04877 0.923338 0.0923934 0.275317 0.0588426 0.874465 1.06584 0.915679 0.107233 0.265411 0.0587683
0.965549 0.781336 0.954281 0.074745 0.015896 -0.142968 0.959489 0.785968 0.937436 0.0994309 0.0208921 -0.129221
0.566431 0.620209 0.617888 -0.0232423 0.0507095 -0.00970244 0.552298 0.610192 0.593966 -0.0292476 0.0142231 -0.0140228
0.888038 0.828546 0.798898 -0.0325626 -0.00544021 0.0155522 0.89275 0.835877 0.787322 -0.0255348 0.0139281 0.0363677
0.569014 0.557099 0.603446 0.049789 0.0233815 -0.0521953 0.604268 0.551183 0.578219 0.0509148 0.00690705 -0.0491388
0.674108 0.363132 0.560151 -0.15243 -0.114586 -0.0557915 0.690305 0.362685 0.564721 -0.142505 -0.119264 -0.0666656
0.365578 0.271385 0.335487 -0.0515127 -0.0449383 -0.0736494 0.357323 0.276951 0.375759 -0.0296216 -0.028793 -0.0627646
-0.313938 -0.446729 -0.459493 -1.16977 -0.558925 0.790539 -0.25958 -0.448143 -0.421873 -1.24224 -0.567915 0.836622
-0.313938 -0.925502 0.0192788 0.136197 -0.298808 -1.40527 -0.261584 -0.902074 0.0374009 0.142702 -0.31724 -1.49181
0.827 0.796502 0.790523 -0.0261554 -0.00359157 -0.0372165 0.793513 0.798349 0.767978 -0.0236003 -0.00580336 -0.029984
0.633932 0.714717 0.698216 0.0972197 0.108469 -0.106843 0.630438 0.738574 0.722131 0.12071 0.129608 -0.10891
1.00248 0.323053 0.483367 -1.59782 -1.20971 0.458363 1.0285 0.341429 0.479445 -1.64375 -1.23693 0.479445
1.21254 1.33977 1.10734 0.130854 0.155062 0.0742479 1.21693 1.35055 1.11769 0.150542 0.169524 0.0708543
0.643193 0.538725 0.599362 -0.00843496 -0.000362168 -0.0340588 0.642845 0.532866 0.601578 -0.0354577 -0.0078127 -0.0464756
0.771089 0.791828 0.672552 0.0146628 -0.00156145 0.130745 0.751487 0.793916 0.670181 0.0116433 -0.0228919 0.140115
0.616706 0.625616 0.649032 0.0881015 0.075882 -0.0291773 0.599775 0.630425 0.668487 0.106373 0.100964 -0.0470765
0.520449 0.564025 0.472272 0.0204192 0.0214023 0.0428653 0.541276 0.586331 0.462174 0.0165135 0.0318038 0.0574914
0.755854 0.56532 0.694625 0.023091 -0.0565153 -0.0656308 0.784247 0.557103 0.7134 0.0349299 -0.0367061 -0.0854501
0.719675 0.703282 0.694391 -0.014139 -0.0324931 0.0782254 0.745538 0.71478 0.687118 -0.00174101 -0.0344333 0.0638369
0.574268 0.596419 0.606983 0.0620587 0.0495262 -0.0863398 0.585221 0.598579 0.602115 0.0233774 0.00785795 -0.0675784
0.503803 0.478711 0.459013 -0.0337633 -0.0331966 0.0266346 0.518238 0.491327 0.466455 -0.0130477 -0.0305805 0.0262993
0.747814 0.585186 0.740211 0.0845319 -0.0471587 -0.131919 0.770853 0.562915 0.759435 0.0659072 -0.0536873 -0.158257
0.506435 0.581924 0.568414 0.0788849 0.0322774 -0.0845416 0.515069 0.597559 0.593809 0.103606 0.0382848 -0.0968961
0.489424 0.359958 0.464371 -0.115984 -0.0569607 0.0417157 0.4899 0.397751 0.452592 -0.0956151 -0.0428128 0.0583069
0.659111 0.871475 0.729129 0.128597 0.14598 -0.0353634 0.682281 0.883078 0.720003 0.15495 0.156884 -0.0433317
0.852488 0.56634 0.858524 0.0643168 0.0068213 -0.30558 0.867921 0.540921 0.832004 0.0704519 -0.00690705 -0.337459
0.92697 0.753946 0.784093 -0.0654662 -0.0264039 0.0351115 0.916157 0.735672 0.790224 -0.0678993 -0.0508761 0.0446859
0.731258 0.529301 0.658046 0.0128282 -0.0644896 -0.168976 0.729386 0.526857 0.665883 -0.00520847 -0.0803306 -0.168875
0.61087 0.602227 0.619714 0.30557 0.129543 -0.240499 0.604487 0.611753 0.606707 0.33827 0.127558 -0.265005
0.717657 0.591161 0.589845 -0.152349 -0.115812 0.133934 0.730788 0.568725 0.60298 -0.191712 -0.115187 0.181495
0.63029 0.883663 0.599537 -0.0787458 0.0575195 0.215138 0.639198 0.888642 0.599335 -0.0751882 0.0568352 0.230696
0.922177 0.475131 0.945454 -0.0292286 -0.189343 -0.198906 0.941727 0.446712 0.958536 -0.0272432 -0.186645 -0.229539
0.641478 0.426868 0.640217 -0.00538633 -0.0403226 -0.0357007 0.666081 0.406529 0.669338 -0.00916065 -0.0496711 -0.0704352
0.644591 0.486427 0.70813 0.0649761 0.000459481 -0.238916 0.642044 0.480581 0.700138 0.0891449 0.0260423 -0.25201
0.509178 0.657728 0.54469 0.177413 0.132611 0.00658986 0.513753 0.698256 0.541887 0.212025 0.163504 0.0207948
0.607269 0.701633 0.560819 0.0383288 0.129577 0.0671801 0.601979 0.742808 0.565319 0.0526857 0.136021 0.070114
0.765181 0.76268 0.588467 -0.150728 -0.0724187 0.149096 0.797074 0.770038 0.600914 -0.167348 -0.0834767 0.153929
0.853182 0.671926 0.807265 0.00826839 -0.0623553 -0.162153 0.85529 0.678273 0.807533 -0.00394689 -0.0919625 -0.150179
0.891999 0.909919 0.787829 -0.0967051 -0.0649575 0.110624 0.873405 0.905324 0.778424 -0.0944013 -0.0766043 0.140635
0.704698 0.689296 0.702122 0.0768132 0.0509368 -0.0525867 0.713992 0.684193 0.695836 0.108737 0.0706493 -0.0734121
0.891342 0.63741 0.785765 -0.0305214 -0.164804 -0.172737 0.914494 0.629529 0.797469 -0.0509148 -0.208198 -0.198528
0.775231 0.599282 0.715503 -0.0325072 -0.0402893 -0.140612 0.78127 0.59056 0.739002 -0.0280456 -0.0643046 -0.145637
1.13541 1.18576 0.929668 -0.0467491 0.0783503 0.183853 1.14299 1.22028 0.889429 -0.0267696 0.0782351 0.195682
0.654931 0.651112 0.6921 0.0947418 0.011786 -0.0502852 0.655466 0.652261 0.674897 0.115989 0.0372606 -0.0731189
0.268033 0.784232 0.344649 0.140524 0.251815 0.391143 0.261685 0.788238 0.297107 0.172135 0.28457 0.415313
0.320839 0.489575 0.199172 -1.3066 -0.818486 1.24822 0.357052 0.527107 0.178422 -1.36943 -0.829148 1.27531
0.987392 1.18737 0.842541 -0.00644874 0.0629001 0.320638 1.00921 1.18784 0.814787 0.00228285 0.0829436 0.354222
0.703029 0.436649 0.725189 -0.0574259 -0.209992 -0.279984 0.734505 0.39803 0.751526 -0.0696701 -0.253148 -0.322422
0.760629 0.713598 0.623599 -0.0497274 -0.0193868 0.0922467 0.722575 0.705948 0.620008 -0.0376612 -0.00180293 0.0881433
0.779328 0.719368 0.732636 -0.207217 -0.129854 0.179058 0.772998 0.710834 0.697415 -0.244707 -0.152547 0.205633
0.752597 1.21341 0.716214 0.28397 0.337981 0.192561 0.753099 1.23378 0.724238 0.303619 0.349639 0.199292
0.454155 1.25367 1.25514 1.20395 0.597519 -0.987618 0.507706 1.24942 1.26985 1.2397 0.631617 -1.00199
0.878657 0.634833 0.804717 0.0121131 -0.0164699 -0.283291 0.882304 0.633533 0.810729 -0.000773781 -0.0224397 -0.319185
0.471072 0.618244 0.480123 -0.0255698 0.0417093 0.0900661 0.459147 0.636034 0.457744 0.017228 0.0883436 0.136422
0.629296 0.504597 0.709614 0.214035 0.0972578 -0.32651 0.629624 0.485389 0.726381 0.222161 0.0813322 -0.361588
0.641949 0.633361 0.660065 0.104572 0.0768279 -0.0768178 0.628147 0.642159 0.670774 0.140904 0.0884103 -0.106369
0.50552 0.557402 0.438025 -0.12151 -0.0327867 0.197717 0.500502 0.578584 0.424254 -0.130477 -0.0299689 0.233024
0.822233 0.791896 0.773434 -0.123477 -0.0454506 0.0888941 0.819768 0.790562 0.78622 -0.112092 -0.0201291 0.0700573
0.650845 0.670097 0.669249 0.0242719 0.00452208 -0.00318856 0.664681 0.695531 0.672694 0.00901466 -0.00761238 0.0346563
1.01978 0.682188 0.853944 -0.370794 -0.325094 0.170131 1.04093 0.668547 0.862573 -0.397337 -0.353038 0.159205
0.86061 0.74932 0.779324 -0.0360072 -0.0561097 -0.01756 0.852787 0.740604 0.793891 0.00560912 -0.0610993 -0.0300489
0.354863 0.191101 0.452576 0.0173794 -0.026711 -0.222414 0.392756 0.183368 0.452991 0.0530641 -0.0538836 -0.231925
0.582572 0.656186 0.478873 0.0120765 0.0194621 0.12099 0.60366 0.659316 0.473794 0.0258915 0.0373083 0.12538
-0.0765223 0.286384 -0.0550011 0.0932166 0.185102 0.179928 -0.104515 0.310324 -0.0871312 0.110094 0.192719 0.203878
0.240334 -0.170028 0.608042 0.195318 -0.102285 -0.977118 0.313581 -0.199211 0.669375 0.230403 -0.128718 -1.11438
0.718704 0.602135 0.544202 -0.0711242 -0.0758795 0.0823382 0.727783 0.595969 0.52906 -0.0719169 -0.0733192 0.0779267
0.744932 1.10167 0.698204 -0.0779218 0.0352948 0.428918 0.717526 1.14362 0.714398 -0.0928424 0.0484735 0.49529
0.315907 0.432865 0.32769 0.0839558 0.123296 -0.00973722 0.3407 0.409342 0.318516 0.0849656 0.119705 -0.0108823
0.65268 0.89795 0.731514 0.329444 0.273711 -0.0482642 0.643737 0.910744 0.685574 0.362127 0.300753 -0.0347326
0.753426 0.778613 0.773902 0.00848351 0.104274 -0.06508 0.755237 0.759776 0.772209 0.0256548 0.129655 -0.0757802
0.662164 0.55259 0.697075 0.159384 0.0874996 -0.19647 0.663078 0.558708 0.722976 0.1843 0.0907476 -0.19672
0.555738 0.844382 0.456579 -0.0218553 0.157487 0.419206 0.5713 0.858853 0.419808 -0.0400772 0.149889 0.469504
0.929468 0.70467 0.718109 -0.193556 -0.154851 0.0450729 0.955147 0.707282 0.705703 -0.221618 -0.162809 0.0380875
0.286298 0.395659 0.463023 0.144933 0.118191 -0.165849 0.299282 0.372471 0.476649 0.133331 0.117022 -0.167785
0.852508 0.234855 0.805239 -0.342181 -0.37199 -0.46976 0.884727 0.169037 0.834511 -0.372475 -0.404899 -0.52708
0.632949 1.00298 0.625363 0.248071 0.259467 0.0889054 0.629824 1.00483 0.621611 0.278853 0.283461 0.0941531
0.591262 0.509204 0.564108 0.0490125 0.0638135 -0.0521769 0.622412 0.477176 0.535671 0.0408664 0.0298485 -0.0863404
0.503199 0.307999 0.591538 0.0423627 0.0344105 -0.197341 0.529472 0.284756 0.601424 0.0569106 0.0306911 -0.252439
0.585417 0.39319 0.714295 0.0395462 -0.0233567 -0.279591 0.576738 0.408264 0.706749 0.0346563 -0.0240391 -0.308101
0.79303 0.711427 0.744299 0.0359384 -0.0197566 -0.0535776 0.78918 0.720307 0.74162 0.0414423 -0.0288123 -0.0597953
0.591677 0.552128 0.568095 0.0803567 0.0432488 -0.0937655 0.575322 0.570225 0.573895 0.0758397 0.0279302 -0.113352
0.453574 0.657973 0.515795 0.178958 0.165843 0.0159742 0.463805 0.668083 0.486231 0.174309 0.155757 0.0385315
0.712633 0.726485 0.671755 0.110581 0.104791 0.0414082 0.695331 0.733593 0.639039 0.120596 0.11699 0.0518844
0.693281 1.56623 1.71841 1.22967 0.721808 -1.0617 0.71198 1.52877 1.73644 1.21291 0.790812 -1.07447
0.648276 0.46926 0.666836 -0.116948 -0.0841496 -0.100463 0.667085 0.470765 0.675699 -0.0847378 -0.0751221 -0.0969577
0.469074 0.725864 0.442971 -0.0375388 0.0515094 0.223287 0.47261 0.742238 0.410842 -0.0270237 0.0550634 0.234273
0.704188 0.710709 0.635771 -0.0797879 -0.00505646 0.166289 0.694544 0.680188 0.602343 -0.0733972 0.0105142 0.192086
0.806309 0.777432 0.686874 0.0258396 -0.0248891 0.019351 0.816611 0.783062 0.677878 0.0161822 -0.0116433 0.0278256
0.30578 1.01392 0.474709 0.370419 0.441532 0.209606 0.284232 1.06379 0.470946 0.421592 0.49374 0.245582
0.885238 0.579872 1.0891 0.301974 0.0131116 -0.618534 0.911032 0.522076 1.13172 0.342422 -0.0086391 -0.722543
0.398108 0.67588 0.352659 0.0673124 0.138307 0.138049 0.393473 0.694232 0.317616 0.0694849 0.151715 0.143492
0.713847 0.457838 0.635637 0.0314453 -0.0972814 -0.179552 0.712527 0.426089 0.650958 0.0244644 -0.0994887 -0.206521
0.604833 0.794618 0.714164 0.173169 0.199927 0.0193902 0.614199 0.825743 0.748016 0.186303 0.213948 0.0104169
0.125905 -0.202338 -0.0893486 -0.860536 -0.675333 0.530589 0.144774 -0.168023 -0.0972207 -0.92106 -0.721546 0.553524
0.645665 0.454798 0.652692 -0.0326014 -0.0653947 -0.126924 0.665433 0.459931 0.629551 -0.0252799 -0.0599379 -0.133739
0.68906 0.73139 0.719864 0.180184 0.142416 -0.0679434 0.683111 0.747816 0.720371 0.197721 0.14143 -0.0831352
0.646304 0.651115 0.65204 0.0890085 0.00860931 -0.00299418 0.664005 0.642191 0.627717 0.0972461 -0.00366966 -0.0183483
0.0712404 0.939295 0.0720233 -0.588824 -0.00786184 1.49607 0.0302594 0.926404 0.0448601 -0.597571 -0.000634813 1.52778
0.724404 0.650448 0.732797 0.0476018 0.0346738 -0.14787 0.748527 0.609991 0.740041 0.053875 0.0224973 -0.186885
0.84946 0.639596 0.71192 -0.218114 -0.128508 0.120131 0.856793 0.641844 0.714962 -0.247803 -0.150244 0.14123
0.549746 0.600207 0.561938 0.108938 0.112605 -0.0431141 0.543003 0.585296 0.548986 0.121722 0.136163 -0.0540527
0.851181 0.659688 0.739215 -0.140182 -0.0750646 0.0762872 0.875967 0.670173 0.713237 -0.174638 -0.0990276 0.104386
0.352864 0.475558 0.379947 -0.0274522 -0.0203569 0.0790112 0.353511 0.462582 0.369617 -0.0287457 -0.0185522 0.0960229
0.656022 0.647886 0.692139 -0.0428854 0.00875798 0.0113959 0.629624 0.65827 0.715363 -0.0538876 -0.00380619 0.0268436
0.562632 0.541506 0.43466 -0.0443157 0.0258026 0.118012 0.549425 0.544665 0.407878 -0.0403532 0.0221425 0.115265
0.690753 0.814937 0.811217 0.124572 0.145874 -0.00286392 0.642523 0.806835 0.831963 0.137221 0.148018 -0.0266982
0.266964 0.36639 0.40782 0.0736727 0.0219662 -0.045243 0.261365 0.376837 0.398152 0.068497 0.0231772 -0.00020694
0.788619 0.792413 0.778332 0.0352133 0.00720288 0.155836 0.783062 0.792732 0.776747 0.0497308 0.0244707 0.140115
0.798375 0.831817 0.757481 0.102216 0.0668574 0.0483894 0.796295 0.858195 0.740805 0.108176 0.0919495 0.0789283
0.85274 0.602466 0.834834 0.0720611 -0.076524 -0.211921 0.843171 0.564318 0.853388 0.0735195 -0.0913485 -0.230375
0.608339 0.747295 0.678908 0.228116 0.203813 -0.0613699 0.591962 0.778265 0.686316 0.268637 0.235984 -0.0560912
0.562379 0.597944 0.56304 0.0315627 0.00600815 0.0421655 0.558177 0.595992 0.564753 0.0191128 -0.0108923 0.0419249
0.442419 0.379888 0.477648 -0.0235997 -0.00586874 -0.0103141 0.444713 0.38408 0.483825 -0.034145 0.00020694 -0.030834
0.930563 0.847571 0.945093 0.0488262 -0.00210732 0.0422795 0.916127 0.857302 0.966266 0.0511262 -0.0130283 0.0375057
0.545161 0.543757 0.427418 -0.0328068 0.0223712 0.0304346 0.576124 0.521734 0.429168 -0.0504904 0.020935 0.013341
0.949419 0.735761 0.94311 -0.0106921 -0.114305 -0.139974 0.985604 0.709364 0.985604 -0.0292102 -0.137153 -0.162494
0.576545 0.4434 0.38506 -0.207454 -0.112577 0.173771 0.577982 0.464373 0.394013 -0.205491 -0.108643 0.194109
0.557181 1.16293 0.633163 0.000350865 0.259845 0.638308 0.563057 1.26213 0.602992 0.0136415 0.299915 0.697692
0.69963 0.393369 0.694661 0.0719738 -0.039948 -0.314538 0.689081 0.413653 0.677665 0.0746165 -0.0116206 -0.294389
0.780103 0.801929 0.777812 0.0409572 0.0687353 0.0625989 0.773985 0.804376 0.750303 0.0548617 0.0929492 0.0718333
0.53381 1.30703 0.779132 0.433639 0.519425 0.385767 0.476245 1.35665 0.771288 0.47979 0.594616 0.43902
0.765202 0.672697 0.68815 -0.0621212 -0.00584377 -0.0185211 0.747415 0.709353 0.715563 -0.106373 -0.0482785 0.00881433
1.03402 0.925072 0.869059 -0.0701645 -0.00552724 0.0841894 1.01909 0.932057 0.85233 -0.083082 -0.0357193 0.10479
1.08655 0.48428 0.750425 -0.849633 -0.6558 0.33455 1.1281 0.477801 0.714378 -0.93721 -0.740901 0.413139
0.661546 0.55308 0.567763 -0.143693 -0.134678 0.0805286 0.669714 0.550857 0.564517 -0.152087 -0.128642 0.0939842
0.777683 0.594792 0.770637 0.0592634 -0.0256632 -0.244007 0.762039 0.635032 0.78127 0.0883436 -0.00220358 -0.25221
0.579563 0.746709 0.550774 0.0995988 0.151797 0.0278612 0.610008 0.807608 0.52862 0.0781491 0.134635 0.031786
0.808812 0.663878 0.671593 -0.237571 -0.145756 0.206073 0.822013 0.675842 0.679293 -0.276102 -0.166473 0.222912
1.49951 0.236378 1.2764 -1.1152 -0.957135 -0.663272 1.57227 0.203739 1.28778 -1.11958 -0.996387 -0.665705
0.702947 0.62899 0.639025 -0.0318684 -0.0496824 0.0151523 0.716632 0.638409 0.662621 -0.0312479 -0.0645652 0.0134511
0.714112 0.519314 0.690338 0.0171455 -0.0878357 -0.147938 0.721701 0.486434 0.673995 0.0326192 -0.0933726 -0.157592
0.645312 0.719006 0.631025 -0.00434628 0.0195178 0.134182 0.652793 0.738418 0.624047 0.0403663 0.0479095 0.163912
-1.5126 0.53108 -0.507998 0.919392 0.958161 0.546289 -1.47565 0.529753 -0.492763 0.861344 0.938627 0.510377
-0.494365 -0.489231 -0.503158 -1.37402 -0.646105 0.887412 -0.504652 -0.44036 -0.48902 -1.32306 -0.650411 0.848794
0.825444 0.626788 0.802061 0.00873681 -0.0873408 -0.128461 0.832353 0.607788 0.778866 0.0160261 -0.0849381 -0.158858
0.655422 0.405165 0.608526 -0.0365164 -0.0773956 -0.150422 0.627309 0.419361 0.637298 -0.0218141 -0.0768591 -0.175532
0.461553 0.766867 0.475504 0.0887669 0.145841 0.216258 0.459727 0.805084 0.485211 0.11009 0.176348 0.216102
0.497009 0.502931 0.442898 -0.149069 -0.0556894 0.183853 0.513957 0.53047 0.415284 -0.156572 -0.0611611 0.222422
0.642742 0.588698 0.54805 -0.0404274 -0.0216394 -0.0214958 0.666656 0.582865 0.536179 -0.0536179 -0.0401624 -0.0222219
-0.493987 -1.04301 0.0496694 0.124237 -0.344032 -1.6271 -0.4899 -1.02141 0.0970993 0.118897 -0.338196 -1.5875
0.575264 0.934603 0.558588 0.112865 0.184605 0.118434 0.569141 0.926729 0.565984 0.116433 0.188069 0.106171
0.405995 0.454036 0.472345 0.0143217 0.0299959 -0.0408917 0.438298 0.463752 0.468304 0.00393185 0.0161413 -0.0314548
0.88985 0.780071 0.926632 0.00541978 -0.0930891 -0.0368678 0.879367 0.772801 0.89022 0.0256548 -0.103803 -0.0219052
0.488646 0.540175 0.500743 0.0557939 0.0160024 0.0173586 0.482169 0.549839 0.487136 0.0366283 -0.00724289 0.013865
0.970088 1.08649 0.865026 -0.00666071 0.0382192 0.124706 0.97167 1.08588 0.839437 -0.0107746 0.0248795 0.135955
0.642439 0.492189 0.660541 -0.0194514 -0.0727544 -0.0840639 0.653262 0.527257 0.654464 -0.00741205 -0.0592964 -0.097158
0.460918 0.517466 0.4617 -0.013179 0.036917 -0.000923182 0.467684 0.504933 0.479686 -0.027316 0.0217287 0.00641513
0.596732 0.896296 0.625455 0.021583 0.0662933 0.316939 0.580531 0.888272 0.621911 0.0502189 0.0938089 0.309951
0.676369 0.512135 0.549446 -0.101559 -0.0853191 0.0133628 0.657889 0.499482 0.548207 -0.0933726 -0.0897029 0.00326192
0.567232 0.395102 0.531855 0.0267734 0.0234466 -0.113625 0.550252 0.415949 0.548183 0.0511141 0.0198662 -0.121887
0.647597 0.731023 0.576276 0.0440124 0.0696936 0.0814705 0.673382 0.721805 0.584811 0.0612541 0.0558737 0.0550459
0.778838 0.783928 0.782654 0.0771283 0.0601043 -0.0742279 0.79122 0.779396 0.768795 0.0984693 0.0837907 -0.0874603
0.652209 0.629656 0.650893 -0.0246997 -0.0460099 0.0426025 0.667471 0.631386 0.656258 -0.0195715 -0.0358812 0.0523947
0.364978 0.407084 0.447243 0.119162 0.0758021 -0.064762 0.379091 0.411225 0.466881 0.109212 0.0770784 -0.0726679
0.603278 0.479295 0.604173 0.0133141 -0.0478389 -0.101272 0.609776 0.439544 0.59734 0.0218141 -0.0791017 -0.108867
0.665953 0.559665 0.501334 -0.19327 -0.109963 0.174007 0.685177 0.564117 0.507002 -0.217494 -0.143202 0.165552
0.9678 0.617643 0.915043 -0.0944188 -0.19014 -0.183654 1.00981 0.555369 0.94691 -0.119931 -0.233788 -0.188716
0.654237 0.56648 0.598207 0.000198113 -0.0232628 -0.0583264 0.679356 0.581621 0.606991 -0.00831779 -0.0445002 -0.0370142
0.7381 0.499072 0.733432 0.127443 0.0261968 -0.305242 0.704946 0.450132 0.70735 0.118393 0.0120195 -0.32593
0.919256 0.752807 0.89234 -0.034658 -0.0466965 -0.0878797 0.926137 0.726622 0.898904 -0.0428237 -0.0597953 -0.131431
0.555809 0.538856 0.497201 -0.350885 -0.215905 0.312476 0.579009 0.588703 0.490754 -0.409568 -0.247397 0.377861
0.559055 0.429053 0.592236 0.276815 0.197495 -0.392426 0.555442 0.403474 0.594151 0.310491 0.20399 -0.449761
0.568012 0.518604 0.498839 -0.0719051 -0.0472144 0.0303295 0.587151 0.503989 0.48978 -0.0570435 -0.0397006 0.0346858
0.58752 0.653519 0.656584 0.120655 0.0718453 -0.0831401 0.579603 0.66319 0.659928 0.111925 0.0654424 -0.0909261
0.807135 0.750992 0.808973 0.125034 0.0244754 -0.079025 0.830751 0.721974 0.814925 0.105572 0.00100163 -0.095956
0.735369 0.482056 0.767425 0.0225305 -0.106902 -0.185883 0.746001 0.475783 0.739396 0.0146118 -0.118295 -0.175742
0.759592 0.734292 0.701708 -0.0669978 -0.0333599 0.134122 0.765244 0.768249 0.70735 -0.0661075 -0.0242394 0.136422
0.8533 0.826695 0.762038 0.0125217 0.0335002 -0.0249156 0.868011 0.824941 0.746614 -0.0226368 0.0358583 -0.00861401
0.886587 0.796399 0.820694 0.0860409 0.0216899 -0.102663 0.855883 0.792535 0.797074 0.119393 0.0199318 -0.11071
0.641823 0.598341 0.551514 -0.0710871 -0.00478524 0.0475592 0.64508 0.577048 0.542217 -0.0661986 -0.0103881 0.0515331
0.767938 0.930604 0.651038 -0.0906276 0.00819903 0.135919 0.785878 0.952749 0.656267 -0.0819332 0.0232378 0.154451
1.33228 1.10323 1.39991 0.151001 0.0761067 -0.223934 1.35649 1.10246 1.39995 0.183085 0.0803468 -0.249696
0.570888 0.508686 0.591252 0.0608336 0.0096133 -0.0235382 0.556351 0.510146 0.584284 0.0613267 0.018482 -0.0132314
0.737124 0.886918 0.740799 -0.108166 0.0368805 0.43604 0.754267 0.870462 0.742205 -0.113984 0.0239226 0.483679
0.2652 0.315811 0.230556 0.0804547 0.0285984 -0.000736979 0.259869 0.3118 0.221672 0.0785401 0.0251071 0.00815444
0.941888 0.215605 0.951491 -0.444377 -0.446658 -0.429936 0.976055 0.156288 0.956196 -0.460523 -0.500042 -0.478793
0.538695 0.732899 0.485476 -0.00842518 0.0377822 0.130002 0.568186 0.728836 0.462582 -0.00876642 0.031396 0.128846
0.870968 0.773248 0.835012 -0.100645 -0.141092 -0.0319395 0.888247 0.742804 0.830228 -0.121367 -0.155113 -0.000789377
0.702605 0.598963 0.742487 -0.0423441 -0.0519219 -0.107242 0.726797 0.600398 0.772261 -0.0617727 -0.0538217 -0.130681
0.637901 0.744426 0.530872 0.0208114 0.0448726 0.195635 0.638125 0.749488 0.530879 0.00164677 0.0421986 0.214904
0.615054 0.744282 0.632229 0.0507932 0.0745737 0.0541441 0.627717 0.739845 0.614873 0.0428128 0.0568798 0.0907223
0.42329 0.474034 0.398904 0.0466772 0.0690775 0.0905058 0.435798 0.439998 0.390853 0.0438948 0.0621668 0.0686775
0.699025 0.719572 0.650005 0.115164 0.0529828 -0.0177777 0.679092 0.725574 0.627717 0.135778 0.0680927 -0.00733933
-0.00614111 0.460167 -0.062553 -1.27389 -0.742628 1.40374 -0.112167 0.423223 -0.041771 -1.191 -0.752302 1.33561
0.871539 1.11634 0.77686 0.0197579 0.105018 0.206725 0.836457 1.18389 0.774942 0.0499089 0.123225 0.23697
0.590546 0.378505 0.568784 -0.00108117 0.00374196 -0.129186 0.593105 0.379931 0.587644 -0.0359139 -0.0113412 -0.148276
0.740979 0.82596 0.690495 -0.00995968 -0.00280129 0.198457 0.735796 0.869213 0.687117 0.000600977 0.0120195 0.219958
0.535763 0.688858 0.52506 0.0586052 0.0821261 0.1066 0.528208 0.706937 0.523167 0.0968206 0.114252 0.0951404
0.46222 0.51535 0.423962 0.00455946 0.0203124 0.028774 0.474513 0.534111 0.420501 0.0113817 0.0285577 0.0521488
0.511174 0.843199 0.576255 0.169989 0.220871 0.192352 0.501622 0.850936 0.560393 0.199904 0.253087 0.195972
0.533699 0.623272 0.496022 0.0358274 0.00867131 0.00551266 0.542489 0.631749 0.502795 0.0558661 0.00651071 0.00210023
-0.0152094 1.85248 0.498942 0.163697 0.828378 1.48544 -0.0433677 1.83863 0.48344 0.095329 0.81959 1.45991
0.606969 0.497421 0.577116 -0.121736 -0.047846 0.0088517 0.598469 0.469132 0.545079 -0.134097 -0.0415949 0.0122094
0.597566 0.567003 0.625798 0.083291 0.0786783 -0.0765483 0.575292 0.605505 0.626406 0.0898118 0.1163 -0.0761538
0.593581 0.193423 0.361463 -0.109172 -0.138587 -0.150674 0.648441 0.179208 0.363692 -0.130026 -0.17372 -0.146279
0.543644 0.634212 0.623878 0.206099 0.146772 -0.0763632 0.540733 0.624751 0.612127 0.20963 0.153756 -0.0809134
0.775958 0.891165 0.817581 0.178902 0.181949 -0.0720649 0.772892 0.906569 0.82454 0.161019 0.17783 -0.0621798
0.753361 0.542867 0.714766 0.0713381 0.0105155 -0.247557 0.771649 0.474814 0.702333 0.0578992 -0.000815481 -0.293369
0.625057 0.694344 0.610708 0.0569637 0.0403991 -0.011694 0.642961 0.683729 0.612127 0.0637374 0.0403532 -0.00186246
0.633411 0.685791 0.77464 0.291821 0.111077 -0.276654 0.596401 0.688233 0.753914 0.333879 0.140079 -0.286037
0.736242 0.98095 0.739704 0.168097 0.196628 0.0367931 0.712358 1.00143 0.728785 0.171879 0.219757 0.0468762
0.584714 0.0836375 0.671921 0.0682491 -0.190014 -0.590987 0.617851 0.0772579 0.708021 0.0670979 -0.208702 -0.619545
0.461848 0.397827 0.412535 -0.0950718 -0.083569 0.0597484 0.472029 0.380976 0.413258 -0.0645652 -0.0813273 0.064979
0.427746 1.08677 0.590025 0.300991 0.435703 0.243382 0.383927 1.14619 0.560217 0.314049 0.484949 0.272921
0.423191 0.487374 0.438914 -0.0875048 -0.0262802 0.0596534 0.459303 0.482268 0.421097 -0.090608 -0.0164932 0.0626322
0.664093 0.69807 0.722483 0.058551 0.0851199 -0.010478 0.651743 0.707394 0.730686 0.0535905 0.0805918 -0.0340093
0.578322 1.06599 0.725892 0.579087 0.346497 -0.195115 0.562648 1.08558 0.71773 0.627715 0.397586 -0.215758
0.547552 0.649593 0.50414 0.0773813 0.0517492 0.103059 0.523143 0.645445 0.482169 0.0972616 0.0602194 0.114231
0.57829 0.637305 0.513021 -0.0159497 0.02764 0.0421323 0.578788 0.630978 0.504783 -0.0236489 0.0454631 0.0697236
0.549876 0.614234 0.465756 0.0629755 0.0745699 0.0279358 0.547976 0.629096 0.441816 0.0620819 0.0807065 0.072015
0.524865 0.556387 0.549018 0.158825 0.0616903 -0.0844657 0.535567 0.566148 0.549226 0.166766 0.0905184 -0.0878681
0.734736 0.847295 0.683641 0.0767034 0.100051 0.11351 0.719322 0.881977 0.686833 0.089191 0.128303 0.123336
0.718596 0.784651 0.785397 0.237294 0.142918 -0.213027 0.712559 0.792489 0.790886 0.255015 0.162464 -0.217954
0.753459 0.871475 0.731852 0.00420846 0.0151325 0.152698 0.757025 0.847623 0.755392 0.0224455 -0.00183645 0.126919
1.07837 0.521173 1.00801 -0.407259 -0.495525 -0.44335 1.12062 0.525948 0.997745 -0.412724 -0.52516 -0.489126
0.563578 0.57851 0.556673 0.0664476 0.0332429 -0.034457 0.580923 0.594155 0.566012 0.0766584 0.045575 -0.0571262
0.700995 0.602423 0.699282 -0.00886113 -0.0462886 -0.00737896 0.707838 0.582253 0.686839 -0.00142709 -0.0760436 -0.0348618
0.494813 0.307577 0.544366 0.00911701 -0.0244396 -0.221295 0.482633 0.297182 0.577563 0.0256228 -0.0249927 -0.268199
0.516649 0.784298 0.460163 0.0280833 0.0833041 0.214205 0.545079 0.808099 0.449266 0.0233842 0.0945714 0.244396
0.810618 0.878706 0.856464 0.193843 0.139021 -0.134255 0.799901 0.867611 0.874622 0.200326 0.140829 -0.14764
0.26943 0.974864 0.443584 0.233086 0.447605 0.517064 0.245857 1.00908 0.450258 0.2672 0.511825 0.558
0.841239 0.83028 0.750602 -0.0591932 0.0347128 0.106865 0.837161 0.812721 0.7382 -0.0643046 0.0358583 0.0751221
0.749145 0.823551 0.725081 0.0678286 0.0644214 0.0410242 0.770018 0.820782 0.72904 0.0670733 0.0426089 0.0528024
0.881219 0.860587 0.745268 -0.162749 -0.0765079 0.17464 0.8608 0.851384 0.728384 -0.174484 -0.088544 0.205334
0.109869 0.589756 0.09 0.0802583 0.17771 0.185361 0.125969 0.656749 0.0473987 0.0896732 0.205608 0.229521
0.933148 0.147226 0.816287 -0.55573 -0.598571 -0.347951 0.995901 0.105479 0.846052 -0.58911 -0.640135 -0.410017
0.400627 0.399132 0.547942 -0.0646189 -0.0460624 -0.0684517 0.399155 0.394952 0.556379 -0.0342614 -0.0376244 -0.0687329
1.2207 1.01878 1.09154 -0.0496116 -0.105836 -0.0877092 1.22956 0.99207 1.07085 -0.0417162 -0.10594 -0.0906115
0.68095 0.70176 0.572168 -0.128456 -0.0217275 0.13297 0.708768 0.703181 0.569084 -0.144444 -0.0258675 0.132027
0.606787 0.679754 0.594689 -0.0157111 0.032843 0.153699 0.610058 0.706906 0.606954 0.0126233 0.0401463 0.164931
0.637956 0.592667 0.599519 0.0924185 0.0746747 -0.0708562 0.626322 0.551055 0.606515 0.100912 0.0894448 -0.100078
0.840428 0.477294 0.790425 -0.117265 -0.251066 -0.123719 0.852382 0.464416 0.774707 -0.123138 -0.242402 -0.106013
0.795933 1.05424 0.760888 0.240253 0.2406 0.120874 0.753912 1.08194 0.727817 0.249945 0.259527 0.142505
0.48282 0.535838 0.468691 -0.0122565 0.0126636 0.0621237 0.503845 0.555091 0.4547 0.0178519 0.0409545 0.0720379
0.890925 0.660839 0.63281 -0.173587 -0.155373 0.178257 0.949624 0.663642 0.594479 -0.211952 -0.189641 0.200999
-0.678421 -0.502001 -0.538661 -1.37708 -0.659941 0.848966 -0.706591 -0.500367 -0.545519 -1.3066 -0.647763 0.801672
0.708851 0.590436 0.690263 -0.0697083 -0.07511 -0.0122245 0.726979 0.572395 0.676486 -0.082362 -0.0852591 -0.013658
0.636814 0.585646 0.581317 -0.0093615 0.00298216 -0.000172131 0.620408 0.612847 0.586174 0.00483053 0.000210023 -0.00840092
0.747838 0.962299 0.655712 0.0185284 0.0802577 0.174947 0.717112 0.991326 0.643868 0.0246167 0.0825265 0.196126
0.39862 0.481743 0.493265 0.047474 0.064026 0.0786956 0.412695 0.491244 0.469401 0.0403244 0.0798087 0.106902
1.01166 0.901265 0.893926 0.00598052 -0.00322508 -0.0477855 0.976989 0.93512 0.88584 0.0140228 0.0106173 -0.0558909
0.778172 0.749722 0.658143 -0.0586646 -0.0364407 0.112527 0.771853 0.749019 0.615688 -0.0833829 -0.037716 0.138428
0.819762 1.02397 0.754562 0.0200311 0.0867249 0.212929 0.836761 1.03088 0.741205 0.0234381 0.104169 0.224565
1.09426 1.19058 0.913798 -0.081859 -0.0115934 0.178266 1.10499 1.19141 0.910213 -0.0911192 -0.0146967 0.19184
-0.678471 -1.08256 0.0419768 0.0894644 -0.34342 -1.61418 -0.711801 -1.10558 0.0568747 0.0872657 -0.324316 -1.52823
0.748827 0.614603 0.652167 -0.0991329 -0.0541321 0.0404068 0.775196 0.600953 0.621647 -0.137201 -0.0585639 0.0900187
0.856013 1.03085 0.842114 0.071576 0.184147 0.136268 0.83538 1.0373 0.81024 0.125307 0.214784 0.160543
0.792756 1.17352 0.778669 0.0765259 0.189006 0.299652 0.789592 1.21163 0.753729 0.0566684 0.2132 0.350313
0.786096 1.02866 0.738407 -0.0950873 0.0640298 0.393855 0.775321 1.03295 0.718654 -0.11475 0.0631428 0.453131
0.618101 0.592214 0.538072 0.103402 0.0539225 -0.071782 0.582814 0.64393 0.55152 0.105852 0.0491454 -0.0684675
0.586969 0.573184 0.572978 -0.0118092 -0.0443956 0.057986 0.594143 0.593097 0.566946 -0.0115063 -0.0253138 0.0587867
0.590412 1.08148 0.46457 -0.0897669 0.112599 0.596031 0.607347 1.15463 0.475042 -0.0974029 0.130885 0.656049
0.489643 0.484008 0.44859 -0.0460718 -0.0419041 0.0358018 0.481373 0.517496 0.443148 -0.0409545 -0.0308734 0.0478852
0.732747 0.669599 0.692082 -0.0721393 -0.0467883 0.034387 0.734394 0.662678 0.698335 -0.0727182 -0.0556905 0.0406661
1.44368 1.54694 1.33177 -0.105904 -0.00645986 0.235605 1.42687 1.53471 1.34101 -0.109144 -0.00763632 0.231325
0.664924 0.680448 0.684235 0.0458534 0.0744317 -0.065828 0.656412 0.694696 0.6978 0.0833967 0.0831897 -0.0873285
0.706164 0.62978 0.851153 0.137442 0.000579582 -0.238196 0.682211 0.641899 0.885427 0.142644 0.00847595 -0.275158
0.431857 0.444844 0.384587 -0.11738 -0.0612858 0.0591581 0.471501 0.45827 0.416895 -0.123073 -0.0875795 0.0789686
1.20858 1.12423 1.00232 -0.156387 -0.13547 0.242423 1.19946 1.13256 1.02876 -0.151166 -0.131826 0.241155
0.686626 0.636467 0.656929 -0.119762 -0.0834124 0.111709 0.699071 0.607941 0.670325 -0.129254 -0.0846062 0.103566
0.978397 0.706246 1.13197 0.156638 0.0743878 -0.502133 1.00152 0.693665 1.13552 0.15156 0.065321 -0.527896
0.920612 0.567616 0.761513 -0.0866943 -0.126281 -0.178774 0.905184 0.540052 0.744738 -0.0837907 -0.146583 -0.199181
0.803832 0.683411 0.756083 -0.0705874 -0.0798985 0.0543847 0.795062 0.69987 0.728634 -0.0773954 -0.0738775 0.0701525
0.770939 0.568332 0.760919 -0.0586719 -0.130022 -0.0764689 0.782025 0.585225 0.752433 -0.0655999 -0.150859 -0.0573223
0.534305 0.514403 0.575766 -0.0203538 0.0349068 -0.0173095 0.55131 0.519597 0.591425 -0.0168018 0.0241526 -0.0443148
0.942666 0.741137 0.744795 -0.129078 -0.122759 0.0155424 0.93393 0.712119 0.717012 -0.153514 -0.143932 0.0434244
0.860653 0.845844 0.749368 -0.0723014 0.0292897 0.121299 0.870938 0.889478 0.710808 -0.0774168 0.0256698 0.15463
0.605227 0.692613 0.612983 0.111114 0.102355 -0.100699 0.615232 0.692627 0.592054 0.145685 0.127682 -0.100987
0.557326 0.36532 0.530688 0.0173145 -0.0317751 -0.137885 0.557191 0.383712 0.516656 0.0165918 -0.0373841 -0.126644
0.970481 0.586649 0.815081 -0.226822 -0.200904 -0.00903472 1.00942 0.555009 0.802315 -0.249346 -0.225268 -0.00346881
0.627296 -0.845593 1.61487 0.140962 -0.466867 -2.14641 0.597864 -0.801992 1.64713 0.121357 -0.490406 -2.11742
0.626419 0.391476 0.650489 0.0439767 -0.036109 -0.211268 0.632169 0.358089 0.678164 0.0289832 -0.0562861 -0.215063
0.777354 0.707939 0.833815 0.0836305 0.0935783 -0.131218 0.785104 0.731894 0.863798 0.0778784 0.0852178 -0.120691
0.88013 0.962237 0.754189 -0.00374613 0.0751714 0.125818 0.904572 0.953501 0.736991 -0.00815481 0.0823636 0.132312
0.52712 0.619008 0.4929 -0.0174668 0.0625712 0.12145 0.55278 0.64519 0.498174 -0.00924101 0.063847 0.147856
0.642714 0.576313 0.511827 -0.187843 -0.105729 0.0108538 0.695223 0.54935 0.51252 -0.213533 -0.135527 0.023381
0.742666 0.579639 0.65589 -0.0836558 -0.0757599 -0.08374 0.763193 0.544872 0.649997 -0.0728427 -0.0966408 -0.0941575
1.0245 0.701379 0.918721 -0.1815 -0.179244 -0.133299 1.04692 0.68233 0.915404 -0.198686 -0.192452 -0.154042
0.574788 0.68858 0.640244 0.0589576 0.0784902 -0.00624396 0.583363 0.695317 0.634684 0.0833967 0.106781 -0.00703595
0.694288 0.810525 0.596379 0.015879 0.0575456 0.169537 0.677727 0.813687 0.614404 0.0198662 0.0426296 0.170311
0.493378 0.417133 0.461781 -0.0771285 -0.0662759 0.0497872 0.514976 0.432647 0.452599 -0.0896798 -0.0741381 0.0693076
0.83547 0.489732 0.826317 -0.0186989 -0.105579 -0.296687 0.812831 0.483988 0.811811 -0.0256877 -0.10377 -0.318853
0.701713 0.676164 0.681409 -0.136731 -0.0876987 0.154846 0.675218 0.676849 0.694994 -0.159834 -0.0862371 0.157592
0.726186 0.67956 0.660705 -0.0209038 -0.0583671 0.00954706 0.748522 0.677954 0.654431 -0.0291932 -0.0577563 0.0312934
0.809181 0.606917 0.696811 -0.052601 -0.102266 -0.0731955 0.814101 0.594745 0.713321 -0.0653929 -0.111747 -0.0854661
0.574711 0.726404 0.636065 0.191606 0.139597 -0.0464352 0.564313 0.745757 0.618135 0.176756 0.143117 -0.0134554
1.08385 0.694036 1.14357 -0.0707155 -0.229767 -0.261865 1.08274 0.70194 1.18959 -0.0594696 -0.244024 -0.293582
0.75868 0.74165 0.726138 0.0715015 0.0425016 -0.0833067 0.727613 0.732302 0.722312 0.0791017 0.0456669 -0.0943919
0.791614 1.03666 0.675342 -0.0743077 0.0200537 0.275502 0.774707 1.07664 0.662171 -0.0670733 0.0293573 0.297651
0.639869 0.50971 0.545311 -0.0118117 -0.0257602 -0.0379132 0.656532 0.492924 0.55278 -0.00945103 -0.0319235 -0.0491454
0.677395 0.442701 0.628657 -0.153734 -0.0984678 -0.0626972 0.681452 0.445127 0.642548 -0.15417 -0.114231 -0.0432504
0.512245 0.651107 0.506872 0.0631934 0.069047 0.118192 0.530179 0.657861 0.489412 0.0624958 0.0614611 0.119404
0.848183 0.641731 0.706947 -0.124637 -0.0903575 0.0250903 0.857351 0.616059 0.706285 -0.127475 -0.0848453 0.030834
0.652547 0.592142 1.042 0.490873 0.157813 -0.685697 0.701222 0.58259 1.07347 0.519387 0.148738 -0.731926
0.842623 0.661722 0.853401 0.0454465 0.0236113 -0.153307 0.85135 0.65724 0.861283 0.0310409 -0.00124164 -0.162241
1.81072 0.50796 1.76272 -1.22073 -1.1556 -0.725957 1.78992 0.519909 1.76891 -1.17657 -1.18376 -0.702735
0.685633 1.63019 1.7581 1.30341 0.761012 -1.13402 0.704393 1.60414 1.77186 1.26245 0.794147 -1.12552
0.775416 0.585185 0.788753 -0.0300705 -0.182557 -0.177431 0.801618 0.567167 0.804268 -0.0546372 -0.206928 -0.173086
1.09561 0.393892 1.01021 -0.131964 -0.277832 -0.66516 1.16142 0.32523 1.03226 -0.127537 -0.304751 -0.788542
0.661763 0.94881 0.694213 0.0829829 0.15739 0.181167 0.636753 0.978411 0.725116 0.0749121 0.169277 0.173415
0.556548 0.739726 0.63911 0.243192 0.167226 -0.0587914 0.55047 0.744111 0.630699 0.253498 0.18566 -0.0497754
0.707426 0.612627 0.643297 0.00949978 -0.0625042 -0.0811833 0.713321 0.575085 0.613369 0.0153135 -0.0504933 -0.0465614
0.636428 0.57528 0.603144 0.0363828 0.00867162 -0.0641835 0.634479 0.565172 0.614947 0.0382242 0.00693076 -0.072878
0.741427 0.526973 0.705893 -0.137393 -0.134215 -0.0746102 0.76071 0.505554 0.711045 -0.131614 -0.139063 -0.065186
0.657112 0.509234 0.607233 -0.121723 -0.0909947 0.023315 0.667602 0.525024 0.606797 -0.107143 -0.0909985 0.000838696
0.501857 0.734386 0.53838 0.162897 0.193436 0.190388 0.538037 0.771418 0.530468 0.185023 0.191961 0.247257
0.681551 0.589287 0.622728 -0.0477572 -0.0776219 -0.00639287 0.683835 0.592265 0.629439 -0.0514556 -0.0779185 -0.0216324
0.65484 0.367166 0.580064 0.0658839 -0.020713 -0.171223 0.675454 0.311443 0.552796 0.0757226 -0.0281613 -0.157912
-0.461464 -1.06394 0.0584656 0.134175 -0.345415 -1.62446 -0.467259 -1.03183 0.10071 0.125661 -0.343866 -1.61681
0.65581 0.643463 0.566432 -0.00403805 -0.0507522 0.0211927 0.659472 0.649601 0.572312 0.0102911 -0.0449449 0.00777085
0.766814 0.605907 0.773955 0.00158338 -0.024877 -0.0823238 0.788184 0.587777 0.756127 -0.00806591 -0.0438454 -0.0765227
0.67204 0.494626 0.64037 -0.0371769 -0.04851 -0.0314102 0.676484 0.510986 0.649391 -0.0413745 -0.0569162 -0.0472552
0.75917 0.717692 0.715162 0.0838294 0.0633748 -0.0537122 0.729856 0.717419 0.704372 0.0952074 0.0844023 -0.0621804
0.668202 0.777169 0.628575 0.125215 0.0890255 -0.000577933 0.672073 0.778345 0.646661 0.0972406 0.100811 0.0350738
0.690575 0.767759 0.651807 0.0372939 0.0402872 0.0797804 0.686775 0.746001 0.654641 0.0396943 0.027513 0.0722479
0.700912 0.574189 0.48538 -0.265046 -0.134663 0.297717 0.718278 0.576723 0.479272 -0.267989 -0.149746 0.301383
0.782479 0.800304 0.767607 -0.0281749 -0.0339925 -0.00350292 0.813687 0.781197 0.767953 -0.030834 -0.0349728 0.00496655
0.58649 0.49876 0.547463 -0.116456 -0.0752632 0.0227237 0.605286 0.489773 0.535978 -0.110262 -0.0743481 0.018692
0.561025 0.510478 0.579502 -0.0103269 -0.0186159 -0.0229245 0.579453 0.498594 0.558031 -0.000210023 -0.0310834 -0.0588064
0.657685 0.412529 0.62364 -0.0372265 -0.139514 -0.134278 0.696436 0.404294 0.649601 -0.0382242 -0.143446 -0.166128
0.691307 0.672495 0.654551 0.0353327 0.0341909 0.0648034 0.700846 0.688665 0.63742 0.0514556 0.0533458 0.082329
0.373861 0.910548 0.390972 -0.0327375 0.213695 0.621533 0.392975 0.95467 0.364257 -0.0557472 0.209474 0.70233
0.871875 0.720466 0.712667 -0.0592208 -0.0567111 -0.0370648 0.883626 0.640946 0.721703 -0.0619479 -0.0821883 -0.0729881
0.51656 0.485914 0.564533 0.0866688 0.0125022 -0.0683238 0.482423 0.467511 0.585334 0.100181 0.00672073 -0.0777085
0.592198 0.649891 0.514082 -0.0544393 -0.0189743 0.0855912 0.598355 0.675644 0.508675 -0.0623768 -0.0241526 0.0835891
0.645621 0.747409 0.805914 0.0182243 0.0514068 0.0465636 0.64423 0.734748 0.79489 0.0234451 0.0366966 0.0554527
0.756444 0.527459 0.700737 -0.107814 -0.119306 -0.107607 0.768781 0.514866 0.714356 -0.130579 -0.132648 -0.107609
0.734159 0.814505 0.710931 0.0738923 0.0690054 -0.0174354 0.730911 0.817412 0.704836 0.0827759 0.0819481 -0.0289715
0.182748 1.83489 1.14308 1.48797 1.18492 -0.566126 0.177681 1.82658 1.15731 1.50176 1.20609 -0.598484
0.616748 0.813469 0.587206 0.113315 0.148642 0.135179 0.625868 0.811739 0.596045 0.118873 0.152687 0.132524
0.43047 0.827313 0.038149 -1.64902 -1.07388 1.40316 0.324173 0.725211 0.12992 -1.54003 -1.11643 1.29335
0.723332 0.731549 0.66371 0.0335438 0.0336398 0.0132913 0.704627 0.707987 0.675224 0.0319235 0.045995 -0.00315034
0.430619 1.11272 0.466297 0.0168092 0.330672 0.58473 0.423779 1.13641 0.466805 0.0233925 0.331672 0.608831
0.56778 0.565103 0.535353 -0.0949416 -0.0515192 -0.00300694 0.605496 0.557191 0.545219 -0.132944 -0.0837991 0.0289832
0.626722 0.646715 0.535037 -0.103445 -0.0172547 0.127787 0.626708 0.650441 0.518337 -0.102491 -0.0243627 0.134205
0.768375 0.871683 0.637201 -0.0167225 0.0414128 0.233388 0.754192 0.879156 0.64435 -0.00987108 0.0535558 0.251397
0.643143 0.91811 0.722486 0.0295596 0.130276 0.0983311 0.610265 0.90205 0.6978 0.0140719 0.146099 0.0883632
0.674272 0.823868 0.73616 0.056099 0.0974589 0.05019 0.652589 0.853605 0.729448 0.064423 0.120691 0.0788978
0.780172 0.647791 0.61475 -0.241018 -0.160127 0.178092 0.795777 0.626708 0.593945 -0.247617 -0.174529 0.172219
0.991008 0.971332 1.00853 0.00677691 -0.0203368 -0.0690835 1.0177 0.951002 0.998562 -0.0017761 -0.0436131 -0.109723
0.648962 0.662843 0.542551 -0.106891 -0.0955167 0.0607309 0.64057 0.667453 0.540179 -0.105011 -0.09178 0.0856894
0.910653 0.707719 0.76873 -0.0485233 -0.0978079 -0.051234 0.932359 0.682209 0.766214 -0.0808943 -0.151832 -0.0643006
0.843863 0.680062 0.778312 0.0775784 -0.0286544 -0.154777 0.855411 0.659427 0.769642 0.0758247 -0.0153307 -0.154964
0.826303 0.627252 0.743739 -0.00296694 -0.0715533 -0.116154 0.820139 0.609906 0.751042 -0.00126014 -0.0682574 -0.119923
0.680478 0.515171 0.720161 0.0847652 0.0110522 -0.180938 0.683415 0.54837 0.745161 0.109842 0.0342337 -0.18503
0.721731 0.677114 0.671838 0.063529 0.0420744 -0.0794668 0.719328 0.650861 0.64183 0.0451549 0.0380141 -0.0399044
0.851956 0.544739 0.912402 0.042056 -0.0580092 -0.365762 0.854454 0.518798 0.947163 0.0401463 -0.0778093 -0.385942
0.686748 0.551899 0.487551 -0.298789 -0.105431 0.160933 0.705677 0.536399 0.480952 -0.307474 -0.131054 0.177889
0.665072 0.507304 0.570575 0.0663104 -0.0297108 -0.166625 0.659892 0.532198 0.593105 0.0774985 -0.0128114 -0.159617
0.731189 1.20081 0.612739 -0.118086 0.154389 0.645325 0.736852 1.23353 0.58409 -0.122945 0.168896 0.713366
0.687423 0.836275 0.612929 0.0435423 0.0187563 0.0830138 0.668041 0.849853 0.624373 0.0600439 0.0501766 0.0835577
0.794818 0.886965 0.822267 0.0937393 0.131438 0.0546107 0.776851 0.91219 0.789475 0.106367 0.163896 0.0639443
0.677443 0.44385 0.658796 -0.101848 -0.0813522 -0.121038 0.685305 0.452599 0.674384 -0.0934602 -0.0964005 -0.140925
0.833685 1.00879 0.784713 0.0346785 0.13494 0.10579 0.839384 1.03606 0.768604 0.0681351 0.165761 0.105965
0.784188 0.889686 0.623212 -0.149594 -0.0587088 0.261862 0.798166 0.941782 0.622888 -0.169691 -0.0790509 0.283507
0.593186 0.212136 0.720113 0.161081 -0.13475 -0.565806 0.636485 0.183699 0.751747 0.180097 -0.153612 -0.648986
0.803631 0.803905 0.803737 0.0931215 0.0991228 0.0217787 0.814101 0.795062 0.777886 0.0931228 0.110713 0.0320756
0.621769 0.702161 0.624577 0.108302 0.107395 -0.00248215 0.612847 0.722479 0.615577 0.115093 0.123703 0.0237326
0.898118 0.881407 0.850755 0.0625243 0.0622784 -0.0264913 0.886943 0.902257 0.843279 0.0691178 0.0562876 -0.0237981
1.66544 1.03009 1.55368 0.0284628 -0.236367 -0.42193 1.67227 0.98974 1.5686 0.0593995 -0.243462 -0.466495
0.97587 0.771863 0.859627 -0.132457 -0.109412 -0.0696883 0.989777 0.796107 0.871721 -0.132685 -0.10178 -0.0469753
0.00304262 1.23538 0.452087 0.455989 0.844108 0.69697 -0.00825564 1.28829 0.42434 0.496577 0.882528 0.710398
0.940465 1.14092 0.809796 -0.331976 -0.186446 0.555194 0.956278 1.15759 0.784447 -0.349518 -0.195455 0.652797
0.439252 0.465619 0.497548 0.104544 0.114727 -0.0871397 0.467301 0.451969 0.516446 0.102701 0.125384 -0.09199
0.833227 0.63274 0.806058 -0.03716 -0.109964 -0.0991835 0.866079 0.617619 0.818506 -0.0511047 -0.118829 -0.0945229
1.04873 0.812773 0.935382 -0.0355669 -0.075597 0.00378313 1.03893 0.824872 0.956507 -0.0336264 -0.0844761 0
-0.27234 -0.0073628 -0.461823 -1.30946 -0.825244 1.2467 -0.389689 -0.0376533 -0.41033 -1.26706 -0.818845 1.19765
0.725548 0.579235 0.681097 0.00913424 -0.0207281 -0.179614 0.738441 0.54984 0.698116 -0.00714078 -0.0176419 -0.193011
0.840251 0.729685 0.734601 -0.154895 -0.133772 0.0936727 0.82371 0.73109 0.748522 -0.165708 -0.138195 0.0966105
0.720784 0.822563 0.655933 0.0120256 0.0342603 0.130784 0.73487 0.832741 0.629649 0.00882096 0.0333936 0.139665
0.725601 1.07073 0.47816 -0.214831 0.00726766 0.761286 0.730038 1.121 0.455495 -0.235322 0.00850812 0.881939
0.759768 0.533135 0.63979 -0.241836 -0.193937 0.0895435 0.759023 0.518967 0.625028 -0.240476 -0.202462 0.0947203
0.910685 0.756024 0.721101 -0.21219 -0.194503 0.126249 0.914673 0.751191 0.717667 -0.230324 -0.194316 0.125405
0.817571 0.664906 0.720992 -0.0721539 -0.0869153 -0.0200424 0.803968 0.653381 0.710508 -0.0903099 -0.0858994 -0.0239426
0.544983 -0.517476 0.923582 -0.110324 -0.513729 -1.38066 0.561525 -0.55447 0.969699 -0.108113 -0.486613 -1.45445
0.804865 0.488281 1.12174 0.373164 0.00111161 -0.792779 0.83689 0.498759 1.1494 0.405424 0.00520843 -0.862932
0.731462 0.857805 0.734741 0.158542 0.143121 -0.0342377 0.721429 0.854583 0.741801 0.153317 0.132314 -0.0281431
0.748042 0.82964 0.676312 -0.0339609 -0.0163533 0.198192 0.77085 0.836657 0.700491 -0.0235911 -0.0281438 0.206319
1.12163 0.380578 1.13579 -0.101151 -0.300961 -0.760612 1.15554 0.328089 1.16002 -0.0788147 -0.335217 -0.837024
0.486943 0.742344 0.489207 -0.00666959 0.118509 0.0380894 0.491284 0.737138 0.475812 -0.0139882 0.101097 0.0459916
0.862682 0.802636 0.878938 0.115142 0.0710631 -0.134946 0.857613 0.768838 0.863807 0.107976 0.0660655 -0.143486
0.375147 -0.787512 1.65823 0.430154 -0.457475 -2.26327 0.301352 -0.769289 1.7218 0.393067 -0.498093 -2.24506
1.16254 1.86734 1.11919 0.00814091 0.290558 0.742787 1.15254 1.94384 1.13074 0.0441738 0.325471 0.802396
0.772205 0.686514 0.744217 -0.0226409 -0.0217598 0.0218401 0.770994 0.663672 0.7334 -0.00882096 -0.00693076 -0.000420046
1.08786 1.39868 0.869858 -1.01539 -0.575408 0.98497 1.05515 1.39674 0.884061 -0.970367 -0.63851 0.959292
0.81553 0.822409 0.768533 0.0406529 0.0502308 0.0314284 0.785906 0.783385 0.749152 0.0321335 0.0438948 0.0497754
1.29484 1.35335 0.962022 -0.149796 -0.0832935 0.280121 1.30632 1.37056 0.936753 -0.13827 -0.0812779 0.294167
0.707562 0.47322 1.86685 1.0837 0.108539 -1.87377 0.704381 0.434848 1.83802 1.07314 0.131373 -1.89692
0.816111 0.645791 0.791993 0.0182183 0.0205264 -0.170441 0.81686 0.64978 0.821651 0.036666 0.0447908 -0.213329
0.878496 0.871308 0.901284 0.0094061 -5.89493e-05 -0.126836 0.870802 0.879286 0.888185 -0.00682901 -0.0227634 -0.110092
0.72885 0.515518 0.946699 0.373622 0.0984911 -0.618093 0.774177 0.480495 0.997517 0.394707 0.0759774 -0.670438
-0.637924 -0.486469 -0.541024 -1.40924 -0.68978 0.886122 -0.688021 -0.480583 -0.550327 -1.33949 -0.672548 0.830873
1.30038 -0.318887 2.25465 -0.338163 -0.652408 -2.00604 1.26304 -0.418864 2.38096 -0.442767 -0.593391 -2.0228
-0.637535 -1.10841 0.0772196 0.1064 -0.351139 -1.65856 -0.684657 -1.11904 0.0888059 0.0959821 -0.336834 -1.5846
0.748087 0.717794 0.673391 -0.0678383 0.012676 0.0147782 0.719118 0.690975 0.667873 -0.0760283 0.0136515 0.0529258
0.807667 0.88609 0.869654 0.0842644 0.110121 -0.0859164 0.816584 0.90743 0.895014 0.108229 0.130579 -0.0970547
0.969215 -0.45619 2.4281 0.181316 -0.596425 -2.42277 0.810728 -0.463774 2.3911 0.135511 -0.532892 -2.21471
0.585506 1.15601 0.609411 0.0460682 0.234179 0.494347 0.592474 1.21172 0.581148 0.0704297 0.287485 0.577853
1.00435 1.21643 0.672535 -0.44371 -0.162319 0.853128 1.03758 1.23232 0.621225 -0.516205 -0.203009 0.966051
0.749673 0.858054 0.721534 0.0482119 0.0507258 0.0192935 0.749362 0.830431 0.709667 0.0596465 0.0621668 0.0203722
0.814585 0.73198 0.786007 0.00770266 -0.0597194 0.0161647 0.804388 0.707357 0.789266 0.036544 -0.0667873 -0.0130214
0.772318 1.04904 0.598565 -0.29785 -0.133443 0.567115 0.767677 1.04985 0.577418 -0.334251 -0.142746 0.642774
0.848322 0.972537 0.845641 0.0407683 0.0998838 0.0194745 0.856683 0.961065 0.846602 0.0323435 0.073298 0.027093
0.84963 0.768243 0.601647 -0.247423 -0.137081 0.23418 0.867815 0.766374 0.580503 -0.289832 -0.160458 0.264629
1.04324 0.0784457 1.22239 0.0101763 -0.310087 -1.01605 1.05617 0.0601632 1.26114 0.0134849 -0.315338 -1.09124
0.698336 1.67526 1.82372 1.36416 0.804282 -1.19233 0.726317 1.65577 1.82579 1.33269 0.825317 -1.176
1.11646 0.943606 0.981504 0.0151168 -0.0688449 -0.0503859 1.12057 0.931326 0.956585 0.00875919 -0.0873882 -0.0535737
1.17314 0.887542 0.906073 -0.690644 -0.551571 0.674831 1.18149 0.881937 0.926156 -0.739091 -0.614177 0.707302
-1.64646 0.552522 -0.55179 0.898688 1.01652 0.535217 -1.6533 0.49829 -0.55406 0.830407 0.968353 0.494648
-0.619119 -1.12776 0.0968298 0.114371 -0.356135 -1.67655 -0.670609 -1.12519 0.0994759 0.101297 -0.343727 -1.61165
0.888081 1.29462 0.68777 -0.123151 0.0759432 0.565713 0.84031 1.38568 0.695752 -0.15059 0.090271 0.575737
0.863847 0.965771 0.78888 -0.0215515 0.0948461 0.177121 0.82707 1.00055 0.761123 -0.0300333 0.101231 0.18629
-0.13093 1.63428 0.345311 0.734717 0.97661 0.612627 -0.167708 1.63609 0.391803 0.753436 1.05556 0.620061
0.544724 0.978482 1.14975 0.995613 0.520292 -0.861769 0.525064 1.01021 1.19895 1.06323 0.570508 -0.920347
0.94611 3.02663 1.1846 -0.447227 0.338574 1.64476 1.01821 3.03181 1.2762 -0.432768 0.349731 1.69869
1.3806 1.14122 1.2581 -0.0639463 -0.176504 -0.042663 1.41841 1.11758 1.26193 -0.0551918 -0.173056 -0.0319425
1.111 1.25556 1.02578 0.0785106 0.132344 0.0495297 1.12116 1.28621 0.971687 0.0940538 0.154936 0.0744339
0.37886 2.35118 1.10132 1.04769 1.22025 0.310125 0.351212 2.35919 1.08242 1.00399 1.22654 0.3062
1.07698 0.197417 1.31769 -0.0674024 -0.280943 -0.879184 1.10231 0.156935 1.35286 -0.0812888 -0.311154 -0.935553
1.66431 1.95562 1.38688 -0.166929 0.078015 0.717912 1.70327 1.99006 1.35341 -0.168698 0.087416 0.810899
1.70632 1.02893 1.81723 0.014452 -0.301103 -0.767195 1.74306 0.996088 1.87197 0.032519 -0.324997 -0.884982
1.84523 0.592115 2.24357 0.203628 -0.352031 -1.56796 1.88191 0.495026 2.29482 0.233341 -0.365007 -1.67124
0.841556 2.20789 1.15399 0.417121 0.756736 0.709616 0.774052 2.2367 1.14575 0.459716 0.788983 0.720222
1.11114 1.23118 0.720756 -1.08152 -0.723854 1.11539 1.11831 1.25471 0.731623 -1.1429 -0.771718 1.16419
0.89593 -0.365118 1.31673 0.0449213 -0.422698 -1.42363 0.905958 -0.395233 1.36771 0.0390032 -0.401517 -1.50054
1.13999 1.06161 2.21216 0.96501 0.260096 -1.48074 1.1419 0.946738 2.1805 0.986857 0.299019 -1.48291
0.0962415 1.16633 0.428041 0.715912 0.829217 0.148134 0.0857844 1.20185 0.437781 0.77314 0.871889 0.166815
0.165261 1.84712 0.543556 0.706633 1.00872 0.639145 0.105711 1.86631 0.546904 0.750612 1.08797 0.675342
0.955555 2.02239 2.37083 1.33239 0.967256 -1.26923 0.97791 2.04795 2.375 1.31614 0.938246 -1.25033
1.82201 0.894926 1.56392 -0.65961 -0.689679 -0.236371 1.86595 0.883723 1.54942 -0.680311 -0.74678 -0.261273
0.403128 2.27355 1.0643 1.14921 1.33679 0.107536 0.385999 2.29943 1.086 1.14636 1.3582 0.134912
1.60075 0.0731224 2.28647 -0.0239447 -0.591936 -1.85593 1.57986 -0.0200945 2.3973 -0.00487731 -0.546259 -1.96341
0.870024 -0.26273 2.12992 0.148457 -0.570214 -1.9815 0.764629 -0.306537 2.10706 0.127169 -0.560674 -1.83136
0.972484 2.06517 2.42078 1.38146 0.988392 -1.30997 0.98769 2.07134 2.40693 1.34273 0.969892 -1.28273
0.569822 2.41503 1.15419 0.943129 1.27853 0.358088 0.556774 2.43004 1.12842 0.937535 1.27972 0.360869
-0.387609 2.01672 0.345536 0.790456 1.47227 0.689189 -0.439054 2.02416 0.324032 0.726498 1.44642 0.663181
1.31739 -0.402527 2.09247 -0.309835 -0.710869 -1.8943 1.25548 -0.410988 2.08441 -0.288387 -0.634697 -1.88158
2.2141 0.855659 2.43977 -1.35738 -1.45588 -0.807911 2.20124 0.888019 2.43833 -1.33091 -1.43875 -0.791917
1.38943 -0.294884 2.13416 -0.0124457 -0.527718 -1.91933 1.35605 -0.275415 2.18039 -0.0494771 -0.499655 -1.92791
0.997428 3.26285 1.32866 -0.504517 0.408118 1.91934 0.99595 3.24114 1.33638 -0.49996 0.394297 1.85429
0.753426 2.48072 0.965462 -0.183686 0.650867 1.52325 0.744066 2.50092 0.961076 -0.223321 0.623753 1.55144
1.31567 -0.279893 2.03387 -0.304628 -0.601866 -1.77909 1.28889 -0.285506 2.09456 -0.295635 -0.584095 -1.80694
-0.103041 2.79961 1.00307 1.13637 1.91641 0.569609 -0.116112 2.79018 0.917982 1.02112 1.84399 0.55606
1.58125 0.167206 2.65887 -0.276704 -0.780041 -1.82697 1.56693 0.157542 2.70406 -0.238534 -0.76549 -1.83455
1.68641 0.106096 3.12279 0.103416 -0.662769 -2.36983 1.59684 0.110726 3.14902 0.127294 -0.615257 -2.2915
1.31632 2.71702 1.43452 -0.724198 -0.160707 1.96699 1.31389 2.79171 1.4301 -0.683501 -0.120207 1.93489
1.87726 -0.126876 3.56788 -0.242224 -0.804314 -2.47797 1.73525 -0.113342 3.55711 -0.255361 -0.700731 -2.34039
1.27571 3.50125 1.63297 -0.679031 0.1808 2.04667 1.25891 3.45962 1.64521 -0.654565 0.154946 1.84255
1.04904 3.19785 1.35674 -0.667709 0.426128 1.91515 1.03051 3.14392 1.38805 -0.685703 0.388778 1.78957
1.36532 -0.134411 3.49529 0.754793 -0.430866 -2.87547 1.27468 -0.15484 3.42542 0.635941 -0.51362 -2.74921
2.25828 0.370014 5.25589 0.386005 -0.687704 -3.1957 2.28152 0.40034 5.36371 0.335137 -0.68149 -3.06832
